  0
SECTION
  2
HEADER
  9
$ANGBASE
  50
0.0
  9
$ANGDIR
  70
1
  9
$MEASUREMENT
  70
0
  0
ENDSEC
  0
SECTION
  2
TABLES
  0
TABLE
  2
LTYPE
  70
4
  0
LTYPE
  5
40F
  2
CONTINUOUS
  70
0
  3
Solid line
  72
65
  73
0
  40
0.0
  0
LTYPE
  5
410
  2
DASHDOT
 70
0
  3
Dash Dot ____ _ ____ _
 72
65
 73
4
 40
2.0
 49
1.25
 49
-0.25
 49
0.25
 49
-0.25
  0
LTYPE
  5
411
  2
DASHED
 70
0
  3
Dashed __ __ __ __ __
 72
65
 73
2
 40
0.75
 49
0.5
 49
-0.25
  0
LTYPE
  5
43B
  2
DOTTED
 70
0
  3
Dotted .  .  .  .
 72
65
 73
2
 40
0.2
 49
0.0
 49
-0.2
  0
ENDTAB
  0
TABLE
  2
STYLE
  70
4
  0
STYLE
  2
KICAD
  70
0
  40
0
  41
1
  42
1
  50
0
  71
0
  3
isocp.shx
  0
STYLE
  2
KICADB
  70
0
  40
0
  41
1
  42
1
  50
0
  71
0
  3
isocp.shx
  0
STYLE
  2
KICADI
  70
0
  40
0
  41
1
  42
1
  50
15
  71
0
  3
isocp.shx
  0
STYLE
  2
KICADBI
  70
0
  40
0
  41
1
  42
1
  50
15
  71
0
  3
isocp.shx
  0
ENDTAB
  0
TABLE
  2
LAYER
  70
1
  0
LAYER
  2
BLACK
  70
0
  62
7
  6
CONTINUOUS
  0
ENDTAB
  0
ENDSEC
  0
SECTION
  2
ENTITIES
0
LINE
8
BLACK
6
CONTINUOUS
10
0.0016404724409449
20
-0.0172299212598425
11
0.0024551181102362
21
-0.0180445669291339
0
LINE
8
BLACK
6
CONTINUOUS
10
0.0024551181102362
20
-0.0180445669291339
11
0.0028960236220472
21
-0.0191089763779528
0
LINE
8
BLACK
6
CONTINUOUS
10
0.0028960236220472
20
-0.0191089763779528
11
0.0029527559055118
21
-0.0196850393700787
0
LINE
8
BLACK
6
CONTINUOUS
10
0.0029527559055118
20
-0.0196850393700787
11
0.0029527559055118
21
-0.2951339763779527
0
LINE
8
BLACK
6
CONTINUOUS
10
0.0029527559055118
20
-0.2951339763779527
11
0.042987125984252
21
-0.2742934251968504
0
LINE
8
BLACK
6
CONTINUOUS
10
0.042987125984252
20
-0.2742934251968504
11
0.0435242913385827
21
-0.2740777559055118
0
LINE
8
BLACK
6
CONTINUOUS
10
0.0435242913385827
20
-0.2740777559055118
11
0.0446720078740157
21
-0.2739773622047244
0
LINE
8
BLACK
6
CONTINUOUS
10
0.0446720078740157
20
-0.2739773622047244
11
0.0457707874015748
21
-0.2743238188976378
0
LINE
8
BLACK
6
CONTINUOUS
10
0.0457707874015748
20
-0.2743238188976378
11
0.0466533464566929
21
-0.2750643700787401
0
LINE
8
BLACK
6
CONTINUOUS
10
0.0466533464566929
20
-0.2750643700787401
11
0.0471853543307087
21
-0.2760862992125984
0
LINE
8
BLACK
6
CONTINUOUS
10
0.0471853543307087
20
-0.2760862992125984
11
0.0472857480314961
21
-0.2772340157480315
0
LINE
8
BLACK
6
CONTINUOUS
10
0.0472857480314961
20
-0.2772340157480315
11
0.0469392913385827
21
-0.2783327952755906
0
LINE
8
BLACK
6
CONTINUOUS
10
0.0469392913385827
20
-0.2783327952755906
11
0.0461987401574803
21
-0.2792153543307087
0
LINE
8
BLACK
6
CONTINUOUS
10
0.0461987401574803
20
-0.2792153543307087
11
0.0457139763779528
21
-0.2795316929133858
0
LINE
8
BLACK
6
CONTINUOUS
10
0.0457139763779528
20
-0.2795316929133858
11
0.0120669291338583
21
-0.2970472440944882
0
LINE
8
BLACK
6
CONTINUOUS
10
0.0120669291338583
20
-0.2970472440944882
11
0.7879330708661417
21
-0.2970472440944882
0
LINE
8
BLACK
6
CONTINUOUS
10
0.7879330708661417
20
-0.2970472440944882
11
0.7542860236220472
21
-0.2795316929133858
0
LINE
8
BLACK
6
CONTINUOUS
10
0.7542860236220472
20
-0.2795316929133858
11
0.7538012204724409
21
-0.2792153543307087
0
LINE
8
BLACK
6
CONTINUOUS
10
0.7538012204724409
20
-0.2792153543307087
11
0.7530606692913385
21
-0.2783327952755906
0
LINE
8
BLACK
6
CONTINUOUS
10
0.7530606692913385
20
-0.2783327952755906
11
0.7527142519685039
21
-0.2772340157480315
0
LINE
8
BLACK
6
CONTINUOUS
10
0.7527142519685039
20
-0.2772340157480315
11
0.7528146456692913
21
-0.2760862992125984
0
LINE
8
BLACK
6
CONTINUOUS
10
0.7528146456692913
20
-0.2760862992125984
11
0.7533466535433071
21
-0.2750643307086614
0
LINE
8
BLACK
6
CONTINUOUS
10
0.7533466535433071
20
-0.2750643307086614
11
0.7542292125984251
21
-0.274323779527559
0
LINE
8
BLACK
6
CONTINUOUS
10
0.7542292125984251
20
-0.274323779527559
11
0.7553279921259842
21
-0.2739773622047244
0
LINE
8
BLACK
6
CONTINUOUS
10
0.7553279921259842
20
-0.2739773622047244
11
0.7564757086614173
21
-0.2740777559055118
0
LINE
8
BLACK
6
CONTINUOUS
10
0.7564757086614173
20
-0.2740777559055118
11
0.757012874015748
21
-0.2742934251968504
0
LINE
8
BLACK
6
CONTINUOUS
10
0.757012874015748
20
-0.2742934251968504
11
0.7970472440944881
21
-0.2951339763779527
0
LINE
8
BLACK
6
CONTINUOUS
10
0.7970472440944881
20
-0.2951339763779527
11
0.7970472440944881
21
-0.0196850393700787
0
LINE
8
BLACK
6
CONTINUOUS
10
0.7970472440944881
20
-0.0196850393700787
11
0.7971039763779527
21
-0.0191089763779528
0
LINE
8
BLACK
6
CONTINUOUS
10
0.7971039763779527
20
-0.0191089763779528
11
0.7975448818897638
21
-0.0180445669291339
0
LINE
8
BLACK
6
CONTINUOUS
10
0.7975448818897638
20
-0.0180445669291339
11
0.7983595275590551
21
-0.0172299212598425
0
LINE
8
BLACK
6
CONTINUOUS
10
0.7983595275590551
20
-0.0172299212598425
11
0.799423937007874
21
-0.0167890157480315
0
LINE
8
BLACK
6
CONTINUOUS
10
0.799423937007874
20
-0.0167890157480315
11
0.8005760629921259
21
-0.0167890157480315
0
LINE
8
BLACK
6
CONTINUOUS
10
0.8005760629921259
20
-0.0167890157480315
11
0.8016404724409448
21
-0.0172299212598425
0
LINE
8
BLACK
6
CONTINUOUS
10
0.8016404724409448
20
-0.0172299212598425
11
0.8024551181102362
21
-0.0180445669291339
0
LINE
8
BLACK
6
CONTINUOUS
10
0.8024551181102362
20
-0.0180445669291339
11
0.8028960236220473
21
-0.0191089763779528
0
LINE
8
BLACK
6
CONTINUOUS
10
0.8028960236220473
20
-0.0191089763779528
11
0.8029527559055117
21
-0.0196850393700787
0
LINE
8
BLACK
6
CONTINUOUS
10
0.8029527559055117
20
-0.0196850393700787
11
0.8029527559055117
21
-0.3230874015748031
0
LINE
8
BLACK
6
CONTINUOUS
10
0.8029527559055117
20
-0.3230874015748031
11
0.8028960236220473
21
-0.3236634645669291
0
LINE
8
BLACK
6
CONTINUOUS
10
0.8028960236220473
20
-0.3236634645669291
11
0.8024551181102362
21
-0.324727874015748
0
LINE
8
BLACK
6
CONTINUOUS
10
0.8024551181102362
20
-0.324727874015748
11
0.8016404724409448
21
-0.3255425196850394
0
LINE
8
BLACK
6
CONTINUOUS
10
0.8016404724409448
20
-0.3255425196850394
11
0.8005760629921259
21
-0.3259834251968504
0
LINE
8
BLACK
6
CONTINUOUS
10
0.8005760629921259
20
-0.3259834251968504
11
0.799423937007874
21
-0.3259834251968504
0
LINE
8
BLACK
6
CONTINUOUS
10
0.799423937007874
20
-0.3259834251968504
11
0.7983595275590551
21
-0.3255425196850394
0
LINE
8
BLACK
6
CONTINUOUS
10
0.7983595275590551
20
-0.3255425196850394
11
0.7975448818897638
21
-0.324727874015748
0
LINE
8
BLACK
6
CONTINUOUS
10
0.7975448818897638
20
-0.324727874015748
11
0.7971039763779527
21
-0.3236634645669291
0
LINE
8
BLACK
6
CONTINUOUS
10
0.7971039763779527
20
-0.3236634645669291
11
0.7970472440944881
21
-0.3230874015748031
0
LINE
8
BLACK
6
CONTINUOUS
10
0.7970472440944881
20
-0.3230874015748031
11
0.7970472440944881
21
-0.3048659842519685
0
LINE
8
BLACK
6
CONTINUOUS
10
0.7970472440944881
20
-0.3048659842519685
11
0.757012874015748
21
-0.3257065748031496
0
LINE
8
BLACK
6
CONTINUOUS
10
0.757012874015748
20
-0.3257065748031496
11
0.7564757086614173
21
-0.3259222440944882
0
LINE
8
BLACK
6
CONTINUOUS
10
0.7564757086614173
20
-0.3259222440944882
11
0.7553279921259842
21
-0.3260226377952756
0
LINE
8
BLACK
6
CONTINUOUS
10
0.7553279921259842
20
-0.3260226377952756
11
0.7542292125984251
21
-0.3256762204724409
0
LINE
8
BLACK
6
CONTINUOUS
10
0.7542292125984251
20
-0.3256762204724409
11
0.7533466535433071
21
-0.3249356692913386
0
LINE
8
BLACK
6
CONTINUOUS
10
0.7533466535433071
20
-0.3249356692913386
11
0.7528146456692913
21
-0.3239137007874016
0
LINE
8
BLACK
6
CONTINUOUS
10
0.7528146456692913
20
-0.3239137007874016
11
0.7527142519685039
21
-0.3227659842519685
0
LINE
8
BLACK
6
CONTINUOUS
10
0.7527142519685039
20
-0.3227659842519685
11
0.7530606692913385
21
-0.3216672047244095
0
LINE
8
BLACK
6
CONTINUOUS
10
0.7530606692913385
20
-0.3216672047244095
11
0.7538012204724409
21
-0.3207846456692913
0
LINE
8
BLACK
6
CONTINUOUS
10
0.7538012204724409
20
-0.3207846456692913
11
0.7542860236220472
21
-0.3204683070866142
0
LINE
8
BLACK
6
CONTINUOUS
10
0.7542860236220472
20
-0.3204683070866142
11
0.7879330708661417
21
-0.3029527559055118
0
LINE
8
BLACK
6
CONTINUOUS
10
0.7879330708661417
20
-0.3029527559055118
11
0.0120669291338583
21
-0.3029527559055118
0
LINE
8
BLACK
6
CONTINUOUS
10
0.0120669291338583
20
-0.3029527559055118
11
0.0457139763779528
21
-0.3204683070866142
0
LINE
8
BLACK
6
CONTINUOUS
10
0.0457139763779528
20
-0.3204683070866142
11
0.0461987401574803
21
-0.3207846456692913
0
LINE
8
BLACK
6
CONTINUOUS
10
0.0461987401574803
20
-0.3207846456692913
11
0.0469392913385827
21
-0.3216672047244095
0
LINE
8
BLACK
6
CONTINUOUS
10
0.0469392913385827
20
-0.3216672047244095
11
0.0472857480314961
21
-0.3227659842519685
0
LINE
8
BLACK
6
CONTINUOUS
10
0.0472857480314961
20
-0.3227659842519685
11
0.0471853543307087
21
-0.3239137007874016
0
LINE
8
BLACK
6
CONTINUOUS
10
0.0471853543307087
20
-0.3239137007874016
11
0.0466533464566929
21
-0.3249356299212598
0
LINE
8
BLACK
6
CONTINUOUS
10
0.0466533464566929
20
-0.3249356299212598
11
0.0457707874015748
21
-0.3256761811023622
0
LINE
8
BLACK
6
CONTINUOUS
10
0.0457707874015748
20
-0.3256761811023622
11
0.0446720078740157
21
-0.3260226377952756
0
LINE
8
BLACK
6
CONTINUOUS
10
0.0446720078740157
20
-0.3260226377952756
11
0.0435242913385827
21
-0.3259222440944882
0
LINE
8
BLACK
6
CONTINUOUS
10
0.0435242913385827
20
-0.3259222440944882
11
0.042987125984252
21
-0.3257065748031496
0
LINE
8
BLACK
6
CONTINUOUS
10
0.042987125984252
20
-0.3257065748031496
11
0.0029527559055118
21
-0.3048659842519685
0
LINE
8
BLACK
6
CONTINUOUS
10
0.0029527559055118
20
-0.3048659842519685
11
0.0029527559055118
21
-0.3230874015748031
0
LINE
8
BLACK
6
CONTINUOUS
10
0.0029527559055118
20
-0.3230874015748031
11
0.0028960236220472
21
-0.3236634645669291
0
LINE
8
BLACK
6
CONTINUOUS
10
0.0028960236220472
20
-0.3236634645669291
11
0.0024551181102362
21
-0.324727874015748
0
LINE
8
BLACK
6
CONTINUOUS
10
0.0024551181102362
20
-0.324727874015748
11
0.0016404724409449
21
-0.3255425196850394
0
LINE
8
BLACK
6
CONTINUOUS
10
0.0016404724409449
20
-0.3255425196850394
11
0.000576062992126
21
-0.3259834251968504
0
LINE
8
BLACK
6
CONTINUOUS
10
0.000576062992126
20
-0.3259834251968504
11
-0.000576062992126
21
-0.3259834251968504
0
LINE
8
BLACK
6
CONTINUOUS
10
-0.000576062992126
20
-0.3259834251968504
11
-0.0016404724409449
21
-0.3255425196850394
0
LINE
8
BLACK
6
CONTINUOUS
10
-0.0016404724409449
20
-0.3255425196850394
11
-0.0024551181102362
21
-0.324727874015748
0
LINE
8
BLACK
6
CONTINUOUS
10
-0.0024551181102362
20
-0.324727874015748
11
-0.0028960236220472
21
-0.3236634645669291
0
LINE
8
BLACK
6
CONTINUOUS
10
-0.0028960236220472
20
-0.3236634645669291
11
-0.0029527559055118
21
-0.3230874015748031
0
LINE
8
BLACK
6
CONTINUOUS
10
-0.0029527559055118
20
-0.3230874015748031
11
-0.0029527559055118
21
-0.0196850393700787
0
LINE
8
BLACK
6
CONTINUOUS
10
-0.0029527559055118
20
-0.0196850393700787
11
-0.0028960236220472
21
-0.0191089763779528
0
LINE
8
BLACK
6
CONTINUOUS
10
-0.0028960236220472
20
-0.0191089763779528
11
-0.0024551181102362
21
-0.0180445669291339
0
LINE
8
BLACK
6
CONTINUOUS
10
-0.0024551181102362
20
-0.0180445669291339
11
-0.0016404724409449
21
-0.0172299212598425
0
LINE
8
BLACK
6
CONTINUOUS
10
-0.0016404724409449
20
-0.0172299212598425
11
-0.000576062992126
21
-0.0167890157480315
0
LINE
8
BLACK
6
CONTINUOUS
10
-0.000576062992126
20
-0.0167890157480315
11
0.000576062992126
21
-0.0167890157480315
0
LINE
8
BLACK
6
CONTINUOUS
10
0.000576062992126
20
-0.0167890157480315
11
0.0016404724409449
21
-0.0172299212598425
0
LINE
8
BLACK
6
CONTINUOUS
10
0.2712172440944882
20
-0.2303645669291338
11
0.2713152362204724
21
-0.230405157480315
0
LINE
8
BLACK
6
CONTINUOUS
10
0.2713152362204724
20
-0.230405157480315
11
0.271421062992126
21
-0.2304126771653543
0
LINE
8
BLACK
6
CONTINUOUS
10
0.271421062992126
20
-0.2304126771653543
11
0.2719616929133858
21
-0.2306195669291339
0
LINE
8
BLACK
6
CONTINUOUS
10
0.2719616929133858
20
-0.2306195669291339
11
0.275711220472441
21
-0.2324943307086614
0
LINE
8
BLACK
6
CONTINUOUS
10
0.275711220472441
20
-0.2324943307086614
11
0.2759592125984252
21
-0.2326503937007874
0
LINE
8
BLACK
6
CONTINUOUS
10
0.2759592125984252
20
-0.2326503937007874
11
0.2760311811023622
21
-0.2326802362204724
0
LINE
8
BLACK
6
CONTINUOUS
10
0.2760311811023622
20
-0.2326802362204724
11
0.2761121259842519
21
-0.2327466929133858
0
LINE
8
BLACK
6
CONTINUOUS
10
0.2761121259842519
20
-0.2327466929133858
11
0.2762011023622047
21
-0.2328026771653543
0
LINE
8
BLACK
6
CONTINUOUS
10
0.2762011023622047
20
-0.2328026771653543
11
0.2762522440944882
21
-0.2328616535433071
0
LINE
8
BLACK
6
CONTINUOUS
10
0.2762522440944882
20
-0.2328616535433071
11
0.2764786220472441
21
-0.2330474409448819
0
LINE
8
BLACK
6
CONTINUOUS
10
0.2764786220472441
20
-0.2330474409448819
11
0.2783533858267717
21
-0.2349222047244094
0
LINE
8
BLACK
6
CONTINUOUS
10
0.2783533858267717
20
-0.2349222047244094
11
0.2785391338582677
21
-0.2351485433070866
0
LINE
8
BLACK
6
CONTINUOUS
10
0.2785391338582677
20
-0.2351485433070866
11
0.2785981496062992
21
-0.2351997244094488
0
LINE
8
BLACK
6
CONTINUOUS
10
0.2785981496062992
20
-0.2351997244094488
11
0.278654094488189
21
-0.2352886614173228
0
LINE
8
BLACK
6
CONTINUOUS
10
0.278654094488189
20
-0.2352886614173228
11
0.2787205905511811
21
-0.2353696456692913
0
LINE
8
BLACK
6
CONTINUOUS
10
0.2787205905511811
20
-0.2353696456692913
11
0.2787503937007874
21
-0.2354415748031496
0
LINE
8
BLACK
6
CONTINUOUS
10
0.2787503937007874
20
-0.2354415748031496
11
0.2789064960629921
21
-0.2356896062992126
0
LINE
8
BLACK
6
CONTINUOUS
10
0.2789064960629921
20
-0.2356896062992126
11
0.2807812598425197
21
-0.2394391338582677
0
LINE
8
BLACK
6
CONTINUOUS
10
0.2807812598425197
20
-0.2394391338582677
11
0.2809881496062992
21
-0.2399797244094488
0
LINE
8
BLACK
6
CONTINUOUS
10
0.2809881496062992
20
-0.2399797244094488
11
0.2809956692913386
21
-0.2400855905511811
0
LINE
8
BLACK
6
CONTINUOUS
10
0.2809956692913386
20
-0.2400855905511811
11
0.2810362598425197
21
-0.2401835826771654
0
LINE
8
BLACK
6
CONTINUOUS
10
0.2810362598425197
20
-0.2401835826771654
11
0.2810929921259843
21
-0.2407596456692913
0
LINE
8
BLACK
6
CONTINUOUS
10
0.2810929921259843
20
-0.2407596456692913
11
0.2810929921259843
21
-0.2445091732283464
0
LINE
8
BLACK
6
CONTINUOUS
10
0.2810929921259843
20
-0.2445091732283464
11
0.2810642519685039
21
-0.2448007480314961
0
LINE
8
BLACK
6
CONTINUOUS
10
0.2810642519685039
20
-0.2448007480314961
11
0.2810698031496063
21
-0.2448785039370079
0
LINE
8
BLACK
6
CONTINUOUS
10
0.2810698031496063
20
-0.2448785039370079
11
0.2810465354330708
21
-0.2449807480314961
0
LINE
8
BLACK
6
CONTINUOUS
10
0.2810465354330708
20
-0.2449807480314961
11
0.2810362598425197
21
-0.2450852362204724
0
LINE
8
BLACK
6
CONTINUOUS
10
0.2810362598425197
20
-0.2450852362204724
11
0.2810063779527559
21
-0.2451572834645669
0
LINE
8
BLACK
6
CONTINUOUS
10
0.2810063779527559
20
-0.2451572834645669
11
0.2809414566929134
21
-0.2454429527559055
0
LINE
8
BLACK
6
CONTINUOUS
10
0.2809414566929134
20
-0.2454429527559055
11
0.2790666929133858
21
-0.2510672047244095
0
LINE
8
BLACK
6
CONTINUOUS
10
0.2790666929133858
20
-0.2510672047244095
11
0.2788307086614173
21
-0.2515957874015748
0
LINE
8
BLACK
6
CONTINUOUS
10
0.2788307086614173
20
-0.2515957874015748
11
0.278761220472441
21
-0.2516758661417323
0
LINE
8
BLACK
6
CONTINUOUS
10
0.278761220472441
20
-0.2516758661417323
11
0.2787206299212598
21
-0.251773937007874
0
LINE
8
BLACK
6
CONTINUOUS
10
0.2787206299212598
20
-0.251773937007874
11
0.2783533858267717
21
-0.2522213779527559
0
LINE
8
BLACK
6
CONTINUOUS
10
0.2783533858267717
20
-0.2522213779527559
11
0.2608968897637795
21
-0.2696779133858268
0
LINE
8
BLACK
6
CONTINUOUS
10
0.2608968897637795
20
-0.2696779133858268
11
0.2781402362204725
21
-0.2696779133858268
0
LINE
8
BLACK
6
CONTINUOUS
10
0.2781402362204725
20
-0.2696779133858268
11
0.2787162992125984
21
-0.2697346456692913
0
LINE
8
BLACK
6
CONTINUOUS
10
0.2787162992125984
20
-0.2697346456692913
11
0.2797807086614173
21
-0.2701755511811024
0
LINE
8
BLACK
6
CONTINUOUS
10
0.2797807086614173
20
-0.2701755511811024
11
0.2805953543307086
21
-0.2709901968503937
0
LINE
8
BLACK
6
CONTINUOUS
10
0.2805953543307086
20
-0.2709901968503937
11
0.2810362598425197
21
-0.2720546062992126
0
LINE
8
BLACK
6
CONTINUOUS
10
0.2810362598425197
20
-0.2720546062992126
11
0.2810362598425197
21
-0.2732067322834645
0
LINE
8
BLACK
6
CONTINUOUS
10
0.2810362598425197
20
-0.2732067322834645
11
0.2805953543307086
21
-0.2742711417322835
0
LINE
8
BLACK
6
CONTINUOUS
10
0.2805953543307086
20
-0.2742711417322835
11
0.2797807086614173
21
-0.2750857874015748
0
LINE
8
BLACK
6
CONTINUOUS
10
0.2797807086614173
20
-0.2750857874015748
11
0.2787162992125984
21
-0.2755266929133858
0
LINE
8
BLACK
6
CONTINUOUS
10
0.2787162992125984
20
-0.2755266929133858
11
0.2781402362204725
21
-0.2755834251968504
0
LINE
8
BLACK
6
CONTINUOUS
10
0.2781402362204725
20
-0.2755834251968504
11
0.2537683070866142
21
-0.2755834251968504
0
LINE
8
BLACK
6
CONTINUOUS
10
0.2537683070866142
20
-0.2755834251968504
11
0.2531922440944882
21
-0.2755266929133858
0
LINE
8
BLACK
6
CONTINUOUS
10
0.2531922440944882
20
-0.2755266929133858
11
0.2521278346456693
21
-0.2750857874015748
0
LINE
8
BLACK
6
CONTINUOUS
10
0.2521278346456693
20
-0.2750857874015748
11
0.2513131889763779
21
-0.2742711417322835
0
LINE
8
BLACK
6
CONTINUOUS
10
0.2513131889763779
20
-0.2742711417322835
11
0.2508722834645669
21
-0.2732067322834645
0
LINE
8
BLACK
6
CONTINUOUS
10
0.2508722834645669
20
-0.2732067322834645
11
0.2508722834645669
21
-0.2720546062992126
0
LINE
8
BLACK
6
CONTINUOUS
10
0.2508722834645669
20
-0.2720546062992126
11
0.2513131889763779
21
-0.2709901968503937
0
LINE
8
BLACK
6
CONTINUOUS
10
0.2513131889763779
20
-0.2709901968503937
11
0.2516803937007874
21
-0.2705427559055118
0
LINE
8
BLACK
6
CONTINUOUS
10
0.2516803937007874
20
-0.2705427559055118
11
0.2736846456692913
21
-0.2485384251968504
0
LINE
8
BLACK
6
CONTINUOUS
10
0.2736846456692913
20
-0.2485384251968504
11
0.2751874803149606
21
-0.2440300393700787
0
LINE
8
BLACK
6
CONTINUOUS
10
0.2751874803149606
20
-0.2440300393700787
11
0.2751874803149606
21
-0.2414566929133858
0
LINE
8
BLACK
6
CONTINUOUS
10
0.2751874803149606
20
-0.2414566929133858
11
0.2738387401574803
21
-0.2387592125984252
0
LINE
8
BLACK
6
CONTINUOUS
10
0.2738387401574803
20
-0.2387592125984252
11
0.2726416141732284
21
-0.2375620866141732
0
LINE
8
BLACK
6
CONTINUOUS
10
0.2726416141732284
20
-0.2375620866141732
11
0.2699441338582677
21
-0.2362133464566929
0
LINE
8
BLACK
6
CONTINUOUS
10
0.2699441338582677
20
-0.2362133464566929
11
0.2619644094488189
21
-0.2362133464566929
0
LINE
8
BLACK
6
CONTINUOUS
10
0.2619644094488189
20
-0.2362133464566929
11
0.2592669291338582
21
-0.2375620866141732
0
LINE
8
BLACK
6
CONTINUOUS
10
0.2592669291338582
20
-0.2375620866141732
11
0.2577309842519685
21
-0.239098031496063
0
LINE
8
BLACK
6
CONTINUOUS
10
0.2577309842519685
20
-0.239098031496063
11
0.2572835433070866
21
-0.2394652362204724
0
LINE
8
BLACK
6
CONTINUOUS
10
0.2572835433070866
20
-0.2394652362204724
11
0.256219094488189
21
-0.2399061417322834
0
LINE
8
BLACK
6
CONTINUOUS
10
0.256219094488189
20
-0.2399061417322834
11
0.2550670472440945
21
-0.2399061417322834
0
LINE
8
BLACK
6
CONTINUOUS
10
0.2550670472440945
20
-0.2399061417322834
11
0.2540025984251968
21
-0.2394652362204724
0
LINE
8
BLACK
6
CONTINUOUS
10
0.2540025984251968
20
-0.2394652362204724
11
0.2531879527559055
21
-0.2386505905511811
0
LINE
8
BLACK
6
CONTINUOUS
10
0.2531879527559055
20
-0.2386505905511811
11
0.2527470472440945
21
-0.2375861417322835
0
LINE
8
BLACK
6
CONTINUOUS
10
0.2527470472440945
20
-0.2375861417322835
11
0.2527470472440945
21
-0.236434094488189
0
LINE
8
BLACK
6
CONTINUOUS
10
0.2527470472440945
20
-0.236434094488189
11
0.2531879527559055
21
-0.2353696456692913
0
LINE
8
BLACK
6
CONTINUOUS
10
0.2531879527559055
20
-0.2353696456692913
11
0.2535551574803149
21
-0.2349222047244094
0
LINE
8
BLACK
6
CONTINUOUS
10
0.2535551574803149
20
-0.2349222047244094
11
0.2554299212598425
21
-0.2330474409448819
0
LINE
8
BLACK
6
CONTINUOUS
10
0.2554299212598425
20
-0.2330474409448819
11
0.2556562598425197
21
-0.2328616535433071
0
LINE
8
BLACK
6
CONTINUOUS
10
0.2556562598425197
20
-0.2328616535433071
11
0.2557074409448819
21
-0.2328026771653543
0
LINE
8
BLACK
6
CONTINUOUS
10
0.2557074409448819
20
-0.2328026771653543
11
0.2557963779527559
21
-0.2327466929133858
0
LINE
8
BLACK
6
CONTINUOUS
10
0.2557963779527559
20
-0.2327466929133858
11
0.2558773622047244
21
-0.2326802362204724
0
LINE
8
BLACK
6
CONTINUOUS
10
0.2558773622047244
20
-0.2326802362204724
11
0.2559492913385827
21
-0.2326503937007874
0
LINE
8
BLACK
6
CONTINUOUS
10
0.2559492913385827
20
-0.2326503937007874
11
0.2561973228346457
21
-0.2324943307086614
0
LINE
8
BLACK
6
CONTINUOUS
10
0.2561973228346457
20
-0.2324943307086614
11
0.2599468503937008
21
-0.2306195669291339
0
LINE
8
BLACK
6
CONTINUOUS
10
0.2599468503937008
20
-0.2306195669291339
11
0.2604874409448819
21
-0.2304126771653543
0
LINE
8
BLACK
6
CONTINUOUS
10
0.2604874409448819
20
-0.2304126771653543
11
0.2605933070866142
21
-0.2304051181102362
0
LINE
8
BLACK
6
CONTINUOUS
10
0.2605933070866142
20
-0.2304051181102362
11
0.2606912992125984
21
-0.2303645669291338
0
LINE
8
BLACK
6
CONTINUOUS
10
0.2606912992125984
20
-0.2303645669291338
11
0.2612673622047244
21
-0.2303078346456693
0
LINE
8
BLACK
6
CONTINUOUS
10
0.2612673622047244
20
-0.2303078346456693
11
0.2706411811023622
21
-0.2303078346456693
0
LINE
8
BLACK
6
CONTINUOUS
10
0.2706411811023622
20
-0.2303078346456693
11
0.2712172440944882
21
-0.2303645669291338
0
LINE
8
BLACK
6
CONTINUOUS
10
0.3068377952755905
20
-0.2303645669291338
11
0.3069357874015748
21
-0.230405157480315
0
LINE
8
BLACK
6
CONTINUOUS
10
0.3069357874015748
20
-0.230405157480315
11
0.3070416141732283
21
-0.2304126771653543
0
LINE
8
BLACK
6
CONTINUOUS
10
0.3070416141732283
20
-0.2304126771653543
11
0.3075822440944882
21
-0.2306195669291339
0
LINE
8
BLACK
6
CONTINUOUS
10
0.3075822440944882
20
-0.2306195669291339
11
0.3113317716535433
21
-0.2324943307086614
0
LINE
8
BLACK
6
CONTINUOUS
10
0.3113317716535433
20
-0.2324943307086614
11
0.3115797637795276
21
-0.2326503937007874
0
LINE
8
BLACK
6
CONTINUOUS
10
0.3115797637795276
20
-0.2326503937007874
11
0.3116517322834645
21
-0.2326802362204724
0
LINE
8
BLACK
6
CONTINUOUS
10
0.3116517322834645
20
-0.2326802362204724
11
0.3117326771653543
21
-0.2327466929133858
0
LINE
8
BLACK
6
CONTINUOUS
10
0.3117326771653543
20
-0.2327466929133858
11
0.3118216535433071
21
-0.2328026771653543
0
LINE
8
BLACK
6
CONTINUOUS
10
0.3118216535433071
20
-0.2328026771653543
11
0.3118727952755905
21
-0.2328616535433071
0
LINE
8
BLACK
6
CONTINUOUS
10
0.3118727952755905
20
-0.2328616535433071
11
0.3120991732283465
21
-0.2330474409448819
0
LINE
8
BLACK
6
CONTINUOUS
10
0.3120991732283465
20
-0.2330474409448819
11
0.313973937007874
21
-0.2349222047244094
0
LINE
8
BLACK
6
CONTINUOUS
10
0.313973937007874
20
-0.2349222047244094
11
0.3141596850393701
21
-0.2351485433070866
0
LINE
8
BLACK
6
CONTINUOUS
10
0.3141596850393701
20
-0.2351485433070866
11
0.3142187007874016
21
-0.2351997244094488
0
LINE
8
BLACK
6
CONTINUOUS
10
0.3142187007874016
20
-0.2351997244094488
11
0.3142746456692913
21
-0.2352886614173228
0
LINE
8
BLACK
6
CONTINUOUS
10
0.3142746456692913
20
-0.2352886614173228
11
0.3143411417322834
21
-0.2353696456692913
0
LINE
8
BLACK
6
CONTINUOUS
10
0.3143411417322834
20
-0.2353696456692913
11
0.3143709448818898
21
-0.2354415748031496
0
LINE
8
BLACK
6
CONTINUOUS
10
0.3143709448818898
20
-0.2354415748031496
11
0.3145270472440945
21
-0.2356896062992126
0
LINE
8
BLACK
6
CONTINUOUS
10
0.3145270472440945
20
-0.2356896062992126
11
0.316401811023622
21
-0.2394391338582677
0
LINE
8
BLACK
6
CONTINUOUS
10
0.316401811023622
20
-0.2394391338582677
11
0.3164179133858268
21
-0.2394812204724409
0
LINE
8
BLACK
6
CONTINUOUS
10
0.3164179133858268
20
-0.2394812204724409
11
0.3164306299212598
21
-0.2394983858267717
0
LINE
8
BLACK
6
CONTINUOUS
10
0.3164306299212598
20
-0.2394983858267717
11
0.3165169291338583
21
-0.2397399606299213
0
LINE
8
BLACK
6
CONTINUOUS
10
0.3165169291338583
20
-0.2397399606299213
11
0.3166087007874016
21
-0.2399797244094488
0
LINE
8
BLACK
6
CONTINUOUS
10
0.3166087007874016
20
-0.2399797244094488
11
0.3166101968503937
21
-0.2400009842519685
0
LINE
8
BLACK
6
CONTINUOUS
10
0.3166101968503937
20
-0.2400009842519685
11
0.3166253937007874
21
-0.2400435039370079
0
LINE
8
BLACK
6
CONTINUOUS
10
0.3166253937007874
20
-0.2400435039370079
11
0.318500157480315
21
-0.2475425590551181
0
LINE
8
BLACK
6
CONTINUOUS
10
0.318500157480315
20
-0.2475425590551181
11
0.3185149212598425
21
-0.2476424015748031
0
LINE
8
BLACK
6
CONTINUOUS
10
0.3185149212598425
20
-0.2476424015748031
11
0.3185315748031496
21
-0.2476826377952756
0
LINE
8
BLACK
6
CONTINUOUS
10
0.3185315748031496
20
-0.2476826377952756
11
0.3185529133858268
21
-0.2478996456692913
0
LINE
8
BLACK
6
CONTINUOUS
10
0.3185529133858268
20
-0.2478996456692913
11
0.3185848031496063
21
-0.248115157480315
0
LINE
8
BLACK
6
CONTINUOUS
10
0.3185848031496063
20
-0.248115157480315
11
0.3185783858267717
21
-0.2481581496062992
0
LINE
8
BLACK
6
CONTINUOUS
10
0.3185783858267717
20
-0.2481581496062992
11
0.3185883070866142
21
-0.2482587007874016
0
LINE
8
BLACK
6
CONTINUOUS
10
0.3185883070866142
20
-0.2482587007874016
11
0.3185883070866142
21
-0.2576325196850394
0
LINE
8
BLACK
6
CONTINUOUS
10
0.3185883070866142
20
-0.2576325196850394
11
0.3185783858267717
21
-0.257733031496063
0
LINE
8
BLACK
6
CONTINUOUS
10
0.3185783858267717
20
-0.257733031496063
11
0.3185848031496063
21
-0.257776062992126
0
LINE
8
BLACK
6
CONTINUOUS
10
0.3185848031496063
20
-0.257776062992126
11
0.3185529133858268
21
-0.2579915354330709
0
LINE
8
BLACK
6
CONTINUOUS
10
0.3185529133858268
20
-0.2579915354330709
11
0.3185315748031496
21
-0.2582085826771653
0
LINE
8
BLACK
6
CONTINUOUS
10
0.3185315748031496
20
-0.2582085826771653
11
0.3185149212598425
21
-0.258248779527559
0
LINE
8
BLACK
6
CONTINUOUS
10
0.3185149212598425
20
-0.258248779527559
11
0.318500157480315
21
-0.2583486614173228
0
LINE
8
BLACK
6
CONTINUOUS
10
0.318500157480315
20
-0.2583486614173228
11
0.3166253937007874
21
-0.265847716535433
0
LINE
8
BLACK
6
CONTINUOUS
10
0.3166253937007874
20
-0.265847716535433
11
0.3166101968503937
21
-0.2658901968503937
0
LINE
8
BLACK
6
CONTINUOUS
10
0.3166101968503937
20
-0.2658901968503937
11
0.3166087007874016
21
-0.2659114960629921
0
LINE
8
BLACK
6
CONTINUOUS
10
0.3166087007874016
20
-0.2659114960629921
11
0.3165169291338583
21
-0.2661512204724409
0
LINE
8
BLACK
6
CONTINUOUS
10
0.3165169291338583
20
-0.2661512204724409
11
0.3164306299212598
21
-0.2663928346456693
0
LINE
8
BLACK
6
CONTINUOUS
10
0.3164306299212598
20
-0.2663928346456693
11
0.3164179133858268
21
-0.2664099606299212
0
LINE
8
BLACK
6
CONTINUOUS
10
0.3164179133858268
20
-0.2664099606299212
11
0.316401811023622
21
-0.2664520866141732
0
LINE
8
BLACK
6
CONTINUOUS
10
0.316401811023622
20
-0.2664520866141732
11
0.3145270472440945
21
-0.2702016141732284
0
LINE
8
BLACK
6
CONTINUOUS
10
0.3145270472440945
20
-0.2702016141732284
11
0.3143709842519685
21
-0.2704494881889764
0
LINE
8
BLACK
6
CONTINUOUS
10
0.3143709842519685
20
-0.2704494881889764
11
0.3143411811023622
21
-0.2705215354330708
0
LINE
8
BLACK
6
CONTINUOUS
10
0.3143411811023622
20
-0.2705215354330708
11
0.3142746456692913
21
-0.2706025590551181
0
LINE
8
BLACK
6
CONTINUOUS
10
0.3142746456692913
20
-0.2706025590551181
11
0.3142187007874016
21
-0.2706914960629921
0
LINE
8
BLACK
6
CONTINUOUS
10
0.3142187007874016
20
-0.2706914960629921
11
0.3141596850393701
21
-0.2707426377952756
0
LINE
8
BLACK
6
CONTINUOUS
10
0.3141596850393701
20
-0.2707426377952756
11
0.313973937007874
21
-0.2709690157480315
0
LINE
8
BLACK
6
CONTINUOUS
10
0.313973937007874
20
-0.2709690157480315
11
0.3120992125984252
21
-0.2728437795275591
0
LINE
8
BLACK
6
CONTINUOUS
10
0.3120992125984252
20
-0.2728437795275591
11
0.3118728346456693
21
-0.2730295275590551
0
LINE
8
BLACK
6
CONTINUOUS
10
0.3118728346456693
20
-0.2730295275590551
11
0.3118216535433071
21
-0.2730885826771653
0
LINE
8
BLACK
6
CONTINUOUS
10
0.3118216535433071
20
-0.2730885826771653
11
0.3117326771653543
21
-0.2731445669291339
0
LINE
8
BLACK
6
CONTINUOUS
10
0.3117326771653543
20
-0.2731445669291339
11
0.3116517322834645
21
-0.2732110236220472
0
LINE
8
BLACK
6
CONTINUOUS
10
0.3116517322834645
20
-0.2732110236220472
11
0.3115797637795276
21
-0.2732408267716535
0
LINE
8
BLACK
6
CONTINUOUS
10
0.3115797637795276
20
-0.2732408267716535
11
0.3113317716535433
21
-0.2733969291338583
0
LINE
8
BLACK
6
CONTINUOUS
10
0.3113317716535433
20
-0.2733969291338583
11
0.3075822440944882
21
-0.2752716929133858
0
LINE
8
BLACK
6
CONTINUOUS
10
0.3075822440944882
20
-0.2752716929133858
11
0.3070416141732283
21
-0.2754785826771654
0
LINE
8
BLACK
6
CONTINUOUS
10
0.3070416141732283
20
-0.2754785826771654
11
0.3069357874015748
21
-0.275486062992126
0
LINE
8
BLACK
6
CONTINUOUS
10
0.3069357874015748
20
-0.275486062992126
11
0.3068377952755905
21
-0.2755266929133858
0
LINE
8
BLACK
6
CONTINUOUS
10
0.3068377952755905
20
-0.2755266929133858
11
0.3062617322834645
21
-0.2755834251968504
0
LINE
8
BLACK
6
CONTINUOUS
10
0.3062617322834645
20
-0.2755834251968504
11
0.3025122047244094
21
-0.2755834251968504
0
LINE
8
BLACK
6
CONTINUOUS
10
0.3025122047244094
20
-0.2755834251968504
11
0.3019361417322834
21
-0.2755266929133858
0
LINE
8
BLACK
6
CONTINUOUS
10
0.3019361417322834
20
-0.2755266929133858
11
0.3018381496062992
21
-0.2754861023622047
0
LINE
8
BLACK
6
CONTINUOUS
10
0.3018381496062992
20
-0.2754861023622047
11
0.3017322834645669
21
-0.2754785826771654
0
LINE
8
BLACK
6
CONTINUOUS
10
0.3017322834645669
20
-0.2754785826771654
11
0.3011916929133858
21
-0.2752716929133858
0
LINE
8
BLACK
6
CONTINUOUS
10
0.3011916929133858
20
-0.2752716929133858
11
0.2974421653543307
21
-0.2733969291338583
0
LINE
8
BLACK
6
CONTINUOUS
10
0.2974421653543307
20
-0.2733969291338583
11
0.2971941338582677
21
-0.2732408267716535
0
LINE
8
BLACK
6
CONTINUOUS
10
0.2971941338582677
20
-0.2732408267716535
11
0.2971222047244094
21
-0.2732110236220472
0
LINE
8
BLACK
6
CONTINUOUS
10
0.2971222047244094
20
-0.2732110236220472
11
0.2970412204724409
21
-0.2731445669291339
0
LINE
8
BLACK
6
CONTINUOUS
10
0.2970412204724409
20
-0.2731445669291339
11
0.2969522834645669
21
-0.2730885826771653
0
LINE
8
BLACK
6
CONTINUOUS
10
0.2969522834645669
20
-0.2730885826771653
11
0.296901062992126
21
-0.2730295275590551
0
LINE
8
BLACK
6
CONTINUOUS
10
0.296901062992126
20
-0.2730295275590551
11
0.2966747244094488
21
-0.2728437795275591
0
LINE
8
BLACK
6
CONTINUOUS
10
0.2966747244094488
20
-0.2728437795275591
11
0.2947999606299213
21
-0.2709689763779528
0
LINE
8
BLACK
6
CONTINUOUS
10
0.2947999606299213
20
-0.2709689763779528
11
0.2946142125984252
21
-0.2707426377952756
0
LINE
8
BLACK
6
CONTINUOUS
10
0.2946142125984252
20
-0.2707426377952756
11
0.2945552362204724
21
-0.2706914960629921
0
LINE
8
BLACK
6
CONTINUOUS
10
0.2945552362204724
20
-0.2706914960629921
11
0.2944992519685039
21
-0.2706025590551181
0
LINE
8
BLACK
6
CONTINUOUS
10
0.2944992519685039
20
-0.2706025590551181
11
0.2944327559055118
21
-0.2705215354330708
0
LINE
8
BLACK
6
CONTINUOUS
10
0.2944327559055118
20
-0.2705215354330708
11
0.2944029133858267
21
-0.2704494881889764
0
LINE
8
BLACK
6
CONTINUOUS
10
0.2944029133858267
20
-0.2704494881889764
11
0.2942468897637795
21
-0.2702016141732284
0
LINE
8
BLACK
6
CONTINUOUS
10
0.2942468897637795
20
-0.2702016141732284
11
0.2923721259842519
21
-0.2664520866141732
0
LINE
8
BLACK
6
CONTINUOUS
10
0.2923721259842519
20
-0.2664520866141732
11
0.2923559842519685
21
-0.2664099606299212
0
LINE
8
BLACK
6
CONTINUOUS
10
0.2923559842519685
20
-0.2664099606299212
11
0.2923433070866142
21
-0.2663928346456693
0
LINE
8
BLACK
6
CONTINUOUS
10
0.2923433070866142
20
-0.2663928346456693
11
0.2922568503937008
21
-0.2661508661417323
0
LINE
8
BLACK
6
CONTINUOUS
10
0.2922568503937008
20
-0.2661508661417323
11
0.2921652362204724
21
-0.2659114566929134
0
LINE
8
BLACK
6
CONTINUOUS
10
0.2921652362204724
20
-0.2659114566929134
11
0.2921637007874016
21
-0.2658901968503937
0
LINE
8
BLACK
6
CONTINUOUS
10
0.2921637007874016
20
-0.2658901968503937
11
0.2921485433070866
21
-0.265847716535433
0
LINE
8
BLACK
6
CONTINUOUS
10
0.2921485433070866
20
-0.265847716535433
11
0.2902737795275591
21
-0.2583486614173228
0
LINE
8
BLACK
6
CONTINUOUS
10
0.2902737795275591
20
-0.2583486614173228
11
0.2902589763779527
21
-0.258248779527559
0
LINE
8
BLACK
6
CONTINUOUS
10
0.2902589763779527
20
-0.258248779527559
11
0.2902423622047244
21
-0.2582085826771653
0
LINE
8
BLACK
6
CONTINUOUS
10
0.2902423622047244
20
-0.2582085826771653
11
0.2902209842519685
21
-0.2579915354330709
0
LINE
8
BLACK
6
CONTINUOUS
10
0.2902209842519685
20
-0.2579915354330709
11
0.2901891338582677
21
-0.257776062992126
0
LINE
8
BLACK
6
CONTINUOUS
10
0.2901891338582677
20
-0.257776062992126
11
0.2901955118110236
21
-0.257733031496063
0
LINE
8
BLACK
6
CONTINUOUS
10
0.2901955118110236
20
-0.257733031496063
11
0.2901856299212598
21
-0.2576325196850394
0
LINE
8
BLACK
6
CONTINUOUS
10
0.2901856299212598
20
-0.2576325196850394
11
0.2901856299212598
21
-0.2482587007874016
0
LINE
8
BLACK
6
CONTINUOUS
10
0.2901856299212598
20
-0.2482587007874016
11
0.2901955118110236
21
-0.2481581496062992
0
LINE
8
BLACK
6
CONTINUOUS
10
0.2901955118110236
20
-0.2481581496062992
11
0.2901891338582677
21
-0.248115157480315
0
LINE
8
BLACK
6
CONTINUOUS
10
0.2901891338582677
20
-0.248115157480315
11
0.2902209842519685
21
-0.2478996456692913
0
LINE
8
BLACK
6
CONTINUOUS
10
0.2902209842519685
20
-0.2478996456692913
11
0.2902423622047244
21
-0.2476826377952756
0
LINE
8
BLACK
6
CONTINUOUS
10
0.2902423622047244
20
-0.2476826377952756
11
0.2902589763779527
21
-0.2476424015748031
0
LINE
8
BLACK
6
CONTINUOUS
10
0.2902589763779527
20
-0.2476424015748031
11
0.2902737795275591
21
-0.2475425590551181
0
LINE
8
BLACK
6
CONTINUOUS
10
0.2902737795275591
20
-0.2475425590551181
11
0.2921485433070866
21
-0.2400435039370079
0
LINE
8
BLACK
6
CONTINUOUS
10
0.2921485433070866
20
-0.2400435039370079
11
0.2921637007874016
21
-0.2400009842519685
0
LINE
8
BLACK
6
CONTINUOUS
10
0.2921637007874016
20
-0.2400009842519685
11
0.2921652362204724
21
-0.2399797637795276
0
LINE
8
BLACK
6
CONTINUOUS
10
0.2921652362204724
20
-0.2399797637795276
11
0.2922568503937008
21
-0.2397403149606299
0
LINE
8
BLACK
6
CONTINUOUS
10
0.2922568503937008
20
-0.2397403149606299
11
0.2923433070866142
21
-0.2394983858267717
0
LINE
8
BLACK
6
CONTINUOUS
10
0.2923433070866142
20
-0.2394983858267717
11
0.2923559842519685
21
-0.2394812204724409
0
LINE
8
BLACK
6
CONTINUOUS
10
0.2923559842519685
20
-0.2394812204724409
11
0.2923721259842519
21
-0.2394391338582677
0
LINE
8
BLACK
6
CONTINUOUS
10
0.2923721259842519
20
-0.2394391338582677
11
0.2942468897637795
21
-0.2356896062992126
0
LINE
8
BLACK
6
CONTINUOUS
10
0.2942468897637795
20
-0.2356896062992126
11
0.2944029527559055
21
-0.2354415748031496
0
LINE
8
BLACK
6
CONTINUOUS
10
0.2944029527559055
20
-0.2354415748031496
11
0.2944327952755905
21
-0.2353696456692913
0
LINE
8
BLACK
6
CONTINUOUS
10
0.2944327952755905
20
-0.2353696456692913
11
0.2944992519685039
21
-0.2352886614173228
0
LINE
8
BLACK
6
CONTINUOUS
10
0.2944992519685039
20
-0.2352886614173228
11
0.2945552362204724
21
-0.2351997244094488
0
LINE
8
BLACK
6
CONTINUOUS
10
0.2945552362204724
20
-0.2351997244094488
11
0.2946142125984252
21
-0.2351485433070866
0
LINE
8
BLACK
6
CONTINUOUS
10
0.2946142125984252
20
-0.2351485433070866
11
0.2948
21
-0.2349222047244094
0
LINE
8
BLACK
6
CONTINUOUS
10
0.2948
20
-0.2349222047244094
11
0.2966747637795276
21
-0.2330474409448819
0
LINE
8
BLACK
6
CONTINUOUS
10
0.2966747637795276
20
-0.2330474409448819
11
0.2969011023622047
21
-0.2328616535433071
0
LINE
8
BLACK
6
CONTINUOUS
10
0.2969011023622047
20
-0.2328616535433071
11
0.2969522834645669
21
-0.2328026771653543
0
LINE
8
BLACK
6
CONTINUOUS
10
0.2969522834645669
20
-0.2328026771653543
11
0.2970412204724409
21
-0.2327466929133858
0
LINE
8
BLACK
6
CONTINUOUS
10
0.2970412204724409
20
-0.2327466929133858
11
0.2971222047244094
21
-0.2326802362204724
0
LINE
8
BLACK
6
CONTINUOUS
10
0.2971222047244094
20
-0.2326802362204724
11
0.2971941338582677
21
-0.2326503937007874
0
LINE
8
BLACK
6
CONTINUOUS
10
0.2971941338582677
20
-0.2326503937007874
11
0.2974421653543307
21
-0.2324943307086614
0
LINE
8
BLACK
6
CONTINUOUS
10
0.2974421653543307
20
-0.2324943307086614
11
0.3011916929133858
21
-0.2306195669291339
0
LINE
8
BLACK
6
CONTINUOUS
10
0.3011916929133858
20
-0.2306195669291339
11
0.3017322834645669
21
-0.2304126771653543
0
LINE
8
BLACK
6
CONTINUOUS
10
0.3017322834645669
20
-0.2304126771653543
11
0.3018381496062992
21
-0.2304051181102362
0
LINE
8
BLACK
6
CONTINUOUS
10
0.3018381496062992
20
-0.2304051181102362
11
0.3019361417322834
21
-0.2303645669291338
0
LINE
8
BLACK
6
CONTINUOUS
10
0.3019361417322834
20
-0.2303645669291338
11
0.3025122047244094
21
-0.2303078346456693
0
LINE
8
BLACK
6
CONTINUOUS
10
0.3025122047244094
20
-0.2303078346456693
11
0.3062617322834645
21
-0.2303078346456693
0
LINE
8
BLACK
6
CONTINUOUS
10
0.3062617322834645
20
-0.2303078346456693
11
0.3068377952755905
21
-0.2303645669291338
0
LINE
8
BLACK
6
CONTINUOUS
10
0.3005117716535433
20
-0.2375620866141732
11
0.2993146456692913
21
-0.2387592125984252
0
LINE
8
BLACK
6
CONTINUOUS
10
0.2993146456692913
20
-0.2387592125984252
11
0.2977991338582677
21
-0.2417901968503937
0
LINE
8
BLACK
6
CONTINUOUS
10
0.2977991338582677
20
-0.2417901968503937
11
0.2960911417322835
21
-0.2486222440944882
0
LINE
8
BLACK
6
CONTINUOUS
10
0.2960911417322835
20
-0.2486222440944882
11
0.2960911417322835
21
-0.2572689763779528
0
LINE
8
BLACK
6
CONTINUOUS
10
0.2960911417322835
20
-0.2572689763779528
11
0.2977991338582677
21
-0.2641010236220472
0
LINE
8
BLACK
6
CONTINUOUS
10
0.2977991338582677
20
-0.2641010236220472
11
0.2993146456692913
21
-0.2671320078740158
0
LINE
8
BLACK
6
CONTINUOUS
10
0.2993146456692913
20
-0.2671320078740158
11
0.3005117716535433
21
-0.2683291732283464
0
LINE
8
BLACK
6
CONTINUOUS
10
0.3005117716535433
20
-0.2683291732283464
11
0.303209251968504
21
-0.2696779133858268
0
LINE
8
BLACK
6
CONTINUOUS
10
0.303209251968504
20
-0.2696779133858268
11
0.3055646850393701
21
-0.2696779133858268
0
LINE
8
BLACK
6
CONTINUOUS
10
0.3055646850393701
20
-0.2696779133858268
11
0.308262125984252
21
-0.2683291732283464
0
LINE
8
BLACK
6
CONTINUOUS
10
0.308262125984252
20
-0.2683291732283464
11
0.3094592519685039
21
-0.2671320078740158
0
LINE
8
BLACK
6
CONTINUOUS
10
0.3094592519685039
20
-0.2671320078740158
11
0.3109747637795275
21
-0.2641010236220472
0
LINE
8
BLACK
6
CONTINUOUS
10
0.3109747637795275
20
-0.2641010236220472
11
0.3126827952755906
21
-0.2572689763779528
0
LINE
8
BLACK
6
CONTINUOUS
10
0.3126827952755906
20
-0.2572689763779528
11
0.3126827952755906
21
-0.2486222440944882
0
LINE
8
BLACK
6
CONTINUOUS
10
0.3126827952755906
20
-0.2486222440944882
11
0.3109747637795275
21
-0.2417901968503937
0
LINE
8
BLACK
6
CONTINUOUS
10
0.3109747637795275
20
-0.2417901968503937
11
0.3094592913385827
21
-0.2387592125984252
0
LINE
8
BLACK
6
CONTINUOUS
10
0.3094592913385827
20
-0.2387592125984252
11
0.3082621653543307
21
-0.2375620866141732
0
LINE
8
BLACK
6
CONTINUOUS
10
0.3082621653543307
20
-0.2375620866141732
11
0.3055646850393701
21
-0.2362133464566929
0
LINE
8
BLACK
6
CONTINUOUS
10
0.3055646850393701
20
-0.2362133464566929
11
0.303209251968504
21
-0.2362133464566929
0
LINE
8
BLACK
6
CONTINUOUS
10
0.303209251968504
20
-0.2362133464566929
11
0.3005117716535433
21
-0.2375620866141732
0
LINE
8
BLACK
6
CONTINUOUS
10
0.3721831496062992
20
-0.2303378346456693
11
0.3722606299212599
21
-0.2303326771653543
0
LINE
8
BLACK
6
CONTINUOUS
10
0.3722606299212599
20
-0.2303326771653543
11
0.3723139763779528
21
-0.2303507086614173
0
LINE
8
BLACK
6
CONTINUOUS
10
0.3723139763779528
20
-0.2303507086614173
11
0.3724545669291339
21
-0.2303645669291338
0
LINE
8
BLACK
6
CONTINUOUS
10
0.3724545669291339
20
-0.2303645669291338
11
0.3728977559055118
21
-0.2305481496062992
0
LINE
8
BLACK
6
CONTINUOUS
10
0.3728977559055118
20
-0.2305481496062992
11
0.3733520078740157
21
-0.2307017716535433
0
LINE
8
BLACK
6
CONTINUOUS
10
0.3733520078740157
20
-0.2307017716535433
11
0.373426968503937
21
-0.2307673228346457
0
LINE
8
BLACK
6
CONTINUOUS
10
0.373426968503937
20
-0.2307673228346457
11
0.3735189763779527
21
-0.2308054724409449
0
LINE
8
BLACK
6
CONTINUOUS
10
0.3735189763779527
20
-0.2308054724409449
11
0.3738579527559055
21
-0.2311444488188976
0
LINE
8
BLACK
6
CONTINUOUS
10
0.3738579527559055
20
-0.2311444488188976
11
0.374219094488189
21
-0.2314604330708661
0
LINE
8
BLACK
6
CONTINUOUS
10
0.374219094488189
20
-0.2314604330708661
11
0.3742632677165354
21
-0.2315497637795275
0
LINE
8
BLACK
6
CONTINUOUS
10
0.3742632677165354
20
-0.2315497637795275
11
0.3743336220472441
21
-0.2316201181102362
0
LINE
8
BLACK
6
CONTINUOUS
10
0.3743336220472441
20
-0.2316201181102362
11
0.3745170866141732
21
-0.232063031496063
0
LINE
8
BLACK
6
CONTINUOUS
10
0.3745170866141732
20
-0.232063031496063
11
0.3747298031496063
21
-0.2324931889763779
0
LINE
8
BLACK
6
CONTINUOUS
10
0.3747298031496063
20
-0.2324931889763779
11
0.3747364173228346
21
-0.2325925196850394
0
LINE
8
BLACK
6
CONTINUOUS
10
0.3747364173228346
20
-0.2325925196850394
11
0.3747745275590551
21
-0.2326845275590551
0
LINE
8
BLACK
6
CONTINUOUS
10
0.3747745275590551
20
-0.2326845275590551
11
0.3747745275590551
21
-0.2331642125984252
0
LINE
8
BLACK
6
CONTINUOUS
10
0.3747745275590551
20
-0.2331642125984252
11
0.3748064173228347
21
-0.2336427165354331
0
LINE
8
BLACK
6
CONTINUOUS
10
0.3748064173228347
20
-0.2336427165354331
11
0.3747745275590551
21
-0.2337370078740157
0
LINE
8
BLACK
6
CONTINUOUS
10
0.3747745275590551
20
-0.2337370078740157
11
0.3747745275590551
21
-0.2338366535433071
0
LINE
8
BLACK
6
CONTINUOUS
10
0.3747745275590551
20
-0.2338366535433071
11
0.374590905511811
21
-0.234279842519685
0
LINE
8
BLACK
6
CONTINUOUS
10
0.374590905511811
20
-0.234279842519685
11
0.3744373228346456
21
-0.234734094488189
0
LINE
8
BLACK
6
CONTINUOUS
10
0.3744373228346456
20
-0.234734094488189
11
0.3743551968503937
21
-0.234848937007874
0
LINE
8
BLACK
6
CONTINUOUS
10
0.3743551968503937
20
-0.234848937007874
11
0.3743336220472441
21
-0.234901062992126
0
LINE
8
BLACK
6
CONTINUOUS
10
0.3743336220472441
20
-0.234901062992126
11
0.3742786614173228
21
-0.2349559842519685
0
LINE
8
BLACK
6
CONTINUOUS
10
0.3742786614173228
20
-0.2349559842519685
11
0.3741006692913386
21
-0.235205
0
LINE
8
BLACK
6
CONTINUOUS
10
0.3741006692913386
20
-0.235205
11
0.3651677559055118
21
-0.2454140157480315
0
LINE
8
BLACK
6
CONTINUOUS
10
0.3651677559055118
20
-0.2454140157480315
11
0.3656999606299213
21
-0.2456176771653543
0
LINE
8
BLACK
6
CONTINUOUS
10
0.3656999606299213
20
-0.2456176771653543
11
0.3694494881889764
21
-0.2474924409448819
0
LINE
8
BLACK
6
CONTINUOUS
10
0.3694494881889764
20
-0.2474924409448819
11
0.3696974803149606
21
-0.2476485039370079
0
LINE
8
BLACK
6
CONTINUOUS
10
0.3696974803149606
20
-0.2476485039370079
11
0.3697694488188976
21
-0.2476783464566929
0
LINE
8
BLACK
6
CONTINUOUS
10
0.3697694488188976
20
-0.2476783464566929
11
0.3698503937007874
21
-0.2477448031496063
0
LINE
8
BLACK
6
CONTINUOUS
10
0.3698503937007874
20
-0.2477448031496063
11
0.3699393700787402
21
-0.2478007874015748
0
LINE
8
BLACK
6
CONTINUOUS
10
0.3699393700787402
20
-0.2478007874015748
11
0.3699905118110236
21
-0.2478597637795276
0
LINE
8
BLACK
6
CONTINUOUS
10
0.3699905118110236
20
-0.2478597637795276
11
0.3702168897637795
21
-0.2480455511811024
0
LINE
8
BLACK
6
CONTINUOUS
10
0.3702168897637795
20
-0.2480455511811024
11
0.3720916535433071
21
-0.2499203149606299
0
LINE
8
BLACK
6
CONTINUOUS
10
0.3720916535433071
20
-0.2499203149606299
11
0.3722774015748032
21
-0.2501466535433071
0
LINE
8
BLACK
6
CONTINUOUS
10
0.3722774015748032
20
-0.2501466535433071
11
0.3723364173228346
21
-0.2501978346456693
0
LINE
8
BLACK
6
CONTINUOUS
10
0.3723364173228346
20
-0.2501978346456693
11
0.3723923622047244
21
-0.2502867716535433
0
LINE
8
BLACK
6
CONTINUOUS
10
0.3723923622047244
20
-0.2502867716535433
11
0.3724588582677165
21
-0.2503677559055118
0
LINE
8
BLACK
6
CONTINUOUS
10
0.3724588582677165
20
-0.2503677559055118
11
0.3724886614173228
21
-0.2504396850393701
0
LINE
8
BLACK
6
CONTINUOUS
10
0.3724886614173228
20
-0.2504396850393701
11
0.3726447637795275
21
-0.2506877165354331
0
LINE
8
BLACK
6
CONTINUOUS
10
0.3726447637795275
20
-0.2506877165354331
11
0.3745195275590551
21
-0.2544372440944882
0
LINE
8
BLACK
6
CONTINUOUS
10
0.3745195275590551
20
-0.2544372440944882
11
0.3747264173228346
21
-0.2549778346456693
0
LINE
8
BLACK
6
CONTINUOUS
10
0.3747264173228346
20
-0.2549778346456693
11
0.374733937007874
21
-0.2550837007874016
0
LINE
8
BLACK
6
CONTINUOUS
10
0.374733937007874
20
-0.2550837007874016
11
0.3747745275590551
21
-0.2551816929133858
0
LINE
8
BLACK
6
CONTINUOUS
10
0.3747745275590551
20
-0.2551816929133858
11
0.3748312598425197
21
-0.2557577559055118
0
LINE
8
BLACK
6
CONTINUOUS
10
0.3748312598425197
20
-0.2557577559055118
11
0.3748312598425197
21
-0.2651315748031496
0
LINE
8
BLACK
6
CONTINUOUS
10
0.3748312598425197
20
-0.2651315748031496
11
0.3747745275590551
21
-0.2657076377952756
0
LINE
8
BLACK
6
CONTINUOUS
10
0.3747745275590551
20
-0.2657076377952756
11
0.374733937007874
21
-0.2658055905511811
0
LINE
8
BLACK
6
CONTINUOUS
10
0.374733937007874
20
-0.2658055905511811
11
0.3747264173228346
21
-0.2659114960629921
0
LINE
8
BLACK
6
CONTINUOUS
10
0.3747264173228346
20
-0.2659114960629921
11
0.3745195275590551
21
-0.2664520866141732
0
LINE
8
BLACK
6
CONTINUOUS
10
0.3745195275590551
20
-0.2664520866141732
11
0.3726447637795275
21
-0.2702016141732284
0
LINE
8
BLACK
6
CONTINUOUS
10
0.3726447637795275
20
-0.2702016141732284
11
0.3724887007874015
21
-0.2704494881889764
0
LINE
8
BLACK
6
CONTINUOUS
10
0.3724887007874015
20
-0.2704494881889764
11
0.3724588976377953
21
-0.2705215354330708
0
LINE
8
BLACK
6
CONTINUOUS
10
0.3724588976377953
20
-0.2705215354330708
11
0.3723923622047244
21
-0.2706025590551181
0
LINE
8
BLACK
6
CONTINUOUS
10
0.3723923622047244
20
-0.2706025590551181
11
0.3723364173228346
21
-0.2706914960629921
0
LINE
8
BLACK
6
CONTINUOUS
10
0.3723364173228346
20
-0.2706914960629921
11
0.3722774015748032
21
-0.2707426377952756
0
LINE
8
BLACK
6
CONTINUOUS
10
0.3722774015748032
20
-0.2707426377952756
11
0.3720916535433071
21
-0.2709690157480315
0
LINE
8
BLACK
6
CONTINUOUS
10
0.3720916535433071
20
-0.2709690157480315
11
0.3702169291338583
21
-0.2728437795275591
0
LINE
8
BLACK
6
CONTINUOUS
10
0.3702169291338583
20
-0.2728437795275591
11
0.3699905511811024
21
-0.2730295275590551
0
LINE
8
BLACK
6
CONTINUOUS
10
0.3699905511811024
20
-0.2730295275590551
11
0.3699393700787402
21
-0.2730885826771653
0
LINE
8
BLACK
6
CONTINUOUS
10
0.3699393700787402
20
-0.2730885826771653
11
0.3698503937007874
21
-0.2731445669291339
0
LINE
8
BLACK
6
CONTINUOUS
10
0.3698503937007874
20
-0.2731445669291339
11
0.3697694488188976
21
-0.2732110236220472
0
LINE
8
BLACK
6
CONTINUOUS
10
0.3697694488188976
20
-0.2732110236220472
11
0.3696974803149606
21
-0.2732408267716535
0
LINE
8
BLACK
6
CONTINUOUS
10
0.3696974803149606
20
-0.2732408267716535
11
0.3694494881889764
21
-0.2733969291338583
0
LINE
8
BLACK
6
CONTINUOUS
10
0.3694494881889764
20
-0.2733969291338583
11
0.3656999606299213
21
-0.2752716929133858
0
LINE
8
BLACK
6
CONTINUOUS
10
0.3656999606299213
20
-0.2752716929133858
11
0.3651593307086614
21
-0.2754785826771654
0
LINE
8
BLACK
6
CONTINUOUS
10
0.3651593307086614
20
-0.2754785826771654
11
0.3650535039370079
21
-0.275486062992126
0
LINE
8
BLACK
6
CONTINUOUS
10
0.3650535039370079
20
-0.275486062992126
11
0.3649555118110236
21
-0.2755266929133858
0
LINE
8
BLACK
6
CONTINUOUS
10
0.3649555118110236
20
-0.2755266929133858
11
0.3643794488188976
21
-0.2755834251968504
0
LINE
8
BLACK
6
CONTINUOUS
10
0.3643794488188976
20
-0.2755834251968504
11
0.3531308661417323
21
-0.2755834251968504
0
LINE
8
BLACK
6
CONTINUOUS
10
0.3531308661417323
20
-0.2755834251968504
11
0.3525548031496063
21
-0.2755266929133858
0
LINE
8
BLACK
6
CONTINUOUS
10
0.3525548031496063
20
-0.2755266929133858
11
0.352456811023622
21
-0.2754861023622047
0
LINE
8
BLACK
6
CONTINUOUS
10
0.352456811023622
20
-0.2754861023622047
11
0.3523509448818898
21
-0.2754785826771654
0
LINE
8
BLACK
6
CONTINUOUS
10
0.3523509448818898
20
-0.2754785826771654
11
0.3518103543307087
21
-0.2752716929133858
0
LINE
8
BLACK
6
CONTINUOUS
10
0.3518103543307087
20
-0.2752716929133858
11
0.3480608267716535
21
-0.2733969291338583
0
LINE
8
BLACK
6
CONTINUOUS
10
0.3480608267716535
20
-0.2733969291338583
11
0.3478127952755906
21
-0.2732408267716535
0
LINE
8
BLACK
6
CONTINUOUS
10
0.3478127952755906
20
-0.2732408267716535
11
0.3477408661417323
21
-0.2732110236220472
0
LINE
8
BLACK
6
CONTINUOUS
10
0.3477408661417323
20
-0.2732110236220472
11
0.3476598818897638
21
-0.2731445669291339
0
LINE
8
BLACK
6
CONTINUOUS
10
0.3476598818897638
20
-0.2731445669291339
11
0.3475709448818898
21
-0.2730885826771653
0
LINE
8
BLACK
6
CONTINUOUS
10
0.3475709448818898
20
-0.2730885826771653
11
0.3475197244094488
21
-0.2730295275590551
0
LINE
8
BLACK
6
CONTINUOUS
10
0.3475197244094488
20
-0.2730295275590551
11
0.3472933858267717
21
-0.2728437795275591
0
LINE
8
BLACK
6
CONTINUOUS
10
0.3472933858267717
20
-0.2728437795275591
11
0.3454186220472441
21
-0.2709689763779528
0
LINE
8
BLACK
6
CONTINUOUS
10
0.3454186220472441
20
-0.2709689763779528
11
0.3450514173228346
21
-0.2705215354330708
0
LINE
8
BLACK
6
CONTINUOUS
10
0.3450514173228346
20
-0.2705215354330708
11
0.3446105511811023
21
-0.269457125984252
0
LINE
8
BLACK
6
CONTINUOUS
10
0.3446105511811023
20
-0.269457125984252
11
0.3446105511811023
21
-0.2683050393700787
0
LINE
8
BLACK
6
CONTINUOUS
10
0.3446105511811023
20
-0.2683050393700787
11
0.3450514566929134
21
-0.2672406299212599
0
LINE
8
BLACK
6
CONTINUOUS
10
0.3450514566929134
20
-0.2672406299212599
11
0.3458661417322835
21
-0.2664259448818898
0
LINE
8
BLACK
6
CONTINUOUS
10
0.3458661417322835
20
-0.2664259448818898
11
0.3469305511811023
21
-0.2659850787401575
0
LINE
8
BLACK
6
CONTINUOUS
10
0.3469305511811023
20
-0.2659850787401575
11
0.3480826377952756
21
-0.2659850787401575
0
LINE
8
BLACK
6
CONTINUOUS
10
0.3480826377952756
20
-0.2659850787401575
11
0.3491470472440945
21
-0.2664259842519685
0
LINE
8
BLACK
6
CONTINUOUS
10
0.3491470472440945
20
-0.2664259842519685
11
0.3495945275590551
21
-0.2667932283464567
0
LINE
8
BLACK
6
CONTINUOUS
10
0.3495945275590551
20
-0.2667932283464567
11
0.3511304330708661
21
-0.2683291732283464
0
LINE
8
BLACK
6
CONTINUOUS
10
0.3511304330708661
20
-0.2683291732283464
11
0.3538279133858268
21
-0.2696779133858268
0
LINE
8
BLACK
6
CONTINUOUS
10
0.3538279133858268
20
-0.2696779133858268
11
0.3636824015748031
21
-0.2696779133858268
0
LINE
8
BLACK
6
CONTINUOUS
10
0.3636824015748031
20
-0.2696779133858268
11
0.366379842519685
21
-0.2683291732283464
0
LINE
8
BLACK
6
CONTINUOUS
10
0.366379842519685
20
-0.2683291732283464
11
0.367576968503937
21
-0.2671320078740158
0
LINE
8
BLACK
6
CONTINUOUS
10
0.367576968503937
20
-0.2671320078740158
11
0.3689257480314961
21
-0.2644345275590551
0
LINE
8
BLACK
6
CONTINUOUS
10
0.3689257480314961
20
-0.2644345275590551
11
0.3689257480314961
21
-0.2564548031496063
0
LINE
8
BLACK
6
CONTINUOUS
10
0.3689257480314961
20
-0.2564548031496063
11
0.3675770078740158
21
-0.2537573228346456
0
LINE
8
BLACK
6
CONTINUOUS
10
0.3675770078740158
20
-0.2537573228346456
11
0.3663798818897638
21
-0.2525601968503937
0
LINE
8
BLACK
6
CONTINUOUS
10
0.3663798818897638
20
-0.2525601968503937
11
0.3636824015748031
21
-0.2512114566929134
0
LINE
8
BLACK
6
CONTINUOUS
10
0.3636824015748031
20
-0.2512114566929134
11
0.3587551574803149
21
-0.2512114566929134
0
LINE
8
BLACK
6
CONTINUOUS
10
0.3587551574803149
20
-0.2512114566929134
11
0.3584504724409449
21
-0.2511814173228347
0
LINE
8
BLACK
6
CONTINUOUS
10
0.3584504724409449
20
-0.2511814173228347
11
0.358373031496063
21
-0.2511866141732284
0
LINE
8
BLACK
6
CONTINUOUS
10
0.358373031496063
20
-0.2511866141732284
11
0.3583196456692913
21
-0.2511685433070866
0
LINE
8
BLACK
6
CONTINUOUS
10
0.3583196456692913
20
-0.2511685433070866
11
0.358179094488189
21
-0.2511547244094488
0
LINE
8
BLACK
6
CONTINUOUS
10
0.358179094488189
20
-0.2511547244094488
11
0.3577358661417323
21
-0.2509711023622047
0
LINE
8
BLACK
6
CONTINUOUS
10
0.3577358661417323
20
-0.2509711023622047
11
0.3572816535433071
21
-0.2508175196850393
0
LINE
8
BLACK
6
CONTINUOUS
10
0.3572816535433071
20
-0.2508175196850393
11
0.3572066535433071
21
-0.2507519291338582
0
LINE
8
BLACK
6
CONTINUOUS
10
0.3572066535433071
20
-0.2507519291338582
11
0.3571146850393701
21
-0.2507138188976378
0
LINE
8
BLACK
6
CONTINUOUS
10
0.3571146850393701
20
-0.2507138188976378
11
0.3567756692913386
21
-0.2503748031496063
0
LINE
8
BLACK
6
CONTINUOUS
10
0.3567756692913386
20
-0.2503748031496063
11
0.3564145669291339
21
-0.2500588582677165
0
LINE
8
BLACK
6
CONTINUOUS
10
0.3564145669291339
20
-0.2500588582677165
11
0.3563703543307086
21
-0.2499694881889764
0
LINE
8
BLACK
6
CONTINUOUS
10
0.3563703543307086
20
-0.2499694881889764
11
0.3563000393700788
21
-0.2498991732283465
0
LINE
8
BLACK
6
CONTINUOUS
10
0.3563000393700788
20
-0.2498991732283465
11
0.3561165354330709
21
-0.2494562204724409
0
LINE
8
BLACK
6
CONTINUOUS
10
0.3561165354330709
20
-0.2494562204724409
11
0.3559038582677165
21
-0.2490261023622047
0
LINE
8
BLACK
6
CONTINUOUS
10
0.3559038582677165
20
-0.2490261023622047
11
0.3558972047244094
21
-0.2489267322834646
0
LINE
8
BLACK
6
CONTINUOUS
10
0.3558972047244094
20
-0.2489267322834646
11
0.3558591338582677
21
-0.2488347637795275
0
LINE
8
BLACK
6
CONTINUOUS
10
0.3558591338582677
20
-0.2488347637795275
11
0.3558591338582677
21
-0.2483550393700787
0
LINE
8
BLACK
6
CONTINUOUS
10
0.3558591338582677
20
-0.2483550393700787
11
0.3558272440944882
21
-0.2478765748031496
0
LINE
8
BLACK
6
CONTINUOUS
10
0.3558272440944882
20
-0.2478765748031496
11
0.3558591338582677
21
-0.2477822440944882
0
LINE
8
BLACK
6
CONTINUOUS
10
0.3558591338582677
20
-0.2477822440944882
11
0.3558591338582677
21
-0.2476826377952756
0
LINE
8
BLACK
6
CONTINUOUS
10
0.3558591338582677
20
-0.2476826377952756
11
0.3560427165354331
21
-0.2472394094488189
0
LINE
8
BLACK
6
CONTINUOUS
10
0.3560427165354331
20
-0.2472394094488189
11
0.3561963385826771
21
-0.2467851968503937
0
LINE
8
BLACK
6
CONTINUOUS
10
0.3561963385826771
20
-0.2467851968503937
11
0.3562784251968504
21
-0.2466703149606299
0
LINE
8
BLACK
6
CONTINUOUS
10
0.3562784251968504
20
-0.2466703149606299
11
0.3563000393700788
21
-0.2466182283464567
0
LINE
8
BLACK
6
CONTINUOUS
10
0.3563000393700788
20
-0.2466182283464567
11
0.3563549606299212
21
-0.2465632677165354
0
LINE
8
BLACK
6
CONTINUOUS
10
0.3563549606299212
20
-0.2465632677165354
11
0.3565329921259843
21
-0.2463142913385827
0
LINE
8
BLACK
6
CONTINUOUS
10
0.3565329921259843
20
-0.2463142913385827
11
0.3653713385826772
21
-0.2362133464566929
0
LINE
8
BLACK
6
CONTINUOUS
10
0.3653713385826772
20
-0.2362133464566929
11
0.3475065748031496
21
-0.2362133464566929
0
LINE
8
BLACK
6
CONTINUOUS
10
0.3475065748031496
20
-0.2362133464566929
11
0.3469305118110236
21
-0.2361566141732283
0
LINE
8
BLACK
6
CONTINUOUS
10
0.3469305118110236
20
-0.2361566141732283
11
0.3458661023622047
21
-0.2357157086614173
0
LINE
8
BLACK
6
CONTINUOUS
10
0.3458661023622047
20
-0.2357157086614173
11
0.3450514566929134
21
-0.234901062992126
0
LINE
8
BLACK
6
CONTINUOUS
10
0.3450514566929134
20
-0.234901062992126
11
0.3446105511811023
21
-0.2338366535433071
0
LINE
8
BLACK
6
CONTINUOUS
10
0.3446105511811023
20
-0.2338366535433071
11
0.3446105511811023
21
-0.2326845275590551
0
LINE
8
BLACK
6
CONTINUOUS
10
0.3446105511811023
20
-0.2326845275590551
11
0.3450514566929134
21
-0.2316201181102362
0
LINE
8
BLACK
6
CONTINUOUS
10
0.3450514566929134
20
-0.2316201181102362
11
0.3458661023622047
21
-0.2308054724409449
0
LINE
8
BLACK
6
CONTINUOUS
10
0.3458661023622047
20
-0.2308054724409449
11
0.3469305118110236
21
-0.2303645669291338
0
LINE
8
BLACK
6
CONTINUOUS
10
0.3469305118110236
20
-0.2303645669291338
11
0.3475065748031496
21
-0.2303078346456693
0
LINE
8
BLACK
6
CONTINUOUS
10
0.3475065748031496
20
-0.2303078346456693
11
0.3718785039370079
21
-0.2303078346456693
0
LINE
8
BLACK
6
CONTINUOUS
10
0.3718785039370079
20
-0.2303078346456693
11
0.3721831496062992
21
-0.2303378346456693
0
LINE
8
BLACK
6
CONTINUOUS
10
0.4024508267716536
20
-0.2303645669291338
11
0.4025488188976378
21
-0.230405157480315
0
LINE
8
BLACK
6
CONTINUOUS
10
0.4025488188976378
20
-0.230405157480315
11
0.4026546456692913
21
-0.2304126771653543
0
LINE
8
BLACK
6
CONTINUOUS
10
0.4026546456692913
20
-0.2304126771653543
11
0.4031952755905512
21
-0.2306195669291339
0
LINE
8
BLACK
6
CONTINUOUS
10
0.4031952755905512
20
-0.2306195669291339
11
0.4069448031496063
21
-0.2324943307086614
0
LINE
8
BLACK
6
CONTINUOUS
10
0.4069448031496063
20
-0.2324943307086614
11
0.4071927952755905
21
-0.2326503937007874
0
LINE
8
BLACK
6
CONTINUOUS
10
0.4071927952755905
20
-0.2326503937007874
11
0.4072647637795275
21
-0.2326802362204724
0
LINE
8
BLACK
6
CONTINUOUS
10
0.4072647637795275
20
-0.2326802362204724
11
0.4073457086614173
21
-0.2327466929133858
0
LINE
8
BLACK
6
CONTINUOUS
10
0.4073457086614173
20
-0.2327466929133858
11
0.4074346850393701
21
-0.2328026771653543
0
LINE
8
BLACK
6
CONTINUOUS
10
0.4074346850393701
20
-0.2328026771653543
11
0.4074858267716535
21
-0.2328616535433071
0
LINE
8
BLACK
6
CONTINUOUS
10
0.4074858267716535
20
-0.2328616535433071
11
0.4077122047244094
21
-0.2330474409448819
0
LINE
8
BLACK
6
CONTINUOUS
10
0.4077122047244094
20
-0.2330474409448819
11
0.409586968503937
21
-0.2349222047244094
0
LINE
8
BLACK
6
CONTINUOUS
10
0.409586968503937
20
-0.2349222047244094
11
0.4097727165354331
21
-0.2351485433070866
0
LINE
8
BLACK
6
CONTINUOUS
10
0.4097727165354331
20
-0.2351485433070866
11
0.4098317322834645
21
-0.2351997244094488
0
LINE
8
BLACK
6
CONTINUOUS
10
0.4098317322834645
20
-0.2351997244094488
11
0.4098876771653543
21
-0.2352886614173228
0
LINE
8
BLACK
6
CONTINUOUS
10
0.4098876771653543
20
-0.2352886614173228
11
0.4099541732283464
21
-0.2353696456692913
0
LINE
8
BLACK
6
CONTINUOUS
10
0.4099541732283464
20
-0.2353696456692913
11
0.4099839763779528
21
-0.2354415748031496
0
LINE
8
BLACK
6
CONTINUOUS
10
0.4099839763779528
20
-0.2354415748031496
11
0.4101400787401575
21
-0.2356896062992126
0
LINE
8
BLACK
6
CONTINUOUS
10
0.4101400787401575
20
-0.2356896062992126
11
0.412014842519685
21
-0.2394391338582677
0
LINE
8
BLACK
6
CONTINUOUS
10
0.412014842519685
20
-0.2394391338582677
11
0.4122217322834645
21
-0.2399797244094488
0
LINE
8
BLACK
6
CONTINUOUS
10
0.4122217322834645
20
-0.2399797244094488
11
0.4122292519685039
21
-0.2400855905511811
0
LINE
8
BLACK
6
CONTINUOUS
10
0.4122292519685039
20
-0.2400855905511811
11
0.412269842519685
21
-0.2401835826771654
0
LINE
8
BLACK
6
CONTINUOUS
10
0.412269842519685
20
-0.2401835826771654
11
0.4123265748031496
21
-0.2407596456692913
0
LINE
8
BLACK
6
CONTINUOUS
10
0.4123265748031496
20
-0.2407596456692913
11
0.4123265748031496
21
-0.2445091732283464
0
LINE
8
BLACK
6
CONTINUOUS
10
0.4123265748031496
20
-0.2445091732283464
11
0.4122978346456693
21
-0.2448007480314961
0
LINE
8
BLACK
6
CONTINUOUS
10
0.4122978346456693
20
-0.2448007480314961
11
0.4123033858267716
21
-0.2448785039370079
0
LINE
8
BLACK
6
CONTINUOUS
10
0.4123033858267716
20
-0.2448785039370079
11
0.4122801181102362
21
-0.2449807480314961
0
LINE
8
BLACK
6
CONTINUOUS
10
0.4122801181102362
20
-0.2449807480314961
11
0.412269842519685
21
-0.2450852362204724
0
LINE
8
BLACK
6
CONTINUOUS
10
0.412269842519685
20
-0.2450852362204724
11
0.4122399606299212
21
-0.2451572834645669
0
LINE
8
BLACK
6
CONTINUOUS
10
0.4122399606299212
20
-0.2451572834645669
11
0.4121750393700787
21
-0.2454429527559055
0
LINE
8
BLACK
6
CONTINUOUS
10
0.4121750393700787
20
-0.2454429527559055
11
0.4103002755905512
21
-0.2510672047244095
0
LINE
8
BLACK
6
CONTINUOUS
10
0.4103002755905512
20
-0.2510672047244095
11
0.4100642913385827
21
-0.2515957874015748
0
LINE
8
BLACK
6
CONTINUOUS
10
0.4100642913385827
20
-0.2515957874015748
11
0.4099948031496063
21
-0.2516758661417323
0
LINE
8
BLACK
6
CONTINUOUS
10
0.4099948031496063
20
-0.2516758661417323
11
0.4099542125984252
21
-0.251773937007874
0
LINE
8
BLACK
6
CONTINUOUS
10
0.4099542125984252
20
-0.251773937007874
11
0.409586968503937
21
-0.2522213779527559
0
LINE
8
BLACK
6
CONTINUOUS
10
0.409586968503937
20
-0.2522213779527559
11
0.3921304724409449
21
-0.2696779133858268
0
LINE
8
BLACK
6
CONTINUOUS
10
0.3921304724409449
20
-0.2696779133858268
11
0.4093738188976378
21
-0.2696779133858268
0
LINE
8
BLACK
6
CONTINUOUS
10
0.4093738188976378
20
-0.2696779133858268
11
0.4099498818897638
21
-0.2697346456692913
0
LINE
8
BLACK
6
CONTINUOUS
10
0.4099498818897638
20
-0.2697346456692913
11
0.4110142913385827
21
-0.2701755511811024
0
LINE
8
BLACK
6
CONTINUOUS
10
0.4110142913385827
20
-0.2701755511811024
11
0.411828937007874
21
-0.2709901968503937
0
LINE
8
BLACK
6
CONTINUOUS
10
0.411828937007874
20
-0.2709901968503937
11
0.412269842519685
21
-0.2720546062992126
0
LINE
8
BLACK
6
CONTINUOUS
10
0.412269842519685
20
-0.2720546062992126
11
0.412269842519685
21
-0.2732067322834645
0
LINE
8
BLACK
6
CONTINUOUS
10
0.412269842519685
20
-0.2732067322834645
11
0.411828937007874
21
-0.2742711417322835
0
LINE
8
BLACK
6
CONTINUOUS
10
0.411828937007874
20
-0.2742711417322835
11
0.4110142913385827
21
-0.2750857874015748
0
LINE
8
BLACK
6
CONTINUOUS
10
0.4110142913385827
20
-0.2750857874015748
11
0.4099498818897638
21
-0.2755266929133858
0
LINE
8
BLACK
6
CONTINUOUS
10
0.4099498818897638
20
-0.2755266929133858
11
0.4093738188976378
21
-0.2755834251968504
0
LINE
8
BLACK
6
CONTINUOUS
10
0.4093738188976378
20
-0.2755834251968504
11
0.3850018897637795
21
-0.2755834251968504
0
LINE
8
BLACK
6
CONTINUOUS
10
0.3850018897637795
20
-0.2755834251968504
11
0.3844258267716535
21
-0.2755266929133858
0
LINE
8
BLACK
6
CONTINUOUS
10
0.3844258267716535
20
-0.2755266929133858
11
0.3833614173228346
21
-0.2750857874015748
0
LINE
8
BLACK
6
CONTINUOUS
10
0.3833614173228346
20
-0.2750857874015748
11
0.3825467716535433
21
-0.2742711417322835
0
LINE
8
BLACK
6
CONTINUOUS
10
0.3825467716535433
20
-0.2742711417322835
11
0.3821058661417323
21
-0.2732067322834645
0
LINE
8
BLACK
6
CONTINUOUS
10
0.3821058661417323
20
-0.2732067322834645
11
0.3821058661417323
21
-0.2720546062992126
0
LINE
8
BLACK
6
CONTINUOUS
10
0.3821058661417323
20
-0.2720546062992126
11
0.3825467716535433
21
-0.2709901968503937
0
LINE
8
BLACK
6
CONTINUOUS
10
0.3825467716535433
20
-0.2709901968503937
11
0.3829139763779528
21
-0.2705427559055118
0
LINE
8
BLACK
6
CONTINUOUS
10
0.3829139763779528
20
-0.2705427559055118
11
0.4049182283464567
21
-0.2485384251968504
0
LINE
8
BLACK
6
CONTINUOUS
10
0.4049182283464567
20
-0.2485384251968504
11
0.406421062992126
21
-0.2440300393700787
0
LINE
8
BLACK
6
CONTINUOUS
10
0.406421062992126
20
-0.2440300393700787
11
0.406421062992126
21
-0.2414566929133858
0
LINE
8
BLACK
6
CONTINUOUS
10
0.406421062992126
20
-0.2414566929133858
11
0.4050723228346457
21
-0.2387592125984252
0
LINE
8
BLACK
6
CONTINUOUS
10
0.4050723228346457
20
-0.2387592125984252
11
0.4038751968503937
21
-0.2375620866141732
0
LINE
8
BLACK
6
CONTINUOUS
10
0.4038751968503937
20
-0.2375620866141732
11
0.401177716535433
21
-0.2362133464566929
0
LINE
8
BLACK
6
CONTINUOUS
10
0.401177716535433
20
-0.2362133464566929
11
0.3931979921259842
21
-0.2362133464566929
0
LINE
8
BLACK
6
CONTINUOUS
10
0.3931979921259842
20
-0.2362133464566929
11
0.3905005118110236
21
-0.2375620866141732
0
LINE
8
BLACK
6
CONTINUOUS
10
0.3905005118110236
20
-0.2375620866141732
11
0.3889645669291338
21
-0.239098031496063
0
LINE
8
BLACK
6
CONTINUOUS
10
0.3889645669291338
20
-0.239098031496063
11
0.388517125984252
21
-0.2394652362204724
0
LINE
8
BLACK
6
CONTINUOUS
10
0.388517125984252
20
-0.2394652362204724
11
0.3874526771653543
21
-0.2399061417322834
0
LINE
8
BLACK
6
CONTINUOUS
10
0.3874526771653543
20
-0.2399061417322834
11
0.3863006299212599
21
-0.2399061417322834
0
LINE
8
BLACK
6
CONTINUOUS
10
0.3863006299212599
20
-0.2399061417322834
11
0.3852361811023622
21
-0.2394652362204724
0
LINE
8
BLACK
6
CONTINUOUS
10
0.3852361811023622
20
-0.2394652362204724
11
0.3844215354330708
21
-0.2386505905511811
0
LINE
8
BLACK
6
CONTINUOUS
10
0.3844215354330708
20
-0.2386505905511811
11
0.3839806299212598
21
-0.2375861417322835
0
LINE
8
BLACK
6
CONTINUOUS
10
0.3839806299212598
20
-0.2375861417322835
11
0.3839806299212598
21
-0.236434094488189
0
LINE
8
BLACK
6
CONTINUOUS
10
0.3839806299212598
20
-0.236434094488189
11
0.3844215354330708
21
-0.2353696456692913
0
LINE
8
BLACK
6
CONTINUOUS
10
0.3844215354330708
20
-0.2353696456692913
11
0.3847887401574803
21
-0.2349222047244094
0
LINE
8
BLACK
6
CONTINUOUS
10
0.3847887401574803
20
-0.2349222047244094
11
0.3866635039370079
21
-0.2330474409448819
0
LINE
8
BLACK
6
CONTINUOUS
10
0.3866635039370079
20
-0.2330474409448819
11
0.3868898425196851
21
-0.2328616535433071
0
LINE
8
BLACK
6
CONTINUOUS
10
0.3868898425196851
20
-0.2328616535433071
11
0.3869410236220472
21
-0.2328026771653543
0
LINE
8
BLACK
6
CONTINUOUS
10
0.3869410236220472
20
-0.2328026771653543
11
0.3870299606299212
21
-0.2327466929133858
0
LINE
8
BLACK
6
CONTINUOUS
10
0.3870299606299212
20
-0.2327466929133858
11
0.3871109448818897
21
-0.2326802362204724
0
LINE
8
BLACK
6
CONTINUOUS
10
0.3871109448818897
20
-0.2326802362204724
11
0.387182874015748
21
-0.2326503937007874
0
LINE
8
BLACK
6
CONTINUOUS
10
0.387182874015748
20
-0.2326503937007874
11
0.387430905511811
21
-0.2324943307086614
0
LINE
8
BLACK
6
CONTINUOUS
10
0.387430905511811
20
-0.2324943307086614
11
0.3911804330708661
21
-0.2306195669291339
0
LINE
8
BLACK
6
CONTINUOUS
10
0.3911804330708661
20
-0.2306195669291339
11
0.3917210236220472
21
-0.2304126771653543
0
LINE
8
BLACK
6
CONTINUOUS
10
0.3917210236220472
20
-0.2304126771653543
11
0.3918268897637795
21
-0.2304051181102362
0
LINE
8
BLACK
6
CONTINUOUS
10
0.3918268897637795
20
-0.2304051181102362
11
0.3919248818897638
21
-0.2303645669291338
0
LINE
8
BLACK
6
CONTINUOUS
10
0.3919248818897638
20
-0.2303645669291338
11
0.3925009448818897
21
-0.2303078346456693
0
LINE
8
BLACK
6
CONTINUOUS
10
0.3925009448818897
20
-0.2303078346456693
11
0.4018747637795276
21
-0.2303078346456693
0
LINE
8
BLACK
6
CONTINUOUS
10
0.4018747637795276
20
-0.2303078346456693
11
0.4024508267716536
21
-0.2303645669291338
0
LINE
8
BLACK
6
CONTINUOUS
10
0.3334285826771654
20
-0.2661275984251968
11
0.3341488976377953
21
-0.2664259448818898
0
LINE
8
BLACK
6
CONTINUOUS
10
0.3341488976377953
20
-0.2664259448818898
11
0.334148937007874
21
-0.2664259842519685
0
LINE
8
BLACK
6
CONTINUOUS
10
0.334148937007874
20
-0.2664259842519685
11
0.3345964173228346
21
-0.2667932283464567
0
LINE
8
BLACK
6
CONTINUOUS
10
0.3345964173228346
20
-0.2667932283464567
11
0.3364711417322834
21
-0.2686679921259842
0
LINE
8
BLACK
6
CONTINUOUS
10
0.3364711417322834
20
-0.2686679921259842
11
0.3368383858267717
21
-0.2691154724409449
0
LINE
8
BLACK
6
CONTINUOUS
10
0.3368383858267717
20
-0.2691154724409449
11
0.3372774409448819
21
-0.2701755511811024
0
LINE
8
BLACK
6
CONTINUOUS
10
0.3372774409448819
20
-0.2701755511811024
11
0.3372792519685039
21
-0.2701798818897638
0
LINE
8
BLACK
6
CONTINUOUS
10
0.3372792519685039
20
-0.2701798818897638
11
0.3372792519685039
21
-0.271331968503937
0
LINE
8
BLACK
6
CONTINUOUS
10
0.3372792519685039
20
-0.271331968503937
11
0.3368383464566929
21
-0.2723963779527559
0
LINE
8
BLACK
6
CONTINUOUS
10
0.3368383464566929
20
-0.2723963779527559
11
0.3364711417322834
21
-0.2728438188976378
0
LINE
8
BLACK
6
CONTINUOUS
10
0.3364711417322834
20
-0.2728438188976378
11
0.3345963779527559
21
-0.2747185826771654
0
LINE
8
BLACK
6
CONTINUOUS
10
0.3345963779527559
20
-0.2747185826771654
11
0.334148937007874
21
-0.2750857874015748
0
LINE
8
BLACK
6
CONTINUOUS
10
0.334148937007874
20
-0.2750857874015748
11
0.3330845275590551
21
-0.2755266929133858
0
LINE
8
BLACK
6
CONTINUOUS
10
0.3330845275590551
20
-0.2755266929133858
11
0.3330844881889763
21
-0.2755266929133858
0
LINE
8
BLACK
6
CONTINUOUS
10
0.3330844881889763
20
-0.2755266929133858
11
0.3319324409448819
21
-0.2755266929133858
0
LINE
8
BLACK
6
CONTINUOUS
10
0.3319324409448819
20
-0.2755266929133858
11
0.3319324015748031
21
-0.2755266929133858
0
LINE
8
BLACK
6
CONTINUOUS
10
0.3319324015748031
20
-0.2755266929133858
11
0.3308679921259842
21
-0.2750857874015748
0
LINE
8
BLACK
6
CONTINUOUS
10
0.3308679921259842
20
-0.2750857874015748
11
0.3304205511811024
21
-0.2747185826771654
0
LINE
8
BLACK
6
CONTINUOUS
10
0.3304205511811024
20
-0.2747185826771654
11
0.3285457874015748
21
-0.2728438188976378
0
LINE
8
BLACK
6
CONTINUOUS
10
0.3285457874015748
20
-0.2728438188976378
11
0.3281785826771653
21
-0.2723963779527559
0
LINE
8
BLACK
6
CONTINUOUS
10
0.3281785826771653
20
-0.2723963779527559
11
0.3279359842519685
21
-0.2718106692913386
0
LINE
8
BLACK
6
CONTINUOUS
10
0.3279359842519685
20
-0.2718106692913386
11
0.3277376771653543
21
-0.271331968503937
0
LINE
8
BLACK
6
CONTINUOUS
10
0.3277376771653543
20
-0.271331968503937
11
0.3277376771653543
21
-0.2701798818897638
0
LINE
8
BLACK
6
CONTINUOUS
10
0.3277376771653543
20
-0.2701798818897638
11
0.3281785433070866
21
-0.2691154724409449
0
LINE
8
BLACK
6
CONTINUOUS
10
0.3281785433070866
20
-0.2691154724409449
11
0.3285457480314961
21
-0.268668031496063
0
LINE
8
BLACK
6
CONTINUOUS
10
0.3285457480314961
20
-0.268668031496063
11
0.3304205118110236
21
-0.2667932283464567
0
LINE
8
BLACK
6
CONTINUOUS
10
0.3304205118110236
20
-0.2667932283464567
11
0.3308679921259842
21
-0.2664259842519685
0
LINE
8
BLACK
6
CONTINUOUS
10
0.3308679921259842
20
-0.2664259842519685
11
0.330868031496063
21
-0.2664259448818898
0
LINE
8
BLACK
6
CONTINUOUS
10
0.330868031496063
20
-0.2664259448818898
11
0.3315883464566929
21
-0.2661275984251968
0
LINE
8
BLACK
6
CONTINUOUS
10
0.3315883464566929
20
-0.2661275984251968
11
0.3319324015748031
21
-0.2659850787401575
0
LINE
8
BLACK
6
CONTINUOUS
10
0.3319324015748031
20
-0.2659850787401575
11
0.3330844881889763
21
-0.2659850787401575
0
LINE
8
BLACK
6
CONTINUOUS
10
0.3330844881889763
20
-0.2659850787401575
11
0.3330845275590551
21
-0.2659850787401575
0
LINE
8
BLACK
6
CONTINUOUS
10
0.3330845275590551
20
-0.2659850787401575
11
0.3334285826771654
21
-0.2661275984251968
0
LINE
8
BLACK
6
CONTINUOUS
10
0.4680676377952756
20
-0.2434879133858268
11
0.4681656299212598
21
-0.2435285039370079
0
LINE
8
BLACK
6
CONTINUOUS
10
0.4681656299212598
20
-0.2435285039370079
11
0.4682714566929134
21
-0.2435360236220472
0
LINE
8
BLACK
6
CONTINUOUS
10
0.4682714566929134
20
-0.2435360236220472
11
0.4688120866141732
21
-0.2437429133858268
0
LINE
8
BLACK
6
CONTINUOUS
10
0.4688120866141732
20
-0.2437429133858268
11
0.4725616141732283
21
-0.2456176771653543
0
LINE
8
BLACK
6
CONTINUOUS
10
0.4725616141732283
20
-0.2456176771653543
11
0.4726579527559055
21
-0.2456783070866142
0
LINE
8
BLACK
6
CONTINUOUS
10
0.4726579527559055
20
-0.2456783070866142
11
0.4727033858267716
21
-0.2456934645669291
0
LINE
8
BLACK
6
CONTINUOUS
10
0.4727033858267716
20
-0.2456934645669291
11
0.4727599212598425
21
-0.2457424803149606
0
LINE
8
BLACK
6
CONTINUOUS
10
0.4727599212598425
20
-0.2457424803149606
11
0.4730514960629921
21
-0.2459260236220472
0
LINE
8
BLACK
6
CONTINUOUS
10
0.4730514960629921
20
-0.2459260236220472
11
0.4731158661417323
21
-0.2460002362204724
0
LINE
8
BLACK
6
CONTINUOUS
10
0.4731158661417323
20
-0.2460002362204724
11
0.4731802362204724
21
-0.2459260236220472
0
LINE
8
BLACK
6
CONTINUOUS
10
0.4731802362204724
20
-0.2459260236220472
11
0.4734717716535433
21
-0.2457424803149606
0
LINE
8
BLACK
6
CONTINUOUS
10
0.4734717716535433
20
-0.2457424803149606
11
0.4735283464566929
21
-0.2456934645669291
0
LINE
8
BLACK
6
CONTINUOUS
10
0.4735283464566929
20
-0.2456934645669291
11
0.4735737401574803
21
-0.2456783070866142
0
LINE
8
BLACK
6
CONTINUOUS
10
0.4735737401574803
20
-0.2456783070866142
11
0.4736701181102362
21
-0.2456176771653543
0
LINE
8
BLACK
6
CONTINUOUS
10
0.4736701181102362
20
-0.2456176771653543
11
0.4774196456692913
21
-0.2437429133858268
0
LINE
8
BLACK
6
CONTINUOUS
10
0.4774196456692913
20
-0.2437429133858268
11
0.4779602362204725
21
-0.2435360236220472
0
LINE
8
BLACK
6
CONTINUOUS
10
0.4779602362204725
20
-0.2435360236220472
11
0.4780661023622047
21
-0.2435284645669291
0
LINE
8
BLACK
6
CONTINUOUS
10
0.4780661023622047
20
-0.2435284645669291
11
0.478164094488189
21
-0.2434879133858268
0
LINE
8
BLACK
6
CONTINUOUS
10
0.478164094488189
20
-0.2434879133858268
11
0.478740157480315
21
-0.2434311811023622
0
LINE
8
BLACK
6
CONTINUOUS
10
0.478740157480315
20
-0.2434311811023622
11
0.4843644488188976
21
-0.2434311811023622
0
LINE
8
BLACK
6
CONTINUOUS
10
0.4843644488188976
20
-0.2434311811023622
11
0.4849405118110236
21
-0.2434879133858268
0
LINE
8
BLACK
6
CONTINUOUS
10
0.4849405118110236
20
-0.2434879133858268
11
0.4850385039370079
21
-0.2435285039370079
0
LINE
8
BLACK
6
CONTINUOUS
10
0.4850385039370079
20
-0.2435285039370079
11
0.4851443307086614
21
-0.2435360236220472
0
LINE
8
BLACK
6
CONTINUOUS
10
0.4851443307086614
20
-0.2435360236220472
11
0.4856849606299212
21
-0.2437429133858268
0
LINE
8
BLACK
6
CONTINUOUS
10
0.4856849606299212
20
-0.2437429133858268
11
0.4894345275590551
21
-0.2456176771653543
0
LINE
8
BLACK
6
CONTINUOUS
10
0.4894345275590551
20
-0.2456176771653543
11
0.4895308267716535
21
-0.2456783070866142
0
LINE
8
BLACK
6
CONTINUOUS
10
0.4895308267716535
20
-0.2456783070866142
11
0.4895762992125984
21
-0.2456934645669291
0
LINE
8
BLACK
6
CONTINUOUS
10
0.4895762992125984
20
-0.2456934645669291
11
0.489632874015748
21
-0.2457425196850394
0
LINE
8
BLACK
6
CONTINUOUS
10
0.489632874015748
20
-0.2457425196850394
11
0.4899243700787401
21
-0.2459260236220472
0
LINE
8
BLACK
6
CONTINUOUS
10
0.4899243700787401
20
-0.2459260236220472
11
0.4901668503937008
21
-0.2462056299212598
0
LINE
8
BLACK
6
CONTINUOUS
10
0.4901668503937008
20
-0.2462056299212598
11
0.4904466929133858
21
-0.2464483070866142
0
LINE
8
BLACK
6
CONTINUOUS
10
0.4904466929133858
20
-0.2464483070866142
11
0.4906301968503937
21
-0.246739842519685
0
LINE
8
BLACK
6
CONTINUOUS
10
0.4906301968503937
20
-0.246739842519685
11
0.4906792519685039
21
-0.2467964173228346
0
LINE
8
BLACK
6
CONTINUOUS
10
0.4906792519685039
20
-0.2467964173228346
11
0.4906943700787402
21
-0.246841811023622
0
LINE
8
BLACK
6
CONTINUOUS
10
0.4906943700787402
20
-0.246841811023622
11
0.4907550393700787
21
-0.246938188976378
0
LINE
8
BLACK
6
CONTINUOUS
10
0.4907550393700787
20
-0.246938188976378
11
0.4926298031496063
21
-0.2506877165354331
0
LINE
8
BLACK
6
CONTINUOUS
10
0.4926298031496063
20
-0.2506877165354331
11
0.4928366929133858
21
-0.2512283070866141
0
LINE
8
BLACK
6
CONTINUOUS
10
0.4928366929133858
20
-0.2512283070866141
11
0.4928442125984252
21
-0.2513341732283464
0
LINE
8
BLACK
6
CONTINUOUS
10
0.4928442125984252
20
-0.2513341732283464
11
0.4928848031496063
21
-0.2514321653543307
0
LINE
8
BLACK
6
CONTINUOUS
10
0.4928848031496063
20
-0.2514321653543307
11
0.4929415354330708
21
-0.2520082283464567
0
LINE
8
BLACK
6
CONTINUOUS
10
0.4929415354330708
20
-0.2520082283464567
11
0.4929415354330708
21
-0.2726306692913386
0
LINE
8
BLACK
6
CONTINUOUS
10
0.4929415354330708
20
-0.2726306692913386
11
0.4928848031496063
21
-0.2732067322834645
0
LINE
8
BLACK
6
CONTINUOUS
10
0.4928848031496063
20
-0.2732067322834645
11
0.4924438976377953
21
-0.2742711417322835
0
LINE
8
BLACK
6
CONTINUOUS
10
0.4924438976377953
20
-0.2742711417322835
11
0.4916292519685039
21
-0.2750857874015748
0
LINE
8
BLACK
6
CONTINUOUS
10
0.4916292519685039
20
-0.2750857874015748
11
0.490564842519685
21
-0.2755266929133858
0
LINE
8
BLACK
6
CONTINUOUS
10
0.490564842519685
20
-0.2755266929133858
11
0.4894127165354331
21
-0.2755266929133858
0
LINE
8
BLACK
6
CONTINUOUS
10
0.4894127165354331
20
-0.2755266929133858
11
0.4883483070866141
21
-0.2750857874015748
0
LINE
8
BLACK
6
CONTINUOUS
10
0.4883483070866141
20
-0.2750857874015748
11
0.4875336614173228
21
-0.2742711417322835
0
LINE
8
BLACK
6
CONTINUOUS
10
0.4875336614173228
20
-0.2742711417322835
11
0.4870927559055118
21
-0.2732067322834645
0
LINE
8
BLACK
6
CONTINUOUS
10
0.4870927559055118
20
-0.2732067322834645
11
0.4870360236220472
21
-0.2726306692913386
0
LINE
8
BLACK
6
CONTINUOUS
10
0.4870360236220472
20
-0.2726306692913386
11
0.4870360236220472
21
-0.2527052755905512
0
LINE
8
BLACK
6
CONTINUOUS
10
0.4870360236220472
20
-0.2527052755905512
11
0.4859131496062992
21
-0.2504595275590551
0
LINE
8
BLACK
6
CONTINUOUS
10
0.4859131496062992
20
-0.2504595275590551
11
0.4836674015748031
21
-0.2493366929133858
0
LINE
8
BLACK
6
CONTINUOUS
10
0.4836674015748031
20
-0.2493366929133858
11
0.4794372047244094
21
-0.2493366929133858
0
LINE
8
BLACK
6
CONTINUOUS
10
0.4794372047244094
20
-0.2493366929133858
11
0.4771914566929134
21
-0.2504595275590551
0
LINE
8
BLACK
6
CONTINUOUS
10
0.4771914566929134
20
-0.2504595275590551
11
0.4760686220472441
21
-0.2527052755905512
0
LINE
8
BLACK
6
CONTINUOUS
10
0.4760686220472441
20
-0.2527052755905512
11
0.4760686220472441
21
-0.2726306692913386
0
LINE
8
BLACK
6
CONTINUOUS
10
0.4760686220472441
20
-0.2726306692913386
11
0.4760118897637795
21
-0.2732067322834645
0
LINE
8
BLACK
6
CONTINUOUS
10
0.4760118897637795
20
-0.2732067322834645
11
0.4755709842519685
21
-0.2742711417322835
0
LINE
8
BLACK
6
CONTINUOUS
10
0.4755709842519685
20
-0.2742711417322835
11
0.4747563385826771
21
-0.2750857874015748
0
LINE
8
BLACK
6
CONTINUOUS
10
0.4747563385826771
20
-0.2750857874015748
11
0.4736919291338583
21
-0.2755266929133858
0
LINE
8
BLACK
6
CONTINUOUS
10
0.4736919291338583
20
-0.2755266929133858
11
0.4725398031496063
21
-0.2755266929133858
0
LINE
8
BLACK
6
CONTINUOUS
10
0.4725398031496063
20
-0.2755266929133858
11
0.4714753937007874
21
-0.2750857874015748
0
LINE
8
BLACK
6
CONTINUOUS
10
0.4714753937007874
20
-0.2750857874015748
11
0.470660748031496
21
-0.2742711417322835
0
LINE
8
BLACK
6
CONTINUOUS
10
0.470660748031496
20
-0.2742711417322835
11
0.470219842519685
21
-0.2732067322834645
0
LINE
8
BLACK
6
CONTINUOUS
10
0.470219842519685
20
-0.2732067322834645
11
0.4701631102362205
21
-0.2726306692913386
0
LINE
8
BLACK
6
CONTINUOUS
10
0.4701631102362205
20
-0.2726306692913386
11
0.4701631102362205
21
-0.2527052755905512
0
LINE
8
BLACK
6
CONTINUOUS
10
0.4701631102362205
20
-0.2527052755905512
11
0.4690402362204724
21
-0.2504595275590551
0
LINE
8
BLACK
6
CONTINUOUS
10
0.4690402362204724
20
-0.2504595275590551
11
0.4667945275590551
21
-0.2493366929133858
0
LINE
8
BLACK
6
CONTINUOUS
10
0.4667945275590551
20
-0.2493366929133858
11
0.4625643307086614
21
-0.2493366929133858
0
LINE
8
BLACK
6
CONTINUOUS
10
0.4625643307086614
20
-0.2493366929133858
11
0.4598668503937008
21
-0.2506854330708662
0
LINE
8
BLACK
6
CONTINUOUS
10
0.4598668503937008
20
-0.2506854330708662
11
0.459195748031496
21
-0.2513565354330708
0
LINE
8
BLACK
6
CONTINUOUS
10
0.459195748031496
20
-0.2513565354330708
11
0.459195748031496
21
-0.2726306692913386
0
LINE
8
BLACK
6
CONTINUOUS
10
0.459195748031496
20
-0.2726306692913386
11
0.4591390157480315
21
-0.2732067322834645
0
LINE
8
BLACK
6
CONTINUOUS
10
0.4591390157480315
20
-0.2732067322834645
11
0.4586981102362205
21
-0.2742711417322835
0
LINE
8
BLACK
6
CONTINUOUS
10
0.4586981102362205
20
-0.2742711417322835
11
0.4578834645669291
21
-0.2750857874015748
0
LINE
8
BLACK
6
CONTINUOUS
10
0.4578834645669291
20
-0.2750857874015748
11
0.4568190551181102
21
-0.2755266929133858
0
LINE
8
BLACK
6
CONTINUOUS
10
0.4568190551181102
20
-0.2755266929133858
11
0.4556669291338583
21
-0.2755266929133858
0
LINE
8
BLACK
6
CONTINUOUS
10
0.4556669291338583
20
-0.2755266929133858
11
0.4546025196850393
21
-0.2750857874015748
0
LINE
8
BLACK
6
CONTINUOUS
10
0.4546025196850393
20
-0.2750857874015748
11
0.453787874015748
21
-0.2742711417322835
0
LINE
8
BLACK
6
CONTINUOUS
10
0.453787874015748
20
-0.2742711417322835
11
0.453346968503937
21
-0.2732067322834645
0
LINE
8
BLACK
6
CONTINUOUS
10
0.453346968503937
20
-0.2732067322834645
11
0.4532902362204724
21
-0.2726306692913386
0
LINE
8
BLACK
6
CONTINUOUS
10
0.4532902362204724
20
-0.2726306692913386
11
0.4532902362204724
21
-0.246383937007874
0
LINE
8
BLACK
6
CONTINUOUS
10
0.4532902362204724
20
-0.246383937007874
11
0.453346968503937
21
-0.245807874015748
0
LINE
8
BLACK
6
CONTINUOUS
10
0.453346968503937
20
-0.245807874015748
11
0.453787874015748
21
-0.2447434645669291
0
LINE
8
BLACK
6
CONTINUOUS
10
0.453787874015748
20
-0.2447434645669291
11
0.4546025196850393
21
-0.2439288188976378
0
LINE
8
BLACK
6
CONTINUOUS
10
0.4546025196850393
20
-0.2439288188976378
11
0.4556669291338583
21
-0.2434879133858268
0
LINE
8
BLACK
6
CONTINUOUS
10
0.4556669291338583
20
-0.2434879133858268
11
0.4568190551181102
21
-0.2434879133858268
0
LINE
8
BLACK
6
CONTINUOUS
10
0.4568190551181102
20
-0.2434879133858268
11
0.4578834645669291
21
-0.2439288188976378
0
LINE
8
BLACK
6
CONTINUOUS
10
0.4578834645669291
20
-0.2439288188976378
11
0.4586472834645669
21
-0.2446926377952756
0
LINE
8
BLACK
6
CONTINUOUS
10
0.4586472834645669
20
-0.2446926377952756
11
0.4605467716535433
21
-0.2437429133858268
0
LINE
8
BLACK
6
CONTINUOUS
10
0.4605467716535433
20
-0.2437429133858268
11
0.4610873622047244
21
-0.2435360236220472
0
LINE
8
BLACK
6
CONTINUOUS
10
0.4610873622047244
20
-0.2435360236220472
11
0.4611932283464567
21
-0.2435284645669291
0
LINE
8
BLACK
6
CONTINUOUS
10
0.4611932283464567
20
-0.2435284645669291
11
0.4612912204724409
21
-0.2434879133858268
0
LINE
8
BLACK
6
CONTINUOUS
10
0.4612912204724409
20
-0.2434879133858268
11
0.4618672834645669
21
-0.2434311811023622
0
LINE
8
BLACK
6
CONTINUOUS
10
0.4618672834645669
20
-0.2434311811023622
11
0.4674915748031496
21
-0.2434311811023622
0
LINE
8
BLACK
6
CONTINUOUS
10
0.4674915748031496
20
-0.2434311811023622
11
0.4680676377952756
21
-0.2434879133858268
0
LINE
8
BLACK
6
CONTINUOUS
10
0.520561062992126
20
-0.2434879133858268
11
0.5206590551181102
21
-0.2435285039370079
0
LINE
8
BLACK
6
CONTINUOUS
10
0.5206590551181102
20
-0.2435285039370079
11
0.5207648818897638
21
-0.2435360236220472
0
LINE
8
BLACK
6
CONTINUOUS
10
0.5207648818897638
20
-0.2435360236220472
11
0.5213055118110236
21
-0.2437429133858268
0
LINE
8
BLACK
6
CONTINUOUS
10
0.5213055118110236
20
-0.2437429133858268
11
0.5250550393700787
21
-0.2456176771653543
0
LINE
8
BLACK
6
CONTINUOUS
10
0.5250550393700787
20
-0.2456176771653543
11
0.5251513779527559
21
-0.2456783070866142
0
LINE
8
BLACK
6
CONTINUOUS
10
0.5251513779527559
20
-0.2456783070866142
11
0.525196811023622
21
-0.2456934645669291
0
LINE
8
BLACK
6
CONTINUOUS
10
0.525196811023622
20
-0.2456934645669291
11
0.5252533464566929
21
-0.2457424803149606
0
LINE
8
BLACK
6
CONTINUOUS
10
0.5252533464566929
20
-0.2457424803149606
11
0.5255449212598425
21
-0.2459260236220472
0
LINE
8
BLACK
6
CONTINUOUS
10
0.5255449212598425
20
-0.2459260236220472
11
0.5256092913385827
21
-0.2460002362204724
0
LINE
8
BLACK
6
CONTINUOUS
10
0.5256092913385827
20
-0.2460002362204724
11
0.5256736614173229
21
-0.2459260236220472
0
LINE
8
BLACK
6
CONTINUOUS
10
0.5256736614173229
20
-0.2459260236220472
11
0.5259651968503937
21
-0.2457424803149606
0
LINE
8
BLACK
6
CONTINUOUS
10
0.5259651968503937
20
-0.2457424803149606
11
0.5260217716535432
21
-0.2456934645669291
0
LINE
8
BLACK
6
CONTINUOUS
10
0.5260217716535432
20
-0.2456934645669291
11
0.5260671653543307
21
-0.2456783070866142
0
LINE
8
BLACK
6
CONTINUOUS
10
0.5260671653543307
20
-0.2456783070866142
11
0.5261635433070866
21
-0.2456176771653543
0
LINE
8
BLACK
6
CONTINUOUS
10
0.5261635433070866
20
-0.2456176771653543
11
0.5299130708661417
21
-0.2437429133858268
0
LINE
8
BLACK
6
CONTINUOUS
10
0.5299130708661417
20
-0.2437429133858268
11
0.5304536614173229
21
-0.2435360236220472
0
LINE
8
BLACK
6
CONTINUOUS
10
0.5304536614173229
20
-0.2435360236220472
11
0.5305595275590551
21
-0.2435284645669291
0
LINE
8
BLACK
6
CONTINUOUS
10
0.5305595275590551
20
-0.2435284645669291
11
0.5306575196850394
21
-0.2434879133858268
0
LINE
8
BLACK
6
CONTINUOUS
10
0.5306575196850394
20
-0.2434879133858268
11
0.5312335826771654
21
-0.2434311811023622
0
LINE
8
BLACK
6
CONTINUOUS
10
0.5312335826771654
20
-0.2434311811023622
11
0.536857874015748
21
-0.2434311811023622
0
LINE
8
BLACK
6
CONTINUOUS
10
0.536857874015748
20
-0.2434311811023622
11
0.537433937007874
21
-0.2434879133858268
0
LINE
8
BLACK
6
CONTINUOUS
10
0.537433937007874
20
-0.2434879133858268
11
0.5375319291338583
21
-0.2435285039370079
0
LINE
8
BLACK
6
CONTINUOUS
10
0.5375319291338583
20
-0.2435285039370079
11
0.5376377559055118
21
-0.2435360236220472
0
LINE
8
BLACK
6
CONTINUOUS
10
0.5376377559055118
20
-0.2435360236220472
11
0.5381783858267717
21
-0.2437429133858268
0
LINE
8
BLACK
6
CONTINUOUS
10
0.5381783858267717
20
-0.2437429133858268
11
0.5419279527559056
21
-0.2456176771653543
0
LINE
8
BLACK
6
CONTINUOUS
10
0.5419279527559056
20
-0.2456176771653543
11
0.5420242519685039
21
-0.2456783070866142
0
LINE
8
BLACK
6
CONTINUOUS
10
0.5420242519685039
20
-0.2456783070866142
11
0.5420697244094488
21
-0.2456934645669291
0
LINE
8
BLACK
6
CONTINUOUS
10
0.5420697244094488
20
-0.2456934645669291
11
0.5421262992125984
21
-0.2457425196850394
0
LINE
8
BLACK
6
CONTINUOUS
10
0.5421262992125984
20
-0.2457425196850394
11
0.5424177952755905
21
-0.2459260236220472
0
LINE
8
BLACK
6
CONTINUOUS
10
0.5424177952755905
20
-0.2459260236220472
11
0.5426602755905512
21
-0.2462056299212598
0
LINE
8
BLACK
6
CONTINUOUS
10
0.5426602755905512
20
-0.2462056299212598
11
0.5429401181102362
21
-0.2464483070866142
0
LINE
8
BLACK
6
CONTINUOUS
10
0.5429401181102362
20
-0.2464483070866142
11
0.5431236220472441
21
-0.246739842519685
0
LINE
8
BLACK
6
CONTINUOUS
10
0.5431236220472441
20
-0.246739842519685
11
0.5431726771653543
21
-0.2467964173228346
0
LINE
8
BLACK
6
CONTINUOUS
10
0.5431726771653543
20
-0.2467964173228346
11
0.5431877952755906
21
-0.246841811023622
0
LINE
8
BLACK
6
CONTINUOUS
10
0.5431877952755906
20
-0.246841811023622
11
0.5432484645669291
21
-0.246938188976378
0
LINE
8
BLACK
6
CONTINUOUS
10
0.5432484645669291
20
-0.246938188976378
11
0.5451232283464567
21
-0.2506877165354331
0
LINE
8
BLACK
6
CONTINUOUS
10
0.5451232283464567
20
-0.2506877165354331
11
0.5453301181102362
21
-0.2512283070866141
0
LINE
8
BLACK
6
CONTINUOUS
10
0.5453301181102362
20
-0.2512283070866141
11
0.5453376377952756
21
-0.2513341732283464
0
LINE
8
BLACK
6
CONTINUOUS
10
0.5453376377952756
20
-0.2513341732283464
11
0.5453782283464567
21
-0.2514321653543307
0
LINE
8
BLACK
6
CONTINUOUS
10
0.5453782283464567
20
-0.2514321653543307
11
0.5454349606299213
21
-0.2520082283464567
0
LINE
8
BLACK
6
CONTINUOUS
10
0.5454349606299213
20
-0.2520082283464567
11
0.5454349606299213
21
-0.2726306692913386
0
LINE
8
BLACK
6
CONTINUOUS
10
0.5454349606299213
20
-0.2726306692913386
11
0.5453782283464567
21
-0.2732067322834645
0
LINE
8
BLACK
6
CONTINUOUS
10
0.5453782283464567
20
-0.2732067322834645
11
0.5449373228346457
21
-0.2742711417322835
0
LINE
8
BLACK
6
CONTINUOUS
10
0.5449373228346457
20
-0.2742711417322835
11
0.5441226771653543
21
-0.2750857874015748
0
LINE
8
BLACK
6
CONTINUOUS
10
0.5441226771653543
20
-0.2750857874015748
11
0.5430582677165354
21
-0.2755266929133858
0
LINE
8
BLACK
6
CONTINUOUS
10
0.5430582677165354
20
-0.2755266929133858
11
0.5419061417322835
21
-0.2755266929133858
0
LINE
8
BLACK
6
CONTINUOUS
10
0.5419061417322835
20
-0.2755266929133858
11
0.5408417322834645
21
-0.2750857874015748
0
LINE
8
BLACK
6
CONTINUOUS
10
0.5408417322834645
20
-0.2750857874015748
11
0.5400270866141732
21
-0.2742711417322835
0
LINE
8
BLACK
6
CONTINUOUS
10
0.5400270866141732
20
-0.2742711417322835
11
0.5395861811023622
21
-0.2732067322834645
0
LINE
8
BLACK
6
CONTINUOUS
10
0.5395861811023622
20
-0.2732067322834645
11
0.5395294488188976
21
-0.2726306692913386
0
LINE
8
BLACK
6
CONTINUOUS
10
0.5395294488188976
20
-0.2726306692913386
11
0.5395294488188976
21
-0.2527052755905512
0
LINE
8
BLACK
6
CONTINUOUS
10
0.5395294488188976
20
-0.2527052755905512
11
0.5384065748031496
21
-0.2504595275590551
0
LINE
8
BLACK
6
CONTINUOUS
10
0.5384065748031496
20
-0.2504595275590551
11
0.5361608267716536
21
-0.2493366929133858
0
LINE
8
BLACK
6
CONTINUOUS
10
0.5361608267716536
20
-0.2493366929133858
11
0.5319306299212598
21
-0.2493366929133858
0
LINE
8
BLACK
6
CONTINUOUS
10
0.5319306299212598
20
-0.2493366929133858
11
0.5296848818897638
21
-0.2504595275590551
0
LINE
8
BLACK
6
CONTINUOUS
10
0.5296848818897638
20
-0.2504595275590551
11
0.5285620472440945
21
-0.2527052755905512
0
LINE
8
BLACK
6
CONTINUOUS
10
0.5285620472440945
20
-0.2527052755905512
11
0.5285620472440945
21
-0.2726306692913386
0
LINE
8
BLACK
6
CONTINUOUS
10
0.5285620472440945
20
-0.2726306692913386
11
0.5285053149606299
21
-0.2732067322834645
0
LINE
8
BLACK
6
CONTINUOUS
10
0.5285053149606299
20
-0.2732067322834645
11
0.5280644094488189
21
-0.2742711417322835
0
LINE
8
BLACK
6
CONTINUOUS
10
0.5280644094488189
20
-0.2742711417322835
11
0.5272497637795276
21
-0.2750857874015748
0
LINE
8
BLACK
6
CONTINUOUS
10
0.5272497637795276
20
-0.2750857874015748
11
0.5261853543307087
21
-0.2755266929133858
0
LINE
8
BLACK
6
CONTINUOUS
10
0.5261853543307087
20
-0.2755266929133858
11
0.5250332283464567
21
-0.2755266929133858
0
LINE
8
BLACK
6
CONTINUOUS
10
0.5250332283464567
20
-0.2755266929133858
11
0.5239688188976378
21
-0.2750857874015748
0
LINE
8
BLACK
6
CONTINUOUS
10
0.5239688188976378
20
-0.2750857874015748
11
0.5231541732283465
21
-0.2742711417322835
0
LINE
8
BLACK
6
CONTINUOUS
10
0.5231541732283465
20
-0.2742711417322835
11
0.5227132677165354
21
-0.2732067322834645
0
LINE
8
BLACK
6
CONTINUOUS
10
0.5227132677165354
20
-0.2732067322834645
11
0.5226565354330709
21
-0.2726306692913386
0
LINE
8
BLACK
6
CONTINUOUS
10
0.5226565354330709
20
-0.2726306692913386
11
0.5226565354330709
21
-0.2527052755905512
0
LINE
8
BLACK
6
CONTINUOUS
10
0.5226565354330709
20
-0.2527052755905512
11
0.5215336614173228
21
-0.2504595275590551
0
LINE
8
BLACK
6
CONTINUOUS
10
0.5215336614173228
20
-0.2504595275590551
11
0.5192879527559054
21
-0.2493366929133858
0
LINE
8
BLACK
6
CONTINUOUS
10
0.5192879527559054
20
-0.2493366929133858
11
0.5150577559055118
21
-0.2493366929133858
0
LINE
8
BLACK
6
CONTINUOUS
10
0.5150577559055118
20
-0.2493366929133858
11
0.5123602755905512
21
-0.2506854330708662
0
LINE
8
BLACK
6
CONTINUOUS
10
0.5123602755905512
20
-0.2506854330708662
11
0.5116891732283464
21
-0.2513565354330708
0
LINE
8
BLACK
6
CONTINUOUS
10
0.5116891732283464
20
-0.2513565354330708
11
0.5116891732283464
21
-0.2726306692913386
0
LINE
8
BLACK
6
CONTINUOUS
10
0.5116891732283464
20
-0.2726306692913386
11
0.5116324409448819
21
-0.2732067322834645
0
LINE
8
BLACK
6
CONTINUOUS
10
0.5116324409448819
20
-0.2732067322834645
11
0.5111915354330708
21
-0.2742711417322835
0
LINE
8
BLACK
6
CONTINUOUS
10
0.5111915354330708
20
-0.2742711417322835
11
0.5103768897637795
21
-0.2750857874015748
0
LINE
8
BLACK
6
CONTINUOUS
10
0.5103768897637795
20
-0.2750857874015748
11
0.5093124803149606
21
-0.2755266929133858
0
LINE
8
BLACK
6
CONTINUOUS
10
0.5093124803149606
20
-0.2755266929133858
11
0.5081603543307086
21
-0.2755266929133858
0
LINE
8
BLACK
6
CONTINUOUS
10
0.5081603543307086
20
-0.2755266929133858
11
0.5070959448818898
21
-0.2750857874015748
0
LINE
8
BLACK
6
CONTINUOUS
10
0.5070959448818898
20
-0.2750857874015748
11
0.5062812992125985
21
-0.2742711417322835
0
LINE
8
BLACK
6
CONTINUOUS
10
0.5062812992125985
20
-0.2742711417322835
11
0.5058403937007874
21
-0.2732067322834645
0
LINE
8
BLACK
6
CONTINUOUS
10
0.5058403937007874
20
-0.2732067322834645
11
0.5057836614173228
21
-0.2726306692913386
0
LINE
8
BLACK
6
CONTINUOUS
10
0.5057836614173228
20
-0.2726306692913386
11
0.5057836614173228
21
-0.246383937007874
0
LINE
8
BLACK
6
CONTINUOUS
10
0.5057836614173228
20
-0.246383937007874
11
0.5058403937007874
21
-0.245807874015748
0
LINE
8
BLACK
6
CONTINUOUS
10
0.5058403937007874
20
-0.245807874015748
11
0.5062812992125985
21
-0.2447434645669291
0
LINE
8
BLACK
6
CONTINUOUS
10
0.5062812992125985
20
-0.2447434645669291
11
0.5070959448818898
21
-0.2439288188976378
0
LINE
8
BLACK
6
CONTINUOUS
10
0.5070959448818898
20
-0.2439288188976378
11
0.5081603543307086
21
-0.2434879133858268
0
LINE
8
BLACK
6
CONTINUOUS
10
0.5081603543307086
20
-0.2434879133858268
11
0.5093124803149606
21
-0.2434879133858268
0
LINE
8
BLACK
6
CONTINUOUS
10
0.5093124803149606
20
-0.2434879133858268
11
0.5103768897637795
21
-0.2439288188976378
0
LINE
8
BLACK
6
CONTINUOUS
10
0.5103768897637795
20
-0.2439288188976378
11
0.5111407086614174
21
-0.2446926377952756
0
LINE
8
BLACK
6
CONTINUOUS
10
0.5111407086614174
20
-0.2446926377952756
11
0.5130401968503937
21
-0.2437429133858268
0
LINE
8
BLACK
6
CONTINUOUS
10
0.5130401968503937
20
-0.2437429133858268
11
0.5135807874015748
21
-0.2435360236220472
0
LINE
8
BLACK
6
CONTINUOUS
10
0.5135807874015748
20
-0.2435360236220472
11
0.5136866535433071
21
-0.2435284645669291
0
LINE
8
BLACK
6
CONTINUOUS
10
0.5136866535433071
20
-0.2435284645669291
11
0.5137846456692913
21
-0.2434879133858268
0
LINE
8
BLACK
6
CONTINUOUS
10
0.5137846456692913
20
-0.2434879133858268
11
0.5143607086614174
21
-0.2434311811023622
0
LINE
8
BLACK
6
CONTINUOUS
10
0.5143607086614174
20
-0.2434311811023622
11
0.519985
21
-0.2434311811023622
0
LINE
8
BLACK
6
CONTINUOUS
10
0.519985
20
-0.2434311811023622
11
0.520561062992126
21
-0.2434879133858268
0
LINE
8
BLACK
6
CONTINUOUS
10
1.123663464566929
20
1.3928960236220471
11
1.124727874015748
21
1.3924551181102363
0
LINE
8
BLACK
6
CONTINUOUS
10
1.124727874015748
20
1.3924551181102363
11
1.1255425196850393
21
1.3916404724409448
0
LINE
8
BLACK
6
CONTINUOUS
10
1.1255425196850393
20
1.3916404724409448
11
1.1259834251968504
21
1.390576062992126
0
LINE
8
BLACK
6
CONTINUOUS
10
1.1259834251968504
20
1.390576062992126
11
1.1259834251968504
21
1.389423937007874
0
LINE
8
BLACK
6
CONTINUOUS
10
1.1259834251968504
20
1.389423937007874
11
1.1255425196850393
21
1.388359527559055
0
LINE
8
BLACK
6
CONTINUOUS
10
1.1255425196850393
20
1.388359527559055
11
1.124727874015748
21
1.3875448818897638
0
LINE
8
BLACK
6
CONTINUOUS
10
1.124727874015748
20
1.3875448818897638
11
1.123663464566929
21
1.3871039763779527
0
LINE
8
BLACK
6
CONTINUOUS
10
1.123663464566929
20
1.3871039763779527
11
1.1230874015748031
21
1.3870472440944881
0
LINE
8
BLACK
6
CONTINUOUS
10
1.1230874015748031
20
1.3870472440944881
11
1.1048659842519686
21
1.3870472440944881
0
LINE
8
BLACK
6
CONTINUOUS
10
1.1048659842519686
20
1.3870472440944881
11
1.1257065748031496
21
1.3470128740157481
0
LINE
8
BLACK
6
CONTINUOUS
10
1.1257065748031496
20
1.3470128740157481
11
1.1259222440944883
21
1.3464757086614172
0
LINE
8
BLACK
6
CONTINUOUS
10
1.1259222440944883
20
1.3464757086614172
11
1.1260226377952756
21
1.3453279921259842
0
LINE
8
BLACK
6
CONTINUOUS
10
1.1260226377952756
20
1.3453279921259842
11
1.1256761811023621
21
1.3442292125984252
0
LINE
8
BLACK
6
CONTINUOUS
10
1.1256761811023621
20
1.3442292125984252
11
1.1249356299212598
21
1.343346653543307
0
LINE
8
BLACK
6
CONTINUOUS
10
1.1249356299212598
20
1.343346653543307
11
1.1239137007874016
21
1.3428146456692913
0
LINE
8
BLACK
6
CONTINUOUS
10
1.1239137007874016
20
1.3428146456692913
11
1.1227659842519684
21
1.3427142519685038
0
LINE
8
BLACK
6
CONTINUOUS
10
1.1227659842519684
20
1.3427142519685038
11
1.1216672047244094
21
1.3430607086614172
0
LINE
8
BLACK
6
CONTINUOUS
10
1.1216672047244094
20
1.3430607086614172
11
1.1207846456692914
21
1.3438012598425197
0
LINE
8
BLACK
6
CONTINUOUS
10
1.1207846456692914
20
1.3438012598425197
11
1.1204683070866142
21
1.3442860236220473
0
LINE
8
BLACK
6
CONTINUOUS
10
1.1204683070866142
20
1.3442860236220473
11
1.1029527559055119
21
1.3779331102362204
0
LINE
8
BLACK
6
CONTINUOUS
10
1.1029527559055119
20
1.3779331102362204
11
1.1029527559055119
21
-0.1779330708661417
0
LINE
8
BLACK
6
CONTINUOUS
10
1.1029527559055119
20
-0.1779330708661417
11
1.1204683070866142
21
-0.1442860236220472
0
LINE
8
BLACK
6
CONTINUOUS
10
1.1204683070866142
20
-0.1442860236220472
11
1.1207846456692914
21
-0.1438012598425197
0
LINE
8
BLACK
6
CONTINUOUS
10
1.1207846456692914
20
-0.1438012598425197
11
1.1216672047244094
21
-0.1430607086614173
0
LINE
8
BLACK
6
CONTINUOUS
10
1.1216672047244094
20
-0.1430607086614173
11
1.1227659842519684
21
-0.1427142519685039
0
LINE
8
BLACK
6
CONTINUOUS
10
1.1227659842519684
20
-0.1427142519685039
11
1.1239137007874016
21
-0.1428146456692913
0
LINE
8
BLACK
6
CONTINUOUS
10
1.1239137007874016
20
-0.1428146456692913
11
1.1249356299212598
21
-0.1433466535433071
0
LINE
8
BLACK
6
CONTINUOUS
10
1.1249356299212598
20
-0.1433466535433071
11
1.1256761811023621
21
-0.1442292125984252
0
LINE
8
BLACK
6
CONTINUOUS
10
1.1256761811023621
20
-0.1442292125984252
11
1.1260226377952756
21
-0.1453279921259842
0
LINE
8
BLACK
6
CONTINUOUS
10
1.1260226377952756
20
-0.1453279921259842
11
1.1259222440944883
21
-0.1464757086614173
0
LINE
8
BLACK
6
CONTINUOUS
10
1.1259222440944883
20
-0.1464757086614173
11
1.1257065748031496
21
-0.147012874015748
0
LINE
8
BLACK
6
CONTINUOUS
10
1.1257065748031496
20
-0.147012874015748
11
1.1048659842519686
21
-0.1870472440944882
0
LINE
8
BLACK
6
CONTINUOUS
10
1.1048659842519686
20
-0.1870472440944882
11
1.1230874015748031
21
-0.1870472440944882
0
LINE
8
BLACK
6
CONTINUOUS
10
1.1230874015748031
20
-0.1870472440944882
11
1.123663464566929
21
-0.1871039763779528
0
LINE
8
BLACK
6
CONTINUOUS
10
1.123663464566929
20
-0.1871039763779528
11
1.124727874015748
21
-0.1875448818897638
0
LINE
8
BLACK
6
CONTINUOUS
10
1.124727874015748
20
-0.1875448818897638
11
1.1255425196850393
21
-0.1883595275590551
0
LINE
8
BLACK
6
CONTINUOUS
10
1.1255425196850393
20
-0.1883595275590551
11
1.1259834251968504
21
-0.189423937007874
0
LINE
8
BLACK
6
CONTINUOUS
10
1.1259834251968504
20
-0.189423937007874
11
1.1259834251968504
21
-0.190576062992126
0
LINE
8
BLACK
6
CONTINUOUS
10
1.1259834251968504
20
-0.190576062992126
11
1.1255425196850393
21
-0.1916404724409449
0
LINE
8
BLACK
6
CONTINUOUS
10
1.1255425196850393
20
-0.1916404724409449
11
1.124727874015748
21
-0.1924551181102362
0
LINE
8
BLACK
6
CONTINUOUS
10
1.124727874015748
20
-0.1924551181102362
11
1.123663464566929
21
-0.1928960236220472
0
LINE
8
BLACK
6
CONTINUOUS
10
1.123663464566929
20
-0.1928960236220472
11
1.1230874015748031
21
-0.1929527559055118
0
LINE
8
BLACK
6
CONTINUOUS
10
1.1230874015748031
20
-0.1929527559055118
11
1.0096850393700787
21
-0.1929527559055118
0
LINE
8
BLACK
6
CONTINUOUS
10
1.0096850393700787
20
-0.1929527559055118
11
1.0091089763779528
21
-0.1928960236220472
0
LINE
8
BLACK
6
CONTINUOUS
10
1.0091089763779528
20
-0.1928960236220472
11
1.0080445669291338
21
-0.1924551181102362
0
LINE
8
BLACK
6
CONTINUOUS
10
1.0080445669291338
20
-0.1924551181102362
11
1.0072299212598426
21
-0.1916404724409449
0
LINE
8
BLACK
6
CONTINUOUS
10
1.0072299212598426
20
-0.1916404724409449
11
1.0067890157480315
21
-0.190576062992126
0
LINE
8
BLACK
6
CONTINUOUS
10
1.0067890157480315
20
-0.190576062992126
11
1.0067890157480315
21
-0.189423937007874
0
LINE
8
BLACK
6
CONTINUOUS
10
1.0067890157480315
20
-0.189423937007874
11
1.0072299212598426
21
-0.1883595275590551
0
LINE
8
BLACK
6
CONTINUOUS
10
1.0072299212598426
20
-0.1883595275590551
11
1.0080445669291338
21
-0.1875448818897638
0
LINE
8
BLACK
6
CONTINUOUS
10
1.0080445669291338
20
-0.1875448818897638
11
1.0091089763779528
21
-0.1871039763779528
0
LINE
8
BLACK
6
CONTINUOUS
10
1.0091089763779528
20
-0.1871039763779528
11
1.0096850393700787
21
-0.1870472440944882
0
LINE
8
BLACK
6
CONTINUOUS
10
1.0096850393700787
20
-0.1870472440944882
11
1.0951340157480314
21
-0.1870472440944882
0
LINE
8
BLACK
6
CONTINUOUS
10
1.0951340157480314
20
-0.1870472440944882
11
1.0742934251968503
21
-0.147012874015748
0
LINE
8
BLACK
6
CONTINUOUS
10
1.0742934251968503
20
-0.147012874015748
11
1.0740777559055117
21
-0.1464757086614173
0
LINE
8
BLACK
6
CONTINUOUS
10
1.0740777559055117
20
-0.1464757086614173
11
1.0739773622047244
21
-0.1453279921259842
0
LINE
8
BLACK
6
CONTINUOUS
10
1.0739773622047244
20
-0.1453279921259842
11
1.0743237795275591
21
-0.1442292125984252
0
LINE
8
BLACK
6
CONTINUOUS
10
1.0743237795275591
20
-0.1442292125984252
11
1.0750643307086614
21
-0.1433466535433071
0
LINE
8
BLACK
6
CONTINUOUS
10
1.0750643307086614
20
-0.1433466535433071
11
1.0760862992125984
21
-0.1428146456692913
0
LINE
8
BLACK
6
CONTINUOUS
10
1.0760862992125984
20
-0.1428146456692913
11
1.0772340157480316
21
-0.1427142519685039
0
LINE
8
BLACK
6
CONTINUOUS
10
1.0772340157480316
20
-0.1427142519685039
11
1.0783327952755906
21
-0.1430606692913386
0
LINE
8
BLACK
6
CONTINUOUS
10
1.0783327952755906
20
-0.1430606692913386
11
1.0792153543307086
21
-0.143801220472441
0
LINE
8
BLACK
6
CONTINUOUS
10
1.0792153543307086
20
-0.143801220472441
11
1.0795316929133858
21
-0.1442860236220472
0
LINE
8
BLACK
6
CONTINUOUS
10
1.0795316929133858
20
-0.1442860236220472
11
1.0970472440944881
21
-0.1779330708661417
0
LINE
8
BLACK
6
CONTINUOUS
10
1.0970472440944881
20
-0.1779330708661417
11
1.0970472440944881
21
1.3779331102362204
0
LINE
8
BLACK
6
CONTINUOUS
10
1.0970472440944881
20
1.3779331102362204
11
1.0795316929133858
21
1.3442860236220473
0
LINE
8
BLACK
6
CONTINUOUS
10
1.0795316929133858
20
1.3442860236220473
11
1.0792153543307086
21
1.343801220472441
0
LINE
8
BLACK
6
CONTINUOUS
10
1.0792153543307086
20
1.343801220472441
11
1.0783327952755906
21
1.3430606692913385
0
LINE
8
BLACK
6
CONTINUOUS
10
1.0783327952755906
20
1.3430606692913385
11
1.0772340157480316
21
1.3427142519685038
0
LINE
8
BLACK
6
CONTINUOUS
10
1.0772340157480316
20
1.3427142519685038
11
1.0760862992125984
21
1.3428146456692913
0
LINE
8
BLACK
6
CONTINUOUS
10
1.0760862992125984
20
1.3428146456692913
11
1.0750643307086614
21
1.343346653543307
0
LINE
8
BLACK
6
CONTINUOUS
10
1.0750643307086614
20
1.343346653543307
11
1.0743237795275591
21
1.3442292125984252
0
LINE
8
BLACK
6
CONTINUOUS
10
1.0743237795275591
20
1.3442292125984252
11
1.0739773622047244
21
1.3453279921259842
0
LINE
8
BLACK
6
CONTINUOUS
10
1.0739773622047244
20
1.3453279921259842
11
1.0740777559055117
21
1.3464757086614172
0
LINE
8
BLACK
6
CONTINUOUS
10
1.0740777559055117
20
1.3464757086614172
11
1.0742934251968503
21
1.3470128740157481
0
LINE
8
BLACK
6
CONTINUOUS
10
1.0742934251968503
20
1.3470128740157481
11
1.0951340157480314
21
1.3870472440944881
0
LINE
8
BLACK
6
CONTINUOUS
10
1.0951340157480314
20
1.3870472440944881
11
1.0096850393700787
21
1.3870472440944881
0
LINE
8
BLACK
6
CONTINUOUS
10
1.0096850393700787
20
1.3870472440944881
11
1.0091089763779528
21
1.3871039763779527
0
LINE
8
BLACK
6
CONTINUOUS
10
1.0091089763779528
20
1.3871039763779527
11
1.0080445669291338
21
1.3875448818897638
0
LINE
8
BLACK
6
CONTINUOUS
10
1.0080445669291338
20
1.3875448818897638
11
1.0072299212598426
21
1.388359527559055
0
LINE
8
BLACK
6
CONTINUOUS
10
1.0072299212598426
20
1.388359527559055
11
1.0067890157480315
21
1.389423937007874
0
LINE
8
BLACK
6
CONTINUOUS
10
1.0067890157480315
20
1.389423937007874
11
1.0067890157480315
21
1.390576062992126
0
LINE
8
BLACK
6
CONTINUOUS
10
1.0067890157480315
20
1.390576062992126
11
1.0072299212598426
21
1.3916404724409448
0
LINE
8
BLACK
6
CONTINUOUS
10
1.0072299212598426
20
1.3916404724409448
11
1.0080445669291338
21
1.3924551181102363
0
LINE
8
BLACK
6
CONTINUOUS
10
1.0080445669291338
20
1.3924551181102363
11
1.0091089763779528
21
1.3928960236220471
0
LINE
8
BLACK
6
CONTINUOUS
10
1.0091089763779528
20
1.3928960236220471
11
1.0096850393700787
21
1.3929527559055117
0
LINE
8
BLACK
6
CONTINUOUS
10
1.0096850393700787
20
1.3929527559055117
11
1.1230874015748031
21
1.3929527559055117
0
LINE
8
BLACK
6
CONTINUOUS
10
1.1230874015748031
20
1.3929527559055117
11
1.123663464566929
21
1.3928960236220471
0
LINE
8
BLACK
6
CONTINUOUS
10
-0.0191089763779528
20
1.2028960236220472
11
-0.0180445669291339
21
1.2024551181102361
0
LINE
8
BLACK
6
CONTINUOUS
10
-0.0180445669291339
20
1.2024551181102361
11
-0.0172299212598425
21
1.2016404724409449
0
LINE
8
BLACK
6
CONTINUOUS
10
-0.0172299212598425
20
1.2016404724409449
11
-0.0167890157480315
21
1.200576062992126
0
LINE
8
BLACK
6
CONTINUOUS
10
-0.0167890157480315
20
1.200576062992126
11
-0.0167890157480315
21
1.1994239370078741
0
LINE
8
BLACK
6
CONTINUOUS
10
-0.0167890157480315
20
1.1994239370078741
11
-0.0172299212598425
21
1.1983595275590551
0
LINE
8
BLACK
6
CONTINUOUS
10
-0.0172299212598425
20
1.1983595275590551
11
-0.0180445669291339
21
1.1975448818897638
0
LINE
8
BLACK
6
CONTINUOUS
10
-0.0180445669291339
20
1.1975448818897638
11
-0.0191089763779528
21
1.1971039763779527
0
LINE
8
BLACK
6
CONTINUOUS
10
-0.0191089763779528
20
1.1971039763779527
11
-0.0196850393700787
21
1.1970472440944881
0
LINE
8
BLACK
6
CONTINUOUS
10
-0.0196850393700787
20
1.1970472440944881
11
-0.2951340157480315
21
1.1970472440944881
0
LINE
8
BLACK
6
CONTINUOUS
10
-0.2951340157480315
20
1.1970472440944881
11
-0.2742934251968504
21
1.1570128740157479
0
LINE
8
BLACK
6
CONTINUOUS
10
-0.2742934251968504
20
1.1570128740157479
11
-0.2740777559055118
21
1.1564757086614172
0
LINE
8
BLACK
6
CONTINUOUS
10
-0.2740777559055118
20
1.1564757086614172
11
-0.2739773622047244
21
1.1553279921259842
0
LINE
8
BLACK
6
CONTINUOUS
10
-0.2739773622047244
20
1.1553279921259842
11
-0.2743238188976378
21
1.1542292125984253
0
LINE
8
BLACK
6
CONTINUOUS
10
-0.2743238188976378
20
1.1542292125984253
11
-0.2750643700787401
21
1.153346653543307
0
LINE
8
BLACK
6
CONTINUOUS
10
-0.2750643700787401
20
1.153346653543307
11
-0.2760862992125984
21
1.1528146456692914
0
LINE
8
BLACK
6
CONTINUOUS
10
-0.2760862992125984
20
1.1528146456692914
11
-0.2772340157480315
21
1.1527142519685039
0
LINE
8
BLACK
6
CONTINUOUS
10
-0.2772340157480315
20
1.1527142519685039
11
-0.2783327952755906
21
1.1530607086614173
0
LINE
8
BLACK
6
CONTINUOUS
10
-0.2783327952755906
20
1.1530607086614173
11
-0.2792153543307087
21
1.1538012598425196
0
LINE
8
BLACK
6
CONTINUOUS
10
-0.2792153543307087
20
1.1538012598425196
11
-0.2795316929133858
21
1.1542860236220471
0
LINE
8
BLACK
6
CONTINUOUS
10
-0.2795316929133858
20
1.1542860236220471
11
-0.2970472440944882
21
1.1879331102362205
0
LINE
8
BLACK
6
CONTINUOUS
10
-0.2970472440944882
20
1.1879331102362205
11
-0.2970472440944882
21
0.0120669291338583
0
LINE
8
BLACK
6
CONTINUOUS
10
-0.2970472440944882
20
0.0120669291338583
11
-0.2795316929133858
21
0.0457139763779528
0
LINE
8
BLACK
6
CONTINUOUS
10
-0.2795316929133858
20
0.0457139763779528
11
-0.2792153543307087
21
0.0461987401574803
0
LINE
8
BLACK
6
CONTINUOUS
10
-0.2792153543307087
20
0.0461987401574803
11
-0.2783327952755906
21
0.0469392913385827
0
LINE
8
BLACK
6
CONTINUOUS
10
-0.2783327952755906
20
0.0469392913385827
11
-0.2772340157480315
21
0.0472857480314961
0
LINE
8
BLACK
6
CONTINUOUS
10
-0.2772340157480315
20
0.0472857480314961
11
-0.2760862992125984
21
0.0471853543307087
0
LINE
8
BLACK
6
CONTINUOUS
10
-0.2760862992125984
20
0.0471853543307087
11
-0.2750643700787401
21
0.0466533464566929
0
LINE
8
BLACK
6
CONTINUOUS
10
-0.2750643700787401
20
0.0466533464566929
11
-0.2743238188976378
21
0.0457707874015748
0
LINE
8
BLACK
6
CONTINUOUS
10
-0.2743238188976378
20
0.0457707874015748
11
-0.2739773622047244
21
0.0446720078740157
0
LINE
8
BLACK
6
CONTINUOUS
10
-0.2739773622047244
20
0.0446720078740157
11
-0.2740777559055118
21
0.0435242913385827
0
LINE
8
BLACK
6
CONTINUOUS
10
-0.2740777559055118
20
0.0435242913385827
11
-0.2742934251968504
21
0.042987125984252
0
LINE
8
BLACK
6
CONTINUOUS
10
-0.2742934251968504
20
0.042987125984252
11
-0.2951340157480315
21
0.0029527559055118
0
LINE
8
BLACK
6
CONTINUOUS
10
-0.2951340157480315
20
0.0029527559055118
11
-0.0196850393700787
21
0.0029527559055118
0
LINE
8
BLACK
6
CONTINUOUS
10
-0.0196850393700787
20
0.0029527559055118
11
-0.0191089763779528
21
0.0028960236220472
0
LINE
8
BLACK
6
CONTINUOUS
10
-0.0191089763779528
20
0.0028960236220472
11
-0.0180445669291339
21
0.0024551181102362
0
LINE
8
BLACK
6
CONTINUOUS
10
-0.0180445669291339
20
0.0024551181102362
11
-0.0172299212598425
21
0.0016404724409449
0
LINE
8
BLACK
6
CONTINUOUS
10
-0.0172299212598425
20
0.0016404724409449
11
-0.0167890157480315
21
0.000576062992126
0
LINE
8
BLACK
6
CONTINUOUS
10
-0.0167890157480315
20
0.000576062992126
11
-0.0167890157480315
21
-0.000576062992126
0
LINE
8
BLACK
6
CONTINUOUS
10
-0.0167890157480315
20
-0.000576062992126
11
-0.0172299212598425
21
-0.0016404724409449
0
LINE
8
BLACK
6
CONTINUOUS
10
-0.0172299212598425
20
-0.0016404724409449
11
-0.0180445669291339
21
-0.0024551181102362
0
LINE
8
BLACK
6
CONTINUOUS
10
-0.0180445669291339
20
-0.0024551181102362
11
-0.0191089763779528
21
-0.0028960236220472
0
LINE
8
BLACK
6
CONTINUOUS
10
-0.0191089763779528
20
-0.0028960236220472
11
-0.0196850393700787
21
-0.0029527559055118
0
LINE
8
BLACK
6
CONTINUOUS
10
-0.0196850393700787
20
-0.0029527559055118
11
-0.3230874015748031
21
-0.0029527559055118
0
LINE
8
BLACK
6
CONTINUOUS
10
-0.3230874015748031
20
-0.0029527559055118
11
-0.3236634645669291
21
-0.0028960236220472
0
LINE
8
BLACK
6
CONTINUOUS
10
-0.3236634645669291
20
-0.0028960236220472
11
-0.324727874015748
21
-0.0024551181102362
0
LINE
8
BLACK
6
CONTINUOUS
10
-0.324727874015748
20
-0.0024551181102362
11
-0.3255425196850394
21
-0.0016404724409449
0
LINE
8
BLACK
6
CONTINUOUS
10
-0.3255425196850394
20
-0.0016404724409449
11
-0.3259834251968504
21
-0.000576062992126
0
LINE
8
BLACK
6
CONTINUOUS
10
-0.3259834251968504
20
-0.000576062992126
11
-0.3259834251968504
21
0.000576062992126
0
LINE
8
BLACK
6
CONTINUOUS
10
-0.3259834251968504
20
0.000576062992126
11
-0.3255425196850394
21
0.0016404724409449
0
LINE
8
BLACK
6
CONTINUOUS
10
-0.3255425196850394
20
0.0016404724409449
11
-0.324727874015748
21
0.0024551181102362
0
LINE
8
BLACK
6
CONTINUOUS
10
-0.324727874015748
20
0.0024551181102362
11
-0.3236634645669291
21
0.0028960236220472
0
LINE
8
BLACK
6
CONTINUOUS
10
-0.3236634645669291
20
0.0028960236220472
11
-0.3230874015748031
21
0.0029527559055118
0
LINE
8
BLACK
6
CONTINUOUS
10
-0.3230874015748031
20
0.0029527559055118
11
-0.3048659842519685
21
0.0029527559055118
0
LINE
8
BLACK
6
CONTINUOUS
10
-0.3048659842519685
20
0.0029527559055118
11
-0.3257065748031496
21
0.042987125984252
0
LINE
8
BLACK
6
CONTINUOUS
10
-0.3257065748031496
20
0.042987125984252
11
-0.3259222440944882
21
0.0435242913385827
0
LINE
8
BLACK
6
CONTINUOUS
10
-0.3259222440944882
20
0.0435242913385827
11
-0.3260226377952756
21
0.0446720078740157
0
LINE
8
BLACK
6
CONTINUOUS
10
-0.3260226377952756
20
0.0446720078740157
11
-0.3256762204724409
21
0.0457707874015748
0
LINE
8
BLACK
6
CONTINUOUS
10
-0.3256762204724409
20
0.0457707874015748
11
-0.3249356692913386
21
0.0466533464566929
0
LINE
8
BLACK
6
CONTINUOUS
10
-0.3249356692913386
20
0.0466533464566929
11
-0.3239137007874016
21
0.0471853543307087
0
LINE
8
BLACK
6
CONTINUOUS
10
-0.3239137007874016
20
0.0471853543307087
11
-0.3227659842519685
21
0.0472857480314961
0
LINE
8
BLACK
6
CONTINUOUS
10
-0.3227659842519685
20
0.0472857480314961
11
-0.3216672047244095
21
0.0469393307086614
0
LINE
8
BLACK
6
CONTINUOUS
10
-0.3216672047244095
20
0.0469393307086614
11
-0.3207846456692913
21
0.0461987795275591
0
LINE
8
BLACK
6
CONTINUOUS
10
-0.3207846456692913
20
0.0461987795275591
11
-0.3204683070866142
21
0.0457139763779528
0
LINE
8
BLACK
6
CONTINUOUS
10
-0.3204683070866142
20
0.0457139763779528
11
-0.3029527559055118
21
0.0120669291338583
0
LINE
8
BLACK
6
CONTINUOUS
10
-0.3029527559055118
20
0.0120669291338583
11
-0.3029527559055118
21
1.1879331102362205
0
LINE
8
BLACK
6
CONTINUOUS
10
-0.3029527559055118
20
1.1879331102362205
11
-0.3204683070866142
21
1.1542860236220471
0
LINE
8
BLACK
6
CONTINUOUS
10
-0.3204683070866142
20
1.1542860236220471
11
-0.3207846456692913
21
1.1538012204724408
0
LINE
8
BLACK
6
CONTINUOUS
10
-0.3207846456692913
20
1.1538012204724408
11
-0.3216672047244095
21
1.1530606692913385
0
LINE
8
BLACK
6
CONTINUOUS
10
-0.3216672047244095
20
1.1530606692913385
11
-0.3227659842519685
21
1.1527142519685039
0
LINE
8
BLACK
6
CONTINUOUS
10
-0.3227659842519685
20
1.1527142519685039
11
-0.3239137007874016
21
1.1528146456692914
0
LINE
8
BLACK
6
CONTINUOUS
10
-0.3239137007874016
20
1.1528146456692914
11
-0.3249356692913386
21
1.153346653543307
0
LINE
8
BLACK
6
CONTINUOUS
10
-0.3249356692913386
20
1.153346653543307
11
-0.3256762204724409
21
1.1542292125984253
0
LINE
8
BLACK
6
CONTINUOUS
10
-0.3256762204724409
20
1.1542292125984253
11
-0.3260226377952756
21
1.1553279921259842
0
LINE
8
BLACK
6
CONTINUOUS
10
-0.3260226377952756
20
1.1553279921259842
11
-0.3259222440944882
21
1.1564757086614172
0
LINE
8
BLACK
6
CONTINUOUS
10
-0.3259222440944882
20
1.1564757086614172
11
-0.3257065748031496
21
1.1570128740157479
0
LINE
8
BLACK
6
CONTINUOUS
10
-0.3257065748031496
20
1.1570128740157479
11
-0.3048659842519685
21
1.1970472440944881
0
LINE
8
BLACK
6
CONTINUOUS
10
-0.3048659842519685
20
1.1970472440944881
11
-0.3230874015748031
21
1.1970472440944881
0
LINE
8
BLACK
6
CONTINUOUS
10
-0.3230874015748031
20
1.1970472440944881
11
-0.3236634645669291
21
1.1971039763779527
0
LINE
8
BLACK
6
CONTINUOUS
10
-0.3236634645669291
20
1.1971039763779527
11
-0.324727874015748
21
1.1975448818897638
0
LINE
8
BLACK
6
CONTINUOUS
10
-0.324727874015748
20
1.1975448818897638
11
-0.3255425196850394
21
1.1983595275590551
0
LINE
8
BLACK
6
CONTINUOUS
10
-0.3255425196850394
20
1.1983595275590551
11
-0.3259834251968504
21
1.1994239370078741
0
LINE
8
BLACK
6
CONTINUOUS
10
-0.3259834251968504
20
1.1994239370078741
11
-0.3259834251968504
21
1.200576062992126
0
LINE
8
BLACK
6
CONTINUOUS
10
-0.3259834251968504
20
1.200576062992126
11
-0.3255425196850394
21
1.2016404724409449
0
LINE
8
BLACK
6
CONTINUOUS
10
-0.3255425196850394
20
1.2016404724409449
11
-0.324727874015748
21
1.2024551181102361
0
LINE
8
BLACK
6
CONTINUOUS
10
-0.324727874015748
20
1.2024551181102361
11
-0.3236634645669291
21
1.2028960236220472
0
LINE
8
BLACK
6
CONTINUOUS
10
-0.3236634645669291
20
1.2028960236220472
11
-0.3230874015748031
21
1.2029527559055118
0
LINE
8
BLACK
6
CONTINUOUS
10
-0.3230874015748031
20
1.2029527559055118
11
-0.0196850393700787
21
1.2029527559055118
0
LINE
8
BLACK
6
CONTINUOUS
10
-0.0196850393700787
20
1.2029527559055118
11
-0.0191089763779528
21
1.2028960236220472
0
LINE
8
BLACK
6
CONTINUOUS
10
1.0611477559055118
20
0.4637224803149606
11
1.061962401574803
21
0.4629078346456693
0
LINE
8
BLACK
6
CONTINUOUS
10
1.061962401574803
20
0.4629078346456693
11
1.0624033070866141
21
0.4618434251968504
0
LINE
8
BLACK
6
CONTINUOUS
10
1.0624033070866141
20
0.4618434251968504
11
1.0624600393700787
21
0.4612673622047244
0
LINE
8
BLACK
6
CONTINUOUS
10
1.0624600393700787
20
0.4612673622047244
11
1.0624600393700787
21
0.4585958267716536
0
LINE
8
BLACK
6
CONTINUOUS
10
1.0624600393700787
20
0.4585958267716536
11
1.0726306692913385
21
0.4585958267716536
0
LINE
8
BLACK
6
CONTINUOUS
10
1.0726306692913385
20
0.4585958267716536
11
1.0732067322834646
21
0.458539094488189
0
LINE
8
BLACK
6
CONTINUOUS
10
1.0732067322834646
20
0.458539094488189
11
1.0742711417322834
21
0.4580981889763779
0
LINE
8
BLACK
6
CONTINUOUS
10
1.0742711417322834
20
0.4580981889763779
11
1.0750857874015747
21
0.4572835433070866
0
LINE
8
BLACK
6
CONTINUOUS
10
1.0750857874015747
20
0.4572835433070866
11
1.0755266929133858
21
0.4562191338582677
0
LINE
8
BLACK
6
CONTINUOUS
10
1.0755266929133858
20
0.4562191338582677
11
1.0755266929133858
21
0.4550670078740157
0
LINE
8
BLACK
6
CONTINUOUS
10
1.0755266929133858
20
0.4550670078740157
11
1.0750857874015747
21
0.4540025984251969
0
LINE
8
BLACK
6
CONTINUOUS
10
1.0750857874015747
20
0.4540025984251969
11
1.0742711417322834
21
0.4531879527559055
0
LINE
8
BLACK
6
CONTINUOUS
10
1.0742711417322834
20
0.4531879527559055
11
1.0732067322834646
21
0.4527470472440945
0
LINE
8
BLACK
6
CONTINUOUS
10
1.0732067322834646
20
0.4527470472440945
11
1.0726306692913385
21
0.4526903149606299
0
LINE
8
BLACK
6
CONTINUOUS
10
1.0726306692913385
20
0.4526903149606299
11
1.0624600393700787
21
0.4526903149606299
0
LINE
8
BLACK
6
CONTINUOUS
10
1.0624600393700787
20
0.4526903149606299
11
1.0624600393700787
21
0.4368954330708661
0
LINE
8
BLACK
6
CONTINUOUS
10
1.0624600393700787
20
0.4368954330708661
11
1.0624312992125984
21
0.4366038976377953
0
LINE
8
BLACK
6
CONTINUOUS
10
1.0624312992125984
20
0.4366038976377953
11
1.0624368503937007
21
0.4365261417322834
0
LINE
8
BLACK
6
CONTINUOUS
10
1.0624368503937007
20
0.4365261417322834
11
1.0624181102362205
21
0.4364700393700787
0
LINE
8
BLACK
6
CONTINUOUS
10
1.0624181102362205
20
0.4364700393700787
11
1.0624033070866141
21
0.4363193700787402
0
LINE
8
BLACK
6
CONTINUOUS
10
1.0624033070866141
20
0.4363193700787402
11
1.0622221259842519
21
0.4358820078740158
0
LINE
8
BLACK
6
CONTINUOUS
10
1.0622221259842519
20
0.4358820078740158
11
1.0620725196850394
21
0.4354331496062992
0
LINE
8
BLACK
6
CONTINUOUS
10
1.0620725196850394
20
0.4354331496062992
11
1.0620029921259841
21
0.435353031496063
0
LINE
8
BLACK
6
CONTINUOUS
10
1.0620029921259841
20
0.435353031496063
11
1.061962401574803
21
0.4352549606299213
0
LINE
8
BLACK
6
CONTINUOUS
10
1.061962401574803
20
0.4352549606299213
11
1.0616276377952756
21
0.4349202362204724
0
LINE
8
BLACK
6
CONTINUOUS
10
1.0616276377952756
20
0.4349202362204724
11
1.0613176377952755
21
0.4345627559055118
0
LINE
8
BLACK
6
CONTINUOUS
10
1.0613176377952755
20
0.4345627559055118
11
1.0612227559055118
21
0.4345153543307086
0
LINE
8
BLACK
6
CONTINUOUS
10
1.0612227559055118
20
0.4345153543307086
11
1.0611477559055118
21
0.4344403149606299
0
LINE
8
BLACK
6
CONTINUOUS
10
1.0611477559055118
20
0.4344403149606299
11
1.0607102755905511
21
0.4342591338582677
0
LINE
8
BLACK
6
CONTINUOUS
10
1.0607102755905511
20
0.4342591338582677
11
1.0602871653543307
21
0.4340475590551181
0
LINE
8
BLACK
6
CONTINUOUS
10
1.0602871653543307
20
0.4340475590551181
11
1.0601814173228346
21
0.4340400787401575
0
LINE
8
BLACK
6
CONTINUOUS
10
1.0601814173228346
20
0.4340400787401575
11
1.060083346456693
21
0.4339994094488189
0
LINE
8
BLACK
6
CONTINUOUS
10
1.060083346456693
20
0.4339994094488189
11
1.0596098031496062
21
0.4339994094488189
0
LINE
8
BLACK
6
CONTINUOUS
10
1.0596098031496062
20
0.4339994094488189
11
1.0591379527559055
21
0.4339658661417323
0
LINE
8
BLACK
6
CONTINUOUS
10
1.0591379527559055
20
0.4339658661417323
11
1.0589904330708662
21
0.4339994094488189
0
LINE
8
BLACK
6
CONTINUOUS
10
1.0589904330708662
20
0.4339994094488189
11
1.0589312204724408
21
0.4339994094488189
0
LINE
8
BLACK
6
CONTINUOUS
10
1.0589312204724408
20
0.4339994094488189
11
1.0588591338582678
21
0.4340292913385826
0
LINE
8
BLACK
6
CONTINUOUS
10
1.0588591338582678
20
0.4340292913385826
11
1.0585735039370079
21
0.4340942125984252
0
LINE
8
BLACK
6
CONTINUOUS
10
1.0585735039370079
20
0.4340942125984252
11
1.0304520866141733
21
0.443468031496063
0
LINE
8
BLACK
6
CONTINUOUS
10
1.0304520866141733
20
0.443468031496063
11
1.0299235039370078
21
0.4437040157480315
0
LINE
8
BLACK
6
CONTINUOUS
10
1.0299235039370078
20
0.4437040157480315
11
1.0290531496062991
21
0.4444588976377953
0
LINE
8
BLACK
6
CONTINUOUS
10
1.0290531496062991
20
0.4444588976377953
11
1.0285379527559055
21
0.4454893307086614
0
LINE
8
BLACK
6
CONTINUOUS
10
1.0285379527559055
20
0.4454893307086614
11
1.0284562598425198
21
0.4466385433070866
0
LINE
8
BLACK
6
CONTINUOUS
10
1.0284562598425198
20
0.4466385433070866
11
1.0288205905511811
21
0.4477315748031496
0
LINE
8
BLACK
6
CONTINUOUS
10
1.0288205905511811
20
0.4477315748031496
11
1.0295754724409449
21
0.4486019291338583
0
LINE
8
BLACK
6
CONTINUOUS
10
1.0295754724409449
20
0.4486019291338583
11
1.0306059055118111
21
0.449117125984252
0
LINE
8
BLACK
6
CONTINUOUS
10
1.0306059055118111
20
0.449117125984252
11
1.0317551181102362
21
0.4491988188976378
0
LINE
8
BLACK
6
CONTINUOUS
10
1.0317551181102362
20
0.4491988188976378
11
1.0323195669291338
21
0.4490704724409449
0
LINE
8
BLACK
6
CONTINUOUS
10
1.0323195669291338
20
0.4490704724409449
11
1.0565545275590551
21
0.4409921653543307
0
LINE
8
BLACK
6
CONTINUOUS
10
1.0565545275590551
20
0.4409921653543307
11
1.0565545275590551
21
0.4526903149606299
0
LINE
8
BLACK
6
CONTINUOUS
10
1.0565545275590551
20
0.4526903149606299
11
1.046383937007874
21
0.4526903149606299
0
LINE
8
BLACK
6
CONTINUOUS
10
1.046383937007874
20
0.4526903149606299
11
1.0458078740157479
21
0.4527470472440945
0
LINE
8
BLACK
6
CONTINUOUS
10
1.0458078740157479
20
0.4527470472440945
11
1.0447434645669291
21
0.4531879527559055
0
LINE
8
BLACK
6
CONTINUOUS
10
1.0447434645669291
20
0.4531879527559055
11
1.0439288188976377
21
0.4540025984251969
0
LINE
8
BLACK
6
CONTINUOUS
10
1.0439288188976377
20
0.4540025984251969
11
1.0434879133858268
21
0.4550670078740157
0
LINE
8
BLACK
6
CONTINUOUS
10
1.0434879133858268
20
0.4550670078740157
11
1.0434879133858268
21
0.4562191338582677
0
LINE
8
BLACK
6
CONTINUOUS
10
1.0434879133858268
20
0.4562191338582677
11
1.0439288188976377
21
0.4572835433070866
0
LINE
8
BLACK
6
CONTINUOUS
10
1.0439288188976377
20
0.4572835433070866
11
1.0447434645669291
21
0.4580981889763779
0
LINE
8
BLACK
6
CONTINUOUS
10
1.0447434645669291
20
0.4580981889763779
11
1.0458078740157479
21
0.458539094488189
0
LINE
8
BLACK
6
CONTINUOUS
10
1.0458078740157479
20
0.458539094488189
11
1.046383937007874
21
0.4585958267716536
0
LINE
8
BLACK
6
CONTINUOUS
10
1.046383937007874
20
0.4585958267716536
11
1.0565545275590551
21
0.4585958267716536
0
LINE
8
BLACK
6
CONTINUOUS
10
1.0565545275590551
20
0.4585958267716536
11
1.0565545275590551
21
0.4612673622047244
0
LINE
8
BLACK
6
CONTINUOUS
10
1.0565545275590551
20
0.4612673622047244
11
1.0566112598425197
21
0.4618434251968504
0
LINE
8
BLACK
6
CONTINUOUS
10
1.0566112598425197
20
0.4618434251968504
11
1.0570521653543308
21
0.4629078346456693
0
LINE
8
BLACK
6
CONTINUOUS
10
1.0570521653543308
20
0.4629078346456693
11
1.057866811023622
21
0.4637224803149606
0
LINE
8
BLACK
6
CONTINUOUS
10
1.057866811023622
20
0.4637224803149606
11
1.0589312204724408
21
0.4641633858267716
0
LINE
8
BLACK
6
CONTINUOUS
10
1.0589312204724408
20
0.4641633858267716
11
1.060083346456693
21
0.4641633858267716
0
LINE
8
BLACK
6
CONTINUOUS
10
1.060083346456693
20
0.4641633858267716
11
1.0611477559055118
21
0.4637224803149606
0
LINE
8
BLACK
6
CONTINUOUS
10
-0.3342923622047244
20
0.4810362992125984
11
-0.3341943700787401
21
0.4809957086614173
0
LINE
8
BLACK
6
CONTINUOUS
10
-0.3341943700787401
20
0.4809957086614173
11
-0.3340885433070866
21
0.480988188976378
0
LINE
8
BLACK
6
CONTINUOUS
10
-0.3340885433070866
20
0.480988188976378
11
-0.3335479133858268
21
0.4807812992125984
0
LINE
8
BLACK
6
CONTINUOUS
10
-0.3335479133858268
20
0.4807812992125984
11
-0.3297983858267716
21
0.4789065354330709
0
LINE
8
BLACK
6
CONTINUOUS
10
-0.3297983858267716
20
0.4789065354330709
11
-0.3295505118110236
21
0.4787505118110236
0
LINE
8
BLACK
6
CONTINUOUS
10
-0.3295505118110236
20
0.4787505118110236
11
-0.3294784645669291
21
0.4787206692913386
0
LINE
8
BLACK
6
CONTINUOUS
10
-0.3294784645669291
20
0.4787206692913386
11
-0.3293974409448819
21
0.4786541732283465
0
LINE
8
BLACK
6
CONTINUOUS
10
-0.3293974409448819
20
0.4786541732283465
11
-0.3293085039370079
21
0.478598188976378
0
LINE
8
BLACK
6
CONTINUOUS
10
-0.3293085039370079
20
0.478598188976378
11
-0.3292573622047244
21
0.4785392125984252
0
LINE
8
BLACK
6
CONTINUOUS
10
-0.3292573622047244
20
0.4785392125984252
11
-0.3290310236220472
21
0.4783534645669291
0
LINE
8
BLACK
6
CONTINUOUS
10
-0.3290310236220472
20
0.4783534645669291
11
-0.3271562204724409
21
0.4764787007874016
0
LINE
8
BLACK
6
CONTINUOUS
10
-0.3271562204724409
20
0.4764787007874016
11
-0.3269704724409448
21
0.4762523622047244
0
LINE
8
BLACK
6
CONTINUOUS
10
-0.3269704724409448
20
0.4762523622047244
11
-0.3269114173228346
21
0.4762011417322835
0
LINE
8
BLACK
6
CONTINUOUS
10
-0.3269114173228346
20
0.4762011417322835
11
-0.3268554330708661
21
0.4761122047244095
0
LINE
8
BLACK
6
CONTINUOUS
10
-0.3268554330708661
20
0.4761122047244095
11
-0.3267889763779527
21
0.476031220472441
0
LINE
8
BLACK
6
CONTINUOUS
10
-0.3267889763779527
20
0.476031220472441
11
-0.3267591732283465
21
0.4759592913385827
0
LINE
8
BLACK
6
CONTINUOUS
10
-0.3267591732283465
20
0.4759592913385827
11
-0.3266030708661417
21
0.4757112598425197
0
LINE
8
BLACK
6
CONTINUOUS
10
-0.3266030708661417
20
0.4757112598425197
11
-0.3247283070866142
21
0.4719617322834646
0
LINE
8
BLACK
6
CONTINUOUS
10
-0.3247283070866142
20
0.4719617322834646
11
-0.3245214173228346
21
0.4714211417322834
0
LINE
8
BLACK
6
CONTINUOUS
10
-0.3245214173228346
20
0.4714211417322834
11
-0.3245138976377953
21
0.4713152755905512
0
LINE
8
BLACK
6
CONTINUOUS
10
-0.3245138976377953
20
0.4713152755905512
11
-0.3244733070866141
21
0.4712172834645669
0
LINE
8
BLACK
6
CONTINUOUS
10
-0.3244733070866141
20
0.4712172834645669
11
-0.3244165748031496
21
0.4706412204724409
0
LINE
8
BLACK
6
CONTINUOUS
10
-0.3244165748031496
20
0.4706412204724409
11
-0.3244165748031496
21
0.4593926377952756
0
LINE
8
BLACK
6
CONTINUOUS
10
-0.3244165748031496
20
0.4593926377952756
11
-0.3244733070866141
21
0.4588165748031496
0
LINE
8
BLACK
6
CONTINUOUS
10
-0.3244733070866141
20
0.4588165748031496
11
-0.3245138976377953
21
0.4587186220472441
0
LINE
8
BLACK
6
CONTINUOUS
10
-0.3245138976377953
20
0.4587186220472441
11
-0.3245214173228346
21
0.4586127165354331
0
LINE
8
BLACK
6
CONTINUOUS
10
-0.3245214173228346
20
0.4586127165354331
11
-0.3247283070866142
21
0.458072125984252
0
LINE
8
BLACK
6
CONTINUOUS
10
-0.3247283070866142
20
0.458072125984252
11
-0.3266030708661417
21
0.4543225984251968
0
LINE
8
BLACK
6
CONTINUOUS
10
-0.3266030708661417
20
0.4543225984251968
11
-0.3267591732283465
21
0.4540746062992126
0
LINE
8
BLACK
6
CONTINUOUS
10
-0.3267591732283465
20
0.4540746062992126
11
-0.3267889763779527
21
0.4540026377952756
0
LINE
8
BLACK
6
CONTINUOUS
10
-0.3267889763779527
20
0.4540026377952756
11
-0.3268554330708661
21
0.4539216929133858
0
LINE
8
BLACK
6
CONTINUOUS
10
-0.3268554330708661
20
0.4539216929133858
11
-0.3269114173228346
21
0.4538327165354331
0
LINE
8
BLACK
6
CONTINUOUS
10
-0.3269114173228346
20
0.4538327165354331
11
-0.3269704724409448
21
0.4537815354330709
0
LINE
8
BLACK
6
CONTINUOUS
10
-0.3269704724409448
20
0.4537815354330709
11
-0.3271562204724409
21
0.4535551574803149
0
LINE
8
BLACK
6
CONTINUOUS
10
-0.3271562204724409
20
0.4535551574803149
11
-0.3290310236220472
21
0.4516803937007874
0
LINE
8
BLACK
6
CONTINUOUS
10
-0.3290310236220472
20
0.4516803937007874
11
-0.3294784645669291
21
0.451313188976378
0
LINE
8
BLACK
6
CONTINUOUS
10
-0.3294784645669291
20
0.451313188976378
11
-0.330542874015748
21
0.4508723228346457
0
LINE
8
BLACK
6
CONTINUOUS
10
-0.330542874015748
20
0.4508723228346457
11
-0.3316949606299213
21
0.4508723228346457
0
LINE
8
BLACK
6
CONTINUOUS
10
-0.3316949606299213
20
0.4508723228346457
11
-0.3327593700787401
21
0.4513132283464567
0
LINE
8
BLACK
6
CONTINUOUS
10
-0.3327593700787401
20
0.4513132283464567
11
-0.3335740551181102
21
0.4521279133858268
0
LINE
8
BLACK
6
CONTINUOUS
10
-0.3335740551181102
20
0.4521279133858268
11
-0.3340149212598425
21
0.4531923228346457
0
LINE
8
BLACK
6
CONTINUOUS
10
-0.3340149212598425
20
0.4531923228346457
11
-0.3340149212598425
21
0.4543444094488189
0
LINE
8
BLACK
6
CONTINUOUS
10
-0.3340149212598425
20
0.4543444094488189
11
-0.3335740157480315
21
0.4554088188976378
0
LINE
8
BLACK
6
CONTINUOUS
10
-0.3335740157480315
20
0.4554088188976378
11
-0.3332067716535433
21
0.4558562992125984
0
LINE
8
BLACK
6
CONTINUOUS
10
-0.3332067716535433
20
0.4558562992125984
11
-0.3316708267716535
21
0.4573922440944882
0
LINE
8
BLACK
6
CONTINUOUS
10
-0.3316708267716535
20
0.4573922440944882
11
-0.3303220866141732
21
0.4600896850393701
0
LINE
8
BLACK
6
CONTINUOUS
10
-0.3303220866141732
20
0.4600896850393701
11
-0.3303220866141732
21
0.4699441732283465
0
LINE
8
BLACK
6
CONTINUOUS
10
-0.3303220866141732
20
0.4699441732283465
11
-0.3316708267716535
21
0.4726416535433071
0
LINE
8
BLACK
6
CONTINUOUS
10
-0.3316708267716535
20
0.4726416535433071
11
-0.3328679921259842
21
0.473838779527559
0
LINE
8
BLACK
6
CONTINUOUS
10
-0.3328679921259842
20
0.473838779527559
11
-0.3355654724409449
21
0.4751875196850394
0
LINE
8
BLACK
6
CONTINUOUS
10
-0.3355654724409449
20
0.4751875196850394
11
-0.3435451968503937
21
0.4751875196850394
0
LINE
8
BLACK
6
CONTINUOUS
10
-0.3435451968503937
20
0.4751875196850394
11
-0.3462426771653543
21
0.473838779527559
0
LINE
8
BLACK
6
CONTINUOUS
10
-0.3462426771653543
20
0.473838779527559
11
-0.3474398031496063
21
0.4726416535433071
0
LINE
8
BLACK
6
CONTINUOUS
10
-0.3474398031496063
20
0.4726416535433071
11
-0.3487885433070866
21
0.4699441732283465
0
LINE
8
BLACK
6
CONTINUOUS
10
-0.3487885433070866
20
0.4699441732283465
11
-0.3487885433070866
21
0.4650169291338583
0
LINE
8
BLACK
6
CONTINUOUS
10
-0.3487885433070866
20
0.4650169291338583
11
-0.3488185826771654
21
0.4647122834645669
0
LINE
8
BLACK
6
CONTINUOUS
10
-0.3488185826771654
20
0.4647122834645669
11
-0.3488133858267716
21
0.4646348031496063
0
LINE
8
BLACK
6
CONTINUOUS
10
-0.3488133858267716
20
0.4646348031496063
11
-0.3488314566929134
21
0.4645814566929134
0
LINE
8
BLACK
6
CONTINUOUS
10
-0.3488314566929134
20
0.4645814566929134
11
-0.3488452755905512
21
0.4644408661417323
0
LINE
8
BLACK
6
CONTINUOUS
10
-0.3488452755905512
20
0.4644408661417323
11
-0.3490288976377953
21
0.4639976771653543
0
LINE
8
BLACK
6
CONTINUOUS
10
-0.3490288976377953
20
0.4639976771653543
11
-0.3491824803149606
21
0.4635434251968504
0
LINE
8
BLACK
6
CONTINUOUS
10
-0.3491824803149606
20
0.4635434251968504
11
-0.3492480708661417
21
0.4634684645669291
0
LINE
8
BLACK
6
CONTINUOUS
10
-0.3492480708661417
20
0.4634684645669291
11
-0.3492861811023622
21
0.4633764566929134
0
LINE
8
BLACK
6
CONTINUOUS
10
-0.3492861811023622
20
0.4633764566929134
11
-0.3496251968503937
21
0.4630374803149606
0
LINE
8
BLACK
6
CONTINUOUS
10
-0.3496251968503937
20
0.4630374803149606
11
-0.3499411417322835
21
0.4626763385826771
0
LINE
8
BLACK
6
CONTINUOUS
10
-0.3499411417322835
20
0.4626763385826771
11
-0.3500305118110236
21
0.4626321653543307
0
LINE
8
BLACK
6
CONTINUOUS
10
-0.3500305118110236
20
0.4626321653543307
11
-0.3501008267716536
21
0.462561811023622
0
LINE
8
BLACK
6
CONTINUOUS
10
-0.3501008267716536
20
0.462561811023622
11
-0.3505437795275591
21
0.4623783464566929
0
LINE
8
BLACK
6
CONTINUOUS
10
-0.3505437795275591
20
0.4623783464566929
11
-0.3509738976377952
21
0.4621656299212598
0
LINE
8
BLACK
6
CONTINUOUS
10
-0.3509738976377952
20
0.4621656299212598
11
-0.3510732677165354
21
0.4621590157480315
0
LINE
8
BLACK
6
CONTINUOUS
10
-0.3510732677165354
20
0.4621590157480315
11
-0.3511652362204724
21
0.462120905511811
0
LINE
8
BLACK
6
CONTINUOUS
10
-0.3511652362204724
20
0.462120905511811
11
-0.3516449606299212
21
0.462120905511811
0
LINE
8
BLACK
6
CONTINUOUS
10
-0.3516449606299212
20
0.462120905511811
11
-0.3521234251968504
21
0.4620890157480315
0
LINE
8
BLACK
6
CONTINUOUS
10
-0.3521234251968504
20
0.4620890157480315
11
-0.352217716535433
21
0.462120905511811
0
LINE
8
BLACK
6
CONTINUOUS
10
-0.352217716535433
20
0.462120905511811
11
-0.3523173622047244
21
0.462120905511811
0
LINE
8
BLACK
6
CONTINUOUS
10
-0.3523173622047244
20
0.462120905511811
11
-0.3527605905511811
21
0.4623045275590551
0
LINE
8
BLACK
6
CONTINUOUS
10
-0.3527605905511811
20
0.4623045275590551
11
-0.3532148031496063
21
0.4624581102362205
0
LINE
8
BLACK
6
CONTINUOUS
10
-0.3532148031496063
20
0.4624581102362205
11
-0.3533296850393701
21
0.4625402362204724
0
LINE
8
BLACK
6
CONTINUOUS
10
-0.3533296850393701
20
0.4625402362204724
11
-0.3533817716535433
21
0.462561811023622
0
LINE
8
BLACK
6
CONTINUOUS
10
-0.3533817716535433
20
0.462561811023622
11
-0.3534367322834646
21
0.4626167716535433
0
LINE
8
BLACK
6
CONTINUOUS
10
-0.3534367322834646
20
0.4626167716535433
11
-0.3536857086614173
21
0.4627947637795276
0
LINE
8
BLACK
6
CONTINUOUS
10
-0.3536857086614173
20
0.4627947637795276
11
-0.3637866535433071
21
0.4716331102362205
0
LINE
8
BLACK
6
CONTINUOUS
10
-0.3637866535433071
20
0.4716331102362205
11
-0.3637866535433071
21
0.4537683464566929
0
LINE
8
BLACK
6
CONTINUOUS
10
-0.3637866535433071
20
0.4537683464566929
11
-0.3638433858267717
21
0.4531922834645669
0
LINE
8
BLACK
6
CONTINUOUS
10
-0.3638433858267717
20
0.4531922834645669
11
-0.3642842913385826
21
0.452127874015748
0
LINE
8
BLACK
6
CONTINUOUS
10
-0.3642842913385826
20
0.452127874015748
11
-0.365098937007874
21
0.4513132283464567
0
LINE
8
BLACK
6
CONTINUOUS
10
-0.365098937007874
20
0.4513132283464567
11
-0.3661633464566929
21
0.4508723228346457
0
LINE
8
BLACK
6
CONTINUOUS
10
-0.3661633464566929
20
0.4508723228346457
11
-0.3673154724409449
21
0.4508723228346457
0
LINE
8
BLACK
6
CONTINUOUS
10
-0.3673154724409449
20
0.4508723228346457
11
-0.3683798818897638
21
0.4513132283464567
0
LINE
8
BLACK
6
CONTINUOUS
10
-0.3683798818897638
20
0.4513132283464567
11
-0.3691945275590551
21
0.452127874015748
0
LINE
8
BLACK
6
CONTINUOUS
10
-0.3691945275590551
20
0.452127874015748
11
-0.3696354330708662
21
0.4531922834645669
0
LINE
8
BLACK
6
CONTINUOUS
10
-0.3696354330708662
20
0.4531922834645669
11
-0.3696921653543307
21
0.4537683464566929
0
LINE
8
BLACK
6
CONTINUOUS
10
-0.3696921653543307
20
0.4537683464566929
11
-0.3696921653543307
21
0.4781402755905512
0
LINE
8
BLACK
6
CONTINUOUS
10
-0.3696921653543307
20
0.4781402755905512
11
-0.3696621653543307
21
0.4784449606299213
0
LINE
8
BLACK
6
CONTINUOUS
10
-0.3696621653543307
20
0.4784449606299213
11
-0.3696673228346457
21
0.4785224015748031
0
LINE
8
BLACK
6
CONTINUOUS
10
-0.3696673228346457
20
0.4785224015748031
11
-0.3696492913385827
21
0.4785757874015748
0
LINE
8
BLACK
6
CONTINUOUS
10
-0.3696492913385827
20
0.4785757874015748
11
-0.3696354330708662
21
0.4787163385826771
0
LINE
8
BLACK
6
CONTINUOUS
10
-0.3696354330708662
20
0.4787163385826771
11
-0.3694518503937008
21
0.4791595669291339
0
LINE
8
BLACK
6
CONTINUOUS
10
-0.3694518503937008
20
0.4791595669291339
11
-0.3692982283464567
21
0.4796137795275591
0
LINE
8
BLACK
6
CONTINUOUS
10
-0.3692982283464567
20
0.4796137795275591
11
-0.3692326771653543
21
0.4796887795275591
0
LINE
8
BLACK
6
CONTINUOUS
10
-0.3692326771653543
20
0.4796887795275591
11
-0.3691945275590551
21
0.4797807480314961
0
LINE
8
BLACK
6
CONTINUOUS
10
-0.3691945275590551
20
0.4797807480314961
11
-0.3688555511811024
21
0.4801197637795275
0
LINE
8
BLACK
6
CONTINUOUS
10
-0.3688555511811024
20
0.4801197637795275
11
-0.3685395669291339
21
0.4804808661417323
0
LINE
8
BLACK
6
CONTINUOUS
10
-0.3685395669291339
20
0.4804808661417323
11
-0.3684502362204725
21
0.4805250787401575
0
LINE
8
BLACK
6
CONTINUOUS
10
-0.3684502362204725
20
0.4805250787401575
11
-0.3683798818897638
21
0.4805953937007874
0
LINE
8
BLACK
6
CONTINUOUS
10
-0.3683798818897638
20
0.4805953937007874
11
-0.367936968503937
21
0.4807788976377952
0
LINE
8
BLACK
6
CONTINUOUS
10
-0.367936968503937
20
0.4807788976377952
11
-0.367506811023622
21
0.4809915748031496
0
LINE
8
BLACK
6
CONTINUOUS
10
-0.367506811023622
20
0.4809915748031496
11
-0.3674074803149606
21
0.4809982283464567
0
LINE
8
BLACK
6
CONTINUOUS
10
-0.3674074803149606
20
0.4809982283464567
11
-0.3673154724409449
21
0.4810362992125984
0
LINE
8
BLACK
6
CONTINUOUS
10
-0.3673154724409449
20
0.4810362992125984
11
-0.366835748031496
21
0.4810362992125984
0
LINE
8
BLACK
6
CONTINUOUS
10
-0.366835748031496
20
0.4810362992125984
11
-0.3663572834645669
21
0.4810681889763779
0
LINE
8
BLACK
6
CONTINUOUS
10
-0.3663572834645669
20
0.4810681889763779
11
-0.3662629921259842
21
0.4810362992125984
0
LINE
8
BLACK
6
CONTINUOUS
10
-0.3662629921259842
20
0.4810362992125984
11
-0.3661633464566929
21
0.4810362992125984
0
LINE
8
BLACK
6
CONTINUOUS
10
-0.3661633464566929
20
0.4810362992125984
11
-0.3657201574803149
21
0.480852716535433
0
LINE
8
BLACK
6
CONTINUOUS
10
-0.3657201574803149
20
0.480852716535433
11
-0.365265905511811
21
0.480699094488189
0
LINE
8
BLACK
6
CONTINUOUS
10
-0.365265905511811
20
0.480699094488189
11
-0.365151062992126
21
0.4806170078740157
0
LINE
8
BLACK
6
CONTINUOUS
10
-0.365151062992126
20
0.4806170078740157
11
-0.365098937007874
21
0.4805953937007874
0
LINE
8
BLACK
6
CONTINUOUS
10
-0.365098937007874
20
0.4805953937007874
11
-0.3650440157480315
21
0.4805404724409449
0
LINE
8
BLACK
6
CONTINUOUS
10
-0.3650440157480315
20
0.4805404724409449
11
-0.364795
21
0.4803624409448819
0
LINE
8
BLACK
6
CONTINUOUS
10
-0.364795
20
0.4803624409448819
11
-0.3545859842519685
21
0.4714295669291338
0
LINE
8
BLACK
6
CONTINUOUS
10
-0.3545859842519685
20
0.4714295669291338
11
-0.3543823228346457
21
0.4719617322834646
0
LINE
8
BLACK
6
CONTINUOUS
10
-0.3543823228346457
20
0.4719617322834646
11
-0.3525075590551181
21
0.4757112598425197
0
LINE
8
BLACK
6
CONTINUOUS
10
-0.3525075590551181
20
0.4757112598425197
11
-0.3523514960629921
21
0.4759592913385827
0
LINE
8
BLACK
6
CONTINUOUS
10
-0.3523514960629921
20
0.4759592913385827
11
-0.3523216535433071
21
0.476031220472441
0
LINE
8
BLACK
6
CONTINUOUS
10
-0.3523216535433071
20
0.476031220472441
11
-0.3522551968503937
21
0.4761122047244095
0
LINE
8
BLACK
6
CONTINUOUS
10
-0.3522551968503937
20
0.4761122047244095
11
-0.3521992125984252
21
0.4762011417322835
0
LINE
8
BLACK
6
CONTINUOUS
10
-0.3521992125984252
20
0.4762011417322835
11
-0.3521402362204724
21
0.4762523228346456
0
LINE
8
BLACK
6
CONTINUOUS
10
-0.3521402362204724
20
0.4762523228346456
11
-0.3519544488188976
21
0.4764786614173228
0
LINE
8
BLACK
6
CONTINUOUS
10
-0.3519544488188976
20
0.4764786614173228
11
-0.3500796850393701
21
0.4783534251968504
0
LINE
8
BLACK
6
CONTINUOUS
10
-0.3500796850393701
20
0.4783534251968504
11
-0.3498533464566929
21
0.4785392125984252
0
LINE
8
BLACK
6
CONTINUOUS
10
-0.3498533464566929
20
0.4785392125984252
11
-0.3498021653543307
21
0.478598188976378
0
LINE
8
BLACK
6
CONTINUOUS
10
-0.3498021653543307
20
0.478598188976378
11
-0.3497132283464567
21
0.4786541732283465
0
LINE
8
BLACK
6
CONTINUOUS
10
-0.3497132283464567
20
0.4786541732283465
11
-0.3496322440944882
21
0.4787206299212599
0
LINE
8
BLACK
6
CONTINUOUS
10
-0.3496322440944882
20
0.4787206299212599
11
-0.3495603149606299
21
0.4787504724409449
0
LINE
8
BLACK
6
CONTINUOUS
10
-0.3495603149606299
20
0.4787504724409449
11
-0.3493122834645669
21
0.4789065354330709
0
LINE
8
BLACK
6
CONTINUOUS
10
-0.3493122834645669
20
0.4789065354330709
11
-0.3455627559055118
21
0.4807812992125984
0
LINE
8
BLACK
6
CONTINUOUS
10
-0.3455627559055118
20
0.4807812992125984
11
-0.3450221653543307
21
0.480988188976378
0
LINE
8
BLACK
6
CONTINUOUS
10
-0.3450221653543307
20
0.480988188976378
11
-0.3449162992125984
21
0.480995748031496
0
LINE
8
BLACK
6
CONTINUOUS
10
-0.3449162992125984
20
0.480995748031496
11
-0.3448183070866142
21
0.4810362992125984
0
LINE
8
BLACK
6
CONTINUOUS
10
-0.3448183070866142
20
0.4810362992125984
11
-0.3442422440944882
21
0.481093031496063
0
LINE
8
BLACK
6
CONTINUOUS
10
-0.3442422440944882
20
0.481093031496063
11
-0.3348684251968504
21
0.481093031496063
0
LINE
8
BLACK
6
CONTINUOUS
10
-0.3348684251968504
20
0.481093031496063
11
-0.3342923622047244
21
0.4810362992125984
0
LINE
8
BLACK
6
CONTINUOUS
10
1.0577330314960629
20
0.4998307874015748
11
1.057776062992126
21
0.4998371653543307
0
LINE
8
BLACK
6
CONTINUOUS
10
1.057776062992126
20
0.4998371653543307
11
1.0579915354330709
21
0.4998053149606299
0
LINE
8
BLACK
6
CONTINUOUS
10
1.0579915354330709
20
0.4998053149606299
11
1.0582085826771652
21
0.499783937007874
0
LINE
8
BLACK
6
CONTINUOUS
10
1.0582085826771652
20
0.499783937007874
11
1.058248779527559
21
0.4997673228346456
0
LINE
8
BLACK
6
CONTINUOUS
10
1.058248779527559
20
0.4997673228346456
11
1.0583486614173228
21
0.4997525196850394
0
LINE
8
BLACK
6
CONTINUOUS
10
1.0583486614173228
20
0.4997525196850394
11
1.065847716535433
21
0.4978777559055118
0
LINE
8
BLACK
6
CONTINUOUS
10
1.065847716535433
20
0.4978777559055118
11
1.0658901968503938
21
0.4978625984251968
0
LINE
8
BLACK
6
CONTINUOUS
10
1.0658901968503938
20
0.4978625984251968
11
1.0659114566929133
21
0.497861062992126
0
LINE
8
BLACK
6
CONTINUOUS
10
1.0659114566929133
20
0.497861062992126
11
1.0661508661417323
21
0.4977694488188976
0
LINE
8
BLACK
6
CONTINUOUS
10
1.0661508661417323
20
0.4977694488188976
11
1.0663928346456693
21
0.4976829921259842
0
LINE
8
BLACK
6
CONTINUOUS
10
1.0663928346456693
20
0.4976829921259842
11
1.0664099606299213
21
0.4976703149606299
0
LINE
8
BLACK
6
CONTINUOUS
10
1.0664099606299213
20
0.4976703149606299
11
1.0664520866141731
21
0.4976541732283464
0
LINE
8
BLACK
6
CONTINUOUS
10
1.0664520866141731
20
0.4976541732283464
11
1.0702016141732282
21
0.4957794094488189
0
LINE
8
BLACK
6
CONTINUOUS
10
1.0702016141732282
20
0.4957794094488189
11
1.0704494881889763
21
0.4956233858267716
0
LINE
8
BLACK
6
CONTINUOUS
10
1.0704494881889763
20
0.4956233858267716
11
1.0705215354330708
21
0.4955935433070866
0
LINE
8
BLACK
6
CONTINUOUS
10
1.0705215354330708
20
0.4955935433070866
11
1.070602559055118
21
0.4955270472440945
0
LINE
8
BLACK
6
CONTINUOUS
10
1.070602559055118
20
0.4955270472440945
11
1.0706914960629921
21
0.495471062992126
0
LINE
8
BLACK
6
CONTINUOUS
10
1.0706914960629921
20
0.495471062992126
11
1.0707426377952756
21
0.4954120866141732
0
LINE
8
BLACK
6
CONTINUOUS
10
1.0707426377952756
20
0.4954120866141732
11
1.0709689763779526
21
0.4952263385826772
0
LINE
8
BLACK
6
CONTINUOUS
10
1.0709689763779526
20
0.4952263385826772
11
1.0728437795275589
21
0.4933515748031496
0
LINE
8
BLACK
6
CONTINUOUS
10
1.0728437795275589
20
0.4933515748031496
11
1.0730295275590551
21
0.4931252362204724
0
LINE
8
BLACK
6
CONTINUOUS
10
1.0730295275590551
20
0.4931252362204724
11
1.0730885826771652
21
0.4930740157480315
0
LINE
8
BLACK
6
CONTINUOUS
10
1.0730885826771652
20
0.4930740157480315
11
1.0731445669291337
21
0.4929850787401575
0
LINE
8
BLACK
6
CONTINUOUS
10
1.0731445669291337
20
0.4929850787401575
11
1.0732110236220471
21
0.4929040944881889
0
LINE
8
BLACK
6
CONTINUOUS
10
1.0732110236220471
20
0.4929040944881889
11
1.0732408267716536
21
0.4928321653543307
0
LINE
8
BLACK
6
CONTINUOUS
10
1.0732408267716536
20
0.4928321653543307
11
1.0733969291338583
21
0.4925841338582677
0
LINE
8
BLACK
6
CONTINUOUS
10
1.0733969291338583
20
0.4925841338582677
11
1.0752716929133859
21
0.4888346062992126
0
LINE
8
BLACK
6
CONTINUOUS
10
1.0752716929133859
20
0.4888346062992126
11
1.0754785826771653
21
0.4882940157480315
0
LINE
8
BLACK
6
CONTINUOUS
10
1.0754785826771653
20
0.4882940157480315
11
1.0754861023622047
21
0.4881881496062992
0
LINE
8
BLACK
6
CONTINUOUS
10
1.0754861023622047
20
0.4881881496062992
11
1.0755266929133858
21
0.4880901574803149
0
LINE
8
BLACK
6
CONTINUOUS
10
1.0755266929133858
20
0.4880901574803149
11
1.0755834251968504
21
0.4875140944881889
0
LINE
8
BLACK
6
CONTINUOUS
10
1.0755834251968504
20
0.4875140944881889
11
1.0755834251968504
21
0.4837645669291338
0
LINE
8
BLACK
6
CONTINUOUS
10
1.0755834251968504
20
0.4837645669291338
11
1.0755266929133858
21
0.4831885039370079
0
LINE
8
BLACK
6
CONTINUOUS
10
1.0755266929133858
20
0.4831885039370079
11
1.0754861023622047
21
0.4830905511811023
0
LINE
8
BLACK
6
CONTINUOUS
10
1.0754861023622047
20
0.4830905511811023
11
1.0754785826771653
21
0.4829846456692913
0
LINE
8
BLACK
6
CONTINUOUS
10
1.0754785826771653
20
0.4829846456692913
11
1.0752716929133859
21
0.4824440551181102
0
LINE
8
BLACK
6
CONTINUOUS
10
1.0752716929133859
20
0.4824440551181102
11
1.0733969291338583
21
0.4786945275590551
0
LINE
8
BLACK
6
CONTINUOUS
10
1.0733969291338583
20
0.4786945275590551
11
1.0732408267716536
21
0.4784465354330709
0
LINE
8
BLACK
6
CONTINUOUS
10
1.0732408267716536
20
0.4784465354330709
11
1.0732110236220471
21
0.4783745669291338
0
LINE
8
BLACK
6
CONTINUOUS
10
1.0732110236220471
20
0.4783745669291338
11
1.0731445669291337
21
0.4782936220472441
0
LINE
8
BLACK
6
CONTINUOUS
10
1.0731445669291337
20
0.4782936220472441
11
1.0730885826771652
21
0.4782046456692913
0
LINE
8
BLACK
6
CONTINUOUS
10
1.0730885826771652
20
0.4782046456692913
11
1.0730295275590551
21
0.4781534645669291
0
LINE
8
BLACK
6
CONTINUOUS
10
1.0730295275590551
20
0.4781534645669291
11
1.0728437795275589
21
0.4779270866141732
0
LINE
8
BLACK
6
CONTINUOUS
10
1.0728437795275589
20
0.4779270866141732
11
1.0709689763779526
21
0.4760523228346457
0
LINE
8
BLACK
6
CONTINUOUS
10
1.0709689763779526
20
0.4760523228346457
11
1.0707426377952756
21
0.4758666141732283
0
LINE
8
BLACK
6
CONTINUOUS
10
1.0707426377952756
20
0.4758666141732283
11
1.0706914960629921
21
0.4758075984251968
0
LINE
8
BLACK
6
CONTINUOUS
10
1.0706914960629921
20
0.4758075984251968
11
1.070602559055118
21
0.4757516535433071
0
LINE
8
BLACK
6
CONTINUOUS
10
1.070602559055118
20
0.4757516535433071
11
1.0705215354330708
21
0.4756851181102362
0
LINE
8
BLACK
6
CONTINUOUS
10
1.0705215354330708
20
0.4756851181102362
11
1.0704494881889763
21
0.4756553149606299
0
LINE
8
BLACK
6
CONTINUOUS
10
1.0704494881889763
20
0.4756553149606299
11
1.0702016141732282
21
0.4754992519685039
0
LINE
8
BLACK
6
CONTINUOUS
10
1.0702016141732282
20
0.4754992519685039
11
1.0664520866141731
21
0.4736244881889763
0
LINE
8
BLACK
6
CONTINUOUS
10
1.0664520866141731
20
0.4736244881889763
11
1.0664099606299213
21
0.4736083858267716
0
LINE
8
BLACK
6
CONTINUOUS
10
1.0664099606299213
20
0.4736083858267716
11
1.0663928346456693
21
0.4735956692913386
0
LINE
8
BLACK
6
CONTINUOUS
10
1.0663928346456693
20
0.4735956692913386
11
1.0661508661417323
21
0.4735092519685039
0
LINE
8
BLACK
6
CONTINUOUS
10
1.0661508661417323
20
0.4735092519685039
11
1.0659114566929133
21
0.4734175984251968
0
LINE
8
BLACK
6
CONTINUOUS
10
1.0659114566929133
20
0.4734175984251968
11
1.0658901968503938
21
0.4734161023622047
0
LINE
8
BLACK
6
CONTINUOUS
10
1.0658901968503938
20
0.4734161023622047
11
1.065847716535433
21
0.473400905511811
0
LINE
8
BLACK
6
CONTINUOUS
10
1.065847716535433
20
0.473400905511811
11
1.0583486614173228
21
0.4715261417322835
0
LINE
8
BLACK
6
CONTINUOUS
10
1.0583486614173228
20
0.4715261417322835
11
1.058248779527559
21
0.4715113779527559
0
LINE
8
BLACK
6
CONTINUOUS
10
1.058248779527559
20
0.4715113779527559
11
1.0582085826771652
21
0.4714947244094488
0
LINE
8
BLACK
6
CONTINUOUS
10
1.0582085826771652
20
0.4714947244094488
11
1.0579915354330709
21
0.4714733858267716
0
LINE
8
BLACK
6
CONTINUOUS
10
1.0579915354330709
20
0.4714733858267716
11
1.057776062992126
21
0.4714414960629921
0
LINE
8
BLACK
6
CONTINUOUS
10
1.057776062992126
20
0.4714414960629921
11
1.0577330314960629
21
0.4714479133858268
0
LINE
8
BLACK
6
CONTINUOUS
10
1.0577330314960629
20
0.4714479133858268
11
1.0576325196850394
21
0.4714379921259843
0
LINE
8
BLACK
6
CONTINUOUS
10
1.0576325196850394
20
0.4714379921259843
11
1.0482587007874016
21
0.4714379921259843
0
LINE
8
BLACK
6
CONTINUOUS
10
1.0482587007874016
20
0.4714379921259843
11
1.0481581496062993
21
0.4714479133858268
0
LINE
8
BLACK
6
CONTINUOUS
10
1.0481581496062993
20
0.4714479133858268
11
1.0481151574803149
21
0.4714414960629921
0
LINE
8
BLACK
6
CONTINUOUS
10
1.0481151574803149
20
0.4714414960629921
11
1.0478996456692913
21
0.4714733858267716
0
LINE
8
BLACK
6
CONTINUOUS
10
1.0478996456692913
20
0.4714733858267716
11
1.0476826377952755
21
0.4714947244094488
0
LINE
8
BLACK
6
CONTINUOUS
10
1.0476826377952755
20
0.4714947244094488
11
1.0476424015748032
21
0.4715113779527559
0
LINE
8
BLACK
6
CONTINUOUS
10
1.0476424015748032
20
0.4715113779527559
11
1.0475425590551182
21
0.4715261417322835
0
LINE
8
BLACK
6
CONTINUOUS
10
1.0475425590551182
20
0.4715261417322835
11
1.040043503937008
21
0.473400905511811
0
LINE
8
BLACK
6
CONTINUOUS
10
1.040043503937008
20
0.473400905511811
11
1.0400009842519684
21
0.4734161023622047
0
LINE
8
BLACK
6
CONTINUOUS
10
1.0400009842519684
20
0.4734161023622047
11
1.0399797244094489
21
0.4734175984251968
0
LINE
8
BLACK
6
CONTINUOUS
10
1.0399797244094489
20
0.4734175984251968
11
1.0397399606299211
21
0.4735093700787402
0
LINE
8
BLACK
6
CONTINUOUS
10
1.0397399606299211
20
0.4735093700787402
11
1.0394983858267717
21
0.4735956692913386
0
LINE
8
BLACK
6
CONTINUOUS
10
1.0394983858267717
20
0.4735956692913386
11
1.0394812204724408
21
0.4736083858267716
0
LINE
8
BLACK
6
CONTINUOUS
10
1.0394812204724408
20
0.4736083858267716
11
1.0394391338582676
21
0.4736244881889763
0
LINE
8
BLACK
6
CONTINUOUS
10
1.0394391338582676
20
0.4736244881889763
11
1.0356896062992125
21
0.4754992519685039
0
LINE
8
BLACK
6
CONTINUOUS
10
1.0356896062992125
20
0.4754992519685039
11
1.0354415748031496
21
0.4756553543307087
0
LINE
8
BLACK
6
CONTINUOUS
10
1.0354415748031496
20
0.4756553543307087
11
1.0353696456692913
21
0.4756851574803149
0
LINE
8
BLACK
6
CONTINUOUS
10
1.0353696456692913
20
0.4756851574803149
11
1.0352886614173229
21
0.4757516535433071
0
LINE
8
BLACK
6
CONTINUOUS
10
1.0352886614173229
20
0.4757516535433071
11
1.0351997244094489
21
0.4758075984251968
0
LINE
8
BLACK
6
CONTINUOUS
10
1.0351997244094489
20
0.4758075984251968
11
1.0351485433070866
21
0.4758666141732283
0
LINE
8
BLACK
6
CONTINUOUS
10
1.0351485433070866
20
0.4758666141732283
11
1.0349222047244093
21
0.4760523622047244
0
LINE
8
BLACK
6
CONTINUOUS
10
1.0349222047244093
20
0.4760523622047244
11
1.0330474409448818
21
0.477927125984252
0
LINE
8
BLACK
6
CONTINUOUS
10
1.0330474409448818
20
0.477927125984252
11
1.0328616535433071
21
0.4781535039370078
0
LINE
8
BLACK
6
CONTINUOUS
10
1.0328616535433071
20
0.4781535039370078
11
1.0328026771653542
21
0.4782046456692913
0
LINE
8
BLACK
6
CONTINUOUS
10
1.0328026771653542
20
0.4782046456692913
11
1.0327466929133857
21
0.4782936220472441
0
LINE
8
BLACK
6
CONTINUOUS
10
1.0327466929133857
20
0.4782936220472441
11
1.0326802362204723
21
0.4783745669291338
0
LINE
8
BLACK
6
CONTINUOUS
10
1.0326802362204723
20
0.4783745669291338
11
1.0326503937007874
21
0.4784465354330709
0
LINE
8
BLACK
6
CONTINUOUS
10
1.0326503937007874
20
0.4784465354330709
11
1.0324943307086614
21
0.4786945275590551
0
LINE
8
BLACK
6
CONTINUOUS
10
1.0324943307086614
20
0.4786945275590551
11
1.0306195669291338
21
0.4824440551181102
0
LINE
8
BLACK
6
CONTINUOUS
10
1.0306195669291338
20
0.4824440551181102
11
1.0304126771653543
21
0.4829846850393701
0
LINE
8
BLACK
6
CONTINUOUS
10
1.0304126771653543
20
0.4829846850393701
11
1.030405157480315
21
0.4830905118110236
0
LINE
8
BLACK
6
CONTINUOUS
10
1.030405157480315
20
0.4830905118110236
11
1.0303645669291339
21
0.4831885039370079
0
LINE
8
BLACK
6
CONTINUOUS
10
1.0303645669291339
20
0.4831885039370079
11
1.0303078346456693
21
0.4837645669291338
0
LINE
8
BLACK
6
CONTINUOUS
10
1.0303078346456693
20
0.4837645669291338
11
1.0303078346456693
21
0.4875140944881889
0
LINE
8
BLACK
6
CONTINUOUS
10
1.0303078346456693
20
0.4875140944881889
11
1.0303645669291339
21
0.4880901574803149
0
LINE
8
BLACK
6
CONTINUOUS
10
1.0303645669291339
20
0.4880901574803149
11
1.030405157480315
21
0.4881881889763779
0
LINE
8
BLACK
6
CONTINUOUS
10
1.030405157480315
20
0.4881881889763779
11
1.0304126771653543
21
0.4882939763779527
0
LINE
8
BLACK
6
CONTINUOUS
10
1.0304126771653543
20
0.4882939763779527
11
1.0306195669291338
21
0.4888346062992126
0
LINE
8
BLACK
6
CONTINUOUS
10
1.0306195669291338
20
0.4888346062992126
11
1.0324943307086614
21
0.4925841338582677
0
LINE
8
BLACK
6
CONTINUOUS
10
1.0324943307086614
20
0.4925841338582677
11
1.0326503937007874
21
0.4928321653543307
0
LINE
8
BLACK
6
CONTINUOUS
10
1.0326503937007874
20
0.4928321653543307
11
1.0326802362204723
21
0.4929040944881889
0
LINE
8
BLACK
6
CONTINUOUS
10
1.0326802362204723
20
0.4929040944881889
11
1.0327466929133857
21
0.4929850787401575
0
LINE
8
BLACK
6
CONTINUOUS
10
1.0327466929133857
20
0.4929850787401575
11
1.0328026771653542
21
0.4930740157480315
0
LINE
8
BLACK
6
CONTINUOUS
10
1.0328026771653542
20
0.4930740157480315
11
1.0328616535433071
21
0.4931251968503937
0
LINE
8
BLACK
6
CONTINUOUS
10
1.0328616535433071
20
0.4931251968503937
11
1.0330474409448818
21
0.4933515354330709
0
LINE
8
BLACK
6
CONTINUOUS
10
1.0330474409448818
20
0.4933515354330709
11
1.0349222047244093
21
0.4952262992125984
0
LINE
8
BLACK
6
CONTINUOUS
10
1.0349222047244093
20
0.4952262992125984
11
1.0351485433070866
21
0.4954120866141732
0
LINE
8
BLACK
6
CONTINUOUS
10
1.0351485433070866
20
0.4954120866141732
11
1.0351997244094489
21
0.495471062992126
0
LINE
8
BLACK
6
CONTINUOUS
10
1.0351997244094489
20
0.495471062992126
11
1.0352886614173229
21
0.4955270472440945
0
LINE
8
BLACK
6
CONTINUOUS
10
1.0352886614173229
20
0.4955270472440945
11
1.0353696456692913
21
0.4955935039370079
0
LINE
8
BLACK
6
CONTINUOUS
10
1.0353696456692913
20
0.4955935039370079
11
1.0354415748031496
21
0.4956233464566929
0
LINE
8
BLACK
6
CONTINUOUS
10
1.0354415748031496
20
0.4956233464566929
11
1.0356896062992125
21
0.4957794094488189
0
LINE
8
BLACK
6
CONTINUOUS
10
1.0356896062992125
20
0.4957794094488189
11
1.0394391338582676
21
0.4976541732283464
0
LINE
8
BLACK
6
CONTINUOUS
10
1.0394391338582676
20
0.4976541732283464
11
1.0394812204724408
21
0.4976703149606299
0
LINE
8
BLACK
6
CONTINUOUS
10
1.0394812204724408
20
0.4976703149606299
11
1.0394983858267717
21
0.4976829921259842
0
LINE
8
BLACK
6
CONTINUOUS
10
1.0394983858267717
20
0.4976829921259842
11
1.0397399606299211
21
0.4977693307086614
0
LINE
8
BLACK
6
CONTINUOUS
10
1.0397399606299211
20
0.4977693307086614
11
1.0399797244094489
21
0.497861062992126
0
LINE
8
BLACK
6
CONTINUOUS
10
1.0399797244094489
20
0.497861062992126
11
1.0400009842519684
21
0.4978625984251968
0
LINE
8
BLACK
6
CONTINUOUS
10
1.0400009842519684
20
0.4978625984251968
11
1.040043503937008
21
0.4978777559055118
0
LINE
8
BLACK
6
CONTINUOUS
10
1.040043503937008
20
0.4978777559055118
11
1.0475425590551182
21
0.4997525196850394
0
LINE
8
BLACK
6
CONTINUOUS
10
1.0475425590551182
20
0.4997525196850394
11
1.0476424015748032
21
0.4997673228346456
0
LINE
8
BLACK
6
CONTINUOUS
10
1.0476424015748032
20
0.4997673228346456
11
1.0476826377952755
21
0.499783937007874
0
LINE
8
BLACK
6
CONTINUOUS
10
1.0476826377952755
20
0.499783937007874
11
1.0478996456692913
21
0.4998053149606299
0
LINE
8
BLACK
6
CONTINUOUS
10
1.0478996456692913
20
0.4998053149606299
11
1.0481151574803149
21
0.4998371653543307
0
LINE
8
BLACK
6
CONTINUOUS
10
1.0481151574803149
20
0.4998371653543307
11
1.0481581496062993
21
0.4998307874015748
0
LINE
8
BLACK
6
CONTINUOUS
10
1.0481581496062993
20
0.4998307874015748
11
1.0482587007874016
21
0.4998406692913386
0
LINE
8
BLACK
6
CONTINUOUS
10
1.0482587007874016
20
0.4998406692913386
11
1.0576325196850394
21
0.4998406692913386
0
LINE
8
BLACK
6
CONTINUOUS
10
1.0576325196850394
20
0.4998406692913386
11
1.0577330314960629
21
0.4998307874015748
0
LINE
8
BLACK
6
CONTINUOUS
10
1.0417901968503938
20
0.4922271653543307
11
1.0387592125984251
21
0.4907116535433071
0
LINE
8
BLACK
6
CONTINUOUS
10
1.0387592125984251
20
0.4907116535433071
11
1.0375620866141733
21
0.4895145275590551
0
LINE
8
BLACK
6
CONTINUOUS
10
1.0375620866141733
20
0.4895145275590551
11
1.0362133464566929
21
0.4868170472440945
0
LINE
8
BLACK
6
CONTINUOUS
10
1.0362133464566929
20
0.4868170472440945
11
1.0362133464566929
21
0.4844616141732284
0
LINE
8
BLACK
6
CONTINUOUS
10
1.0362133464566929
20
0.4844616141732284
11
1.0375620866141733
21
0.4817641338582677
0
LINE
8
BLACK
6
CONTINUOUS
10
1.0375620866141733
20
0.4817641338582677
11
1.0387592125984251
21
0.4805670078740157
0
LINE
8
BLACK
6
CONTINUOUS
10
1.0387592125984251
20
0.4805670078740157
11
1.0417901968503938
21
0.4790515354330708
0
LINE
8
BLACK
6
CONTINUOUS
10
1.0417901968503938
20
0.4790515354330708
11
1.0486222440944881
21
0.4773435039370079
0
LINE
8
BLACK
6
CONTINUOUS
10
1.0486222440944881
20
0.4773435039370079
11
1.0572689763779528
21
0.4773435039370079
0
LINE
8
BLACK
6
CONTINUOUS
10
1.0572689763779528
20
0.4773435039370079
11
1.0641010236220472
21
0.4790515354330708
0
LINE
8
BLACK
6
CONTINUOUS
10
1.0641010236220472
20
0.4790515354330708
11
1.0671320078740156
21
0.4805670472440945
0
LINE
8
BLACK
6
CONTINUOUS
10
1.0671320078740156
20
0.4805670472440945
11
1.0683291732283464
21
0.4817641732283465
0
LINE
8
BLACK
6
CONTINUOUS
10
1.0683291732283464
20
0.4817641732283465
11
1.0696779133858267
21
0.4844616141732284
0
LINE
8
BLACK
6
CONTINUOUS
10
1.0696779133858267
20
0.4844616141732284
11
1.0696779133858267
21
0.4868170472440945
0
LINE
8
BLACK
6
CONTINUOUS
10
1.0696779133858267
20
0.4868170472440945
11
1.0683291732283464
21
0.4895145275590551
0
LINE
8
BLACK
6
CONTINUOUS
10
1.0683291732283464
20
0.4895145275590551
11
1.0671320078740156
21
0.4907116535433071
0
LINE
8
BLACK
6
CONTINUOUS
10
1.0671320078740156
20
0.4907116535433071
11
1.0641010236220472
21
0.4922271653543307
0
LINE
8
BLACK
6
CONTINUOUS
10
1.0641010236220472
20
0.4922271653543307
11
1.0572689763779528
21
0.493935157480315
0
LINE
8
BLACK
6
CONTINUOUS
10
1.0572689763779528
20
0.493935157480315
11
1.0486222440944881
21
0.493935157480315
0
LINE
8
BLACK
6
CONTINUOUS
10
1.0486222440944881
20
0.493935157480315
11
1.0417901968503938
21
0.4922271653543307
0
LINE
8
BLACK
6
CONTINUOUS
10
-0.342266968503937
20
0.5185784645669291
11
-0.342223937007874
21
0.5185848425196851
0
LINE
8
BLACK
6
CONTINUOUS
10
-0.342223937007874
20
0.5185848425196851
11
-0.3420084645669291
21
0.5185529921259843
0
LINE
8
BLACK
6
CONTINUOUS
10
-0.3420084645669291
20
0.5185529921259843
11
-0.3417914173228346
21
0.5185316141732284
0
LINE
8
BLACK
6
CONTINUOUS
10
-0.3417914173228346
20
0.5185316141732284
11
-0.3417512204724409
21
0.5185149999999999
0
LINE
8
BLACK
6
CONTINUOUS
10
-0.3417512204724409
20
0.5185149999999999
11
-0.3416513385826772
21
0.5185001968503937
0
LINE
8
BLACK
6
CONTINUOUS
10
-0.3416513385826772
20
0.5185001968503937
11
-0.3341522834645669
21
0.5166254330708662
0
LINE
8
BLACK
6
CONTINUOUS
10
-0.3341522834645669
20
0.5166254330708662
11
-0.3341098031496063
21
0.5166102755905512
0
LINE
8
BLACK
6
CONTINUOUS
10
-0.3341098031496063
20
0.5166102755905512
11
-0.3340885433070866
21
0.5166087401574803
0
LINE
8
BLACK
6
CONTINUOUS
10
-0.3340885433070866
20
0.5166087401574803
11
-0.3338491338582677
21
0.5165171259842519
0
LINE
8
BLACK
6
CONTINUOUS
10
-0.3338491338582677
20
0.5165171259842519
11
-0.3336071653543307
21
0.5164306692913385
0
LINE
8
BLACK
6
CONTINUOUS
10
-0.3336071653543307
20
0.5164306692913385
11
-0.3335900393700788
21
0.5164179921259843
0
LINE
8
BLACK
6
CONTINUOUS
10
-0.3335900393700788
20
0.5164179921259843
11
-0.3335479133858268
21
0.5164018503937008
0
LINE
8
BLACK
6
CONTINUOUS
10
-0.3335479133858268
20
0.5164018503937008
11
-0.3297983858267716
21
0.5145270866141732
0
LINE
8
BLACK
6
CONTINUOUS
10
-0.3297983858267716
20
0.5145270866141732
11
-0.3295505118110236
21
0.514371062992126
0
LINE
8
BLACK
6
CONTINUOUS
10
-0.3295505118110236
20
0.514371062992126
11
-0.3294784645669291
21
0.5143412204724409
0
LINE
8
BLACK
6
CONTINUOUS
10
-0.3294784645669291
20
0.5143412204724409
11
-0.3293974409448819
21
0.5142747244094488
0
LINE
8
BLACK
6
CONTINUOUS
10
-0.3293974409448819
20
0.5142747244094488
11
-0.3293085039370079
21
0.5142187401574803
0
LINE
8
BLACK
6
CONTINUOUS
10
-0.3293085039370079
20
0.5142187401574803
11
-0.3292573622047244
21
0.5141597637795275
0
LINE
8
BLACK
6
CONTINUOUS
10
-0.3292573622047244
20
0.5141597637795275
11
-0.3290310236220472
21
0.5139740157480315
0
LINE
8
BLACK
6
CONTINUOUS
10
-0.3290310236220472
20
0.5139740157480315
11
-0.3271562204724409
21
0.5120992519685039
0
LINE
8
BLACK
6
CONTINUOUS
10
-0.3271562204724409
20
0.5120992519685039
11
-0.3269704724409448
21
0.5118729133858267
0
LINE
8
BLACK
6
CONTINUOUS
10
-0.3269704724409448
20
0.5118729133858267
11
-0.3269114173228346
21
0.5118216929133859
0
LINE
8
BLACK
6
CONTINUOUS
10
-0.3269114173228346
20
0.5118216929133859
11
-0.3268554330708661
21
0.5117327559055118
0
LINE
8
BLACK
6
CONTINUOUS
10
-0.3268554330708661
20
0.5117327559055118
11
-0.3267889763779527
21
0.5116517716535433
0
LINE
8
BLACK
6
CONTINUOUS
10
-0.3267889763779527
20
0.5116517716535433
11
-0.3267591732283465
21
0.511579842519685
0
LINE
8
BLACK
6
CONTINUOUS
10
-0.3267591732283465
20
0.511579842519685
11
-0.3266030708661417
21
0.511331811023622
0
LINE
8
BLACK
6
CONTINUOUS
10
-0.3266030708661417
20
0.511331811023622
11
-0.3247283070866142
21
0.5075822834645669
0
LINE
8
BLACK
6
CONTINUOUS
10
-0.3247283070866142
20
0.5075822834645669
11
-0.3245214173228346
21
0.5070416929133859
0
LINE
8
BLACK
6
CONTINUOUS
10
-0.3245214173228346
20
0.5070416929133859
11
-0.3245138976377953
21
0.5069358267716535
0
LINE
8
BLACK
6
CONTINUOUS
10
-0.3245138976377953
20
0.5069358267716535
11
-0.3244733070866141
21
0.5068378346456692
0
LINE
8
BLACK
6
CONTINUOUS
10
-0.3244733070866141
20
0.5068378346456692
11
-0.3244165748031496
21
0.5062617716535432
0
LINE
8
BLACK
6
CONTINUOUS
10
-0.3244165748031496
20
0.5062617716535432
11
-0.3244165748031496
21
0.5025122440944881
0
LINE
8
BLACK
6
CONTINUOUS
10
-0.3244165748031496
20
0.5025122440944881
11
-0.3244733070866141
21
0.5019361811023622
0
LINE
8
BLACK
6
CONTINUOUS
10
-0.3244733070866141
20
0.5019361811023622
11
-0.3245138976377953
21
0.5018382283464566
0
LINE
8
BLACK
6
CONTINUOUS
10
-0.3245138976377953
20
0.5018382283464566
11
-0.3245214173228346
21
0.5017323228346456
0
LINE
8
BLACK
6
CONTINUOUS
10
-0.3245214173228346
20
0.5017323228346456
11
-0.3247283070866142
21
0.5011917322834646
0
LINE
8
BLACK
6
CONTINUOUS
10
-0.3247283070866142
20
0.5011917322834646
11
-0.3266030708661417
21
0.4974422047244094
0
LINE
8
BLACK
6
CONTINUOUS
10
-0.3266030708661417
20
0.4974422047244094
11
-0.3267591732283465
21
0.4971942125984252
0
LINE
8
BLACK
6
CONTINUOUS
10
-0.3267591732283465
20
0.4971942125984252
11
-0.3267889763779527
21
0.4971222440944882
0
LINE
8
BLACK
6
CONTINUOUS
10
-0.3267889763779527
20
0.4971222440944882
11
-0.3268554330708661
21
0.4970412992125984
0
LINE
8
BLACK
6
CONTINUOUS
10
-0.3268554330708661
20
0.4970412992125984
11
-0.3269114173228346
21
0.4969523228346456
0
LINE
8
BLACK
6
CONTINUOUS
10
-0.3269114173228346
20
0.4969523228346456
11
-0.3269704724409448
21
0.4969011417322834
0
LINE
8
BLACK
6
CONTINUOUS
10
-0.3269704724409448
20
0.4969011417322834
11
-0.3271562204724409
21
0.4966747637795276
0
LINE
8
BLACK
6
CONTINUOUS
10
-0.3271562204724409
20
0.4966747637795276
11
-0.3290310236220472
21
0.4948
0
LINE
8
BLACK
6
CONTINUOUS
10
-0.3290310236220472
20
0.4948
11
-0.3292573622047244
21
0.4946142913385826
0
LINE
8
BLACK
6
CONTINUOUS
10
-0.3292573622047244
20
0.4946142913385826
11
-0.3293085039370079
21
0.4945552755905512
0
LINE
8
BLACK
6
CONTINUOUS
10
-0.3293085039370079
20
0.4945552755905512
11
-0.3293974409448819
21
0.4944993307086614
0
LINE
8
BLACK
6
CONTINUOUS
10
-0.3293974409448819
20
0.4944993307086614
11
-0.3294784645669291
21
0.4944327952755905
0
LINE
8
BLACK
6
CONTINUOUS
10
-0.3294784645669291
20
0.4944327952755905
11
-0.3295505118110236
21
0.4944029921259843
0
LINE
8
BLACK
6
CONTINUOUS
10
-0.3295505118110236
20
0.4944029921259843
11
-0.3297983858267716
21
0.4942469291338583
0
LINE
8
BLACK
6
CONTINUOUS
10
-0.3297983858267716
20
0.4942469291338583
11
-0.3335479133858268
21
0.4923721653543307
0
LINE
8
BLACK
6
CONTINUOUS
10
-0.3335479133858268
20
0.4923721653543307
11
-0.3335900393700788
21
0.492356062992126
0
LINE
8
BLACK
6
CONTINUOUS
10
-0.3335900393700788
20
0.492356062992126
11
-0.3336071653543307
21
0.4923433464566929
0
LINE
8
BLACK
6
CONTINUOUS
10
-0.3336071653543307
20
0.4923433464566929
11
-0.3338491338582677
21
0.4922569291338583
0
LINE
8
BLACK
6
CONTINUOUS
10
-0.3338491338582677
20
0.4922569291338583
11
-0.3340885433070866
21
0.4921652755905512
0
LINE
8
BLACK
6
CONTINUOUS
10
-0.3340885433070866
20
0.4921652755905512
11
-0.3341098031496063
21
0.492163779527559
0
LINE
8
BLACK
6
CONTINUOUS
10
-0.3341098031496063
20
0.492163779527559
11
-0.3341522834645669
21
0.4921485826771653
0
LINE
8
BLACK
6
CONTINUOUS
10
-0.3341522834645669
20
0.4921485826771653
11
-0.3416513385826772
21
0.4902738188976378
0
LINE
8
BLACK
6
CONTINUOUS
10
-0.3416513385826772
20
0.4902738188976378
11
-0.3417512204724409
21
0.4902590551181102
0
LINE
8
BLACK
6
CONTINUOUS
10
-0.3417512204724409
20
0.4902590551181102
11
-0.3417914173228346
21
0.4902424015748031
0
LINE
8
BLACK
6
CONTINUOUS
10
-0.3417914173228346
20
0.4902424015748031
11
-0.3420084645669291
21
0.490221062992126
0
LINE
8
BLACK
6
CONTINUOUS
10
-0.3420084645669291
20
0.490221062992126
11
-0.342223937007874
21
0.4901891732283464
0
LINE
8
BLACK
6
CONTINUOUS
10
-0.342223937007874
20
0.4901891732283464
11
-0.342266968503937
21
0.4901955905511811
0
LINE
8
BLACK
6
CONTINUOUS
10
-0.342266968503937
20
0.4901955905511811
11
-0.3423674803149606
21
0.4901856692913386
0
LINE
8
BLACK
6
CONTINUOUS
10
-0.3423674803149606
20
0.4901856692913386
11
-0.3517412992125984
21
0.4901856692913386
0
LINE
8
BLACK
6
CONTINUOUS
10
-0.3517412992125984
20
0.4901856692913386
11
-0.3518418503937008
21
0.4901955905511811
0
LINE
8
BLACK
6
CONTINUOUS
10
-0.3518418503937008
20
0.4901955905511811
11
-0.351884842519685
21
0.4901891732283464
0
LINE
8
BLACK
6
CONTINUOUS
10
-0.351884842519685
20
0.4901891732283464
11
-0.3521003543307086
21
0.490221062992126
0
LINE
8
BLACK
6
CONTINUOUS
10
-0.3521003543307086
20
0.490221062992126
11
-0.3523173622047244
21
0.4902424015748031
0
LINE
8
BLACK
6
CONTINUOUS
10
-0.3523173622047244
20
0.4902424015748031
11
-0.3523575984251968
21
0.4902590551181102
0
LINE
8
BLACK
6
CONTINUOUS
10
-0.3523575984251968
20
0.4902590551181102
11
-0.3524574409448819
21
0.4902738188976378
0
LINE
8
BLACK
6
CONTINUOUS
10
-0.3524574409448819
20
0.4902738188976378
11
-0.3599564960629921
21
0.4921485826771653
0
LINE
8
BLACK
6
CONTINUOUS
10
-0.3599564960629921
20
0.4921485826771653
11
-0.3599990157480315
21
0.492163779527559
0
LINE
8
BLACK
6
CONTINUOUS
10
-0.3599990157480315
20
0.492163779527559
11
-0.3600202755905512
21
0.4921652755905512
0
LINE
8
BLACK
6
CONTINUOUS
10
-0.3600202755905512
20
0.4921652755905512
11
-0.3602600393700787
21
0.4922570472440945
0
LINE
8
BLACK
6
CONTINUOUS
10
-0.3602600393700787
20
0.4922570472440945
11
-0.3605016141732283
21
0.4923433464566929
0
LINE
8
BLACK
6
CONTINUOUS
10
-0.3605016141732283
20
0.4923433464566929
11
-0.3605187795275591
21
0.492356062992126
0
LINE
8
BLACK
6
CONTINUOUS
10
-0.3605187795275591
20
0.492356062992126
11
-0.3605608661417323
21
0.4923721653543307
0
LINE
8
BLACK
6
CONTINUOUS
10
-0.3605608661417323
20
0.4923721653543307
11
-0.3643103937007874
21
0.4942469291338583
0
LINE
8
BLACK
6
CONTINUOUS
10
-0.3643103937007874
20
0.4942469291338583
11
-0.3645584251968504
21
0.494403031496063
0
LINE
8
BLACK
6
CONTINUOUS
10
-0.3645584251968504
20
0.494403031496063
11
-0.3646303543307087
21
0.4944328346456693
0
LINE
8
BLACK
6
CONTINUOUS
10
-0.3646303543307087
20
0.4944328346456693
11
-0.3647113385826772
21
0.4944993307086614
0
LINE
8
BLACK
6
CONTINUOUS
10
-0.3647113385826772
20
0.4944993307086614
11
-0.3648002755905512
21
0.4945552755905512
0
LINE
8
BLACK
6
CONTINUOUS
10
-0.3648002755905512
20
0.4945552755905512
11
-0.3648514566929134
21
0.4946142913385826
0
LINE
8
BLACK
6
CONTINUOUS
10
-0.3648514566929134
20
0.4946142913385826
11
-0.3650777952755905
21
0.4948000393700787
0
LINE
8
BLACK
6
CONTINUOUS
10
-0.3650777952755905
20
0.4948000393700787
11
-0.3669525590551181
21
0.4966748031496063
0
LINE
8
BLACK
6
CONTINUOUS
10
-0.3669525590551181
20
0.4966748031496063
11
-0.3671383464566929
21
0.4969011811023622
0
LINE
8
BLACK
6
CONTINUOUS
10
-0.3671383464566929
20
0.4969011811023622
11
-0.3671973228346457
21
0.4969523228346456
0
LINE
8
BLACK
6
CONTINUOUS
10
-0.3671973228346457
20
0.4969523228346456
11
-0.3672533070866142
21
0.4970412992125984
0
LINE
8
BLACK
6
CONTINUOUS
10
-0.3672533070866142
20
0.4970412992125984
11
-0.3673197637795276
21
0.4971222440944882
0
LINE
8
BLACK
6
CONTINUOUS
10
-0.3673197637795276
20
0.4971222440944882
11
-0.3673496062992126
21
0.4971942125984252
0
LINE
8
BLACK
6
CONTINUOUS
10
-0.3673496062992126
20
0.4971942125984252
11
-0.3675056692913386
21
0.4974422047244094
0
LINE
8
BLACK
6
CONTINUOUS
10
-0.3675056692913386
20
0.4974422047244094
11
-0.3693804330708662
21
0.5011917322834646
0
LINE
8
BLACK
6
CONTINUOUS
10
-0.3693804330708662
20
0.5011917322834646
11
-0.3695873228346457
21
0.5017323622047244
0
LINE
8
BLACK
6
CONTINUOUS
10
-0.3695873228346457
20
0.5017323622047244
11
-0.3695948425196851
21
0.501838188976378
0
LINE
8
BLACK
6
CONTINUOUS
10
-0.3695948425196851
20
0.501838188976378
11
-0.3696354330708662
21
0.5019361811023622
0
LINE
8
BLACK
6
CONTINUOUS
10
-0.3696354330708662
20
0.5019361811023622
11
-0.3696921653543307
21
0.5025122440944881
0
LINE
8
BLACK
6
CONTINUOUS
10
-0.3696921653543307
20
0.5025122440944881
11
-0.3696921653543307
21
0.5062617716535432
0
LINE
8
BLACK
6
CONTINUOUS
10
-0.3696921653543307
20
0.5062617716535432
11
-0.3696354330708662
21
0.5068378346456692
0
LINE
8
BLACK
6
CONTINUOUS
10
-0.3696354330708662
20
0.5068378346456692
11
-0.3695948425196851
21
0.5069358661417322
0
LINE
8
BLACK
6
CONTINUOUS
10
-0.3695948425196851
20
0.5069358661417322
11
-0.3695873228346457
21
0.5070416535433071
0
LINE
8
BLACK
6
CONTINUOUS
10
-0.3695873228346457
20
0.5070416535433071
11
-0.3693804330708662
21
0.5075822834645669
0
LINE
8
BLACK
6
CONTINUOUS
10
-0.3693804330708662
20
0.5075822834645669
11
-0.3675056692913386
21
0.511331811023622
0
LINE
8
BLACK
6
CONTINUOUS
10
-0.3675056692913386
20
0.511331811023622
11
-0.3673496062992126
21
0.511579842519685
0
LINE
8
BLACK
6
CONTINUOUS
10
-0.3673496062992126
20
0.511579842519685
11
-0.3673197637795276
21
0.5116517716535433
0
LINE
8
BLACK
6
CONTINUOUS
10
-0.3673197637795276
20
0.5116517716535433
11
-0.3672533070866142
21
0.5117327559055118
0
LINE
8
BLACK
6
CONTINUOUS
10
-0.3672533070866142
20
0.5117327559055118
11
-0.3671973228346457
21
0.5118216929133859
0
LINE
8
BLACK
6
CONTINUOUS
10
-0.3671973228346457
20
0.5118216929133859
11
-0.3671383464566929
21
0.511872874015748
0
LINE
8
BLACK
6
CONTINUOUS
10
-0.3671383464566929
20
0.511872874015748
11
-0.3669525590551181
21
0.5120992125984252
0
LINE
8
BLACK
6
CONTINUOUS
10
-0.3669525590551181
20
0.5120992125984252
11
-0.3650777952755905
21
0.5139739763779527
0
LINE
8
BLACK
6
CONTINUOUS
10
-0.3650777952755905
20
0.5139739763779527
11
-0.3648514566929134
21
0.5141597637795275
0
LINE
8
BLACK
6
CONTINUOUS
10
-0.3648514566929134
20
0.5141597637795275
11
-0.3648002755905512
21
0.5142187401574803
0
LINE
8
BLACK
6
CONTINUOUS
10
-0.3648002755905512
20
0.5142187401574803
11
-0.3647113385826772
21
0.5142747244094488
0
LINE
8
BLACK
6
CONTINUOUS
10
-0.3647113385826772
20
0.5142747244094488
11
-0.3646303543307087
21
0.5143411811023622
0
LINE
8
BLACK
6
CONTINUOUS
10
-0.3646303543307087
20
0.5143411811023622
11
-0.3645584251968504
21
0.5143710236220472
0
LINE
8
BLACK
6
CONTINUOUS
10
-0.3645584251968504
20
0.5143710236220472
11
-0.3643103937007874
21
0.5145270866141732
0
LINE
8
BLACK
6
CONTINUOUS
10
-0.3643103937007874
20
0.5145270866141732
11
-0.3605608661417323
21
0.5164018503937008
0
LINE
8
BLACK
6
CONTINUOUS
10
-0.3605608661417323
20
0.5164018503937008
11
-0.3605187795275591
21
0.5164179921259843
0
LINE
8
BLACK
6
CONTINUOUS
10
-0.3605187795275591
20
0.5164179921259843
11
-0.3605016141732283
21
0.5164306692913385
0
LINE
8
BLACK
6
CONTINUOUS
10
-0.3605016141732283
20
0.5164306692913385
11
-0.3602600393700787
21
0.5165170078740158
0
LINE
8
BLACK
6
CONTINUOUS
10
-0.3602600393700787
20
0.5165170078740158
11
-0.3600202755905512
21
0.5166087401574803
0
LINE
8
BLACK
6
CONTINUOUS
10
-0.3600202755905512
20
0.5166087401574803
11
-0.3599990157480315
21
0.5166102755905512
0
LINE
8
BLACK
6
CONTINUOUS
10
-0.3599990157480315
20
0.5166102755905512
11
-0.3599564960629921
21
0.5166254330708662
0
LINE
8
BLACK
6
CONTINUOUS
10
-0.3599564960629921
20
0.5166254330708662
11
-0.3524574409448819
21
0.5185001968503937
0
LINE
8
BLACK
6
CONTINUOUS
10
-0.3524574409448819
20
0.5185001968503937
11
-0.3523575984251968
21
0.5185149999999999
0
LINE
8
BLACK
6
CONTINUOUS
10
-0.3523575984251968
20
0.5185149999999999
11
-0.3523173622047244
21
0.5185316141732284
0
LINE
8
BLACK
6
CONTINUOUS
10
-0.3523173622047244
20
0.5185316141732284
11
-0.3521003543307086
21
0.5185529921259843
0
LINE
8
BLACK
6
CONTINUOUS
10
-0.3521003543307086
20
0.5185529921259843
11
-0.351884842519685
21
0.5185848425196851
0
LINE
8
BLACK
6
CONTINUOUS
10
-0.351884842519685
20
0.5185848425196851
11
-0.3518418503937008
21
0.5185784645669291
0
LINE
8
BLACK
6
CONTINUOUS
10
-0.3518418503937008
20
0.5185784645669291
11
-0.3517412992125984
21
0.5185883464566929
0
LINE
8
BLACK
6
CONTINUOUS
10
-0.3517412992125984
20
0.5185883464566929
11
-0.3423674803149606
21
0.5185883464566929
0
LINE
8
BLACK
6
CONTINUOUS
10
-0.3423674803149606
20
0.5185883464566929
11
-0.342266968503937
21
0.5185784645669291
0
LINE
8
BLACK
6
CONTINUOUS
10
-0.3582098031496063
20
0.5109748425196851
11
-0.3612407874015748
21
0.5094593307086615
0
LINE
8
BLACK
6
CONTINUOUS
10
-0.3612407874015748
20
0.5094593307086615
11
-0.3624379133858268
21
0.5082622047244094
0
LINE
8
BLACK
6
CONTINUOUS
10
-0.3624379133858268
20
0.5082622047244094
11
-0.3637866535433071
21
0.5055647244094488
0
LINE
8
BLACK
6
CONTINUOUS
10
-0.3637866535433071
20
0.5055647244094488
11
-0.3637866535433071
21
0.5032092913385827
0
LINE
8
BLACK
6
CONTINUOUS
10
-0.3637866535433071
20
0.5032092913385827
11
-0.3624379133858268
21
0.5005118110236221
0
LINE
8
BLACK
6
CONTINUOUS
10
-0.3624379133858268
20
0.5005118110236221
11
-0.3612407874015748
21
0.49931468503937
0
LINE
8
BLACK
6
CONTINUOUS
10
-0.3612407874015748
20
0.49931468503937
11
-0.3582098031496063
21
0.4977992125984252
0
LINE
8
BLACK
6
CONTINUOUS
10
-0.3582098031496063
20
0.4977992125984252
11
-0.3513777559055118
21
0.4960911811023622
0
LINE
8
BLACK
6
CONTINUOUS
10
-0.3513777559055118
20
0.4960911811023622
11
-0.3427310236220472
21
0.4960911811023622
0
LINE
8
BLACK
6
CONTINUOUS
10
-0.3427310236220472
20
0.4960911811023622
11
-0.3358989763779527
21
0.4977992125984252
0
LINE
8
BLACK
6
CONTINUOUS
10
-0.3358989763779527
20
0.4977992125984252
11
-0.3328679921259842
21
0.4993147244094488
0
LINE
8
BLACK
6
CONTINUOUS
10
-0.3328679921259842
20
0.4993147244094488
11
-0.3316708267716535
21
0.5005118503937008
0
LINE
8
BLACK
6
CONTINUOUS
10
-0.3316708267716535
20
0.5005118503937008
11
-0.3303220866141732
21
0.5032092913385827
0
LINE
8
BLACK
6
CONTINUOUS
10
-0.3303220866141732
20
0.5032092913385827
11
-0.3303220866141732
21
0.5055647244094488
0
LINE
8
BLACK
6
CONTINUOUS
10
-0.3303220866141732
20
0.5055647244094488
11
-0.3316708267716535
21
0.5082622047244094
0
LINE
8
BLACK
6
CONTINUOUS
10
-0.3316708267716535
20
0.5082622047244094
11
-0.3328679921259842
21
0.5094593307086615
0
LINE
8
BLACK
6
CONTINUOUS
10
-0.3328679921259842
20
0.5094593307086615
11
-0.3358989763779527
21
0.5109748425196851
0
LINE
8
BLACK
6
CONTINUOUS
10
-0.3358989763779527
20
0.5109748425196851
11
-0.3427310236220472
21
0.5126828346456693
0
LINE
8
BLACK
6
CONTINUOUS
10
-0.3427310236220472
20
0.5126828346456693
11
-0.3513777559055118
21
0.5126828346456693
0
LINE
8
BLACK
6
CONTINUOUS
10
-0.3513777559055118
20
0.5126828346456693
11
-0.3582098031496063
21
0.5109748425196851
0
LINE
8
BLACK
6
CONTINUOUS
10
1.0723962992125984
20
0.518090748031496
11
1.0723963779527559
21
0.5180907086614173
0
LINE
8
BLACK
6
CONTINUOUS
10
1.0723963779527559
20
0.5180907086614173
11
1.0728438188976377
21
0.5177235039370078
0
LINE
8
BLACK
6
CONTINUOUS
10
1.0728438188976377
20
0.5177235039370078
11
1.0747185826771652
21
0.5158487401574803
0
LINE
8
BLACK
6
CONTINUOUS
10
1.0747185826771652
20
0.5158487401574803
11
1.0750857874015747
21
0.5154012992125984
0
LINE
8
BLACK
6
CONTINUOUS
10
1.0750857874015747
20
0.5154012992125984
11
1.0752273622047244
21
0.5150595275590552
0
LINE
8
BLACK
6
CONTINUOUS
10
1.0752273622047244
20
0.5150595275590552
11
1.0755266929133858
21
0.5143368503937008
0
LINE
8
BLACK
6
CONTINUOUS
10
1.0755266929133858
20
0.5143368503937008
11
1.0755266929133858
21
0.5131847637795276
0
LINE
8
BLACK
6
CONTINUOUS
10
1.0755266929133858
20
0.5131847637795276
11
1.0750857874015747
21
0.5121203543307087
0
LINE
8
BLACK
6
CONTINUOUS
10
1.0750857874015747
20
0.5121203543307087
11
1.0747185826771652
21
0.5116729133858268
0
LINE
8
BLACK
6
CONTINUOUS
10
1.0747185826771652
20
0.5116729133858268
11
1.0728438188976377
21
0.5097981496062992
0
LINE
8
BLACK
6
CONTINUOUS
10
1.0728438188976377
20
0.5097981496062992
11
1.0723963779527559
21
0.5094309448818898
0
LINE
8
BLACK
6
CONTINUOUS
10
1.0723963779527559
20
0.5094309448818898
11
1.0713319685039371
21
0.5089900393700787
0
LINE
8
BLACK
6
CONTINUOUS
10
1.0713319685039371
20
0.5089900393700787
11
1.0701798818897637
21
0.5089900393700787
0
LINE
8
BLACK
6
CONTINUOUS
10
1.0701798818897637
20
0.5089900393700787
11
1.0691154724409448
21
0.509430905511811
0
LINE
8
BLACK
6
CONTINUOUS
10
1.0691154724409448
20
0.509430905511811
11
1.0686679921259843
21
0.5097981496062992
0
LINE
8
BLACK
6
CONTINUOUS
10
1.0686679921259843
20
0.5097981496062992
11
1.0667932283464567
21
0.511672874015748
0
LINE
8
BLACK
6
CONTINUOUS
10
1.0667932283464567
20
0.511672874015748
11
1.0664259842519686
21
0.5121203543307087
0
LINE
8
BLACK
6
CONTINUOUS
10
1.0664259842519686
20
0.5121203543307087
11
1.0664259448818898
21
0.5121203937007874
0
LINE
8
BLACK
6
CONTINUOUS
10
1.0664259448818898
20
0.5121203937007874
11
1.0659850787401575
21
0.5131848031496062
0
LINE
8
BLACK
6
CONTINUOUS
10
1.0659850787401575
20
0.5131848031496062
11
1.0659850787401575
21
0.5143368897637796
0
LINE
8
BLACK
6
CONTINUOUS
10
1.0659850787401575
20
0.5143368897637796
11
1.0662844094488189
21
0.5150595275590552
0
LINE
8
BLACK
6
CONTINUOUS
10
1.0662844094488189
20
0.5150595275590552
11
1.0664259448818898
21
0.5154012598425197
0
LINE
8
BLACK
6
CONTINUOUS
10
1.0664259448818898
20
0.5154012598425197
11
1.0664259842519686
21
0.5154012992125984
0
LINE
8
BLACK
6
CONTINUOUS
10
1.0664259842519686
20
0.5154012992125984
11
1.0667932283464567
21
0.515848779527559
0
LINE
8
BLACK
6
CONTINUOUS
10
1.0667932283464567
20
0.515848779527559
11
1.0686679921259843
21
0.5177235039370078
0
LINE
8
BLACK
6
CONTINUOUS
10
1.0686679921259843
20
0.5177235039370078
11
1.0691154724409448
21
0.518090748031496
0
LINE
8
BLACK
6
CONTINUOUS
10
1.0691154724409448
20
0.518090748031496
11
1.0701798818897637
21
0.5185316141732284
0
LINE
8
BLACK
6
CONTINUOUS
10
1.0701798818897637
20
0.5185316141732284
11
1.0713319685039371
21
0.5185316141732284
0
LINE
8
BLACK
6
CONTINUOUS
10
1.0713319685039371
20
0.5185316141732284
11
1.0723962992125984
21
0.518090748031496
0
LINE
8
BLACK
6
CONTINUOUS
10
1.0742711417322834
20
0.5555859842519685
11
1.0750857874015747
21
0.5547713385826771
0
LINE
8
BLACK
6
CONTINUOUS
10
1.0750857874015747
20
0.5547713385826771
11
1.0755266929133858
21
0.5537069291338582
0
LINE
8
BLACK
6
CONTINUOUS
10
1.0755266929133858
20
0.5537069291338582
11
1.0755834251968504
21
0.5531308661417322
0
LINE
8
BLACK
6
CONTINUOUS
10
1.0755834251968504
20
0.5531308661417322
11
1.0755834251968504
21
0.5306337007874016
0
LINE
8
BLACK
6
CONTINUOUS
10
1.0755834251968504
20
0.5306337007874016
11
1.0755266929133858
21
0.5300576377952756
0
LINE
8
BLACK
6
CONTINUOUS
10
1.0755266929133858
20
0.5300576377952756
11
1.0750857874015747
21
0.5289932283464567
0
LINE
8
BLACK
6
CONTINUOUS
10
1.0750857874015747
20
0.5289932283464567
11
1.0742711417322834
21
0.5281785826771653
0
LINE
8
BLACK
6
CONTINUOUS
10
1.0742711417322834
20
0.5281785826771653
11
1.0732067322834646
21
0.5277376771653544
0
LINE
8
BLACK
6
CONTINUOUS
10
1.0732067322834646
20
0.5277376771653544
11
1.0720546062992127
21
0.5277376771653544
0
LINE
8
BLACK
6
CONTINUOUS
10
1.0720546062992127
20
0.5277376771653544
11
1.0709901968503936
21
0.5281785826771653
0
LINE
8
BLACK
6
CONTINUOUS
10
1.0709901968503936
20
0.5281785826771653
11
1.0701755511811024
21
0.5289932283464567
0
LINE
8
BLACK
6
CONTINUOUS
10
1.0701755511811024
20
0.5289932283464567
11
1.0697346456692913
21
0.5300576377952756
0
LINE
8
BLACK
6
CONTINUOUS
10
1.0697346456692913
20
0.5300576377952756
11
1.0696779133858267
21
0.5306337007874016
0
LINE
8
BLACK
6
CONTINUOUS
10
1.0696779133858267
20
0.5306337007874016
11
1.0696779133858267
21
0.5389295275590551
0
LINE
8
BLACK
6
CONTINUOUS
10
1.0696779133858267
20
0.5389295275590551
11
1.0422639370078739
21
0.5389295275590551
0
LINE
8
BLACK
6
CONTINUOUS
10
1.0422639370078739
20
0.5389295275590551
11
1.0447223228346456
21
0.5364711417322835
0
LINE
8
BLACK
6
CONTINUOUS
10
1.0447223228346456
20
0.5364711417322835
11
1.0449081496062993
21
0.5362447637795276
0
LINE
8
BLACK
6
CONTINUOUS
10
1.0449081496062993
20
0.5362447637795276
11
1.0449670866141731
21
0.5361936220472441
0
LINE
8
BLACK
6
CONTINUOUS
10
1.0449670866141731
20
0.5361936220472441
11
1.0450229527559054
21
0.5361048818897638
0
LINE
8
BLACK
6
CONTINUOUS
10
1.0450229527559054
20
0.5361048818897638
11
1.0450895669291338
21
0.5360237007874016
0
LINE
8
BLACK
6
CONTINUOUS
10
1.0450895669291338
20
0.5360237007874016
11
1.045119409448819
21
0.5359515748031496
0
LINE
8
BLACK
6
CONTINUOUS
10
1.045119409448819
20
0.5359515748031496
11
1.045275433070866
21
0.5357037401574803
0
LINE
8
BLACK
6
CONTINUOUS
10
1.045275433070866
20
0.5357037401574803
11
1.0471501968503936
21
0.5319542125984252
0
LINE
8
BLACK
6
CONTINUOUS
10
1.0471501968503936
20
0.5319542125984252
11
1.0473570866141733
21
0.5314136220472441
0
LINE
8
BLACK
6
CONTINUOUS
10
1.0473570866141733
20
0.5314136220472441
11
1.0474387401574803
21
0.5302644094488189
0
LINE
8
BLACK
6
CONTINUOUS
10
1.0474387401574803
20
0.5302644094488189
11
1.0470744094488189
21
0.5291714173228347
0
LINE
8
BLACK
6
CONTINUOUS
10
1.0470744094488189
20
0.5291714173228347
11
1.0463195669291339
21
0.528301062992126
0
LINE
8
BLACK
6
CONTINUOUS
10
1.0463195669291339
20
0.528301062992126
11
1.0452890551181102
21
0.5277857874015748
0
LINE
8
BLACK
6
CONTINUOUS
10
1.0452890551181102
20
0.5277857874015748
11
1.0441398425196851
21
0.5277041338582678
0
LINE
8
BLACK
6
CONTINUOUS
10
1.0441398425196851
20
0.5277041338582678
11
1.0430468897637795
21
0.5280684645669291
0
LINE
8
BLACK
6
CONTINUOUS
10
1.0430468897637795
20
0.5280684645669291
11
1.042176496062992
21
0.5288233070866142
0
LINE
8
BLACK
6
CONTINUOUS
10
1.042176496062992
20
0.5288233070866142
11
1.0418681496062991
21
0.5293131889763779
0
LINE
8
BLACK
6
CONTINUOUS
10
1.0418681496062991
20
0.5293131889763779
11
1.0402076771653543
21
0.5326341338582677
0
LINE
8
BLACK
6
CONTINUOUS
10
1.0402076771653543
20
0.5326341338582677
11
1.0370037007874016
21
0.5358381102362204
0
LINE
8
BLACK
6
CONTINUOUS
10
1.0370037007874016
20
0.5358381102362204
11
1.0316226771653543
21
0.5394254330708661
0
LINE
8
BLACK
6
CONTINUOUS
10
1.0316226771653543
20
0.5394254330708661
11
1.0316209842519686
21
0.539426811023622
0
LINE
8
BLACK
6
CONTINUOUS
10
1.0316209842519686
20
0.539426811023622
11
1.0316201181102362
21
0.5394271653543307
0
LINE
8
BLACK
6
CONTINUOUS
10
1.0316201181102362
20
0.5394271653543307
11
1.0316180708661418
21
0.5394292125984251
0
LINE
8
BLACK
6
CONTINUOUS
10
1.0316180708661418
20
0.5394292125984251
11
1.0311748425196849
21
0.5397922047244095
0
LINE
8
BLACK
6
CONTINUOUS
10
1.0311748425196849
20
0.5397922047244095
11
1.0310121653543307
21
0.5400351181102362
0
LINE
8
BLACK
6
CONTINUOUS
10
1.0310121653543307
20
0.5400351181102362
11
1.0308054724409448
21
0.540241811023622
0
LINE
8
BLACK
6
CONTINUOUS
10
1.0308054724409448
20
0.540241811023622
11
1.0306947244094489
21
0.5405091338582677
0
LINE
8
BLACK
6
CONTINUOUS
10
1.0306947244094489
20
0.5405091338582677
11
1.0305337795275591
21
0.5407494881889764
0
LINE
8
BLACK
6
CONTINUOUS
10
1.0305337795275591
20
0.5407494881889764
11
1.0304764173228347
21
0.5410361417322834
0
LINE
8
BLACK
6
CONTINUOUS
10
1.0304764173228347
20
0.5410361417322834
11
1.0303645669291339
21
0.5413062204724409
0
LINE
8
BLACK
6
CONTINUOUS
10
1.0303645669291339
20
0.5413062204724409
11
1.0303645669291339
21
0.5415955511811024
0
LINE
8
BLACK
6
CONTINUOUS
10
1.0303645669291339
20
0.5415955511811024
11
1.0303078346456693
21
0.5418791732283464
0
LINE
8
BLACK
6
CONTINUOUS
10
1.0303078346456693
20
0.5418791732283464
11
1.0303645669291339
21
0.5421659842519685
0
LINE
8
BLACK
6
CONTINUOUS
10
1.0303645669291339
20
0.5421659842519685
11
1.0303645669291339
21
0.5424583464566929
0
LINE
8
BLACK
6
CONTINUOUS
10
1.0303645669291339
20
0.5424583464566929
11
1.0304752755905511
21
0.5427256299212598
0
LINE
8
BLACK
6
CONTINUOUS
10
1.0304752755905511
20
0.5427256299212598
11
1.0305314173228346
21
0.5430094094488189
0
LINE
8
BLACK
6
CONTINUOUS
10
1.0305314173228346
20
0.5430094094488189
11
1.0306935826771653
21
0.5432526771653543
0
LINE
8
BLACK
6
CONTINUOUS
10
1.0306935826771653
20
0.5432526771653543
11
1.0308054724409448
21
0.5435227559055118
0
LINE
8
BLACK
6
CONTINUOUS
10
1.0308054724409448
20
0.5435227559055118
11
1.03101
21
0.5437273228346456
0
LINE
8
BLACK
6
CONTINUOUS
10
1.03101
20
0.5437273228346456
11
1.0311705118110237
21
0.543968031496063
0
LINE
8
BLACK
6
CONTINUOUS
10
1.0311705118110237
20
0.543968031496063
11
1.0314133858267716
21
0.5441307086614173
0
LINE
8
BLACK
6
CONTINUOUS
10
1.0314133858267716
20
0.5441307086614173
11
1.0316201181102362
21
0.5443374015748031
0
LINE
8
BLACK
6
CONTINUOUS
10
1.0316201181102362
20
0.5443374015748031
11
1.0318874015748032
21
0.5444481496062992
0
LINE
8
BLACK
6
CONTINUOUS
10
1.0318874015748032
20
0.5444481496062992
11
1.0321277952755905
21
0.5446090944881889
0
LINE
8
BLACK
6
CONTINUOUS
10
1.0321277952755905
20
0.5446090944881889
11
1.0324144094488188
21
0.5446664566929134
0
LINE
8
BLACK
6
CONTINUOUS
10
1.0324144094488188
20
0.5446664566929134
11
1.032684527559055
21
0.5447783070866141
0
LINE
8
BLACK
6
CONTINUOUS
10
1.032684527559055
20
0.5447783070866141
11
1.0332544488188977
21
0.5448344488188976
0
LINE
8
BLACK
6
CONTINUOUS
10
1.0332544488188977
20
0.5448344488188976
11
1.0332574803149606
21
0.5448350393700787
0
LINE
8
BLACK
6
CONTINUOUS
10
1.0332574803149606
20
0.5448350393700787
11
1.0332585039370079
21
0.5448348425196851
0
LINE
8
BLACK
6
CONTINUOUS
10
1.0332585039370079
20
0.5448348425196851
11
1.0332605905511811
21
0.5448350393700787
0
LINE
8
BLACK
6
CONTINUOUS
10
1.0332605905511811
20
0.5448350393700787
11
1.0696779133858267
21
0.5448350393700787
0
LINE
8
BLACK
6
CONTINUOUS
10
1.0696779133858267
20
0.5448350393700787
11
1.0696779133858267
21
0.5531308661417322
0
LINE
8
BLACK
6
CONTINUOUS
10
1.0696779133858267
20
0.5531308661417322
11
1.0697346456692913
21
0.5537069291338582
0
LINE
8
BLACK
6
CONTINUOUS
10
1.0697346456692913
20
0.5537069291338582
11
1.0701755511811024
21
0.5547713385826771
0
LINE
8
BLACK
6
CONTINUOUS
10
1.0701755511811024
20
0.5547713385826771
11
1.0709901968503936
21
0.5555859842519685
0
LINE
8
BLACK
6
CONTINUOUS
10
1.0709901968503936
20
0.5555859842519685
11
1.0720546062992127
21
0.5560268897637796
0
LINE
8
BLACK
6
CONTINUOUS
10
1.0720546062992127
20
0.5560268897637796
11
1.0732067322834646
21
0.5560268897637796
0
LINE
8
BLACK
6
CONTINUOUS
10
1.0732067322834646
20
0.5560268897637796
11
1.0742711417322834
21
0.5555859842519685
0
LINE
8
BLACK
6
CONTINUOUS
10
-0.3276037007874016
20
0.5368384251968504
11
-0.3276036220472441
21
0.5368383858267717
0
LINE
8
BLACK
6
CONTINUOUS
10
-0.3276036220472441
20
0.5368383858267717
11
-0.3271561811023622
21
0.5364711811023621
0
LINE
8
BLACK
6
CONTINUOUS
10
-0.3271561811023622
20
0.5364711811023621
11
-0.3252814173228347
21
0.5345964173228346
0
LINE
8
BLACK
6
CONTINUOUS
10
-0.3252814173228347
20
0.5345964173228346
11
-0.3249142125984252
21
0.5341489763779528
0
LINE
8
BLACK
6
CONTINUOUS
10
-0.3249142125984252
20
0.5341489763779528
11
-0.3247726377952756
21
0.5338072047244095
0
LINE
8
BLACK
6
CONTINUOUS
10
-0.3247726377952756
20
0.5338072047244095
11
-0.3244733070866141
21
0.5330845275590551
0
LINE
8
BLACK
6
CONTINUOUS
10
-0.3244733070866141
20
0.5330845275590551
11
-0.3244733070866141
21
0.5319324409448819
0
LINE
8
BLACK
6
CONTINUOUS
10
-0.3244733070866141
20
0.5319324409448819
11
-0.3249142125984252
21
0.530868031496063
0
LINE
8
BLACK
6
CONTINUOUS
10
-0.3249142125984252
20
0.530868031496063
11
-0.3252814173228347
21
0.5304205905511811
0
LINE
8
BLACK
6
CONTINUOUS
10
-0.3252814173228347
20
0.5304205905511811
11
-0.3271561811023622
21
0.5285458267716535
0
LINE
8
BLACK
6
CONTINUOUS
10
-0.3271561811023622
20
0.5285458267716535
11
-0.3276036220472441
21
0.5281786220472441
0
LINE
8
BLACK
6
CONTINUOUS
10
-0.3276036220472441
20
0.5281786220472441
11
-0.328668031496063
21
0.5277377165354331
0
LINE
8
BLACK
6
CONTINUOUS
10
-0.328668031496063
20
0.5277377165354331
11
-0.3298201181102362
21
0.5277377165354331
0
LINE
8
BLACK
6
CONTINUOUS
10
-0.3298201181102362
20
0.5277377165354331
11
-0.3308845275590551
21
0.5281785826771653
0
LINE
8
BLACK
6
CONTINUOUS
10
-0.3308845275590551
20
0.5281785826771653
11
-0.3313320078740157
21
0.5285458267716535
0
LINE
8
BLACK
6
CONTINUOUS
10
-0.3313320078740157
20
0.5285458267716535
11
-0.3332067716535433
21
0.5304205511811023
0
LINE
8
BLACK
6
CONTINUOUS
10
-0.3332067716535433
20
0.5304205511811023
11
-0.3335740157480315
21
0.530868031496063
0
LINE
8
BLACK
6
CONTINUOUS
10
-0.3335740157480315
20
0.530868031496063
11
-0.3335740551181102
21
0.5308680708661417
0
LINE
8
BLACK
6
CONTINUOUS
10
-0.3335740551181102
20
0.5308680708661417
11
-0.3340149212598425
21
0.5319324803149607
0
LINE
8
BLACK
6
CONTINUOUS
10
-0.3340149212598425
20
0.5319324803149607
11
-0.3340149212598425
21
0.5330845669291339
0
LINE
8
BLACK
6
CONTINUOUS
10
-0.3340149212598425
20
0.5330845669291339
11
-0.3337155905511811
21
0.5338072047244095
0
LINE
8
BLACK
6
CONTINUOUS
10
-0.3337155905511811
20
0.5338072047244095
11
-0.3335740551181102
21
0.534148937007874
0
LINE
8
BLACK
6
CONTINUOUS
10
-0.3335740551181102
20
0.534148937007874
11
-0.3335740157480315
21
0.5341489763779528
0
LINE
8
BLACK
6
CONTINUOUS
10
-0.3335740157480315
20
0.5341489763779528
11
-0.3332067716535433
21
0.5345964566929133
0
LINE
8
BLACK
6
CONTINUOUS
10
-0.3332067716535433
20
0.5345964566929133
11
-0.3313320078740157
21
0.5364711811023621
0
LINE
8
BLACK
6
CONTINUOUS
10
-0.3313320078740157
20
0.5364711811023621
11
-0.3308845275590551
21
0.5368384251968504
0
LINE
8
BLACK
6
CONTINUOUS
10
-0.3308845275590551
20
0.5368384251968504
11
-0.3298201181102362
21
0.5372792913385827
0
LINE
8
BLACK
6
CONTINUOUS
10
-0.3298201181102362
20
0.5372792913385827
11
-0.328668031496063
21
0.5372792913385827
0
LINE
8
BLACK
6
CONTINUOUS
10
-0.328668031496063
20
0.5372792913385827
11
-0.3276037007874016
21
0.5368384251968504
0
LINE
8
BLACK
6
CONTINUOUS
10
-0.3388522440944882
20
0.5762084251968503
11
-0.3380375984251968
21
0.575393779527559
0
LINE
8
BLACK
6
CONTINUOUS
10
-0.3380375984251968
20
0.575393779527559
11
-0.3375966929133858
21
0.5743293700787402
0
LINE
8
BLACK
6
CONTINUOUS
10
-0.3375966929133858
20
0.5743293700787402
11
-0.3375399606299213
21
0.5737533070866142
0
LINE
8
BLACK
6
CONTINUOUS
10
-0.3375399606299213
20
0.5737533070866142
11
-0.3375399606299213
21
0.5710817716535433
0
LINE
8
BLACK
6
CONTINUOUS
10
-0.3375399606299213
20
0.5710817716535433
11
-0.3273693307086614
21
0.5710817716535433
0
LINE
8
BLACK
6
CONTINUOUS
10
-0.3273693307086614
20
0.5710817716535433
11
-0.3267932677165354
21
0.5710250393700788
0
LINE
8
BLACK
6
CONTINUOUS
10
-0.3267932677165354
20
0.5710250393700788
11
-0.3257288582677165
21
0.5705841338582677
0
LINE
8
BLACK
6
CONTINUOUS
10
-0.3257288582677165
20
0.5705841338582677
11
-0.3249142125984252
21
0.5697694881889763
0
LINE
8
BLACK
6
CONTINUOUS
10
-0.3249142125984252
20
0.5697694881889763
11
-0.3244733070866141
21
0.5687050787401575
0
LINE
8
BLACK
6
CONTINUOUS
10
-0.3244733070866141
20
0.5687050787401575
11
-0.3244733070866141
21
0.5675529527559054
0
LINE
8
BLACK
6
CONTINUOUS
10
-0.3244733070866141
20
0.5675529527559054
11
-0.3249142125984252
21
0.5664885433070866
0
LINE
8
BLACK
6
CONTINUOUS
10
-0.3249142125984252
20
0.5664885433070866
11
-0.3257288582677165
21
0.5656738976377953
0
LINE
8
BLACK
6
CONTINUOUS
10
-0.3257288582677165
20
0.5656738976377953
11
-0.3267932677165354
21
0.5652329921259842
0
LINE
8
BLACK
6
CONTINUOUS
10
-0.3267932677165354
20
0.5652329921259842
11
-0.3273693307086614
21
0.5651762598425196
0
LINE
8
BLACK
6
CONTINUOUS
10
-0.3273693307086614
20
0.5651762598425196
11
-0.3375399606299213
21
0.5651762598425196
0
LINE
8
BLACK
6
CONTINUOUS
10
-0.3375399606299213
20
0.5651762598425196
11
-0.3375399606299213
21
0.5493813779527559
0
LINE
8
BLACK
6
CONTINUOUS
10
-0.3375399606299213
20
0.5493813779527559
11
-0.3375687007874016
21
0.5490898425196851
0
LINE
8
BLACK
6
CONTINUOUS
10
-0.3375687007874016
20
0.5490898425196851
11
-0.3375631496062992
21
0.5490120866141732
0
LINE
8
BLACK
6
CONTINUOUS
10
-0.3375631496062992
20
0.5490120866141732
11
-0.3375818897637795
21
0.5489559842519685
0
LINE
8
BLACK
6
CONTINUOUS
10
-0.3375818897637795
20
0.5489559842519685
11
-0.3375966929133858
21
0.5488053149606299
0
LINE
8
BLACK
6
CONTINUOUS
10
-0.3375966929133858
20
0.5488053149606299
11
-0.337777874015748
21
0.5483679527559056
0
LINE
8
BLACK
6
CONTINUOUS
10
-0.337777874015748
20
0.5483679527559056
11
-0.3379274803149606
21
0.547919094488189
0
LINE
8
BLACK
6
CONTINUOUS
10
-0.3379274803149606
20
0.547919094488189
11
-0.3379970078740158
21
0.5478389763779528
0
LINE
8
BLACK
6
CONTINUOUS
10
-0.3379970078740158
20
0.5478389763779528
11
-0.3380375984251968
21
0.547740905511811
0
LINE
8
BLACK
6
CONTINUOUS
10
-0.3380375984251968
20
0.547740905511811
11
-0.3383723622047244
21
0.5474061811023622
0
LINE
8
BLACK
6
CONTINUOUS
10
-0.3383723622047244
20
0.5474061811023622
11
-0.3386823622047244
21
0.5470487007874015
0
LINE
8
BLACK
6
CONTINUOUS
10
-0.3386823622047244
20
0.5470487007874015
11
-0.3387772440944882
21
0.5470012992125984
0
LINE
8
BLACK
6
CONTINUOUS
10
-0.3387772440944882
20
0.5470012992125984
11
-0.3388522440944882
21
0.5469262598425196
0
LINE
8
BLACK
6
CONTINUOUS
10
-0.3388522440944882
20
0.5469262598425196
11
-0.3392897244094488
21
0.5467450787401574
0
LINE
8
BLACK
6
CONTINUOUS
10
-0.3392897244094488
20
0.5467450787401574
11
-0.3397128346456693
21
0.5465335039370078
0
LINE
8
BLACK
6
CONTINUOUS
10
-0.3397128346456693
20
0.5465335039370078
11
-0.3398185826771654
21
0.5465260236220473
0
LINE
8
BLACK
6
CONTINUOUS
10
-0.3398185826771654
20
0.5465260236220473
11
-0.3399166535433071
21
0.5464853543307087
0
LINE
8
BLACK
6
CONTINUOUS
10
-0.3399166535433071
20
0.5464853543307087
11
-0.3403901968503937
21
0.5464853543307087
0
LINE
8
BLACK
6
CONTINUOUS
10
-0.3403901968503937
20
0.5464853543307087
11
-0.3408620472440945
21
0.5464518110236221
0
LINE
8
BLACK
6
CONTINUOUS
10
-0.3408620472440945
20
0.5464518110236221
11
-0.3410095669291339
21
0.5464853543307087
0
LINE
8
BLACK
6
CONTINUOUS
10
-0.3410095669291339
20
0.5464853543307087
11
-0.341068779527559
21
0.5464853543307087
0
LINE
8
BLACK
6
CONTINUOUS
10
-0.341068779527559
20
0.5464853543307087
11
-0.3411408661417323
21
0.5465152362204724
0
LINE
8
BLACK
6
CONTINUOUS
10
-0.3411408661417323
20
0.5465152362204724
11
-0.3414264960629921
21
0.546580157480315
0
LINE
8
BLACK
6
CONTINUOUS
10
-0.3414264960629921
20
0.546580157480315
11
-0.3695479133858268
21
0.5559539763779527
0
LINE
8
BLACK
6
CONTINUOUS
10
-0.3695479133858268
20
0.5559539763779527
11
-0.3700764960629921
21
0.5561899606299212
0
LINE
8
BLACK
6
CONTINUOUS
10
-0.3700764960629921
20
0.5561899606299212
11
-0.3709468503937008
21
0.556944842519685
0
LINE
8
BLACK
6
CONTINUOUS
10
-0.3709468503937008
20
0.556944842519685
11
-0.3714620472440945
21
0.5579752755905512
0
LINE
8
BLACK
6
CONTINUOUS
10
-0.3714620472440945
20
0.5579752755905512
11
-0.3715437401574803
21
0.5591244881889764
0
LINE
8
BLACK
6
CONTINUOUS
10
-0.3715437401574803
20
0.5591244881889764
11
-0.3711794094488189
21
0.5602175196850394
0
LINE
8
BLACK
6
CONTINUOUS
10
-0.3711794094488189
20
0.5602175196850394
11
-0.3704245275590551
21
0.561087874015748
0
LINE
8
BLACK
6
CONTINUOUS
10
-0.3704245275590551
20
0.561087874015748
11
-0.369394094488189
21
0.5616030708661417
0
LINE
8
BLACK
6
CONTINUOUS
10
-0.369394094488189
20
0.5616030708661417
11
-0.3682448818897638
21
0.5616847637795276
0
LINE
8
BLACK
6
CONTINUOUS
10
-0.3682448818897638
20
0.5616847637795276
11
-0.3676804330708661
21
0.5615564173228347
0
LINE
8
BLACK
6
CONTINUOUS
10
-0.3676804330708661
20
0.5615564173228347
11
-0.3434454724409449
21
0.5534781102362205
0
LINE
8
BLACK
6
CONTINUOUS
10
-0.3434454724409449
20
0.5534781102362205
11
-0.3434454724409449
21
0.5651762598425196
0
LINE
8
BLACK
6
CONTINUOUS
10
-0.3434454724409449
20
0.5651762598425196
11
-0.353616062992126
21
0.5651762598425196
0
LINE
8
BLACK
6
CONTINUOUS
10
-0.353616062992126
20
0.5651762598425196
11
-0.354192125984252
21
0.5652329921259842
0
LINE
8
BLACK
6
CONTINUOUS
10
-0.354192125984252
20
0.5652329921259842
11
-0.3552565354330708
21
0.5656738976377953
0
LINE
8
BLACK
6
CONTINUOUS
10
-0.3552565354330708
20
0.5656738976377953
11
-0.3560711811023622
21
0.5664885433070866
0
LINE
8
BLACK
6
CONTINUOUS
10
-0.3560711811023622
20
0.5664885433070866
11
-0.3565120866141732
21
0.5675529527559054
0
LINE
8
BLACK
6
CONTINUOUS
10
-0.3565120866141732
20
0.5675529527559054
11
-0.3565120866141732
21
0.5687050787401575
0
LINE
8
BLACK
6
CONTINUOUS
10
-0.3565120866141732
20
0.5687050787401575
11
-0.3560711811023622
21
0.5697694881889763
0
LINE
8
BLACK
6
CONTINUOUS
10
-0.3560711811023622
20
0.5697694881889763
11
-0.3552565354330708
21
0.5705841338582677
0
LINE
8
BLACK
6
CONTINUOUS
10
-0.3552565354330708
20
0.5705841338582677
11
-0.354192125984252
21
0.5710250393700788
0
LINE
8
BLACK
6
CONTINUOUS
10
-0.354192125984252
20
0.5710250393700788
11
-0.353616062992126
21
0.5710817716535433
0
LINE
8
BLACK
6
CONTINUOUS
10
-0.353616062992126
20
0.5710817716535433
11
-0.3434454724409449
21
0.5710817716535433
0
LINE
8
BLACK
6
CONTINUOUS
10
-0.3434454724409449
20
0.5710817716535433
11
-0.3434454724409449
21
0.5737533070866142
0
LINE
8
BLACK
6
CONTINUOUS
10
-0.3434454724409449
20
0.5737533070866142
11
-0.3433887401574803
21
0.5743293700787402
0
LINE
8
BLACK
6
CONTINUOUS
10
-0.3433887401574803
20
0.5743293700787402
11
-0.3429478346456693
21
0.575393779527559
0
LINE
8
BLACK
6
CONTINUOUS
10
-0.3429478346456693
20
0.575393779527559
11
-0.342133188976378
21
0.5762084251968503
0
LINE
8
BLACK
6
CONTINUOUS
10
-0.342133188976378
20
0.5762084251968503
11
-0.341068779527559
21
0.5766493307086614
0
LINE
8
BLACK
6
CONTINUOUS
10
-0.341068779527559
20
0.5766493307086614
11
-0.3399166535433071
21
0.5766493307086614
0
LINE
8
BLACK
6
CONTINUOUS
10
-0.3399166535433071
20
0.5766493307086614
11
-0.3388522440944882
21
0.5762084251968503
0
LINE
8
BLACK
6
CONTINUOUS
10
1.0657076377952757
20
0.5935222047244094
11
1.0658056299212597
21
0.5934816141732283
0
LINE
8
BLACK
6
CONTINUOUS
10
1.0658056299212597
20
0.5934816141732283
11
1.0659114566929133
21
0.593474094488189
0
LINE
8
BLACK
6
CONTINUOUS
10
1.0659114566929133
20
0.593474094488189
11
1.0664520866141731
21
0.5932672047244094
0
LINE
8
BLACK
6
CONTINUOUS
10
1.0664520866141731
20
0.5932672047244094
11
1.0702016141732282
21
0.5913924409448819
0
LINE
8
BLACK
6
CONTINUOUS
10
1.0702016141732282
20
0.5913924409448819
11
1.0704494881889763
21
0.5912364173228346
0
LINE
8
BLACK
6
CONTINUOUS
10
1.0704494881889763
20
0.5912364173228346
11
1.0705215354330708
21
0.5912065748031496
0
LINE
8
BLACK
6
CONTINUOUS
10
1.0705215354330708
20
0.5912065748031496
11
1.070602559055118
21
0.5911400787401575
0
LINE
8
BLACK
6
CONTINUOUS
10
1.070602559055118
20
0.5911400787401575
11
1.0706914960629921
21
0.591084094488189
0
LINE
8
BLACK
6
CONTINUOUS
10
1.0706914960629921
20
0.591084094488189
11
1.0707426377952756
21
0.5910251181102362
0
LINE
8
BLACK
6
CONTINUOUS
10
1.0707426377952756
20
0.5910251181102362
11
1.0709689763779526
21
0.5908393700787401
0
LINE
8
BLACK
6
CONTINUOUS
10
1.0709689763779526
20
0.5908393700787401
11
1.0728437795275589
21
0.5889646062992125
0
LINE
8
BLACK
6
CONTINUOUS
10
1.0728437795275589
20
0.5889646062992125
11
1.0730295275590551
21
0.5887382677165354
0
LINE
8
BLACK
6
CONTINUOUS
10
1.0730295275590551
20
0.5887382677165354
11
1.0730885826771652
21
0.5886870472440945
0
LINE
8
BLACK
6
CONTINUOUS
10
1.0730885826771652
20
0.5886870472440945
11
1.0731445669291337
21
0.5885981102362204
0
LINE
8
BLACK
6
CONTINUOUS
10
1.0731445669291337
20
0.5885981102362204
11
1.0732110236220471
21
0.588517125984252
0
LINE
8
BLACK
6
CONTINUOUS
10
1.0732110236220471
20
0.588517125984252
11
1.0732408267716536
21
0.5884451968503936
0
LINE
8
BLACK
6
CONTINUOUS
10
1.0732408267716536
20
0.5884451968503936
11
1.0733969291338583
21
0.5881971653543306
0
LINE
8
BLACK
6
CONTINUOUS
10
1.0733969291338583
20
0.5881971653543306
11
1.0752716929133859
21
0.5844476377952755
0
LINE
8
BLACK
6
CONTINUOUS
10
1.0752716929133859
20
0.5844476377952755
11
1.0754785826771653
21
0.5839070472440945
0
LINE
8
BLACK
6
CONTINUOUS
10
1.0754785826771653
20
0.5839070472440945
11
1.0754861023622047
21
0.5838011811023622
0
LINE
8
BLACK
6
CONTINUOUS
10
1.0754861023622047
20
0.5838011811023622
11
1.0755266929133858
21
0.583703188976378
0
LINE
8
BLACK
6
CONTINUOUS
10
1.0755266929133858
20
0.583703188976378
11
1.0755834251968504
21
0.583127125984252
0
LINE
8
BLACK
6
CONTINUOUS
10
1.0755834251968504
20
0.583127125984252
11
1.0755834251968504
21
0.5718785433070867
0
LINE
8
BLACK
6
CONTINUOUS
10
1.0755834251968504
20
0.5718785433070867
11
1.0755266929133858
21
0.5713024803149607
0
LINE
8
BLACK
6
CONTINUOUS
10
1.0755266929133858
20
0.5713024803149607
11
1.0754861023622047
21
0.5712045275590552
0
LINE
8
BLACK
6
CONTINUOUS
10
1.0754861023622047
20
0.5712045275590552
11
1.0754785826771653
21
0.571098622047244
0
LINE
8
BLACK
6
CONTINUOUS
10
1.0754785826771653
20
0.571098622047244
11
1.0752716929133859
21
0.570558031496063
0
LINE
8
BLACK
6
CONTINUOUS
10
1.0752716929133859
20
0.570558031496063
11
1.0733969291338583
21
0.5668085039370079
0
LINE
8
BLACK
6
CONTINUOUS
10
1.0733969291338583
20
0.5668085039370079
11
1.0732408267716536
21
0.5665605118110236
0
LINE
8
BLACK
6
CONTINUOUS
10
1.0732408267716536
20
0.5665605118110236
11
1.0732110236220471
21
0.5664885433070866
0
LINE
8
BLACK
6
CONTINUOUS
10
1.0732110236220471
20
0.5664885433070866
11
1.0731445669291337
21
0.5664075984251968
0
LINE
8
BLACK
6
CONTINUOUS
10
1.0731445669291337
20
0.5664075984251968
11
1.0730885826771652
21
0.566318622047244
0
LINE
8
BLACK
6
CONTINUOUS
10
1.0730885826771652
20
0.566318622047244
11
1.0730295275590551
21
0.5662674409448819
0
LINE
8
BLACK
6
CONTINUOUS
10
1.0730295275590551
20
0.5662674409448819
11
1.0728437795275589
21
0.566041062992126
0
LINE
8
BLACK
6
CONTINUOUS
10
1.0728437795275589
20
0.566041062992126
11
1.0709689763779526
21
0.5641662992125984
0
LINE
8
BLACK
6
CONTINUOUS
10
1.0709689763779526
20
0.5641662992125984
11
1.0705215354330708
21
0.563799094488189
0
LINE
8
BLACK
6
CONTINUOUS
10
1.0705215354330708
20
0.563799094488189
11
1.069457125984252
21
0.5633582283464567
0
LINE
8
BLACK
6
CONTINUOUS
10
1.069457125984252
20
0.5633582283464567
11
1.0683050393700788
21
0.5633582283464567
0
LINE
8
BLACK
6
CONTINUOUS
10
1.0683050393700788
20
0.5633582283464567
11
1.0672406299212598
21
0.5637991338582677
0
LINE
8
BLACK
6
CONTINUOUS
10
1.0672406299212598
20
0.5637991338582677
11
1.0664259448818898
21
0.5646138188976377
0
LINE
8
BLACK
6
CONTINUOUS
10
1.0664259448818898
20
0.5646138188976377
11
1.0659850787401575
21
0.5656782283464566
0
LINE
8
BLACK
6
CONTINUOUS
10
1.0659850787401575
20
0.5656782283464566
11
1.0659850787401575
21
0.5668303149606299
0
LINE
8
BLACK
6
CONTINUOUS
10
1.0659850787401575
20
0.5668303149606299
11
1.0664259842519686
21
0.5678947244094488
0
LINE
8
BLACK
6
CONTINUOUS
10
1.0664259842519686
20
0.5678947244094488
11
1.0667932283464567
21
0.5683422047244094
0
LINE
8
BLACK
6
CONTINUOUS
10
1.0667932283464567
20
0.5683422047244094
11
1.0683291732283464
21
0.5698781496062992
0
LINE
8
BLACK
6
CONTINUOUS
10
1.0683291732283464
20
0.5698781496062992
11
1.0696779133858267
21
0.5725755905511811
0
LINE
8
BLACK
6
CONTINUOUS
10
1.0696779133858267
20
0.5725755905511811
11
1.0696779133858267
21
0.5824300787401575
0
LINE
8
BLACK
6
CONTINUOUS
10
1.0696779133858267
20
0.5824300787401575
11
1.0683291732283464
21
0.5851275590551182
0
LINE
8
BLACK
6
CONTINUOUS
10
1.0683291732283464
20
0.5851275590551182
11
1.0671320078740156
21
0.5863246850393701
0
LINE
8
BLACK
6
CONTINUOUS
10
1.0671320078740156
20
0.5863246850393701
11
1.064434527559055
21
0.5876734251968504
0
LINE
8
BLACK
6
CONTINUOUS
10
1.064434527559055
20
0.5876734251968504
11
1.0564548031496064
21
0.5876734251968504
0
LINE
8
BLACK
6
CONTINUOUS
10
1.0564548031496064
20
0.5876734251968504
11
1.0537573228346457
21
0.5863246850393701
0
LINE
8
BLACK
6
CONTINUOUS
10
1.0537573228346457
20
0.5863246850393701
11
1.0525601968503937
21
0.5851275590551182
0
LINE
8
BLACK
6
CONTINUOUS
10
1.0525601968503937
20
0.5851275590551182
11
1.0512114566929134
21
0.5824300787401575
0
LINE
8
BLACK
6
CONTINUOUS
10
1.0512114566929134
20
0.5824300787401575
11
1.0512114566929134
21
0.5775028346456693
0
LINE
8
BLACK
6
CONTINUOUS
10
1.0512114566929134
20
0.5775028346456693
11
1.0511814173228347
21
0.577198188976378
0
LINE
8
BLACK
6
CONTINUOUS
10
1.0511814173228347
20
0.577198188976378
11
1.0511866141732282
21
0.5771207086614173
0
LINE
8
BLACK
6
CONTINUOUS
10
1.0511866141732282
20
0.5771207086614173
11
1.0511685433070865
21
0.5770673622047244
0
LINE
8
BLACK
6
CONTINUOUS
10
1.0511685433070865
20
0.5770673622047244
11
1.0511547244094488
21
0.5769267716535433
0
LINE
8
BLACK
6
CONTINUOUS
10
1.0511547244094488
20
0.5769267716535433
11
1.0509711023622046
21
0.5764835826771654
0
LINE
8
BLACK
6
CONTINUOUS
10
1.0509711023622046
20
0.5764835826771654
11
1.0508175196850393
21
0.5760293307086614
0
LINE
8
BLACK
6
CONTINUOUS
10
1.0508175196850393
20
0.5760293307086614
11
1.0507519291338583
21
0.5759543700787402
0
LINE
8
BLACK
6
CONTINUOUS
10
1.0507519291338583
20
0.5759543700787402
11
1.0507138188976377
21
0.5758623622047244
0
LINE
8
BLACK
6
CONTINUOUS
10
1.0507138188976377
20
0.5758623622047244
11
1.0503748031496063
21
0.5755233858267716
0
LINE
8
BLACK
6
CONTINUOUS
10
1.0503748031496063
20
0.5755233858267716
11
1.0500588582677166
21
0.5751622440944881
0
LINE
8
BLACK
6
CONTINUOUS
10
1.0500588582677166
20
0.5751622440944881
11
1.0499694881889763
21
0.5751180708661418
0
LINE
8
BLACK
6
CONTINUOUS
10
1.0499694881889763
20
0.5751180708661418
11
1.0498991732283465
21
0.5750477165354331
0
LINE
8
BLACK
6
CONTINUOUS
10
1.0498991732283465
20
0.5750477165354331
11
1.0494562204724409
21
0.5748642519685039
0
LINE
8
BLACK
6
CONTINUOUS
10
1.0494562204724409
20
0.5748642519685039
11
1.0490261023622047
21
0.5746515354330709
0
LINE
8
BLACK
6
CONTINUOUS
10
1.0490261023622047
20
0.5746515354330709
11
1.0489267322834646
21
0.5746449212598425
0
LINE
8
BLACK
6
CONTINUOUS
10
1.0489267322834646
20
0.5746449212598425
11
1.0488347637795274
21
0.574606811023622
0
LINE
8
BLACK
6
CONTINUOUS
10
1.0488347637795274
20
0.574606811023622
11
1.0483550393700787
21
0.574606811023622
0
LINE
8
BLACK
6
CONTINUOUS
10
1.0483550393700787
20
0.574606811023622
11
1.0478765748031496
21
0.5745749212598426
0
LINE
8
BLACK
6
CONTINUOUS
10
1.0478765748031496
20
0.5745749212598426
11
1.0477822834645669
21
0.574606811023622
0
LINE
8
BLACK
6
CONTINUOUS
10
1.0477822834645669
20
0.574606811023622
11
1.0476826377952755
21
0.574606811023622
0
LINE
8
BLACK
6
CONTINUOUS
10
1.0476826377952755
20
0.574606811023622
11
1.0472394094488189
21
0.5747904330708661
0
LINE
8
BLACK
6
CONTINUOUS
10
1.0472394094488189
20
0.5747904330708661
11
1.0467851968503936
21
0.5749440157480314
0
LINE
8
BLACK
6
CONTINUOUS
10
1.0467851968503936
20
0.5749440157480314
11
1.0466703149606298
21
0.5750261417322835
0
LINE
8
BLACK
6
CONTINUOUS
10
1.0466703149606298
20
0.5750261417322835
11
1.0466182283464567
21
0.5750477165354331
0
LINE
8
BLACK
6
CONTINUOUS
10
1.0466182283464567
20
0.5750477165354331
11
1.0465632677165355
21
0.5751026771653543
0
LINE
8
BLACK
6
CONTINUOUS
10
1.0465632677165355
20
0.5751026771653543
11
1.0463142913385826
21
0.5752806692913386
0
LINE
8
BLACK
6
CONTINUOUS
10
1.0463142913385826
20
0.5752806692913386
11
1.0362133464566929
21
0.5841190157480315
0
LINE
8
BLACK
6
CONTINUOUS
10
1.0362133464566929
20
0.5841190157480315
11
1.0362133464566929
21
0.5662542519685039
0
LINE
8
BLACK
6
CONTINUOUS
10
1.0362133464566929
20
0.5662542519685039
11
1.0361566141732284
21
0.5656781889763779
0
LINE
8
BLACK
6
CONTINUOUS
10
1.0361566141732284
20
0.5656781889763779
11
1.0357157086614173
21
0.5646137795275591
0
LINE
8
BLACK
6
CONTINUOUS
10
1.0357157086614173
20
0.5646137795275591
11
1.034901062992126
21
0.5637991338582677
0
LINE
8
BLACK
6
CONTINUOUS
10
1.034901062992126
20
0.5637991338582677
11
1.033836653543307
21
0.5633582283464567
0
LINE
8
BLACK
6
CONTINUOUS
10
1.033836653543307
20
0.5633582283464567
11
1.032684527559055
21
0.5633582283464567
0
LINE
8
BLACK
6
CONTINUOUS
10
1.032684527559055
20
0.5633582283464567
11
1.0316201181102362
21
0.5637991338582677
0
LINE
8
BLACK
6
CONTINUOUS
10
1.0316201181102362
20
0.5637991338582677
11
1.0308054724409448
21
0.5646137795275591
0
LINE
8
BLACK
6
CONTINUOUS
10
1.0308054724409448
20
0.5646137795275591
11
1.0303645669291339
21
0.5656781889763779
0
LINE
8
BLACK
6
CONTINUOUS
10
1.0303645669291339
20
0.5656781889763779
11
1.0303078346456693
21
0.5662542519685039
0
LINE
8
BLACK
6
CONTINUOUS
10
1.0303078346456693
20
0.5662542519685039
11
1.0303078346456693
21
0.5906261811023622
0
LINE
8
BLACK
6
CONTINUOUS
10
1.0303078346456693
20
0.5906261811023622
11
1.0303378346456693
21
0.5909308661417323
0
LINE
8
BLACK
6
CONTINUOUS
10
1.0303378346456693
20
0.5909308661417323
11
1.0303326771653543
21
0.5910083070866141
0
LINE
8
BLACK
6
CONTINUOUS
10
1.0303326771653543
20
0.5910083070866141
11
1.0303507086614172
21
0.5910616929133858
0
LINE
8
BLACK
6
CONTINUOUS
10
1.0303507086614172
20
0.5910616929133858
11
1.0303645669291339
21
0.5912022440944882
0
LINE
8
BLACK
6
CONTINUOUS
10
1.0303645669291339
20
0.5912022440944882
11
1.0305481496062991
21
0.5916454724409449
0
LINE
8
BLACK
6
CONTINUOUS
10
1.0305481496062991
20
0.5916454724409449
11
1.0307017716535434
21
0.59209968503937
0
LINE
8
BLACK
6
CONTINUOUS
10
1.0307017716535434
20
0.59209968503937
11
1.0307673228346457
21
0.5921746850393701
0
LINE
8
BLACK
6
CONTINUOUS
10
1.0307673228346457
20
0.5921746850393701
11
1.0308054724409448
21
0.5922666535433071
0
LINE
8
BLACK
6
CONTINUOUS
10
1.0308054724409448
20
0.5922666535433071
11
1.0311444488188977
21
0.5926056692913386
0
LINE
8
BLACK
6
CONTINUOUS
10
1.0311444488188977
20
0.5926056692913386
11
1.0314604330708661
21
0.5929667716535433
0
LINE
8
BLACK
6
CONTINUOUS
10
1.0314604330708661
20
0.5929667716535433
11
1.0315497637795275
21
0.5930109842519685
0
LINE
8
BLACK
6
CONTINUOUS
10
1.0315497637795275
20
0.5930109842519685
11
1.0316201181102362
21
0.5930812992125984
0
LINE
8
BLACK
6
CONTINUOUS
10
1.0316201181102362
20
0.5930812992125984
11
1.032063031496063
21
0.5932648031496063
0
LINE
8
BLACK
6
CONTINUOUS
10
1.032063031496063
20
0.5932648031496063
11
1.032493188976378
21
0.5934774803149606
0
LINE
8
BLACK
6
CONTINUOUS
10
1.032493188976378
20
0.5934774803149606
11
1.0325925196850394
21
0.5934841338582677
0
LINE
8
BLACK
6
CONTINUOUS
10
1.0325925196850394
20
0.5934841338582677
11
1.032684527559055
21
0.5935222047244094
0
LINE
8
BLACK
6
CONTINUOUS
10
1.032684527559055
20
0.5935222047244094
11
1.0331642519685038
21
0.5935222047244094
0
LINE
8
BLACK
6
CONTINUOUS
10
1.0331642519685038
20
0.5935222047244094
11
1.0336427165354329
21
0.593554094488189
0
LINE
8
BLACK
6
CONTINUOUS
10
1.0336427165354329
20
0.593554094488189
11
1.0337370078740158
21
0.5935222047244094
0
LINE
8
BLACK
6
CONTINUOUS
10
1.0337370078740158
20
0.5935222047244094
11
1.033836653543307
21
0.5935222047244094
0
LINE
8
BLACK
6
CONTINUOUS
10
1.033836653543307
20
0.5935222047244094
11
1.0342798425196851
21
0.5933386220472441
0
LINE
8
BLACK
6
CONTINUOUS
10
1.0342798425196851
20
0.5933386220472441
11
1.0347340944881889
21
0.593185
0
LINE
8
BLACK
6
CONTINUOUS
10
1.0347340944881889
20
0.593185
11
1.0348489370078739
21
0.5931029133858268
0
LINE
8
BLACK
6
CONTINUOUS
10
1.0348489370078739
20
0.5931029133858268
11
1.034901062992126
21
0.5930812992125984
0
LINE
8
BLACK
6
CONTINUOUS
10
1.034901062992126
20
0.5930812992125984
11
1.0349559842519684
21
0.5930263779527559
0
LINE
8
BLACK
6
CONTINUOUS
10
1.0349559842519684
20
0.5930263779527559
11
1.0352049999999999
21
0.5928483464566929
0
LINE
8
BLACK
6
CONTINUOUS
10
1.0352049999999999
20
0.5928483464566929
11
1.0454140157480314
21
0.5839154724409449
0
LINE
8
BLACK
6
CONTINUOUS
10
1.0454140157480314
20
0.5839154724409449
11
1.0456176771653543
21
0.5844476377952755
0
LINE
8
BLACK
6
CONTINUOUS
10
1.0456176771653543
20
0.5844476377952755
11
1.0474924409448818
21
0.5881971653543306
0
LINE
8
BLACK
6
CONTINUOUS
10
1.0474924409448818
20
0.5881971653543306
11
1.0476485039370078
21
0.5884451968503936
0
LINE
8
BLACK
6
CONTINUOUS
10
1.0476485039370078
20
0.5884451968503936
11
1.047678346456693
21
0.588517125984252
0
LINE
8
BLACK
6
CONTINUOUS
10
1.047678346456693
20
0.588517125984252
11
1.0477448031496064
21
0.5885981102362204
0
LINE
8
BLACK
6
CONTINUOUS
10
1.0477448031496064
20
0.5885981102362204
11
1.0478007874015747
21
0.5886870472440945
0
LINE
8
BLACK
6
CONTINUOUS
10
1.0478007874015747
20
0.5886870472440945
11
1.0478597637795275
21
0.5887382283464567
0
LINE
8
BLACK
6
CONTINUOUS
10
1.0478597637795275
20
0.5887382283464567
11
1.0480455511811024
21
0.5889645669291338
0
LINE
8
BLACK
6
CONTINUOUS
10
1.0480455511811024
20
0.5889645669291338
11
1.04992031496063
21
0.5908393307086615
0
LINE
8
BLACK
6
CONTINUOUS
10
1.04992031496063
20
0.5908393307086615
11
1.0501466535433071
21
0.5910251181102362
0
LINE
8
BLACK
6
CONTINUOUS
10
1.0501466535433071
20
0.5910251181102362
11
1.0501978346456693
21
0.591084094488189
0
LINE
8
BLACK
6
CONTINUOUS
10
1.0501978346456693
20
0.591084094488189
11
1.0502867716535433
21
0.5911400787401575
0
LINE
8
BLACK
6
CONTINUOUS
10
1.0502867716535433
20
0.5911400787401575
11
1.0503677559055118
21
0.5912065354330709
0
LINE
8
BLACK
6
CONTINUOUS
10
1.0503677559055118
20
0.5912065354330709
11
1.05043968503937
21
0.5912363779527559
0
LINE
8
BLACK
6
CONTINUOUS
10
1.05043968503937
20
0.5912363779527559
11
1.0506877165354331
21
0.5913924409448819
0
LINE
8
BLACK
6
CONTINUOUS
10
1.0506877165354331
20
0.5913924409448819
11
1.0544372440944882
21
0.5932672047244094
0
LINE
8
BLACK
6
CONTINUOUS
10
1.0544372440944882
20
0.5932672047244094
11
1.0549778346456693
21
0.593474094488189
0
LINE
8
BLACK
6
CONTINUOUS
10
1.0549778346456693
20
0.593474094488189
11
1.0550837007874017
21
0.5934816535433071
0
LINE
8
BLACK
6
CONTINUOUS
10
1.0550837007874017
20
0.5934816535433071
11
1.0551816929133857
21
0.5935222047244094
0
LINE
8
BLACK
6
CONTINUOUS
10
1.0551816929133857
20
0.5935222047244094
11
1.0557577559055118
21
0.593578937007874
0
LINE
8
BLACK
6
CONTINUOUS
10
1.0557577559055118
20
0.593578937007874
11
1.0651315748031496
21
0.593578937007874
0
LINE
8
BLACK
6
CONTINUOUS
10
1.0651315748031496
20
0.593578937007874
11
1.0657076377952757
21
0.5935222047244094
0
LINE
8
BLACK
6
CONTINUOUS
10
-0.3567895275590551
20
0.6122698818897637
11
-0.3566915354330709
21
0.6122292913385826
0
LINE
8
BLACK
6
CONTINUOUS
10
-0.3566915354330709
20
0.6122292913385826
11
-0.3565857086614173
21
0.6122217716535433
0
LINE
8
BLACK
6
CONTINUOUS
10
-0.3565857086614173
20
0.6122217716535433
11
-0.3560450787401575
21
0.6120148818897637
0
LINE
8
BLACK
6
CONTINUOUS
10
-0.3560450787401575
20
0.6120148818897637
11
-0.3522955511811023
21
0.6101401181102362
0
LINE
8
BLACK
6
CONTINUOUS
10
-0.3522955511811023
20
0.6101401181102362
11
-0.3520475590551181
21
0.6099840551181103
0
LINE
8
BLACK
6
CONTINUOUS
10
-0.3520475590551181
20
0.6099840551181103
11
-0.3519755905511811
21
0.6099542125984252
0
LINE
8
BLACK
6
CONTINUOUS
10
-0.3519755905511811
20
0.6099542125984252
11
-0.3518946456692914
21
0.6098877559055118
0
LINE
8
BLACK
6
CONTINUOUS
10
-0.3518946456692914
20
0.6098877559055118
11
-0.3518056692913386
21
0.6098317716535433
0
LINE
8
BLACK
6
CONTINUOUS
10
-0.3518056692913386
20
0.6098317716535433
11
-0.3517545275590551
21
0.6097727952755906
0
LINE
8
BLACK
6
CONTINUOUS
10
-0.3517545275590551
20
0.6097727952755906
11
-0.3515281496062992
21
0.6095870078740158
0
LINE
8
BLACK
6
CONTINUOUS
10
-0.3515281496062992
20
0.6095870078740158
11
-0.3498665354330708
21
0.6079253937007874
0
LINE
8
BLACK
6
CONTINUOUS
10
-0.3498665354330708
20
0.6079253937007874
11
-0.3482049212598425
21
0.6095870078740158
0
LINE
8
BLACK
6
CONTINUOUS
10
-0.3482049212598425
20
0.6095870078740158
11
-0.3479785826771654
21
0.6097727952755906
0
LINE
8
BLACK
6
CONTINUOUS
10
-0.3479785826771654
20
0.6097727952755906
11
-0.3479274015748031
21
0.6098317716535433
0
LINE
8
BLACK
6
CONTINUOUS
10
-0.3479274015748031
20
0.6098317716535433
11
-0.3478384645669291
21
0.6098877559055118
0
LINE
8
BLACK
6
CONTINUOUS
10
-0.3478384645669291
20
0.6098877559055118
11
-0.3477574803149606
21
0.6099542125984252
0
LINE
8
BLACK
6
CONTINUOUS
10
-0.3477574803149606
20
0.6099542125984252
11
-0.3476855511811023
21
0.6099840551181103
0
LINE
8
BLACK
6
CONTINUOUS
10
-0.3476855511811023
20
0.6099840551181103
11
-0.3474375196850394
21
0.6101401181102362
0
LINE
8
BLACK
6
CONTINUOUS
10
-0.3474375196850394
20
0.6101401181102362
11
-0.3436879921259842
21
0.6120148818897637
0
LINE
8
BLACK
6
CONTINUOUS
10
-0.3436879921259842
20
0.6120148818897637
11
-0.3431474015748032
21
0.6122217716535433
0
LINE
8
BLACK
6
CONTINUOUS
10
-0.3431474015748032
20
0.6122217716535433
11
-0.3430415354330709
21
0.6122293307086614
0
LINE
8
BLACK
6
CONTINUOUS
10
-0.3430415354330709
20
0.6122293307086614
11
-0.3429435433070866
21
0.6122698818897637
0
LINE
8
BLACK
6
CONTINUOUS
10
-0.3429435433070866
20
0.6122698818897637
11
-0.3423674803149606
21
0.6123266141732283
0
LINE
8
BLACK
6
CONTINUOUS
10
-0.3423674803149606
20
0.6123266141732283
11
-0.3348684251968504
21
0.6123266141732283
0
LINE
8
BLACK
6
CONTINUOUS
10
-0.3348684251968504
20
0.6123266141732283
11
-0.3342923622047244
21
0.6122698818897637
0
LINE
8
BLACK
6
CONTINUOUS
10
-0.3342923622047244
20
0.6122698818897637
11
-0.3341943700787401
21
0.6122292913385826
0
LINE
8
BLACK
6
CONTINUOUS
10
-0.3341943700787401
20
0.6122292913385826
11
-0.3340885433070866
21
0.6122217716535433
0
LINE
8
BLACK
6
CONTINUOUS
10
-0.3340885433070866
20
0.6122217716535433
11
-0.3335479133858268
21
0.6120148818897637
0
LINE
8
BLACK
6
CONTINUOUS
10
-0.3335479133858268
20
0.6120148818897637
11
-0.3297983858267716
21
0.6101401181102362
0
LINE
8
BLACK
6
CONTINUOUS
10
-0.3297983858267716
20
0.6101401181102362
11
-0.3295505118110236
21
0.6099840944881889
0
LINE
8
BLACK
6
CONTINUOUS
10
-0.3295505118110236
20
0.6099840944881889
11
-0.3294784645669291
21
0.6099542519685039
0
LINE
8
BLACK
6
CONTINUOUS
10
-0.3294784645669291
20
0.6099542519685039
11
-0.3293974409448819
21
0.6098877559055118
0
LINE
8
BLACK
6
CONTINUOUS
10
-0.3293974409448819
20
0.6098877559055118
11
-0.3293085039370079
21
0.6098317716535433
0
LINE
8
BLACK
6
CONTINUOUS
10
-0.3293085039370079
20
0.6098317716535433
11
-0.3292573622047244
21
0.6097727952755906
0
LINE
8
BLACK
6
CONTINUOUS
10
-0.3292573622047244
20
0.6097727952755906
11
-0.3290310236220472
21
0.6095870472440945
0
LINE
8
BLACK
6
CONTINUOUS
10
-0.3290310236220472
20
0.6095870472440945
11
-0.3271562204724409
21
0.607712283464567
0
LINE
8
BLACK
6
CONTINUOUS
10
-0.3271562204724409
20
0.607712283464567
11
-0.3269704724409448
21
0.6074859448818898
0
LINE
8
BLACK
6
CONTINUOUS
10
-0.3269704724409448
20
0.6074859448818898
11
-0.3269114173228346
21
0.6074347244094488
0
LINE
8
BLACK
6
CONTINUOUS
10
-0.3269114173228346
20
0.6074347244094488
11
-0.3268554330708661
21
0.6073457874015747
0
LINE
8
BLACK
6
CONTINUOUS
10
-0.3268554330708661
20
0.6073457874015747
11
-0.3267889763779527
21
0.6072648031496063
0
LINE
8
BLACK
6
CONTINUOUS
10
-0.3267889763779527
20
0.6072648031496063
11
-0.3267591732283465
21
0.6071928740157481
0
LINE
8
BLACK
6
CONTINUOUS
10
-0.3267591732283465
20
0.6071928740157481
11
-0.3266030708661417
21
0.6069448425196851
0
LINE
8
BLACK
6
CONTINUOUS
10
-0.3266030708661417
20
0.6069448425196851
11
-0.3247283070866142
21
0.6031953149606299
0
LINE
8
BLACK
6
CONTINUOUS
10
-0.3247283070866142
20
0.6031953149606299
11
-0.3245214173228346
21
0.6026547244094488
0
LINE
8
BLACK
6
CONTINUOUS
10
-0.3245214173228346
20
0.6026547244094488
11
-0.3245138976377953
21
0.6025488582677165
0
LINE
8
BLACK
6
CONTINUOUS
10
-0.3245138976377953
20
0.6025488582677165
11
-0.3244733070866141
21
0.6024508661417323
0
LINE
8
BLACK
6
CONTINUOUS
10
-0.3244733070866141
20
0.6024508661417323
11
-0.3244165748031496
21
0.6018748031496063
0
LINE
8
BLACK
6
CONTINUOUS
10
-0.3244165748031496
20
0.6018748031496063
11
-0.3244165748031496
21
0.5943757480314961
0
LINE
8
BLACK
6
CONTINUOUS
10
-0.3244165748031496
20
0.5943757480314961
11
-0.3244733070866141
21
0.5937996850393701
0
LINE
8
BLACK
6
CONTINUOUS
10
-0.3244733070866141
20
0.5937996850393701
11
-0.3245138976377953
21
0.5937017322834646
0
LINE
8
BLACK
6
CONTINUOUS
10
-0.3245138976377953
20
0.5937017322834646
11
-0.3245214173228346
21
0.5935958267716536
0
LINE
8
BLACK
6
CONTINUOUS
10
-0.3245214173228346
20
0.5935958267716536
11
-0.3247283070866142
21
0.5930552362204724
0
LINE
8
BLACK
6
CONTINUOUS
10
-0.3247283070866142
20
0.5930552362204724
11
-0.3266030708661417
21
0.5893057086614173
0
LINE
8
BLACK
6
CONTINUOUS
10
-0.3266030708661417
20
0.5893057086614173
11
-0.3267591732283465
21
0.589057716535433
0
LINE
8
BLACK
6
CONTINUOUS
10
-0.3267591732283465
20
0.589057716535433
11
-0.3267889763779527
21
0.5889857480314961
0
LINE
8
BLACK
6
CONTINUOUS
10
-0.3267889763779527
20
0.5889857480314961
11
-0.3268554330708661
21
0.5889048031496062
0
LINE
8
BLACK
6
CONTINUOUS
10
-0.3268554330708661
20
0.5889048031496062
11
-0.3269114173228346
21
0.5888158267716536
0
LINE
8
BLACK
6
CONTINUOUS
10
-0.3269114173228346
20
0.5888158267716536
11
-0.3269704724409448
21
0.5887646456692913
0
LINE
8
BLACK
6
CONTINUOUS
10
-0.3269704724409448
20
0.5887646456692913
11
-0.3271562204724409
21
0.5885382677165354
0
LINE
8
BLACK
6
CONTINUOUS
10
-0.3271562204724409
20
0.5885382677165354
11
-0.3290310236220472
21
0.5866635039370078
0
LINE
8
BLACK
6
CONTINUOUS
10
-0.3290310236220472
20
0.5866635039370078
11
-0.3292573622047244
21
0.5864777952755905
0
LINE
8
BLACK
6
CONTINUOUS
10
-0.3292573622047244
20
0.5864777952755905
11
-0.3293085039370079
21
0.5864187795275591
0
LINE
8
BLACK
6
CONTINUOUS
10
-0.3293085039370079
20
0.5864187795275591
11
-0.3293974409448819
21
0.5863628346456693
0
LINE
8
BLACK
6
CONTINUOUS
10
-0.3293974409448819
20
0.5863628346456693
11
-0.3294784645669291
21
0.5862962992125984
0
LINE
8
BLACK
6
CONTINUOUS
10
-0.3294784645669291
20
0.5862962992125984
11
-0.3295505118110236
21
0.5862664960629921
0
LINE
8
BLACK
6
CONTINUOUS
10
-0.3295505118110236
20
0.5862664960629921
11
-0.3297983858267716
21
0.5861104330708661
0
LINE
8
BLACK
6
CONTINUOUS
10
-0.3297983858267716
20
0.5861104330708661
11
-0.3335479133858268
21
0.5842356692913385
0
LINE
8
BLACK
6
CONTINUOUS
10
-0.3335479133858268
20
0.5842356692913385
11
-0.3340885433070866
21
0.584028779527559
0
LINE
8
BLACK
6
CONTINUOUS
10
-0.3340885433070866
20
0.584028779527559
11
-0.3341943700787401
21
0.5840212992125984
0
LINE
8
BLACK
6
CONTINUOUS
10
-0.3341943700787401
20
0.5840212992125984
11
-0.3342923622047244
21
0.5839806692913385
0
LINE
8
BLACK
6
CONTINUOUS
10
-0.3342923622047244
20
0.5839806692913385
11
-0.3348684251968504
21
0.583923937007874
0
LINE
8
BLACK
6
CONTINUOUS
10
-0.3348684251968504
20
0.583923937007874
11
-0.3423674803149606
21
0.583923937007874
0
LINE
8
BLACK
6
CONTINUOUS
10
-0.3423674803149606
20
0.583923937007874
11
-0.3429435433070866
21
0.5839806692913385
0
LINE
8
BLACK
6
CONTINUOUS
10
-0.3429435433070866
20
0.5839806692913385
11
-0.3430415354330709
21
0.5840212598425196
0
LINE
8
BLACK
6
CONTINUOUS
10
-0.3430415354330709
20
0.5840212598425196
11
-0.3431474015748032
21
0.584028779527559
0
LINE
8
BLACK
6
CONTINUOUS
10
-0.3431474015748032
20
0.584028779527559
11
-0.3436879921259842
21
0.5842356692913385
0
LINE
8
BLACK
6
CONTINUOUS
10
-0.3436879921259842
20
0.5842356692913385
11
-0.3474375196850394
21
0.5861104330708661
0
LINE
8
BLACK
6
CONTINUOUS
10
-0.3474375196850394
20
0.5861104330708661
11
-0.3476855511811023
21
0.5862665354330708
0
LINE
8
BLACK
6
CONTINUOUS
10
-0.3476855511811023
20
0.5862665354330708
11
-0.3477574803149606
21
0.5862963385826772
0
LINE
8
BLACK
6
CONTINUOUS
10
-0.3477574803149606
20
0.5862963385826772
11
-0.3478384645669291
21
0.5863628346456693
0
LINE
8
BLACK
6
CONTINUOUS
10
-0.3478384645669291
20
0.5863628346456693
11
-0.3479274015748031
21
0.5864187795275591
0
LINE
8
BLACK
6
CONTINUOUS
10
-0.3479274015748031
20
0.5864187795275591
11
-0.3479785826771654
21
0.5864777952755905
0
LINE
8
BLACK
6
CONTINUOUS
10
-0.3479785826771654
20
0.5864777952755905
11
-0.3482049212598425
21
0.5866635433070866
0
LINE
8
BLACK
6
CONTINUOUS
10
-0.3482049212598425
20
0.5866635433070866
11
-0.3498665354330708
21
0.588325157480315
0
LINE
8
BLACK
6
CONTINUOUS
10
-0.3498665354330708
20
0.588325157480315
11
-0.3515281496062992
21
0.5866635433070866
0
LINE
8
BLACK
6
CONTINUOUS
10
-0.3515281496062992
20
0.5866635433070866
11
-0.3517545275590551
21
0.5864777952755905
0
LINE
8
BLACK
6
CONTINUOUS
10
-0.3517545275590551
20
0.5864777952755905
11
-0.3518056692913386
21
0.5864187795275591
0
LINE
8
BLACK
6
CONTINUOUS
10
-0.3518056692913386
20
0.5864187795275591
11
-0.3518946456692914
21
0.5863628346456693
0
LINE
8
BLACK
6
CONTINUOUS
10
-0.3518946456692914
20
0.5863628346456693
11
-0.3519755905511811
21
0.5862963385826772
0
LINE
8
BLACK
6
CONTINUOUS
10
-0.3519755905511811
20
0.5862963385826772
11
-0.3520475590551181
21
0.5862665354330708
0
LINE
8
BLACK
6
CONTINUOUS
10
-0.3520475590551181
20
0.5862665354330708
11
-0.3522955511811023
21
0.5861104330708661
0
LINE
8
BLACK
6
CONTINUOUS
10
-0.3522955511811023
20
0.5861104330708661
11
-0.3560450787401575
21
0.5842356692913385
0
LINE
8
BLACK
6
CONTINUOUS
10
-0.3560450787401575
20
0.5842356692913385
11
-0.3565857086614173
21
0.584028779527559
0
LINE
8
BLACK
6
CONTINUOUS
10
-0.3565857086614173
20
0.584028779527559
11
-0.3566915354330709
21
0.5840212992125984
0
LINE
8
BLACK
6
CONTINUOUS
10
-0.3566915354330709
20
0.5840212992125984
11
-0.3567895275590551
21
0.5839806692913385
0
LINE
8
BLACK
6
CONTINUOUS
10
-0.3567895275590551
20
0.5839806692913385
11
-0.3573655905511811
21
0.583923937007874
0
LINE
8
BLACK
6
CONTINUOUS
10
-0.3573655905511811
20
0.583923937007874
11
-0.3592403543307087
21
0.583923937007874
0
LINE
8
BLACK
6
CONTINUOUS
10
-0.3592403543307087
20
0.583923937007874
11
-0.3598164173228346
21
0.5839806692913385
0
LINE
8
BLACK
6
CONTINUOUS
10
-0.3598164173228346
20
0.5839806692913385
11
-0.3599144094488189
21
0.5840212598425196
0
LINE
8
BLACK
6
CONTINUOUS
10
-0.3599144094488189
20
0.5840212598425196
11
-0.3600202755905512
21
0.584028779527559
0
LINE
8
BLACK
6
CONTINUOUS
10
-0.3600202755905512
20
0.584028779527559
11
-0.3605608661417323
21
0.5842356692913385
0
LINE
8
BLACK
6
CONTINUOUS
10
-0.3605608661417323
20
0.5842356692913385
11
-0.3643103937007874
21
0.5861104330708661
0
LINE
8
BLACK
6
CONTINUOUS
10
-0.3643103937007874
20
0.5861104330708661
11
-0.3645584251968504
21
0.5862665354330708
0
LINE
8
BLACK
6
CONTINUOUS
10
-0.3645584251968504
20
0.5862665354330708
11
-0.3646303543307087
21
0.5862963385826772
0
LINE
8
BLACK
6
CONTINUOUS
10
-0.3646303543307087
20
0.5862963385826772
11
-0.3647113385826772
21
0.5863628346456693
0
LINE
8
BLACK
6
CONTINUOUS
10
-0.3647113385826772
20
0.5863628346456693
11
-0.3648002755905512
21
0.5864187795275591
0
LINE
8
BLACK
6
CONTINUOUS
10
-0.3648002755905512
20
0.5864187795275591
11
-0.3648514566929134
21
0.5864777952755905
0
LINE
8
BLACK
6
CONTINUOUS
10
-0.3648514566929134
20
0.5864777952755905
11
-0.3650777952755905
21
0.5866635433070866
0
LINE
8
BLACK
6
CONTINUOUS
10
-0.3650777952755905
20
0.5866635433070866
11
-0.3669525590551181
21
0.5885383070866141
0
LINE
8
BLACK
6
CONTINUOUS
10
-0.3669525590551181
20
0.5885383070866141
11
-0.3671383464566929
21
0.5887646850393701
0
LINE
8
BLACK
6
CONTINUOUS
10
-0.3671383464566929
20
0.5887646850393701
11
-0.3671973228346457
21
0.5888158267716536
0
LINE
8
BLACK
6
CONTINUOUS
10
-0.3671973228346457
20
0.5888158267716536
11
-0.3672533070866142
21
0.5889048031496062
0
LINE
8
BLACK
6
CONTINUOUS
10
-0.3672533070866142
20
0.5889048031496062
11
-0.3673197637795276
21
0.5889857480314961
0
LINE
8
BLACK
6
CONTINUOUS
10
-0.3673197637795276
20
0.5889857480314961
11
-0.3673496062992126
21
0.589057716535433
0
LINE
8
BLACK
6
CONTINUOUS
10
-0.3673496062992126
20
0.589057716535433
11
-0.3675056692913386
21
0.5893057086614173
0
LINE
8
BLACK
6
CONTINUOUS
10
-0.3675056692913386
20
0.5893057086614173
11
-0.3693804330708662
21
0.5930552362204724
0
LINE
8
BLACK
6
CONTINUOUS
10
-0.3693804330708662
20
0.5930552362204724
11
-0.3695873228346457
21
0.5935958661417323
0
LINE
8
BLACK
6
CONTINUOUS
10
-0.3695873228346457
20
0.5935958661417323
11
-0.3695948425196851
21
0.5937016929133858
0
LINE
8
BLACK
6
CONTINUOUS
10
-0.3695948425196851
20
0.5937016929133858
11
-0.3696354330708662
21
0.5937996850393701
0
LINE
8
BLACK
6
CONTINUOUS
10
-0.3696354330708662
20
0.5937996850393701
11
-0.3696921653543307
21
0.5943757480314961
0
LINE
8
BLACK
6
CONTINUOUS
10
-0.3696921653543307
20
0.5943757480314961
11
-0.3696921653543307
21
0.6018748031496063
0
LINE
8
BLACK
6
CONTINUOUS
10
-0.3696921653543307
20
0.6018748031496063
11
-0.3696354330708662
21
0.6024508661417323
0
LINE
8
BLACK
6
CONTINUOUS
10
-0.3696354330708662
20
0.6024508661417323
11
-0.3695948425196851
21
0.6025488976377953
0
LINE
8
BLACK
6
CONTINUOUS
10
-0.3695948425196851
20
0.6025488976377953
11
-0.3695873228346457
21
0.60265468503937
0
LINE
8
BLACK
6
CONTINUOUS
10
-0.3695873228346457
20
0.60265468503937
11
-0.3693804330708662
21
0.6031953149606299
0
LINE
8
BLACK
6
CONTINUOUS
10
-0.3693804330708662
20
0.6031953149606299
11
-0.3675056692913386
21
0.6069448425196851
0
LINE
8
BLACK
6
CONTINUOUS
10
-0.3675056692913386
20
0.6069448425196851
11
-0.3673496062992126
21
0.6071928740157481
0
LINE
8
BLACK
6
CONTINUOUS
10
-0.3673496062992126
20
0.6071928740157481
11
-0.3673197637795276
21
0.6072648031496063
0
LINE
8
BLACK
6
CONTINUOUS
10
-0.3673197637795276
20
0.6072648031496063
11
-0.3672533070866142
21
0.6073457874015747
0
LINE
8
BLACK
6
CONTINUOUS
10
-0.3672533070866142
20
0.6073457874015747
11
-0.3671973228346457
21
0.6074347244094488
0
LINE
8
BLACK
6
CONTINUOUS
10
-0.3671973228346457
20
0.6074347244094488
11
-0.3671383464566929
21
0.607485905511811
0
LINE
8
BLACK
6
CONTINUOUS
10
-0.3671383464566929
20
0.607485905511811
11
-0.3669525590551181
21
0.6077122440944882
0
LINE
8
BLACK
6
CONTINUOUS
10
-0.3669525590551181
20
0.6077122440944882
11
-0.3650777952755905
21
0.6095870078740158
0
LINE
8
BLACK
6
CONTINUOUS
10
-0.3650777952755905
20
0.6095870078740158
11
-0.3648514566929134
21
0.6097727952755906
0
LINE
8
BLACK
6
CONTINUOUS
10
-0.3648514566929134
20
0.6097727952755906
11
-0.3648002755905512
21
0.6098317716535433
0
LINE
8
BLACK
6
CONTINUOUS
10
-0.3648002755905512
20
0.6098317716535433
11
-0.3647113385826772
21
0.6098877559055118
0
LINE
8
BLACK
6
CONTINUOUS
10
-0.3647113385826772
20
0.6098877559055118
11
-0.3646303543307087
21
0.6099542125984252
0
LINE
8
BLACK
6
CONTINUOUS
10
-0.3646303543307087
20
0.6099542125984252
11
-0.3645584251968504
21
0.6099840551181103
0
LINE
8
BLACK
6
CONTINUOUS
10
-0.3645584251968504
20
0.6099840551181103
11
-0.3643103937007874
21
0.6101401181102362
0
LINE
8
BLACK
6
CONTINUOUS
10
-0.3643103937007874
20
0.6101401181102362
11
-0.3605608661417323
21
0.6120148818897637
0
LINE
8
BLACK
6
CONTINUOUS
10
-0.3605608661417323
20
0.6120148818897637
11
-0.3600202755905512
21
0.6122217716535433
0
LINE
8
BLACK
6
CONTINUOUS
10
-0.3600202755905512
20
0.6122217716535433
11
-0.3599144094488189
21
0.6122293307086614
0
LINE
8
BLACK
6
CONTINUOUS
10
-0.3599144094488189
20
0.6122293307086614
11
-0.3598164173228346
21
0.6122698818897637
0
LINE
8
BLACK
6
CONTINUOUS
10
-0.3598164173228346
20
0.6122698818897637
11
-0.3592403543307087
21
0.6123266141732283
0
LINE
8
BLACK
6
CONTINUOUS
10
-0.3592403543307087
20
0.6123266141732283
11
-0.3573655905511811
21
0.6123266141732283
0
LINE
8
BLACK
6
CONTINUOUS
10
-0.3573655905511811
20
0.6123266141732283
11
-0.3567895275590551
21
0.6122698818897637
0
LINE
8
BLACK
6
CONTINUOUS
10
-0.3612407874015748
20
0.6050723622047244
11
-0.3624379133858268
21
0.6038752362204725
0
LINE
8
BLACK
6
CONTINUOUS
10
-0.3624379133858268
20
0.6038752362204725
11
-0.3637866535433071
21
0.6011777559055118
0
LINE
8
BLACK
6
CONTINUOUS
10
-0.3637866535433071
20
0.6011777559055118
11
-0.3637866535433071
21
0.5950727952755905
0
LINE
8
BLACK
6
CONTINUOUS
10
-0.3637866535433071
20
0.5950727952755905
11
-0.3624379133858268
21
0.5923753149606299
0
LINE
8
BLACK
6
CONTINUOUS
10
-0.3624379133858268
20
0.5923753149606299
11
-0.3612407874015748
21
0.591178188976378
0
LINE
8
BLACK
6
CONTINUOUS
10
-0.3612407874015748
20
0.591178188976378
11
-0.3585433070866141
21
0.5898294488188977
0
LINE
8
BLACK
6
CONTINUOUS
10
-0.3585433070866141
20
0.5898294488188977
11
-0.3580626377952756
21
0.5898294488188977
0
LINE
8
BLACK
6
CONTINUOUS
10
-0.3580626377952756
20
0.5898294488188977
11
-0.3553651574803149
21
0.591178188976378
0
LINE
8
BLACK
6
CONTINUOUS
10
-0.3553651574803149
20
0.591178188976378
11
-0.354168031496063
21
0.5923753149606299
0
LINE
8
BLACK
6
CONTINUOUS
10
-0.354168031496063
20
0.5923753149606299
11
-0.3528192913385827
21
0.5950727952755905
0
LINE
8
BLACK
6
CONTINUOUS
10
-0.3528192913385827
20
0.5950727952755905
11
-0.3528192913385827
21
0.6011777559055118
0
LINE
8
BLACK
6
CONTINUOUS
10
-0.3528192913385827
20
0.6011777559055118
11
-0.354168031496063
21
0.6038752362204725
0
LINE
8
BLACK
6
CONTINUOUS
10
-0.354168031496063
20
0.6038752362204725
11
-0.3553651574803149
21
0.6050723622047244
0
LINE
8
BLACK
6
CONTINUOUS
10
-0.3553651574803149
20
0.6050723622047244
11
-0.3580626377952756
21
0.6064211023622047
0
LINE
8
BLACK
6
CONTINUOUS
10
-0.3580626377952756
20
0.6064211023622047
11
-0.3585433070866141
21
0.6064211023622047
0
LINE
8
BLACK
6
CONTINUOUS
10
-0.3585433070866141
20
0.6064211023622047
11
-0.3612407874015748
21
0.6050723622047244
0
LINE
8
BLACK
6
CONTINUOUS
10
-0.3443679133858268
20
0.6050723622047244
11
-0.3455650393700787
21
0.6038752362204725
0
LINE
8
BLACK
6
CONTINUOUS
10
-0.3455650393700787
20
0.6038752362204725
11
-0.346913779527559
21
0.6011777559055118
0
LINE
8
BLACK
6
CONTINUOUS
10
-0.346913779527559
20
0.6011777559055118
11
-0.346913779527559
21
0.5950727952755905
0
LINE
8
BLACK
6
CONTINUOUS
10
-0.346913779527559
20
0.5950727952755905
11
-0.3455650393700787
21
0.5923753149606299
0
LINE
8
BLACK
6
CONTINUOUS
10
-0.3455650393700787
20
0.5923753149606299
11
-0.3443679133858268
21
0.591178188976378
0
LINE
8
BLACK
6
CONTINUOUS
10
-0.3443679133858268
20
0.591178188976378
11
-0.3416704330708661
21
0.5898294488188977
0
LINE
8
BLACK
6
CONTINUOUS
10
-0.3416704330708661
20
0.5898294488188977
11
-0.3355654724409449
21
0.5898294488188977
0
LINE
8
BLACK
6
CONTINUOUS
10
-0.3355654724409449
20
0.5898294488188977
11
-0.3328679921259842
21
0.5911782283464567
0
LINE
8
BLACK
6
CONTINUOUS
10
-0.3328679921259842
20
0.5911782283464567
11
-0.3316708267716535
21
0.5923753543307086
0
LINE
8
BLACK
6
CONTINUOUS
10
-0.3316708267716535
20
0.5923753543307086
11
-0.3303220866141732
21
0.5950727952755905
0
LINE
8
BLACK
6
CONTINUOUS
10
-0.3303220866141732
20
0.5950727952755905
11
-0.3303220866141732
21
0.6011777559055118
0
LINE
8
BLACK
6
CONTINUOUS
10
-0.3303220866141732
20
0.6011777559055118
11
-0.3316708267716535
21
0.6038752362204725
0
LINE
8
BLACK
6
CONTINUOUS
10
-0.3316708267716535
20
0.6038752362204725
11
-0.3328679921259842
21
0.6050723622047244
0
LINE
8
BLACK
6
CONTINUOUS
10
-0.3328679921259842
20
0.6050723622047244
11
-0.3355654724409449
21
0.6064211023622047
0
LINE
8
BLACK
6
CONTINUOUS
10
-0.3355654724409449
20
0.6064211023622047
11
-0.3416704330708661
21
0.6064211023622047
0
LINE
8
BLACK
6
CONTINUOUS
10
-0.3416704330708661
20
0.6064211023622047
11
-0.3443679133858268
21
0.6050723622047244
0
LINE
8
BLACK
6
CONTINUOUS
10
1.0448007086614173
20
0.6310455511811024
11
1.0448784645669291
21
0.631051062992126
0
LINE
8
BLACK
6
CONTINUOUS
10
1.0448784645669291
20
0.631051062992126
11
1.0449807086614173
21
0.6310278346456692
0
LINE
8
BLACK
6
CONTINUOUS
10
1.0449807086614173
20
0.6310278346456692
11
1.0450852362204723
21
0.6310175196850394
0
LINE
8
BLACK
6
CONTINUOUS
10
1.0450852362204723
20
0.6310175196850394
11
1.0451573228346456
21
0.6309876771653543
0
LINE
8
BLACK
6
CONTINUOUS
10
1.0451573228346456
20
0.6309876771653543
11
1.0454429133858267
21
0.6309227165354331
0
LINE
8
BLACK
6
CONTINUOUS
10
1.0454429133858267
20
0.6309227165354331
11
1.0510672047244094
21
0.6290479527559055
0
LINE
8
BLACK
6
CONTINUOUS
10
1.0510672047244094
20
0.6290479527559055
11
1.0515957480314961
21
0.6288119685039369
0
LINE
8
BLACK
6
CONTINUOUS
10
1.0515957480314961
20
0.6288119685039369
11
1.0516758661417323
21
0.6287424803149606
0
LINE
8
BLACK
6
CONTINUOUS
10
1.0516758661417323
20
0.6287424803149606
11
1.051773937007874
21
0.6287018503937007
0
LINE
8
BLACK
6
CONTINUOUS
10
1.051773937007874
20
0.6287018503937007
11
1.0522213779527558
21
0.6283346456692913
0
LINE
8
BLACK
6
CONTINUOUS
10
1.0522213779527558
20
0.6283346456692913
11
1.0696779133858267
21
0.6108781496062992
0
LINE
8
BLACK
6
CONTINUOUS
10
1.0696779133858267
20
0.6108781496062992
11
1.0696779133858267
21
0.6281214960629921
0
LINE
8
BLACK
6
CONTINUOUS
10
1.0696779133858267
20
0.6281214960629921
11
1.0697346456692913
21
0.6286975590551181
0
LINE
8
BLACK
6
CONTINUOUS
10
1.0697346456692913
20
0.6286975590551181
11
1.0701755511811024
21
0.629761968503937
0
LINE
8
BLACK
6
CONTINUOUS
10
1.0701755511811024
20
0.629761968503937
11
1.0709901968503936
21
0.6305766141732283
0
LINE
8
BLACK
6
CONTINUOUS
10
1.0709901968503936
20
0.6305766141732283
11
1.0720546062992127
21
0.6310175196850394
0
LINE
8
BLACK
6
CONTINUOUS
10
1.0720546062992127
20
0.6310175196850394
11
1.0732067322834646
21
0.6310175196850394
0
LINE
8
BLACK
6
CONTINUOUS
10
1.0732067322834646
20
0.6310175196850394
11
1.0742711417322834
21
0.6305766141732283
0
LINE
8
BLACK
6
CONTINUOUS
10
1.0742711417322834
20
0.6305766141732283
11
1.0750857874015747
21
0.629761968503937
0
LINE
8
BLACK
6
CONTINUOUS
10
1.0750857874015747
20
0.629761968503937
11
1.0755266929133858
21
0.6286975590551181
0
LINE
8
BLACK
6
CONTINUOUS
10
1.0755266929133858
20
0.6286975590551181
11
1.0755834251968504
21
0.6281214960629921
0
LINE
8
BLACK
6
CONTINUOUS
10
1.0755834251968504
20
0.6281214960629921
11
1.0755834251968504
21
0.6037495669291338
0
LINE
8
BLACK
6
CONTINUOUS
10
1.0755834251968504
20
0.6037495669291338
11
1.0755266929133858
21
0.6031735039370079
0
LINE
8
BLACK
6
CONTINUOUS
10
1.0755266929133858
20
0.6031735039370079
11
1.0753975590551181
21
0.6028617716535433
0
LINE
8
BLACK
6
CONTINUOUS
10
1.0753975590551181
20
0.6028617716535433
11
1.0750858267716534
21
0.6021090944881889
0
LINE
8
BLACK
6
CONTINUOUS
10
1.0750858267716534
20
0.6021090944881889
11
1.0742711417322834
21
0.6012944488188976
0
LINE
8
BLACK
6
CONTINUOUS
10
1.0742711417322834
20
0.6012944488188976
11
1.0732067322834646
21
0.6008535433070866
0
LINE
8
BLACK
6
CONTINUOUS
10
1.0732067322834646
20
0.6008535433070866
11
1.0720546456692912
21
0.6008535433070866
0
LINE
8
BLACK
6
CONTINUOUS
10
1.0720546456692912
20
0.6008535433070866
11
1.0720546062992127
21
0.6008535433070866
0
LINE
8
BLACK
6
CONTINUOUS
10
1.0720546062992127
20
0.6008535433070866
11
1.0717428346456692
21
0.6009826771653544
0
LINE
8
BLACK
6
CONTINUOUS
10
1.0717428346456692
20
0.6009826771653544
11
1.0709901968503936
21
0.6012944094488188
0
LINE
8
BLACK
6
CONTINUOUS
10
1.0709901968503936
20
0.6012944094488188
11
1.0705427559055118
21
0.601661653543307
0
LINE
8
BLACK
6
CONTINUOUS
10
1.0705427559055118
20
0.601661653543307
11
1.0485384251968504
21
0.6236659448818898
0
LINE
8
BLACK
6
CONTINUOUS
10
1.0485384251968504
20
0.6236659448818898
11
1.0440300393700788
21
0.6251687401574803
0
LINE
8
BLACK
6
CONTINUOUS
10
1.0440300393700788
20
0.6251687401574803
11
1.0414566929133857
21
0.6251687401574803
0
LINE
8
BLACK
6
CONTINUOUS
10
1.0414566929133857
20
0.6251687401574803
11
1.0387592125984251
21
0.62382
0
LINE
8
BLACK
6
CONTINUOUS
10
1.0387592125984251
20
0.62382
11
1.0375620866141733
21
0.622622874015748
0
LINE
8
BLACK
6
CONTINUOUS
10
1.0375620866141733
20
0.622622874015748
11
1.0362133464566929
21
0.6199253937007874
0
LINE
8
BLACK
6
CONTINUOUS
10
1.0362133464566929
20
0.6199253937007874
11
1.0362133464566929
21
0.6119456692913385
0
LINE
8
BLACK
6
CONTINUOUS
10
1.0362133464566929
20
0.6119456692913385
11
1.0375620866141733
21
0.6092481889763779
0
LINE
8
BLACK
6
CONTINUOUS
10
1.0375620866141733
20
0.6092481889763779
11
1.0390980314960629
21
0.6077122440944882
0
LINE
8
BLACK
6
CONTINUOUS
10
1.0390980314960629
20
0.6077122440944882
11
1.0394652362204724
21
0.6072648031496063
0
LINE
8
BLACK
6
CONTINUOUS
10
1.0394652362204724
20
0.6072648031496063
11
1.0399061417322835
21
0.6062003937007874
0
LINE
8
BLACK
6
CONTINUOUS
10
1.0399061417322835
20
0.6062003937007874
11
1.0399061417322835
21
0.6050483070866142
0
LINE
8
BLACK
6
CONTINUOUS
10
1.0399061417322835
20
0.6050483070866142
11
1.0394652362204724
21
0.6039838976377953
0
LINE
8
BLACK
6
CONTINUOUS
10
1.0394652362204724
20
0.6039838976377953
11
1.0386505511811024
21
0.6031692125984252
0
LINE
8
BLACK
6
CONTINUOUS
10
1.0386505511811024
20
0.6031692125984252
11
1.0375861417322834
21
0.6027283070866142
0
LINE
8
BLACK
6
CONTINUOUS
10
1.0375861417322834
20
0.6027283070866142
11
1.0364340551181102
21
0.6027283070866142
0
LINE
8
BLACK
6
CONTINUOUS
10
1.0364340551181102
20
0.6027283070866142
11
1.0353696456692913
21
0.6031692125984252
0
LINE
8
BLACK
6
CONTINUOUS
10
1.0353696456692913
20
0.6031692125984252
11
1.0349222047244093
21
0.6035364173228346
0
LINE
8
BLACK
6
CONTINUOUS
10
1.0349222047244093
20
0.6035364173228346
11
1.0330474409448818
21
0.6054111811023621
0
LINE
8
BLACK
6
CONTINUOUS
10
1.0330474409448818
20
0.6054111811023621
11
1.0328616535433071
21
0.6056375590551181
0
LINE
8
BLACK
6
CONTINUOUS
10
1.0328616535433071
20
0.6056375590551181
11
1.0328026771653542
21
0.6056887007874016
0
LINE
8
BLACK
6
CONTINUOUS
10
1.0328026771653542
20
0.6056887007874016
11
1.0327466929133857
21
0.6057776771653544
0
LINE
8
BLACK
6
CONTINUOUS
10
1.0327466929133857
20
0.6057776771653544
11
1.0326802362204723
21
0.6058586220472441
0
LINE
8
BLACK
6
CONTINUOUS
10
1.0326802362204723
20
0.6058586220472441
11
1.0326503937007874
21
0.605930590551181
0
LINE
8
BLACK
6
CONTINUOUS
10
1.0326503937007874
20
0.605930590551181
11
1.0324943307086614
21
0.6061785826771653
0
LINE
8
BLACK
6
CONTINUOUS
10
1.0324943307086614
20
0.6061785826771653
11
1.0306195669291338
21
0.6099281102362205
0
LINE
8
BLACK
6
CONTINUOUS
10
1.0306195669291338
20
0.6099281102362205
11
1.0304126771653543
21
0.6104687401574803
0
LINE
8
BLACK
6
CONTINUOUS
10
1.0304126771653543
20
0.6104687401574803
11
1.030405157480315
21
0.6105745669291338
0
LINE
8
BLACK
6
CONTINUOUS
10
1.030405157480315
20
0.6105745669291338
11
1.0303645669291339
21
0.6106725590551181
0
LINE
8
BLACK
6
CONTINUOUS
10
1.0303645669291339
20
0.6106725590551181
11
1.0303078346456693
21
0.6112486220472441
0
LINE
8
BLACK
6
CONTINUOUS
10
1.0303078346456693
20
0.6112486220472441
11
1.0303078346456693
21
0.6206224409448818
0
LINE
8
BLACK
6
CONTINUOUS
10
1.0303078346456693
20
0.6206224409448818
11
1.0303645669291339
21
0.6211985039370078
0
LINE
8
BLACK
6
CONTINUOUS
10
1.0303645669291339
20
0.6211985039370078
11
1.030405157480315
21
0.6212965354330708
0
LINE
8
BLACK
6
CONTINUOUS
10
1.030405157480315
20
0.6212965354330708
11
1.0304126771653543
21
0.6214023228346457
0
LINE
8
BLACK
6
CONTINUOUS
10
1.0304126771653543
20
0.6214023228346457
11
1.0306195669291338
21
0.6219429527559055
0
LINE
8
BLACK
6
CONTINUOUS
10
1.0306195669291338
20
0.6219429527559055
11
1.0324943307086614
21
0.6256924803149606
0
LINE
8
BLACK
6
CONTINUOUS
10
1.0324943307086614
20
0.6256924803149606
11
1.0326503937007874
21
0.6259405118110236
0
LINE
8
BLACK
6
CONTINUOUS
10
1.0326503937007874
20
0.6259405118110236
11
1.0326802362204723
21
0.6260124409448818
0
LINE
8
BLACK
6
CONTINUOUS
10
1.0326802362204723
20
0.6260124409448818
11
1.0327466929133857
21
0.6260934251968504
0
LINE
8
BLACK
6
CONTINUOUS
10
1.0327466929133857
20
0.6260934251968504
11
1.0328026771653542
21
0.6261823622047243
0
LINE
8
BLACK
6
CONTINUOUS
10
1.0328026771653542
20
0.6261823622047243
11
1.0328616535433071
21
0.6262335433070866
0
LINE
8
BLACK
6
CONTINUOUS
10
1.0328616535433071
20
0.6262335433070866
11
1.0330474409448818
21
0.6264598818897638
0
LINE
8
BLACK
6
CONTINUOUS
10
1.0330474409448818
20
0.6264598818897638
11
1.0349222047244093
21
0.6283346456692913
0
LINE
8
BLACK
6
CONTINUOUS
10
1.0349222047244093
20
0.6283346456692913
11
1.0351485433070866
21
0.6285204330708661
0
LINE
8
BLACK
6
CONTINUOUS
10
1.0351485433070866
20
0.6285204330708661
11
1.0351997244094489
21
0.6285794094488188
0
LINE
8
BLACK
6
CONTINUOUS
10
1.0351997244094489
20
0.6285794094488188
11
1.0352886614173229
21
0.6286353937007874
0
LINE
8
BLACK
6
CONTINUOUS
10
1.0352886614173229
20
0.6286353937007874
11
1.0353696456692913
21
0.6287018503937007
0
LINE
8
BLACK
6
CONTINUOUS
10
1.0353696456692913
20
0.6287018503937007
11
1.0354415748031496
21
0.6287316929133858
0
LINE
8
BLACK
6
CONTINUOUS
10
1.0354415748031496
20
0.6287316929133858
11
1.0356896062992125
21
0.6288877559055118
0
LINE
8
BLACK
6
CONTINUOUS
10
1.0356896062992125
20
0.6288877559055118
11
1.0394391338582676
21
0.6307625196850394
0
LINE
8
BLACK
6
CONTINUOUS
10
1.0394391338582676
20
0.6307625196850394
11
1.0399797244094489
21
0.6309694094488189
0
LINE
8
BLACK
6
CONTINUOUS
10
1.0399797244094489
20
0.6309694094488189
11
1.040085590551181
21
0.630976968503937
0
LINE
8
BLACK
6
CONTINUOUS
10
1.040085590551181
20
0.630976968503937
11
1.0401835826771653
21
0.6310175196850394
0
LINE
8
BLACK
6
CONTINUOUS
10
1.0401835826771653
20
0.6310175196850394
11
1.0407596456692914
21
0.631074251968504
0
LINE
8
BLACK
6
CONTINUOUS
10
1.0407596456692914
20
0.631074251968504
11
1.0445091732283465
21
0.631074251968504
0
LINE
8
BLACK
6
CONTINUOUS
10
1.0445091732283465
20
0.631074251968504
11
1.0448007086614173
21
0.6310455511811024
0
LINE
8
BLACK
6
CONTINUOUS
10
-0.3267932677165354
20
0.6928848425196851
11
-0.3257288582677165
21
0.692443937007874
0
LINE
8
BLACK
6
CONTINUOUS
10
-0.3257288582677165
20
0.692443937007874
11
-0.3249142125984252
21
0.6916292913385826
0
LINE
8
BLACK
6
CONTINUOUS
10
-0.3249142125984252
20
0.6916292913385826
11
-0.3244733070866141
21
0.6905648818897637
0
LINE
8
BLACK
6
CONTINUOUS
10
-0.3244733070866141
20
0.6905648818897637
11
-0.3244733070866141
21
0.6894127559055118
0
LINE
8
BLACK
6
CONTINUOUS
10
-0.3244733070866141
20
0.6894127559055118
11
-0.3249142125984252
21
0.6883483464566929
0
LINE
8
BLACK
6
CONTINUOUS
10
-0.3249142125984252
20
0.6883483464566929
11
-0.3257288582677165
21
0.6875337007874016
0
LINE
8
BLACK
6
CONTINUOUS
10
-0.3257288582677165
20
0.6875337007874016
11
-0.3267932677165354
21
0.6870927952755905
0
LINE
8
BLACK
6
CONTINUOUS
10
-0.3267932677165354
20
0.6870927952755905
11
-0.3273693307086614
21
0.6870360629921259
0
LINE
8
BLACK
6
CONTINUOUS
10
-0.3273693307086614
20
0.6870360629921259
11
-0.3472947244094488
21
0.6870360629921259
0
LINE
8
BLACK
6
CONTINUOUS
10
-0.3472947244094488
20
0.6870360629921259
11
-0.3495404724409449
21
0.6859132283464566
0
LINE
8
BLACK
6
CONTINUOUS
10
-0.3495404724409449
20
0.6859132283464566
11
-0.3506633070866141
21
0.6836674803149606
0
LINE
8
BLACK
6
CONTINUOUS
10
-0.3506633070866141
20
0.6836674803149606
11
-0.3506633070866141
21
0.6794372440944881
0
LINE
8
BLACK
6
CONTINUOUS
10
-0.3506633070866141
20
0.6794372440944881
11
-0.3495404724409449
21
0.6771915354330709
0
LINE
8
BLACK
6
CONTINUOUS
10
-0.3495404724409449
20
0.6771915354330709
11
-0.3472947244094488
21
0.6760686614173228
0
LINE
8
BLACK
6
CONTINUOUS
10
-0.3472947244094488
20
0.6760686614173228
11
-0.3273693307086614
21
0.6760686614173228
0
LINE
8
BLACK
6
CONTINUOUS
10
-0.3273693307086614
20
0.6760686614173228
11
-0.3267932677165354
21
0.6760119291338582
0
LINE
8
BLACK
6
CONTINUOUS
10
-0.3267932677165354
20
0.6760119291338582
11
-0.3257288582677165
21
0.6755710236220472
0
LINE
8
BLACK
6
CONTINUOUS
10
-0.3257288582677165
20
0.6755710236220472
11
-0.3249142125984252
21
0.6747563779527559
0
LINE
8
BLACK
6
CONTINUOUS
10
-0.3249142125984252
20
0.6747563779527559
11
-0.3244733070866141
21
0.673691968503937
0
LINE
8
BLACK
6
CONTINUOUS
10
-0.3244733070866141
20
0.673691968503937
11
-0.3244733070866141
21
0.672539842519685
0
LINE
8
BLACK
6
CONTINUOUS
10
-0.3244733070866141
20
0.672539842519685
11
-0.3249142125984252
21
0.6714754330708661
0
LINE
8
BLACK
6
CONTINUOUS
10
-0.3249142125984252
20
0.6714754330708661
11
-0.3257288582677165
21
0.6706607874015748
0
LINE
8
BLACK
6
CONTINUOUS
10
-0.3257288582677165
20
0.6706607874015748
11
-0.3267932677165354
21
0.6702198818897638
0
LINE
8
BLACK
6
CONTINUOUS
10
-0.3267932677165354
20
0.6702198818897638
11
-0.3273693307086614
21
0.6701631496062992
0
LINE
8
BLACK
6
CONTINUOUS
10
-0.3273693307086614
20
0.6701631496062992
11
-0.3472947244094488
21
0.6701631496062992
0
LINE
8
BLACK
6
CONTINUOUS
10
-0.3472947244094488
20
0.6701631496062992
11
-0.3495404724409449
21
0.6690403149606299
0
LINE
8
BLACK
6
CONTINUOUS
10
-0.3495404724409449
20
0.6690403149606299
11
-0.3506633070866141
21
0.6667945669291339
0
LINE
8
BLACK
6
CONTINUOUS
10
-0.3506633070866141
20
0.6667945669291339
11
-0.3506633070866141
21
0.6625643700787401
0
LINE
8
BLACK
6
CONTINUOUS
10
-0.3506633070866141
20
0.6625643700787401
11
-0.3493145669291339
21
0.6598668897637795
0
LINE
8
BLACK
6
CONTINUOUS
10
-0.3493145669291339
20
0.6598668897637795
11
-0.3486434645669291
21
0.6591957874015748
0
LINE
8
BLACK
6
CONTINUOUS
10
-0.3486434645669291
20
0.6591957874015748
11
-0.3273693307086614
21
0.6591957874015748
0
LINE
8
BLACK
6
CONTINUOUS
10
-0.3273693307086614
20
0.6591957874015748
11
-0.3267932677165354
21
0.6591390551181102
0
LINE
8
BLACK
6
CONTINUOUS
10
-0.3267932677165354
20
0.6591390551181102
11
-0.3257288582677165
21
0.6586981496062992
0
LINE
8
BLACK
6
CONTINUOUS
10
-0.3257288582677165
20
0.6586981496062992
11
-0.3249142125984252
21
0.6578835039370079
0
LINE
8
BLACK
6
CONTINUOUS
10
-0.3249142125984252
20
0.6578835039370079
11
-0.3244733070866141
21
0.656819094488189
0
LINE
8
BLACK
6
CONTINUOUS
10
-0.3244733070866141
20
0.656819094488189
11
-0.3244733070866141
21
0.655666968503937
0
LINE
8
BLACK
6
CONTINUOUS
10
-0.3244733070866141
20
0.655666968503937
11
-0.3249142125984252
21
0.6546025590551181
0
LINE
8
BLACK
6
CONTINUOUS
10
-0.3249142125984252
20
0.6546025590551181
11
-0.3257288582677165
21
0.6537879133858268
0
LINE
8
BLACK
6
CONTINUOUS
10
-0.3257288582677165
20
0.6537879133858268
11
-0.3267932677165354
21
0.6533470078740158
0
LINE
8
BLACK
6
CONTINUOUS
10
-0.3267932677165354
20
0.6533470078740158
11
-0.3273693307086614
21
0.6532902755905512
0
LINE
8
BLACK
6
CONTINUOUS
10
-0.3273693307086614
20
0.6532902755905512
11
-0.353616062992126
21
0.6532902755905512
0
LINE
8
BLACK
6
CONTINUOUS
10
-0.353616062992126
20
0.6532902755905512
11
-0.354192125984252
21
0.6533470078740158
0
LINE
8
BLACK
6
CONTINUOUS
10
-0.354192125984252
20
0.6533470078740158
11
-0.3552565354330708
21
0.6537879133858268
0
LINE
8
BLACK
6
CONTINUOUS
10
-0.3552565354330708
20
0.6537879133858268
11
-0.3560711811023622
21
0.6546025590551181
0
LINE
8
BLACK
6
CONTINUOUS
10
-0.3560711811023622
20
0.6546025590551181
11
-0.3565120866141732
21
0.655666968503937
0
LINE
8
BLACK
6
CONTINUOUS
10
-0.3565120866141732
20
0.655666968503937
11
-0.3565120866141732
21
0.656819094488189
0
LINE
8
BLACK
6
CONTINUOUS
10
-0.3565120866141732
20
0.656819094488189
11
-0.3560711811023622
21
0.6578835039370079
0
LINE
8
BLACK
6
CONTINUOUS
10
-0.3560711811023622
20
0.6578835039370079
11
-0.3553073622047244
21
0.6586473622047244
0
LINE
8
BLACK
6
CONTINUOUS
10
-0.3553073622047244
20
0.6586473622047244
11
-0.3562570866141732
21
0.660546811023622
0
LINE
8
BLACK
6
CONTINUOUS
10
-0.3562570866141732
20
0.660546811023622
11
-0.3564639763779527
21
0.6610874409448819
0
LINE
8
BLACK
6
CONTINUOUS
10
-0.3564639763779527
20
0.6610874409448819
11
-0.3564714960629921
21
0.6611932677165354
0
LINE
8
BLACK
6
CONTINUOUS
10
-0.3564714960629921
20
0.6611932677165354
11
-0.3565120866141732
21
0.6612912598425197
0
LINE
8
BLACK
6
CONTINUOUS
10
-0.3565120866141732
20
0.6612912598425197
11
-0.3565688188976378
21
0.6618673228346457
0
LINE
8
BLACK
6
CONTINUOUS
10
-0.3565688188976378
20
0.6618673228346457
11
-0.3565688188976378
21
0.6674916141732283
0
LINE
8
BLACK
6
CONTINUOUS
10
-0.3565688188976378
20
0.6674916141732283
11
-0.3565120866141732
21
0.6680676771653543
0
LINE
8
BLACK
6
CONTINUOUS
10
-0.3565120866141732
20
0.6680676771653543
11
-0.3564714960629921
21
0.6681657086614173
0
LINE
8
BLACK
6
CONTINUOUS
10
-0.3564714960629921
20
0.6681657086614173
11
-0.3564639763779527
21
0.6682714960629921
0
LINE
8
BLACK
6
CONTINUOUS
10
-0.3564639763779527
20
0.6682714960629921
11
-0.3562570866141732
21
0.668812125984252
0
LINE
8
BLACK
6
CONTINUOUS
10
-0.3562570866141732
20
0.668812125984252
11
-0.3543823228346457
21
0.6725616535433071
0
LINE
8
BLACK
6
CONTINUOUS
10
-0.3543823228346457
20
0.6725616535433071
11
-0.3543216929133858
21
0.672658031496063
0
LINE
8
BLACK
6
CONTINUOUS
10
-0.3543216929133858
20
0.672658031496063
11
-0.3543065354330708
21
0.6727034251968503
0
LINE
8
BLACK
6
CONTINUOUS
10
-0.3543065354330708
20
0.6727034251968503
11
-0.3542575196850394
21
0.67276
0
LINE
8
BLACK
6
CONTINUOUS
10
-0.3542575196850394
20
0.67276
11
-0.3540739763779527
21
0.6730515354330708
0
LINE
8
BLACK
6
CONTINUOUS
10
-0.3540739763779527
20
0.6730515354330708
11
-0.3539997637795276
21
0.673115905511811
0
LINE
8
BLACK
6
CONTINUOUS
10
-0.3539997637795276
20
0.673115905511811
11
-0.3540739763779527
21
0.6731802755905512
0
LINE
8
BLACK
6
CONTINUOUS
10
-0.3540739763779527
20
0.6731802755905512
11
-0.3542575196850394
21
0.6734718503937007
0
LINE
8
BLACK
6
CONTINUOUS
10
-0.3542575196850394
20
0.6734718503937007
11
-0.3543065354330708
21
0.6735283858267717
0
LINE
8
BLACK
6
CONTINUOUS
10
-0.3543065354330708
20
0.6735283858267717
11
-0.3543216929133858
21
0.6735738188976378
0
LINE
8
BLACK
6
CONTINUOUS
10
-0.3543216929133858
20
0.6735738188976378
11
-0.3543823228346457
21
0.6736701574803149
0
LINE
8
BLACK
6
CONTINUOUS
10
-0.3543823228346457
20
0.6736701574803149
11
-0.3562570866141732
21
0.6774196850393701
0
LINE
8
BLACK
6
CONTINUOUS
10
-0.3562570866141732
20
0.6774196850393701
11
-0.3564639763779527
21
0.6779603149606299
0
LINE
8
BLACK
6
CONTINUOUS
10
-0.3564639763779527
20
0.6779603149606299
11
-0.3564714960629921
21
0.6780661417322834
0
LINE
8
BLACK
6
CONTINUOUS
10
-0.3564714960629921
20
0.6780661417322834
11
-0.3565120866141732
21
0.6781641338582677
0
LINE
8
BLACK
6
CONTINUOUS
10
-0.3565120866141732
20
0.6781641338582677
11
-0.3565688188976378
21
0.6787401968503937
0
LINE
8
BLACK
6
CONTINUOUS
10
-0.3565688188976378
20
0.6787401968503937
11
-0.3565688188976378
21
0.6843644881889763
0
LINE
8
BLACK
6
CONTINUOUS
10
-0.3565688188976378
20
0.6843644881889763
11
-0.3565120866141732
21
0.6849405511811023
0
LINE
8
BLACK
6
CONTINUOUS
10
-0.3565120866141732
20
0.6849405511811023
11
-0.3564714960629921
21
0.6850385826771653
0
LINE
8
BLACK
6
CONTINUOUS
10
-0.3564714960629921
20
0.6850385826771653
11
-0.3564639763779527
21
0.6851443700787402
0
LINE
8
BLACK
6
CONTINUOUS
10
-0.3564639763779527
20
0.6851443700787402
11
-0.3562570866141732
21
0.685685
0
LINE
8
BLACK
6
CONTINUOUS
10
-0.3562570866141732
20
0.685685
11
-0.3543823228346457
21
0.6894345669291339
0
LINE
8
BLACK
6
CONTINUOUS
10
-0.3543823228346457
20
0.6894345669291339
11
-0.3543216929133858
21
0.689530905511811
0
LINE
8
BLACK
6
CONTINUOUS
10
-0.3543216929133858
20
0.689530905511811
11
-0.3543065354330708
21
0.6895763385826772
0
LINE
8
BLACK
6
CONTINUOUS
10
-0.3543065354330708
20
0.6895763385826772
11
-0.3542574803149606
21
0.6896329527559055
0
LINE
8
BLACK
6
CONTINUOUS
10
-0.3542574803149606
20
0.6896329527559055
11
-0.3540739763779527
21
0.6899244094488188
0
LINE
8
BLACK
6
CONTINUOUS
10
-0.3540739763779527
20
0.6899244094488188
11
-0.3537943700787402
21
0.6901669291338582
0
LINE
8
BLACK
6
CONTINUOUS
10
-0.3537943700787402
20
0.6901669291338582
11
-0.3535516929133858
21
0.6904467322834645
0
LINE
8
BLACK
6
CONTINUOUS
10
-0.3535516929133858
20
0.6904467322834645
11
-0.353260157480315
21
0.6906302755905511
0
LINE
8
BLACK
6
CONTINUOUS
10
-0.353260157480315
20
0.6906302755905511
11
-0.3532035826771653
21
0.6906792913385826
0
LINE
8
BLACK
6
CONTINUOUS
10
-0.3532035826771653
20
0.6906792913385826
11
-0.353158188976378
21
0.6906944488188976
0
LINE
8
BLACK
6
CONTINUOUS
10
-0.353158188976378
20
0.6906944488188976
11
-0.3530618110236221
21
0.6907550787401575
0
LINE
8
BLACK
6
CONTINUOUS
10
-0.3530618110236221
20
0.6907550787401575
11
-0.3493122834645669
21
0.6926298425196851
0
LINE
8
BLACK
6
CONTINUOUS
10
-0.3493122834645669
20
0.6926298425196851
11
-0.3487716929133858
21
0.6928367322834645
0
LINE
8
BLACK
6
CONTINUOUS
10
-0.3487716929133858
20
0.6928367322834645
11
-0.3486658267716535
21
0.6928442913385826
0
LINE
8
BLACK
6
CONTINUOUS
10
-0.3486658267716535
20
0.6928442913385826
11
-0.3485678346456693
21
0.6928848425196851
0
LINE
8
BLACK
6
CONTINUOUS
10
-0.3485678346456693
20
0.6928848425196851
11
-0.3479917716535433
21
0.6929415748031496
0
LINE
8
BLACK
6
CONTINUOUS
10
-0.3479917716535433
20
0.6929415748031496
11
-0.3273693307086614
21
0.6929415748031496
0
LINE
8
BLACK
6
CONTINUOUS
10
-0.3273693307086614
20
0.6929415748031496
11
-0.3267932677165354
21
0.6928848425196851
0
LINE
8
BLACK
6
CONTINUOUS
10
1.0732067322834646
20
0.7116324803149606
11
1.0742711417322834
21
0.7111915748031495
0
LINE
8
BLACK
6
CONTINUOUS
10
1.0742711417322834
20
0.7111915748031495
11
1.0750857874015747
21
0.7103769291338583
0
LINE
8
BLACK
6
CONTINUOUS
10
1.0750857874015747
20
0.7103769291338583
11
1.0755266929133858
21
0.7093125196850394
0
LINE
8
BLACK
6
CONTINUOUS
10
1.0755266929133858
20
0.7093125196850394
11
1.0755266929133858
21
0.7081603937007874
0
LINE
8
BLACK
6
CONTINUOUS
10
1.0755266929133858
20
0.7081603937007874
11
1.0750857874015747
21
0.7070959842519685
0
LINE
8
BLACK
6
CONTINUOUS
10
1.0750857874015747
20
0.7070959842519685
11
1.0742711417322834
21
0.7062813385826772
0
LINE
8
BLACK
6
CONTINUOUS
10
1.0742711417322834
20
0.7062813385826772
11
1.0732067322834646
21
0.7058404330708661
0
LINE
8
BLACK
6
CONTINUOUS
10
1.0732067322834646
20
0.7058404330708661
11
1.0726306692913385
21
0.7057837007874016
0
LINE
8
BLACK
6
CONTINUOUS
10
1.0726306692913385
20
0.7057837007874016
11
1.052705275590551
21
0.7057837007874016
0
LINE
8
BLACK
6
CONTINUOUS
10
1.052705275590551
20
0.7057837007874016
11
1.0504595275590551
21
0.7046608661417323
0
LINE
8
BLACK
6
CONTINUOUS
10
1.0504595275590551
20
0.7046608661417323
11
1.0493366929133858
21
0.7024151181102362
0
LINE
8
BLACK
6
CONTINUOUS
10
1.0493366929133858
20
0.7024151181102362
11
1.0493366929133858
21
0.6981848818897638
0
LINE
8
BLACK
6
CONTINUOUS
10
1.0493366929133858
20
0.6981848818897638
11
1.0504595275590551
21
0.6959391732283464
0
LINE
8
BLACK
6
CONTINUOUS
10
1.0504595275590551
20
0.6959391732283464
11
1.052705275590551
21
0.6948162992125984
0
LINE
8
BLACK
6
CONTINUOUS
10
1.052705275590551
20
0.6948162992125984
11
1.0726306692913385
21
0.6948162992125984
0
LINE
8
BLACK
6
CONTINUOUS
10
1.0726306692913385
20
0.6948162992125984
11
1.0732067322834646
21
0.6947595669291339
0
LINE
8
BLACK
6
CONTINUOUS
10
1.0732067322834646
20
0.6947595669291339
11
1.0742711417322834
21
0.6943186614173228
0
LINE
8
BLACK
6
CONTINUOUS
10
1.0742711417322834
20
0.6943186614173228
11
1.0750857874015747
21
0.6935040157480314
0
LINE
8
BLACK
6
CONTINUOUS
10
1.0750857874015747
20
0.6935040157480314
11
1.0755266929133858
21
0.6924396062992125
0
LINE
8
BLACK
6
CONTINUOUS
10
1.0755266929133858
20
0.6924396062992125
11
1.0755266929133858
21
0.6912874803149606
0
LINE
8
BLACK
6
CONTINUOUS
10
1.0755266929133858
20
0.6912874803149606
11
1.0750857874015747
21
0.6902230708661418
0
LINE
8
BLACK
6
CONTINUOUS
10
1.0750857874015747
20
0.6902230708661418
11
1.0742711417322834
21
0.6894084251968504
0
LINE
8
BLACK
6
CONTINUOUS
10
1.0742711417322834
20
0.6894084251968504
11
1.0732067322834646
21
0.6889675196850393
0
LINE
8
BLACK
6
CONTINUOUS
10
1.0732067322834646
20
0.6889675196850393
11
1.0726306692913385
21
0.6889107874015747
0
LINE
8
BLACK
6
CONTINUOUS
10
1.0726306692913385
20
0.6889107874015747
11
1.052705275590551
21
0.6889107874015747
0
LINE
8
BLACK
6
CONTINUOUS
10
1.052705275590551
20
0.6889107874015747
11
1.0504595275590551
21
0.6877879527559055
0
LINE
8
BLACK
6
CONTINUOUS
10
1.0504595275590551
20
0.6877879527559055
11
1.0493366929133858
21
0.6855422047244094
0
LINE
8
BLACK
6
CONTINUOUS
10
1.0493366929133858
20
0.6855422047244094
11
1.0493366929133858
21
0.6813120078740157
0
LINE
8
BLACK
6
CONTINUOUS
10
1.0493366929133858
20
0.6813120078740157
11
1.0506854330708661
21
0.678614527559055
0
LINE
8
BLACK
6
CONTINUOUS
10
1.0506854330708661
20
0.678614527559055
11
1.0513565354330709
21
0.6779434251968504
0
LINE
8
BLACK
6
CONTINUOUS
10
1.0513565354330709
20
0.6779434251968504
11
1.0726306692913385
21
0.6779434251968504
0
LINE
8
BLACK
6
CONTINUOUS
10
1.0726306692913385
20
0.6779434251968504
11
1.0732067322834646
21
0.6778866929133858
0
LINE
8
BLACK
6
CONTINUOUS
10
1.0732067322834646
20
0.6778866929133858
11
1.0742711417322834
21
0.6774457874015748
0
LINE
8
BLACK
6
CONTINUOUS
10
1.0742711417322834
20
0.6774457874015748
11
1.0750857874015747
21
0.6766311417322834
0
LINE
8
BLACK
6
CONTINUOUS
10
1.0750857874015747
20
0.6766311417322834
11
1.0755266929133858
21
0.6755667322834645
0
LINE
8
BLACK
6
CONTINUOUS
10
1.0755266929133858
20
0.6755667322834645
11
1.0755266929133858
21
0.6744146062992126
0
LINE
8
BLACK
6
CONTINUOUS
10
1.0755266929133858
20
0.6744146062992126
11
1.0750857874015747
21
0.6733501968503937
0
LINE
8
BLACK
6
CONTINUOUS
10
1.0750857874015747
20
0.6733501968503937
11
1.0742711417322834
21
0.6725355511811023
0
LINE
8
BLACK
6
CONTINUOUS
10
1.0742711417322834
20
0.6725355511811023
11
1.0732067322834646
21
0.6720946456692913
0
LINE
8
BLACK
6
CONTINUOUS
10
1.0732067322834646
20
0.6720946456692913
11
1.0726306692913385
21
0.6720379133858267
0
LINE
8
BLACK
6
CONTINUOUS
10
1.0726306692913385
20
0.6720379133858267
11
1.046383937007874
21
0.6720379133858267
0
LINE
8
BLACK
6
CONTINUOUS
10
1.046383937007874
20
0.6720379133858267
11
1.0458078740157479
21
0.6720946456692913
0
LINE
8
BLACK
6
CONTINUOUS
10
1.0458078740157479
20
0.6720946456692913
11
1.0447434645669291
21
0.6725355511811023
0
LINE
8
BLACK
6
CONTINUOUS
10
1.0447434645669291
20
0.6725355511811023
11
1.0439288188976377
21
0.6733501968503937
0
LINE
8
BLACK
6
CONTINUOUS
10
1.0439288188976377
20
0.6733501968503937
11
1.0434879133858268
21
0.6744146062992126
0
LINE
8
BLACK
6
CONTINUOUS
10
1.0434879133858268
20
0.6744146062992126
11
1.0434879133858268
21
0.6755667322834645
0
LINE
8
BLACK
6
CONTINUOUS
10
1.0434879133858268
20
0.6755667322834645
11
1.0439288188976377
21
0.6766311417322834
0
LINE
8
BLACK
6
CONTINUOUS
10
1.0439288188976377
20
0.6766311417322834
11
1.0446926377952757
21
0.677395
0
LINE
8
BLACK
6
CONTINUOUS
10
1.0446926377952757
20
0.677395
11
1.0437429133858267
21
0.6792944488188977
0
LINE
8
BLACK
6
CONTINUOUS
10
1.0437429133858267
20
0.6792944488188977
11
1.0435360236220472
21
0.6798350787401575
0
LINE
8
BLACK
6
CONTINUOUS
10
1.0435360236220472
20
0.6798350787401575
11
1.0435285039370079
21
0.679940905511811
0
LINE
8
BLACK
6
CONTINUOUS
10
1.0435285039370079
20
0.679940905511811
11
1.0434879133858268
21
0.6800388976377952
0
LINE
8
BLACK
6
CONTINUOUS
10
1.0434879133858268
20
0.6800388976377952
11
1.0434311811023622
21
0.6806149606299212
0
LINE
8
BLACK
6
CONTINUOUS
10
1.0434311811023622
20
0.6806149606299212
11
1.0434311811023622
21
0.6862392519685039
0
LINE
8
BLACK
6
CONTINUOUS
10
1.0434311811023622
20
0.6862392519685039
11
1.0434879133858268
21
0.6868153149606299
0
LINE
8
BLACK
6
CONTINUOUS
10
1.0434879133858268
20
0.6868153149606299
11
1.0435285039370079
21
0.6869133464566929
0
LINE
8
BLACK
6
CONTINUOUS
10
1.0435285039370079
20
0.6869133464566929
11
1.0435360236220472
21
0.6870191338582677
0
LINE
8
BLACK
6
CONTINUOUS
10
1.0435360236220472
20
0.6870191338582677
11
1.0437429133858267
21
0.6875597637795275
0
LINE
8
BLACK
6
CONTINUOUS
10
1.0437429133858267
20
0.6875597637795275
11
1.0456176771653543
21
0.6913092913385827
0
LINE
8
BLACK
6
CONTINUOUS
10
1.0456176771653543
20
0.6913092913385827
11
1.0456783070866142
21
0.6914056692913386
0
LINE
8
BLACK
6
CONTINUOUS
10
1.0456783070866142
20
0.6914056692913386
11
1.0456934645669291
21
0.691451062992126
0
LINE
8
BLACK
6
CONTINUOUS
10
1.0456934645669291
20
0.691451062992126
11
1.0457424803149606
21
0.6915076377952756
0
LINE
8
BLACK
6
CONTINUOUS
10
1.0457424803149606
20
0.6915076377952756
11
1.0459260236220471
21
0.6917991732283464
0
LINE
8
BLACK
6
CONTINUOUS
10
1.0459260236220471
20
0.6917991732283464
11
1.0460002362204723
21
0.6918635433070865
0
LINE
8
BLACK
6
CONTINUOUS
10
1.0460002362204723
20
0.6918635433070865
11
1.0459260236220471
21
0.6919279133858267
0
LINE
8
BLACK
6
CONTINUOUS
10
1.0459260236220471
20
0.6919279133858267
11
1.0457424803149606
21
0.6922194881889764
0
LINE
8
BLACK
6
CONTINUOUS
10
1.0457424803149606
20
0.6922194881889764
11
1.0456934645669291
21
0.6922760236220472
0
LINE
8
BLACK
6
CONTINUOUS
10
1.0456934645669291
20
0.6922760236220472
11
1.0456783070866142
21
0.6923214566929133
0
LINE
8
BLACK
6
CONTINUOUS
10
1.0456783070866142
20
0.6923214566929133
11
1.0456176771653543
21
0.6924177952755906
0
LINE
8
BLACK
6
CONTINUOUS
10
1.0456176771653543
20
0.6924177952755906
11
1.0437429133858267
21
0.6961673228346457
0
LINE
8
BLACK
6
CONTINUOUS
10
1.0437429133858267
20
0.6961673228346457
11
1.0435360236220472
21
0.6967079527559055
0
LINE
8
BLACK
6
CONTINUOUS
10
1.0435360236220472
20
0.6967079527559055
11
1.0435285039370079
21
0.6968137795275591
0
LINE
8
BLACK
6
CONTINUOUS
10
1.0435285039370079
20
0.6968137795275591
11
1.0434879133858268
21
0.6969117716535433
0
LINE
8
BLACK
6
CONTINUOUS
10
1.0434879133858268
20
0.6969117716535433
11
1.0434311811023622
21
0.6974878346456693
0
LINE
8
BLACK
6
CONTINUOUS
10
1.0434311811023622
20
0.6974878346456693
11
1.0434311811023622
21
0.703112125984252
0
LINE
8
BLACK
6
CONTINUOUS
10
1.0434311811023622
20
0.703112125984252
11
1.0434879133858268
21
0.703688188976378
0
LINE
8
BLACK
6
CONTINUOUS
10
1.0434879133858268
20
0.703688188976378
11
1.0435285039370079
21
0.7037862204724409
0
LINE
8
BLACK
6
CONTINUOUS
10
1.0435285039370079
20
0.7037862204724409
11
1.0435360236220472
21
0.7038920078740157
0
LINE
8
BLACK
6
CONTINUOUS
10
1.0435360236220472
20
0.7038920078740157
11
1.0437429133858267
21
0.7044326377952755
0
LINE
8
BLACK
6
CONTINUOUS
10
1.0437429133858267
20
0.7044326377952755
11
1.0456176771653543
21
0.7081822047244094
0
LINE
8
BLACK
6
CONTINUOUS
10
1.0456176771653543
20
0.7081822047244094
11
1.0456783070866142
21
0.7082785433070866
0
LINE
8
BLACK
6
CONTINUOUS
10
1.0456783070866142
20
0.7082785433070866
11
1.0456934645669291
21
0.7083239763779527
0
LINE
8
BLACK
6
CONTINUOUS
10
1.0456934645669291
20
0.7083239763779527
11
1.0457425196850394
21
0.7083805905511811
0
LINE
8
BLACK
6
CONTINUOUS
10
1.0457425196850394
20
0.7083805905511811
11
1.0459260236220471
21
0.7086720472440945
0
LINE
8
BLACK
6
CONTINUOUS
10
1.0459260236220471
20
0.7086720472440945
11
1.0462056299212599
21
0.7089145669291338
0
LINE
8
BLACK
6
CONTINUOUS
10
1.0462056299212599
20
0.7089145669291338
11
1.0464483070866142
21
0.7091943700787401
0
LINE
8
BLACK
6
CONTINUOUS
10
1.0464483070866142
20
0.7091943700787401
11
1.046739842519685
21
0.7093779133858268
0
LINE
8
BLACK
6
CONTINUOUS
10
1.046739842519685
20
0.7093779133858268
11
1.0467964173228346
21
0.7094269291338583
0
LINE
8
BLACK
6
CONTINUOUS
10
1.0467964173228346
20
0.7094269291338583
11
1.0468418110236219
21
0.7094420866141732
0
LINE
8
BLACK
6
CONTINUOUS
10
1.0468418110236219
20
0.7094420866141732
11
1.046938188976378
21
0.7095027165354331
0
LINE
8
BLACK
6
CONTINUOUS
10
1.046938188976378
20
0.7095027165354331
11
1.0506877165354331
21
0.7113774803149606
0
LINE
8
BLACK
6
CONTINUOUS
10
1.0506877165354331
20
0.7113774803149606
11
1.0512283070866142
21
0.7115843700787401
0
LINE
8
BLACK
6
CONTINUOUS
10
1.0512283070866142
20
0.7115843700787401
11
1.0513341732283463
21
0.7115919291338583
0
LINE
8
BLACK
6
CONTINUOUS
10
1.0513341732283463
20
0.7115919291338583
11
1.0514321653543306
21
0.7116324803149606
0
LINE
8
BLACK
6
CONTINUOUS
10
1.0514321653543306
20
0.7116324803149606
11
1.0520082283464567
21
0.7116892125984252
0
LINE
8
BLACK
6
CONTINUOUS
10
1.0520082283464567
20
0.7116892125984252
11
1.0726306692913385
21
0.7116892125984252
0
LINE
8
BLACK
6
CONTINUOUS
10
1.0726306692913385
20
0.7116892125984252
11
1.0732067322834646
21
0.7116324803149606
0
LINE
8
BLACK
6
CONTINUOUS
10
-0.3267932677165354
20
0.7453782677165354
11
-0.3257288582677165
21
0.7449373622047244
0
LINE
8
BLACK
6
CONTINUOUS
10
-0.3257288582677165
20
0.7449373622047244
11
-0.3249142125984252
21
0.744122716535433
0
LINE
8
BLACK
6
CONTINUOUS
10
-0.3249142125984252
20
0.744122716535433
11
-0.3244733070866141
21
0.7430583070866141
0
LINE
8
BLACK
6
CONTINUOUS
10
-0.3244733070866141
20
0.7430583070866141
11
-0.3244733070866141
21
0.7419061811023622
0
LINE
8
BLACK
6
CONTINUOUS
10
-0.3244733070866141
20
0.7419061811023622
11
-0.3249142125984252
21
0.7408417716535433
0
LINE
8
BLACK
6
CONTINUOUS
10
-0.3249142125984252
20
0.7408417716535433
11
-0.3257288582677165
21
0.7400271259842519
0
LINE
8
BLACK
6
CONTINUOUS
10
-0.3257288582677165
20
0.7400271259842519
11
-0.3267932677165354
21
0.7395862204724409
0
LINE
8
BLACK
6
CONTINUOUS
10
-0.3267932677165354
20
0.7395862204724409
11
-0.3273693307086614
21
0.7395294881889763
0
LINE
8
BLACK
6
CONTINUOUS
10
-0.3273693307086614
20
0.7395294881889763
11
-0.3472947244094488
21
0.7395294881889763
0
LINE
8
BLACK
6
CONTINUOUS
10
-0.3472947244094488
20
0.7395294881889763
11
-0.3495404724409449
21
0.738406653543307
0
LINE
8
BLACK
6
CONTINUOUS
10
-0.3495404724409449
20
0.738406653543307
11
-0.3506633070866141
21
0.736160905511811
0
LINE
8
BLACK
6
CONTINUOUS
10
-0.3506633070866141
20
0.736160905511811
11
-0.3506633070866141
21
0.7319306692913385
0
LINE
8
BLACK
6
CONTINUOUS
10
-0.3506633070866141
20
0.7319306692913385
11
-0.3495404724409449
21
0.7296849606299213
0
LINE
8
BLACK
6
CONTINUOUS
10
-0.3495404724409449
20
0.7296849606299213
11
-0.3472947244094488
21
0.7285620866141732
0
LINE
8
BLACK
6
CONTINUOUS
10
-0.3472947244094488
20
0.7285620866141732
11
-0.3273693307086614
21
0.7285620866141732
0
LINE
8
BLACK
6
CONTINUOUS
10
-0.3273693307086614
20
0.7285620866141732
11
-0.3267932677165354
21
0.7285053543307086
0
LINE
8
BLACK
6
CONTINUOUS
10
-0.3267932677165354
20
0.7285053543307086
11
-0.3257288582677165
21
0.7280644488188976
0
LINE
8
BLACK
6
CONTINUOUS
10
-0.3257288582677165
20
0.7280644488188976
11
-0.3249142125984252
21
0.7272498031496063
0
LINE
8
BLACK
6
CONTINUOUS
10
-0.3249142125984252
20
0.7272498031496063
11
-0.3244733070866141
21
0.7261853937007874
0
LINE
8
BLACK
6
CONTINUOUS
10
-0.3244733070866141
20
0.7261853937007874
11
-0.3244733070866141
21
0.7250332677165354
0
LINE
8
BLACK
6
CONTINUOUS
10
-0.3244733070866141
20
0.7250332677165354
11
-0.3249142125984252
21
0.7239688582677165
0
LINE
8
BLACK
6
CONTINUOUS
10
-0.3249142125984252
20
0.7239688582677165
11
-0.3257288582677165
21
0.7231542125984252
0
LINE
8
BLACK
6
CONTINUOUS
10
-0.3257288582677165
20
0.7231542125984252
11
-0.3267932677165354
21
0.7227133070866142
0
LINE
8
BLACK
6
CONTINUOUS
10
-0.3267932677165354
20
0.7227133070866142
11
-0.3273693307086614
21
0.7226565748031496
0
LINE
8
BLACK
6
CONTINUOUS
10
-0.3273693307086614
20
0.7226565748031496
11
-0.3472947244094488
21
0.7226565748031496
0
LINE
8
BLACK
6
CONTINUOUS
10
-0.3472947244094488
20
0.7226565748031496
11
-0.3495404724409449
21
0.7215337401574803
0
LINE
8
BLACK
6
CONTINUOUS
10
-0.3495404724409449
20
0.7215337401574803
11
-0.3506633070866141
21
0.7192879921259843
0
LINE
8
BLACK
6
CONTINUOUS
10
-0.3506633070866141
20
0.7192879921259843
11
-0.3506633070866141
21
0.7150577952755905
0
LINE
8
BLACK
6
CONTINUOUS
10
-0.3506633070866141
20
0.7150577952755905
11
-0.3493145669291339
21
0.7123603149606299
0
LINE
8
BLACK
6
CONTINUOUS
10
-0.3493145669291339
20
0.7123603149606299
11
-0.3486434645669291
21
0.7116892125984252
0
LINE
8
BLACK
6
CONTINUOUS
10
-0.3486434645669291
20
0.7116892125984252
11
-0.3273693307086614
21
0.7116892125984252
0
LINE
8
BLACK
6
CONTINUOUS
10
-0.3273693307086614
20
0.7116892125984252
11
-0.3267932677165354
21
0.7116324803149606
0
LINE
8
BLACK
6
CONTINUOUS
10
-0.3267932677165354
20
0.7116324803149606
11
-0.3257288582677165
21
0.7111915748031495
0
LINE
8
BLACK
6
CONTINUOUS
10
-0.3257288582677165
20
0.7111915748031495
11
-0.3249142125984252
21
0.7103769291338583
0
LINE
8
BLACK
6
CONTINUOUS
10
-0.3249142125984252
20
0.7103769291338583
11
-0.3244733070866141
21
0.7093125196850394
0
LINE
8
BLACK
6
CONTINUOUS
10
-0.3244733070866141
20
0.7093125196850394
11
-0.3244733070866141
21
0.7081603937007874
0
LINE
8
BLACK
6
CONTINUOUS
10
-0.3244733070866141
20
0.7081603937007874
11
-0.3249142125984252
21
0.7070959842519685
0
LINE
8
BLACK
6
CONTINUOUS
10
-0.3249142125984252
20
0.7070959842519685
11
-0.3257288582677165
21
0.7062813385826772
0
LINE
8
BLACK
6
CONTINUOUS
10
-0.3257288582677165
20
0.7062813385826772
11
-0.3267932677165354
21
0.7058404330708661
0
LINE
8
BLACK
6
CONTINUOUS
10
-0.3267932677165354
20
0.7058404330708661
11
-0.3273693307086614
21
0.7057837007874016
0
LINE
8
BLACK
6
CONTINUOUS
10
-0.3273693307086614
20
0.7057837007874016
11
-0.353616062992126
21
0.7057837007874016
0
LINE
8
BLACK
6
CONTINUOUS
10
-0.353616062992126
20
0.7057837007874016
11
-0.354192125984252
21
0.7058404330708661
0
LINE
8
BLACK
6
CONTINUOUS
10
-0.354192125984252
20
0.7058404330708661
11
-0.3552565354330708
21
0.7062813385826772
0
LINE
8
BLACK
6
CONTINUOUS
10
-0.3552565354330708
20
0.7062813385826772
11
-0.3560711811023622
21
0.7070959842519685
0
LINE
8
BLACK
6
CONTINUOUS
10
-0.3560711811023622
20
0.7070959842519685
11
-0.3565120866141732
21
0.7081603937007874
0
LINE
8
BLACK
6
CONTINUOUS
10
-0.3565120866141732
20
0.7081603937007874
11
-0.3565120866141732
21
0.7093125196850394
0
LINE
8
BLACK
6
CONTINUOUS
10
-0.3565120866141732
20
0.7093125196850394
11
-0.3560711811023622
21
0.7103769291338583
0
LINE
8
BLACK
6
CONTINUOUS
10
-0.3560711811023622
20
0.7103769291338583
11
-0.3553073622047244
21
0.7111407874015748
0
LINE
8
BLACK
6
CONTINUOUS
10
-0.3553073622047244
20
0.7111407874015748
11
-0.3562570866141732
21
0.7130402362204724
0
LINE
8
BLACK
6
CONTINUOUS
10
-0.3562570866141732
20
0.7130402362204724
11
-0.3564639763779527
21
0.7135808661417322
0
LINE
8
BLACK
6
CONTINUOUS
10
-0.3564639763779527
20
0.7135808661417322
11
-0.3564714960629921
21
0.7136866929133858
0
LINE
8
BLACK
6
CONTINUOUS
10
-0.3564714960629921
20
0.7136866929133858
11
-0.3565120866141732
21
0.7137846850393701
0
LINE
8
BLACK
6
CONTINUOUS
10
-0.3565120866141732
20
0.7137846850393701
11
-0.3565688188976378
21
0.7143607480314961
0
LINE
8
BLACK
6
CONTINUOUS
10
-0.3565688188976378
20
0.7143607480314961
11
-0.3565688188976378
21
0.7199850393700787
0
LINE
8
BLACK
6
CONTINUOUS
10
-0.3565688188976378
20
0.7199850393700787
11
-0.3565120866141732
21
0.7205611023622047
0
LINE
8
BLACK
6
CONTINUOUS
10
-0.3565120866141732
20
0.7205611023622047
11
-0.3564714960629921
21
0.7206591338582677
0
LINE
8
BLACK
6
CONTINUOUS
10
-0.3564714960629921
20
0.7206591338582677
11
-0.3564639763779527
21
0.7207649212598425
0
LINE
8
BLACK
6
CONTINUOUS
10
-0.3564639763779527
20
0.7207649212598425
11
-0.3562570866141732
21
0.7213055511811024
0
LINE
8
BLACK
6
CONTINUOUS
10
-0.3562570866141732
20
0.7213055511811024
11
-0.3543823228346457
21
0.7250550787401575
0
LINE
8
BLACK
6
CONTINUOUS
10
-0.3543823228346457
20
0.7250550787401575
11
-0.3543216929133858
21
0.7251514566929134
0
LINE
8
BLACK
6
CONTINUOUS
10
-0.3543216929133858
20
0.7251514566929134
11
-0.3543065354330708
21
0.7251968503937007
0
LINE
8
BLACK
6
CONTINUOUS
10
-0.3543065354330708
20
0.7251968503937007
11
-0.3542575196850394
21
0.7252534251968504
0
LINE
8
BLACK
6
CONTINUOUS
10
-0.3542575196850394
20
0.7252534251968504
11
-0.3540739763779527
21
0.7255449606299212
0
LINE
8
BLACK
6
CONTINUOUS
10
-0.3540739763779527
20
0.7255449606299212
11
-0.3539997637795276
21
0.7256093307086614
0
LINE
8
BLACK
6
CONTINUOUS
10
-0.3539997637795276
20
0.7256093307086614
11
-0.3540739763779527
21
0.7256737007874016
0
LINE
8
BLACK
6
CONTINUOUS
10
-0.3540739763779527
20
0.7256737007874016
11
-0.3542575196850394
21
0.7259652755905511
0
LINE
8
BLACK
6
CONTINUOUS
10
-0.3542575196850394
20
0.7259652755905511
11
-0.3543065354330708
21
0.7260218110236221
0
LINE
8
BLACK
6
CONTINUOUS
10
-0.3543065354330708
20
0.7260218110236221
11
-0.3543216929133858
21
0.7260672440944882
0
LINE
8
BLACK
6
CONTINUOUS
10
-0.3543216929133858
20
0.7260672440944882
11
-0.3543823228346457
21
0.7261635826771653
0
LINE
8
BLACK
6
CONTINUOUS
10
-0.3543823228346457
20
0.7261635826771653
11
-0.3562570866141732
21
0.7299131102362204
0
LINE
8
BLACK
6
CONTINUOUS
10
-0.3562570866141732
20
0.7299131102362204
11
-0.3564639763779527
21
0.7304537401574803
0
LINE
8
BLACK
6
CONTINUOUS
10
-0.3564639763779527
20
0.7304537401574803
11
-0.3564714960629921
21
0.7305595669291338
0
LINE
8
BLACK
6
CONTINUOUS
10
-0.3564714960629921
20
0.7305595669291338
11
-0.3565120866141732
21
0.7306575590551181
0
LINE
8
BLACK
6
CONTINUOUS
10
-0.3565120866141732
20
0.7306575590551181
11
-0.3565688188976378
21
0.7312336220472441
0
LINE
8
BLACK
6
CONTINUOUS
10
-0.3565688188976378
20
0.7312336220472441
11
-0.3565688188976378
21
0.7368579133858267
0
LINE
8
BLACK
6
CONTINUOUS
10
-0.3565688188976378
20
0.7368579133858267
11
-0.3565120866141732
21
0.7374339763779527
0
LINE
8
BLACK
6
CONTINUOUS
10
-0.3565120866141732
20
0.7374339763779527
11
-0.3564714960629921
21
0.7375320078740157
0
LINE
8
BLACK
6
CONTINUOUS
10
-0.3564714960629921
20
0.7375320078740157
11
-0.3564639763779527
21
0.7376377952755905
0
LINE
8
BLACK
6
CONTINUOUS
10
-0.3564639763779527
20
0.7376377952755905
11
-0.3562570866141732
21
0.7381784251968504
0
LINE
8
BLACK
6
CONTINUOUS
10
-0.3562570866141732
20
0.7381784251968504
11
-0.3543823228346457
21
0.7419279921259843
0
LINE
8
BLACK
6
CONTINUOUS
10
-0.3543823228346457
20
0.7419279921259843
11
-0.3543216929133858
21
0.7420243307086614
0
LINE
8
BLACK
6
CONTINUOUS
10
-0.3543216929133858
20
0.7420243307086614
11
-0.3543065354330708
21
0.7420697637795275
0
LINE
8
BLACK
6
CONTINUOUS
10
-0.3543065354330708
20
0.7420697637795275
11
-0.3542574803149606
21
0.7421263779527559
0
LINE
8
BLACK
6
CONTINUOUS
10
-0.3542574803149606
20
0.7421263779527559
11
-0.3540739763779527
21
0.7424178346456692
0
LINE
8
BLACK
6
CONTINUOUS
10
-0.3540739763779527
20
0.7424178346456692
11
-0.3537943700787402
21
0.7426603543307086
0
LINE
8
BLACK
6
CONTINUOUS
10
-0.3537943700787402
20
0.7426603543307086
11
-0.3535516929133858
21
0.7429401574803149
0
LINE
8
BLACK
6
CONTINUOUS
10
-0.3535516929133858
20
0.7429401574803149
11
-0.353260157480315
21
0.7431237007874015
0
LINE
8
BLACK
6
CONTINUOUS
10
-0.353260157480315
20
0.7431237007874015
11
-0.3532035826771653
21
0.743172716535433
0
LINE
8
BLACK
6
CONTINUOUS
10
-0.3532035826771653
20
0.743172716535433
11
-0.353158188976378
21
0.743187874015748
0
LINE
8
BLACK
6
CONTINUOUS
10
-0.353158188976378
20
0.743187874015748
11
-0.3530618110236221
21
0.7432485039370078
0
LINE
8
BLACK
6
CONTINUOUS
10
-0.3530618110236221
20
0.7432485039370078
11
-0.3493122834645669
21
0.7451232677165354
0
LINE
8
BLACK
6
CONTINUOUS
10
-0.3493122834645669
20
0.7451232677165354
11
-0.3487716929133858
21
0.7453301574803149
0
LINE
8
BLACK
6
CONTINUOUS
10
-0.3487716929133858
20
0.7453301574803149
11
-0.3486658267716535
21
0.745337716535433
0
LINE
8
BLACK
6
CONTINUOUS
10
-0.3486658267716535
20
0.745337716535433
11
-0.3485678346456693
21
0.7453782677165354
0
LINE
8
BLACK
6
CONTINUOUS
10
-0.3485678346456693
20
0.7453782677165354
11
-0.3479917716535433
21
0.745435
0
LINE
8
BLACK
6
CONTINUOUS
10
-0.3479917716535433
20
0.745435
11
-0.3273693307086614
21
0.745435
0
LINE
8
BLACK
6
CONTINUOUS
10
-0.3273693307086614
20
0.745435
11
-0.3267932677165354
21
0.7453782677165354
0
LINE
8
BLACK
6
CONTINUOUS
10
1.0732067322834646
20
0.764125905511811
11
1.0742711417322834
21
0.7636849999999999
0
LINE
8
BLACK
6
CONTINUOUS
10
1.0742711417322834
20
0.7636849999999999
11
1.0750857874015747
21
0.7628703543307086
0
LINE
8
BLACK
6
CONTINUOUS
10
1.0750857874015747
20
0.7628703543307086
11
1.0755266929133858
21
0.7618059448818898
0
LINE
8
BLACK
6
CONTINUOUS
10
1.0755266929133858
20
0.7618059448818898
11
1.0755266929133858
21
0.7606538188976377
0
LINE
8
BLACK
6
CONTINUOUS
10
1.0755266929133858
20
0.7606538188976377
11
1.0750857874015747
21
0.7595894094488189
0
LINE
8
BLACK
6
CONTINUOUS
10
1.0750857874015747
20
0.7595894094488189
11
1.0742711417322834
21
0.7587747637795276
0
LINE
8
BLACK
6
CONTINUOUS
10
1.0742711417322834
20
0.7587747637795276
11
1.0732067322834646
21
0.7583338582677165
0
LINE
8
BLACK
6
CONTINUOUS
10
1.0732067322834646
20
0.7583338582677165
11
1.0726306692913385
21
0.7582771259842519
0
LINE
8
BLACK
6
CONTINUOUS
10
1.0726306692913385
20
0.7582771259842519
11
1.052705275590551
21
0.7582771259842519
0
LINE
8
BLACK
6
CONTINUOUS
10
1.052705275590551
20
0.7582771259842519
11
1.0504595275590551
21
0.7571542913385827
0
LINE
8
BLACK
6
CONTINUOUS
10
1.0504595275590551
20
0.7571542913385827
11
1.0493366929133858
21
0.7549085433070866
0
LINE
8
BLACK
6
CONTINUOUS
10
1.0493366929133858
20
0.7549085433070866
11
1.0493366929133858
21
0.7506783070866142
0
LINE
8
BLACK
6
CONTINUOUS
10
1.0493366929133858
20
0.7506783070866142
11
1.0504595275590551
21
0.7484325984251968
0
LINE
8
BLACK
6
CONTINUOUS
10
1.0504595275590551
20
0.7484325984251968
11
1.052705275590551
21
0.7473097244094488
0
LINE
8
BLACK
6
CONTINUOUS
10
1.052705275590551
20
0.7473097244094488
11
1.0726306692913385
21
0.7473097244094488
0
LINE
8
BLACK
6
CONTINUOUS
10
1.0726306692913385
20
0.7473097244094488
11
1.0732067322834646
21
0.7472529921259843
0
LINE
8
BLACK
6
CONTINUOUS
10
1.0732067322834646
20
0.7472529921259843
11
1.0742711417322834
21
0.7468120866141732
0
LINE
8
BLACK
6
CONTINUOUS
10
1.0742711417322834
20
0.7468120866141732
11
1.0750857874015747
21
0.7459974409448819
0
LINE
8
BLACK
6
CONTINUOUS
10
1.0750857874015747
20
0.7459974409448819
11
1.0755266929133858
21
0.7449330314960629
0
LINE
8
BLACK
6
CONTINUOUS
10
1.0755266929133858
20
0.7449330314960629
11
1.0755266929133858
21
0.743780905511811
0
LINE
8
BLACK
6
CONTINUOUS
10
1.0755266929133858
20
0.743780905511811
11
1.0750857874015747
21
0.7427164960629921
0
LINE
8
BLACK
6
CONTINUOUS
10
1.0750857874015747
20
0.7427164960629921
11
1.0742711417322834
21
0.7419018503937008
0
LINE
8
BLACK
6
CONTINUOUS
10
1.0742711417322834
20
0.7419018503937008
11
1.0732067322834646
21
0.7414609448818897
0
LINE
8
BLACK
6
CONTINUOUS
10
1.0732067322834646
20
0.7414609448818897
11
1.0726306692913385
21
0.7414042125984251
0
LINE
8
BLACK
6
CONTINUOUS
10
1.0726306692913385
20
0.7414042125984251
11
1.052705275590551
21
0.7414042125984251
0
LINE
8
BLACK
6
CONTINUOUS
10
1.052705275590551
20
0.7414042125984251
11
1.0504595275590551
21
0.7402813779527558
0
LINE
8
BLACK
6
CONTINUOUS
10
1.0504595275590551
20
0.7402813779527558
11
1.0493366929133858
21
0.7380356299212598
0
LINE
8
BLACK
6
CONTINUOUS
10
1.0493366929133858
20
0.7380356299212598
11
1.0493366929133858
21
0.7338054330708661
0
LINE
8
BLACK
6
CONTINUOUS
10
1.0493366929133858
20
0.7338054330708661
11
1.0506854330708661
21
0.7311079527559055
0
LINE
8
BLACK
6
CONTINUOUS
10
1.0506854330708661
20
0.7311079527559055
11
1.0513565354330709
21
0.7304368503937008
0
LINE
8
BLACK
6
CONTINUOUS
10
1.0513565354330709
20
0.7304368503937008
11
1.0726306692913385
21
0.7304368503937008
0
LINE
8
BLACK
6
CONTINUOUS
10
1.0726306692913385
20
0.7304368503937008
11
1.0732067322834646
21
0.7303801181102362
0
LINE
8
BLACK
6
CONTINUOUS
10
1.0732067322834646
20
0.7303801181102362
11
1.0742711417322834
21
0.7299392125984252
0
LINE
8
BLACK
6
CONTINUOUS
10
1.0742711417322834
20
0.7299392125984252
11
1.0750857874015747
21
0.7291245669291339
0
LINE
8
BLACK
6
CONTINUOUS
10
1.0750857874015747
20
0.7291245669291339
11
1.0755266929133858
21
0.7280601574803149
0
LINE
8
BLACK
6
CONTINUOUS
10
1.0755266929133858
20
0.7280601574803149
11
1.0755266929133858
21
0.726908031496063
0
LINE
8
BLACK
6
CONTINUOUS
10
1.0755266929133858
20
0.726908031496063
11
1.0750857874015747
21
0.7258436220472441
0
LINE
8
BLACK
6
CONTINUOUS
10
1.0750857874015747
20
0.7258436220472441
11
1.0742711417322834
21
0.7250289763779527
0
LINE
8
BLACK
6
CONTINUOUS
10
1.0742711417322834
20
0.7250289763779527
11
1.0732067322834646
21
0.7245880708661417
0
LINE
8
BLACK
6
CONTINUOUS
10
1.0732067322834646
20
0.7245880708661417
11
1.0726306692913385
21
0.7245313385826772
0
LINE
8
BLACK
6
CONTINUOUS
10
1.0726306692913385
20
0.7245313385826772
11
1.046383937007874
21
0.7245313385826772
0
LINE
8
BLACK
6
CONTINUOUS
10
1.046383937007874
20
0.7245313385826772
11
1.0458078740157479
21
0.7245880708661417
0
LINE
8
BLACK
6
CONTINUOUS
10
1.0458078740157479
20
0.7245880708661417
11
1.0447434645669291
21
0.7250289763779527
0
LINE
8
BLACK
6
CONTINUOUS
10
1.0447434645669291
20
0.7250289763779527
11
1.0439288188976377
21
0.7258436220472441
0
LINE
8
BLACK
6
CONTINUOUS
10
1.0439288188976377
20
0.7258436220472441
11
1.0434879133858268
21
0.726908031496063
0
LINE
8
BLACK
6
CONTINUOUS
10
1.0434879133858268
20
0.726908031496063
11
1.0434879133858268
21
0.7280601574803149
0
LINE
8
BLACK
6
CONTINUOUS
10
1.0434879133858268
20
0.7280601574803149
11
1.0439288188976377
21
0.7291245669291339
0
LINE
8
BLACK
6
CONTINUOUS
10
1.0439288188976377
20
0.7291245669291339
11
1.0446926377952757
21
0.7298884251968504
0
LINE
8
BLACK
6
CONTINUOUS
10
1.0446926377952757
20
0.7298884251968504
11
1.0437429133858267
21
0.731787874015748
0
LINE
8
BLACK
6
CONTINUOUS
10
1.0437429133858267
20
0.731787874015748
11
1.0435360236220472
21
0.7323285039370079
0
LINE
8
BLACK
6
CONTINUOUS
10
1.0435360236220472
20
0.7323285039370079
11
1.0435285039370079
21
0.7324343307086614
0
LINE
8
BLACK
6
CONTINUOUS
10
1.0435285039370079
20
0.7324343307086614
11
1.0434879133858268
21
0.7325323228346456
0
LINE
8
BLACK
6
CONTINUOUS
10
1.0434879133858268
20
0.7325323228346456
11
1.0434311811023622
21
0.7331083858267716
0
LINE
8
BLACK
6
CONTINUOUS
10
1.0434311811023622
20
0.7331083858267716
11
1.0434311811023622
21
0.7387326771653543
0
LINE
8
BLACK
6
CONTINUOUS
10
1.0434311811023622
20
0.7387326771653543
11
1.0434879133858268
21
0.7393087401574803
0
LINE
8
BLACK
6
CONTINUOUS
10
1.0434879133858268
20
0.7393087401574803
11
1.0435285039370079
21
0.7394067716535433
0
LINE
8
BLACK
6
CONTINUOUS
10
1.0435285039370079
20
0.7394067716535433
11
1.0435360236220472
21
0.7395125590551181
0
LINE
8
BLACK
6
CONTINUOUS
10
1.0435360236220472
20
0.7395125590551181
11
1.0437429133858267
21
0.740053188976378
0
LINE
8
BLACK
6
CONTINUOUS
10
1.0437429133858267
20
0.740053188976378
11
1.0456176771653543
21
0.7438027165354331
0
LINE
8
BLACK
6
CONTINUOUS
10
1.0456176771653543
20
0.7438027165354331
11
1.0456783070866142
21
0.7438990944881889
0
LINE
8
BLACK
6
CONTINUOUS
10
1.0456783070866142
20
0.7438990944881889
11
1.0456934645669291
21
0.7439444881889764
0
LINE
8
BLACK
6
CONTINUOUS
10
1.0456934645669291
20
0.7439444881889764
11
1.0457424803149606
21
0.744001062992126
0
LINE
8
BLACK
6
CONTINUOUS
10
1.0457424803149606
20
0.744001062992126
11
1.0459260236220471
21
0.7442925984251968
0
LINE
8
BLACK
6
CONTINUOUS
10
1.0459260236220471
20
0.7442925984251968
11
1.0460002362204723
21
0.744356968503937
0
LINE
8
BLACK
6
CONTINUOUS
10
1.0460002362204723
20
0.744356968503937
11
1.0459260236220471
21
0.7444213385826771
0
LINE
8
BLACK
6
CONTINUOUS
10
1.0459260236220471
20
0.7444213385826771
11
1.0457424803149606
21
0.7447129133858268
0
LINE
8
BLACK
6
CONTINUOUS
10
1.0457424803149606
20
0.7447129133858268
11
1.0456934645669291
21
0.7447694488188976
0
LINE
8
BLACK
6
CONTINUOUS
10
1.0456934645669291
20
0.7447694488188976
11
1.0456783070866142
21
0.7448148818897637
0
LINE
8
BLACK
6
CONTINUOUS
10
1.0456783070866142
20
0.7448148818897637
11
1.0456176771653543
21
0.744911220472441
0
LINE
8
BLACK
6
CONTINUOUS
10
1.0456176771653543
20
0.744911220472441
11
1.0437429133858267
21
0.7486607480314961
0
LINE
8
BLACK
6
CONTINUOUS
10
1.0437429133858267
20
0.7486607480314961
11
1.0435360236220472
21
0.7492013779527559
0
LINE
8
BLACK
6
CONTINUOUS
10
1.0435360236220472
20
0.7492013779527559
11
1.0435285039370079
21
0.7493072047244095
0
LINE
8
BLACK
6
CONTINUOUS
10
1.0435285039370079
20
0.7493072047244095
11
1.0434879133858268
21
0.7494051968503936
0
LINE
8
BLACK
6
CONTINUOUS
10
1.0434879133858268
20
0.7494051968503936
11
1.0434311811023622
21
0.7499812598425196
0
LINE
8
BLACK
6
CONTINUOUS
10
1.0434311811023622
20
0.7499812598425196
11
1.0434311811023622
21
0.7556055511811024
0
LINE
8
BLACK
6
CONTINUOUS
10
1.0434311811023622
20
0.7556055511811024
11
1.0434879133858268
21
0.7561816141732284
0
LINE
8
BLACK
6
CONTINUOUS
10
1.0434879133858268
20
0.7561816141732284
11
1.0435285039370079
21
0.7562796456692913
0
LINE
8
BLACK
6
CONTINUOUS
10
1.0435285039370079
20
0.7562796456692913
11
1.0435360236220472
21
0.7563854330708661
0
LINE
8
BLACK
6
CONTINUOUS
10
1.0435360236220472
20
0.7563854330708661
11
1.0437429133858267
21
0.7569260629921259
0
LINE
8
BLACK
6
CONTINUOUS
10
1.0437429133858267
20
0.7569260629921259
11
1.0456176771653543
21
0.7606756299212598
0
LINE
8
BLACK
6
CONTINUOUS
10
1.0456176771653543
20
0.7606756299212598
11
1.0456783070866142
21
0.760771968503937
0
LINE
8
BLACK
6
CONTINUOUS
10
1.0456783070866142
20
0.760771968503937
11
1.0456934645669291
21
0.7608174015748032
0
LINE
8
BLACK
6
CONTINUOUS
10
1.0456934645669291
20
0.7608174015748032
11
1.0457425196850394
21
0.7608740157480315
0
LINE
8
BLACK
6
CONTINUOUS
10
1.0457425196850394
20
0.7608740157480315
11
1.0459260236220471
21
0.7611654724409449
0
LINE
8
BLACK
6
CONTINUOUS
10
1.0459260236220471
20
0.7611654724409449
11
1.0462056299212599
21
0.7614079921259842
0
LINE
8
BLACK
6
CONTINUOUS
10
1.0462056299212599
20
0.7614079921259842
11
1.0464483070866142
21
0.7616877952755905
0
LINE
8
BLACK
6
CONTINUOUS
10
1.0464483070866142
20
0.7616877952755905
11
1.046739842519685
21
0.7618713385826772
0
LINE
8
BLACK
6
CONTINUOUS
10
1.046739842519685
20
0.7618713385826772
11
1.0467964173228346
21
0.7619203543307086
0
LINE
8
BLACK
6
CONTINUOUS
10
1.0467964173228346
20
0.7619203543307086
11
1.0468418110236219
21
0.7619355118110236
0
LINE
8
BLACK
6
CONTINUOUS
10
1.0468418110236219
20
0.7619355118110236
11
1.046938188976378
21
0.7619961417322835
0
LINE
8
BLACK
6
CONTINUOUS
10
1.046938188976378
20
0.7619961417322835
11
1.0506877165354331
21
0.763870905511811
0
LINE
8
BLACK
6
CONTINUOUS
10
1.0506877165354331
20
0.763870905511811
11
1.0512283070866142
21
0.7640777952755905
0
LINE
8
BLACK
6
CONTINUOUS
10
1.0512283070866142
20
0.7640777952755905
11
1.0513341732283463
21
0.7640853543307087
0
LINE
8
BLACK
6
CONTINUOUS
10
1.0513341732283463
20
0.7640853543307087
11
1.0514321653543306
21
0.764125905511811
0
LINE
8
BLACK
6
CONTINUOUS
10
1.0514321653543306
20
0.764125905511811
11
1.0520082283464567
21
0.7641826377952756
0
LINE
8
BLACK
6
CONTINUOUS
10
1.0520082283464567
20
0.7641826377952756
11
1.0726306692913385
21
0.7641826377952756
0
LINE
8
BLACK
6
CONTINUOUS
10
1.0726306692913385
20
0.7641826377952756
11
1.0732067322834646
21
0.764125905511811
0
LINE
8
BLACK
6
CONTINUOUS
10
0.9464757086614173
20
1.5259222440944882
11
0.947012874015748
21
1.5257065748031495
0
LINE
8
BLACK
6
CONTINUOUS
10
0.947012874015748
20
1.5257065748031495
11
0.9870472440944882
21
1.5048660236220472
0
LINE
8
BLACK
6
CONTINUOUS
10
0.9870472440944882
20
1.5048660236220472
11
0.9870472440944882
21
1.523087401574803
0
LINE
8
BLACK
6
CONTINUOUS
10
0.9870472440944882
20
1.523087401574803
11
0.9871039763779528
21
1.5236634645669291
0
LINE
8
BLACK
6
CONTINUOUS
10
0.9871039763779528
20
1.5236634645669291
11
0.9875448818897637
21
1.5247278740157479
0
LINE
8
BLACK
6
CONTINUOUS
10
0.9875448818897637
20
1.5247278740157479
11
0.9883595275590551
21
1.5255425196850394
0
LINE
8
BLACK
6
CONTINUOUS
10
0.9883595275590551
20
1.5255425196850394
11
0.989423937007874
21
1.5259834251968503
0
LINE
8
BLACK
6
CONTINUOUS
10
0.989423937007874
20
1.5259834251968503
11
0.990576062992126
21
1.5259834251968503
0
LINE
8
BLACK
6
CONTINUOUS
10
0.990576062992126
20
1.5259834251968503
11
0.9916404724409449
21
1.5255425196850394
0
LINE
8
BLACK
6
CONTINUOUS
10
0.9916404724409449
20
1.5255425196850394
11
0.9924551181102362
21
1.5247278740157479
0
LINE
8
BLACK
6
CONTINUOUS
10
0.9924551181102362
20
1.5247278740157479
11
0.9928960236220472
21
1.5236634645669291
0
LINE
8
BLACK
6
CONTINUOUS
10
0.9928960236220472
20
1.5236634645669291
11
0.9929527559055118
21
1.523087401574803
0
LINE
8
BLACK
6
CONTINUOUS
10
0.9929527559055118
20
1.523087401574803
11
0.9929527559055118
21
1.4096850393700786
0
LINE
8
BLACK
6
CONTINUOUS
10
0.9929527559055118
20
1.4096850393700786
11
0.9928960236220472
21
1.4091089763779527
0
LINE
8
BLACK
6
CONTINUOUS
10
0.9928960236220472
20
1.4091089763779527
11
0.9924551181102362
21
1.4080445669291339
0
LINE
8
BLACK
6
CONTINUOUS
10
0.9924551181102362
20
1.4080445669291339
11
0.9916404724409449
21
1.4072299212598425
0
LINE
8
BLACK
6
CONTINUOUS
10
0.9916404724409449
20
1.4072299212598425
11
0.990576062992126
21
1.4067890157480314
0
LINE
8
BLACK
6
CONTINUOUS
10
0.990576062992126
20
1.4067890157480314
11
0.989423937007874
21
1.4067890157480314
0
LINE
8
BLACK
6
CONTINUOUS
10
0.989423937007874
20
1.4067890157480314
11
0.9883595275590551
21
1.4072299212598425
0
LINE
8
BLACK
6
CONTINUOUS
10
0.9883595275590551
20
1.4072299212598425
11
0.9875448818897637
21
1.4080445669291339
0
LINE
8
BLACK
6
CONTINUOUS
10
0.9875448818897637
20
1.4080445669291339
11
0.9871039763779528
21
1.4091089763779527
0
LINE
8
BLACK
6
CONTINUOUS
10
0.9871039763779528
20
1.4091089763779527
11
0.9870472440944882
21
1.4096850393700786
0
LINE
8
BLACK
6
CONTINUOUS
10
0.9870472440944882
20
1.4096850393700786
11
0.9870472440944882
21
1.4951340157480315
0
LINE
8
BLACK
6
CONTINUOUS
10
0.9870472440944882
20
1.4951340157480315
11
0.947012874015748
21
1.4742934251968505
0
LINE
8
BLACK
6
CONTINUOUS
10
0.947012874015748
20
1.4742934251968505
11
0.9464757086614173
21
1.4740777559055118
0
LINE
8
BLACK
6
CONTINUOUS
10
0.9464757086614173
20
1.4740777559055118
11
0.9453279921259843
21
1.4739773622047243
0
LINE
8
BLACK
6
CONTINUOUS
10
0.9453279921259843
20
1.4739773622047243
11
0.9442292125984252
21
1.474323779527559
0
LINE
8
BLACK
6
CONTINUOUS
10
0.9442292125984252
20
1.474323779527559
11
0.943346653543307
21
1.4750643307086613
0
LINE
8
BLACK
6
CONTINUOUS
10
0.943346653543307
20
1.4750643307086613
11
0.9428146456692913
21
1.4760862992125985
0
LINE
8
BLACK
6
CONTINUOUS
10
0.9428146456692913
20
1.4760862992125985
11
0.9427142519685039
21
1.4772340157480315
0
LINE
8
BLACK
6
CONTINUOUS
10
0.9427142519685039
20
1.4772340157480315
11
0.9430606692913386
21
1.4783327952755905
0
LINE
8
BLACK
6
CONTINUOUS
10
0.9430606692913386
20
1.4783327952755905
11
0.943801220472441
21
1.4792153543307087
0
LINE
8
BLACK
6
CONTINUOUS
10
0.943801220472441
20
1.4792153543307087
11
0.9442860236220473
21
1.4795316929133857
0
LINE
8
BLACK
6
CONTINUOUS
10
0.9442860236220473
20
1.4795316929133857
11
0.9779330708661417
21
1.4970472440944882
0
LINE
8
BLACK
6
CONTINUOUS
10
0.9779330708661417
20
1.4970472440944882
11
-0.1779330708661417
21
1.4970472440944882
0
LINE
8
BLACK
6
CONTINUOUS
10
-0.1779330708661417
20
1.4970472440944882
11
-0.1442860236220472
21
1.4795316929133857
0
LINE
8
BLACK
6
CONTINUOUS
10
-0.1442860236220472
20
1.4795316929133857
11
-0.1438012598425197
21
1.4792153543307087
0
LINE
8
BLACK
6
CONTINUOUS
10
-0.1438012598425197
20
1.4792153543307087
11
-0.1430607086614173
21
1.4783327952755905
0
LINE
8
BLACK
6
CONTINUOUS
10
-0.1430607086614173
20
1.4783327952755905
11
-0.1427142519685039
21
1.4772340157480315
0
LINE
8
BLACK
6
CONTINUOUS
10
-0.1427142519685039
20
1.4772340157480315
11
-0.1428146456692913
21
1.4760862992125985
0
LINE
8
BLACK
6
CONTINUOUS
10
-0.1428146456692913
20
1.4760862992125985
11
-0.1433466535433071
21
1.47506437007874
0
LINE
8
BLACK
6
CONTINUOUS
10
-0.1433466535433071
20
1.47506437007874
11
-0.1442292125984252
21
1.4743238188976378
0
LINE
8
BLACK
6
CONTINUOUS
10
-0.1442292125984252
20
1.4743238188976378
11
-0.1453279921259842
21
1.4739773622047243
0
LINE
8
BLACK
6
CONTINUOUS
10
-0.1453279921259842
20
1.4739773622047243
11
-0.1464757086614173
21
1.4740777559055118
0
LINE
8
BLACK
6
CONTINUOUS
10
-0.1464757086614173
20
1.4740777559055118
11
-0.147012874015748
21
1.4742934251968505
0
LINE
8
BLACK
6
CONTINUOUS
10
-0.147012874015748
20
1.4742934251968505
11
-0.1870472440944882
21
1.4951340157480315
0
LINE
8
BLACK
6
CONTINUOUS
10
-0.1870472440944882
20
1.4951340157480315
11
-0.1870472440944882
21
1.4096850393700786
0
LINE
8
BLACK
6
CONTINUOUS
10
-0.1870472440944882
20
1.4096850393700786
11
-0.1871039763779528
21
1.4091089763779527
0
LINE
8
BLACK
6
CONTINUOUS
10
-0.1871039763779528
20
1.4091089763779527
11
-0.1875448818897638
21
1.4080445669291339
0
LINE
8
BLACK
6
CONTINUOUS
10
-0.1875448818897638
20
1.4080445669291339
11
-0.1883595275590551
21
1.4072299212598425
0
LINE
8
BLACK
6
CONTINUOUS
10
-0.1883595275590551
20
1.4072299212598425
11
-0.189423937007874
21
1.4067890157480314
0
LINE
8
BLACK
6
CONTINUOUS
10
-0.189423937007874
20
1.4067890157480314
11
-0.190576062992126
21
1.4067890157480314
0
LINE
8
BLACK
6
CONTINUOUS
10
-0.190576062992126
20
1.4067890157480314
11
-0.1916404724409449
21
1.4072299212598425
0
LINE
8
BLACK
6
CONTINUOUS
10
-0.1916404724409449
20
1.4072299212598425
11
-0.1924551181102362
21
1.4080445669291339
0
LINE
8
BLACK
6
CONTINUOUS
10
-0.1924551181102362
20
1.4080445669291339
11
-0.1928960236220472
21
1.4091089763779527
0
LINE
8
BLACK
6
CONTINUOUS
10
-0.1928960236220472
20
1.4091089763779527
11
-0.1929527559055118
21
1.4096850393700786
0
LINE
8
BLACK
6
CONTINUOUS
10
-0.1929527559055118
20
1.4096850393700786
11
-0.1929527559055118
21
1.523087401574803
0
LINE
8
BLACK
6
CONTINUOUS
10
-0.1929527559055118
20
1.523087401574803
11
-0.1928960236220472
21
1.5236634645669291
0
LINE
8
BLACK
6
CONTINUOUS
10
-0.1928960236220472
20
1.5236634645669291
11
-0.1924551181102362
21
1.5247278740157479
0
LINE
8
BLACK
6
CONTINUOUS
10
-0.1924551181102362
20
1.5247278740157479
11
-0.1916404724409449
21
1.5255425196850394
0
LINE
8
BLACK
6
CONTINUOUS
10
-0.1916404724409449
20
1.5255425196850394
11
-0.190576062992126
21
1.5259834251968503
0
LINE
8
BLACK
6
CONTINUOUS
10
-0.190576062992126
20
1.5259834251968503
11
-0.189423937007874
21
1.5259834251968503
0
LINE
8
BLACK
6
CONTINUOUS
10
-0.189423937007874
20
1.5259834251968503
11
-0.1883595275590551
21
1.5255425196850394
0
LINE
8
BLACK
6
CONTINUOUS
10
-0.1883595275590551
20
1.5255425196850394
11
-0.1875448818897638
21
1.5247278740157479
0
LINE
8
BLACK
6
CONTINUOUS
10
-0.1875448818897638
20
1.5247278740157479
11
-0.1871039763779528
21
1.5236634645669291
0
LINE
8
BLACK
6
CONTINUOUS
10
-0.1871039763779528
20
1.5236634645669291
11
-0.1870472440944882
21
1.523087401574803
0
LINE
8
BLACK
6
CONTINUOUS
10
-0.1870472440944882
20
1.523087401574803
11
-0.1870472440944882
21
1.5048660236220472
0
LINE
8
BLACK
6
CONTINUOUS
10
-0.1870472440944882
20
1.5048660236220472
11
-0.147012874015748
21
1.5257065748031495
0
LINE
8
BLACK
6
CONTINUOUS
10
-0.147012874015748
20
1.5257065748031495
11
-0.1464757086614173
21
1.5259222440944882
0
LINE
8
BLACK
6
CONTINUOUS
10
-0.1464757086614173
20
1.5259222440944882
11
-0.1453279921259842
21
1.5260226377952755
0
LINE
8
BLACK
6
CONTINUOUS
10
-0.1453279921259842
20
1.5260226377952755
11
-0.1442292125984252
21
1.5256761811023622
0
LINE
8
BLACK
6
CONTINUOUS
10
-0.1442292125984252
20
1.5256761811023622
11
-0.1433466535433071
21
1.5249356299212597
0
LINE
8
BLACK
6
CONTINUOUS
10
-0.1433466535433071
20
1.5249356299212597
11
-0.1428146456692913
21
1.5239137007874015
0
LINE
8
BLACK
6
CONTINUOUS
10
-0.1428146456692913
20
1.5239137007874015
11
-0.1427142519685039
21
1.5227659842519685
0
LINE
8
BLACK
6
CONTINUOUS
10
-0.1427142519685039
20
1.5227659842519685
11
-0.1430607086614173
21
1.5216672047244093
0
LINE
8
BLACK
6
CONTINUOUS
10
-0.1430607086614173
20
1.5216672047244093
11
-0.1438012598425197
21
1.5207846456692913
0
LINE
8
BLACK
6
CONTINUOUS
10
-0.1438012598425197
20
1.5207846456692913
11
-0.1442860236220472
21
1.5204683070866141
0
LINE
8
BLACK
6
CONTINUOUS
10
-0.1442860236220472
20
1.5204683070866141
11
-0.1779330708661417
21
1.5029527559055118
0
LINE
8
BLACK
6
CONTINUOUS
10
-0.1779330708661417
20
1.5029527559055118
11
0.9779330708661417
21
1.5029527559055118
0
LINE
8
BLACK
6
CONTINUOUS
10
0.9779330708661417
20
1.5029527559055118
11
0.9442860236220473
21
1.5204683070866141
0
LINE
8
BLACK
6
CONTINUOUS
10
0.9442860236220473
20
1.5204683070866141
11
0.943801220472441
21
1.5207846456692913
0
LINE
8
BLACK
6
CONTINUOUS
10
0.943801220472441
20
1.5207846456692913
11
0.9430606692913386
21
1.5216672047244093
0
LINE
8
BLACK
6
CONTINUOUS
10
0.9430606692913386
20
1.5216672047244093
11
0.9427142519685039
21
1.5227659842519685
0
LINE
8
BLACK
6
CONTINUOUS
10
0.9427142519685039
20
1.5227659842519685
11
0.9428146456692913
21
1.5239137007874015
0
LINE
8
BLACK
6
CONTINUOUS
10
0.9428146456692913
20
1.5239137007874015
11
0.943346653543307
21
1.5249356692913385
0
LINE
8
BLACK
6
CONTINUOUS
10
0.943346653543307
20
1.5249356692913385
11
0.9442292125984252
21
1.525676220472441
0
LINE
8
BLACK
6
CONTINUOUS
10
0.9442292125984252
20
1.525676220472441
11
0.9453279921259843
21
1.5260226377952755
0
LINE
8
BLACK
6
CONTINUOUS
10
0.9453279921259843
20
1.5260226377952755
11
0.9464757086614173
21
1.5259222440944882
0
LINE
8
BLACK
6
CONTINUOUS
10
0.2524695669291339
20
1.5696354330708662
11
0.2525675590551181
21
1.5695948425196851
0
LINE
8
BLACK
6
CONTINUOUS
10
0.2525675590551181
20
1.5695948425196851
11
0.2526733858267716
21
1.5695873228346455
0
LINE
8
BLACK
6
CONTINUOUS
10
0.2526733858267716
20
1.5695873228346455
11
0.2532140157480315
21
1.5693804330708661
0
LINE
8
BLACK
6
CONTINUOUS
10
0.2532140157480315
20
1.5693804330708661
11
0.2569635433070866
21
1.5675056692913385
0
LINE
8
BLACK
6
CONTINUOUS
10
0.2569635433070866
20
1.5675056692913385
11
0.2572115354330708
21
1.5673496062992125
0
LINE
8
BLACK
6
CONTINUOUS
10
0.2572115354330708
20
1.5673496062992125
11
0.2572835039370079
21
1.5673197637795275
0
LINE
8
BLACK
6
CONTINUOUS
10
0.2572835039370079
20
1.5673197637795275
11
0.2573644488188976
21
1.5672533070866141
0
LINE
8
BLACK
6
CONTINUOUS
10
0.2573644488188976
20
1.5672533070866141
11
0.2574534251968504
21
1.5671973228346456
0
LINE
8
BLACK
6
CONTINUOUS
10
0.2574534251968504
20
1.5671973228346456
11
0.2575045669291339
21
1.5671383464566928
0
LINE
8
BLACK
6
CONTINUOUS
10
0.2575045669291339
20
1.5671383464566928
11
0.2577309448818897
21
1.5669525590551181
0
LINE
8
BLACK
6
CONTINUOUS
10
0.2577309448818897
20
1.5669525590551181
11
0.2596057086614173
21
1.5650777952755905
0
LINE
8
BLACK
6
CONTINUOUS
10
0.2596057086614173
20
1.5650777952755905
11
0.2597914566929134
21
1.5648514566929133
0
LINE
8
BLACK
6
CONTINUOUS
10
0.2597914566929134
20
1.5648514566929133
11
0.2598504724409449
21
1.5648002755905512
0
LINE
8
BLACK
6
CONTINUOUS
10
0.2598504724409449
20
1.5648002755905512
11
0.2599064173228346
21
1.5647113385826772
0
LINE
8
BLACK
6
CONTINUOUS
10
0.2599064173228346
20
1.5647113385826772
11
0.2599729133858268
21
1.5646303543307085
0
LINE
8
BLACK
6
CONTINUOUS
10
0.2599729133858268
20
1.5646303543307085
11
0.2600027165354331
21
1.5645584251968503
0
LINE
8
BLACK
6
CONTINUOUS
10
0.2600027165354331
20
1.5645584251968503
11
0.2601588188976378
21
1.5643103937007874
0
LINE
8
BLACK
6
CONTINUOUS
10
0.2601588188976378
20
1.5643103937007874
11
0.2620335826771654
21
1.5605608661417323
0
LINE
8
BLACK
6
CONTINUOUS
10
0.2620335826771654
20
1.5605608661417323
11
0.2622404724409449
21
1.5600202755905512
0
LINE
8
BLACK
6
CONTINUOUS
10
0.2622404724409449
20
1.5600202755905512
11
0.2622479921259843
21
1.5599144094488189
0
LINE
8
BLACK
6
CONTINUOUS
10
0.2622479921259843
20
1.5599144094488189
11
0.2622885826771654
21
1.5598164173228346
0
LINE
8
BLACK
6
CONTINUOUS
10
0.2622885826771654
20
1.5598164173228346
11
0.2623453149606299
21
1.5592403543307087
0
LINE
8
BLACK
6
CONTINUOUS
10
0.2623453149606299
20
1.5592403543307087
11
0.2623453149606299
21
1.5554908267716534
0
LINE
8
BLACK
6
CONTINUOUS
10
0.2623453149606299
20
1.5554908267716534
11
0.2623165748031496
21
1.5551992519685038
0
LINE
8
BLACK
6
CONTINUOUS
10
0.2623165748031496
20
1.5551992519685038
11
0.262322125984252
21
1.555121496062992
0
LINE
8
BLACK
6
CONTINUOUS
10
0.262322125984252
20
1.555121496062992
11
0.2622988582677165
21
1.555019251968504
0
LINE
8
BLACK
6
CONTINUOUS
10
0.2622988582677165
20
1.555019251968504
11
0.2622885826771654
21
1.5549147637795275
0
LINE
8
BLACK
6
CONTINUOUS
10
0.2622885826771654
20
1.5549147637795275
11
0.2622587007874015
21
1.554842716535433
0
LINE
8
BLACK
6
CONTINUOUS
10
0.2622587007874015
20
1.554842716535433
11
0.2621937795275591
21
1.5545570472440944
0
LINE
8
BLACK
6
CONTINUOUS
10
0.2621937795275591
20
1.5545570472440944
11
0.2603190157480315
21
1.5489327952755905
0
LINE
8
BLACK
6
CONTINUOUS
10
0.2603190157480315
20
1.5489327952755905
11
0.260083031496063
21
1.5484042125984252
0
LINE
8
BLACK
6
CONTINUOUS
10
0.260083031496063
20
1.5484042125984252
11
0.2600135433070866
21
1.5483241338582676
0
LINE
8
BLACK
6
CONTINUOUS
10
0.2600135433070866
20
1.5483241338582676
11
0.2599729527559055
21
1.5482260629921258
0
LINE
8
BLACK
6
CONTINUOUS
10
0.2599729527559055
20
1.5482260629921258
11
0.2596057086614173
21
1.547778622047244
0
LINE
8
BLACK
6
CONTINUOUS
10
0.2596057086614173
20
1.547778622047244
11
0.2421492125984252
21
1.5303220866141731
0
LINE
8
BLACK
6
CONTINUOUS
10
0.2421492125984252
20
1.5303220866141731
11
0.2593925590551181
21
1.5303220866141731
0
LINE
8
BLACK
6
CONTINUOUS
10
0.2593925590551181
20
1.5303220866141731
11
0.2599686220472441
21
1.5302653543307085
0
LINE
8
BLACK
6
CONTINUOUS
10
0.2599686220472441
20
1.5302653543307085
11
0.261033031496063
21
1.5298244488188977
0
LINE
8
BLACK
6
CONTINUOUS
10
0.261033031496063
20
1.5298244488188977
11
0.2618476771653543
21
1.5290098031496062
0
LINE
8
BLACK
6
CONTINUOUS
10
0.2618476771653543
20
1.5290098031496062
11
0.2622885826771654
21
1.5279453937007874
0
LINE
8
BLACK
6
CONTINUOUS
10
0.2622885826771654
20
1.5279453937007874
11
0.2622885826771654
21
1.5267932677165355
0
LINE
8
BLACK
6
CONTINUOUS
10
0.2622885826771654
20
1.5267932677165355
11
0.2618476771653543
21
1.5257288582677164
0
LINE
8
BLACK
6
CONTINUOUS
10
0.2618476771653543
20
1.5257288582677164
11
0.261033031496063
21
1.5249142125984252
0
LINE
8
BLACK
6
CONTINUOUS
10
0.261033031496063
20
1.5249142125984252
11
0.2599686220472441
21
1.5244733070866141
0
LINE
8
BLACK
6
CONTINUOUS
10
0.2599686220472441
20
1.5244733070866141
11
0.2593925590551181
21
1.5244165748031495
0
LINE
8
BLACK
6
CONTINUOUS
10
0.2593925590551181
20
1.5244165748031495
11
0.2350206299212598
21
1.5244165748031495
0
LINE
8
BLACK
6
CONTINUOUS
10
0.2350206299212598
20
1.5244165748031495
11
0.2344445669291338
21
1.5244733070866141
0
LINE
8
BLACK
6
CONTINUOUS
10
0.2344445669291338
20
1.5244733070866141
11
0.233380157480315
21
1.5249142125984252
0
LINE
8
BLACK
6
CONTINUOUS
10
0.233380157480315
20
1.5249142125984252
11
0.2325655118110236
21
1.5257288582677164
0
LINE
8
BLACK
6
CONTINUOUS
10
0.2325655118110236
20
1.5257288582677164
11
0.2321246062992126
21
1.5267932677165355
0
LINE
8
BLACK
6
CONTINUOUS
10
0.2321246062992126
20
1.5267932677165355
11
0.2321246062992126
21
1.5279453937007874
0
LINE
8
BLACK
6
CONTINUOUS
10
0.2321246062992126
20
1.5279453937007874
11
0.2325655118110236
21
1.5290098031496062
0
LINE
8
BLACK
6
CONTINUOUS
10
0.2325655118110236
20
1.5290098031496062
11
0.2329327165354331
21
1.5294572440944882
0
LINE
8
BLACK
6
CONTINUOUS
10
0.2329327165354331
20
1.5294572440944882
11
0.254936968503937
21
1.5514615748031495
0
LINE
8
BLACK
6
CONTINUOUS
10
0.254936968503937
20
1.5514615748031495
11
0.2564398031496063
21
1.5559699606299213
0
LINE
8
BLACK
6
CONTINUOUS
10
0.2564398031496063
20
1.5559699606299213
11
0.2564398031496063
21
1.5585433070866141
0
LINE
8
BLACK
6
CONTINUOUS
10
0.2564398031496063
20
1.5585433070866141
11
0.255091062992126
21
1.5612407874015748
0
LINE
8
BLACK
6
CONTINUOUS
10
0.255091062992126
20
1.5612407874015748
11
0.253893937007874
21
1.5624379133858268
0
LINE
8
BLACK
6
CONTINUOUS
10
0.253893937007874
20
1.5624379133858268
11
0.2511964566929134
21
1.5637866535433071
0
LINE
8
BLACK
6
CONTINUOUS
10
0.2511964566929134
20
1.5637866535433071
11
0.2432167322834645
21
1.5637866535433071
0
LINE
8
BLACK
6
CONTINUOUS
10
0.2432167322834645
20
1.5637866535433071
11
0.2405192519685039
21
1.5624379133858268
0
LINE
8
BLACK
6
CONTINUOUS
10
0.2405192519685039
20
1.5624379133858268
11
0.2389833070866142
21
1.5609019685039369
0
LINE
8
BLACK
6
CONTINUOUS
10
0.2389833070866142
20
1.5609019685039369
11
0.2385358661417323
21
1.5605347637795275
0
LINE
8
BLACK
6
CONTINUOUS
10
0.2385358661417323
20
1.5605347637795275
11
0.2374714173228346
21
1.5600938582677164
0
LINE
8
BLACK
6
CONTINUOUS
10
0.2374714173228346
20
1.5600938582677164
11
0.2363193700787402
21
1.5600938582677164
0
LINE
8
BLACK
6
CONTINUOUS
10
0.2363193700787402
20
1.5600938582677164
11
0.2352549212598425
21
1.5605347637795275
0
LINE
8
BLACK
6
CONTINUOUS
10
0.2352549212598425
20
1.5605347637795275
11
0.2344402755905512
21
1.5613494094488189
0
LINE
8
BLACK
6
CONTINUOUS
10
0.2344402755905512
20
1.5613494094488189
11
0.2339993700787402
21
1.5624138582677165
0
LINE
8
BLACK
6
CONTINUOUS
10
0.2339993700787402
20
1.5624138582677165
11
0.2339993700787402
21
1.563565905511811
0
LINE
8
BLACK
6
CONTINUOUS
10
0.2339993700787402
20
1.563565905511811
11
0.2344402755905512
21
1.5646303543307085
0
LINE
8
BLACK
6
CONTINUOUS
10
0.2344402755905512
20
1.5646303543307085
11
0.2348074803149606
21
1.5650777952755905
0
LINE
8
BLACK
6
CONTINUOUS
10
0.2348074803149606
20
1.5650777952755905
11
0.2366822440944882
21
1.5669525590551181
0
LINE
8
BLACK
6
CONTINUOUS
10
0.2366822440944882
20
1.5669525590551181
11
0.2369085826771654
21
1.5671383464566928
0
LINE
8
BLACK
6
CONTINUOUS
10
0.2369085826771654
20
1.5671383464566928
11
0.2369597637795275
21
1.5671973228346456
0
LINE
8
BLACK
6
CONTINUOUS
10
0.2369597637795275
20
1.5671973228346456
11
0.2370487007874016
21
1.5672533070866141
0
LINE
8
BLACK
6
CONTINUOUS
10
0.2370487007874016
20
1.5672533070866141
11
0.2371296850393701
21
1.5673197637795275
0
LINE
8
BLACK
6
CONTINUOUS
10
0.2371296850393701
20
1.5673197637795275
11
0.2372016141732284
21
1.5673496062992125
0
LINE
8
BLACK
6
CONTINUOUS
10
0.2372016141732284
20
1.5673496062992125
11
0.2374496456692913
21
1.5675056692913385
0
LINE
8
BLACK
6
CONTINUOUS
10
0.2374496456692913
20
1.5675056692913385
11
0.2411991732283464
21
1.5693804330708661
0
LINE
8
BLACK
6
CONTINUOUS
10
0.2411991732283464
20
1.5693804330708661
11
0.2417397637795276
21
1.5695873228346455
0
LINE
8
BLACK
6
CONTINUOUS
10
0.2417397637795276
20
1.5695873228346455
11
0.2418456299212598
21
1.5695948818897638
0
LINE
8
BLACK
6
CONTINUOUS
10
0.2418456299212598
20
1.5695948818897638
11
0.2419436220472441
21
1.5696354330708662
0
LINE
8
BLACK
6
CONTINUOUS
10
0.2419436220472441
20
1.5696354330708662
11
0.2425196850393701
21
1.5696921653543308
0
LINE
8
BLACK
6
CONTINUOUS
10
0.2425196850393701
20
1.5696921653543308
11
0.2518935039370079
21
1.5696921653543308
0
LINE
8
BLACK
6
CONTINUOUS
10
0.2518935039370079
20
1.5696921653543308
11
0.2524695669291339
21
1.5696354330708662
0
LINE
8
BLACK
6
CONTINUOUS
10
0.2899648818897638
20
1.5696354330708662
11
0.290062874015748
21
1.5695948425196851
0
LINE
8
BLACK
6
CONTINUOUS
10
0.290062874015748
20
1.5695948425196851
11
0.2901687007874016
21
1.5695873228346455
0
LINE
8
BLACK
6
CONTINUOUS
10
0.2901687007874016
20
1.5695873228346455
11
0.2907093307086614
21
1.5693804330708661
0
LINE
8
BLACK
6
CONTINUOUS
10
0.2907093307086614
20
1.5693804330708661
11
0.2944588582677165
21
1.5675056692913385
0
LINE
8
BLACK
6
CONTINUOUS
10
0.2944588582677165
20
1.5675056692913385
11
0.2947068503937008
21
1.5673496062992125
0
LINE
8
BLACK
6
CONTINUOUS
10
0.2947068503937008
20
1.5673496062992125
11
0.2947788188976378
21
1.5673197637795275
0
LINE
8
BLACK
6
CONTINUOUS
10
0.2947788188976378
20
1.5673197637795275
11
0.2948597637795276
21
1.5672533070866141
0
LINE
8
BLACK
6
CONTINUOUS
10
0.2948597637795276
20
1.5672533070866141
11
0.2949487401574803
21
1.5671973228346456
0
LINE
8
BLACK
6
CONTINUOUS
10
0.2949487401574803
20
1.5671973228346456
11
0.2949998818897638
21
1.5671383464566928
0
LINE
8
BLACK
6
CONTINUOUS
10
0.2949998818897638
20
1.5671383464566928
11
0.2952262598425197
21
1.5669525590551181
0
LINE
8
BLACK
6
CONTINUOUS
10
0.2952262598425197
20
1.5669525590551181
11
0.2971010236220472
21
1.5650777952755905
0
LINE
8
BLACK
6
CONTINUOUS
10
0.2971010236220472
20
1.5650777952755905
11
0.2972867716535433
21
1.5648514566929133
0
LINE
8
BLACK
6
CONTINUOUS
10
0.2972867716535433
20
1.5648514566929133
11
0.2973457874015748
21
1.5648002755905512
0
LINE
8
BLACK
6
CONTINUOUS
10
0.2973457874015748
20
1.5648002755905512
11
0.2974017322834646
21
1.5647113385826772
0
LINE
8
BLACK
6
CONTINUOUS
10
0.2974017322834646
20
1.5647113385826772
11
0.2974682283464567
21
1.5646303543307085
0
LINE
8
BLACK
6
CONTINUOUS
10
0.2974682283464567
20
1.5646303543307085
11
0.297498031496063
21
1.5645584251968503
0
LINE
8
BLACK
6
CONTINUOUS
10
0.297498031496063
20
1.5645584251968503
11
0.2976541338582677
21
1.5643103937007874
0
LINE
8
BLACK
6
CONTINUOUS
10
0.2976541338582677
20
1.5643103937007874
11
0.2995288976377953
21
1.5605608661417323
0
LINE
8
BLACK
6
CONTINUOUS
10
0.2995288976377953
20
1.5605608661417323
11
0.2997357874015748
21
1.5600202755905512
0
LINE
8
BLACK
6
CONTINUOUS
10
0.2997357874015748
20
1.5600202755905512
11
0.2997433070866142
21
1.5599144094488189
0
LINE
8
BLACK
6
CONTINUOUS
10
0.2997433070866142
20
1.5599144094488189
11
0.2997838976377953
21
1.5598164173228346
0
LINE
8
BLACK
6
CONTINUOUS
10
0.2997838976377953
20
1.5598164173228346
11
0.2998406299212598
21
1.5592403543307087
0
LINE
8
BLACK
6
CONTINUOUS
10
0.2998406299212598
20
1.5592403543307087
11
0.2998406299212598
21
1.5442422440944881
0
LINE
8
BLACK
6
CONTINUOUS
10
0.2998406299212598
20
1.5442422440944881
11
0.2998307086614173
21
1.5441417322834645
0
LINE
8
BLACK
6
CONTINUOUS
10
0.2998307086614173
20
1.5441417322834645
11
0.2998371259842519
21
1.5440987007874016
0
LINE
8
BLACK
6
CONTINUOUS
10
0.2998371259842519
20
1.5440987007874016
11
0.2998052362204724
21
1.5438832283464567
0
LINE
8
BLACK
6
CONTINUOUS
10
0.2998052362204724
20
1.5438832283464567
11
0.2997838976377953
21
1.5436661811023622
0
LINE
8
BLACK
6
CONTINUOUS
10
0.2997838976377953
20
1.5436661811023622
11
0.2997672440944882
21
1.5436259842519684
0
LINE
8
BLACK
6
CONTINUOUS
10
0.2997672440944882
20
1.5436259842519684
11
0.2997524803149606
21
1.5435261023622047
0
LINE
8
BLACK
6
CONTINUOUS
10
0.2997524803149606
20
1.5435261023622047
11
0.297877716535433
21
1.5360270472440944
0
LINE
8
BLACK
6
CONTINUOUS
10
0.297877716535433
20
1.5360270472440944
11
0.2977563779527559
21
1.535687559055118
0
LINE
8
BLACK
6
CONTINUOUS
10
0.2977563779527559
20
1.535687559055118
11
0.2977422834645669
21
1.5356161023622046
0
LINE
8
BLACK
6
CONTINUOUS
10
0.2977422834645669
20
1.5356161023622046
11
0.297707716535433
21
1.5355513385826771
0
LINE
8
BLACK
6
CONTINUOUS
10
0.297707716535433
20
1.5355513385826771
11
0.2976829527559055
21
1.5354819291338582
0
LINE
8
BLACK
6
CONTINUOUS
10
0.2976829527559055
20
1.5354819291338582
11
0.2976394094488189
21
1.5354232283464566
0
LINE
8
BLACK
6
CONTINUOUS
10
0.2976394094488189
20
1.5354232283464566
11
0.2974699606299213
21
1.53510531496063
0
LINE
8
BLACK
6
CONTINUOUS
10
0.2974699606299213
20
1.53510531496063
11
0.2937204330708661
21
1.5294809842519685
0
LINE
8
BLACK
6
CONTINUOUS
10
0.2937204330708661
20
1.5294809842519685
11
0.2937190944881889
21
1.5294794094488189
0
LINE
8
BLACK
6
CONTINUOUS
10
0.2937190944881889
20
1.5294794094488189
11
0.2937187401574803
21
1.529478464566929
0
LINE
8
BLACK
6
CONTINUOUS
10
0.2937187401574803
20
1.529478464566929
11
0.2935402362204724
21
1.5292609842519684
0
LINE
8
BLACK
6
CONTINUOUS
10
0.2935402362204724
20
1.5292609842519684
11
0.2933536614173228
21
1.5290331496062992
0
LINE
8
BLACK
6
CONTINUOUS
10
0.2933536614173228
20
1.5290331496062992
11
0.2933527952755905
21
1.5290325984251969
0
LINE
8
BLACK
6
CONTINUOUS
10
0.2933527952755905
20
1.5290325984251969
11
0.2933514960629921
21
1.5290309842519685
0
LINE
8
BLACK
6
CONTINUOUS
10
0.2933514960629921
20
1.5290309842519685
11
0.2914767716535433
21
1.5271562204724409
0
LINE
8
BLACK
6
CONTINUOUS
10
0.2914767716535433
20
1.5271562204724409
11
0.2912503937007874
21
1.5269704724409447
0
LINE
8
BLACK
6
CONTINUOUS
10
0.2912503937007874
20
1.5269704724409447
11
0.2911992125984252
21
1.5269114173228346
0
LINE
8
BLACK
6
CONTINUOUS
10
0.2911992125984252
20
1.5269114173228346
11
0.2911102362204724
21
1.5268554330708661
0
LINE
8
BLACK
6
CONTINUOUS
10
0.2911102362204724
20
1.5268554330708661
11
0.2910292913385827
21
1.5267889763779527
0
LINE
8
BLACK
6
CONTINUOUS
10
0.2910292913385827
20
1.5267889763779527
11
0.2909573228346456
21
1.5267591732283463
0
LINE
8
BLACK
6
CONTINUOUS
10
0.2909573228346456
20
1.5267591732283463
11
0.2907093307086614
21
1.5266030708661418
0
LINE
8
BLACK
6
CONTINUOUS
10
0.2907093307086614
20
1.5266030708661418
11
0.2869598031496063
21
1.5247283070866142
0
LINE
8
BLACK
6
CONTINUOUS
10
0.2869598031496063
20
1.5247283070866142
11
0.2864191732283464
21
1.5245214173228345
0
LINE
8
BLACK
6
CONTINUOUS
10
0.2864191732283464
20
1.5245214173228345
11
0.2863133464566929
21
1.524513937007874
0
LINE
8
BLACK
6
CONTINUOUS
10
0.2863133464566929
20
1.524513937007874
11
0.2862153543307087
21
1.5244733070866141
0
LINE
8
BLACK
6
CONTINUOUS
10
0.2862153543307087
20
1.5244733070866141
11
0.2856392913385827
21
1.5244165748031495
0
LINE
8
BLACK
6
CONTINUOUS
10
0.2856392913385827
20
1.5244165748031495
11
0.2781402362204725
21
1.5244165748031495
0
LINE
8
BLACK
6
CONTINUOUS
10
0.2781402362204725
20
1.5244165748031495
11
0.2775641732283465
21
1.5244733070866141
0
LINE
8
BLACK
6
CONTINUOUS
10
0.2775641732283465
20
1.5244733070866141
11
0.2764997637795276
21
1.5249142125984252
0
LINE
8
BLACK
6
CONTINUOUS
10
0.2764997637795276
20
1.5249142125984252
11
0.2756851181102362
21
1.5257288582677164
0
LINE
8
BLACK
6
CONTINUOUS
10
0.2756851181102362
20
1.5257288582677164
11
0.2752442125984252
21
1.5267932677165355
0
LINE
8
BLACK
6
CONTINUOUS
10
0.2752442125984252
20
1.5267932677165355
11
0.2752442125984252
21
1.5279453937007874
0
LINE
8
BLACK
6
CONTINUOUS
10
0.2752442125984252
20
1.5279453937007874
11
0.2756851181102362
21
1.5290098031496062
0
LINE
8
BLACK
6
CONTINUOUS
10
0.2756851181102362
20
1.5290098031496062
11
0.2764997637795276
21
1.5298244488188977
0
LINE
8
BLACK
6
CONTINUOUS
10
0.2764997637795276
20
1.5298244488188977
11
0.2775641732283465
21
1.5302653543307085
0
LINE
8
BLACK
6
CONTINUOUS
10
0.2775641732283465
20
1.5302653543307085
11
0.2781402362204725
21
1.5303220866141731
0
LINE
8
BLACK
6
CONTINUOUS
10
0.2781402362204725
20
1.5303220866141731
11
0.2849422440944882
21
1.5303220866141731
0
LINE
8
BLACK
6
CONTINUOUS
10
0.2849422440944882
20
1.5303220866141731
11
0.2876396850393701
21
1.5316708267716534
0
LINE
8
BLACK
6
CONTINUOUS
10
0.2876396850393701
20
1.5316708267716534
11
0.2889688188976378
21
1.5329999999999999
0
LINE
8
BLACK
6
CONTINUOUS
10
0.2889688188976378
20
1.5329999999999999
11
0.2922725590551181
21
1.5379555511811023
0
LINE
8
BLACK
6
CONTINUOUS
10
0.2922725590551181
20
1.5379555511811023
11
0.2930018503937008
21
1.540872716535433
0
LINE
8
BLACK
6
CONTINUOUS
10
0.2930018503937008
20
1.540872716535433
11
0.2907093307086614
21
1.5397264566929134
0
LINE
8
BLACK
6
CONTINUOUS
10
0.2907093307086614
20
1.5397264566929134
11
0.2901687007874016
21
1.5395195669291337
0
LINE
8
BLACK
6
CONTINUOUS
10
0.2901687007874016
20
1.5395195669291337
11
0.290062874015748
21
1.5395120866141732
0
LINE
8
BLACK
6
CONTINUOUS
10
0.290062874015748
20
1.5395120866141732
11
0.2899648818897638
21
1.5394714566929133
0
LINE
8
BLACK
6
CONTINUOUS
10
0.2899648818897638
20
1.5394714566929133
11
0.2893888188976378
21
1.5394147244094487
0
LINE
8
BLACK
6
CONTINUOUS
10
0.2893888188976378
20
1.5394147244094487
11
0.2818897637795276
21
1.5394147244094487
0
LINE
8
BLACK
6
CONTINUOUS
10
0.2818897637795276
20
1.5394147244094487
11
0.2813137007874016
21
1.5394714566929133
0
LINE
8
BLACK
6
CONTINUOUS
10
0.2813137007874016
20
1.5394714566929133
11
0.2812157086614173
21
1.5395120472440944
0
LINE
8
BLACK
6
CONTINUOUS
10
0.2812157086614173
20
1.5395120472440944
11
0.281109842519685
21
1.5395195669291337
0
LINE
8
BLACK
6
CONTINUOUS
10
0.281109842519685
20
1.5395195669291337
11
0.2805692519685039
21
1.5397264566929134
0
LINE
8
BLACK
6
CONTINUOUS
10
0.2805692519685039
20
1.5397264566929134
11
0.2768197244094488
21
1.541601220472441
0
LINE
8
BLACK
6
CONTINUOUS
10
0.2768197244094488
20
1.541601220472441
11
0.2765716929133858
21
1.5417573228346457
0
LINE
8
BLACK
6
CONTINUOUS
10
0.2765716929133858
20
1.5417573228346457
11
0.2764997637795276
21
1.5417871259842519
0
LINE
8
BLACK
6
CONTINUOUS
10
0.2764997637795276
20
1.5417871259842519
11
0.2764187795275591
21
1.5418536220472441
0
LINE
8
BLACK
6
CONTINUOUS
10
0.2764187795275591
20
1.5418536220472441
11
0.276329842519685
21
1.5419095669291338
0
LINE
8
BLACK
6
CONTINUOUS
10
0.276329842519685
20
1.5419095669291338
11
0.2762786614173228
21
1.5419685826771654
0
LINE
8
BLACK
6
CONTINUOUS
10
0.2762786614173228
20
1.5419685826771654
11
0.2760523228346456
21
1.5421543307086614
0
LINE
8
BLACK
6
CONTINUOUS
10
0.2760523228346456
20
1.5421543307086614
11
0.2741775590551181
21
1.5440290944881889
0
LINE
8
BLACK
6
CONTINUOUS
10
0.2741775590551181
20
1.5440290944881889
11
0.2739917716535433
21
1.5442554724409447
0
LINE
8
BLACK
6
CONTINUOUS
10
0.2739917716535433
20
1.5442554724409447
11
0.2739327952755906
21
1.5443066141732282
0
LINE
8
BLACK
6
CONTINUOUS
10
0.2739327952755906
20
1.5443066141732282
11
0.273876811023622
21
1.544395590551181
0
LINE
8
BLACK
6
CONTINUOUS
10
0.273876811023622
20
1.544395590551181
11
0.2738103543307087
21
1.5444765354330707
0
LINE
8
BLACK
6
CONTINUOUS
10
0.2738103543307087
20
1.5444765354330707
11
0.2737805118110236
21
1.5445485039370079
0
LINE
8
BLACK
6
CONTINUOUS
10
0.2737805118110236
20
1.5445485039370079
11
0.2736244488188976
21
1.5447964960629921
0
LINE
8
BLACK
6
CONTINUOUS
10
0.2736244488188976
20
1.5447964960629921
11
0.2717496850393701
21
1.5485460236220472
0
LINE
8
BLACK
6
CONTINUOUS
10
0.2717496850393701
20
1.5485460236220472
11
0.2715427952755906
21
1.549086653543307
0
LINE
8
BLACK
6
CONTINUOUS
10
0.2715427952755906
20
1.549086653543307
11
0.2715352755905512
21
1.5491924803149606
0
LINE
8
BLACK
6
CONTINUOUS
10
0.2715352755905512
20
1.5491924803149606
11
0.2714946850393701
21
1.5492904724409449
0
LINE
8
BLACK
6
CONTINUOUS
10
0.2714946850393701
20
1.5492904724409449
11
0.2714379527559055
21
1.5498665354330707
0
LINE
8
BLACK
6
CONTINUOUS
10
0.2714379527559055
20
1.5498665354330707
11
0.2714379527559055
21
1.5592403543307087
0
LINE
8
BLACK
6
CONTINUOUS
10
0.2714379527559055
20
1.5592403543307087
11
0.2714946850393701
21
1.5598164173228346
0
LINE
8
BLACK
6
CONTINUOUS
10
0.2714946850393701
20
1.5598164173228346
11
0.2715352755905512
21
1.5599144488188976
0
LINE
8
BLACK
6
CONTINUOUS
10
0.2715352755905512
20
1.5599144488188976
11
0.2715427952755906
21
1.5600202362204725
0
LINE
8
BLACK
6
CONTINUOUS
10
0.2715427952755906
20
1.5600202362204725
11
0.2717496850393701
21
1.5605608661417323
0
LINE
8
BLACK
6
CONTINUOUS
10
0.2717496850393701
20
1.5605608661417323
11
0.2736244488188976
21
1.5643103937007874
0
LINE
8
BLACK
6
CONTINUOUS
10
0.2736244488188976
20
1.5643103937007874
11
0.2737805118110236
21
1.5645584251968503
0
LINE
8
BLACK
6
CONTINUOUS
10
0.2737805118110236
20
1.5645584251968503
11
0.2738103543307087
21
1.5646303543307085
0
LINE
8
BLACK
6
CONTINUOUS
10
0.2738103543307087
20
1.5646303543307085
11
0.273876811023622
21
1.5647113385826772
0
LINE
8
BLACK
6
CONTINUOUS
10
0.273876811023622
20
1.5647113385826772
11
0.2739327952755906
21
1.5648002755905512
0
LINE
8
BLACK
6
CONTINUOUS
10
0.2739327952755906
20
1.5648002755905512
11
0.2739917716535433
21
1.5648514566929133
0
LINE
8
BLACK
6
CONTINUOUS
10
0.2739917716535433
20
1.5648514566929133
11
0.2741775590551181
21
1.5650777952755905
0
LINE
8
BLACK
6
CONTINUOUS
10
0.2741775590551181
20
1.5650777952755905
11
0.2760523228346456
21
1.5669525590551181
0
LINE
8
BLACK
6
CONTINUOUS
10
0.2760523228346456
20
1.5669525590551181
11
0.2762786614173228
21
1.5671383464566928
0
LINE
8
BLACK
6
CONTINUOUS
10
0.2762786614173228
20
1.5671383464566928
11
0.276329842519685
21
1.5671973228346456
0
LINE
8
BLACK
6
CONTINUOUS
10
0.276329842519685
20
1.5671973228346456
11
0.2764187795275591
21
1.5672533070866141
0
LINE
8
BLACK
6
CONTINUOUS
10
0.2764187795275591
20
1.5672533070866141
11
0.2764997637795276
21
1.5673197637795275
0
LINE
8
BLACK
6
CONTINUOUS
10
0.2764997637795276
20
1.5673197637795275
11
0.2765716929133858
21
1.5673496062992125
0
LINE
8
BLACK
6
CONTINUOUS
10
0.2765716929133858
20
1.5673496062992125
11
0.2768197244094488
21
1.5675056692913385
0
LINE
8
BLACK
6
CONTINUOUS
10
0.2768197244094488
20
1.5675056692913385
11
0.2805692519685039
21
1.5693804330708661
0
LINE
8
BLACK
6
CONTINUOUS
10
0.2805692519685039
20
1.5693804330708661
11
0.281109842519685
21
1.5695873228346455
0
LINE
8
BLACK
6
CONTINUOUS
10
0.281109842519685
20
1.5695873228346455
11
0.2812157086614173
21
1.5695948818897638
0
LINE
8
BLACK
6
CONTINUOUS
10
0.2812157086614173
20
1.5695948818897638
11
0.2813137007874016
21
1.5696354330708662
0
LINE
8
BLACK
6
CONTINUOUS
10
0.2813137007874016
20
1.5696354330708662
11
0.2818897637795276
21
1.5696921653543308
0
LINE
8
BLACK
6
CONTINUOUS
10
0.2818897637795276
20
1.5696921653543308
11
0.2893888188976378
21
1.5696921653543308
0
LINE
8
BLACK
6
CONTINUOUS
10
0.2893888188976378
20
1.5696921653543308
11
0.2899648818897638
21
1.5696354330708662
0
LINE
8
BLACK
6
CONTINUOUS
10
0.2798893307086614
20
1.5624379133858268
11
0.2786922047244094
21
1.5612407874015748
0
LINE
8
BLACK
6
CONTINUOUS
10
0.2786922047244094
20
1.5612407874015748
11
0.2773434645669292
21
1.5585433070866141
0
LINE
8
BLACK
6
CONTINUOUS
10
0.2773434645669292
20
1.5585433070866141
11
0.2773434645669292
21
1.5505635826771653
0
LINE
8
BLACK
6
CONTINUOUS
10
0.2773434645669292
20
1.5505635826771653
11
0.2786922047244094
21
1.5478661023622047
0
LINE
8
BLACK
6
CONTINUOUS
10
0.2786922047244094
20
1.5478661023622047
11
0.2798893307086614
21
1.5466689763779526
0
LINE
8
BLACK
6
CONTINUOUS
10
0.2798893307086614
20
1.5466689763779526
11
0.282586811023622
21
1.5453202362204723
0
LINE
8
BLACK
6
CONTINUOUS
10
0.282586811023622
20
1.5453202362204723
11
0.2886917716535433
21
1.5453202362204723
0
LINE
8
BLACK
6
CONTINUOUS
10
0.2886917716535433
20
1.5453202362204723
11
0.2913892519685039
21
1.5466689763779526
0
LINE
8
BLACK
6
CONTINUOUS
10
0.2913892519685039
20
1.5466689763779526
11
0.2925863779527559
21
1.5478661023622047
0
LINE
8
BLACK
6
CONTINUOUS
10
0.2925863779527559
20
1.5478661023622047
11
0.2939351181102362
21
1.5505635826771653
0
LINE
8
BLACK
6
CONTINUOUS
10
0.2939351181102362
20
1.5505635826771653
11
0.2939351181102362
21
1.5585433070866141
0
LINE
8
BLACK
6
CONTINUOUS
10
0.2939351181102362
20
1.5585433070866141
11
0.2925863779527559
21
1.5612407874015748
0
LINE
8
BLACK
6
CONTINUOUS
10
0.2925863779527559
20
1.5612407874015748
11
0.2913892519685039
21
1.5624379133858268
0
LINE
8
BLACK
6
CONTINUOUS
10
0.2913892519685039
20
1.5624379133858268
11
0.2886917716535433
21
1.5637866535433071
0
LINE
8
BLACK
6
CONTINUOUS
10
0.2886917716535433
20
1.5637866535433071
11
0.282586811023622
21
1.5637866535433071
0
LINE
8
BLACK
6
CONTINUOUS
10
0.282586811023622
20
1.5637866535433071
11
0.2798893307086614
21
1.5624379133858268
0
LINE
8
BLACK
6
CONTINUOUS
10
0.3462078346456693
20
1.5696354330708662
11
0.3463058267716536
21
1.5695948425196851
0
LINE
8
BLACK
6
CONTINUOUS
10
0.3463058267716536
20
1.5695948425196851
11
0.3464116535433071
21
1.5695873228346455
0
LINE
8
BLACK
6
CONTINUOUS
10
0.3464116535433071
20
1.5695873228346455
11
0.3469522834645669
21
1.5693804330708661
0
LINE
8
BLACK
6
CONTINUOUS
10
0.3469522834645669
20
1.5693804330708661
11
0.350701811023622
21
1.5675056692913385
0
LINE
8
BLACK
6
CONTINUOUS
10
0.350701811023622
20
1.5675056692913385
11
0.3509498031496063
21
1.5673496062992125
0
LINE
8
BLACK
6
CONTINUOUS
10
0.3509498031496063
20
1.5673496062992125
11
0.3510217716535433
21
1.5673197637795275
0
LINE
8
BLACK
6
CONTINUOUS
10
0.3510217716535433
20
1.5673197637795275
11
0.3511027165354331
21
1.5672533070866141
0
LINE
8
BLACK
6
CONTINUOUS
10
0.3511027165354331
20
1.5672533070866141
11
0.3511916929133858
21
1.5671973228346456
0
LINE
8
BLACK
6
CONTINUOUS
10
0.3511916929133858
20
1.5671973228346456
11
0.3512428346456693
21
1.5671383464566928
0
LINE
8
BLACK
6
CONTINUOUS
10
0.3512428346456693
20
1.5671383464566928
11
0.3514692125984252
21
1.5669525590551181
0
LINE
8
BLACK
6
CONTINUOUS
10
0.3514692125984252
20
1.5669525590551181
11
0.3533439763779527
21
1.5650777952755905
0
LINE
8
BLACK
6
CONTINUOUS
10
0.3533439763779527
20
1.5650777952755905
11
0.3535297244094488
21
1.5648514566929133
0
LINE
8
BLACK
6
CONTINUOUS
10
0.3535297244094488
20
1.5648514566929133
11
0.3535887401574803
21
1.5648002755905512
0
LINE
8
BLACK
6
CONTINUOUS
10
0.3535887401574803
20
1.5648002755905512
11
0.3536446850393701
21
1.5647113385826772
0
LINE
8
BLACK
6
CONTINUOUS
10
0.3536446850393701
20
1.5647113385826772
11
0.3537111811023622
21
1.5646303543307085
0
LINE
8
BLACK
6
CONTINUOUS
10
0.3537111811023622
20
1.5646303543307085
11
0.3537409842519685
21
1.5645584251968503
0
LINE
8
BLACK
6
CONTINUOUS
10
0.3537409842519685
20
1.5645584251968503
11
0.3538970866141732
21
1.5643103937007874
0
LINE
8
BLACK
6
CONTINUOUS
10
0.3538970866141732
20
1.5643103937007874
11
0.3557718503937008
21
1.5605608661417323
0
LINE
8
BLACK
6
CONTINUOUS
10
0.3557718503937008
20
1.5605608661417323
11
0.3559787401574803
21
1.5600202755905512
0
LINE
8
BLACK
6
CONTINUOUS
10
0.3559787401574803
20
1.5600202755905512
11
0.3559862598425197
21
1.5599144094488189
0
LINE
8
BLACK
6
CONTINUOUS
10
0.3559862598425197
20
1.5599144094488189
11
0.3560268503937008
21
1.5598164173228346
0
LINE
8
BLACK
6
CONTINUOUS
10
0.3560268503937008
20
1.5598164173228346
11
0.3560835826771653
21
1.5592403543307087
0
LINE
8
BLACK
6
CONTINUOUS
10
0.3560835826771653
20
1.5592403543307087
11
0.3560835826771653
21
1.5442422440944881
0
LINE
8
BLACK
6
CONTINUOUS
10
0.3560835826771653
20
1.5442422440944881
11
0.3560736614173228
21
1.5441417322834645
0
LINE
8
BLACK
6
CONTINUOUS
10
0.3560736614173228
20
1.5441417322834645
11
0.3560800787401575
21
1.5440987007874016
0
LINE
8
BLACK
6
CONTINUOUS
10
0.3560800787401575
20
1.5440987007874016
11
0.356048188976378
21
1.5438832283464567
0
LINE
8
BLACK
6
CONTINUOUS
10
0.356048188976378
20
1.5438832283464567
11
0.3560268503937008
21
1.5436661811023622
0
LINE
8
BLACK
6
CONTINUOUS
10
0.3560268503937008
20
1.5436661811023622
11
0.3560101968503937
21
1.5436259842519684
0
LINE
8
BLACK
6
CONTINUOUS
10
0.3560101968503937
20
1.5436259842519684
11
0.3559954330708661
21
1.5435261023622047
0
LINE
8
BLACK
6
CONTINUOUS
10
0.3559954330708661
20
1.5435261023622047
11
0.3541206692913386
21
1.5360270472440944
0
LINE
8
BLACK
6
CONTINUOUS
10
0.3541206692913386
20
1.5360270472440944
11
0.3539993307086614
21
1.535687559055118
0
LINE
8
BLACK
6
CONTINUOUS
10
0.3539993307086614
20
1.535687559055118
11
0.3539852362204725
21
1.5356161023622046
0
LINE
8
BLACK
6
CONTINUOUS
10
0.3539852362204725
20
1.5356161023622046
11
0.3539506692913386
21
1.5355513385826771
0
LINE
8
BLACK
6
CONTINUOUS
10
0.3539506692913386
20
1.5355513385826771
11
0.353925905511811
21
1.5354819291338582
0
LINE
8
BLACK
6
CONTINUOUS
10
0.353925905511811
20
1.5354819291338582
11
0.3538823622047244
21
1.5354232283464566
0
LINE
8
BLACK
6
CONTINUOUS
10
0.3538823622047244
20
1.5354232283464566
11
0.3537129133858268
21
1.53510531496063
0
LINE
8
BLACK
6
CONTINUOUS
10
0.3537129133858268
20
1.53510531496063
11
0.3499633858267717
21
1.5294809842519685
0
LINE
8
BLACK
6
CONTINUOUS
10
0.3499633858267717
20
1.5294809842519685
11
0.3499620472440945
21
1.5294794094488189
0
LINE
8
BLACK
6
CONTINUOUS
10
0.3499620472440945
20
1.5294794094488189
11
0.3499616929133858
21
1.529478464566929
0
LINE
8
BLACK
6
CONTINUOUS
10
0.3499616929133858
20
1.529478464566929
11
0.3497831889763779
21
1.5292609842519684
0
LINE
8
BLACK
6
CONTINUOUS
10
0.3497831889763779
20
1.5292609842519684
11
0.3495966141732283
21
1.5290331496062992
0
LINE
8
BLACK
6
CONTINUOUS
10
0.3495966141732283
20
1.5290331496062992
11
0.3495957480314961
21
1.5290325984251969
0
LINE
8
BLACK
6
CONTINUOUS
10
0.3495957480314961
20
1.5290325984251969
11
0.3495944488188976
21
1.5290309842519685
0
LINE
8
BLACK
6
CONTINUOUS
10
0.3495944488188976
20
1.5290309842519685
11
0.3477197244094488
21
1.5271562204724409
0
LINE
8
BLACK
6
CONTINUOUS
10
0.3477197244094488
20
1.5271562204724409
11
0.3474933464566929
21
1.5269704724409447
0
LINE
8
BLACK
6
CONTINUOUS
10
0.3474933464566929
20
1.5269704724409447
11
0.3474421653543307
21
1.5269114173228346
0
LINE
8
BLACK
6
CONTINUOUS
10
0.3474421653543307
20
1.5269114173228346
11
0.347353188976378
21
1.5268554330708661
0
LINE
8
BLACK
6
CONTINUOUS
10
0.347353188976378
20
1.5268554330708661
11
0.3472722440944882
21
1.5267889763779527
0
LINE
8
BLACK
6
CONTINUOUS
10
0.3472722440944882
20
1.5267889763779527
11
0.3472002755905512
21
1.5267591732283463
0
LINE
8
BLACK
6
CONTINUOUS
10
0.3472002755905512
20
1.5267591732283463
11
0.3469522834645669
21
1.5266030708661418
0
LINE
8
BLACK
6
CONTINUOUS
10
0.3469522834645669
20
1.5266030708661418
11
0.3432027559055118
21
1.5247283070866142
0
LINE
8
BLACK
6
CONTINUOUS
10
0.3432027559055118
20
1.5247283070866142
11
0.3426621259842519
21
1.5245214173228345
0
LINE
8
BLACK
6
CONTINUOUS
10
0.3426621259842519
20
1.5245214173228345
11
0.3425562992125984
21
1.524513937007874
0
LINE
8
BLACK
6
CONTINUOUS
10
0.3425562992125984
20
1.524513937007874
11
0.3424583070866142
21
1.5244733070866141
0
LINE
8
BLACK
6
CONTINUOUS
10
0.3424583070866142
20
1.5244733070866141
11
0.3418822440944882
21
1.5244165748031495
0
LINE
8
BLACK
6
CONTINUOUS
10
0.3418822440944882
20
1.5244165748031495
11
0.3343831889763779
21
1.5244165748031495
0
LINE
8
BLACK
6
CONTINUOUS
10
0.3343831889763779
20
1.5244165748031495
11
0.3338071259842519
21
1.5244733070866141
0
LINE
8
BLACK
6
CONTINUOUS
10
0.3338071259842519
20
1.5244733070866141
11
0.3327427165354331
21
1.5249142125984252
0
LINE
8
BLACK
6
CONTINUOUS
10
0.3327427165354331
20
1.5249142125984252
11
0.3319280708661417
21
1.5257288582677164
0
LINE
8
BLACK
6
CONTINUOUS
10
0.3319280708661417
20
1.5257288582677164
11
0.3314871653543307
21
1.5267932677165355
0
LINE
8
BLACK
6
CONTINUOUS
10
0.3314871653543307
20
1.5267932677165355
11
0.3314871653543307
21
1.5279453937007874
0
LINE
8
BLACK
6
CONTINUOUS
10
0.3314871653543307
20
1.5279453937007874
11
0.3319280708661417
21
1.5290098031496062
0
LINE
8
BLACK
6
CONTINUOUS
10
0.3319280708661417
20
1.5290098031496062
11
0.3327427165354331
21
1.5298244488188977
0
LINE
8
BLACK
6
CONTINUOUS
10
0.3327427165354331
20
1.5298244488188977
11
0.3338071259842519
21
1.5302653543307085
0
LINE
8
BLACK
6
CONTINUOUS
10
0.3338071259842519
20
1.5302653543307085
11
0.3343831889763779
21
1.5303220866141731
0
LINE
8
BLACK
6
CONTINUOUS
10
0.3343831889763779
20
1.5303220866141731
11
0.3411851968503937
21
1.5303220866141731
0
LINE
8
BLACK
6
CONTINUOUS
10
0.3411851968503937
20
1.5303220866141731
11
0.3438826377952756
21
1.5316708267716534
0
LINE
8
BLACK
6
CONTINUOUS
10
0.3438826377952756
20
1.5316708267716534
11
0.3452117716535433
21
1.5329999999999999
0
LINE
8
BLACK
6
CONTINUOUS
10
0.3452117716535433
20
1.5329999999999999
11
0.3485155118110236
21
1.5379555511811023
0
LINE
8
BLACK
6
CONTINUOUS
10
0.3485155118110236
20
1.5379555511811023
11
0.3492448031496063
21
1.540872716535433
0
LINE
8
BLACK
6
CONTINUOUS
10
0.3492448031496063
20
1.540872716535433
11
0.3469522834645669
21
1.5397264566929134
0
LINE
8
BLACK
6
CONTINUOUS
10
0.3469522834645669
20
1.5397264566929134
11
0.3464116535433071
21
1.5395195669291337
0
LINE
8
BLACK
6
CONTINUOUS
10
0.3464116535433071
20
1.5395195669291337
11
0.3463058267716536
21
1.5395120866141732
0
LINE
8
BLACK
6
CONTINUOUS
10
0.3463058267716536
20
1.5395120866141732
11
0.3462078346456693
21
1.5394714566929133
0
LINE
8
BLACK
6
CONTINUOUS
10
0.3462078346456693
20
1.5394714566929133
11
0.3456317716535433
21
1.5394147244094487
0
LINE
8
BLACK
6
CONTINUOUS
10
0.3456317716535433
20
1.5394147244094487
11
0.3381327165354331
21
1.5394147244094487
0
LINE
8
BLACK
6
CONTINUOUS
10
0.3381327165354331
20
1.5394147244094487
11
0.3375566535433071
21
1.5394714566929133
0
LINE
8
BLACK
6
CONTINUOUS
10
0.3375566535433071
20
1.5394714566929133
11
0.3374586614173228
21
1.5395120472440944
0
LINE
8
BLACK
6
CONTINUOUS
10
0.3374586614173228
20
1.5395120472440944
11
0.3373527952755905
21
1.5395195669291337
0
LINE
8
BLACK
6
CONTINUOUS
10
0.3373527952755905
20
1.5395195669291337
11
0.3368122047244094
21
1.5397264566929134
0
LINE
8
BLACK
6
CONTINUOUS
10
0.3368122047244094
20
1.5397264566929134
11
0.3330626771653543
21
1.541601220472441
0
LINE
8
BLACK
6
CONTINUOUS
10
0.3330626771653543
20
1.541601220472441
11
0.3328146456692913
21
1.5417573228346457
0
LINE
8
BLACK
6
CONTINUOUS
10
0.3328146456692913
20
1.5417573228346457
11
0.3327427165354331
21
1.5417871259842519
0
LINE
8
BLACK
6
CONTINUOUS
10
0.3327427165354331
20
1.5417871259842519
11
0.3326617322834646
21
1.5418536220472441
0
LINE
8
BLACK
6
CONTINUOUS
10
0.3326617322834646
20
1.5418536220472441
11
0.3325727952755905
21
1.5419095669291338
0
LINE
8
BLACK
6
CONTINUOUS
10
0.3325727952755905
20
1.5419095669291338
11
0.3325216141732283
21
1.5419685826771654
0
LINE
8
BLACK
6
CONTINUOUS
10
0.3325216141732283
20
1.5419685826771654
11
0.3322952755905512
21
1.5421543307086614
0
LINE
8
BLACK
6
CONTINUOUS
10
0.3322952755905512
20
1.5421543307086614
11
0.3304205118110236
21
1.5440290944881889
0
LINE
8
BLACK
6
CONTINUOUS
10
0.3304205118110236
20
1.5440290944881889
11
0.3302347244094488
21
1.5442554724409447
0
LINE
8
BLACK
6
CONTINUOUS
10
0.3302347244094488
20
1.5442554724409447
11
0.3301757480314961
21
1.5443066141732282
0
LINE
8
BLACK
6
CONTINUOUS
10
0.3301757480314961
20
1.5443066141732282
11
0.3301197637795276
21
1.544395590551181
0
LINE
8
BLACK
6
CONTINUOUS
10
0.3301197637795276
20
1.544395590551181
11
0.3300533070866142
21
1.5444765354330707
0
LINE
8
BLACK
6
CONTINUOUS
10
0.3300533070866142
20
1.5444765354330707
11
0.3300234645669291
21
1.5445485039370079
0
LINE
8
BLACK
6
CONTINUOUS
10
0.3300234645669291
20
1.5445485039370079
11
0.3298674015748032
21
1.5447964960629921
0
LINE
8
BLACK
6
CONTINUOUS
10
0.3298674015748032
20
1.5447964960629921
11
0.3279926377952756
21
1.5485460236220472
0
LINE
8
BLACK
6
CONTINUOUS
10
0.3279926377952756
20
1.5485460236220472
11
0.3277857480314961
21
1.549086653543307
0
LINE
8
BLACK
6
CONTINUOUS
10
0.3277857480314961
20
1.549086653543307
11
0.3277782283464567
21
1.5491924803149606
0
LINE
8
BLACK
6
CONTINUOUS
10
0.3277782283464567
20
1.5491924803149606
11
0.3277376377952756
21
1.5492904724409449
0
LINE
8
BLACK
6
CONTINUOUS
10
0.3277376377952756
20
1.5492904724409449
11
0.327680905511811
21
1.5498665354330707
0
LINE
8
BLACK
6
CONTINUOUS
10
0.327680905511811
20
1.5498665354330707
11
0.327680905511811
21
1.5592403543307087
0
LINE
8
BLACK
6
CONTINUOUS
10
0.327680905511811
20
1.5592403543307087
11
0.3277376377952756
21
1.5598164173228346
0
LINE
8
BLACK
6
CONTINUOUS
10
0.3277376377952756
20
1.5598164173228346
11
0.3277782283464567
21
1.5599144488188976
0
LINE
8
BLACK
6
CONTINUOUS
10
0.3277782283464567
20
1.5599144488188976
11
0.3277857480314961
21
1.5600202362204725
0
LINE
8
BLACK
6
CONTINUOUS
10
0.3277857480314961
20
1.5600202362204725
11
0.3279926377952756
21
1.5605608661417323
0
LINE
8
BLACK
6
CONTINUOUS
10
0.3279926377952756
20
1.5605608661417323
11
0.3298674015748032
21
1.5643103937007874
0
LINE
8
BLACK
6
CONTINUOUS
10
0.3298674015748032
20
1.5643103937007874
11
0.3300234645669291
21
1.5645584251968503
0
LINE
8
BLACK
6
CONTINUOUS
10
0.3300234645669291
20
1.5645584251968503
11
0.3300533070866142
21
1.5646303543307085
0
LINE
8
BLACK
6
CONTINUOUS
10
0.3300533070866142
20
1.5646303543307085
11
0.3301197637795276
21
1.5647113385826772
0
LINE
8
BLACK
6
CONTINUOUS
10
0.3301197637795276
20
1.5647113385826772
11
0.3301757480314961
21
1.5648002755905512
0
LINE
8
BLACK
6
CONTINUOUS
10
0.3301757480314961
20
1.5648002755905512
11
0.3302347244094488
21
1.5648514566929133
0
LINE
8
BLACK
6
CONTINUOUS
10
0.3302347244094488
20
1.5648514566929133
11
0.3304205118110236
21
1.5650777952755905
0
LINE
8
BLACK
6
CONTINUOUS
10
0.3304205118110236
20
1.5650777952755905
11
0.3322952755905512
21
1.5669525590551181
0
LINE
8
BLACK
6
CONTINUOUS
10
0.3322952755905512
20
1.5669525590551181
11
0.3325216141732283
21
1.5671383464566928
0
LINE
8
BLACK
6
CONTINUOUS
10
0.3325216141732283
20
1.5671383464566928
11
0.3325727952755905
21
1.5671973228346456
0
LINE
8
BLACK
6
CONTINUOUS
10
0.3325727952755905
20
1.5671973228346456
11
0.3326617322834646
21
1.5672533070866141
0
LINE
8
BLACK
6
CONTINUOUS
10
0.3326617322834646
20
1.5672533070866141
11
0.3327427165354331
21
1.5673197637795275
0
LINE
8
BLACK
6
CONTINUOUS
10
0.3327427165354331
20
1.5673197637795275
11
0.3328146456692913
21
1.5673496062992125
0
LINE
8
BLACK
6
CONTINUOUS
10
0.3328146456692913
20
1.5673496062992125
11
0.3330626771653543
21
1.5675056692913385
0
LINE
8
BLACK
6
CONTINUOUS
10
0.3330626771653543
20
1.5675056692913385
11
0.3368122047244094
21
1.5693804330708661
0
LINE
8
BLACK
6
CONTINUOUS
10
0.3368122047244094
20
1.5693804330708661
11
0.3373527952755905
21
1.5695873228346455
0
LINE
8
BLACK
6
CONTINUOUS
10
0.3373527952755905
20
1.5695873228346455
11
0.3374586614173228
21
1.5695948818897638
0
LINE
8
BLACK
6
CONTINUOUS
10
0.3374586614173228
20
1.5695948818897638
11
0.3375566535433071
21
1.5696354330708662
0
LINE
8
BLACK
6
CONTINUOUS
10
0.3375566535433071
20
1.5696354330708662
11
0.3381327165354331
21
1.5696921653543308
0
LINE
8
BLACK
6
CONTINUOUS
10
0.3381327165354331
20
1.5696921653543308
11
0.3456317716535433
21
1.5696921653543308
0
LINE
8
BLACK
6
CONTINUOUS
10
0.3456317716535433
20
1.5696921653543308
11
0.3462078346456693
21
1.5696354330708662
0
LINE
8
BLACK
6
CONTINUOUS
10
0.3361322834645669
20
1.5624379133858268
11
0.3349351574803149
21
1.5612407874015748
0
LINE
8
BLACK
6
CONTINUOUS
10
0.3349351574803149
20
1.5612407874015748
11
0.3335864173228346
21
1.5585433070866141
0
LINE
8
BLACK
6
CONTINUOUS
10
0.3335864173228346
20
1.5585433070866141
11
0.3335864173228346
21
1.5505635826771653
0
LINE
8
BLACK
6
CONTINUOUS
10
0.3335864173228346
20
1.5505635826771653
11
0.3349351574803149
21
1.5478661023622047
0
LINE
8
BLACK
6
CONTINUOUS
10
0.3349351574803149
20
1.5478661023622047
11
0.3361322834645669
21
1.5466689763779526
0
LINE
8
BLACK
6
CONTINUOUS
10
0.3361322834645669
20
1.5466689763779526
11
0.3388297637795276
21
1.5453202362204723
0
LINE
8
BLACK
6
CONTINUOUS
10
0.3388297637795276
20
1.5453202362204723
11
0.3449347244094488
21
1.5453202362204723
0
LINE
8
BLACK
6
CONTINUOUS
10
0.3449347244094488
20
1.5453202362204723
11
0.3476322047244094
21
1.5466689763779526
0
LINE
8
BLACK
6
CONTINUOUS
10
0.3476322047244094
20
1.5466689763779526
11
0.3488293307086614
21
1.5478661023622047
0
LINE
8
BLACK
6
CONTINUOUS
10
0.3488293307086614
20
1.5478661023622047
11
0.3501780708661417
21
1.5505635826771653
0
LINE
8
BLACK
6
CONTINUOUS
10
0.3501780708661417
20
1.5505635826771653
11
0.3501780708661417
21
1.5585433070866141
0
LINE
8
BLACK
6
CONTINUOUS
10
0.3501780708661417
20
1.5585433070866141
11
0.3488293307086614
21
1.5612407874015748
0
LINE
8
BLACK
6
CONTINUOUS
10
0.3488293307086614
20
1.5612407874015748
11
0.3476322047244094
21
1.5624379133858268
0
LINE
8
BLACK
6
CONTINUOUS
10
0.3476322047244094
20
1.5624379133858268
11
0.3449347244094488
21
1.5637866535433071
0
LINE
8
BLACK
6
CONTINUOUS
10
0.3449347244094488
20
1.5637866535433071
11
0.3388297637795276
21
1.5637866535433071
0
LINE
8
BLACK
6
CONTINUOUS
10
0.3388297637795276
20
1.5637866535433071
11
0.3361322834645669
21
1.5624379133858268
0
LINE
8
BLACK
6
CONTINUOUS
10
0.4211984645669291
20
1.5696354330708662
11
0.4212964566929134
21
1.5695948425196851
0
LINE
8
BLACK
6
CONTINUOUS
10
0.4212964566929134
20
1.5695948425196851
11
0.4214022834645669
21
1.5695873228346455
0
LINE
8
BLACK
6
CONTINUOUS
10
0.4214022834645669
20
1.5695873228346455
11
0.4219429133858267
21
1.5693804330708661
0
LINE
8
BLACK
6
CONTINUOUS
10
0.4219429133858267
20
1.5693804330708661
11
0.4256924409448819
21
1.5675056692913385
0
LINE
8
BLACK
6
CONTINUOUS
10
0.4256924409448819
20
1.5675056692913385
11
0.4259404330708662
21
1.5673496062992125
0
LINE
8
BLACK
6
CONTINUOUS
10
0.4259404330708662
20
1.5673496062992125
11
0.4260124015748031
21
1.5673197637795275
0
LINE
8
BLACK
6
CONTINUOUS
10
0.4260124015748031
20
1.5673197637795275
11
0.4260933464566929
21
1.5672533070866141
0
LINE
8
BLACK
6
CONTINUOUS
10
0.4260933464566929
20
1.5672533070866141
11
0.4261823228346456
21
1.5671973228346456
0
LINE
8
BLACK
6
CONTINUOUS
10
0.4261823228346456
20
1.5671973228346456
11
0.4262334645669291
21
1.5671383464566928
0
LINE
8
BLACK
6
CONTINUOUS
10
0.4262334645669291
20
1.5671383464566928
11
0.4264598425196851
21
1.5669525590551181
0
LINE
8
BLACK
6
CONTINUOUS
10
0.4264598425196851
20
1.5669525590551181
11
0.4283346062992126
21
1.5650777952755905
0
LINE
8
BLACK
6
CONTINUOUS
10
0.4283346062992126
20
1.5650777952755905
11
0.4285203543307087
21
1.5648514566929133
0
LINE
8
BLACK
6
CONTINUOUS
10
0.4285203543307087
20
1.5648514566929133
11
0.4285793700787401
21
1.5648002755905512
0
LINE
8
BLACK
6
CONTINUOUS
10
0.4285793700787401
20
1.5648002755905512
11
0.4286353149606299
21
1.5647113385826772
0
LINE
8
BLACK
6
CONTINUOUS
10
0.4286353149606299
20
1.5647113385826772
11
0.428701811023622
21
1.5646303543307085
0
LINE
8
BLACK
6
CONTINUOUS
10
0.428701811023622
20
1.5646303543307085
11
0.4287316141732284
21
1.5645584251968503
0
LINE
8
BLACK
6
CONTINUOUS
10
0.4287316141732284
20
1.5645584251968503
11
0.4288877165354331
21
1.5643103937007874
0
LINE
8
BLACK
6
CONTINUOUS
10
0.4288877165354331
20
1.5643103937007874
11
0.4307624803149606
21
1.5605608661417323
0
LINE
8
BLACK
6
CONTINUOUS
10
0.4307624803149606
20
1.5605608661417323
11
0.4309693700787401
21
1.5600202755905512
0
LINE
8
BLACK
6
CONTINUOUS
10
0.4309693700787401
20
1.5600202755905512
11
0.4309768897637795
21
1.5599144094488189
0
LINE
8
BLACK
6
CONTINUOUS
10
0.4309768897637795
20
1.5599144094488189
11
0.4310174803149606
21
1.5598164173228346
0
LINE
8
BLACK
6
CONTINUOUS
10
0.4310174803149606
20
1.5598164173228346
11
0.4310742125984252
21
1.5592403543307087
0
LINE
8
BLACK
6
CONTINUOUS
10
0.4310742125984252
20
1.5592403543307087
11
0.4310742125984252
21
1.5554908267716534
0
LINE
8
BLACK
6
CONTINUOUS
10
0.4310742125984252
20
1.5554908267716534
11
0.4310454724409449
21
1.5551992519685038
0
LINE
8
BLACK
6
CONTINUOUS
10
0.4310454724409449
20
1.5551992519685038
11
0.4310510236220472
21
1.555121496062992
0
LINE
8
BLACK
6
CONTINUOUS
10
0.4310510236220472
20
1.555121496062992
11
0.4310277559055118
21
1.555019251968504
0
LINE
8
BLACK
6
CONTINUOUS
10
0.4310277559055118
20
1.555019251968504
11
0.4310174803149606
21
1.5549147637795275
0
LINE
8
BLACK
6
CONTINUOUS
10
0.4310174803149606
20
1.5549147637795275
11
0.4309875984251968
21
1.554842716535433
0
LINE
8
BLACK
6
CONTINUOUS
10
0.4309875984251968
20
1.554842716535433
11
0.4309226771653543
21
1.5545570472440944
0
LINE
8
BLACK
6
CONTINUOUS
10
0.4309226771653543
20
1.5545570472440944
11
0.4290479133858268
21
1.5489327952755905
0
LINE
8
BLACK
6
CONTINUOUS
10
0.4290479133858268
20
1.5489327952755905
11
0.4288119291338582
21
1.5484042125984252
0
LINE
8
BLACK
6
CONTINUOUS
10
0.4288119291338582
20
1.5484042125984252
11
0.4287424409448819
21
1.5483241338582676
0
LINE
8
BLACK
6
CONTINUOUS
10
0.4287424409448819
20
1.5483241338582676
11
0.4287018503937008
21
1.5482260629921258
0
LINE
8
BLACK
6
CONTINUOUS
10
0.4287018503937008
20
1.5482260629921258
11
0.4283346062992126
21
1.547778622047244
0
LINE
8
BLACK
6
CONTINUOUS
10
0.4283346062992126
20
1.547778622047244
11
0.4108781102362205
21
1.5303220866141731
0
LINE
8
BLACK
6
CONTINUOUS
10
0.4108781102362205
20
1.5303220866141731
11
0.4281214566929133
21
1.5303220866141731
0
LINE
8
BLACK
6
CONTINUOUS
10
0.4281214566929133
20
1.5303220866141731
11
0.4286975196850394
21
1.5302653543307085
0
LINE
8
BLACK
6
CONTINUOUS
10
0.4286975196850394
20
1.5302653543307085
11
0.4297619291338582
21
1.5298244488188977
0
LINE
8
BLACK
6
CONTINUOUS
10
0.4297619291338582
20
1.5298244488188977
11
0.4305765748031496
21
1.5290098031496062
0
LINE
8
BLACK
6
CONTINUOUS
10
0.4305765748031496
20
1.5290098031496062
11
0.4310174803149606
21
1.5279453937007874
0
LINE
8
BLACK
6
CONTINUOUS
10
0.4310174803149606
20
1.5279453937007874
11
0.4310174803149606
21
1.5267932677165355
0
LINE
8
BLACK
6
CONTINUOUS
10
0.4310174803149606
20
1.5267932677165355
11
0.4305765748031496
21
1.5257288582677164
0
LINE
8
BLACK
6
CONTINUOUS
10
0.4305765748031496
20
1.5257288582677164
11
0.4297619291338582
21
1.5249142125984252
0
LINE
8
BLACK
6
CONTINUOUS
10
0.4297619291338582
20
1.5249142125984252
11
0.4286975196850394
21
1.5244733070866141
0
LINE
8
BLACK
6
CONTINUOUS
10
0.4286975196850394
20
1.5244733070866141
11
0.4281214566929133
21
1.5244165748031495
0
LINE
8
BLACK
6
CONTINUOUS
10
0.4281214566929133
20
1.5244165748031495
11
0.4037495275590551
21
1.5244165748031495
0
LINE
8
BLACK
6
CONTINUOUS
10
0.4037495275590551
20
1.5244165748031495
11
0.4031734645669292
21
1.5244733070866141
0
LINE
8
BLACK
6
CONTINUOUS
10
0.4031734645669292
20
1.5244733070866141
11
0.4021090551181102
21
1.5249142125984252
0
LINE
8
BLACK
6
CONTINUOUS
10
0.4021090551181102
20
1.5249142125984252
11
0.4012944094488189
21
1.5257288582677164
0
LINE
8
BLACK
6
CONTINUOUS
10
0.4012944094488189
20
1.5257288582677164
11
0.4008535039370079
21
1.5267932677165355
0
LINE
8
BLACK
6
CONTINUOUS
10
0.4008535039370079
20
1.5267932677165355
11
0.4008535039370079
21
1.5279453937007874
0
LINE
8
BLACK
6
CONTINUOUS
10
0.4008535039370079
20
1.5279453937007874
11
0.4012944094488189
21
1.5290098031496062
0
LINE
8
BLACK
6
CONTINUOUS
10
0.4012944094488189
20
1.5290098031496062
11
0.4016616141732283
21
1.5294572440944882
0
LINE
8
BLACK
6
CONTINUOUS
10
0.4016616141732283
20
1.5294572440944882
11
0.4236658661417323
21
1.5514615748031495
0
LINE
8
BLACK
6
CONTINUOUS
10
0.4236658661417323
20
1.5514615748031495
11
0.4251687007874015
21
1.5559699606299213
0
LINE
8
BLACK
6
CONTINUOUS
10
0.4251687007874015
20
1.5559699606299213
11
0.4251687007874015
21
1.5585433070866141
0
LINE
8
BLACK
6
CONTINUOUS
10
0.4251687007874015
20
1.5585433070866141
11
0.4238199606299213
21
1.5612407874015748
0
LINE
8
BLACK
6
CONTINUOUS
10
0.4238199606299213
20
1.5612407874015748
11
0.4226228346456693
21
1.5624379133858268
0
LINE
8
BLACK
6
CONTINUOUS
10
0.4226228346456693
20
1.5624379133858268
11
0.4199253543307087
21
1.5637866535433071
0
LINE
8
BLACK
6
CONTINUOUS
10
0.4199253543307087
20
1.5637866535433071
11
0.4119456299212598
21
1.5637866535433071
0
LINE
8
BLACK
6
CONTINUOUS
10
0.4119456299212598
20
1.5637866535433071
11
0.4092481496062992
21
1.5624379133858268
0
LINE
8
BLACK
6
CONTINUOUS
10
0.4092481496062992
20
1.5624379133858268
11
0.4077122047244094
21
1.5609019685039369
0
LINE
8
BLACK
6
CONTINUOUS
10
0.4077122047244094
20
1.5609019685039369
11
0.4072647637795275
21
1.5605347637795275
0
LINE
8
BLACK
6
CONTINUOUS
10
0.4072647637795275
20
1.5605347637795275
11
0.4062003149606299
21
1.5600938582677164
0
LINE
8
BLACK
6
CONTINUOUS
10
0.4062003149606299
20
1.5600938582677164
11
0.4050482677165354
21
1.5600938582677164
0
LINE
8
BLACK
6
CONTINUOUS
10
0.4050482677165354
20
1.5600938582677164
11
0.4039838188976378
21
1.5605347637795275
0
LINE
8
BLACK
6
CONTINUOUS
10
0.4039838188976378
20
1.5605347637795275
11
0.4031691732283464
21
1.5613494094488189
0
LINE
8
BLACK
6
CONTINUOUS
10
0.4031691732283464
20
1.5613494094488189
11
0.4027282677165354
21
1.5624138582677165
0
LINE
8
BLACK
6
CONTINUOUS
10
0.4027282677165354
20
1.5624138582677165
11
0.4027282677165354
21
1.563565905511811
0
LINE
8
BLACK
6
CONTINUOUS
10
0.4027282677165354
20
1.563565905511811
11
0.4031691732283464
21
1.5646303543307085
0
LINE
8
BLACK
6
CONTINUOUS
10
0.4031691732283464
20
1.5646303543307085
11
0.4035363779527559
21
1.5650777952755905
0
LINE
8
BLACK
6
CONTINUOUS
10
0.4035363779527559
20
1.5650777952755905
11
0.4054111417322834
21
1.5669525590551181
0
LINE
8
BLACK
6
CONTINUOUS
10
0.4054111417322834
20
1.5669525590551181
11
0.4056374803149606
21
1.5671383464566928
0
LINE
8
BLACK
6
CONTINUOUS
10
0.4056374803149606
20
1.5671383464566928
11
0.4056886614173228
21
1.5671973228346456
0
LINE
8
BLACK
6
CONTINUOUS
10
0.4056886614173228
20
1.5671973228346456
11
0.4057775984251968
21
1.5672533070866141
0
LINE
8
BLACK
6
CONTINUOUS
10
0.4057775984251968
20
1.5672533070866141
11
0.4058585826771653
21
1.5673197637795275
0
LINE
8
BLACK
6
CONTINUOUS
10
0.4058585826771653
20
1.5673197637795275
11
0.4059305118110236
21
1.5673496062992125
0
LINE
8
BLACK
6
CONTINUOUS
10
0.4059305118110236
20
1.5673496062992125
11
0.4061785433070866
21
1.5675056692913385
0
LINE
8
BLACK
6
CONTINUOUS
10
0.4061785433070866
20
1.5675056692913385
11
0.4099280708661417
21
1.5693804330708661
0
LINE
8
BLACK
6
CONTINUOUS
10
0.4099280708661417
20
1.5693804330708661
11
0.4104686614173228
21
1.5695873228346455
0
LINE
8
BLACK
6
CONTINUOUS
10
0.4104686614173228
20
1.5695873228346455
11
0.4105745275590551
21
1.5695948818897638
0
LINE
8
BLACK
6
CONTINUOUS
10
0.4105745275590551
20
1.5695948818897638
11
0.4106725196850394
21
1.5696354330708662
0
LINE
8
BLACK
6
CONTINUOUS
10
0.4106725196850394
20
1.5696354330708662
11
0.4112485826771654
21
1.5696921653543308
0
LINE
8
BLACK
6
CONTINUOUS
10
0.4112485826771654
20
1.5696921653543308
11
0.4206224015748031
21
1.5696921653543308
0
LINE
8
BLACK
6
CONTINUOUS
10
0.4206224015748031
20
1.5696921653543308
11
0.4211984645669291
21
1.5696354330708662
0
LINE
8
BLACK
6
CONTINUOUS
10
0.393076968503937
20
1.5696354330708662
11
0.3930938976377953
21
1.5696284251968504
0
LINE
8
BLACK
6
CONTINUOUS
10
0.3930938976377953
20
1.5696284251968504
11
0.3931122047244094
21
1.5696281889763779
0
LINE
8
BLACK
6
CONTINUOUS
10
0.3931122047244094
20
1.5696281889763779
11
0.3936242519685039
21
1.5694087401574803
0
LINE
8
BLACK
6
CONTINUOUS
10
0.3936242519685039
20
1.5694087401574803
11
0.3941413779527559
21
1.5691945275590551
0
LINE
8
BLACK
6
CONTINUOUS
10
0.3941413779527559
20
1.5691945275590551
11
0.3941543307086614
21
1.5691815748031497
0
LINE
8
BLACK
6
CONTINUOUS
10
0.3941543307086614
20
1.5691815748031497
11
0.3941711811023622
21
1.5691743307086614
0
LINE
8
BLACK
6
CONTINUOUS
10
0.3941711811023622
20
1.5691743307086614
11
0.394560748031496
21
1.5687751574803148
0
LINE
8
BLACK
6
CONTINUOUS
10
0.394560748031496
20
1.5687751574803148
11
0.3949560236220472
21
1.5683798818897638
0
LINE
8
BLACK
6
CONTINUOUS
10
0.3949560236220472
20
1.5683798818897638
11
0.394963031496063
21
1.5683629527559055
0
LINE
8
BLACK
6
CONTINUOUS
10
0.394963031496063
20
1.5683629527559055
11
0.3949758661417323
21
1.5683498031496064
0
LINE
8
BLACK
6
CONTINUOUS
10
0.3949758661417323
20
1.5683498031496064
11
0.3951834645669291
21
1.5678308267716534
0
LINE
8
BLACK
6
CONTINUOUS
10
0.3951834645669291
20
1.5678308267716534
11
0.3953969291338583
21
1.5673154724409448
0
LINE
8
BLACK
6
CONTINUOUS
10
0.3953969291338583
20
1.5673154724409448
11
0.3953969291338583
21
1.5672971653543306
0
LINE
8
BLACK
6
CONTINUOUS
10
0.3953969291338583
20
1.5672971653543306
11
0.3954037401574803
21
1.5672801181102363
0
LINE
8
BLACK
6
CONTINUOUS
10
0.3954037401574803
20
1.5672801181102363
11
0.3953969291338583
21
1.5667218503937008
0
LINE
8
BLACK
6
CONTINUOUS
10
0.3953969291338583
20
1.5667218503937008
11
0.3953969291338583
21
1.5661633464566929
0
LINE
8
BLACK
6
CONTINUOUS
10
0.3953969291338583
20
1.5661633464566929
11
0.3953898818897638
21
1.5661464173228345
0
LINE
8
BLACK
6
CONTINUOUS
10
0.3953898818897638
20
1.5661464173228345
11
0.3953896850393701
21
1.5661280708661416
0
LINE
8
BLACK
6
CONTINUOUS
10
0.3953896850393701
20
1.5661280708661416
11
0.3952149212598425
21
1.5655762598425196
0
LINE
8
BLACK
6
CONTINUOUS
10
0.3952149212598425
20
1.5655762598425196
11
0.3783420472440945
21
1.5262061811023622
0
LINE
8
BLACK
6
CONTINUOUS
10
0.3783420472440945
20
1.5262061811023622
11
0.3780629921259843
21
1.5256990551181102
0
LINE
8
BLACK
6
CONTINUOUS
10
0.3780629921259843
20
1.5256990551181102
11
0.3772384251968504
21
1.5248943700787401
0
LINE
8
BLACK
6
CONTINUOUS
10
0.3772384251968504
20
1.5248943700787401
11
0.3761687401574803
21
1.5244664960629921
0
LINE
8
BLACK
6
CONTINUOUS
10
0.3761687401574803
20
1.5244664960629921
11
0.3750167322834645
21
1.5244805511811024
0
LINE
8
BLACK
6
CONTINUOUS
10
0.3750167322834645
20
1.5244805511811024
11
0.3739577559055118
21
1.5249343700787401
0
LINE
8
BLACK
6
CONTINUOUS
10
0.3739577559055118
20
1.5249343700787401
11
0.3731530708661417
21
1.5257589370078739
0
LINE
8
BLACK
6
CONTINUOUS
10
0.3731530708661417
20
1.5257589370078739
11
0.3727251968503937
21
1.526828622047244
0
LINE
8
BLACK
6
CONTINUOUS
10
0.3727251968503937
20
1.526828622047244
11
0.3727392519685039
21
1.5279806299212597
0
LINE
8
BLACK
6
CONTINUOUS
10
0.3727392519685039
20
1.5279806299212597
11
0.3729140157480315
21
1.5285324803149607
0
LINE
8
BLACK
6
CONTINUOUS
10
0.3729140157480315
20
1.5285324803149607
11
0.3880229133858268
21
1.5637866535433071
0
LINE
8
BLACK
6
CONTINUOUS
10
0.3880229133858268
20
1.5637866535433071
11
0.3662542125984252
21
1.5637866535433071
0
LINE
8
BLACK
6
CONTINUOUS
10
0.3662542125984252
20
1.5637866535433071
11
0.3656781496062992
21
1.5638433858267715
0
LINE
8
BLACK
6
CONTINUOUS
10
0.3656781496062992
20
1.5638433858267715
11
0.3646137401574803
21
1.5642842913385826
0
LINE
8
BLACK
6
CONTINUOUS
10
0.3646137401574803
20
1.5642842913385826
11
0.363799094488189
21
1.5650989370078741
0
LINE
8
BLACK
6
CONTINUOUS
10
0.363799094488189
20
1.5650989370078741
11
0.3633581889763779
21
1.5661633464566929
0
LINE
8
BLACK
6
CONTINUOUS
10
0.3633581889763779
20
1.5661633464566929
11
0.3633581889763779
21
1.5673154724409448
0
LINE
8
BLACK
6
CONTINUOUS
10
0.3633581889763779
20
1.5673154724409448
11
0.363799094488189
21
1.5683798818897638
0
LINE
8
BLACK
6
CONTINUOUS
10
0.363799094488189
20
1.5683798818897638
11
0.3646137401574803
21
1.5691945275590551
0
LINE
8
BLACK
6
CONTINUOUS
10
0.3646137401574803
20
1.5691945275590551
11
0.3656781496062992
21
1.5696354330708662
0
LINE
8
BLACK
6
CONTINUOUS
10
0.3656781496062992
20
1.5696354330708662
11
0.3662542125984252
21
1.5696921653543308
0
LINE
8
BLACK
6
CONTINUOUS
10
0.3662542125984252
20
1.5696921653543308
11
0.392500905511811
21
1.5696921653543308
0
LINE
8
BLACK
6
CONTINUOUS
10
0.392500905511811
20
1.5696921653543308
11
0.393076968503937
21
1.5696354330708662
0
LINE
8
BLACK
6
CONTINUOUS
10
0.3147777165354331
20
1.5338323228346455
11
0.315401220472441
21
1.5335740551181103
0
LINE
8
BLACK
6
CONTINUOUS
10
0.315401220472441
20
1.5335740551181103
11
0.3154012598425197
21
1.5335740157480315
0
LINE
8
BLACK
6
CONTINUOUS
10
0.3154012598425197
20
1.5335740157480315
11
0.3158487401574803
21
1.5332067716535434
0
LINE
8
BLACK
6
CONTINUOUS
10
0.3158487401574803
20
1.5332067716535434
11
0.3177234645669291
21
1.5313320078740158
0
LINE
8
BLACK
6
CONTINUOUS
10
0.3177234645669291
20
1.5313320078740158
11
0.3180907086614173
21
1.530884527559055
0
LINE
8
BLACK
6
CONTINUOUS
10
0.3180907086614173
20
1.530884527559055
11
0.3184628346456693
21
1.5299861023622048
0
LINE
8
BLACK
6
CONTINUOUS
10
0.3184628346456693
20
1.5299861023622048
11
0.3185315748031496
21
1.5298201181102362
0
LINE
8
BLACK
6
CONTINUOUS
10
0.3185315748031496
20
1.5298201181102362
11
0.3185315748031496
21
1.528668031496063
0
LINE
8
BLACK
6
CONTINUOUS
10
0.3185315748031496
20
1.528668031496063
11
0.3180906692913386
21
1.527603622047244
0
LINE
8
BLACK
6
CONTINUOUS
10
0.3180906692913386
20
1.527603622047244
11
0.3177234645669291
21
1.5271561811023622
0
LINE
8
BLACK
6
CONTINUOUS
10
0.3177234645669291
20
1.5271561811023622
11
0.3158487007874016
21
1.5252814173228346
0
LINE
8
BLACK
6
CONTINUOUS
10
0.3158487007874016
20
1.5252814173228346
11
0.3154012598425197
21
1.5249142125984252
0
LINE
8
BLACK
6
CONTINUOUS
10
0.3154012598425197
20
1.5249142125984252
11
0.3143368503937008
21
1.5244733070866141
0
LINE
8
BLACK
6
CONTINUOUS
10
0.3143368503937008
20
1.5244733070866141
11
0.314336811023622
21
1.5244733070866141
0
LINE
8
BLACK
6
CONTINUOUS
10
0.314336811023622
20
1.5244733070866141
11
0.3131847637795275
21
1.5244733070866141
0
LINE
8
BLACK
6
CONTINUOUS
10
0.3131847637795275
20
1.5244733070866141
11
0.3131847244094488
21
1.5244733070866141
0
LINE
8
BLACK
6
CONTINUOUS
10
0.3131847244094488
20
1.5244733070866141
11
0.3121203149606299
21
1.5249142125984252
0
LINE
8
BLACK
6
CONTINUOUS
10
0.3121203149606299
20
1.5249142125984252
11
0.311672874015748
21
1.5252814173228346
0
LINE
8
BLACK
6
CONTINUOUS
10
0.311672874015748
20
1.5252814173228346
11
0.3097981102362204
21
1.5271561811023622
0
LINE
8
BLACK
6
CONTINUOUS
10
0.3097981102362204
20
1.5271561811023622
11
0.309430905511811
21
1.527603622047244
0
LINE
8
BLACK
6
CONTINUOUS
10
0.309430905511811
20
1.527603622047244
11
0.3092893307086614
21
1.5279453937007874
0
LINE
8
BLACK
6
CONTINUOUS
10
0.3092893307086614
20
1.5279453937007874
11
0.30899
21
1.528668031496063
0
LINE
8
BLACK
6
CONTINUOUS
10
0.30899
20
1.528668031496063
11
0.30899
21
1.5298201181102362
0
LINE
8
BLACK
6
CONTINUOUS
10
0.30899
20
1.5298201181102362
11
0.3094308661417323
21
1.530884527559055
0
LINE
8
BLACK
6
CONTINUOUS
10
0.3094308661417323
20
1.530884527559055
11
0.3097980708661418
21
1.531331968503937
0
LINE
8
BLACK
6
CONTINUOUS
10
0.3097980708661418
20
1.531331968503937
11
0.3116728346456693
21
1.5332067716535434
0
LINE
8
BLACK
6
CONTINUOUS
10
0.3116728346456693
20
1.5332067716535434
11
0.3121203149606299
21
1.5335740157480315
0
LINE
8
BLACK
6
CONTINUOUS
10
0.3121203149606299
20
1.5335740157480315
11
0.3121203543307087
21
1.5335740551181103
0
LINE
8
BLACK
6
CONTINUOUS
10
0.3121203543307087
20
1.5335740551181103
11
0.3127438582677165
21
1.5338323228346455
0
LINE
8
BLACK
6
CONTINUOUS
10
0.3127438582677165
20
1.5338323228346455
11
0.3131847244094488
21
1.5340149212598424
0
LINE
8
BLACK
6
CONTINUOUS
10
0.3131847244094488
20
1.5340149212598424
11
0.314336811023622
21
1.5340149212598424
0
LINE
8
BLACK
6
CONTINUOUS
10
0.314336811023622
20
1.5340149212598424
11
0.3143368503937008
21
1.5340149212598424
0
LINE
8
BLACK
6
CONTINUOUS
10
0.3143368503937008
20
1.5340149212598424
11
0.3147777165354331
21
1.5338323228346455
0
LINE
8
BLACK
6
CONTINUOUS
10
0.4868152755905512
20
1.5565120866141733
11
0.4869132677165354
21
1.5564714960629922
0
LINE
8
BLACK
6
CONTINUOUS
10
0.4869132677165354
20
1.5564714960629922
11
0.487019094488189
21
1.5564639763779526
0
LINE
8
BLACK
6
CONTINUOUS
10
0.487019094488189
20
1.5564639763779526
11
0.4875597244094488
21
1.5562570866141732
0
LINE
8
BLACK
6
CONTINUOUS
10
0.4875597244094488
20
1.5562570866141732
11
0.4913092519685039
21
1.5543823228346456
0
LINE
8
BLACK
6
CONTINUOUS
10
0.4913092519685039
20
1.5543823228346456
11
0.4914055905511811
21
1.5543216929133858
0
LINE
8
BLACK
6
CONTINUOUS
10
0.4914055905511811
20
1.5543216929133858
11
0.4914510236220472
21
1.5543065354330707
0
LINE
8
BLACK
6
CONTINUOUS
10
0.4914510236220472
20
1.5543065354330707
11
0.4915075590551181
21
1.5542575196850392
0
LINE
8
BLACK
6
CONTINUOUS
10
0.4915075590551181
20
1.5542575196850392
11
0.4917991338582677
21
1.5540739763779527
0
LINE
8
BLACK
6
CONTINUOUS
10
0.4917991338582677
20
1.5540739763779527
11
0.4918635039370078
21
1.5539997637795275
0
LINE
8
BLACK
6
CONTINUOUS
10
0.4918635039370078
20
1.5539997637795275
11
0.491927874015748
21
1.5540739763779527
0
LINE
8
BLACK
6
CONTINUOUS
10
0.491927874015748
20
1.5540739763779527
11
0.4922194094488189
21
1.5542575196850392
0
LINE
8
BLACK
6
CONTINUOUS
10
0.4922194094488189
20
1.5542575196850392
11
0.4922759842519685
21
1.5543065354330707
0
LINE
8
BLACK
6
CONTINUOUS
10
0.4922759842519685
20
1.5543065354330707
11
0.4923213779527559
21
1.5543216929133858
0
LINE
8
BLACK
6
CONTINUOUS
10
0.4923213779527559
20
1.5543216929133858
11
0.4924177559055118
21
1.5543823228346456
0
LINE
8
BLACK
6
CONTINUOUS
10
0.4924177559055118
20
1.5543823228346456
11
0.4961672834645669
21
1.5562570866141732
0
LINE
8
BLACK
6
CONTINUOUS
10
0.4961672834645669
20
1.5562570866141732
11
0.496707874015748
21
1.5564639763779526
0
LINE
8
BLACK
6
CONTINUOUS
10
0.496707874015748
20
1.5564639763779526
11
0.4968137401574803
21
1.5564715354330709
0
LINE
8
BLACK
6
CONTINUOUS
10
0.4968137401574803
20
1.5564715354330709
11
0.4969117322834646
21
1.5565120866141733
0
LINE
8
BLACK
6
CONTINUOUS
10
0.4969117322834646
20
1.5565120866141733
11
0.4974877952755906
21
1.5565688188976377
0
LINE
8
BLACK
6
CONTINUOUS
10
0.4974877952755906
20
1.5565688188976377
11
0.5031120866141732
21
1.5565688188976377
0
LINE
8
BLACK
6
CONTINUOUS
10
0.5031120866141732
20
1.5565688188976377
11
0.5036881496062992
21
1.5565120866141733
0
LINE
8
BLACK
6
CONTINUOUS
10
0.5036881496062992
20
1.5565120866141733
11
0.5037861417322834
21
1.5564714960629922
0
LINE
8
BLACK
6
CONTINUOUS
10
0.5037861417322834
20
1.5564714960629922
11
0.503891968503937
21
1.5564639763779526
0
LINE
8
BLACK
6
CONTINUOUS
10
0.503891968503937
20
1.5564639763779526
11
0.5044325984251968
21
1.5562570866141732
0
LINE
8
BLACK
6
CONTINUOUS
10
0.5044325984251968
20
1.5562570866141732
11
0.5081821653543307
21
1.5543823228346456
0
LINE
8
BLACK
6
CONTINUOUS
10
0.5081821653543307
20
1.5543823228346456
11
0.5082784645669292
21
1.5543216929133858
0
LINE
8
BLACK
6
CONTINUOUS
10
0.5082784645669292
20
1.5543216929133858
11
0.508323937007874
21
1.5543065354330707
0
LINE
8
BLACK
6
CONTINUOUS
10
0.508323937007874
20
1.5543065354330707
11
0.5083805118110236
21
1.5542574803149607
0
LINE
8
BLACK
6
CONTINUOUS
10
0.5083805118110236
20
1.5542574803149607
11
0.5086720078740158
21
1.5540739763779527
0
LINE
8
BLACK
6
CONTINUOUS
10
0.5086720078740158
20
1.5540739763779527
11
0.5089144881889763
21
1.5537943700787402
0
LINE
8
BLACK
6
CONTINUOUS
10
0.5089144881889763
20
1.5537943700787402
11
0.5091943307086614
21
1.5535516929133857
0
LINE
8
BLACK
6
CONTINUOUS
10
0.5091943307086614
20
1.5535516929133857
11
0.5093778346456693
21
1.5532601574803149
0
LINE
8
BLACK
6
CONTINUOUS
10
0.5093778346456693
20
1.5532601574803149
11
0.5094268897637795
21
1.5532035826771653
0
LINE
8
BLACK
6
CONTINUOUS
10
0.5094268897637795
20
1.5532035826771653
11
0.5094420078740157
21
1.5531581889763779
0
LINE
8
BLACK
6
CONTINUOUS
10
0.5094420078740157
20
1.5531581889763779
11
0.5095026771653544
21
1.5530618110236221
0
LINE
8
BLACK
6
CONTINUOUS
10
0.5095026771653544
20
1.5530618110236221
11
0.5113774409448819
21
1.549312283464567
0
LINE
8
BLACK
6
CONTINUOUS
10
0.5113774409448819
20
1.549312283464567
11
0.5115843307086614
21
1.5487716929133859
0
LINE
8
BLACK
6
CONTINUOUS
10
0.5115843307086614
20
1.5487716929133859
11
0.5115918503937008
21
1.5486658267716535
0
LINE
8
BLACK
6
CONTINUOUS
10
0.5115918503937008
20
1.5486658267716535
11
0.5116324409448819
21
1.5485678346456693
0
LINE
8
BLACK
6
CONTINUOUS
10
0.5116324409448819
20
1.5485678346456693
11
0.5116891732283464
21
1.5479917716535432
0
LINE
8
BLACK
6
CONTINUOUS
10
0.5116891732283464
20
1.5479917716535432
11
0.5116891732283464
21
1.5273693307086613
0
LINE
8
BLACK
6
CONTINUOUS
10
0.5116891732283464
20
1.5273693307086613
11
0.5116324409448819
21
1.5267932677165355
0
LINE
8
BLACK
6
CONTINUOUS
10
0.5116324409448819
20
1.5267932677165355
11
0.5111915354330708
21
1.5257288582677164
0
LINE
8
BLACK
6
CONTINUOUS
10
0.5111915354330708
20
1.5257288582677164
11
0.5103768897637795
21
1.5249142125984252
0
LINE
8
BLACK
6
CONTINUOUS
10
0.5103768897637795
20
1.5249142125984252
11
0.5093124803149606
21
1.5244733070866141
0
LINE
8
BLACK
6
CONTINUOUS
10
0.5093124803149606
20
1.5244733070866141
11
0.5081603543307086
21
1.5244733070866141
0
LINE
8
BLACK
6
CONTINUOUS
10
0.5081603543307086
20
1.5244733070866141
11
0.5070959448818898
21
1.5249142125984252
0
LINE
8
BLACK
6
CONTINUOUS
10
0.5070959448818898
20
1.5249142125984252
11
0.5062812992125985
21
1.5257288582677164
0
LINE
8
BLACK
6
CONTINUOUS
10
0.5062812992125985
20
1.5257288582677164
11
0.5058403937007874
21
1.5267932677165355
0
LINE
8
BLACK
6
CONTINUOUS
10
0.5058403937007874
20
1.5267932677165355
11
0.5057836614173228
21
1.5273693307086613
0
LINE
8
BLACK
6
CONTINUOUS
10
0.5057836614173228
20
1.5273693307086613
11
0.5057836614173228
21
1.5472947244094488
0
LINE
8
BLACK
6
CONTINUOUS
10
0.5057836614173228
20
1.5472947244094488
11
0.5046607874015748
21
1.5495404724409449
0
LINE
8
BLACK
6
CONTINUOUS
10
0.5046607874015748
20
1.5495404724409449
11
0.5024150393700787
21
1.550663307086614
0
LINE
8
BLACK
6
CONTINUOUS
10
0.5024150393700787
20
1.550663307086614
11
0.498184842519685
21
1.550663307086614
0
LINE
8
BLACK
6
CONTINUOUS
10
0.498184842519685
20
1.550663307086614
11
0.495939094488189
21
1.5495404724409449
0
LINE
8
BLACK
6
CONTINUOUS
10
0.495939094488189
20
1.5495404724409449
11
0.4948162598425197
21
1.5472947244094488
0
LINE
8
BLACK
6
CONTINUOUS
10
0.4948162598425197
20
1.5472947244094488
11
0.4948162598425197
21
1.5273693307086613
0
LINE
8
BLACK
6
CONTINUOUS
10
0.4948162598425197
20
1.5273693307086613
11
0.4947595275590551
21
1.5267932677165355
0
LINE
8
BLACK
6
CONTINUOUS
10
0.4947595275590551
20
1.5267932677165355
11
0.4943186220472441
21
1.5257288582677164
0
LINE
8
BLACK
6
CONTINUOUS
10
0.4943186220472441
20
1.5257288582677164
11
0.4935039763779527
21
1.5249142125984252
0
LINE
8
BLACK
6
CONTINUOUS
10
0.4935039763779527
20
1.5249142125984252
11
0.4924395669291338
21
1.5244733070866141
0
LINE
8
BLACK
6
CONTINUOUS
10
0.4924395669291338
20
1.5244733070866141
11
0.4912874409448819
21
1.5244733070866141
0
LINE
8
BLACK
6
CONTINUOUS
10
0.4912874409448819
20
1.5244733070866141
11
0.490223031496063
21
1.5249142125984252
0
LINE
8
BLACK
6
CONTINUOUS
10
0.490223031496063
20
1.5249142125984252
11
0.4894083858267717
21
1.5257288582677164
0
LINE
8
BLACK
6
CONTINUOUS
10
0.4894083858267717
20
1.5257288582677164
11
0.4889674803149606
21
1.5267932677165355
0
LINE
8
BLACK
6
CONTINUOUS
10
0.4889674803149606
20
1.5267932677165355
11
0.488910748031496
21
1.5273693307086613
0
LINE
8
BLACK
6
CONTINUOUS
10
0.488910748031496
20
1.5273693307086613
11
0.488910748031496
21
1.5472947244094488
0
LINE
8
BLACK
6
CONTINUOUS
10
0.488910748031496
20
1.5472947244094488
11
0.487787874015748
21
1.5495404724409449
0
LINE
8
BLACK
6
CONTINUOUS
10
0.487787874015748
20
1.5495404724409449
11
0.4855421653543307
21
1.550663307086614
0
LINE
8
BLACK
6
CONTINUOUS
10
0.4855421653543307
20
1.550663307086614
11
0.481311968503937
21
1.550663307086614
0
LINE
8
BLACK
6
CONTINUOUS
10
0.481311968503937
20
1.550663307086614
11
0.4786144881889764
21
1.5493145669291337
0
LINE
8
BLACK
6
CONTINUOUS
10
0.4786144881889764
20
1.5493145669291337
11
0.4779433858267716
21
1.5486434645669291
0
LINE
8
BLACK
6
CONTINUOUS
10
0.4779433858267716
20
1.5486434645669291
11
0.4779433858267716
21
1.5273693307086613
0
LINE
8
BLACK
6
CONTINUOUS
10
0.4779433858267716
20
1.5273693307086613
11
0.4778866535433071
21
1.5267932677165355
0
LINE
8
BLACK
6
CONTINUOUS
10
0.4778866535433071
20
1.5267932677165355
11
0.477445748031496
21
1.5257288582677164
0
LINE
8
BLACK
6
CONTINUOUS
10
0.477445748031496
20
1.5257288582677164
11
0.4766311023622047
21
1.5249142125984252
0
LINE
8
BLACK
6
CONTINUOUS
10
0.4766311023622047
20
1.5249142125984252
11
0.4755666929133858
21
1.5244733070866141
0
LINE
8
BLACK
6
CONTINUOUS
10
0.4755666929133858
20
1.5244733070866141
11
0.4744145669291339
21
1.5244733070866141
0
LINE
8
BLACK
6
CONTINUOUS
10
0.4744145669291339
20
1.5244733070866141
11
0.4733501574803149
21
1.5249142125984252
0
LINE
8
BLACK
6
CONTINUOUS
10
0.4733501574803149
20
1.5249142125984252
11
0.4725355118110236
21
1.5257288582677164
0
LINE
8
BLACK
6
CONTINUOUS
10
0.4725355118110236
20
1.5257288582677164
11
0.4720946062992126
21
1.5267932677165355
0
LINE
8
BLACK
6
CONTINUOUS
10
0.4720946062992126
20
1.5267932677165355
11
0.472037874015748
21
1.5273693307086613
0
LINE
8
BLACK
6
CONTINUOUS
10
0.472037874015748
20
1.5273693307086613
11
0.472037874015748
21
1.5536160629921258
0
LINE
8
BLACK
6
CONTINUOUS
10
0.472037874015748
20
1.5536160629921258
11
0.4720946062992126
21
1.5541921259842519
0
LINE
8
BLACK
6
CONTINUOUS
10
0.4720946062992126
20
1.5541921259842519
11
0.4725355118110236
21
1.5552565354330707
0
LINE
8
BLACK
6
CONTINUOUS
10
0.4725355118110236
20
1.5552565354330707
11
0.4733501574803149
21
1.5560711811023622
0
LINE
8
BLACK
6
CONTINUOUS
10
0.4733501574803149
20
1.5560711811023622
11
0.4744145669291339
21
1.5565120866141733
0
LINE
8
BLACK
6
CONTINUOUS
10
0.4744145669291339
20
1.5565120866141733
11
0.4755666929133858
21
1.5565120866141733
0
LINE
8
BLACK
6
CONTINUOUS
10
0.4755666929133858
20
1.5565120866141733
11
0.4766311023622047
21
1.5560711811023622
0
LINE
8
BLACK
6
CONTINUOUS
10
0.4766311023622047
20
1.5560711811023622
11
0.4773949212598425
21
1.5553073622047244
0
LINE
8
BLACK
6
CONTINUOUS
10
0.4773949212598425
20
1.5553073622047244
11
0.4792944094488189
21
1.5562570866141732
0
LINE
8
BLACK
6
CONTINUOUS
10
0.4792944094488189
20
1.5562570866141732
11
0.479835
21
1.5564639763779526
0
LINE
8
BLACK
6
CONTINUOUS
10
0.479835
20
1.5564639763779526
11
0.4799408661417323
21
1.5564715354330709
0
LINE
8
BLACK
6
CONTINUOUS
10
0.4799408661417323
20
1.5564715354330709
11
0.4800388582677165
21
1.5565120866141733
0
LINE
8
BLACK
6
CONTINUOUS
10
0.4800388582677165
20
1.5565120866141733
11
0.4806149212598425
21
1.5565688188976377
0
LINE
8
BLACK
6
CONTINUOUS
10
0.4806149212598425
20
1.5565688188976377
11
0.4862392125984252
21
1.5565688188976377
0
LINE
8
BLACK
6
CONTINUOUS
10
0.4862392125984252
20
1.5565688188976377
11
0.4868152755905512
21
1.5565120866141733
0
LINE
8
BLACK
6
CONTINUOUS
10
0.5393087007874016
20
1.5565120866141733
11
0.5394066929133858
21
1.5564714960629922
0
LINE
8
BLACK
6
CONTINUOUS
10
0.5394066929133858
20
1.5564714960629922
11
0.5395125196850393
21
1.5564639763779526
0
LINE
8
BLACK
6
CONTINUOUS
10
0.5395125196850393
20
1.5564639763779526
11
0.5400531496062992
21
1.5562570866141732
0
LINE
8
BLACK
6
CONTINUOUS
10
0.5400531496062992
20
1.5562570866141732
11
0.5438026771653544
21
1.5543823228346456
0
LINE
8
BLACK
6
CONTINUOUS
10
0.5438026771653544
20
1.5543823228346456
11
0.5438990157480315
21
1.5543216929133858
0
LINE
8
BLACK
6
CONTINUOUS
10
0.5438990157480315
20
1.5543216929133858
11
0.5439444488188976
21
1.5543065354330707
0
LINE
8
BLACK
6
CONTINUOUS
10
0.5439444488188976
20
1.5543065354330707
11
0.5440009842519685
21
1.5542575196850392
0
LINE
8
BLACK
6
CONTINUOUS
10
0.5440009842519685
20
1.5542575196850392
11
0.5442925590551181
21
1.5540739763779527
0
LINE
8
BLACK
6
CONTINUOUS
10
0.5442925590551181
20
1.5540739763779527
11
0.5443569291338582
21
1.5539997637795275
0
LINE
8
BLACK
6
CONTINUOUS
10
0.5443569291338582
20
1.5539997637795275
11
0.5444212992125984
21
1.5540739763779527
0
LINE
8
BLACK
6
CONTINUOUS
10
0.5444212992125984
20
1.5540739763779527
11
0.5447128346456693
21
1.5542575196850392
0
LINE
8
BLACK
6
CONTINUOUS
10
0.5447128346456693
20
1.5542575196850392
11
0.5447694094488189
21
1.5543065354330707
0
LINE
8
BLACK
6
CONTINUOUS
10
0.5447694094488189
20
1.5543065354330707
11
0.5448148031496063
21
1.5543216929133858
0
LINE
8
BLACK
6
CONTINUOUS
10
0.5448148031496063
20
1.5543216929133858
11
0.5449111811023621
21
1.5543823228346456
0
LINE
8
BLACK
6
CONTINUOUS
10
0.5449111811023621
20
1.5543823228346456
11
0.5486607086614174
21
1.5562570866141732
0
LINE
8
BLACK
6
CONTINUOUS
10
0.5486607086614174
20
1.5562570866141732
11
0.5492012992125984
21
1.5564639763779526
0
LINE
8
BLACK
6
CONTINUOUS
10
0.5492012992125984
20
1.5564639763779526
11
0.5493071653543307
21
1.5564715354330709
0
LINE
8
BLACK
6
CONTINUOUS
10
0.5493071653543307
20
1.5564715354330709
11
0.5494051574803149
21
1.5565120866141733
0
LINE
8
BLACK
6
CONTINUOUS
10
0.5494051574803149
20
1.5565120866141733
11
0.5499812204724409
21
1.5565688188976377
0
LINE
8
BLACK
6
CONTINUOUS
10
0.5499812204724409
20
1.5565688188976377
11
0.5556055118110236
21
1.5565688188976377
0
LINE
8
BLACK
6
CONTINUOUS
10
0.5556055118110236
20
1.5565688188976377
11
0.5561815748031496
21
1.5565120866141733
0
LINE
8
BLACK
6
CONTINUOUS
10
0.5561815748031496
20
1.5565120866141733
11
0.5562795669291338
21
1.5564714960629922
0
LINE
8
BLACK
6
CONTINUOUS
10
0.5562795669291338
20
1.5564714960629922
11
0.5563853937007874
21
1.5564639763779526
0
LINE
8
BLACK
6
CONTINUOUS
10
0.5563853937007874
20
1.5564639763779526
11
0.5569260236220472
21
1.5562570866141732
0
LINE
8
BLACK
6
CONTINUOUS
10
0.5569260236220472
20
1.5562570866141732
11
0.5606755905511811
21
1.5543823228346456
0
LINE
8
BLACK
6
CONTINUOUS
10
0.5606755905511811
20
1.5543823228346456
11
0.5607718897637796
21
1.5543216929133858
0
LINE
8
BLACK
6
CONTINUOUS
10
0.5607718897637796
20
1.5543216929133858
11
0.5608173622047244
21
1.5543065354330707
0
LINE
8
BLACK
6
CONTINUOUS
10
0.5608173622047244
20
1.5543065354330707
11
0.560873937007874
21
1.5542574803149607
0
LINE
8
BLACK
6
CONTINUOUS
10
0.560873937007874
20
1.5542574803149607
11
0.5611654330708661
21
1.5540739763779527
0
LINE
8
BLACK
6
CONTINUOUS
10
0.5611654330708661
20
1.5540739763779527
11
0.5614079133858267
21
1.5537943700787402
0
LINE
8
BLACK
6
CONTINUOUS
10
0.5614079133858267
20
1.5537943700787402
11
0.5616877559055118
21
1.5535516929133857
0
LINE
8
BLACK
6
CONTINUOUS
10
0.5616877559055118
20
1.5535516929133857
11
0.5618712598425196
21
1.5532601574803149
0
LINE
8
BLACK
6
CONTINUOUS
10
0.5618712598425196
20
1.5532601574803149
11
0.5619203149606299
21
1.5532035826771653
0
LINE
8
BLACK
6
CONTINUOUS
10
0.5619203149606299
20
1.5532035826771653
11
0.5619354330708661
21
1.5531581889763779
0
LINE
8
BLACK
6
CONTINUOUS
10
0.5619354330708661
20
1.5531581889763779
11
0.5619961023622048
21
1.5530618110236221
0
LINE
8
BLACK
6
CONTINUOUS
10
0.5619961023622048
20
1.5530618110236221
11
0.5638708661417323
21
1.549312283464567
0
LINE
8
BLACK
6
CONTINUOUS
10
0.5638708661417323
20
1.549312283464567
11
0.5640777559055118
21
1.5487716929133859
0
LINE
8
BLACK
6
CONTINUOUS
10
0.5640777559055118
20
1.5487716929133859
11
0.5640852755905512
21
1.5486658267716535
0
LINE
8
BLACK
6
CONTINUOUS
10
0.5640852755905512
20
1.5486658267716535
11
0.5641258661417323
21
1.5485678346456693
0
LINE
8
BLACK
6
CONTINUOUS
10
0.5641258661417323
20
1.5485678346456693
11
0.5641825984251968
21
1.5479917716535432
0
LINE
8
BLACK
6
CONTINUOUS
10
0.5641825984251968
20
1.5479917716535432
11
0.5641825984251968
21
1.5273693307086613
0
LINE
8
BLACK
6
CONTINUOUS
10
0.5641825984251968
20
1.5273693307086613
11
0.5641258661417323
21
1.5267932677165355
0
LINE
8
BLACK
6
CONTINUOUS
10
0.5641258661417323
20
1.5267932677165355
11
0.5636849606299212
21
1.5257288582677164
0
LINE
8
BLACK
6
CONTINUOUS
10
0.5636849606299212
20
1.5257288582677164
11
0.5628703149606299
21
1.5249142125984252
0
LINE
8
BLACK
6
CONTINUOUS
10
0.5628703149606299
20
1.5249142125984252
11
0.561805905511811
21
1.5244733070866141
0
LINE
8
BLACK
6
CONTINUOUS
10
0.561805905511811
20
1.5244733070866141
11
0.560653779527559
21
1.5244733070866141
0
LINE
8
BLACK
6
CONTINUOUS
10
0.560653779527559
20
1.5244733070866141
11
0.5595893700787401
21
1.5249142125984252
0
LINE
8
BLACK
6
CONTINUOUS
10
0.5595893700787401
20
1.5249142125984252
11
0.5587747244094488
21
1.5257288582677164
0
LINE
8
BLACK
6
CONTINUOUS
10
0.5587747244094488
20
1.5257288582677164
11
0.5583338188976378
21
1.5267932677165355
0
LINE
8
BLACK
6
CONTINUOUS
10
0.5583338188976378
20
1.5267932677165355
11
0.5582770866141732
21
1.5273693307086613
0
LINE
8
BLACK
6
CONTINUOUS
10
0.5582770866141732
20
1.5273693307086613
11
0.5582770866141732
21
1.5472947244094488
0
LINE
8
BLACK
6
CONTINUOUS
10
0.5582770866141732
20
1.5472947244094488
11
0.5571542125984252
21
1.5495404724409449
0
LINE
8
BLACK
6
CONTINUOUS
10
0.5571542125984252
20
1.5495404724409449
11
0.5549084645669291
21
1.550663307086614
0
LINE
8
BLACK
6
CONTINUOUS
10
0.5549084645669291
20
1.550663307086614
11
0.5506782677165354
21
1.550663307086614
0
LINE
8
BLACK
6
CONTINUOUS
10
0.5506782677165354
20
1.550663307086614
11
0.5484325196850394
21
1.5495404724409449
0
LINE
8
BLACK
6
CONTINUOUS
10
0.5484325196850394
20
1.5495404724409449
11
0.5473096850393701
21
1.5472947244094488
0
LINE
8
BLACK
6
CONTINUOUS
10
0.5473096850393701
20
1.5472947244094488
11
0.5473096850393701
21
1.5273693307086613
0
LINE
8
BLACK
6
CONTINUOUS
10
0.5473096850393701
20
1.5273693307086613
11
0.5472529527559055
21
1.5267932677165355
0
LINE
8
BLACK
6
CONTINUOUS
10
0.5472529527559055
20
1.5267932677165355
11
0.5468120472440945
21
1.5257288582677164
0
LINE
8
BLACK
6
CONTINUOUS
10
0.5468120472440945
20
1.5257288582677164
11
0.5459974015748031
21
1.5249142125984252
0
LINE
8
BLACK
6
CONTINUOUS
10
0.5459974015748031
20
1.5249142125984252
11
0.5449329921259842
21
1.5244733070866141
0
LINE
8
BLACK
6
CONTINUOUS
10
0.5449329921259842
20
1.5244733070866141
11
0.5437808661417323
21
1.5244733070866141
0
LINE
8
BLACK
6
CONTINUOUS
10
0.5437808661417323
20
1.5244733070866141
11
0.5427164566929134
21
1.5249142125984252
0
LINE
8
BLACK
6
CONTINUOUS
10
0.5427164566929134
20
1.5249142125984252
11
0.541901811023622
21
1.5257288582677164
0
LINE
8
BLACK
6
CONTINUOUS
10
0.541901811023622
20
1.5257288582677164
11
0.541460905511811
21
1.5267932677165355
0
LINE
8
BLACK
6
CONTINUOUS
10
0.541460905511811
20
1.5267932677165355
11
0.5414041732283464
21
1.5273693307086613
0
LINE
8
BLACK
6
CONTINUOUS
10
0.5414041732283464
20
1.5273693307086613
11
0.5414041732283464
21
1.5472947244094488
0
LINE
8
BLACK
6
CONTINUOUS
10
0.5414041732283464
20
1.5472947244094488
11
0.5402812992125984
21
1.5495404724409449
0
LINE
8
BLACK
6
CONTINUOUS
10
0.5402812992125984
20
1.5495404724409449
11
0.5380355905511811
21
1.550663307086614
0
LINE
8
BLACK
6
CONTINUOUS
10
0.5380355905511811
20
1.550663307086614
11
0.5338053937007874
21
1.550663307086614
0
LINE
8
BLACK
6
CONTINUOUS
10
0.5338053937007874
20
1.550663307086614
11
0.5311079133858267
21
1.5493145669291337
0
LINE
8
BLACK
6
CONTINUOUS
10
0.5311079133858267
20
1.5493145669291337
11
0.5304368110236221
21
1.5486434645669291
0
LINE
8
BLACK
6
CONTINUOUS
10
0.5304368110236221
20
1.5486434645669291
11
0.5304368110236221
21
1.5273693307086613
0
LINE
8
BLACK
6
CONTINUOUS
10
0.5304368110236221
20
1.5273693307086613
11
0.5303800787401575
21
1.5267932677165355
0
LINE
8
BLACK
6
CONTINUOUS
10
0.5303800787401575
20
1.5267932677165355
11
0.5299391732283465
21
1.5257288582677164
0
LINE
8
BLACK
6
CONTINUOUS
10
0.5299391732283465
20
1.5257288582677164
11
0.5291245275590551
21
1.5249142125984252
0
LINE
8
BLACK
6
CONTINUOUS
10
0.5291245275590551
20
1.5249142125984252
11
0.5280601181102362
21
1.5244733070866141
0
LINE
8
BLACK
6
CONTINUOUS
10
0.5280601181102362
20
1.5244733070866141
11
0.5269079921259843
21
1.5244733070866141
0
LINE
8
BLACK
6
CONTINUOUS
10
0.5269079921259843
20
1.5244733070866141
11
0.5258435826771654
21
1.5249142125984252
0
LINE
8
BLACK
6
CONTINUOUS
10
0.5258435826771654
20
1.5249142125984252
11
0.525028937007874
21
1.5257288582677164
0
LINE
8
BLACK
6
CONTINUOUS
10
0.525028937007874
20
1.5257288582677164
11
0.524588031496063
21
1.5267932677165355
0
LINE
8
BLACK
6
CONTINUOUS
10
0.524588031496063
20
1.5267932677165355
11
0.5245312992125984
21
1.5273693307086613
0
LINE
8
BLACK
6
CONTINUOUS
10
0.5245312992125984
20
1.5273693307086613
11
0.5245312992125984
21
1.5536160629921258
0
LINE
8
BLACK
6
CONTINUOUS
10
0.5245312992125984
20
1.5536160629921258
11
0.524588031496063
21
1.5541921259842519
0
LINE
8
BLACK
6
CONTINUOUS
10
0.524588031496063
20
1.5541921259842519
11
0.525028937007874
21
1.5552565354330707
0
LINE
8
BLACK
6
CONTINUOUS
10
0.525028937007874
20
1.5552565354330707
11
0.5258435826771654
21
1.5560711811023622
0
LINE
8
BLACK
6
CONTINUOUS
10
0.5258435826771654
20
1.5560711811023622
11
0.5269079921259843
21
1.5565120866141733
0
LINE
8
BLACK
6
CONTINUOUS
10
0.5269079921259843
20
1.5565120866141733
11
0.5280601181102362
21
1.5565120866141733
0
LINE
8
BLACK
6
CONTINUOUS
10
0.5280601181102362
20
1.5565120866141733
11
0.5291245275590551
21
1.5560711811023622
0
LINE
8
BLACK
6
CONTINUOUS
10
0.5291245275590551
20
1.5560711811023622
11
0.5298883464566929
21
1.5553073622047244
0
LINE
8
BLACK
6
CONTINUOUS
10
0.5298883464566929
20
1.5553073622047244
11
0.5317878346456693
21
1.5562570866141732
0
LINE
8
BLACK
6
CONTINUOUS
10
0.5317878346456693
20
1.5562570866141732
11
0.5323284251968504
21
1.5564639763779526
0
LINE
8
BLACK
6
CONTINUOUS
10
0.5323284251968504
20
1.5564639763779526
11
0.5324342913385827
21
1.5564715354330709
0
LINE
8
BLACK
6
CONTINUOUS
10
0.5324342913385827
20
1.5564715354330709
11
0.5325322834645669
21
1.5565120866141733
0
LINE
8
BLACK
6
CONTINUOUS
10
0.5325322834645669
20
1.5565120866141733
11
0.5331083464566929
21
1.5565688188976377
0
LINE
8
BLACK
6
CONTINUOUS
10
0.5331083464566929
20
1.5565688188976377
11
0.5387326377952756
21
1.5565688188976377
0
LINE
8
BLACK
6
CONTINUOUS
10
0.5387326377952756
20
1.5565688188976377
11
0.5393087007874016
21
1.5565120866141733
0
CIRCLE
8
BLACK
10
0.85
20
0.25
40
0.0068897637795276
0
CIRCLE
8
BLACK
10
0.75
20
0.25
40
0.0068897637795276
0
CIRCLE
8
BLACK
10
0.85
20
0.35
40
0.0068897637795276
0
CIRCLE
8
BLACK
10
0.75
20
0.35
40
0.0068897637795276
0
CIRCLE
8
BLACK
10
0.85
20
0.45
40
0.0068897637795276
0
CIRCLE
8
BLACK
10
0.75
20
0.45
40
0.0068897637795276
0
CIRCLE
8
BLACK
10
0.85
20
0.5499999999999999
40
0.0068897637795276
0
CIRCLE
8
BLACK
10
0.75
20
0.5499999999999999
40
0.0068897637795276
0
CIRCLE
8
BLACK
10
0.
20
1.2
40
0.0068897637795276
0
CIRCLE
8
BLACK
10
0.7999999999999999
20
0.
40
0.0068897637795276
0
CIRCLE
8
BLACK
10
0.85
20
0.65
40
0.0068897637795276
0
CIRCLE
8
BLACK
10
0.75
20
0.65
40
0.0068897637795276
0
CIRCLE
8
BLACK
10
0.85
20
0.75
40
0.0068897637795276
0
CIRCLE
8
BLACK
10
0.75
20
0.75
40
0.0068897637795276
0
CIRCLE
8
BLACK
10
0.85
20
0.85
40
0.0068897637795276
0
CIRCLE
8
BLACK
10
0.75
20
0.85
40
0.0068897637795276
0
CIRCLE
8
BLACK
10
0.85
20
0.95
40
0.0068897637795276
0
CIRCLE
8
BLACK
10
0.75
20
0.95
40
0.0068897637795276
0
CIRCLE
8
BLACK
10
0.4
20
0.
40
0.0068897637795276
0
CIRCLE
8
BLACK
10
0.3
20
0.1
40
0.0068897637795276
0
CIRCLE
8
BLACK
10
0.3
20
-0.1
40
0.0068897637795276
0
CIRCLE
8
BLACK
10
0.5
20
0.1
40
0.0068897637795276
0
CIRCLE
8
BLACK
10
0.5
20
-0.1
40
0.0068897637795276
0
CIRCLE
8
BLACK
10
0.4
20
0.7
40
0.0068897637795276
0
CIRCLE
8
BLACK
10
0.5
20
0.7
40
0.0068897637795276
0
CIRCLE
8
BLACK
10
0.4
20
0.6
40
0.0068897637795276
0
CIRCLE
8
BLACK
10
0.5
20
0.6
40
0.0068897637795276
0
CIRCLE
8
BLACK
10
0.4
20
0.5
40
0.0068897637795276
0
CIRCLE
8
BLACK
10
0.5
20
0.5
40
0.0068897637795276
0
CIRCLE
8
BLACK
10
0.
20
0.7999999999999999
40
0.0068897637795276
0
CIRCLE
8
BLACK
10
-0.1
20
0.9
40
0.0068897637795276
0
CIRCLE
8
BLACK
10
-0.1
20
0.7
40
0.0068897637795276
0
CIRCLE
8
BLACK
10
0.1
20
0.9
40
0.0068897637795276
0
CIRCLE
8
BLACK
10
0.1
20
0.7
40
0.0068897637795276
0
CIRCLE
8
BLACK
10
0.
20
0.
40
0.0068897637795276
0
CIRCLE
8
BLACK
10
0.7999999999999999
20
1.2
40
0.0068897637795276
0
CIRCLE
8
BLACK
10
0.4
20
1.2
40
0.0068897637795276
0
CIRCLE
8
BLACK
10
0.3
20
1.3
40
0.0068897637795276
0
CIRCLE
8
BLACK
10
0.3
20
1.0999999999999999
40
0.0068897637795276
0
CIRCLE
8
BLACK
10
0.5
20
1.3
40
0.0068897637795276
0
CIRCLE
8
BLACK
10
0.5
20
1.0999999999999999
40
0.0068897637795276
0
CIRCLE
8
BLACK
10
0.
20
0.4
40
0.0068897637795276
0
CIRCLE
8
BLACK
10
-0.1
20
0.5
40
0.0068897637795276
0
CIRCLE
8
BLACK
10
-0.1
20
0.3
40
0.0068897637795276
0
CIRCLE
8
BLACK
10
0.1
20
0.5
40
0.0068897637795276
0
CIRCLE
8
BLACK
10
0.1
20
0.3
40
0.0068897637795276
0
CIRCLE
8
BLACK
10
0.85
20
0.25
40
0.0068897637795276
0
CIRCLE
8
BLACK
10
0.75
20
0.25
40
0.0068897637795276
0
CIRCLE
8
BLACK
10
0.85
20
0.35
40
0.0068897637795276
0
CIRCLE
8
BLACK
10
0.75
20
0.35
40
0.0068897637795276
0
CIRCLE
8
BLACK
10
0.85
20
0.45
40
0.0068897637795276
0
CIRCLE
8
BLACK
10
0.75
20
0.45
40
0.0068897637795276
0
CIRCLE
8
BLACK
10
0.85
20
0.5499999999999999
40
0.0068897637795276
0
CIRCLE
8
BLACK
10
0.75
20
0.5499999999999999
40
0.0068897637795276
0
CIRCLE
8
BLACK
10
0.
20
1.2
40
0.0068897637795276
0
CIRCLE
8
BLACK
10
0.7999999999999999
20
0.
40
0.0068897637795276
0
CIRCLE
8
BLACK
10
0.85
20
0.65
40
0.0068897637795276
0
CIRCLE
8
BLACK
10
0.75
20
0.65
40
0.0068897637795276
0
CIRCLE
8
BLACK
10
0.85
20
0.75
40
0.0068897637795276
0
CIRCLE
8
BLACK
10
0.75
20
0.75
40
0.0068897637795276
0
CIRCLE
8
BLACK
10
0.85
20
0.85
40
0.0068897637795276
0
CIRCLE
8
BLACK
10
0.75
20
0.85
40
0.0068897637795276
0
CIRCLE
8
BLACK
10
0.85
20
0.95
40
0.0068897637795276
0
CIRCLE
8
BLACK
10
0.75
20
0.95
40
0.0068897637795276
0
CIRCLE
8
BLACK
10
0.4
20
0.
40
0.0068897637795276
0
CIRCLE
8
BLACK
10
0.3
20
0.1
40
0.0068897637795276
0
CIRCLE
8
BLACK
10
0.3
20
-0.1
40
0.0068897637795276
0
CIRCLE
8
BLACK
10
0.5
20
0.1
40
0.0068897637795276
0
CIRCLE
8
BLACK
10
0.5
20
-0.1
40
0.0068897637795276
0
CIRCLE
8
BLACK
10
0.4
20
0.7
40
0.0068897637795276
0
CIRCLE
8
BLACK
10
0.5
20
0.7
40
0.0068897637795276
0
CIRCLE
8
BLACK
10
0.4
20
0.6
40
0.0068897637795276
0
CIRCLE
8
BLACK
10
0.5
20
0.6
40
0.0068897637795276
0
CIRCLE
8
BLACK
10
0.4
20
0.5
40
0.0068897637795276
0
CIRCLE
8
BLACK
10
0.5
20
0.5
40
0.0068897637795276
0
CIRCLE
8
BLACK
10
0.
20
0.7999999999999999
40
0.0068897637795276
0
CIRCLE
8
BLACK
10
-0.1
20
0.9
40
0.0068897637795276
0
CIRCLE
8
BLACK
10
-0.1
20
0.7
40
0.0068897637795276
0
CIRCLE
8
BLACK
10
0.1
20
0.9
40
0.0068897637795276
0
CIRCLE
8
BLACK
10
0.1
20
0.7
40
0.0068897637795276
0
CIRCLE
8
BLACK
10
0.
20
0.
40
0.0068897637795276
0
CIRCLE
8
BLACK
10
0.7999999999999999
20
1.2
40
0.0068897637795276
0
CIRCLE
8
BLACK
10
0.4
20
1.2
40
0.0068897637795276
0
CIRCLE
8
BLACK
10
0.3
20
1.3
40
0.0068897637795276
0
CIRCLE
8
BLACK
10
0.3
20
1.0999999999999999
40
0.0068897637795276
0
CIRCLE
8
BLACK
10
0.5
20
1.3
40
0.0068897637795276
0
CIRCLE
8
BLACK
10
0.5
20
1.0999999999999999
40
0.0068897637795276
0
CIRCLE
8
BLACK
10
0.
20
0.4
40
0.0068897637795276
0
CIRCLE
8
BLACK
10
-0.1
20
0.5
40
0.0068897637795276
0
CIRCLE
8
BLACK
10
-0.1
20
0.3
40
0.0068897637795276
0
CIRCLE
8
BLACK
10
0.1
20
0.5
40
0.0068897637795276
0
CIRCLE
8
BLACK
10
0.1
20
0.3
40
0.0068897637795276
  0
ENDSEC
  0
EOF
