  0
SECTION
  2
HEADER
  9
$ANGBASE
  50
0.0
  9
$ANGDIR
  70
1
  9
$MEASUREMENT
  70
0
  0
ENDSEC
  0
SECTION
  2
TABLES
  0
TABLE
  2
LTYPE
  70
4
  0
LTYPE
  5
40F
  2
CONTINUOUS
  70
0
  3
Solid line
  72
65
  73
0
  40
0.0
  0
LTYPE
  5
410
  2
DASHDOT
 70
0
  3
Dash Dot ____ _ ____ _
 72
65
 73
4
 40
2.0
 49
1.25
 49
-0.25
 49
0.25
 49
-0.25
  0
LTYPE
  5
411
  2
DASHED
 70
0
  3
Dashed __ __ __ __ __
 72
65
 73
2
 40
0.75
 49
0.5
 49
-0.25
  0
LTYPE
  5
43B
  2
DOTTED
 70
0
  3
Dotted .  .  .  .
 72
65
 73
2
 40
0.2
 49
0.0
 49
-0.2
  0
ENDTAB
  0
TABLE
  2
STYLE
  70
4
  0
STYLE
  2
KICAD
  70
0
  40
0
  41
1
  42
1
  50
0
  71
0
  3
isocp.shx
  0
STYLE
  2
KICADB
  70
0
  40
0
  41
1
  42
1
  50
0
  71
0
  3
isocp.shx
  0
STYLE
  2
KICADI
  70
0
  40
0
  41
1
  42
1
  50
15
  71
0
  3
isocp.shx
  0
STYLE
  2
KICADBI
  70
0
  40
0
  41
1
  42
1
  50
15
  71
0
  3
isocp.shx
  0
ENDTAB
  0
TABLE
  2
LAYER
  70
1
  0
LAYER
  2
BLACK
  70
0
  62
7
  6
CONTINUOUS
  0
ENDTAB
  0
ENDSEC
  0
SECTION
  2
ENTITIES
0
LINE
8
BLACK
6
CONTINUOUS
10
0.440576062992126
20
-0.1338992519685039
11
0.4416404724409449
21
-0.134340157480315
0
LINE
8
BLACK
6
CONTINUOUS
10
0.4416404724409449
20
-0.134340157480315
11
0.4424551181102362
21
-0.1351548031496063
0
LINE
8
BLACK
6
CONTINUOUS
10
0.4424551181102362
20
-0.1351548031496063
11
0.4428960236220472
21
-0.1362192125984252
0
LINE
8
BLACK
6
CONTINUOUS
10
0.4428960236220472
20
-0.1362192125984252
11
0.4428960236220472
21
-0.1373713385826772
0
LINE
8
BLACK
6
CONTINUOUS
10
0.4428960236220472
20
-0.1373713385826772
11
0.4424551181102362
21
-0.1384357480314961
0
LINE
8
BLACK
6
CONTINUOUS
10
0.4424551181102362
20
-0.1384357480314961
11
0.4416404724409449
21
-0.1392503937007874
0
LINE
8
BLACK
6
CONTINUOUS
10
0.4416404724409449
20
-0.1392503937007874
11
0.440576062992126
21
-0.1396912992125984
0
LINE
8
BLACK
6
CONTINUOUS
10
0.440576062992126
20
-0.1396912992125984
11
0.44
21
-0.139748031496063
0
LINE
8
BLACK
6
CONTINUOUS
10
0.44
20
-0.139748031496063
11
0.36
21
-0.139748031496063
0
LINE
8
BLACK
6
CONTINUOUS
10
0.36
20
-0.139748031496063
11
0.359423937007874
21
-0.1396912992125984
0
LINE
8
BLACK
6
CONTINUOUS
10
0.359423937007874
20
-0.1396912992125984
11
0.3583595275590551
21
-0.1392503937007874
0
LINE
8
BLACK
6
CONTINUOUS
10
0.3583595275590551
20
-0.1392503937007874
11
0.3575448818897637
21
-0.1384357480314961
0
LINE
8
BLACK
6
CONTINUOUS
10
0.3575448818897637
20
-0.1384357480314961
11
0.3571039763779528
21
-0.1373713385826772
0
LINE
8
BLACK
6
CONTINUOUS
10
0.3571039763779528
20
-0.1373713385826772
11
0.3571039763779528
21
-0.1362192125984252
0
LINE
8
BLACK
6
CONTINUOUS
10
0.3571039763779528
20
-0.1362192125984252
11
0.3575448818897637
21
-0.1351548031496063
0
LINE
8
BLACK
6
CONTINUOUS
10
0.3575448818897637
20
-0.1351548031496063
11
0.3583595275590551
21
-0.134340157480315
0
LINE
8
BLACK
6
CONTINUOUS
10
0.3583595275590551
20
-0.134340157480315
11
0.359423937007874
21
-0.1338992519685039
0
LINE
8
BLACK
6
CONTINUOUS
10
0.359423937007874
20
-0.1338992519685039
11
0.36
21
-0.1338425196850394
0
LINE
8
BLACK
6
CONTINUOUS
10
0.36
20
-0.1338425196850394
11
0.44
21
-0.1338425196850394
0
LINE
8
BLACK
6
CONTINUOUS
10
0.44
20
-0.1338425196850394
11
0.440576062992126
21
-0.1338992519685039
0
LINE
8
BLACK
6
CONTINUOUS
10
0.2638451968503937
20
0.0424551181102362
11
0.2646598425196851
21
0.0416404724409449
0
LINE
8
BLACK
6
CONTINUOUS
10
0.2646598425196851
20
0.0416404724409449
11
0.2651007480314961
21
0.040576062992126
0
LINE
8
BLACK
6
CONTINUOUS
10
0.2651007480314961
20
0.040576062992126
11
0.2651574803149606
21
0.04
0
LINE
8
BLACK
6
CONTINUOUS
10
0.2651574803149606
20
0.04
11
0.2651574803149606
21
-0.04
0
LINE
8
BLACK
6
CONTINUOUS
10
0.2651574803149606
20
-0.04
11
0.2651007480314961
21
-0.040576062992126
0
LINE
8
BLACK
6
CONTINUOUS
10
0.2651007480314961
20
-0.040576062992126
11
0.2646598425196851
21
-0.0416404724409449
0
LINE
8
BLACK
6
CONTINUOUS
10
0.2646598425196851
20
-0.0416404724409449
11
0.2638451968503937
21
-0.0424551181102362
0
LINE
8
BLACK
6
CONTINUOUS
10
0.2638451968503937
20
-0.0424551181102362
11
0.2627807874015748
21
-0.0428960236220472
0
LINE
8
BLACK
6
CONTINUOUS
10
0.2627807874015748
20
-0.0428960236220472
11
0.2616286614173228
21
-0.0428960236220472
0
LINE
8
BLACK
6
CONTINUOUS
10
0.2616286614173228
20
-0.0428960236220472
11
0.2605642519685039
21
-0.0424551181102362
0
LINE
8
BLACK
6
CONTINUOUS
10
0.2605642519685039
20
-0.0424551181102362
11
0.2597496062992126
21
-0.0416404724409449
0
LINE
8
BLACK
6
CONTINUOUS
10
0.2597496062992126
20
-0.0416404724409449
11
0.2593087007874016
21
-0.040576062992126
0
LINE
8
BLACK
6
CONTINUOUS
10
0.2593087007874016
20
-0.040576062992126
11
0.259251968503937
21
-0.04
0
LINE
8
BLACK
6
CONTINUOUS
10
0.259251968503937
20
-0.04
11
0.259251968503937
21
0.04
0
LINE
8
BLACK
6
CONTINUOUS
10
0.259251968503937
20
0.04
11
0.2593087007874016
21
0.040576062992126
0
LINE
8
BLACK
6
CONTINUOUS
10
0.2593087007874016
20
0.040576062992126
11
0.2597496062992126
21
0.0416404724409449
0
LINE
8
BLACK
6
CONTINUOUS
10
0.2597496062992126
20
0.0416404724409449
11
0.2605642519685039
21
0.0424551181102362
0
LINE
8
BLACK
6
CONTINUOUS
10
0.2605642519685039
20
0.0424551181102362
11
0.2616286614173228
21
0.0428960236220472
0
LINE
8
BLACK
6
CONTINUOUS
10
0.2616286614173228
20
0.0428960236220472
11
0.2627807874015748
21
0.0428960236220472
0
LINE
8
BLACK
6
CONTINUOUS
10
0.2627807874015748
20
0.0428960236220472
11
0.2638451968503937
21
0.0424551181102362
0
LINE
8
BLACK
6
CONTINUOUS
10
0.5394357480314961
20
0.0424551181102362
11
0.5402503937007874
21
0.0416404724409449
0
LINE
8
BLACK
6
CONTINUOUS
10
0.5402503937007874
20
0.0416404724409449
11
0.5406912992125984
21
0.040576062992126
0
LINE
8
BLACK
6
CONTINUOUS
10
0.5406912992125984
20
0.040576062992126
11
0.540748031496063
21
0.04
0
LINE
8
BLACK
6
CONTINUOUS
10
0.540748031496063
20
0.04
11
0.540748031496063
21
-0.04
0
LINE
8
BLACK
6
CONTINUOUS
10
0.540748031496063
20
-0.04
11
0.5406912992125984
21
-0.040576062992126
0
LINE
8
BLACK
6
CONTINUOUS
10
0.5406912992125984
20
-0.040576062992126
11
0.5402503937007874
21
-0.0416404724409449
0
LINE
8
BLACK
6
CONTINUOUS
10
0.5402503937007874
20
-0.0416404724409449
11
0.5394357480314961
21
-0.0424551181102362
0
LINE
8
BLACK
6
CONTINUOUS
10
0.5394357480314961
20
-0.0424551181102362
11
0.5383713385826772
21
-0.0428960236220472
0
LINE
8
BLACK
6
CONTINUOUS
10
0.5383713385826772
20
-0.0428960236220472
11
0.5372192125984252
21
-0.0428960236220472
0
LINE
8
BLACK
6
CONTINUOUS
10
0.5372192125984252
20
-0.0428960236220472
11
0.5361548031496063
21
-0.0424551181102362
0
LINE
8
BLACK
6
CONTINUOUS
10
0.5361548031496063
20
-0.0424551181102362
11
0.5353401574803149
21
-0.0416404724409449
0
LINE
8
BLACK
6
CONTINUOUS
10
0.5353401574803149
20
-0.0416404724409449
11
0.534899251968504
21
-0.040576062992126
0
LINE
8
BLACK
6
CONTINUOUS
10
0.534899251968504
20
-0.040576062992126
11
0.5348425196850394
21
-0.04
0
LINE
8
BLACK
6
CONTINUOUS
10
0.5348425196850394
20
-0.04
11
0.5348425196850394
21
0.04
0
LINE
8
BLACK
6
CONTINUOUS
10
0.5348425196850394
20
0.04
11
0.534899251968504
21
0.040576062992126
0
LINE
8
BLACK
6
CONTINUOUS
10
0.534899251968504
20
0.040576062992126
11
0.5353401574803149
21
0.0416404724409449
0
LINE
8
BLACK
6
CONTINUOUS
10
0.5353401574803149
20
0.0416404724409449
11
0.5361548031496063
21
0.0424551181102362
0
LINE
8
BLACK
6
CONTINUOUS
10
0.5361548031496063
20
0.0424551181102362
11
0.5372192125984252
21
0.0428960236220472
0
LINE
8
BLACK
6
CONTINUOUS
10
0.5372192125984252
20
0.0428960236220472
11
0.5383713385826772
21
0.0428960236220472
0
LINE
8
BLACK
6
CONTINUOUS
10
0.5383713385826772
20
0.0428960236220472
11
0.5394357480314961
21
0.0424551181102362
0
LINE
8
BLACK
6
CONTINUOUS
10
0.440576062992126
20
0.1406912992125984
11
0.4416404724409449
21
0.1402503937007874
0
LINE
8
BLACK
6
CONTINUOUS
10
0.4416404724409449
20
0.1402503937007874
11
0.4424551181102362
21
0.1394357480314961
0
LINE
8
BLACK
6
CONTINUOUS
10
0.4424551181102362
20
0.1394357480314961
11
0.4428960236220472
21
0.1383713385826772
0
LINE
8
BLACK
6
CONTINUOUS
10
0.4428960236220472
20
0.1383713385826772
11
0.4428960236220472
21
0.1372192125984252
0
LINE
8
BLACK
6
CONTINUOUS
10
0.4428960236220472
20
0.1372192125984252
11
0.4424551181102362
21
0.1361548031496063
0
LINE
8
BLACK
6
CONTINUOUS
10
0.4424551181102362
20
0.1361548031496063
11
0.4416404724409449
21
0.135340157480315
0
LINE
8
BLACK
6
CONTINUOUS
10
0.4416404724409449
20
0.135340157480315
11
0.440576062992126
21
0.1348992519685039
0
LINE
8
BLACK
6
CONTINUOUS
10
0.440576062992126
20
0.1348992519685039
11
0.44
21
0.1348425196850394
0
LINE
8
BLACK
6
CONTINUOUS
10
0.44
20
0.1348425196850394
11
0.36
21
0.1348425196850394
0
LINE
8
BLACK
6
CONTINUOUS
10
0.36
20
0.1348425196850394
11
0.359423937007874
21
0.1348992519685039
0
LINE
8
BLACK
6
CONTINUOUS
10
0.359423937007874
20
0.1348992519685039
11
0.3583595275590551
21
0.135340157480315
0
LINE
8
BLACK
6
CONTINUOUS
10
0.3583595275590551
20
0.135340157480315
11
0.3575448818897637
21
0.1361548031496063
0
LINE
8
BLACK
6
CONTINUOUS
10
0.3575448818897637
20
0.1361548031496063
11
0.3571039763779528
21
0.1372192125984252
0
LINE
8
BLACK
6
CONTINUOUS
10
0.3571039763779528
20
0.1372192125984252
11
0.3571039763779528
21
0.1383713385826772
0
LINE
8
BLACK
6
CONTINUOUS
10
0.3571039763779528
20
0.1383713385826772
11
0.3575448818897637
21
0.1394357480314961
0
LINE
8
BLACK
6
CONTINUOUS
10
0.3575448818897637
20
0.1394357480314961
11
0.3583595275590551
21
0.1402503937007874
0
LINE
8
BLACK
6
CONTINUOUS
10
0.3583595275590551
20
0.1402503937007874
11
0.359423937007874
21
0.1406912992125984
0
LINE
8
BLACK
6
CONTINUOUS
10
0.359423937007874
20
0.1406912992125984
11
0.36
21
0.140748031496063
0
LINE
8
BLACK
6
CONTINUOUS
10
0.36
20
0.140748031496063
11
0.44
21
0.140748031496063
0
LINE
8
BLACK
6
CONTINUOUS
10
0.44
20
0.140748031496063
11
0.440576062992126
21
0.1406912992125984
0
LINE
8
BLACK
6
CONTINUOUS
10
-0.052609842519685
20
0.2122342125984252
11
-0.052550905511811
21
0.2122538188976378
0
LINE
8
BLACK
6
CONTINUOUS
10
-0.052550905511811
20
0.2122538188976378
11
-0.0521325196850394
21
0.2121392519685039
0
LINE
8
BLACK
6
CONTINUOUS
10
-0.0521325196850394
20
0.2121392519685039
11
-0.0517070078740157
21
0.2120546062992126
0
LINE
8
BLACK
6
CONTINUOUS
10
-0.0517070078740157
20
0.2120546062992126
11
-0.0516631102362205
21
0.2120107086614173
0
LINE
8
BLACK
6
CONTINUOUS
10
-0.0516631102362205
20
0.2120107086614173
11
-0.0515323228346457
21
0.2119748818897638
0
LINE
8
BLACK
6
CONTINUOUS
10
-0.0515323228346457
20
0.2119748818897638
11
-0.0474078346456693
21
0.2099126377952756
0
LINE
8
BLACK
6
CONTINUOUS
10
-0.0474078346456693
20
0.2099126377952756
11
-0.0470652362204724
21
0.2096467716535433
0
LINE
8
BLACK
6
CONTINUOUS
10
-0.0470652362204724
20
0.2096467716535433
11
-0.0467043700787402
21
0.2094056299212598
0
LINE
8
BLACK
6
CONTINUOUS
10
-0.0467043700787402
20
0.2094056299212598
11
-0.044642125984252
21
0.2073433858267716
0
LINE
8
BLACK
6
CONTINUOUS
10
-0.044642125984252
20
0.2073433858267716
11
-0.0444010236220472
21
0.2069825590551181
0
LINE
8
BLACK
6
CONTINUOUS
10
-0.0444010236220472
20
0.2069825590551181
11
-0.0441351181102362
21
0.2066399212598425
0
LINE
8
BLACK
6
CONTINUOUS
10
-0.0441351181102362
20
0.2066399212598425
11
-0.042072874015748
21
0.2025154330708661
0
LINE
8
BLACK
6
CONTINUOUS
10
-0.042072874015748
20
0.2025154330708661
11
-0.0420370866141732
21
0.2023846850393701
0
LINE
8
BLACK
6
CONTINUOUS
10
-0.0420370866141732
20
0.2023846850393701
11
-0.0419931496062992
21
0.2023407480314961
0
LINE
8
BLACK
6
CONTINUOUS
10
-0.0419931496062992
20
0.2023407480314961
11
-0.0419085433070866
21
0.2019153543307086
0
LINE
8
BLACK
6
CONTINUOUS
10
-0.0419085433070866
20
0.2019153543307086
11
-0.041793937007874
21
0.2014968897637795
0
LINE
8
BLACK
6
CONTINUOUS
10
-0.041793937007874
20
0.2014968897637795
11
-0.0418135826771654
21
0.2014379921259843
0
LINE
8
BLACK
6
CONTINUOUS
10
-0.0418135826771654
20
0.2014379921259843
11
-0.041787125984252
21
0.2013049606299213
0
LINE
8
BLACK
6
CONTINUOUS
10
-0.041787125984252
20
0.2013049606299213
11
-0.041787125984252
21
0.1971804724409449
0
LINE
8
BLACK
6
CONTINUOUS
10
-0.041787125984252
20
0.1971804724409449
11
-0.0418717716535433
21
0.1967549606299213
0
LINE
8
BLACK
6
CONTINUOUS
10
-0.0418717716535433
20
0.1967549606299213
11
-0.0419260236220472
21
0.1963245275590551
0
LINE
8
BLACK
6
CONTINUOUS
10
-0.0419260236220472
20
0.1963245275590551
11
-0.0439882677165354
21
0.1901377952755905
0
LINE
8
BLACK
6
CONTINUOUS
10
-0.0439882677165354
20
0.1901377952755905
11
-0.0440554330708661
21
0.19002
0
LINE
8
BLACK
6
CONTINUOUS
10
-0.0440554330708661
20
0.19002
11
-0.0440554330708661
21
0.1899579133858268
0
LINE
8
BLACK
6
CONTINUOUS
10
-0.0440554330708661
20
0.1899579133858268
11
-0.0442962598425197
21
0.1895975196850394
0
LINE
8
BLACK
6
CONTINUOUS
10
-0.0442962598425197
20
0.1895975196850394
11
-0.0445112598425197
21
0.1892203149606299
0
LINE
8
BLACK
6
CONTINUOUS
10
-0.0445112598425197
20
0.1892203149606299
11
-0.0445668897637795
21
0.1891925590551181
0
LINE
8
BLACK
6
CONTINUOUS
10
-0.0445668897637795
20
0.1891925590551181
11
-0.0446421653543307
21
0.1890798031496063
0
LINE
8
BLACK
6
CONTINUOUS
10
-0.0446421653543307
20
0.1890798031496063
11
-0.0647684251968504
21
0.1689535433070866
0
LINE
8
BLACK
6
CONTINUOUS
10
-0.0647684251968504
20
0.1689535433070866
11
-0.0444938188976378
21
0.1689535433070866
0
LINE
8
BLACK
6
CONTINUOUS
10
-0.0444938188976378
20
0.1689535433070866
11
-0.043458031496063
21
0.1687475196850394
0
LINE
8
BLACK
6
CONTINUOUS
10
-0.043458031496063
20
0.1687475196850394
11
-0.0419931496062992
21
0.1672826377952756
0
LINE
8
BLACK
6
CONTINUOUS
10
-0.0419931496062992
20
0.1672826377952756
11
-0.0419931496062992
21
0.165211062992126
0
LINE
8
BLACK
6
CONTINUOUS
10
-0.0419931496062992
20
0.165211062992126
11
-0.043458031496063
21
0.1637461811023622
0
LINE
8
BLACK
6
CONTINUOUS
10
-0.043458031496063
20
0.1637461811023622
11
-0.0444938188976378
21
0.1635401574803149
0
LINE
8
BLACK
6
CONTINUOUS
10
-0.0444938188976378
20
0.1635401574803149
11
-0.0713029921259842
21
0.1635401574803149
0
LINE
8
BLACK
6
CONTINUOUS
10
-0.0713029921259842
20
0.1635401574803149
11
-0.0723387795275591
21
0.1637461811023622
0
LINE
8
BLACK
6
CONTINUOUS
10
-0.0723387795275591
20
0.1637461811023622
11
-0.0723388188976378
21
0.1637461811023622
0
LINE
8
BLACK
6
CONTINUOUS
10
-0.0723388188976378
20
0.1637461811023622
11
-0.0738036614173228
21
0.1652110236220472
0
LINE
8
BLACK
6
CONTINUOUS
10
-0.0738036614173228
20
0.1652110236220472
11
-0.0738036614173228
21
0.1672826771653543
0
LINE
8
BLACK
6
CONTINUOUS
10
-0.0738036614173228
20
0.1672826771653543
11
-0.0732169291338583
21
0.1681607874015748
0
LINE
8
BLACK
6
CONTINUOUS
10
-0.0732169291338583
20
0.1681607874015748
11
-0.048921811023622
21
0.1924558661417323
0
LINE
8
BLACK
6
CONTINUOUS
10
-0.048921811023622
20
0.1924558661417323
11
-0.0472005118110236
21
0.1976197244094488
0
LINE
8
BLACK
6
CONTINUOUS
10
-0.0472005118110236
20
0.1976197244094488
11
-0.0472005118110236
21
0.2006659842519685
0
LINE
8
BLACK
6
CONTINUOUS
10
-0.0472005118110236
20
0.2006659842519685
11
-0.0487805511811024
21
0.203826062992126
0
LINE
8
BLACK
6
CONTINUOUS
10
-0.0487805511811024
20
0.203826062992126
11
-0.0502216929133858
21
0.2052672047244095
0
LINE
8
BLACK
6
CONTINUOUS
10
-0.0502216929133858
20
0.2052672047244095
11
-0.0533817716535433
21
0.2068472440944882
0
LINE
8
BLACK
6
CONTINUOUS
10
-0.0533817716535433
20
0.2068472440944882
11
-0.0624150393700787
21
0.2068472440944882
0
LINE
8
BLACK
6
CONTINUOUS
10
-0.0624150393700787
20
0.2068472440944882
11
-0.0655751181102362
21
0.2052672047244095
0
LINE
8
BLACK
6
CONTINUOUS
10
-0.0655751181102362
20
0.2052672047244095
11
-0.067326811023622
21
0.2035155118110236
0
LINE
8
BLACK
6
CONTINUOUS
10
-0.067326811023622
20
0.2035155118110236
11
-0.0682049212598425
21
0.2029287795275591
0
LINE
8
BLACK
6
CONTINUOUS
10
-0.0682049212598425
20
0.2029287795275591
11
-0.0702765748031496
21
0.2029287795275591
0
LINE
8
BLACK
6
CONTINUOUS
10
-0.0702765748031496
20
0.2029287795275591
11
-0.0717414173228346
21
0.2043936220472441
0
LINE
8
BLACK
6
CONTINUOUS
10
-0.0717414173228346
20
0.2043936220472441
11
-0.0717414173228346
21
0.2064652755905512
0
LINE
8
BLACK
6
CONTINUOUS
10
-0.0717414173228346
20
0.2064652755905512
11
-0.0711546850393701
21
0.2073433858267716
0
LINE
8
BLACK
6
CONTINUOUS
10
-0.0711546850393701
20
0.2073433858267716
11
-0.0690924409448819
21
0.2094056299212598
0
LINE
8
BLACK
6
CONTINUOUS
10
-0.0690924409448819
20
0.2094056299212598
11
-0.0687316141732283
21
0.2096467716535433
0
LINE
8
BLACK
6
CONTINUOUS
10
-0.0687316141732283
20
0.2096467716535433
11
-0.0683889763779528
21
0.2099126377952756
0
LINE
8
BLACK
6
CONTINUOUS
10
-0.0683889763779528
20
0.2099126377952756
11
-0.0642644881889764
21
0.2119748818897638
0
LINE
8
BLACK
6
CONTINUOUS
10
-0.0642644881889764
20
0.2119748818897638
11
-0.0641337401574803
21
0.2120107086614173
0
LINE
8
BLACK
6
CONTINUOUS
10
-0.0641337401574803
20
0.2120107086614173
11
-0.0640898031496063
21
0.2120546062992126
0
LINE
8
BLACK
6
CONTINUOUS
10
-0.0640898031496063
20
0.2120546062992126
11
-0.0636644094488189
21
0.2121392519685039
0
LINE
8
BLACK
6
CONTINUOUS
10
-0.0636644094488189
20
0.2121392519685039
11
-0.0632459448818898
21
0.2122538188976378
0
LINE
8
BLACK
6
CONTINUOUS
10
-0.0632459448818898
20
0.2122538188976378
11
-0.0631870472440945
21
0.2122342125984252
0
LINE
8
BLACK
6
CONTINUOUS
10
-0.0631870472440945
20
0.2122342125984252
11
-0.0630540157480315
21
0.2122606299212598
0
LINE
8
BLACK
6
CONTINUOUS
10
-0.0630540157480315
20
0.2122606299212598
11
-0.0527427952755906
21
0.2122606299212598
0
LINE
8
BLACK
6
CONTINUOUS
10
-0.0527427952755906
20
0.2122606299212598
11
-0.052609842519685
21
0.2122342125984252
0
LINE
8
BLACK
6
CONTINUOUS
10
-0.0134272440944882
20
0.2122342125984252
11
-0.0133683070866142
21
0.2122538188976378
0
LINE
8
BLACK
6
CONTINUOUS
10
-0.0133683070866142
20
0.2122538188976378
11
-0.0129499212598425
21
0.2121392519685039
0
LINE
8
BLACK
6
CONTINUOUS
10
-0.0129499212598425
20
0.2121392519685039
11
-0.0125244094488189
21
0.2120546062992126
0
LINE
8
BLACK
6
CONTINUOUS
10
-0.0125244094488189
20
0.2120546062992126
11
-0.0124805118110236
21
0.2120107086614173
0
LINE
8
BLACK
6
CONTINUOUS
10
-0.0124805118110236
20
0.2120107086614173
11
-0.0123497244094488
21
0.2119748818897638
0
LINE
8
BLACK
6
CONTINUOUS
10
-0.0123497244094488
20
0.2119748818897638
11
-0.0082252362204724
21
0.2099126377952756
0
LINE
8
BLACK
6
CONTINUOUS
10
-0.0082252362204724
20
0.2099126377952756
11
-0.0078826377952756
21
0.2096467716535433
0
LINE
8
BLACK
6
CONTINUOUS
10
-0.0078826377952756
20
0.2096467716535433
11
-0.0075217716535433
21
0.2094056299212598
0
LINE
8
BLACK
6
CONTINUOUS
10
-0.0075217716535433
20
0.2094056299212598
11
-0.0054595275590551
21
0.2073433858267716
0
LINE
8
BLACK
6
CONTINUOUS
10
-0.0054595275590551
20
0.2073433858267716
11
-0.0052184251968504
21
0.2069825590551181
0
LINE
8
BLACK
6
CONTINUOUS
10
-0.0052184251968504
20
0.2069825590551181
11
-0.0049525196850394
21
0.2066399212598425
0
LINE
8
BLACK
6
CONTINUOUS
10
-0.0049525196850394
20
0.2066399212598425
11
-0.0028902755905512
21
0.2025154330708661
0
LINE
8
BLACK
6
CONTINUOUS
10
-0.0028902755905512
20
0.2025154330708661
11
-0.002811968503937
21
0.2022294488188976
0
LINE
8
BLACK
6
CONTINUOUS
10
-0.002811968503937
20
0.2022294488188976
11
-0.0026853543307087
21
0.2019614173228347
0
LINE
8
BLACK
6
CONTINUOUS
10
-0.0026853543307087
20
0.2019614173228347
11
-0.0006231102362205
21
0.1937124803149606
0
LINE
8
BLACK
6
CONTINUOUS
10
-0.0006231102362205
20
0.1937124803149606
11
-0.0006070078740157
21
0.1933813385826772
0
LINE
8
BLACK
6
CONTINUOUS
10
-0.0006070078740157
20
0.1933813385826772
11
-0.0005422834645669
21
0.1930559842519685
0
LINE
8
BLACK
6
CONTINUOUS
10
-0.0005422834645669
20
0.1930559842519685
11
-0.0005422834645669
21
0.1827447637795276
0
LINE
8
BLACK
6
CONTINUOUS
10
-0.0005422834645669
20
0.1827447637795276
11
-0.0006070078740157
21
0.1824194488188976
0
LINE
8
BLACK
6
CONTINUOUS
10
-0.0006070078740157
20
0.1824194488188976
11
-0.0006231102362205
21
0.1820882677165354
0
LINE
8
BLACK
6
CONTINUOUS
10
-0.0006231102362205
20
0.1820882677165354
11
-0.0026853543307087
21
0.1738393307086614
0
LINE
8
BLACK
6
CONTINUOUS
10
-0.0026853543307087
20
0.1738393307086614
11
-0.002811968503937
21
0.1735713385826771
0
LINE
8
BLACK
6
CONTINUOUS
10
-0.002811968503937
20
0.1735713385826771
11
-0.0028902755905512
21
0.1732853149606299
0
LINE
8
BLACK
6
CONTINUOUS
10
-0.0028902755905512
20
0.1732853149606299
11
-0.0049525196850394
21
0.1691608267716535
0
LINE
8
BLACK
6
CONTINUOUS
10
-0.0049525196850394
20
0.1691608267716535
11
-0.0052184251968504
21
0.1688182283464567
0
LINE
8
BLACK
6
CONTINUOUS
10
-0.0052184251968504
20
0.1688182283464567
11
-0.0054595275590551
21
0.1684573622047244
0
LINE
8
BLACK
6
CONTINUOUS
10
-0.0054595275590551
20
0.1684573622047244
11
-0.0075217716535433
21
0.1663951181102362
0
LINE
8
BLACK
6
CONTINUOUS
10
-0.0075217716535433
20
0.1663951181102362
11
-0.0078828346456693
21
0.1661538976377953
0
LINE
8
BLACK
6
CONTINUOUS
10
-0.0078828346456693
20
0.1661538976377953
11
-0.0082252755905512
21
0.1658881102362205
0
LINE
8
BLACK
6
CONTINUOUS
10
-0.0082252755905512
20
0.1658881102362205
11
-0.0123497637795276
21
0.163825905511811
0
LINE
8
BLACK
6
CONTINUOUS
10
-0.0123497637795276
20
0.163825905511811
11
-0.0124805118110236
21
0.1637901181102362
0
LINE
8
BLACK
6
CONTINUOUS
10
-0.0124805118110236
20
0.1637901181102362
11
-0.0125244094488189
21
0.1637461811023622
0
LINE
8
BLACK
6
CONTINUOUS
10
-0.0125244094488189
20
0.1637461811023622
11
-0.0129499606299213
21
0.1636615748031496
0
LINE
8
BLACK
6
CONTINUOUS
10
-0.0129499606299213
20
0.1636615748031496
11
-0.0133683070866142
21
0.163546968503937
0
LINE
8
BLACK
6
CONTINUOUS
10
-0.0133683070866142
20
0.163546968503937
11
-0.0134272440944882
21
0.1635666141732283
0
LINE
8
BLACK
6
CONTINUOUS
10
-0.0134272440944882
20
0.1635666141732283
11
-0.0135601968503937
21
0.1635401574803149
0
LINE
8
BLACK
6
CONTINUOUS
10
-0.0135601968503937
20
0.1635401574803149
11
-0.0176846850393701
21
0.1635401574803149
0
LINE
8
BLACK
6
CONTINUOUS
10
-0.0176846850393701
20
0.1635401574803149
11
-0.0178176771653543
21
0.1635666141732283
0
LINE
8
BLACK
6
CONTINUOUS
10
-0.0178176771653543
20
0.1635666141732283
11
-0.0178765748031496
21
0.163546968503937
0
LINE
8
BLACK
6
CONTINUOUS
10
-0.0178765748031496
20
0.163546968503937
11
-0.0182949606299213
21
0.1636615748031496
0
LINE
8
BLACK
6
CONTINUOUS
10
-0.0182949606299213
20
0.1636615748031496
11
-0.0187204724409449
21
0.1637461811023622
0
LINE
8
BLACK
6
CONTINUOUS
10
-0.0187204724409449
20
0.1637461811023622
11
-0.0187644094488189
21
0.1637901181102362
0
LINE
8
BLACK
6
CONTINUOUS
10
-0.0187644094488189
20
0.1637901181102362
11
-0.0188951181102362
21
0.163825905511811
0
LINE
8
BLACK
6
CONTINUOUS
10
-0.0188951181102362
20
0.163825905511811
11
-0.0230196062992126
21
0.1658881102362205
0
LINE
8
BLACK
6
CONTINUOUS
10
-0.0230196062992126
20
0.1658881102362205
11
-0.0233620866141732
21
0.1661538976377953
0
LINE
8
BLACK
6
CONTINUOUS
10
-0.0233620866141732
20
0.1661538976377953
11
-0.0237231102362205
21
0.1663951181102362
0
LINE
8
BLACK
6
CONTINUOUS
10
-0.0237231102362205
20
0.1663951181102362
11
-0.0257853543307087
21
0.1684573622047244
0
LINE
8
BLACK
6
CONTINUOUS
10
-0.0257853543307087
20
0.1684573622047244
11
-0.0260264960629921
21
0.1688182283464567
0
LINE
8
BLACK
6
CONTINUOUS
10
-0.0260264960629921
20
0.1688182283464567
11
-0.0262923622047244
21
0.1691608267716535
0
LINE
8
BLACK
6
CONTINUOUS
10
-0.0262923622047244
20
0.1691608267716535
11
-0.0283546062992126
21
0.1732853149606299
0
LINE
8
BLACK
6
CONTINUOUS
10
-0.0283546062992126
20
0.1732853149606299
11
-0.0284329527559055
21
0.1735713385826771
0
LINE
8
BLACK
6
CONTINUOUS
10
-0.0284329527559055
20
0.1735713385826771
11
-0.0285595275590551
21
0.1738393307086614
0
LINE
8
BLACK
6
CONTINUOUS
10
-0.0285595275590551
20
0.1738393307086614
11
-0.0306217716535433
21
0.1820883070866142
0
LINE
8
BLACK
6
CONTINUOUS
10
-0.0306217716535433
20
0.1820883070866142
11
-0.0306379133858268
21
0.1824194488188976
0
LINE
8
BLACK
6
CONTINUOUS
10
-0.0306379133858268
20
0.1824194488188976
11
-0.0307025984251969
21
0.1827447637795276
0
LINE
8
BLACK
6
CONTINUOUS
10
-0.0307025984251969
20
0.1827447637795276
11
-0.0307025984251969
21
0.1930559842519685
0
LINE
8
BLACK
6
CONTINUOUS
10
-0.0307025984251969
20
0.1930559842519685
11
-0.0306379133858268
21
0.1933813385826772
0
LINE
8
BLACK
6
CONTINUOUS
10
-0.0306379133858268
20
0.1933813385826772
11
-0.0306217716535433
21
0.1937124409448819
0
LINE
8
BLACK
6
CONTINUOUS
10
-0.0306217716535433
20
0.1937124409448819
11
-0.0285595275590551
21
0.2019614173228347
0
LINE
8
BLACK
6
CONTINUOUS
10
-0.0285595275590551
20
0.2019614173228347
11
-0.0284329527559055
21
0.2022294488188976
0
LINE
8
BLACK
6
CONTINUOUS
10
-0.0284329527559055
20
0.2022294488188976
11
-0.0283546062992126
21
0.2025154330708661
0
LINE
8
BLACK
6
CONTINUOUS
10
-0.0283546062992126
20
0.2025154330708661
11
-0.0262923622047244
21
0.2066399212598425
0
LINE
8
BLACK
6
CONTINUOUS
10
-0.0262923622047244
20
0.2066399212598425
11
-0.0260264960629921
21
0.2069825590551181
0
LINE
8
BLACK
6
CONTINUOUS
10
-0.0260264960629921
20
0.2069825590551181
11
-0.0257853543307087
21
0.2073433858267716
0
LINE
8
BLACK
6
CONTINUOUS
10
-0.0257853543307087
20
0.2073433858267716
11
-0.0237231102362205
21
0.2094056299212598
0
LINE
8
BLACK
6
CONTINUOUS
10
-0.0237231102362205
20
0.2094056299212598
11
-0.0233622834645669
21
0.2096467716535433
0
LINE
8
BLACK
6
CONTINUOUS
10
-0.0233622834645669
20
0.2096467716535433
11
-0.0230196456692913
21
0.2099126377952756
0
LINE
8
BLACK
6
CONTINUOUS
10
-0.0230196456692913
20
0.2099126377952756
11
-0.018895157480315
21
0.2119748818897638
0
LINE
8
BLACK
6
CONTINUOUS
10
-0.018895157480315
20
0.2119748818897638
11
-0.0187644094488189
21
0.2120107086614173
0
LINE
8
BLACK
6
CONTINUOUS
10
-0.0187644094488189
20
0.2120107086614173
11
-0.0187204724409449
21
0.2120546062992126
0
LINE
8
BLACK
6
CONTINUOUS
10
-0.0187204724409449
20
0.2120546062992126
11
-0.0182950787401575
21
0.2121392519685039
0
LINE
8
BLACK
6
CONTINUOUS
10
-0.0182950787401575
20
0.2121392519685039
11
-0.0178766141732283
21
0.2122538188976378
0
LINE
8
BLACK
6
CONTINUOUS
10
-0.0178766141732283
20
0.2122538188976378
11
-0.0178177165354331
21
0.2122342125984252
0
LINE
8
BLACK
6
CONTINUOUS
10
-0.0178177165354331
20
0.2122342125984252
11
-0.0176846850393701
21
0.2122606299212598
0
LINE
8
BLACK
6
CONTINUOUS
10
-0.0176846850393701
20
0.2122606299212598
11
-0.0135601968503937
21
0.2122606299212598
0
LINE
8
BLACK
6
CONTINUOUS
10
-0.0135601968503937
20
0.2122606299212598
11
-0.0134272440944882
21
0.2122342125984252
0
LINE
8
BLACK
6
CONTINUOUS
10
-0.0202057874015748
20
0.2052672047244095
11
-0.0216469291338583
21
0.203826062992126
0
LINE
8
BLACK
6
CONTINUOUS
10
-0.0216469291338583
20
0.203826062992126
11
-0.0233798818897638
21
0.2003601968503937
0
LINE
8
BLACK
6
CONTINUOUS
10
-0.0233798818897638
20
0.2003601968503937
11
-0.0252892125984252
21
0.1927228346456693
0
LINE
8
BLACK
6
CONTINUOUS
10
-0.0252892125984252
20
0.1927228346456693
11
-0.0252892125984252
21
0.1830779527559055
0
LINE
8
BLACK
6
CONTINUOUS
10
-0.0252892125984252
20
0.1830779527559055
11
-0.0233798818897638
21
0.1754405905511811
0
LINE
8
BLACK
6
CONTINUOUS
10
-0.0233798818897638
20
0.1754405905511811
11
-0.0216469291338583
21
0.1719746850393701
0
LINE
8
BLACK
6
CONTINUOUS
10
-0.0216469291338583
20
0.1719746850393701
11
-0.0202057874015748
21
0.1705335433070866
0
LINE
8
BLACK
6
CONTINUOUS
10
-0.0202057874015748
20
0.1705335433070866
11
-0.0170457480314961
21
0.1689535433070866
0
LINE
8
BLACK
6
CONTINUOUS
10
-0.0170457480314961
20
0.1689535433070866
11
-0.0141991338582677
21
0.1689535433070866
0
LINE
8
BLACK
6
CONTINUOUS
10
-0.0141991338582677
20
0.1689535433070866
11
-0.0110391338582677
21
0.1705335433070866
0
LINE
8
BLACK
6
CONTINUOUS
10
-0.0110391338582677
20
0.1705335433070866
11
-0.0095979527559055
21
0.1719746850393701
0
LINE
8
BLACK
6
CONTINUOUS
10
-0.0095979527559055
20
0.1719746850393701
11
-0.007865
21
0.1754405905511811
0
LINE
8
BLACK
6
CONTINUOUS
10
-0.007865
20
0.1754405905511811
11
-0.0059556692913386
21
0.1830779133858268
0
LINE
8
BLACK
6
CONTINUOUS
10
-0.0059556692913386
20
0.1830779133858268
11
-0.0059556692913386
21
0.1927228346456693
0
LINE
8
BLACK
6
CONTINUOUS
10
-0.0059556692913386
20
0.1927228346456693
11
-0.007865
21
0.200360157480315
0
LINE
8
BLACK
6
CONTINUOUS
10
-0.007865
20
0.200360157480315
11
-0.0095979527559055
21
0.203826062992126
0
LINE
8
BLACK
6
CONTINUOUS
10
-0.0095979527559055
20
0.203826062992126
11
-0.011039094488189
21
0.2052672047244095
0
LINE
8
BLACK
6
CONTINUOUS
10
-0.011039094488189
20
0.2052672047244095
11
-0.0141991732283465
21
0.2068472440944882
0
LINE
8
BLACK
6
CONTINUOUS
10
-0.0141991732283465
20
0.2068472440944882
11
-0.0170457086614173
21
0.2068472440944882
0
LINE
8
BLACK
6
CONTINUOUS
10
-0.0170457086614173
20
0.2068472440944882
11
-0.0202057874015748
21
0.2052672047244095
0
LINE
8
BLACK
6
CONTINUOUS
10
0.029879842519685
20
0.2122342125984252
11
0.0299387795275591
21
0.2122538188976378
0
LINE
8
BLACK
6
CONTINUOUS
10
0.0299387795275591
20
0.2122538188976378
11
0.0303571653543307
21
0.2121392519685039
0
LINE
8
BLACK
6
CONTINUOUS
10
0.0303571653543307
20
0.2121392519685039
11
0.0307826771653543
21
0.2120546062992126
0
LINE
8
BLACK
6
CONTINUOUS
10
0.0307826771653543
20
0.2120546062992126
11
0.0308265748031496
21
0.2120107086614173
0
LINE
8
BLACK
6
CONTINUOUS
10
0.0308265748031496
20
0.2120107086614173
11
0.0309573622047244
21
0.2119748818897638
0
LINE
8
BLACK
6
CONTINUOUS
10
0.0309573622047244
20
0.2119748818897638
11
0.0350818503937008
21
0.2099126377952756
0
LINE
8
BLACK
6
CONTINUOUS
10
0.0350818503937008
20
0.2099126377952756
11
0.0354244488188976
21
0.2096467716535433
0
LINE
8
BLACK
6
CONTINUOUS
10
0.0354244488188976
20
0.2096467716535433
11
0.0357853149606299
21
0.2094056299212598
0
LINE
8
BLACK
6
CONTINUOUS
10
0.0357853149606299
20
0.2094056299212598
11
0.0378475590551181
21
0.2073433858267716
0
LINE
8
BLACK
6
CONTINUOUS
10
0.0378475590551181
20
0.2073433858267716
11
0.0380886614173228
21
0.2069825590551181
0
LINE
8
BLACK
6
CONTINUOUS
10
0.0380886614173228
20
0.2069825590551181
11
0.0383545669291339
21
0.2066399212598425
0
LINE
8
BLACK
6
CONTINUOUS
10
0.0383545669291339
20
0.2066399212598425
11
0.040416811023622
21
0.2025154330708661
0
LINE
8
BLACK
6
CONTINUOUS
10
0.040416811023622
20
0.2025154330708661
11
0.0404525984251968
21
0.2023846850393701
0
LINE
8
BLACK
6
CONTINUOUS
10
0.0404525984251968
20
0.2023846850393701
11
0.0404965354330709
21
0.2023407480314961
0
LINE
8
BLACK
6
CONTINUOUS
10
0.0404965354330709
20
0.2023407480314961
11
0.0405811417322835
21
0.2019153543307086
0
LINE
8
BLACK
6
CONTINUOUS
10
0.0405811417322835
20
0.2019153543307086
11
0.0406957480314961
21
0.2014968897637795
0
LINE
8
BLACK
6
CONTINUOUS
10
0.0406957480314961
20
0.2014968897637795
11
0.0406761023622047
21
0.2014379921259843
0
LINE
8
BLACK
6
CONTINUOUS
10
0.0406761023622047
20
0.2014379921259843
11
0.0407025590551181
21
0.2013049606299213
0
LINE
8
BLACK
6
CONTINUOUS
10
0.0407025590551181
20
0.2013049606299213
11
0.0407025590551181
21
0.1971804724409449
0
LINE
8
BLACK
6
CONTINUOUS
10
0.0407025590551181
20
0.1971804724409449
11
0.0406179133858268
21
0.1967549606299213
0
LINE
8
BLACK
6
CONTINUOUS
10
0.0406179133858268
20
0.1967549606299213
11
0.0405636614173228
21
0.1963245275590551
0
LINE
8
BLACK
6
CONTINUOUS
10
0.0405636614173228
20
0.1963245275590551
11
0.0385014173228346
21
0.1901377952755905
0
LINE
8
BLACK
6
CONTINUOUS
10
0.0385014173228346
20
0.1901377952755905
11
0.0384342519685039
21
0.19002
0
LINE
8
BLACK
6
CONTINUOUS
10
0.0384342519685039
20
0.19002
11
0.0384342519685039
21
0.1899579133858268
0
LINE
8
BLACK
6
CONTINUOUS
10
0.0384342519685039
20
0.1899579133858268
11
0.0381934251968504
21
0.1895975196850394
0
LINE
8
BLACK
6
CONTINUOUS
10
0.0381934251968504
20
0.1895975196850394
11
0.0379784251968504
21
0.1892203149606299
0
LINE
8
BLACK
6
CONTINUOUS
10
0.0379784251968504
20
0.1892203149606299
11
0.0379227952755906
21
0.1891925590551181
0
LINE
8
BLACK
6
CONTINUOUS
10
0.0379227952755906
20
0.1891925590551181
11
0.0378475196850394
21
0.1890798031496063
0
LINE
8
BLACK
6
CONTINUOUS
10
0.0378475196850394
20
0.1890798031496063
11
0.0177212598425197
21
0.1689535433070866
0
LINE
8
BLACK
6
CONTINUOUS
10
0.0177212598425197
20
0.1689535433070866
11
0.0379958661417323
21
0.1689535433070866
0
LINE
8
BLACK
6
CONTINUOUS
10
0.0379958661417323
20
0.1689535433070866
11
0.0390316535433071
21
0.1687475196850394
0
LINE
8
BLACK
6
CONTINUOUS
10
0.0390316535433071
20
0.1687475196850394
11
0.0404965354330709
21
0.1672826377952756
0
LINE
8
BLACK
6
CONTINUOUS
10
0.0404965354330709
20
0.1672826377952756
11
0.0404965354330709
21
0.165211062992126
0
LINE
8
BLACK
6
CONTINUOUS
10
0.0404965354330709
20
0.165211062992126
11
0.0390316535433071
21
0.1637461811023622
0
LINE
8
BLACK
6
CONTINUOUS
10
0.0390316535433071
20
0.1637461811023622
11
0.0379958661417323
21
0.1635401574803149
0
LINE
8
BLACK
6
CONTINUOUS
10
0.0379958661417323
20
0.1635401574803149
11
0.0111866929133858
21
0.1635401574803149
0
LINE
8
BLACK
6
CONTINUOUS
10
0.0111866929133858
20
0.1635401574803149
11
0.010150905511811
21
0.1637461811023622
0
LINE
8
BLACK
6
CONTINUOUS
10
0.010150905511811
20
0.1637461811023622
11
0.0101508661417323
21
0.1637461811023622
0
LINE
8
BLACK
6
CONTINUOUS
10
0.0101508661417323
20
0.1637461811023622
11
0.0086860236220472
21
0.1652110236220472
0
LINE
8
BLACK
6
CONTINUOUS
10
0.0086860236220472
20
0.1652110236220472
11
0.0086860236220472
21
0.1672826771653543
0
LINE
8
BLACK
6
CONTINUOUS
10
0.0086860236220472
20
0.1672826771653543
11
0.0092727559055118
21
0.1681607874015748
0
LINE
8
BLACK
6
CONTINUOUS
10
0.0092727559055118
20
0.1681607874015748
11
0.033567874015748
21
0.1924558661417323
0
LINE
8
BLACK
6
CONTINUOUS
10
0.033567874015748
20
0.1924558661417323
11
0.0352891732283465
21
0.1976197244094488
0
LINE
8
BLACK
6
CONTINUOUS
10
0.0352891732283465
20
0.1976197244094488
11
0.0352891732283465
21
0.2006659842519685
0
LINE
8
BLACK
6
CONTINUOUS
10
0.0352891732283465
20
0.2006659842519685
11
0.0337091338582677
21
0.203826062992126
0
LINE
8
BLACK
6
CONTINUOUS
10
0.0337091338582677
20
0.203826062992126
11
0.0322679921259843
21
0.2052672047244095
0
LINE
8
BLACK
6
CONTINUOUS
10
0.0322679921259843
20
0.2052672047244095
11
0.0291079133858268
21
0.2068472440944882
0
LINE
8
BLACK
6
CONTINUOUS
10
0.0291079133858268
20
0.2068472440944882
11
0.0200746456692913
21
0.2068472440944882
0
LINE
8
BLACK
6
CONTINUOUS
10
0.0200746456692913
20
0.2068472440944882
11
0.0169145669291339
21
0.2052672047244095
0
LINE
8
BLACK
6
CONTINUOUS
10
0.0169145669291339
20
0.2052672047244095
11
0.015162874015748
21
0.2035155118110236
0
LINE
8
BLACK
6
CONTINUOUS
10
0.015162874015748
20
0.2035155118110236
11
0.0142847637795276
21
0.2029287795275591
0
LINE
8
BLACK
6
CONTINUOUS
10
0.0142847637795276
20
0.2029287795275591
11
0.0122131102362205
21
0.2029287795275591
0
LINE
8
BLACK
6
CONTINUOUS
10
0.0122131102362205
20
0.2029287795275591
11
0.0107482677165354
21
0.2043936220472441
0
LINE
8
BLACK
6
CONTINUOUS
10
0.0107482677165354
20
0.2043936220472441
11
0.0107482677165354
21
0.2064652755905512
0
LINE
8
BLACK
6
CONTINUOUS
10
0.0107482677165354
20
0.2064652755905512
11
0.011335
21
0.2073433858267716
0
LINE
8
BLACK
6
CONTINUOUS
10
0.011335
20
0.2073433858267716
11
0.0133972440944882
21
0.2094056299212598
0
LINE
8
BLACK
6
CONTINUOUS
10
0.0133972440944882
20
0.2094056299212598
11
0.0137580708661417
21
0.2096467716535433
0
LINE
8
BLACK
6
CONTINUOUS
10
0.0137580708661417
20
0.2096467716535433
11
0.0141007086614173
21
0.2099126377952756
0
LINE
8
BLACK
6
CONTINUOUS
10
0.0141007086614173
20
0.2099126377952756
11
0.0182251968503937
21
0.2119748818897638
0
LINE
8
BLACK
6
CONTINUOUS
10
0.0182251968503937
20
0.2119748818897638
11
0.0183559448818898
21
0.2120107086614173
0
LINE
8
BLACK
6
CONTINUOUS
10
0.0183559448818898
20
0.2120107086614173
11
0.0183998818897638
21
0.2120546062992126
0
LINE
8
BLACK
6
CONTINUOUS
10
0.0183998818897638
20
0.2120546062992126
11
0.0188252755905512
21
0.2121392519685039
0
LINE
8
BLACK
6
CONTINUOUS
10
0.0188252755905512
20
0.2121392519685039
11
0.0192437401574803
21
0.2122538188976378
0
LINE
8
BLACK
6
CONTINUOUS
10
0.0192437401574803
20
0.2122538188976378
11
0.0193026377952756
21
0.2122342125984252
0
LINE
8
BLACK
6
CONTINUOUS
10
0.0193026377952756
20
0.2122342125984252
11
0.0194356692913386
21
0.2122606299212598
0
LINE
8
BLACK
6
CONTINUOUS
10
0.0194356692913386
20
0.2122606299212598
11
0.0297468897637795
21
0.2122606299212598
0
LINE
8
BLACK
6
CONTINUOUS
10
0.0297468897637795
20
0.2122606299212598
11
0.029879842519685
21
0.2122342125984252
0
LINE
8
BLACK
6
CONTINUOUS
10
0.0761520078740157
20
0.2120546062992126
11
0.0776168897637795
21
0.2105897244094488
0
LINE
8
BLACK
6
CONTINUOUS
10
0.0776168897637795
20
0.2105897244094488
11
0.0776168897637795
21
0.2085181496062992
0
LINE
8
BLACK
6
CONTINUOUS
10
0.0776168897637795
20
0.2085181496062992
11
0.0761520078740157
21
0.2070532677165354
0
LINE
8
BLACK
6
CONTINUOUS
10
0.0761520078740157
20
0.2070532677165354
11
0.0751162204724409
21
0.2068472440944882
0
LINE
8
BLACK
6
CONTINUOUS
10
0.0751162204724409
20
0.2068472440944882
11
0.0675062204724409
21
0.2068472440944882
0
LINE
8
BLACK
6
CONTINUOUS
10
0.0675062204724409
20
0.2068472440944882
11
0.0643461417322835
21
0.2052672047244095
0
LINE
8
BLACK
6
CONTINUOUS
10
0.0643461417322835
20
0.2052672047244095
11
0.0627838582677165
21
0.2037049212598425
0
LINE
8
BLACK
6
CONTINUOUS
10
0.0627838582677165
20
0.2037049212598425
11
0.0590681496062992
21
0.1981314173228347
0
LINE
8
BLACK
6
CONTINUOUS
10
0.0590681496062992
20
0.1981314173228347
11
0.0579577165354331
21
0.1936896850393701
0
LINE
8
BLACK
6
CONTINUOUS
10
0.0579577165354331
20
0.1936896850393701
11
0.0615322834645669
21
0.1954769291338583
0
LINE
8
BLACK
6
CONTINUOUS
10
0.0615322834645669
20
0.1954769291338583
11
0.061663031496063
21
0.1955127559055118
0
LINE
8
BLACK
6
CONTINUOUS
10
0.061663031496063
20
0.1955127559055118
11
0.061706968503937
21
0.1955566535433071
0
LINE
8
BLACK
6
CONTINUOUS
10
0.061706968503937
20
0.1955566535433071
11
0.0621323622047244
21
0.1956412992125984
0
LINE
8
BLACK
6
CONTINUOUS
10
0.0621323622047244
20
0.1956412992125984
11
0.0625508267716535
21
0.1957558661417323
0
LINE
8
BLACK
6
CONTINUOUS
10
0.0625508267716535
20
0.1957558661417323
11
0.0626097244094488
21
0.1957362598425197
0
LINE
8
BLACK
6
CONTINUOUS
10
0.0626097244094488
20
0.1957362598425197
11
0.0627427559055118
21
0.1957626771653543
0
LINE
8
BLACK
6
CONTINUOUS
10
0.0627427559055118
20
0.1957626771653543
11
0.0709917322834646
21
0.1957626771653543
0
LINE
8
BLACK
6
CONTINUOUS
10
0.0709917322834646
20
0.1957626771653543
11
0.0711246850393701
21
0.1957362598425197
0
LINE
8
BLACK
6
CONTINUOUS
10
0.0711246850393701
20
0.1957362598425197
11
0.0711836220472441
21
0.1957558661417323
0
LINE
8
BLACK
6
CONTINUOUS
10
0.0711836220472441
20
0.1957558661417323
11
0.0716020078740157
21
0.1956412992125984
0
LINE
8
BLACK
6
CONTINUOUS
10
0.0716020078740157
20
0.1956412992125984
11
0.0720275196850394
21
0.1955566535433071
0
LINE
8
BLACK
6
CONTINUOUS
10
0.0720275196850394
20
0.1955566535433071
11
0.0720714173228346
21
0.1955127559055118
0
LINE
8
BLACK
6
CONTINUOUS
10
0.0720714173228346
20
0.1955127559055118
11
0.0722022047244094
21
0.1954769291338583
0
LINE
8
BLACK
6
CONTINUOUS
10
0.0722022047244094
20
0.1954769291338583
11
0.0763266929133858
21
0.1934146850393701
0
LINE
8
BLACK
6
CONTINUOUS
10
0.0763266929133858
20
0.1934146850393701
11
0.0766692913385827
21
0.1931488188976378
0
LINE
8
BLACK
6
CONTINUOUS
10
0.0766692913385827
20
0.1931488188976378
11
0.077030157480315
21
0.1929076771653543
0
LINE
8
BLACK
6
CONTINUOUS
10
0.077030157480315
20
0.1929076771653543
11
0.0790924015748031
21
0.1908454330708661
0
LINE
8
BLACK
6
CONTINUOUS
10
0.0790924015748031
20
0.1908454330708661
11
0.0793335039370079
21
0.1904846062992126
0
LINE
8
BLACK
6
CONTINUOUS
10
0.0793335039370079
20
0.1904846062992126
11
0.0795994094488189
21
0.190141968503937
0
LINE
8
BLACK
6
CONTINUOUS
10
0.0795994094488189
20
0.190141968503937
11
0.0816616535433071
21
0.1860174803149606
0
LINE
8
BLACK
6
CONTINUOUS
10
0.0816616535433071
20
0.1860174803149606
11
0.0816974409448819
21
0.1858867322834646
0
LINE
8
BLACK
6
CONTINUOUS
10
0.0816974409448819
20
0.1858867322834646
11
0.0817413779527559
21
0.1858427952755906
0
LINE
8
BLACK
6
CONTINUOUS
10
0.0817413779527559
20
0.1858427952755906
11
0.0818259842519685
21
0.1854174015748032
0
LINE
8
BLACK
6
CONTINUOUS
10
0.0818259842519685
20
0.1854174015748032
11
0.0819405905511811
21
0.184998937007874
0
LINE
8
BLACK
6
CONTINUOUS
10
0.0819405905511811
20
0.184998937007874
11
0.0819209448818898
21
0.1849400393700787
0
LINE
8
BLACK
6
CONTINUOUS
10
0.0819209448818898
20
0.1849400393700787
11
0.0819474015748032
21
0.1848070078740157
0
LINE
8
BLACK
6
CONTINUOUS
10
0.0819474015748032
20
0.1848070078740157
11
0.0819474015748032
21
0.1744957874015748
0
LINE
8
BLACK
6
CONTINUOUS
10
0.0819474015748032
20
0.1744957874015748
11
0.0819209448818898
21
0.1743627952755905
0
LINE
8
BLACK
6
CONTINUOUS
10
0.0819209448818898
20
0.1743627952755905
11
0.0819405905511811
21
0.1743038582677165
0
LINE
8
BLACK
6
CONTINUOUS
10
0.0819405905511811
20
0.1743038582677165
11
0.0818259842519685
21
0.1738854330708661
0
LINE
8
BLACK
6
CONTINUOUS
10
0.0818259842519685
20
0.1738854330708661
11
0.0817413779527559
21
0.17346
0
LINE
8
BLACK
6
CONTINUOUS
10
0.0817413779527559
20
0.17346
11
0.0816974409448819
21
0.1734161023622047
0
LINE
8
BLACK
6
CONTINUOUS
10
0.0816974409448819
20
0.1734161023622047
11
0.0816616535433071
21
0.1732853149606299
0
LINE
8
BLACK
6
CONTINUOUS
10
0.0816616535433071
20
0.1732853149606299
11
0.0795994094488189
21
0.1691608267716535
0
LINE
8
BLACK
6
CONTINUOUS
10
0.0795994094488189
20
0.1691608267716535
11
0.0793335039370079
21
0.1688182283464567
0
LINE
8
BLACK
6
CONTINUOUS
10
0.0793335039370079
20
0.1688182283464567
11
0.0790924015748031
21
0.1684573622047244
0
LINE
8
BLACK
6
CONTINUOUS
10
0.0790924015748031
20
0.1684573622047244
11
0.077030157480315
21
0.1663951181102362
0
LINE
8
BLACK
6
CONTINUOUS
10
0.077030157480315
20
0.1663951181102362
11
0.076669094488189
21
0.1661538976377953
0
LINE
8
BLACK
6
CONTINUOUS
10
0.076669094488189
20
0.1661538976377953
11
0.0763266535433071
21
0.1658881102362205
0
LINE
8
BLACK
6
CONTINUOUS
10
0.0763266535433071
20
0.1658881102362205
11
0.0722021653543307
21
0.163825905511811
0
LINE
8
BLACK
6
CONTINUOUS
10
0.0722021653543307
20
0.163825905511811
11
0.0720714173228346
21
0.1637901181102362
0
LINE
8
BLACK
6
CONTINUOUS
10
0.0720714173228346
20
0.1637901181102362
11
0.0720275196850394
21
0.1637461811023622
0
LINE
8
BLACK
6
CONTINUOUS
10
0.0720275196850394
20
0.1637461811023622
11
0.071601968503937
21
0.1636615748031496
0
LINE
8
BLACK
6
CONTINUOUS
10
0.071601968503937
20
0.1636615748031496
11
0.0711836220472441
21
0.163546968503937
0
LINE
8
BLACK
6
CONTINUOUS
10
0.0711836220472441
20
0.163546968503937
11
0.0711246850393701
21
0.1635666141732283
0
LINE
8
BLACK
6
CONTINUOUS
10
0.0711246850393701
20
0.1635666141732283
11
0.0709917322834646
21
0.1635401574803149
0
LINE
8
BLACK
6
CONTINUOUS
10
0.0709917322834646
20
0.1635401574803149
11
0.0627427559055118
21
0.1635401574803149
0
LINE
8
BLACK
6
CONTINUOUS
10
0.0627427559055118
20
0.1635401574803149
11
0.0626097637795276
21
0.1635666141732283
0
LINE
8
BLACK
6
CONTINUOUS
10
0.0626097637795276
20
0.1635666141732283
11
0.0625508661417323
21
0.163546968503937
0
LINE
8
BLACK
6
CONTINUOUS
10
0.0625508661417323
20
0.163546968503937
11
0.0621324803149606
21
0.1636615748031496
0
LINE
8
BLACK
6
CONTINUOUS
10
0.0621324803149606
20
0.1636615748031496
11
0.061706968503937
21
0.1637461811023622
0
LINE
8
BLACK
6
CONTINUOUS
10
0.061706968503937
20
0.1637461811023622
11
0.061663031496063
21
0.1637901181102362
0
LINE
8
BLACK
6
CONTINUOUS
10
0.061663031496063
20
0.1637901181102362
11
0.0615323228346457
21
0.163825905511811
0
LINE
8
BLACK
6
CONTINUOUS
10
0.0615323228346457
20
0.163825905511811
11
0.0574078346456693
21
0.1658881102362205
0
LINE
8
BLACK
6
CONTINUOUS
10
0.0574078346456693
20
0.1658881102362205
11
0.0570653543307087
21
0.1661538976377953
0
LINE
8
BLACK
6
CONTINUOUS
10
0.0570653543307087
20
0.1661538976377953
11
0.0567043307086614
21
0.1663951181102362
0
LINE
8
BLACK
6
CONTINUOUS
10
0.0567043307086614
20
0.1663951181102362
11
0.0546420866141732
21
0.1684573622047244
0
LINE
8
BLACK
6
CONTINUOUS
10
0.0546420866141732
20
0.1684573622047244
11
0.0544009448818898
21
0.1688182283464567
0
LINE
8
BLACK
6
CONTINUOUS
10
0.0544009448818898
20
0.1688182283464567
11
0.0541350787401575
21
0.1691608267716535
0
LINE
8
BLACK
6
CONTINUOUS
10
0.0541350787401575
20
0.1691608267716535
11
0.0520728346456693
21
0.1732853149606299
0
LINE
8
BLACK
6
CONTINUOUS
10
0.0520728346456693
20
0.1732853149606299
11
0.0520370078740157
21
0.1734161023622047
0
LINE
8
BLACK
6
CONTINUOUS
10
0.0520370078740157
20
0.1734161023622047
11
0.0519931102362205
21
0.17346
0
LINE
8
BLACK
6
CONTINUOUS
10
0.0519931102362205
20
0.17346
11
0.0519084645669291
21
0.1738855118110236
0
LINE
8
BLACK
6
CONTINUOUS
10
0.0519084645669291
20
0.1738855118110236
11
0.0517938976377953
21
0.1743038976377953
0
LINE
8
BLACK
6
CONTINUOUS
10
0.0517938976377953
20
0.1743038976377953
11
0.0518135039370079
21
0.1743628346456693
0
LINE
8
BLACK
6
CONTINUOUS
10
0.0518135039370079
20
0.1743628346456693
11
0.0517870866141732
21
0.1744957874015748
0
LINE
8
BLACK
6
CONTINUOUS
10
0.0517870866141732
20
0.1744957874015748
11
0.0517870866141732
21
0.1909937401574803
0
LINE
8
BLACK
6
CONTINUOUS
10
0.0517870866141732
20
0.1909937401574803
11
0.0518517716535433
21
0.191319094488189
0
LINE
8
BLACK
6
CONTINUOUS
10
0.0518517716535433
20
0.191319094488189
11
0.0518679133858268
21
0.1916501968503937
0
LINE
8
BLACK
6
CONTINUOUS
10
0.0518679133858268
20
0.1916501968503937
11
0.053930157480315
21
0.1998991732283464
0
LINE
8
BLACK
6
CONTINUOUS
10
0.053930157480315
20
0.1998991732283464
11
0.0541275196850394
21
0.2003170472440945
0
LINE
8
BLACK
6
CONTINUOUS
10
0.0541275196850394
20
0.2003170472440945
11
0.054303937007874
21
0.2007441338582677
0
LINE
8
BLACK
6
CONTINUOUS
10
0.054303937007874
20
0.2007441338582677
11
0.0584283858267717
21
0.2069308267716535
0
LINE
8
BLACK
6
CONTINUOUS
10
0.0584283858267717
20
0.2069308267716535
11
0.0586175984251968
21
0.2071204724409449
0
LINE
8
BLACK
6
CONTINUOUS
10
0.0586175984251968
20
0.2071204724409449
11
0.0587665748031496
21
0.2073433858267716
0
LINE
8
BLACK
6
CONTINUOUS
10
0.0587665748031496
20
0.2073433858267716
11
0.0608288188976378
21
0.2094056299212598
0
LINE
8
BLACK
6
CONTINUOUS
10
0.0608288188976378
20
0.2094056299212598
11
0.0611896456692913
21
0.2096467716535433
0
LINE
8
BLACK
6
CONTINUOUS
10
0.0611896456692913
20
0.2096467716535433
11
0.0615322834645669
21
0.2099126377952756
0
LINE
8
BLACK
6
CONTINUOUS
10
0.0615322834645669
20
0.2099126377952756
11
0.0656567716535433
21
0.2119748818897638
0
LINE
8
BLACK
6
CONTINUOUS
10
0.0656567716535433
20
0.2119748818897638
11
0.0657875196850394
21
0.2120107086614173
0
LINE
8
BLACK
6
CONTINUOUS
10
0.0657875196850394
20
0.2120107086614173
11
0.0658314566929134
21
0.2120546062992126
0
LINE
8
BLACK
6
CONTINUOUS
10
0.0658314566929134
20
0.2120546062992126
11
0.0662568503937008
21
0.2121392519685039
0
LINE
8
BLACK
6
CONTINUOUS
10
0.0662568503937008
20
0.2121392519685039
11
0.0666753149606299
21
0.2122538188976378
0
LINE
8
BLACK
6
CONTINUOUS
10
0.0666753149606299
20
0.2122538188976378
11
0.0667342125984252
21
0.2122342125984252
0
LINE
8
BLACK
6
CONTINUOUS
10
0.0667342125984252
20
0.2122342125984252
11
0.0668672440944882
21
0.2122606299212598
0
LINE
8
BLACK
6
CONTINUOUS
10
0.0668672440944882
20
0.2122606299212598
11
0.0751162204724409
21
0.2122606299212598
0
LINE
8
BLACK
6
CONTINUOUS
10
0.0751162204724409
20
0.2122606299212598
11
0.0761520078740157
21
0.2120546062992126
0
LINE
8
BLACK
6
CONTINUOUS
10
0.0602216535433071
20
0.1887692519685039
11
0.0587805118110236
21
0.1873281102362205
0
LINE
8
BLACK
6
CONTINUOUS
10
0.0587805118110236
20
0.1873281102362205
11
0.0572004724409449
21
0.184168031496063
0
LINE
8
BLACK
6
CONTINUOUS
10
0.0572004724409449
20
0.184168031496063
11
0.0572004724409449
21
0.1751347637795276
0
LINE
8
BLACK
6
CONTINUOUS
10
0.0572004724409449
20
0.1751347637795276
11
0.0587805118110236
21
0.1719746850393701
0
LINE
8
BLACK
6
CONTINUOUS
10
0.0587805118110236
20
0.1719746850393701
11
0.0602216535433071
21
0.1705335433070866
0
LINE
8
BLACK
6
CONTINUOUS
10
0.0602216535433071
20
0.1705335433070866
11
0.0633816929133858
21
0.1689535433070866
0
LINE
8
BLACK
6
CONTINUOUS
10
0.0633816929133858
20
0.1689535433070866
11
0.0703527952755905
21
0.1689535433070866
0
LINE
8
BLACK
6
CONTINUOUS
10
0.0703527952755905
20
0.1689535433070866
11
0.0735127952755906
21
0.1705335433070866
0
LINE
8
BLACK
6
CONTINUOUS
10
0.0735127952755906
20
0.1705335433070866
11
0.0749539763779528
21
0.1719746850393701
0
LINE
8
BLACK
6
CONTINUOUS
10
0.0749539763779528
20
0.1719746850393701
11
0.0765340157480315
21
0.1751347637795276
0
LINE
8
BLACK
6
CONTINUOUS
10
0.0765340157480315
20
0.1751347637795276
11
0.0765340157480315
21
0.184168031496063
0
LINE
8
BLACK
6
CONTINUOUS
10
0.0765340157480315
20
0.184168031496063
11
0.0749539763779528
21
0.1873281102362205
0
LINE
8
BLACK
6
CONTINUOUS
10
0.0749539763779528
20
0.1873281102362205
11
0.0735128346456693
21
0.1887692519685039
0
LINE
8
BLACK
6
CONTINUOUS
10
0.0735128346456693
20
0.1887692519685039
11
0.0703527559055118
21
0.1903492913385827
0
LINE
8
BLACK
6
CONTINUOUS
10
0.0703527559055118
20
0.1903492913385827
11
0.0633817322834646
21
0.1903492913385827
0
LINE
8
BLACK
6
CONTINUOUS
10
0.0633817322834646
20
0.1903492913385827
11
0.0602216535433071
21
0.1887692519685039
0
LINE
8
BLACK
6
CONTINUOUS
10
0.900576062992126
20
1.0028960236220472
11
0.9016404724409448
21
1.0024551181102361
0
LINE
8
BLACK
6
CONTINUOUS
10
0.9016404724409448
20
1.0024551181102361
11
0.9024551181102362
21
1.0016404724409449
0
LINE
8
BLACK
6
CONTINUOUS
10
0.9024551181102362
20
1.0016404724409449
11
0.9028960236220472
21
1.0005760629921259
0
LINE
8
BLACK
6
CONTINUOUS
10
0.9028960236220472
20
1.0005760629921259
11
0.9029527559055118
21
1.
0
LINE
8
BLACK
6
CONTINUOUS
10
0.9029527559055118
20
1.
11
0.9029527559055118
21
0.6
0
LINE
8
BLACK
6
CONTINUOUS
10
0.9029527559055118
20
0.6
11
0.9029527559055118
21
0.2
0
LINE
8
BLACK
6
CONTINUOUS
10
0.9029527559055118
20
0.2
11
0.9028960236220472
21
0.199423937007874
0
LINE
8
BLACK
6
CONTINUOUS
10
0.9028960236220472
20
0.199423937007874
11
0.9024551181102362
21
0.1983595275590551
0
LINE
8
BLACK
6
CONTINUOUS
10
0.9024551181102362
20
0.1983595275590551
11
0.9016404724409448
21
0.1975448818897638
0
LINE
8
BLACK
6
CONTINUOUS
10
0.9016404724409448
20
0.1975448818897638
11
0.900576062992126
21
0.1971039763779527
0
LINE
8
BLACK
6
CONTINUOUS
10
0.900576062992126
20
0.1971039763779527
11
0.9
21
0.1970472440944882
0
LINE
8
BLACK
6
CONTINUOUS
10
0.9
20
0.1970472440944882
11
0.7
21
0.1970472440944882
0
LINE
8
BLACK
6
CONTINUOUS
10
0.7
20
0.1970472440944882
11
0.699423937007874
21
0.1971039763779527
0
LINE
8
BLACK
6
CONTINUOUS
10
0.699423937007874
20
0.1971039763779527
11
0.6983595275590551
21
0.1975448818897638
0
LINE
8
BLACK
6
CONTINUOUS
10
0.6983595275590551
20
0.1975448818897638
11
0.6975448818897637
21
0.1983595275590551
0
LINE
8
BLACK
6
CONTINUOUS
10
0.6975448818897637
20
0.1983595275590551
11
0.6971039763779527
21
0.199423937007874
0
LINE
8
BLACK
6
CONTINUOUS
10
0.6971039763779527
20
0.199423937007874
11
0.6970472440944881
21
0.2
0
LINE
8
BLACK
6
CONTINUOUS
10
0.6970472440944881
20
0.2
11
0.6970472440944881
21
0.6
0
LINE
8
BLACK
6
CONTINUOUS
10
0.6970472440944881
20
0.6
11
0.6970472440944881
21
1.
0
LINE
8
BLACK
6
CONTINUOUS
10
0.6970472440944881
20
1.
11
0.6971039763779527
21
1.0005760629921259
0
LINE
8
BLACK
6
CONTINUOUS
10
0.6971039763779527
20
1.0005760629921259
11
0.6975448818897637
21
1.0016404724409449
0
LINE
8
BLACK
6
CONTINUOUS
10
0.6975448818897637
20
1.0016404724409449
11
0.6983595275590551
21
1.0024551181102361
0
LINE
8
BLACK
6
CONTINUOUS
10
0.6983595275590551
20
1.0024551181102361
11
0.699423937007874
21
1.0028960236220472
0
LINE
8
BLACK
6
CONTINUOUS
10
0.699423937007874
20
1.0028960236220472
11
0.7
21
1.0029527559055118
0
LINE
8
BLACK
6
CONTINUOUS
10
0.7
20
1.0029527559055118
11
0.9
21
1.0029527559055118
0
LINE
8
BLACK
6
CONTINUOUS
10
0.9
20
1.0029527559055118
11
0.900576062992126
21
1.0028960236220472
0
LINE
8
BLACK
6
CONTINUOUS
10
0.7029527559055118
20
0.5970472440944882
11
0.7029527559055118
21
0.2029527559055118
0
LINE
8
BLACK
6
CONTINUOUS
10
0.7029527559055118
20
0.2029527559055118
11
0.8970472440944882
21
0.2029527559055118
0
LINE
8
BLACK
6
CONTINUOUS
10
0.8970472440944882
20
0.2029527559055118
11
0.8970472440944882
21
0.5970472440944882
0
LINE
8
BLACK
6
CONTINUOUS
10
0.8970472440944882
20
0.5970472440944882
11
0.7029527559055118
21
0.5970472440944882
0
LINE
8
BLACK
6
CONTINUOUS
10
0.7029527559055118
20
0.9970472440944882
11
0.7029527559055118
21
0.6029527559055118
0
LINE
8
BLACK
6
CONTINUOUS
10
0.7029527559055118
20
0.6029527559055118
11
0.8970472440944882
21
0.6029527559055118
0
LINE
8
BLACK
6
CONTINUOUS
10
0.8970472440944882
20
0.6029527559055118
11
0.8970472440944882
21
0.9970472440944882
0
LINE
8
BLACK
6
CONTINUOUS
10
0.8970472440944882
20
0.9970472440944882
11
0.7029527559055118
21
0.9970472440944882
0
LINE
8
BLACK
6
CONTINUOUS
10
0.3695012992125984
20
0.2523734251968504
11
0.3696916141732283
21
0.2514167322834646
0
LINE
8
BLACK
6
CONTINUOUS
10
0.3696916141732283
20
0.2514167322834646
11
0.3696916141732283
21
0.2145466535433071
0
LINE
8
BLACK
6
CONTINUOUS
10
0.3696916141732283
20
0.2145466535433071
11
0.3859392519685039
21
0.2145466535433071
0
LINE
8
BLACK
6
CONTINUOUS
10
0.3859392519685039
20
0.2145466535433071
11
0.3868959448818898
21
0.2143563385826772
0
LINE
8
BLACK
6
CONTINUOUS
10
0.3868959448818898
20
0.2143563385826772
11
0.388248937007874
21
0.2130033464566929
0
LINE
8
BLACK
6
CONTINUOUS
10
0.388248937007874
20
0.2130033464566929
11
0.388248937007874
21
0.2110899606299212
0
LINE
8
BLACK
6
CONTINUOUS
10
0.388248937007874
20
0.2110899606299212
11
0.3868959448818898
21
0.209736968503937
0
LINE
8
BLACK
6
CONTINUOUS
10
0.3868959448818898
20
0.209736968503937
11
0.3859392519685039
21
0.2095466535433071
0
LINE
8
BLACK
6
CONTINUOUS
10
0.3859392519685039
20
0.2095466535433071
11
0.3671916141732283
21
0.2095466535433071
0
LINE
8
BLACK
6
CONTINUOUS
10
0.3671916141732283
20
0.2095466535433071
11
0.3662349212598425
21
0.209736968503937
0
LINE
8
BLACK
6
CONTINUOUS
10
0.3662349212598425
20
0.209736968503937
11
0.3648819291338583
21
0.2110899606299212
0
LINE
8
BLACK
6
CONTINUOUS
10
0.3648819291338583
20
0.2110899606299212
11
0.3646916141732283
21
0.2120466535433071
0
LINE
8
BLACK
6
CONTINUOUS
10
0.3646916141732283
20
0.2120466535433071
11
0.3646916141732283
21
0.2514167322834646
0
LINE
8
BLACK
6
CONTINUOUS
10
0.3646916141732283
20
0.2514167322834646
11
0.3648819291338583
21
0.2523734251968504
0
LINE
8
BLACK
6
CONTINUOUS
10
0.3648819291338583
20
0.2523734251968504
11
0.3662349212598425
21
0.2537264173228346
0
LINE
8
BLACK
6
CONTINUOUS
10
0.3662349212598425
20
0.2537264173228346
11
0.3681483070866142
21
0.2537264173228346
0
LINE
8
BLACK
6
CONTINUOUS
10
0.3681483070866142
20
0.2537264173228346
11
0.3695012992125984
21
0.2523734251968504
0
LINE
8
BLACK
6
CONTINUOUS
10
0.395326968503937
20
0.2530547244094488
11
0.3958100393700787
21
0.2522072834645669
0
LINE
8
BLACK
6
CONTINUOUS
10
0.3958100393700787
20
0.2522072834645669
11
0.4065616929133858
21
0.2199523228346457
0
LINE
8
BLACK
6
CONTINUOUS
10
0.4065616929133858
20
0.2199523228346457
11
0.4173133070866142
21
0.2522072834645669
0
LINE
8
BLACK
6
CONTINUOUS
10
0.4173133070866142
20
0.2522072834645669
11
0.4177964173228346
21
0.2530546850393701
0
LINE
8
BLACK
6
CONTINUOUS
10
0.4177964173228346
20
0.2530546850393701
11
0.4195078346456693
21
0.2539103937007874
0
LINE
8
BLACK
6
CONTINUOUS
10
0.4195078346456693
20
0.2539103937007874
11
0.421323031496063
21
0.2533053543307087
0
LINE
8
BLACK
6
CONTINUOUS
10
0.421323031496063
20
0.2533053543307087
11
0.4221787401574803
21
0.251593937007874
0
LINE
8
BLACK
6
CONTINUOUS
10
0.4221787401574803
20
0.251593937007874
11
0.4220567322834646
21
0.2506261417322835
0
LINE
8
BLACK
6
CONTINUOUS
10
0.4220567322834646
20
0.2506261417322835
11
0.4089333858267716
21
0.2112561023622047
0
LINE
8
BLACK
6
CONTINUOUS
10
0.4089333858267716
20
0.2112561023622047
11
0.4084503149606299
21
0.2104086614173228
0
LINE
8
BLACK
6
CONTINUOUS
10
0.4084503149606299
20
0.2104086614173228
11
0.4082832283464567
21
0.2103251181102362
0
LINE
8
BLACK
6
CONTINUOUS
10
0.4082832283464567
20
0.2103251181102362
11
0.4081996850393701
21
0.210158031496063
0
LINE
8
BLACK
6
CONTINUOUS
10
0.4081996850393701
20
0.210158031496063
11
0.4074478346456693
21
0.2099074409448819
0
LINE
8
BLACK
6
CONTINUOUS
10
0.4074478346456693
20
0.2099074409448819
11
0.4067388976377952
21
0.2095529527559055
0
LINE
8
BLACK
6
CONTINUOUS
10
0.4067388976377952
20
0.2095529527559055
11
0.4065616141732283
21
0.2096120472440945
0
LINE
8
BLACK
6
CONTINUOUS
10
0.4065616141732283
20
0.2096120472440945
11
0.4063844881889764
21
0.2095529921259842
0
LINE
8
BLACK
6
CONTINUOUS
10
0.4063844881889764
20
0.2095529921259842
11
0.4056758267716535
21
0.2099073228346457
0
LINE
8
BLACK
6
CONTINUOUS
10
0.4056758267716535
20
0.2099073228346457
11
0.4049237007874016
21
0.210158031496063
0
LINE
8
BLACK
6
CONTINUOUS
10
0.4049237007874016
20
0.210158031496063
11
0.4048401181102362
21
0.2103251968503937
0
LINE
8
BLACK
6
CONTINUOUS
10
0.4048401181102362
20
0.2103251968503937
11
0.4046730708661417
21
0.2104087007874016
0
LINE
8
BLACK
6
CONTINUOUS
10
0.4046730708661417
20
0.2104087007874016
11
0.4041899606299212
21
0.2112561023622047
0
LINE
8
BLACK
6
CONTINUOUS
10
0.4041899606299212
20
0.2112561023622047
11
0.3910666535433071
21
0.2506261811023622
0
LINE
8
BLACK
6
CONTINUOUS
10
0.3910666535433071
20
0.2506261811023622
11
0.3909446456692913
21
0.251593937007874
0
LINE
8
BLACK
6
CONTINUOUS
10
0.3909446456692913
20
0.251593937007874
11
0.3918003543307086
21
0.2533053543307087
0
LINE
8
BLACK
6
CONTINUOUS
10
0.3918003543307086
20
0.2533053543307087
11
0.3936155511811024
21
0.2539104330708661
0
LINE
8
BLACK
6
CONTINUOUS
10
0.3936155511811024
20
0.2539104330708661
11
0.395326968503937
21
0.2530547244094488
0
LINE
8
BLACK
6
CONTINUOUS
10
0.3550249212598425
20
0.2537264173228346
11
0.3563779133858268
21
0.2523734251968504
0
LINE
8
BLACK
6
CONTINUOUS
10
0.3563779133858268
20
0.2523734251968504
11
0.3563779133858268
21
0.2504600393700787
0
LINE
8
BLACK
6
CONTINUOUS
10
0.3563779133858268
20
0.2504600393700787
11
0.3550249212598425
21
0.2491070472440945
0
LINE
8
BLACK
6
CONTINUOUS
10
0.3550249212598425
20
0.2491070472440945
11
0.3540682283464567
21
0.2489167322834646
0
LINE
8
BLACK
6
CONTINUOUS
10
0.3540682283464567
20
0.2489167322834646
11
0.3453196456692914
21
0.2489167322834646
0
LINE
8
BLACK
6
CONTINUOUS
10
0.3453196456692914
20
0.2489167322834646
11
0.3453196456692914
21
0.2120466535433071
0
LINE
8
BLACK
6
CONTINUOUS
10
0.3453196456692914
20
0.2120466535433071
11
0.3451293307086614
21
0.2110899606299212
0
LINE
8
BLACK
6
CONTINUOUS
10
0.3451293307086614
20
0.2110899606299212
11
0.3437763385826771
21
0.209736968503937
0
LINE
8
BLACK
6
CONTINUOUS
10
0.3437763385826771
20
0.209736968503937
11
0.3418629527559055
21
0.209736968503937
0
LINE
8
BLACK
6
CONTINUOUS
10
0.3418629527559055
20
0.209736968503937
11
0.3405099606299212
21
0.2110899606299212
0
LINE
8
BLACK
6
CONTINUOUS
10
0.3405099606299212
20
0.2110899606299212
11
0.3403196456692913
21
0.2120466535433071
0
LINE
8
BLACK
6
CONTINUOUS
10
0.3403196456692913
20
0.2120466535433071
11
0.3403196456692913
21
0.2489167322834646
0
LINE
8
BLACK
6
CONTINUOUS
10
0.3403196456692913
20
0.2489167322834646
11
0.331571062992126
21
0.2489167322834646
0
LINE
8
BLACK
6
CONTINUOUS
10
0.331571062992126
20
0.2489167322834646
11
0.3306143700787402
21
0.2491070472440945
0
LINE
8
BLACK
6
CONTINUOUS
10
0.3306143700787402
20
0.2491070472440945
11
0.3292613779527559
21
0.2504600393700787
0
LINE
8
BLACK
6
CONTINUOUS
10
0.3292613779527559
20
0.2504600393700787
11
0.3292613779527559
21
0.2523734251968504
0
LINE
8
BLACK
6
CONTINUOUS
10
0.3292613779527559
20
0.2523734251968504
11
0.3306143700787402
21
0.2537264173228346
0
LINE
8
BLACK
6
CONTINUOUS
10
0.3306143700787402
20
0.2537264173228346
11
0.331571062992126
21
0.2539167322834646
0
LINE
8
BLACK
6
CONTINUOUS
10
0.331571062992126
20
0.2539167322834646
11
0.3540682283464567
21
0.2539167322834646
0
LINE
8
BLACK
6
CONTINUOUS
10
0.3540682283464567
20
0.2539167322834646
11
0.3550249212598425
21
0.2537264173228346
0
LINE
8
BLACK
6
CONTINUOUS
10
0.4501162204724409
20
0.2429996062992126
11
0.4503065354330709
21
0.2420429133858268
0
LINE
8
BLACK
6
CONTINUOUS
10
0.4503065354330709
20
0.2420429133858268
11
0.4503065354330709
21
0.2295448031496063
0
LINE
8
BLACK
6
CONTINUOUS
10
0.4503065354330709
20
0.2295448031496063
11
0.4628046850393701
21
0.2295448031496063
0
LINE
8
BLACK
6
CONTINUOUS
10
0.4628046850393701
20
0.2295448031496063
11
0.4637613779527559
21
0.2293544881889764
0
LINE
8
BLACK
6
CONTINUOUS
10
0.4637613779527559
20
0.2293544881889764
11
0.4651143700787401
21
0.2280014960629921
0
LINE
8
BLACK
6
CONTINUOUS
10
0.4651143700787401
20
0.2280014960629921
11
0.4651143700787401
21
0.2260881102362205
0
LINE
8
BLACK
6
CONTINUOUS
10
0.4651143700787401
20
0.2260881102362205
11
0.4637613779527559
21
0.2247351181102362
0
LINE
8
BLACK
6
CONTINUOUS
10
0.4637613779527559
20
0.2247351181102362
11
0.4628046850393701
21
0.2245448031496063
0
LINE
8
BLACK
6
CONTINUOUS
10
0.4628046850393701
20
0.2245448031496063
11
0.4503065354330709
21
0.2245448031496063
0
LINE
8
BLACK
6
CONTINUOUS
10
0.4503065354330709
20
0.2245448031496063
11
0.4503065354330709
21
0.2120466535433071
0
LINE
8
BLACK
6
CONTINUOUS
10
0.4503065354330709
20
0.2120466535433071
11
0.4501162204724409
21
0.2110899606299212
0
LINE
8
BLACK
6
CONTINUOUS
10
0.4501162204724409
20
0.2110899606299212
11
0.4487632283464567
21
0.209736968503937
0
LINE
8
BLACK
6
CONTINUOUS
10
0.4487632283464567
20
0.209736968503937
11
0.446849842519685
21
0.209736968503937
0
LINE
8
BLACK
6
CONTINUOUS
10
0.446849842519685
20
0.209736968503937
11
0.4454968503937008
21
0.2110899606299212
0
LINE
8
BLACK
6
CONTINUOUS
10
0.4454968503937008
20
0.2110899606299212
11
0.4453065354330709
21
0.2120466535433071
0
LINE
8
BLACK
6
CONTINUOUS
10
0.4453065354330709
20
0.2120466535433071
11
0.4453065354330709
21
0.2245448031496063
0
LINE
8
BLACK
6
CONTINUOUS
10
0.4453065354330709
20
0.2245448031496063
11
0.4328084251968504
21
0.2245448031496063
0
LINE
8
BLACK
6
CONTINUOUS
10
0.4328084251968504
20
0.2245448031496063
11
0.4318517322834646
21
0.2247351181102362
0
LINE
8
BLACK
6
CONTINUOUS
10
0.4318517322834646
20
0.2247351181102362
11
0.4304987401574803
21
0.2260881102362205
0
LINE
8
BLACK
6
CONTINUOUS
10
0.4304987401574803
20
0.2260881102362205
11
0.4304987401574803
21
0.2280014960629921
0
LINE
8
BLACK
6
CONTINUOUS
10
0.4304987401574803
20
0.2280014960629921
11
0.4318517322834646
21
0.2293544881889764
0
LINE
8
BLACK
6
CONTINUOUS
10
0.4318517322834646
20
0.2293544881889764
11
0.4328084251968504
21
0.2295448031496063
0
LINE
8
BLACK
6
CONTINUOUS
10
0.4328084251968504
20
0.2295448031496063
11
0.4453065354330709
21
0.2295448031496063
0
LINE
8
BLACK
6
CONTINUOUS
10
0.4453065354330709
20
0.2295448031496063
11
0.4453065354330709
21
0.2420429133858268
0
LINE
8
BLACK
6
CONTINUOUS
10
0.4453065354330709
20
0.2420429133858268
11
0.4454968503937008
21
0.2429996062992126
0
LINE
8
BLACK
6
CONTINUOUS
10
0.4454968503937008
20
0.2429996062992126
11
0.446849842519685
21
0.2443525984251969
0
LINE
8
BLACK
6
CONTINUOUS
10
0.446849842519685
20
0.2443525984251969
11
0.4487632283464567
21
0.2443525984251969
0
LINE
8
BLACK
6
CONTINUOUS
10
0.4487632283464567
20
0.2443525984251969
11
0.4501162204724409
21
0.2429996062992126
0
LINE
8
BLACK
6
CONTINUOUS
10
0.040576062992126
20
0.2661007480314961
11
0.0416404724409449
21
0.2656598425196851
0
LINE
8
BLACK
6
CONTINUOUS
10
0.0416404724409449
20
0.2656598425196851
11
0.0424551181102362
21
0.2648451968503937
0
LINE
8
BLACK
6
CONTINUOUS
10
0.0424551181102362
20
0.2648451968503937
11
0.0428960236220472
21
0.2637807874015748
0
LINE
8
BLACK
6
CONTINUOUS
10
0.0428960236220472
20
0.2637807874015748
11
0.0428960236220472
21
0.2626286614173228
0
LINE
8
BLACK
6
CONTINUOUS
10
0.0428960236220472
20
0.2626286614173228
11
0.0424551181102362
21
0.2615642519685039
0
LINE
8
BLACK
6
CONTINUOUS
10
0.0424551181102362
20
0.2615642519685039
11
0.0416404724409449
21
0.2607496062992126
0
LINE
8
BLACK
6
CONTINUOUS
10
0.0416404724409449
20
0.2607496062992126
11
0.040576062992126
21
0.2603087007874016
0
LINE
8
BLACK
6
CONTINUOUS
10
0.040576062992126
20
0.2603087007874016
11
0.04
21
0.260251968503937
0
LINE
8
BLACK
6
CONTINUOUS
10
0.04
20
0.260251968503937
11
-0.04
21
0.260251968503937
0
LINE
8
BLACK
6
CONTINUOUS
10
-0.04
20
0.260251968503937
11
-0.040576062992126
21
0.2603087007874016
0
LINE
8
BLACK
6
CONTINUOUS
10
-0.040576062992126
20
0.2603087007874016
11
-0.0416404724409449
21
0.2607496062992126
0
LINE
8
BLACK
6
CONTINUOUS
10
-0.0416404724409449
20
0.2607496062992126
11
-0.0424551181102362
21
0.2615642519685039
0
LINE
8
BLACK
6
CONTINUOUS
10
-0.0424551181102362
20
0.2615642519685039
11
-0.0428960236220472
21
0.2626286614173228
0
LINE
8
BLACK
6
CONTINUOUS
10
-0.0428960236220472
20
0.2626286614173228
11
-0.0428960236220472
21
0.2637807874015748
0
LINE
8
BLACK
6
CONTINUOUS
10
-0.0428960236220472
20
0.2637807874015748
11
-0.0424551181102362
21
0.2648451968503937
0
LINE
8
BLACK
6
CONTINUOUS
10
-0.0424551181102362
20
0.2648451968503937
11
-0.0416404724409449
21
0.2656598425196851
0
LINE
8
BLACK
6
CONTINUOUS
10
-0.0416404724409449
20
0.2656598425196851
11
-0.040576062992126
21
0.2661007480314961
0
LINE
8
BLACK
6
CONTINUOUS
10
-0.040576062992126
20
0.2661007480314961
11
-0.04
21
0.2661574803149606
0
LINE
8
BLACK
6
CONTINUOUS
10
-0.04
20
0.2661574803149606
11
0.04
21
0.2661574803149606
0
LINE
8
BLACK
6
CONTINUOUS
10
0.04
20
0.2661574803149606
11
0.040576062992126
21
0.2661007480314961
0
LINE
8
BLACK
6
CONTINUOUS
10
0.2308929527559055
20
0.3550249606299212
11
0.2310832677165354
21
0.3540682677165354
0
LINE
8
BLACK
6
CONTINUOUS
10
0.2310832677165354
20
0.3540682677165354
11
0.2310832677165354
21
0.3453196850393701
0
LINE
8
BLACK
6
CONTINUOUS
10
0.2310832677165354
20
0.3453196850393701
11
0.2679533464566929
21
0.3453196850393701
0
LINE
8
BLACK
6
CONTINUOUS
10
0.2679533464566929
20
0.3453196850393701
11
0.2689100393700787
21
0.3451293700787402
0
LINE
8
BLACK
6
CONTINUOUS
10
0.2689100393700787
20
0.3451293700787402
11
0.270263031496063
21
0.3437763779527559
0
LINE
8
BLACK
6
CONTINUOUS
10
0.270263031496063
20
0.3437763779527559
11
0.270263031496063
21
0.3418629921259843
0
LINE
8
BLACK
6
CONTINUOUS
10
0.270263031496063
20
0.3418629921259843
11
0.2689100393700787
21
0.34051
0
LINE
8
BLACK
6
CONTINUOUS
10
0.2689100393700787
20
0.34051
11
0.2679533464566929
21
0.34031968503937
0
LINE
8
BLACK
6
CONTINUOUS
10
0.2679533464566929
20
0.34031968503937
11
0.2310832677165354
21
0.34031968503937
0
LINE
8
BLACK
6
CONTINUOUS
10
0.2310832677165354
20
0.34031968503937
11
0.2310832677165354
21
0.3315711023622047
0
LINE
8
BLACK
6
CONTINUOUS
10
0.2310832677165354
20
0.3315711023622047
11
0.2308929527559055
21
0.3306144094488189
0
LINE
8
BLACK
6
CONTINUOUS
10
0.2308929527559055
20
0.3306144094488189
11
0.2295399606299212
21
0.3292614173228346
0
LINE
8
BLACK
6
CONTINUOUS
10
0.2295399606299212
20
0.3292614173228346
11
0.2276265748031496
21
0.3292614173228346
0
LINE
8
BLACK
6
CONTINUOUS
10
0.2276265748031496
20
0.3292614173228346
11
0.2262735826771654
21
0.3306144094488189
0
LINE
8
BLACK
6
CONTINUOUS
10
0.2262735826771654
20
0.3306144094488189
11
0.2260832677165354
21
0.3315711023622047
0
LINE
8
BLACK
6
CONTINUOUS
10
0.2260832677165354
20
0.3315711023622047
11
0.2260832677165354
21
0.3540682677165354
0
LINE
8
BLACK
6
CONTINUOUS
10
0.2260832677165354
20
0.3540682677165354
11
0.2262735826771654
21
0.3550249606299212
0
LINE
8
BLACK
6
CONTINUOUS
10
0.2262735826771654
20
0.3550249606299212
11
0.2276265748031496
21
0.3563779527559055
0
LINE
8
BLACK
6
CONTINUOUS
10
0.2276265748031496
20
0.3563779527559055
11
0.2295399606299212
21
0.3563779527559055
0
LINE
8
BLACK
6
CONTINUOUS
10
0.2295399606299212
20
0.3563779527559055
11
0.2308929527559055
21
0.3550249606299212
0
LINE
8
BLACK
6
CONTINUOUS
10
0.6669566929133858
20
0.3765847637795275
11
0.6671470078740157
21
0.3756280708661418
0
LINE
8
BLACK
6
CONTINUOUS
10
0.6671470078740157
20
0.3756280708661418
11
0.6671470078740157
21
0.3631299606299213
0
LINE
8
BLACK
6
CONTINUOUS
10
0.6671470078740157
20
0.3631299606299213
11
0.679645157480315
21
0.3631299606299213
0
LINE
8
BLACK
6
CONTINUOUS
10
0.679645157480315
20
0.3631299606299213
11
0.6806018503937008
21
0.3629396456692913
0
LINE
8
BLACK
6
CONTINUOUS
10
0.6806018503937008
20
0.3629396456692913
11
0.6819548425196851
21
0.3615866535433071
0
LINE
8
BLACK
6
CONTINUOUS
10
0.6819548425196851
20
0.3615866535433071
11
0.6819548425196851
21
0.3596732677165354
0
LINE
8
BLACK
6
CONTINUOUS
10
0.6819548425196851
20
0.3596732677165354
11
0.6806018503937008
21
0.3583202755905512
0
LINE
8
BLACK
6
CONTINUOUS
10
0.6806018503937008
20
0.3583202755905512
11
0.679645157480315
21
0.3581299606299213
0
LINE
8
BLACK
6
CONTINUOUS
10
0.679645157480315
20
0.3581299606299213
11
0.6671470078740157
21
0.3581299606299213
0
LINE
8
BLACK
6
CONTINUOUS
10
0.6671470078740157
20
0.3581299606299213
11
0.6671470078740157
21
0.3456318503937008
0
LINE
8
BLACK
6
CONTINUOUS
10
0.6671470078740157
20
0.3456318503937008
11
0.6669566929133858
21
0.344675157480315
0
LINE
8
BLACK
6
CONTINUOUS
10
0.6669566929133858
20
0.344675157480315
11
0.6656037007874016
21
0.3433221653543307
0
LINE
8
BLACK
6
CONTINUOUS
10
0.6656037007874016
20
0.3433221653543307
11
0.6636903149606299
21
0.3433221653543307
0
LINE
8
BLACK
6
CONTINUOUS
10
0.6636903149606299
20
0.3433221653543307
11
0.6623373228346456
21
0.344675157480315
0
LINE
8
BLACK
6
CONTINUOUS
10
0.6623373228346456
20
0.344675157480315
11
0.6621470078740157
21
0.3456318503937008
0
LINE
8
BLACK
6
CONTINUOUS
10
0.6621470078740157
20
0.3456318503937008
11
0.6621470078740157
21
0.3581299606299213
0
LINE
8
BLACK
6
CONTINUOUS
10
0.6621470078740157
20
0.3581299606299213
11
0.6496488976377952
21
0.3581299606299213
0
LINE
8
BLACK
6
CONTINUOUS
10
0.6496488976377952
20
0.3581299606299213
11
0.6486922047244095
21
0.3583202755905512
0
LINE
8
BLACK
6
CONTINUOUS
10
0.6486922047244095
20
0.3583202755905512
11
0.6473392125984252
21
0.3596732677165354
0
LINE
8
BLACK
6
CONTINUOUS
10
0.6473392125984252
20
0.3596732677165354
11
0.6473392125984252
21
0.3615866535433071
0
LINE
8
BLACK
6
CONTINUOUS
10
0.6473392125984252
20
0.3615866535433071
11
0.6486922047244095
21
0.3629396456692913
0
LINE
8
BLACK
6
CONTINUOUS
10
0.6486922047244095
20
0.3629396456692913
11
0.6496488976377952
21
0.3631299606299213
0
LINE
8
BLACK
6
CONTINUOUS
10
0.6496488976377952
20
0.3631299606299213
11
0.6621470078740157
21
0.3631299606299213
0
LINE
8
BLACK
6
CONTINUOUS
10
0.6621470078740157
20
0.3631299606299213
11
0.6621470078740157
21
0.3756280708661418
0
LINE
8
BLACK
6
CONTINUOUS
10
0.6621470078740157
20
0.3756280708661418
11
0.6623373228346456
21
0.3765847637795275
0
LINE
8
BLACK
6
CONTINUOUS
10
0.6623373228346456
20
0.3765847637795275
11
0.6636903149606299
21
0.3779377559055118
0
LINE
8
BLACK
6
CONTINUOUS
10
0.6636903149606299
20
0.3779377559055118
11
0.6656037007874016
21
0.3779377559055118
0
LINE
8
BLACK
6
CONTINUOUS
10
0.6656037007874016
20
0.3779377559055118
11
0.6669566929133858
21
0.3765847637795275
0
LINE
8
BLACK
6
CONTINUOUS
10
0.5792011417322834
20
0.3793968897637795
11
0.5793914566929134
21
0.3784401968503937
0
LINE
8
BLACK
6
CONTINUOUS
10
0.5793914566929134
20
0.3784401968503937
11
0.5793914566929134
21
0.3696916141732283
0
LINE
8
BLACK
6
CONTINUOUS
10
0.5793914566929134
20
0.3696916141732283
11
0.6162615354330708
21
0.3696916141732283
0
LINE
8
BLACK
6
CONTINUOUS
10
0.6162615354330708
20
0.3696916141732283
11
0.6172182283464567
21
0.3695012992125984
0
LINE
8
BLACK
6
CONTINUOUS
10
0.6172182283464567
20
0.3695012992125984
11
0.618571220472441
21
0.3681483070866142
0
LINE
8
BLACK
6
CONTINUOUS
10
0.618571220472441
20
0.3681483070866142
11
0.618571220472441
21
0.3662349212598425
0
LINE
8
BLACK
6
CONTINUOUS
10
0.618571220472441
20
0.3662349212598425
11
0.6172182283464567
21
0.3648819291338583
0
LINE
8
BLACK
6
CONTINUOUS
10
0.6172182283464567
20
0.3648819291338583
11
0.6162615354330708
21
0.3646916141732283
0
LINE
8
BLACK
6
CONTINUOUS
10
0.6162615354330708
20
0.3646916141732283
11
0.5793914566929134
21
0.3646916141732283
0
LINE
8
BLACK
6
CONTINUOUS
10
0.5793914566929134
20
0.3646916141732283
11
0.5793914566929134
21
0.355943031496063
0
LINE
8
BLACK
6
CONTINUOUS
10
0.5793914566929134
20
0.355943031496063
11
0.5792011417322834
21
0.3549863385826771
0
LINE
8
BLACK
6
CONTINUOUS
10
0.5792011417322834
20
0.3549863385826771
11
0.5778481496062992
21
0.3536333464566929
0
LINE
8
BLACK
6
CONTINUOUS
10
0.5778481496062992
20
0.3536333464566929
11
0.5759347637795276
21
0.3536333464566929
0
LINE
8
BLACK
6
CONTINUOUS
10
0.5759347637795276
20
0.3536333464566929
11
0.5745817716535433
21
0.3549863385826771
0
LINE
8
BLACK
6
CONTINUOUS
10
0.5745817716535433
20
0.3549863385826771
11
0.5743914566929134
21
0.355943031496063
0
LINE
8
BLACK
6
CONTINUOUS
10
0.5743914566929134
20
0.355943031496063
11
0.5743914566929134
21
0.3784401968503937
0
LINE
8
BLACK
6
CONTINUOUS
10
0.5743914566929134
20
0.3784401968503937
11
0.5745817716535433
21
0.3793968897637795
0
LINE
8
BLACK
6
CONTINUOUS
10
0.5745817716535433
20
0.3793968897637795
11
0.5759347637795276
21
0.3807498818897638
0
LINE
8
BLACK
6
CONTINUOUS
10
0.5759347637795276
20
0.3807498818897638
11
0.5778481496062992
21
0.3807498818897638
0
LINE
8
BLACK
6
CONTINUOUS
10
0.5778481496062992
20
0.3807498818897638
11
0.5792011417322834
21
0.3793968897637795
0
LINE
8
BLACK
6
CONTINUOUS
10
-0.1361548031496063
20
0.4424551181102362
11
-0.135340157480315
21
0.4416404724409449
0
LINE
8
BLACK
6
CONTINUOUS
10
-0.135340157480315
20
0.4416404724409449
11
-0.1348992519685039
21
0.440576062992126
0
LINE
8
BLACK
6
CONTINUOUS
10
-0.1348992519685039
20
0.440576062992126
11
-0.1348425196850394
21
0.44
0
LINE
8
BLACK
6
CONTINUOUS
10
-0.1348425196850394
20
0.44
11
-0.1348425196850394
21
0.36
0
LINE
8
BLACK
6
CONTINUOUS
10
-0.1348425196850394
20
0.36
11
-0.1348992519685039
21
0.359423937007874
0
LINE
8
BLACK
6
CONTINUOUS
10
-0.1348992519685039
20
0.359423937007874
11
-0.135340157480315
21
0.3583595275590551
0
LINE
8
BLACK
6
CONTINUOUS
10
-0.135340157480315
20
0.3583595275590551
11
-0.1361548031496063
21
0.3575448818897637
0
LINE
8
BLACK
6
CONTINUOUS
10
-0.1361548031496063
20
0.3575448818897637
11
-0.1372192125984252
21
0.3571039763779528
0
LINE
8
BLACK
6
CONTINUOUS
10
-0.1372192125984252
20
0.3571039763779528
11
-0.1383713385826772
21
0.3571039763779528
0
LINE
8
BLACK
6
CONTINUOUS
10
-0.1383713385826772
20
0.3571039763779528
11
-0.1394357480314961
21
0.3575448818897637
0
LINE
8
BLACK
6
CONTINUOUS
10
-0.1394357480314961
20
0.3575448818897637
11
-0.1402503937007874
21
0.3583595275590551
0
LINE
8
BLACK
6
CONTINUOUS
10
-0.1402503937007874
20
0.3583595275590551
11
-0.1406912992125984
21
0.359423937007874
0
LINE
8
BLACK
6
CONTINUOUS
10
-0.1406912992125984
20
0.359423937007874
11
-0.140748031496063
21
0.36
0
LINE
8
BLACK
6
CONTINUOUS
10
-0.140748031496063
20
0.36
11
-0.140748031496063
21
0.44
0
LINE
8
BLACK
6
CONTINUOUS
10
-0.140748031496063
20
0.44
11
-0.1406912992125984
21
0.440576062992126
0
LINE
8
BLACK
6
CONTINUOUS
10
-0.1406912992125984
20
0.440576062992126
11
-0.1402503937007874
21
0.4416404724409449
0
LINE
8
BLACK
6
CONTINUOUS
10
-0.1402503937007874
20
0.4416404724409449
11
-0.1394357480314961
21
0.4424551181102362
0
LINE
8
BLACK
6
CONTINUOUS
10
-0.1394357480314961
20
0.4424551181102362
11
-0.1383713385826772
21
0.4428960236220472
0
LINE
8
BLACK
6
CONTINUOUS
10
-0.1383713385826772
20
0.4428960236220472
11
-0.1372192125984252
21
0.4428960236220472
0
LINE
8
BLACK
6
CONTINUOUS
10
-0.1372192125984252
20
0.4428960236220472
11
-0.1361548031496063
21
0.4424551181102362
0
LINE
8
BLACK
6
CONTINUOUS
10
0.1394357480314961
20
0.4424551181102362
11
0.1402503937007874
21
0.4416404724409449
0
LINE
8
BLACK
6
CONTINUOUS
10
0.1402503937007874
20
0.4416404724409449
11
0.1406912992125984
21
0.440576062992126
0
LINE
8
BLACK
6
CONTINUOUS
10
0.1406912992125984
20
0.440576062992126
11
0.140748031496063
21
0.44
0
LINE
8
BLACK
6
CONTINUOUS
10
0.140748031496063
20
0.44
11
0.140748031496063
21
0.36
0
LINE
8
BLACK
6
CONTINUOUS
10
0.140748031496063
20
0.36
11
0.1406912992125984
21
0.359423937007874
0
LINE
8
BLACK
6
CONTINUOUS
10
0.1406912992125984
20
0.359423937007874
11
0.1402503937007874
21
0.3583595275590551
0
LINE
8
BLACK
6
CONTINUOUS
10
0.1402503937007874
20
0.3583595275590551
11
0.1394357480314961
21
0.3575448818897637
0
LINE
8
BLACK
6
CONTINUOUS
10
0.1394357480314961
20
0.3575448818897637
11
0.1383713385826772
21
0.3571039763779528
0
LINE
8
BLACK
6
CONTINUOUS
10
0.1383713385826772
20
0.3571039763779528
11
0.1372192125984252
21
0.3571039763779528
0
LINE
8
BLACK
6
CONTINUOUS
10
0.1372192125984252
20
0.3571039763779528
11
0.1361548031496063
21
0.3575448818897637
0
LINE
8
BLACK
6
CONTINUOUS
10
0.1361548031496063
20
0.3575448818897637
11
0.135340157480315
21
0.3583595275590551
0
LINE
8
BLACK
6
CONTINUOUS
10
0.135340157480315
20
0.3583595275590551
11
0.1348992519685039
21
0.359423937007874
0
LINE
8
BLACK
6
CONTINUOUS
10
0.1348992519685039
20
0.359423937007874
11
0.1348425196850394
21
0.36
0
LINE
8
BLACK
6
CONTINUOUS
10
0.1348425196850394
20
0.36
11
0.1348425196850394
21
0.44
0
LINE
8
BLACK
6
CONTINUOUS
10
0.1348425196850394
20
0.44
11
0.1348992519685039
21
0.440576062992126
0
LINE
8
BLACK
6
CONTINUOUS
10
0.1348992519685039
20
0.440576062992126
11
0.135340157480315
21
0.4416404724409449
0
LINE
8
BLACK
6
CONTINUOUS
10
0.135340157480315
20
0.4416404724409449
11
0.1361548031496063
21
0.4424551181102362
0
LINE
8
BLACK
6
CONTINUOUS
10
0.1361548031496063
20
0.4424551181102362
11
0.1372192125984252
21
0.4428960236220472
0
LINE
8
BLACK
6
CONTINUOUS
10
0.1372192125984252
20
0.4428960236220472
11
0.1383713385826772
21
0.4428960236220472
0
LINE
8
BLACK
6
CONTINUOUS
10
0.1383713385826772
20
0.4428960236220472
11
0.1394357480314961
21
0.4424551181102362
0
LINE
8
BLACK
6
CONTINUOUS
10
0.270263031496063
20
0.3868959842519685
11
0.2704533464566929
21
0.3859392913385827
0
LINE
8
BLACK
6
CONTINUOUS
10
0.2704533464566929
20
0.3859392913385827
11
0.2704533464566929
21
0.3671916535433071
0
LINE
8
BLACK
6
CONTINUOUS
10
0.2704533464566929
20
0.3671916535433071
11
0.270263031496063
21
0.3662349606299212
0
LINE
8
BLACK
6
CONTINUOUS
10
0.270263031496063
20
0.3662349606299212
11
0.2689100393700787
21
0.364881968503937
0
LINE
8
BLACK
6
CONTINUOUS
10
0.2689100393700787
20
0.364881968503937
11
0.2679533464566929
21
0.3646916535433071
0
LINE
8
BLACK
6
CONTINUOUS
10
0.2679533464566929
20
0.3646916535433071
11
0.2285832677165354
21
0.3646916535433071
0
LINE
8
BLACK
6
CONTINUOUS
10
0.2285832677165354
20
0.3646916535433071
11
0.2276265748031496
21
0.364881968503937
0
LINE
8
BLACK
6
CONTINUOUS
10
0.2276265748031496
20
0.364881968503937
11
0.2262735826771654
21
0.3662349606299212
0
LINE
8
BLACK
6
CONTINUOUS
10
0.2262735826771654
20
0.3662349606299212
11
0.2262735826771654
21
0.3681483464566929
0
LINE
8
BLACK
6
CONTINUOUS
10
0.2262735826771654
20
0.3681483464566929
11
0.2276265748031496
21
0.3695013385826771
0
LINE
8
BLACK
6
CONTINUOUS
10
0.2276265748031496
20
0.3695013385826771
11
0.2285832677165354
21
0.3696916535433071
0
LINE
8
BLACK
6
CONTINUOUS
10
0.2285832677165354
20
0.3696916535433071
11
0.2654533464566929
21
0.3696916535433071
0
LINE
8
BLACK
6
CONTINUOUS
10
0.2654533464566929
20
0.3696916535433071
11
0.2654533464566929
21
0.3859392913385827
0
LINE
8
BLACK
6
CONTINUOUS
10
0.2654533464566929
20
0.3859392913385827
11
0.2656436614173228
21
0.3868959842519685
0
LINE
8
BLACK
6
CONTINUOUS
10
0.2656436614173228
20
0.3868959842519685
11
0.2669966535433071
21
0.3882489763779527
0
LINE
8
BLACK
6
CONTINUOUS
10
0.2669966535433071
20
0.3882489763779527
11
0.2689100393700787
21
0.3882489763779527
0
LINE
8
BLACK
6
CONTINUOUS
10
0.2689100393700787
20
0.3882489763779527
11
0.270263031496063
21
0.3868959842519685
0
LINE
8
BLACK
6
CONTINUOUS
10
0.618571220472441
20
0.4112679133858267
11
0.6187615354330709
21
0.410311220472441
0
LINE
8
BLACK
6
CONTINUOUS
10
0.6187615354330709
20
0.410311220472441
11
0.6187615354330709
21
0.3915635826771653
0
LINE
8
BLACK
6
CONTINUOUS
10
0.6187615354330709
20
0.3915635826771653
11
0.618571220472441
21
0.3906068897637795
0
LINE
8
BLACK
6
CONTINUOUS
10
0.618571220472441
20
0.3906068897637795
11
0.6172182283464567
21
0.3892538976377953
0
LINE
8
BLACK
6
CONTINUOUS
10
0.6172182283464567
20
0.3892538976377953
11
0.6162615354330708
21
0.3890635826771653
0
LINE
8
BLACK
6
CONTINUOUS
10
0.6162615354330708
20
0.3890635826771653
11
0.5768914566929134
21
0.3890635826771653
0
LINE
8
BLACK
6
CONTINUOUS
10
0.5768914566929134
20
0.3890635826771653
11
0.5759347637795276
21
0.3892538976377953
0
LINE
8
BLACK
6
CONTINUOUS
10
0.5759347637795276
20
0.3892538976377953
11
0.5745817716535433
21
0.3906068897637795
0
LINE
8
BLACK
6
CONTINUOUS
10
0.5745817716535433
20
0.3906068897637795
11
0.5745817716535433
21
0.3925202755905512
0
LINE
8
BLACK
6
CONTINUOUS
10
0.5745817716535433
20
0.3925202755905512
11
0.5759347637795276
21
0.3938732677165354
0
LINE
8
BLACK
6
CONTINUOUS
10
0.5759347637795276
20
0.3938732677165354
11
0.5768914566929134
21
0.3940635826771653
0
LINE
8
BLACK
6
CONTINUOUS
10
0.5768914566929134
20
0.3940635826771653
11
0.6137615354330709
21
0.3940635826771653
0
LINE
8
BLACK
6
CONTINUOUS
10
0.6137615354330709
20
0.3940635826771653
11
0.6137615354330709
21
0.410311220472441
0
LINE
8
BLACK
6
CONTINUOUS
10
0.6137615354330709
20
0.410311220472441
11
0.6139518503937008
21
0.4112679133858267
0
LINE
8
BLACK
6
CONTINUOUS
10
0.6139518503937008
20
0.4112679133858267
11
0.615304842519685
21
0.412620905511811
0
LINE
8
BLACK
6
CONTINUOUS
10
0.615304842519685
20
0.412620905511811
11
0.6172182283464567
21
0.412620905511811
0
LINE
8
BLACK
6
CONTINUOUS
10
0.6172182283464567
20
0.412620905511811
11
0.618571220472441
21
0.4112679133858267
0
LINE
8
BLACK
6
CONTINUOUS
10
0.2293738188976378
20
0.4220567716535433
11
0.2687438976377953
21
0.4089334645669291
0
LINE
8
BLACK
6
CONTINUOUS
10
0.2687438976377953
20
0.4089334645669291
11
0.2695912992125984
21
0.4084503543307086
0
LINE
8
BLACK
6
CONTINUOUS
10
0.2695912992125984
20
0.4084503543307086
11
0.2696748031496063
21
0.4082833070866141
0
LINE
8
BLACK
6
CONTINUOUS
10
0.2696748031496063
20
0.4082833070866141
11
0.269841968503937
21
0.4081997244094488
0
LINE
8
BLACK
6
CONTINUOUS
10
0.269841968503937
20
0.4081997244094488
11
0.2700926377952756
21
0.4074476771653543
0
LINE
8
BLACK
6
CONTINUOUS
10
0.2700926377952756
20
0.4074476771653543
11
0.2704470078740158
21
0.406738937007874
0
LINE
8
BLACK
6
CONTINUOUS
10
0.2704470078740158
20
0.406738937007874
11
0.2703879133858267
21
0.4065617322834645
0
LINE
8
BLACK
6
CONTINUOUS
10
0.2703879133858267
20
0.4065617322834645
11
0.2704470078740158
21
0.4063845275590551
0
LINE
8
BLACK
6
CONTINUOUS
10
0.2704470078740158
20
0.4063845275590551
11
0.2700926377952756
21
0.4056758267716535
0
LINE
8
BLACK
6
CONTINUOUS
10
0.2700926377952756
20
0.4056758267716535
11
0.269841968503937
21
0.4049237401574803
0
LINE
8
BLACK
6
CONTINUOUS
10
0.269841968503937
20
0.4049237401574803
11
0.2696748031496063
21
0.4048401968503937
0
LINE
8
BLACK
6
CONTINUOUS
10
0.2696748031496063
20
0.4048401968503937
11
0.2695912992125984
21
0.4046731102362205
0
LINE
8
BLACK
6
CONTINUOUS
10
0.2695912992125984
20
0.4046731102362205
11
0.2687438976377953
21
0.40419
0
LINE
8
BLACK
6
CONTINUOUS
10
0.2687438976377953
20
0.40419
11
0.2293738188976378
21
0.3910666929133858
0
LINE
8
BLACK
6
CONTINUOUS
10
0.2293738188976378
20
0.3910666929133858
11
0.228406062992126
21
0.3909446850393701
0
LINE
8
BLACK
6
CONTINUOUS
10
0.228406062992126
20
0.3909446850393701
11
0.2266946456692913
21
0.3918003937007874
0
LINE
8
BLACK
6
CONTINUOUS
10
0.2266946456692913
20
0.3918003937007874
11
0.2260895669291338
21
0.3936155905511811
0
LINE
8
BLACK
6
CONTINUOUS
10
0.2260895669291338
20
0.3936155905511811
11
0.2269452755905512
21
0.3953270078740158
0
LINE
8
BLACK
6
CONTINUOUS
10
0.2269452755905512
20
0.3953270078740158
11
0.2277927165354331
21
0.3958100787401574
0
LINE
8
BLACK
6
CONTINUOUS
10
0.2277927165354331
20
0.3958100787401574
11
0.2600476771653543
21
0.4065617322834645
0
LINE
8
BLACK
6
CONTINUOUS
10
0.2600476771653543
20
0.4065617322834645
11
0.2277927165354331
21
0.4173133858267716
0
LINE
8
BLACK
6
CONTINUOUS
10
0.2277927165354331
20
0.4173133858267716
11
0.2269452755905512
21
0.4177964566929134
0
LINE
8
BLACK
6
CONTINUOUS
10
0.2269452755905512
20
0.4177964566929134
11
0.2260895669291338
21
0.419507874015748
0
LINE
8
BLACK
6
CONTINUOUS
10
0.2260895669291338
20
0.419507874015748
11
0.2266946456692913
21
0.4213230708661417
0
LINE
8
BLACK
6
CONTINUOUS
10
0.2266946456692913
20
0.4213230708661417
11
0.228406062992126
21
0.4221787795275591
0
LINE
8
BLACK
6
CONTINUOUS
10
0.228406062992126
20
0.4221787795275591
11
0.2293738188976378
21
0.4220567716535433
0
LINE
8
BLACK
6
CONTINUOUS
10
0.5776820078740157
20
0.4464287007874015
11
0.6170520866141732
21
0.4333053937007874
0
LINE
8
BLACK
6
CONTINUOUS
10
0.6170520866141732
20
0.4333053937007874
11
0.6178994881889763
21
0.4328222834645669
0
LINE
8
BLACK
6
CONTINUOUS
10
0.6178994881889763
20
0.4328222834645669
11
0.6179829921259843
21
0.4326552362204724
0
LINE
8
BLACK
6
CONTINUOUS
10
0.6179829921259843
20
0.4326552362204724
11
0.618150157480315
21
0.4325716535433071
0
LINE
8
BLACK
6
CONTINUOUS
10
0.618150157480315
20
0.4325716535433071
11
0.6184008267716535
21
0.4318196062992126
0
LINE
8
BLACK
6
CONTINUOUS
10
0.6184008267716535
20
0.4318196062992126
11
0.6187551968503937
21
0.4311108661417323
0
LINE
8
BLACK
6
CONTINUOUS
10
0.6187551968503937
20
0.4311108661417323
11
0.6186961023622047
21
0.4309336614173228
0
LINE
8
BLACK
6
CONTINUOUS
10
0.6186961023622047
20
0.4309336614173228
11
0.6187551968503937
21
0.4307564566929134
0
LINE
8
BLACK
6
CONTINUOUS
10
0.6187551968503937
20
0.4307564566929134
11
0.6184008267716535
21
0.4300477559055118
0
LINE
8
BLACK
6
CONTINUOUS
10
0.6184008267716535
20
0.4300477559055118
11
0.618150157480315
21
0.4292956692913386
0
LINE
8
BLACK
6
CONTINUOUS
10
0.618150157480315
20
0.4292956692913386
11
0.6179829921259843
21
0.429212125984252
0
LINE
8
BLACK
6
CONTINUOUS
10
0.6179829921259843
20
0.429212125984252
11
0.6178994881889763
21
0.4290450393700787
0
LINE
8
BLACK
6
CONTINUOUS
10
0.6178994881889763
20
0.4290450393700787
11
0.6170520866141732
21
0.4285619291338583
0
LINE
8
BLACK
6
CONTINUOUS
10
0.6170520866141732
20
0.4285619291338583
11
0.5776820078740157
21
0.4154386220472441
0
LINE
8
BLACK
6
CONTINUOUS
10
0.5776820078740157
20
0.4154386220472441
11
0.5767142519685039
21
0.4153166141732283
0
LINE
8
BLACK
6
CONTINUOUS
10
0.5767142519685039
20
0.4153166141732283
11
0.5750028346456693
21
0.4161723228346457
0
LINE
8
BLACK
6
CONTINUOUS
10
0.5750028346456693
20
0.4161723228346457
11
0.5743977559055118
21
0.4179875196850394
0
LINE
8
BLACK
6
CONTINUOUS
10
0.5743977559055118
20
0.4179875196850394
11
0.5752534645669292
21
0.419698937007874
0
LINE
8
BLACK
6
CONTINUOUS
10
0.5752534645669292
20
0.419698937007874
11
0.576100905511811
21
0.4201820078740157
0
LINE
8
BLACK
6
CONTINUOUS
10
0.576100905511811
20
0.4201820078740157
11
0.6083558661417323
21
0.4309336614173228
0
LINE
8
BLACK
6
CONTINUOUS
10
0.6083558661417323
20
0.4309336614173228
11
0.576100905511811
21
0.4416853149606299
0
LINE
8
BLACK
6
CONTINUOUS
10
0.576100905511811
20
0.4416853149606299
11
0.5752534645669292
21
0.4421683858267716
0
LINE
8
BLACK
6
CONTINUOUS
10
0.5752534645669292
20
0.4421683858267716
11
0.5743977559055118
21
0.4438798031496063
0
LINE
8
BLACK
6
CONTINUOUS
10
0.5743977559055118
20
0.4438798031496063
11
0.5750028346456693
21
0.445695
0
LINE
8
BLACK
6
CONTINUOUS
10
0.5750028346456693
20
0.445695
11
0.5767142519685039
21
0.4465507086614173
0
LINE
8
BLACK
6
CONTINUOUS
10
0.5767142519685039
20
0.4465507086614173
11
0.5776820078740157
21
0.4464287007874015
0
LINE
8
BLACK
6
CONTINUOUS
10
0.6669566929133858
20
0.4553249212598425
11
0.6671470078740157
21
0.4543682283464567
0
LINE
8
BLACK
6
CONTINUOUS
10
0.6671470078740157
20
0.4543682283464567
11
0.6671470078740157
21
0.4243720078740157
0
LINE
8
BLACK
6
CONTINUOUS
10
0.6671470078740157
20
0.4243720078740157
11
0.6669566929133858
21
0.4234153149606299
0
LINE
8
BLACK
6
CONTINUOUS
10
0.6669566929133858
20
0.4234153149606299
11
0.6656037007874016
21
0.4220623228346457
0
LINE
8
BLACK
6
CONTINUOUS
10
0.6656037007874016
20
0.4220623228346457
11
0.6636903149606299
21
0.4220623228346457
0
LINE
8
BLACK
6
CONTINUOUS
10
0.6636903149606299
20
0.4220623228346457
11
0.6623373228346456
21
0.4234153149606299
0
LINE
8
BLACK
6
CONTINUOUS
10
0.6623373228346456
20
0.4234153149606299
11
0.6621470078740157
21
0.4243720078740157
0
LINE
8
BLACK
6
CONTINUOUS
10
0.6621470078740157
20
0.4243720078740157
11
0.6621470078740157
21
0.4543682283464567
0
LINE
8
BLACK
6
CONTINUOUS
10
0.6621470078740157
20
0.4543682283464567
11
0.6623373228346456
21
0.4553249212598425
0
LINE
8
BLACK
6
CONTINUOUS
10
0.6623373228346456
20
0.4553249212598425
11
0.6636903149606299
21
0.4566779133858268
0
LINE
8
BLACK
6
CONTINUOUS
10
0.6636903149606299
20
0.4566779133858268
11
0.6656037007874016
21
0.4566779133858268
0
LINE
8
BLACK
6
CONTINUOUS
10
0.6656037007874016
20
0.4566779133858268
11
0.6669566929133858
21
0.4553249212598425
0
LINE
8
BLACK
6
CONTINUOUS
10
0.2552648818897638
20
0.4637613779527559
11
0.2554551968503937
21
0.4628046850393701
0
LINE
8
BLACK
6
CONTINUOUS
10
0.2554551968503937
20
0.4628046850393701
11
0.2554551968503937
21
0.4328084645669291
0
LINE
8
BLACK
6
CONTINUOUS
10
0.2554551968503937
20
0.4328084645669291
11
0.2552648818897638
21
0.4318517716535433
0
LINE
8
BLACK
6
CONTINUOUS
10
0.2552648818897638
20
0.4318517716535433
11
0.2539118897637795
21
0.4304987795275591
0
LINE
8
BLACK
6
CONTINUOUS
10
0.2539118897637795
20
0.4304987795275591
11
0.2519985039370078
21
0.4304987795275591
0
LINE
8
BLACK
6
CONTINUOUS
10
0.2519985039370078
20
0.4304987795275591
11
0.2506455118110236
21
0.4318517716535433
0
LINE
8
BLACK
6
CONTINUOUS
10
0.2506455118110236
20
0.4318517716535433
11
0.2504551968503937
21
0.4328084645669291
0
LINE
8
BLACK
6
CONTINUOUS
10
0.2504551968503937
20
0.4328084645669291
11
0.2504551968503937
21
0.4628046850393701
0
LINE
8
BLACK
6
CONTINUOUS
10
0.2504551968503937
20
0.4628046850393701
11
0.2506455118110236
21
0.4637613779527559
0
LINE
8
BLACK
6
CONTINUOUS
10
0.2506455118110236
20
0.4637613779527559
11
0.2519985039370078
21
0.4651143700787401
0
LINE
8
BLACK
6
CONTINUOUS
10
0.2519985039370078
20
0.4651143700787401
11
0.2539118897637795
21
0.4651143700787401
0
LINE
8
BLACK
6
CONTINUOUS
10
0.2539118897637795
20
0.4651143700787401
11
0.2552648818897638
21
0.4637613779527559
0
LINE
8
BLACK
6
CONTINUOUS
10
0.550576062992126
20
0.7528960236220472
11
0.5516404724409448
21
0.7524551181102362
0
LINE
8
BLACK
6
CONTINUOUS
10
0.5516404724409448
20
0.7524551181102362
11
0.5524551181102362
21
0.7516404724409449
0
LINE
8
BLACK
6
CONTINUOUS
10
0.5524551181102362
20
0.7516404724409449
11
0.5528960236220473
21
0.750576062992126
0
LINE
8
BLACK
6
CONTINUOUS
10
0.5528960236220473
20
0.750576062992126
11
0.5529527559055119
21
0.75
0
LINE
8
BLACK
6
CONTINUOUS
10
0.5529527559055119
20
0.75
11
0.5529527559055119
21
0.45
0
LINE
8
BLACK
6
CONTINUOUS
10
0.5529527559055119
20
0.45
11
0.5528960236220473
21
0.449423937007874
0
LINE
8
BLACK
6
CONTINUOUS
10
0.5528960236220473
20
0.449423937007874
11
0.5524551181102362
21
0.4483595275590551
0
LINE
8
BLACK
6
CONTINUOUS
10
0.5524551181102362
20
0.4483595275590551
11
0.5516404724409448
21
0.4475448818897638
0
LINE
8
BLACK
6
CONTINUOUS
10
0.5516404724409448
20
0.4475448818897638
11
0.550576062992126
21
0.4471039763779527
0
LINE
8
BLACK
6
CONTINUOUS
10
0.550576062992126
20
0.4471039763779527
11
0.5499999999999999
21
0.4470472440944882
0
LINE
8
BLACK
6
CONTINUOUS
10
0.5499999999999999
20
0.4470472440944882
11
0.35
21
0.4470472440944882
0
LINE
8
BLACK
6
CONTINUOUS
10
0.35
20
0.4470472440944882
11
0.349423937007874
21
0.4471039763779527
0
LINE
8
BLACK
6
CONTINUOUS
10
0.349423937007874
20
0.4471039763779527
11
0.3483595275590551
21
0.4475448818897638
0
LINE
8
BLACK
6
CONTINUOUS
10
0.3483595275590551
20
0.4475448818897638
11
0.3475448818897638
21
0.4483595275590551
0
LINE
8
BLACK
6
CONTINUOUS
10
0.3475448818897638
20
0.4483595275590551
11
0.3471039763779528
21
0.449423937007874
0
LINE
8
BLACK
6
CONTINUOUS
10
0.3471039763779528
20
0.449423937007874
11
0.3470472440944882
21
0.45
0
LINE
8
BLACK
6
CONTINUOUS
10
0.3470472440944882
20
0.45
11
0.3470472440944882
21
0.75
0
LINE
8
BLACK
6
CONTINUOUS
10
0.3470472440944882
20
0.75
11
0.3471039763779528
21
0.750576062992126
0
LINE
8
BLACK
6
CONTINUOUS
10
0.3471039763779528
20
0.750576062992126
11
0.3475448818897638
21
0.7516404724409449
0
LINE
8
BLACK
6
CONTINUOUS
10
0.3475448818897638
20
0.7516404724409449
11
0.3483595275590551
21
0.7524551181102362
0
LINE
8
BLACK
6
CONTINUOUS
10
0.3483595275590551
20
0.7524551181102362
11
0.349423937007874
21
0.7528960236220472
0
LINE
8
BLACK
6
CONTINUOUS
10
0.349423937007874
20
0.7528960236220472
11
0.35
21
0.7529527559055118
0
LINE
8
BLACK
6
CONTINUOUS
10
0.35
20
0.7529527559055118
11
0.5499999999999999
21
0.7529527559055118
0
LINE
8
BLACK
6
CONTINUOUS
10
0.5499999999999999
20
0.7529527559055118
11
0.550576062992126
21
0.7528960236220472
0
LINE
8
BLACK
6
CONTINUOUS
10
0.3529527559055118
20
0.7470472440944882
11
0.3529527559055118
21
0.4529527559055118
0
LINE
8
BLACK
6
CONTINUOUS
10
0.3529527559055118
20
0.4529527559055118
11
0.5470472440944881
21
0.4529527559055118
0
LINE
8
BLACK
6
CONTINUOUS
10
0.5470472440944881
20
0.4529527559055118
11
0.5470472440944881
21
0.7470472440944882
0
LINE
8
BLACK
6
CONTINUOUS
10
0.5470472440944881
20
0.7470472440944882
11
0.3529527559055118
21
0.7470472440944882
0
LINE
8
BLACK
6
CONTINUOUS
10
0.3102249212598425
20
0.4974349606299213
11
0.3106224015748031
21
0.497384842519685
0
LINE
8
BLACK
6
CONTINUOUS
10
0.3106224015748031
20
0.497384842519685
11
0.3162466929133858
21
0.4955101181102362
0
LINE
8
BLACK
6
CONTINUOUS
10
0.3162466929133858
20
0.4955101181102362
11
0.3163555118110236
21
0.4954480708661417
0
LINE
8
BLACK
6
CONTINUOUS
10
0.3163555118110236
20
0.4954480708661417
11
0.3164128346456693
21
0.4954480708661417
0
LINE
8
BLACK
6
CONTINUOUS
10
0.3164128346456693
20
0.4954480708661417
11
0.3167459842519685
21
0.4952254724409449
0
LINE
8
BLACK
6
CONTINUOUS
10
0.3167459842519685
20
0.4952254724409449
11
0.317094094488189
21
0.4950270078740157
0
LINE
8
BLACK
6
CONTINUOUS
10
0.317094094488189
20
0.4950270078740157
11
0.3171197244094488
21
0.4949757480314961
0
LINE
8
BLACK
6
CONTINUOUS
10
0.3171197244094488
20
0.4949757480314961
11
0.3172238976377953
21
0.4949061417322835
0
LINE
8
BLACK
6
CONTINUOUS
10
0.3172238976377953
20
0.4949061417322835
11
0.3354533464566929
21
0.4766767322834646
0
LINE
8
BLACK
6
CONTINUOUS
10
0.3354533464566929
20
0.4766767322834646
11
0.3354533464566929
21
0.4950131496062992
0
LINE
8
BLACK
6
CONTINUOUS
10
0.3354533464566929
20
0.4950131496062992
11
0.3356436614173228
21
0.495969842519685
0
LINE
8
BLACK
6
CONTINUOUS
10
0.3356436614173228
20
0.495969842519685
11
0.3369966535433071
21
0.4973228346456693
0
LINE
8
BLACK
6
CONTINUOUS
10
0.3369966535433071
20
0.4973228346456693
11
0.3389100393700787
21
0.4973228346456693
0
LINE
8
BLACK
6
CONTINUOUS
10
0.3389100393700787
20
0.4973228346456693
11
0.340263031496063
21
0.495969842519685
0
LINE
8
BLACK
6
CONTINUOUS
10
0.340263031496063
20
0.495969842519685
11
0.3404533464566929
21
0.4950131496062992
0
LINE
8
BLACK
6
CONTINUOUS
10
0.3404533464566929
20
0.4950131496062992
11
0.3404533464566929
21
0.4706412204724409
0
LINE
8
BLACK
6
CONTINUOUS
10
0.3404533464566929
20
0.4706412204724409
11
0.340263031496063
21
0.4696845275590551
0
LINE
8
BLACK
6
CONTINUOUS
10
0.340263031496063
20
0.4696845275590551
11
0.3389100787401575
21
0.4683315354330709
0
LINE
8
BLACK
6
CONTINUOUS
10
0.3389100787401575
20
0.4683315354330709
11
0.3389100393700787
21
0.4683315354330709
0
LINE
8
BLACK
6
CONTINUOUS
10
0.3389100393700787
20
0.4683315354330709
11
0.3369966535433071
21
0.4683315354330709
0
LINE
8
BLACK
6
CONTINUOUS
10
0.3369966535433071
20
0.4683315354330709
11
0.3361855905511811
21
0.4688734645669291
0
LINE
8
BLACK
6
CONTINUOUS
10
0.3361855905511811
20
0.4688734645669291
11
0.3141056692913386
21
0.4909533464566929
0
LINE
8
BLACK
6
CONTINUOUS
10
0.3141056692913386
20
0.4909533464566929
11
0.3094262204724409
21
0.4925131496062992
0
LINE
8
BLACK
6
CONTINUOUS
10
0.3094262204724409
20
0.4925131496062992
11
0.3066724803149606
21
0.4925131496062992
0
LINE
8
BLACK
6
CONTINUOUS
10
0.3066724803149606
20
0.4925131496062992
11
0.3038137007874016
21
0.4910837795275591
0
LINE
8
BLACK
6
CONTINUOUS
10
0.3038137007874016
20
0.4910837795275591
11
0.3025126377952756
21
0.4897827559055118
0
LINE
8
BLACK
6
CONTINUOUS
10
0.3025126377952756
20
0.4897827559055118
11
0.3010832677165354
21
0.486923937007874
0
LINE
8
BLACK
6
CONTINUOUS
10
0.3010832677165354
20
0.486923937007874
11
0.3010832677165354
21
0.4787304330708662
0
LINE
8
BLACK
6
CONTINUOUS
10
0.3010832677165354
20
0.4787304330708662
11
0.3025126377952756
21
0.4758716535433071
0
LINE
8
BLACK
6
CONTINUOUS
10
0.3025126377952756
20
0.4758716535433071
11
0.3041005511811024
21
0.4742837795275591
0
LINE
8
BLACK
6
CONTINUOUS
10
0.3041005511811024
20
0.4742837795275591
11
0.3046424803149606
21
0.473472716535433
0
LINE
8
BLACK
6
CONTINUOUS
10
0.3046424803149606
20
0.473472716535433
11
0.3046424803149606
21
0.4715592913385827
0
LINE
8
BLACK
6
CONTINUOUS
10
0.3046424803149606
20
0.4715592913385827
11
0.3032894881889764
21
0.4702062992125984
0
LINE
8
BLACK
6
CONTINUOUS
10
0.3032894881889764
20
0.4702062992125984
11
0.301376062992126
21
0.4702062992125984
0
LINE
8
BLACK
6
CONTINUOUS
10
0.301376062992126
20
0.4702062992125984
11
0.300565
21
0.4707482283464567
0
LINE
8
BLACK
6
CONTINUOUS
10
0.300565
20
0.4707482283464567
11
0.2986902755905512
21
0.4726229921259842
0
LINE
8
BLACK
6
CONTINUOUS
10
0.2986902755905512
20
0.4726229921259842
11
0.2984676771653543
21
0.4729561023622047
0
LINE
8
BLACK
6
CONTINUOUS
10
0.2984676771653543
20
0.4729561023622047
11
0.298221968503937
21
0.4732727165354331
0
LINE
8
BLACK
6
CONTINUOUS
10
0.298221968503937
20
0.4732727165354331
11
0.2963472047244095
21
0.4770222440944882
0
LINE
8
BLACK
6
CONTINUOUS
10
0.2963472047244095
20
0.4770222440944882
11
0.296314094488189
21
0.4771430708661417
0
LINE
8
BLACK
6
CONTINUOUS
10
0.296314094488189
20
0.4771430708661417
11
0.2962735826771654
21
0.4771835826771653
0
LINE
8
BLACK
6
CONTINUOUS
10
0.2962735826771654
20
0.4771835826771653
11
0.2961953937007874
21
0.4775765354330709
0
LINE
8
BLACK
6
CONTINUOUS
10
0.2961953937007874
20
0.4775765354330709
11
0.2960895669291339
21
0.477963031496063
0
LINE
8
BLACK
6
CONTINUOUS
10
0.2960895669291339
20
0.477963031496063
11
0.2961076771653543
21
0.4780174409448819
0
LINE
8
BLACK
6
CONTINUOUS
10
0.2961076771653543
20
0.4780174409448819
11
0.2960832677165354
21
0.4781402755905512
0
LINE
8
BLACK
6
CONTINUOUS
10
0.2960832677165354
20
0.4781402755905512
11
0.2960832677165354
21
0.4875140944881889
0
LINE
8
BLACK
6
CONTINUOUS
10
0.2960832677165354
20
0.4875140944881889
11
0.2961076771653543
21
0.487636968503937
0
LINE
8
BLACK
6
CONTINUOUS
10
0.2961076771653543
20
0.487636968503937
11
0.2960895669291339
21
0.4876913385826772
0
LINE
8
BLACK
6
CONTINUOUS
10
0.2960895669291339
20
0.4876913385826772
11
0.2961953937007874
21
0.488077874015748
0
LINE
8
BLACK
6
CONTINUOUS
10
0.2961953937007874
20
0.488077874015748
11
0.2962735826771654
21
0.4884707874015748
0
LINE
8
BLACK
6
CONTINUOUS
10
0.2962735826771654
20
0.4884707874015748
11
0.296314094488189
21
0.4885113385826771
0
LINE
8
BLACK
6
CONTINUOUS
10
0.296314094488189
20
0.4885113385826771
11
0.2963472047244095
21
0.4886321259842519
0
LINE
8
BLACK
6
CONTINUOUS
10
0.2963472047244095
20
0.4886321259842519
11
0.298221968503937
21
0.4923816535433071
0
LINE
8
BLACK
6
CONTINUOUS
10
0.298221968503937
20
0.4923816535433071
11
0.2984676771653543
21
0.4926983070866142
0
LINE
8
BLACK
6
CONTINUOUS
10
0.2984676771653543
20
0.4926983070866142
11
0.2986902755905512
21
0.4930313779527559
0
LINE
8
BLACK
6
CONTINUOUS
10
0.2986902755905512
20
0.4930313779527559
11
0.300565
21
0.4949061417322835
0
LINE
8
BLACK
6
CONTINUOUS
10
0.300565
20
0.4949061417322835
11
0.3008983464566929
21
0.4951288976377953
0
LINE
8
BLACK
6
CONTINUOUS
10
0.3008983464566929
20
0.4951288976377953
11
0.3012147637795276
21
0.4953744488188976
0
LINE
8
BLACK
6
CONTINUOUS
10
0.3012147637795276
20
0.4953744488188976
11
0.3049642913385827
21
0.4972492125984252
0
LINE
8
BLACK
6
CONTINUOUS
10
0.3049642913385827
20
0.4972492125984252
11
0.3050850787401575
21
0.4972823228346457
0
LINE
8
BLACK
6
CONTINUOUS
10
0.3050850787401575
20
0.4972823228346457
11
0.3051256299212599
21
0.4973228346456693
0
LINE
8
BLACK
6
CONTINUOUS
10
0.3051256299212599
20
0.4973228346456693
11
0.3055185433070866
21
0.4974010236220472
0
LINE
8
BLACK
6
CONTINUOUS
10
0.3055185433070866
20
0.4974010236220472
11
0.3059050787401575
21
0.4975068503937008
0
LINE
8
BLACK
6
CONTINUOUS
10
0.3059050787401575
20
0.4975068503937008
11
0.3059594488188976
21
0.4974887401574803
0
LINE
8
BLACK
6
CONTINUOUS
10
0.3059594488188976
20
0.4974887401574803
11
0.3060823228346456
21
0.4975131496062992
0
LINE
8
BLACK
6
CONTINUOUS
10
0.3060823228346456
20
0.4975131496062992
11
0.3098318503937008
21
0.4975131496062992
0
LINE
8
BLACK
6
CONTINUOUS
10
0.3098318503937008
20
0.4975131496062992
11
0.3102249212598425
21
0.4974349606299213
0
LINE
8
BLACK
6
CONTINUOUS
10
0.3378463385826772
20
0.5155285826771654
11
0.3397211023622047
21
0.5136538582677165
0
LINE
8
BLACK
6
CONTINUOUS
10
0.3397211023622047
20
0.5136538582677165
11
0.340263031496063
21
0.5128427952755905
0
LINE
8
BLACK
6
CONTINUOUS
10
0.340263031496063
20
0.5128427952755905
11
0.340263031496063
21
0.5128427559055118
0
LINE
8
BLACK
6
CONTINUOUS
10
0.340263031496063
20
0.5128427559055118
11
0.340263031496063
21
0.5109293307086614
0
LINE
8
BLACK
6
CONTINUOUS
10
0.340263031496063
20
0.5109293307086614
11
0.3397211023622047
21
0.5101182677165355
0
LINE
8
BLACK
6
CONTINUOUS
10
0.3397211023622047
20
0.5101182677165355
11
0.3378463385826772
21
0.5082435433070867
0
LINE
8
BLACK
6
CONTINUOUS
10
0.3378463385826772
20
0.5082435433070867
11
0.3370352755905512
21
0.5077016141732283
0
LINE
8
BLACK
6
CONTINUOUS
10
0.3370352755905512
20
0.5077016141732283
11
0.3351218897637795
21
0.5077016141732283
0
LINE
8
BLACK
6
CONTINUOUS
10
0.3351218897637795
20
0.5077016141732283
11
0.3343108267716535
21
0.5082435039370079
0
LINE
8
BLACK
6
CONTINUOUS
10
0.3343108267716535
20
0.5082435039370079
11
0.3324360236220472
21
0.5101182677165355
0
LINE
8
BLACK
6
CONTINUOUS
10
0.3324360236220472
20
0.5101182677165355
11
0.331894094488189
21
0.5109293307086614
0
LINE
8
BLACK
6
CONTINUOUS
10
0.331894094488189
20
0.5109293307086614
11
0.331894094488189
21
0.5128427559055118
0
LINE
8
BLACK
6
CONTINUOUS
10
0.331894094488189
20
0.5128427559055118
11
0.331894094488189
21
0.5128427952755905
0
LINE
8
BLACK
6
CONTINUOUS
10
0.331894094488189
20
0.5128427952755905
11
0.3324360236220472
21
0.5136538582677165
0
LINE
8
BLACK
6
CONTINUOUS
10
0.3324360236220472
20
0.5136538582677165
11
0.3343108267716535
21
0.515528622047244
0
LINE
8
BLACK
6
CONTINUOUS
10
0.3343108267716535
20
0.515528622047244
11
0.3351218897637795
21
0.5160705118110236
0
LINE
8
BLACK
6
CONTINUOUS
10
0.3351218897637795
20
0.5160705118110236
11
0.3370352755905512
21
0.5160705118110236
0
LINE
8
BLACK
6
CONTINUOUS
10
0.3370352755905512
20
0.5160705118110236
11
0.3378463385826772
21
0.5155285826771654
0
LINE
8
BLACK
6
CONTINUOUS
10
0.3271396456692913
20
0.5540875590551181
11
0.3273299606299213
21
0.5531308661417322
0
LINE
8
BLACK
6
CONTINUOUS
10
0.3273299606299213
20
0.5531308661417322
11
0.3273299606299213
21
0.5500065748031496
0
LINE
8
BLACK
6
CONTINUOUS
10
0.3273299606299213
20
0.5500065748031496
11
0.3379533464566929
21
0.5500065748031496
0
LINE
8
BLACK
6
CONTINUOUS
10
0.3379533464566929
20
0.5500065748031496
11
0.3389100393700787
21
0.5498162598425197
0
LINE
8
BLACK
6
CONTINUOUS
10
0.3389100393700787
20
0.5498162598425197
11
0.340263031496063
21
0.5484632677165354
0
LINE
8
BLACK
6
CONTINUOUS
10
0.340263031496063
20
0.5484632677165354
11
0.340263031496063
21
0.5465498818897637
0
LINE
8
BLACK
6
CONTINUOUS
10
0.340263031496063
20
0.5465498818897637
11
0.3389100393700787
21
0.5451968897637796
0
LINE
8
BLACK
6
CONTINUOUS
10
0.3389100393700787
20
0.5451968897637796
11
0.3379533464566929
21
0.5450065748031496
0
LINE
8
BLACK
6
CONTINUOUS
10
0.3379533464566929
20
0.5450065748031496
11
0.3273299606299213
21
0.5450065748031496
0
LINE
8
BLACK
6
CONTINUOUS
10
0.3273299606299213
20
0.5450065748031496
11
0.3273299606299213
21
0.528758937007874
0
LINE
8
BLACK
6
CONTINUOUS
10
0.3273299606299213
20
0.528758937007874
11
0.3271396456692913
21
0.5278022440944882
0
LINE
8
BLACK
6
CONTINUOUS
10
0.3271396456692913
20
0.5278022440944882
11
0.3268486614173228
21
0.5275112992125984
0
LINE
8
BLACK
6
CONTINUOUS
10
0.3268486614173228
20
0.5275112992125984
11
0.3267185826771654
21
0.5271209448818898
0
LINE
8
BLACK
6
CONTINUOUS
10
0.3267185826771654
20
0.5271209448818898
11
0.3261981102362205
21
0.5268607086614173
0
LINE
8
BLACK
6
CONTINUOUS
10
0.3261981102362205
20
0.5268607086614173
11
0.3257866535433071
21
0.5264492519685039
0
LINE
8
BLACK
6
CONTINUOUS
10
0.3257866535433071
20
0.5264492519685039
11
0.3253751968503937
21
0.5264492519685039
0
LINE
8
BLACK
6
CONTINUOUS
10
0.3253751968503937
20
0.5264492519685039
11
0.3250071653543307
21
0.5262652362204724
0
LINE
8
BLACK
6
CONTINUOUS
10
0.3250071653543307
20
0.5262652362204724
11
0.3240393700787402
21
0.5263872440944882
0
LINE
8
BLACK
6
CONTINUOUS
10
0.3240393700787402
20
0.5263872440944882
11
0.2959179527559055
21
0.535761062992126
0
LINE
8
BLACK
6
CONTINUOUS
10
0.2959179527559055
20
0.535761062992126
11
0.2950705118110236
21
0.5362441338582677
0
LINE
8
BLACK
6
CONTINUOUS
10
0.2950705118110236
20
0.5362441338582677
11
0.2942148031496063
21
0.5379555511811024
0
LINE
8
BLACK
6
CONTINUOUS
10
0.2942148031496063
20
0.5379555511811024
11
0.2948198818897638
21
0.5397707480314961
0
LINE
8
BLACK
6
CONTINUOUS
10
0.2948198818897638
20
0.5397707480314961
11
0.2965312992125984
21
0.5406264566929134
0
LINE
8
BLACK
6
CONTINUOUS
10
0.2965312992125984
20
0.5406264566929134
11
0.2974990551181103
21
0.5405044488188976
0
LINE
8
BLACK
6
CONTINUOUS
10
0.2974990551181103
20
0.5405044488188976
11
0.3223299606299213
21
0.5322275196850393
0
LINE
8
BLACK
6
CONTINUOUS
10
0.3223299606299213
20
0.5322275196850393
11
0.3223299606299213
21
0.5450065748031496
0
LINE
8
BLACK
6
CONTINUOUS
10
0.3223299606299213
20
0.5450065748031496
11
0.3117066141732283
21
0.5450065748031496
0
LINE
8
BLACK
6
CONTINUOUS
10
0.3117066141732283
20
0.5450065748031496
11
0.3107499212598425
21
0.5451968897637796
0
LINE
8
BLACK
6
CONTINUOUS
10
0.3107499212598425
20
0.5451968897637796
11
0.3093969291338582
21
0.5465498818897637
0
LINE
8
BLACK
6
CONTINUOUS
10
0.3093969291338582
20
0.5465498818897637
11
0.3093969291338582
21
0.5484632677165354
0
LINE
8
BLACK
6
CONTINUOUS
10
0.3093969291338582
20
0.5484632677165354
11
0.3107499212598425
21
0.5498162598425197
0
LINE
8
BLACK
6
CONTINUOUS
10
0.3107499212598425
20
0.5498162598425197
11
0.3117066141732283
21
0.5500065748031496
0
LINE
8
BLACK
6
CONTINUOUS
10
0.3117066141732283
20
0.5500065748031496
11
0.3223299606299213
21
0.5500065748031496
0
LINE
8
BLACK
6
CONTINUOUS
10
0.3223299606299213
20
0.5500065748031496
11
0.3223299606299213
21
0.5531308661417322
0
LINE
8
BLACK
6
CONTINUOUS
10
0.3223299606299213
20
0.5531308661417322
11
0.3225202755905512
21
0.5540875590551181
0
LINE
8
BLACK
6
CONTINUOUS
10
0.3225202755905512
20
0.5540875590551181
11
0.3238732677165354
21
0.5554405511811024
0
LINE
8
BLACK
6
CONTINUOUS
10
0.3238732677165354
20
0.5554405511811024
11
0.3257866535433071
21
0.5554405511811024
0
LINE
8
BLACK
6
CONTINUOUS
10
0.3257866535433071
20
0.5554405511811024
11
0.3271396456692913
21
0.5540875590551181
0
LINE
8
BLACK
6
CONTINUOUS
10
0.040576062992126
20
0.5406912992125984
11
0.0416404724409449
21
0.5402503937007874
0
LINE
8
BLACK
6
CONTINUOUS
10
0.0416404724409449
20
0.5402503937007874
11
0.0424551181102362
21
0.5394357480314961
0
LINE
8
BLACK
6
CONTINUOUS
10
0.0424551181102362
20
0.5394357480314961
11
0.0428960236220472
21
0.5383713385826772
0
LINE
8
BLACK
6
CONTINUOUS
10
0.0428960236220472
20
0.5383713385826772
11
0.0428960236220472
21
0.5372192125984252
0
LINE
8
BLACK
6
CONTINUOUS
10
0.0428960236220472
20
0.5372192125984252
11
0.0424551181102362
21
0.5361548031496063
0
LINE
8
BLACK
6
CONTINUOUS
10
0.0424551181102362
20
0.5361548031496063
11
0.0416404724409449
21
0.5353401574803149
0
LINE
8
BLACK
6
CONTINUOUS
10
0.0416404724409449
20
0.5353401574803149
11
0.040576062992126
21
0.534899251968504
0
LINE
8
BLACK
6
CONTINUOUS
10
0.040576062992126
20
0.534899251968504
11
0.04
21
0.5348425196850394
0
LINE
8
BLACK
6
CONTINUOUS
10
0.04
20
0.5348425196850394
11
-0.04
21
0.5348425196850394
0
LINE
8
BLACK
6
CONTINUOUS
10
-0.04
20
0.5348425196850394
11
-0.040576062992126
21
0.534899251968504
0
LINE
8
BLACK
6
CONTINUOUS
10
-0.040576062992126
20
0.534899251968504
11
-0.0416404724409449
21
0.5353401574803149
0
LINE
8
BLACK
6
CONTINUOUS
10
-0.0416404724409449
20
0.5353401574803149
11
-0.0424551181102362
21
0.5361548031496063
0
LINE
8
BLACK
6
CONTINUOUS
10
-0.0424551181102362
20
0.5361548031496063
11
-0.0428960236220472
21
0.5372192125984252
0
LINE
8
BLACK
6
CONTINUOUS
10
-0.0428960236220472
20
0.5372192125984252
11
-0.0428960236220472
21
0.5383713385826772
0
LINE
8
BLACK
6
CONTINUOUS
10
-0.0428960236220472
20
0.5383713385826772
11
-0.0424551181102362
21
0.5394357480314961
0
LINE
8
BLACK
6
CONTINUOUS
10
-0.0424551181102362
20
0.5394357480314961
11
-0.0416404724409449
21
0.5402503937007874
0
LINE
8
BLACK
6
CONTINUOUS
10
-0.0416404724409449
20
0.5402503937007874
11
-0.040576062992126
21
0.5406912992125984
0
LINE
8
BLACK
6
CONTINUOUS
10
-0.040576062992126
20
0.5406912992125984
11
-0.04
21
0.540748031496063
0
LINE
8
BLACK
6
CONTINUOUS
10
-0.04
20
0.540748031496063
11
0.04
21
0.540748031496063
0
LINE
8
BLACK
6
CONTINUOUS
10
0.04
20
0.540748031496063
11
0.040576062992126
21
0.5406912992125984
0
LINE
8
BLACK
6
CONTINUOUS
10
0.3252648818897638
20
0.5990819291338583
11
0.3254551968503937
21
0.5981252362204724
0
LINE
8
BLACK
6
CONTINUOUS
10
0.3254551968503937
20
0.5981252362204724
11
0.3254551968503937
21
0.5681290157480314
0
LINE
8
BLACK
6
CONTINUOUS
10
0.3254551968503937
20
0.5681290157480314
11
0.3252648818897638
21
0.5671723228346457
0
LINE
8
BLACK
6
CONTINUOUS
10
0.3252648818897638
20
0.5671723228346457
11
0.3239118897637795
21
0.5658193307086614
0
LINE
8
BLACK
6
CONTINUOUS
10
0.3239118897637795
20
0.5658193307086614
11
0.3219985039370079
21
0.5658193307086614
0
LINE
8
BLACK
6
CONTINUOUS
10
0.3219985039370079
20
0.5658193307086614
11
0.3206455118110236
21
0.5671723228346457
0
LINE
8
BLACK
6
CONTINUOUS
10
0.3206455118110236
20
0.5671723228346457
11
0.3204551968503937
21
0.5681290157480314
0
LINE
8
BLACK
6
CONTINUOUS
10
0.3204551968503937
20
0.5681290157480314
11
0.3204551968503937
21
0.5981252362204724
0
LINE
8
BLACK
6
CONTINUOUS
10
0.3204551968503937
20
0.5981252362204724
11
0.3206455118110236
21
0.5990819291338583
0
LINE
8
BLACK
6
CONTINUOUS
10
0.3206455118110236
20
0.5990819291338583
11
0.3219985039370079
21
0.6004349212598425
0
LINE
8
BLACK
6
CONTINUOUS
10
0.3219985039370079
20
0.6004349212598425
11
0.3239118897637795
21
0.6004349212598425
0
LINE
8
BLACK
6
CONTINUOUS
10
0.3239118897637795
20
0.6004349212598425
11
0.3252648818897638
21
0.5990819291338583
0
LINE
8
BLACK
6
CONTINUOUS
10
0.3305770866141732
20
0.639970905511811
11
0.3306314960629921
21
0.6399890157480315
0
LINE
8
BLACK
6
CONTINUOUS
10
0.3306314960629921
20
0.6399890157480315
11
0.3310179921259843
21
0.639883188976378
0
LINE
8
BLACK
6
CONTINUOUS
10
0.3310179921259843
20
0.639883188976378
11
0.3314109448818898
21
0.639805
0
LINE
8
BLACK
6
CONTINUOUS
10
0.3314109448818898
20
0.639805
11
0.3314514566929134
21
0.6397644881889764
0
LINE
8
BLACK
6
CONTINUOUS
10
0.3314514566929134
20
0.6397644881889764
11
0.3315722834645669
21
0.6397313779527559
0
LINE
8
BLACK
6
CONTINUOUS
10
0.3315722834645669
20
0.6397313779527559
11
0.335321811023622
21
0.6378566141732284
0
LINE
8
BLACK
6
CONTINUOUS
10
0.335321811023622
20
0.6378566141732284
11
0.3356381889763779
21
0.637611062992126
0
LINE
8
BLACK
6
CONTINUOUS
10
0.3356381889763779
20
0.637611062992126
11
0.3359715354330708
21
0.6373883464566928
0
LINE
8
BLACK
6
CONTINUOUS
10
0.3359715354330708
20
0.6373883464566928
11
0.3378463385826772
21
0.6355135826771653
0
LINE
8
BLACK
6
CONTINUOUS
10
0.3378463385826772
20
0.6355135826771653
11
0.338068937007874
21
0.6351803937007874
0
LINE
8
BLACK
6
CONTINUOUS
10
0.338068937007874
20
0.6351803937007874
11
0.3383146456692913
21
0.6348638188976378
0
LINE
8
BLACK
6
CONTINUOUS
10
0.3383146456692913
20
0.6348638188976378
11
0.3401894094488189
21
0.6311142913385827
0
LINE
8
BLACK
6
CONTINUOUS
10
0.3401894094488189
20
0.6311142913385827
11
0.3402224803149606
21
0.6309935039370078
0
LINE
8
BLACK
6
CONTINUOUS
10
0.3402224803149606
20
0.6309935039370078
11
0.340263031496063
21
0.6309529527559055
0
LINE
8
BLACK
6
CONTINUOUS
10
0.340263031496063
20
0.6309529527559055
11
0.3403411811023622
21
0.6305600393700788
0
LINE
8
BLACK
6
CONTINUOUS
10
0.3403411811023622
20
0.6305600393700788
11
0.3404470472440945
21
0.6301735039370079
0
LINE
8
BLACK
6
CONTINUOUS
10
0.3404470472440945
20
0.6301735039370079
11
0.3404288976377953
21
0.6301191338582677
0
LINE
8
BLACK
6
CONTINUOUS
10
0.3404288976377953
20
0.6301191338582677
11
0.3404533464566929
21
0.6299962598425197
0
LINE
8
BLACK
6
CONTINUOUS
10
0.3404533464566929
20
0.6299962598425197
11
0.3404533464566929
21
0.6206224409448818
0
LINE
8
BLACK
6
CONTINUOUS
10
0.3404533464566929
20
0.6206224409448818
11
0.3404288976377953
21
0.6204996062992126
0
LINE
8
BLACK
6
CONTINUOUS
10
0.3404288976377953
20
0.6204996062992126
11
0.3404470472440945
21
0.6204451968503937
0
LINE
8
BLACK
6
CONTINUOUS
10
0.3404470472440945
20
0.6204451968503937
11
0.3403411811023622
21
0.6200587007874016
0
LINE
8
BLACK
6
CONTINUOUS
10
0.3403411811023622
20
0.6200587007874016
11
0.340263031496063
21
0.6196657480314961
0
LINE
8
BLACK
6
CONTINUOUS
10
0.340263031496063
20
0.6196657480314961
11
0.3402224803149606
21
0.6196252362204724
0
LINE
8
BLACK
6
CONTINUOUS
10
0.3402224803149606
20
0.6196252362204724
11
0.3401894094488189
21
0.6195044094488189
0
LINE
8
BLACK
6
CONTINUOUS
10
0.3401894094488189
20
0.6195044094488189
11
0.3383146456692913
21
0.6157548818897638
0
LINE
8
BLACK
6
CONTINUOUS
10
0.3383146456692913
20
0.6157548818897638
11
0.338068937007874
21
0.6154383464566929
0
LINE
8
BLACK
6
CONTINUOUS
10
0.338068937007874
20
0.6154383464566929
11
0.3378463385826772
21
0.6151051181102362
0
LINE
8
BLACK
6
CONTINUOUS
10
0.3378463385826772
20
0.6151051181102362
11
0.3359715354330708
21
0.6132303543307086
0
LINE
8
BLACK
6
CONTINUOUS
10
0.3359715354330708
20
0.6132303543307086
11
0.3351604724409449
21
0.6126884645669292
0
LINE
8
BLACK
6
CONTINUOUS
10
0.3351604724409449
20
0.6126884645669292
11
0.3332470472440945
21
0.6126884645669292
0
LINE
8
BLACK
6
CONTINUOUS
10
0.3332470472440945
20
0.6126884645669292
11
0.331894094488189
21
0.6140414566929133
0
LINE
8
BLACK
6
CONTINUOUS
10
0.331894094488189
20
0.6140414566929133
11
0.331894094488189
21
0.6159548818897638
0
LINE
8
BLACK
6
CONTINUOUS
10
0.331894094488189
20
0.6159548818897638
11
0.3324360236220472
21
0.6167659448818897
0
LINE
8
BLACK
6
CONTINUOUS
10
0.3324360236220472
20
0.6167659448818897
11
0.3340239763779527
21
0.6183538976377952
0
LINE
8
BLACK
6
CONTINUOUS
10
0.3340239763779527
20
0.6183538976377952
11
0.3354533464566929
21
0.6212125984251968
0
LINE
8
BLACK
6
CONTINUOUS
10
0.3354533464566929
20
0.6212125984251968
11
0.3354533464566929
21
0.6294061023622047
0
LINE
8
BLACK
6
CONTINUOUS
10
0.3354533464566929
20
0.6294061023622047
11
0.3340239763779527
21
0.6322648425196851
0
LINE
8
BLACK
6
CONTINUOUS
10
0.3340239763779527
20
0.6322648425196851
11
0.3327228346456693
21
0.6335659448818898
0
LINE
8
BLACK
6
CONTINUOUS
10
0.3327228346456693
20
0.6335659448818898
11
0.329864094488189
21
0.6349953149606299
0
LINE
8
BLACK
6
CONTINUOUS
10
0.329864094488189
20
0.6349953149606299
11
0.3216705905511811
21
0.6349953149606299
0
LINE
8
BLACK
6
CONTINUOUS
10
0.3216705905511811
20
0.6349953149606299
11
0.318811811023622
21
0.6335659448818898
0
LINE
8
BLACK
6
CONTINUOUS
10
0.318811811023622
20
0.6335659448818898
11
0.317510748031496
21
0.6322649212598425
0
LINE
8
BLACK
6
CONTINUOUS
10
0.317510748031496
20
0.6322649212598425
11
0.3160813779527559
21
0.6294061023622047
0
LINE
8
BLACK
6
CONTINUOUS
10
0.3160813779527559
20
0.6294061023622047
11
0.3160813779527559
21
0.6212125984251968
0
LINE
8
BLACK
6
CONTINUOUS
10
0.3160813779527559
20
0.6212125984251968
11
0.317510748031496
21
0.6183538188976377
0
LINE
8
BLACK
6
CONTINUOUS
10
0.317510748031496
20
0.6183538188976377
11
0.3190986614173228
21
0.6167659448818897
0
LINE
8
BLACK
6
CONTINUOUS
10
0.3190986614173228
20
0.6167659448818897
11
0.3196405905511811
21
0.6159548818897638
0
LINE
8
BLACK
6
CONTINUOUS
10
0.3196405905511811
20
0.6159548818897638
11
0.3196405905511811
21
0.6158226377952756
0
LINE
8
BLACK
6
CONTINUOUS
10
0.3196405905511811
20
0.6158226377952756
11
0.3197243307086614
21
0.6157202755905512
0
LINE
8
BLACK
6
CONTINUOUS
10
0.3197243307086614
20
0.6157202755905512
11
0.3196405905511811
21
0.6148829133858268
0
LINE
8
BLACK
6
CONTINUOUS
10
0.3196405905511811
20
0.6148829133858268
11
0.3196405905511811
21
0.6140414566929133
0
LINE
8
BLACK
6
CONTINUOUS
10
0.3196405905511811
20
0.6140414566929133
11
0.3195470866141732
21
0.6139479921259843
0
LINE
8
BLACK
6
CONTINUOUS
10
0.3195470866141732
20
0.6139479921259843
11
0.319533937007874
21
0.6138163779527559
0
LINE
8
BLACK
6
CONTINUOUS
10
0.319533937007874
20
0.6138163779527559
11
0.3188825590551181
21
0.6132834645669292
0
LINE
8
BLACK
6
CONTINUOUS
10
0.3188825590551181
20
0.6132834645669292
11
0.3182875984251968
21
0.6126884645669292
0
LINE
8
BLACK
6
CONTINUOUS
10
0.3182875984251968
20
0.6126884645669292
11
0.3181553937007874
21
0.6126884645669292
0
LINE
8
BLACK
6
CONTINUOUS
10
0.3181553937007874
20
0.6126884645669292
11
0.318053031496063
21
0.6126047244094488
0
LINE
8
BLACK
6
CONTINUOUS
10
0.318053031496063
20
0.6126047244094488
11
0.317082125984252
21
0.6125105511811023
0
LINE
8
BLACK
6
CONTINUOUS
10
0.317082125984252
20
0.6125105511811023
11
0.2983345275590551
21
0.6143853149606299
0
LINE
8
BLACK
6
CONTINUOUS
10
0.2983345275590551
20
0.6143853149606299
11
0.2977511811023622
21
0.6145632283464567
0
LINE
8
BLACK
6
CONTINUOUS
10
0.2977511811023622
20
0.6145632283464567
11
0.2976265748031496
21
0.6145632283464567
0
LINE
8
BLACK
6
CONTINUOUS
10
0.2976265748031496
20
0.6145632283464567
11
0.2975718897637795
21
0.6146179133858267
0
LINE
8
BLACK
6
CONTINUOUS
10
0.2975718897637795
20
0.6146179133858267
11
0.2974014960629921
21
0.6146698818897638
0
LINE
8
BLACK
6
CONTINUOUS
10
0.2974014960629921
20
0.6146698818897638
11
0.2968685433070866
21
0.6153212598425196
0
LINE
8
BLACK
6
CONTINUOUS
10
0.2968685433070866
20
0.6153212598425196
11
0.2962735826771654
21
0.6159162204724409
0
LINE
8
BLACK
6
CONTINUOUS
10
0.2962735826771654
20
0.6159162204724409
11
0.2962388188976378
21
0.6160909448818898
0
LINE
8
BLACK
6
CONTINUOUS
10
0.2962388188976378
20
0.6160909448818898
11
0.2961898425196851
21
0.6161507874015748
0
LINE
8
BLACK
6
CONTINUOUS
10
0.2961898425196851
20
0.6161507874015748
11
0.2962022440944882
21
0.616274842519685
0
LINE
8
BLACK
6
CONTINUOUS
10
0.2962022440944882
20
0.616274842519685
11
0.2960832677165354
21
0.6168729133858267
0
LINE
8
BLACK
6
CONTINUOUS
10
0.2960832677165354
20
0.6168729133858267
11
0.2960832677165354
21
0.6356205511811024
0
LINE
8
BLACK
6
CONTINUOUS
10
0.2960832677165354
20
0.6356205511811024
11
0.2962735826771654
21
0.6365772440944881
0
LINE
8
BLACK
6
CONTINUOUS
10
0.2962735826771654
20
0.6365772440944881
11
0.2976265748031496
21
0.6379302362204724
0
LINE
8
BLACK
6
CONTINUOUS
10
0.2976265748031496
20
0.6379302362204724
11
0.2995399606299213
21
0.6379302362204724
0
LINE
8
BLACK
6
CONTINUOUS
10
0.2995399606299213
20
0.6379302362204724
11
0.3008929527559055
21
0.6365772440944881
0
LINE
8
BLACK
6
CONTINUOUS
10
0.3008929527559055
20
0.6365772440944881
11
0.3010832677165354
21
0.6356205511811024
0
LINE
8
BLACK
6
CONTINUOUS
10
0.3010832677165354
20
0.6356205511811024
11
0.3010832677165354
21
0.6191353937007874
0
LINE
8
BLACK
6
CONTINUOUS
10
0.3010832677165354
20
0.6191353937007874
11
0.3120796456692913
21
0.6180357480314961
0
LINE
8
BLACK
6
CONTINUOUS
10
0.3120796456692913
20
0.6180357480314961
11
0.3113453149606299
21
0.6195044094488189
0
LINE
8
BLACK
6
CONTINUOUS
10
0.3113453149606299
20
0.6195044094488189
11
0.3113122047244095
21
0.6196252362204724
0
LINE
8
BLACK
6
CONTINUOUS
10
0.3113122047244095
20
0.6196252362204724
11
0.3112716929133858
21
0.6196657480314961
0
LINE
8
BLACK
6
CONTINUOUS
10
0.3112716929133858
20
0.6196657480314961
11
0.3111935039370078
21
0.6200587007874016
0
LINE
8
BLACK
6
CONTINUOUS
10
0.3111935039370078
20
0.6200587007874016
11
0.3110876771653543
21
0.6204451968503937
0
LINE
8
BLACK
6
CONTINUOUS
10
0.3110876771653543
20
0.6204451968503937
11
0.3111057874015748
21
0.6204996062992126
0
LINE
8
BLACK
6
CONTINUOUS
10
0.3111057874015748
20
0.6204996062992126
11
0.3110813779527559
21
0.6206224409448818
0
LINE
8
BLACK
6
CONTINUOUS
10
0.3110813779527559
20
0.6206224409448818
11
0.3110813779527559
21
0.6299962598425197
0
LINE
8
BLACK
6
CONTINUOUS
10
0.3110813779527559
20
0.6299962598425197
11
0.3111057874015748
21
0.6301191338582677
0
LINE
8
BLACK
6
CONTINUOUS
10
0.3111057874015748
20
0.6301191338582677
11
0.3110876771653543
21
0.6301735039370079
0
LINE
8
BLACK
6
CONTINUOUS
10
0.3110876771653543
20
0.6301735039370079
11
0.3111935039370078
21
0.6305600393700788
0
LINE
8
BLACK
6
CONTINUOUS
10
0.3111935039370078
20
0.6305600393700788
11
0.3112716929133858
21
0.6309529527559055
0
LINE
8
BLACK
6
CONTINUOUS
10
0.3112716929133858
20
0.6309529527559055
11
0.3113122047244095
21
0.6309935039370078
0
LINE
8
BLACK
6
CONTINUOUS
10
0.3113122047244095
20
0.6309935039370078
11
0.3113453149606299
21
0.6311142913385827
0
LINE
8
BLACK
6
CONTINUOUS
10
0.3113453149606299
20
0.6311142913385827
11
0.3132200787401574
21
0.6348638188976378
0
LINE
8
BLACK
6
CONTINUOUS
10
0.3132200787401574
20
0.6348638188976378
11
0.3134657874015748
21
0.6351804724409449
0
LINE
8
BLACK
6
CONTINUOUS
10
0.3134657874015748
20
0.6351804724409449
11
0.3136883858267717
21
0.6355135433070866
0
LINE
8
BLACK
6
CONTINUOUS
10
0.3136883858267717
20
0.6355135433070866
11
0.3155631102362205
21
0.6373883070866142
0
LINE
8
BLACK
6
CONTINUOUS
10
0.3155631102362205
20
0.6373883070866142
11
0.3158964566929134
21
0.637611062992126
0
LINE
8
BLACK
6
CONTINUOUS
10
0.3158964566929134
20
0.637611062992126
11
0.316212874015748
21
0.6378566141732284
0
LINE
8
BLACK
6
CONTINUOUS
10
0.316212874015748
20
0.6378566141732284
11
0.3199624015748032
21
0.6397313779527559
0
LINE
8
BLACK
6
CONTINUOUS
10
0.3199624015748032
20
0.6397313779527559
11
0.3200831889763779
21
0.6397644881889764
0
LINE
8
BLACK
6
CONTINUOUS
10
0.3200831889763779
20
0.6397644881889764
11
0.3201237401574803
21
0.639805
0
LINE
8
BLACK
6
CONTINUOUS
10
0.3201237401574803
20
0.639805
11
0.3205166535433071
21
0.639883188976378
0
LINE
8
BLACK
6
CONTINUOUS
10
0.3205166535433071
20
0.639883188976378
11
0.3209031889763779
21
0.6399890157480315
0
LINE
8
BLACK
6
CONTINUOUS
10
0.3209031889763779
20
0.6399890157480315
11
0.3209575590551181
21
0.639970905511811
0
LINE
8
BLACK
6
CONTINUOUS
10
0.3209575590551181
20
0.639970905511811
11
0.3210804330708661
21
0.6399953149606299
0
LINE
8
BLACK
6
CONTINUOUS
10
0.3210804330708661
20
0.6399953149606299
11
0.3304542519685039
21
0.6399953149606299
0
LINE
8
BLACK
6
CONTINUOUS
10
0.3304542519685039
20
0.6399953149606299
11
0.3305770866141732
21
0.639970905511811
0
LINE
8
BLACK
6
CONTINUOUS
10
0.3378463385826772
20
0.6580107480314961
11
0.3397211023622047
21
0.6561360236220473
0
LINE
8
BLACK
6
CONTINUOUS
10
0.3397211023622047
20
0.6561360236220473
11
0.340263031496063
21
0.6553249606299213
0
LINE
8
BLACK
6
CONTINUOUS
10
0.340263031496063
20
0.6553249606299213
11
0.340263031496063
21
0.6553249212598425
0
LINE
8
BLACK
6
CONTINUOUS
10
0.340263031496063
20
0.6553249212598425
11
0.340263031496063
21
0.6534114960629921
0
LINE
8
BLACK
6
CONTINUOUS
10
0.340263031496063
20
0.6534114960629921
11
0.3397211023622047
21
0.6526004330708661
0
LINE
8
BLACK
6
CONTINUOUS
10
0.3397211023622047
20
0.6526004330708661
11
0.3378463385826772
21
0.6507257086614173
0
LINE
8
BLACK
6
CONTINUOUS
10
0.3378463385826772
20
0.6507257086614173
11
0.3370352755905512
21
0.650183779527559
0
LINE
8
BLACK
6
CONTINUOUS
10
0.3370352755905512
20
0.650183779527559
11
0.3351218897637795
21
0.650183779527559
0
LINE
8
BLACK
6
CONTINUOUS
10
0.3351218897637795
20
0.650183779527559
11
0.3343108267716535
21
0.6507256692913386
0
LINE
8
BLACK
6
CONTINUOUS
10
0.3343108267716535
20
0.6507256692913386
11
0.3324360236220472
21
0.6526004330708661
0
LINE
8
BLACK
6
CONTINUOUS
10
0.3324360236220472
20
0.6526004330708661
11
0.331894094488189
21
0.6534114960629921
0
LINE
8
BLACK
6
CONTINUOUS
10
0.331894094488189
20
0.6534114960629921
11
0.331894094488189
21
0.6553249212598425
0
LINE
8
BLACK
6
CONTINUOUS
10
0.331894094488189
20
0.6553249212598425
11
0.331894094488189
21
0.6553249606299213
0
LINE
8
BLACK
6
CONTINUOUS
10
0.331894094488189
20
0.6553249606299213
11
0.3324360236220472
21
0.6561360236220473
0
LINE
8
BLACK
6
CONTINUOUS
10
0.3324360236220472
20
0.6561360236220473
11
0.3343108267716535
21
0.6580107874015748
0
LINE
8
BLACK
6
CONTINUOUS
10
0.3343108267716535
20
0.6580107874015748
11
0.3351218897637795
21
0.6585526771653543
0
LINE
8
BLACK
6
CONTINUOUS
10
0.3351218897637795
20
0.6585526771653543
11
0.3370352755905512
21
0.6585526771653543
0
LINE
8
BLACK
6
CONTINUOUS
10
0.3370352755905512
20
0.6585526771653543
11
0.3378463385826772
21
0.6580107480314961
0
LINE
8
BLACK
6
CONTINUOUS
10
0.040576062992126
20
0.666100748031496
11
0.0416404724409449
21
0.665659842519685
0
LINE
8
BLACK
6
CONTINUOUS
10
0.0416404724409449
20
0.665659842519685
11
0.0424551181102362
21
0.6648451968503937
0
LINE
8
BLACK
6
CONTINUOUS
10
0.0424551181102362
20
0.6648451968503937
11
0.0428960236220472
21
0.6637807874015748
0
LINE
8
BLACK
6
CONTINUOUS
10
0.0428960236220472
20
0.6637807874015748
11
0.0428960236220472
21
0.6626286614173228
0
LINE
8
BLACK
6
CONTINUOUS
10
0.0428960236220472
20
0.6626286614173228
11
0.0424551181102362
21
0.6615642519685039
0
LINE
8
BLACK
6
CONTINUOUS
10
0.0424551181102362
20
0.6615642519685039
11
0.0416404724409449
21
0.6607496062992125
0
LINE
8
BLACK
6
CONTINUOUS
10
0.0416404724409449
20
0.6607496062992125
11
0.040576062992126
21
0.6603087007874016
0
LINE
8
BLACK
6
CONTINUOUS
10
0.040576062992126
20
0.6603087007874016
11
0.04
21
0.660251968503937
0
LINE
8
BLACK
6
CONTINUOUS
10
0.04
20
0.660251968503937
11
-0.04
21
0.660251968503937
0
LINE
8
BLACK
6
CONTINUOUS
10
-0.04
20
0.660251968503937
11
-0.040576062992126
21
0.6603087007874016
0
LINE
8
BLACK
6
CONTINUOUS
10
-0.040576062992126
20
0.6603087007874016
11
-0.0416404724409449
21
0.6607496062992125
0
LINE
8
BLACK
6
CONTINUOUS
10
-0.0416404724409449
20
0.6607496062992125
11
-0.0424551181102362
21
0.6615642519685039
0
LINE
8
BLACK
6
CONTINUOUS
10
-0.0424551181102362
20
0.6615642519685039
11
-0.0428960236220472
21
0.6626286614173228
0
LINE
8
BLACK
6
CONTINUOUS
10
-0.0428960236220472
20
0.6626286614173228
11
-0.0428960236220472
21
0.6637807874015748
0
LINE
8
BLACK
6
CONTINUOUS
10
-0.0428960236220472
20
0.6637807874015748
11
-0.0424551181102362
21
0.6648451968503937
0
LINE
8
BLACK
6
CONTINUOUS
10
-0.0424551181102362
20
0.6648451968503937
11
-0.0416404724409449
21
0.665659842519685
0
LINE
8
BLACK
6
CONTINUOUS
10
-0.0416404724409449
20
0.665659842519685
11
-0.040576062992126
21
0.666100748031496
0
LINE
8
BLACK
6
CONTINUOUS
10
-0.040576062992126
20
0.666100748031496
11
-0.04
21
0.6661574803149606
0
LINE
8
BLACK
6
CONTINUOUS
10
-0.04
20
0.6661574803149606
11
0.04
21
0.6661574803149606
0
LINE
8
BLACK
6
CONTINUOUS
10
0.04
20
0.6661574803149606
11
0.040576062992126
21
0.666100748031496
0
LINE
8
BLACK
6
CONTINUOUS
10
0.3305770866141732
20
0.6962138582677165
11
0.3306314960629921
21
0.696231968503937
0
LINE
8
BLACK
6
CONTINUOUS
10
0.3306314960629921
20
0.696231968503937
11
0.3310179921259843
21
0.6961261417322835
0
LINE
8
BLACK
6
CONTINUOUS
10
0.3310179921259843
20
0.6961261417322835
11
0.3314109448818898
21
0.6960479527559055
0
LINE
8
BLACK
6
CONTINUOUS
10
0.3314109448818898
20
0.6960479527559055
11
0.3314514566929134
21
0.6960074409448819
0
LINE
8
BLACK
6
CONTINUOUS
10
0.3314514566929134
20
0.6960074409448819
11
0.3315722834645669
21
0.6959743307086614
0
LINE
8
BLACK
6
CONTINUOUS
10
0.3315722834645669
20
0.6959743307086614
11
0.335321811023622
21
0.6940995669291339
0
LINE
8
BLACK
6
CONTINUOUS
10
0.335321811023622
20
0.6940995669291339
11
0.3356381889763779
21
0.6938540157480315
0
LINE
8
BLACK
6
CONTINUOUS
10
0.3356381889763779
20
0.6938540157480315
11
0.3359715354330708
21
0.6936312992125984
0
LINE
8
BLACK
6
CONTINUOUS
10
0.3359715354330708
20
0.6936312992125984
11
0.3378463385826772
21
0.6917565354330708
0
LINE
8
BLACK
6
CONTINUOUS
10
0.3378463385826772
20
0.6917565354330708
11
0.338068937007874
21
0.6914233464566929
0
LINE
8
BLACK
6
CONTINUOUS
10
0.338068937007874
20
0.6914233464566929
11
0.3383146456692913
21
0.6911067716535433
0
LINE
8
BLACK
6
CONTINUOUS
10
0.3383146456692913
20
0.6911067716535433
11
0.3401894094488189
21
0.6873572440944882
0
LINE
8
BLACK
6
CONTINUOUS
10
0.3401894094488189
20
0.6873572440944882
11
0.3402224803149606
21
0.6872364566929133
0
LINE
8
BLACK
6
CONTINUOUS
10
0.3402224803149606
20
0.6872364566929133
11
0.340263031496063
21
0.687195905511811
0
LINE
8
BLACK
6
CONTINUOUS
10
0.340263031496063
20
0.687195905511811
11
0.3403411811023622
21
0.6868029921259843
0
LINE
8
BLACK
6
CONTINUOUS
10
0.3403411811023622
20
0.6868029921259843
11
0.3404470472440945
21
0.6864164566929134
0
LINE
8
BLACK
6
CONTINUOUS
10
0.3404470472440945
20
0.6864164566929134
11
0.3404288976377953
21
0.6863620866141732
0
LINE
8
BLACK
6
CONTINUOUS
10
0.3404288976377953
20
0.6863620866141732
11
0.3404533464566929
21
0.6862392125984251
0
LINE
8
BLACK
6
CONTINUOUS
10
0.3404533464566929
20
0.6862392125984251
11
0.3404533464566929
21
0.6768653937007874
0
LINE
8
BLACK
6
CONTINUOUS
10
0.3404533464566929
20
0.6768653937007874
11
0.3404288976377953
21
0.676742559055118
0
LINE
8
BLACK
6
CONTINUOUS
10
0.3404288976377953
20
0.676742559055118
11
0.3404470472440945
21
0.6766881496062992
0
LINE
8
BLACK
6
CONTINUOUS
10
0.3404470472440945
20
0.6766881496062992
11
0.3403411811023622
21
0.6763016535433071
0
LINE
8
BLACK
6
CONTINUOUS
10
0.3403411811023622
20
0.6763016535433071
11
0.340263031496063
21
0.6759087007874015
0
LINE
8
BLACK
6
CONTINUOUS
10
0.340263031496063
20
0.6759087007874015
11
0.3402224803149606
21
0.6758681889763779
0
LINE
8
BLACK
6
CONTINUOUS
10
0.3402224803149606
20
0.6758681889763779
11
0.3401894094488189
21
0.6757473622047244
0
LINE
8
BLACK
6
CONTINUOUS
10
0.3401894094488189
20
0.6757473622047244
11
0.3383146456692913
21
0.6719978346456693
0
LINE
8
BLACK
6
CONTINUOUS
10
0.3383146456692913
20
0.6719978346456693
11
0.338068937007874
21
0.6716812992125984
0
LINE
8
BLACK
6
CONTINUOUS
10
0.338068937007874
20
0.6716812992125984
11
0.3378463385826772
21
0.6713480708661417
0
LINE
8
BLACK
6
CONTINUOUS
10
0.3378463385826772
20
0.6713480708661417
11
0.3359715354330708
21
0.6694733070866141
0
LINE
8
BLACK
6
CONTINUOUS
10
0.3359715354330708
20
0.6694733070866141
11
0.3351604724409449
21
0.6689314173228347
0
LINE
8
BLACK
6
CONTINUOUS
10
0.3351604724409449
20
0.6689314173228347
11
0.3332470472440945
21
0.6689314173228347
0
LINE
8
BLACK
6
CONTINUOUS
10
0.3332470472440945
20
0.6689314173228347
11
0.331894094488189
21
0.6702844094488188
0
LINE
8
BLACK
6
CONTINUOUS
10
0.331894094488189
20
0.6702844094488188
11
0.331894094488189
21
0.6721978346456693
0
LINE
8
BLACK
6
CONTINUOUS
10
0.331894094488189
20
0.6721978346456693
11
0.3324360236220472
21
0.6730088976377953
0
LINE
8
BLACK
6
CONTINUOUS
10
0.3324360236220472
20
0.6730088976377953
11
0.3340239763779527
21
0.6745968503937008
0
LINE
8
BLACK
6
CONTINUOUS
10
0.3340239763779527
20
0.6745968503937008
11
0.3354533464566929
21
0.6774555511811023
0
LINE
8
BLACK
6
CONTINUOUS
10
0.3354533464566929
20
0.6774555511811023
11
0.3354533464566929
21
0.6856490551181103
0
LINE
8
BLACK
6
CONTINUOUS
10
0.3354533464566929
20
0.6856490551181103
11
0.3340239763779527
21
0.6885077952755906
0
LINE
8
BLACK
6
CONTINUOUS
10
0.3340239763779527
20
0.6885077952755906
11
0.3327228346456693
21
0.6898088976377953
0
LINE
8
BLACK
6
CONTINUOUS
10
0.3327228346456693
20
0.6898088976377953
11
0.329864094488189
21
0.6912382677165354
0
LINE
8
BLACK
6
CONTINUOUS
10
0.329864094488189
20
0.6912382677165354
11
0.3216705905511811
21
0.6912382677165354
0
LINE
8
BLACK
6
CONTINUOUS
10
0.3216705905511811
20
0.6912382677165354
11
0.318811811023622
21
0.6898088976377953
0
LINE
8
BLACK
6
CONTINUOUS
10
0.318811811023622
20
0.6898088976377953
11
0.317510748031496
21
0.688507874015748
0
LINE
8
BLACK
6
CONTINUOUS
10
0.317510748031496
20
0.688507874015748
11
0.3160813779527559
21
0.6856490551181103
0
LINE
8
BLACK
6
CONTINUOUS
10
0.3160813779527559
20
0.6856490551181103
11
0.3160813779527559
21
0.6774555511811023
0
LINE
8
BLACK
6
CONTINUOUS
10
0.3160813779527559
20
0.6774555511811023
11
0.317510748031496
21
0.6745967716535433
0
LINE
8
BLACK
6
CONTINUOUS
10
0.317510748031496
20
0.6745967716535433
11
0.3190986614173228
21
0.6730088976377953
0
LINE
8
BLACK
6
CONTINUOUS
10
0.3190986614173228
20
0.6730088976377953
11
0.3196405905511811
21
0.6721978346456693
0
LINE
8
BLACK
6
CONTINUOUS
10
0.3196405905511811
20
0.6721978346456693
11
0.3196405905511811
21
0.6720655905511811
0
LINE
8
BLACK
6
CONTINUOUS
10
0.3196405905511811
20
0.6720655905511811
11
0.3197243307086614
21
0.6719632283464567
0
LINE
8
BLACK
6
CONTINUOUS
10
0.3197243307086614
20
0.6719632283464567
11
0.3196405905511811
21
0.6711258661417323
0
LINE
8
BLACK
6
CONTINUOUS
10
0.3196405905511811
20
0.6711258661417323
11
0.3196405905511811
21
0.6702844094488188
0
LINE
8
BLACK
6
CONTINUOUS
10
0.3196405905511811
20
0.6702844094488188
11
0.3195470866141732
21
0.6701909448818898
0
LINE
8
BLACK
6
CONTINUOUS
10
0.3195470866141732
20
0.6701909448818898
11
0.319533937007874
21
0.6700593307086614
0
LINE
8
BLACK
6
CONTINUOUS
10
0.319533937007874
20
0.6700593307086614
11
0.3188825590551181
21
0.6695264173228346
0
LINE
8
BLACK
6
CONTINUOUS
10
0.3188825590551181
20
0.6695264173228346
11
0.3182875984251968
21
0.6689314173228347
0
LINE
8
BLACK
6
CONTINUOUS
10
0.3182875984251968
20
0.6689314173228347
11
0.3181553937007874
21
0.6689314173228347
0
LINE
8
BLACK
6
CONTINUOUS
10
0.3181553937007874
20
0.6689314173228347
11
0.318053031496063
21
0.6688476771653543
0
LINE
8
BLACK
6
CONTINUOUS
10
0.318053031496063
20
0.6688476771653543
11
0.317082125984252
21
0.6687535039370078
0
LINE
8
BLACK
6
CONTINUOUS
10
0.317082125984252
20
0.6687535039370078
11
0.2983345275590551
21
0.6706282677165354
0
LINE
8
BLACK
6
CONTINUOUS
10
0.2983345275590551
20
0.6706282677165354
11
0.2977511811023622
21
0.6708061811023622
0
LINE
8
BLACK
6
CONTINUOUS
10
0.2977511811023622
20
0.6708061811023622
11
0.2976265748031496
21
0.6708061811023622
0
LINE
8
BLACK
6
CONTINUOUS
10
0.2976265748031496
20
0.6708061811023622
11
0.2975718897637795
21
0.6708608661417322
0
LINE
8
BLACK
6
CONTINUOUS
10
0.2975718897637795
20
0.6708608661417322
11
0.2974014960629921
21
0.6709128346456693
0
LINE
8
BLACK
6
CONTINUOUS
10
0.2974014960629921
20
0.6709128346456693
11
0.2968685433070866
21
0.6715642125984251
0
LINE
8
BLACK
6
CONTINUOUS
10
0.2968685433070866
20
0.6715642125984251
11
0.2962735826771654
21
0.6721591732283464
0
LINE
8
BLACK
6
CONTINUOUS
10
0.2962735826771654
20
0.6721591732283464
11
0.2962388188976378
21
0.6723338976377953
0
LINE
8
BLACK
6
CONTINUOUS
10
0.2962388188976378
20
0.6723338976377953
11
0.2961898425196851
21
0.6723937401574803
0
LINE
8
BLACK
6
CONTINUOUS
10
0.2961898425196851
20
0.6723937401574803
11
0.2962022440944882
21
0.6725177952755905
0
LINE
8
BLACK
6
CONTINUOUS
10
0.2962022440944882
20
0.6725177952755905
11
0.2960832677165354
21
0.6731158661417322
0
LINE
8
BLACK
6
CONTINUOUS
10
0.2960832677165354
20
0.6731158661417322
11
0.2960832677165354
21
0.6918635039370079
0
LINE
8
BLACK
6
CONTINUOUS
10
0.2960832677165354
20
0.6918635039370079
11
0.2962735826771654
21
0.6928201968503936
0
LINE
8
BLACK
6
CONTINUOUS
10
0.2962735826771654
20
0.6928201968503936
11
0.2976265748031496
21
0.6941731889763779
0
LINE
8
BLACK
6
CONTINUOUS
10
0.2976265748031496
20
0.6941731889763779
11
0.2995399606299213
21
0.6941731889763779
0
LINE
8
BLACK
6
CONTINUOUS
10
0.2995399606299213
20
0.6941731889763779
11
0.3008929527559055
21
0.6928201968503936
0
LINE
8
BLACK
6
CONTINUOUS
10
0.3008929527559055
20
0.6928201968503936
11
0.3010832677165354
21
0.6918635039370079
0
LINE
8
BLACK
6
CONTINUOUS
10
0.3010832677165354
20
0.6918635039370079
11
0.3010832677165354
21
0.6753783464566929
0
LINE
8
BLACK
6
CONTINUOUS
10
0.3010832677165354
20
0.6753783464566929
11
0.3120796456692913
21
0.6742787007874016
0
LINE
8
BLACK
6
CONTINUOUS
10
0.3120796456692913
20
0.6742787007874016
11
0.3113453149606299
21
0.6757473622047244
0
LINE
8
BLACK
6
CONTINUOUS
10
0.3113453149606299
20
0.6757473622047244
11
0.3113122047244095
21
0.6758681889763779
0
LINE
8
BLACK
6
CONTINUOUS
10
0.3113122047244095
20
0.6758681889763779
11
0.3112716929133858
21
0.6759087007874015
0
LINE
8
BLACK
6
CONTINUOUS
10
0.3112716929133858
20
0.6759087007874015
11
0.3111935039370078
21
0.6763016535433071
0
LINE
8
BLACK
6
CONTINUOUS
10
0.3111935039370078
20
0.6763016535433071
11
0.3110876771653543
21
0.6766881496062992
0
LINE
8
BLACK
6
CONTINUOUS
10
0.3110876771653543
20
0.6766881496062992
11
0.3111057874015748
21
0.676742559055118
0
LINE
8
BLACK
6
CONTINUOUS
10
0.3111057874015748
20
0.676742559055118
11
0.3110813779527559
21
0.6768653937007874
0
LINE
8
BLACK
6
CONTINUOUS
10
0.3110813779527559
20
0.6768653937007874
11
0.3110813779527559
21
0.6862392125984251
0
LINE
8
BLACK
6
CONTINUOUS
10
0.3110813779527559
20
0.6862392125984251
11
0.3111057874015748
21
0.6863620866141732
0
LINE
8
BLACK
6
CONTINUOUS
10
0.3111057874015748
20
0.6863620866141732
11
0.3110876771653543
21
0.6864164566929134
0
LINE
8
BLACK
6
CONTINUOUS
10
0.3110876771653543
20
0.6864164566929134
11
0.3111935039370078
21
0.6868029921259843
0
LINE
8
BLACK
6
CONTINUOUS
10
0.3111935039370078
20
0.6868029921259843
11
0.3112716929133858
21
0.687195905511811
0
LINE
8
BLACK
6
CONTINUOUS
10
0.3112716929133858
20
0.687195905511811
11
0.3113122047244095
21
0.6872364566929133
0
LINE
8
BLACK
6
CONTINUOUS
10
0.3113122047244095
20
0.6872364566929133
11
0.3113453149606299
21
0.6873572440944882
0
LINE
8
BLACK
6
CONTINUOUS
10
0.3113453149606299
20
0.6873572440944882
11
0.3132200787401574
21
0.6911067716535433
0
LINE
8
BLACK
6
CONTINUOUS
10
0.3132200787401574
20
0.6911067716535433
11
0.3134657874015748
21
0.6914234251968504
0
LINE
8
BLACK
6
CONTINUOUS
10
0.3134657874015748
20
0.6914234251968504
11
0.3136883858267717
21
0.6917564960629922
0
LINE
8
BLACK
6
CONTINUOUS
10
0.3136883858267717
20
0.6917564960629922
11
0.3155631102362205
21
0.6936312598425197
0
LINE
8
BLACK
6
CONTINUOUS
10
0.3155631102362205
20
0.6936312598425197
11
0.3158964566929134
21
0.6938540157480315
0
LINE
8
BLACK
6
CONTINUOUS
10
0.3158964566929134
20
0.6938540157480315
11
0.316212874015748
21
0.6940995669291339
0
LINE
8
BLACK
6
CONTINUOUS
10
0.316212874015748
20
0.6940995669291339
11
0.3199624015748032
21
0.6959743307086614
0
LINE
8
BLACK
6
CONTINUOUS
10
0.3199624015748032
20
0.6959743307086614
11
0.3200831889763779
21
0.6960074409448819
0
LINE
8
BLACK
6
CONTINUOUS
10
0.3200831889763779
20
0.6960074409448819
11
0.3201237401574803
21
0.6960479527559055
0
LINE
8
BLACK
6
CONTINUOUS
10
0.3201237401574803
20
0.6960479527559055
11
0.3205166535433071
21
0.6961261417322835
0
LINE
8
BLACK
6
CONTINUOUS
10
0.3205166535433071
20
0.6961261417322835
11
0.3209031889763779
21
0.696231968503937
0
LINE
8
BLACK
6
CONTINUOUS
10
0.3209031889763779
20
0.696231968503937
11
0.3209575590551181
21
0.6962138582677165
0
LINE
8
BLACK
6
CONTINUOUS
10
0.3209575590551181
20
0.6962138582677165
11
0.3210804330708661
21
0.6962382677165354
0
LINE
8
BLACK
6
CONTINUOUS
10
0.3210804330708661
20
0.6962382677165354
11
0.3304542519685039
21
0.6962382677165354
0
LINE
8
BLACK
6
CONTINUOUS
10
0.3304542519685039
20
0.6962382677165354
11
0.3305770866141732
21
0.6962138582677165
0
LINE
8
BLACK
6
CONTINUOUS
10
0.2993738188976378
20
0.7336052755905511
11
0.3387438976377953
21
0.720481968503937
0
LINE
8
BLACK
6
CONTINUOUS
10
0.3387438976377953
20
0.720481968503937
11
0.3395912992125984
21
0.7199988582677165
0
LINE
8
BLACK
6
CONTINUOUS
10
0.3395912992125984
20
0.7199988582677165
11
0.3396748031496063
21
0.719831811023622
0
LINE
8
BLACK
6
CONTINUOUS
10
0.3396748031496063
20
0.719831811023622
11
0.339841968503937
21
0.7197482283464567
0
LINE
8
BLACK
6
CONTINUOUS
10
0.339841968503937
20
0.7197482283464567
11
0.3400926377952756
21
0.7189961811023622
0
LINE
8
BLACK
6
CONTINUOUS
10
0.3400926377952756
20
0.7189961811023622
11
0.3404470078740157
21
0.7182874409448818
0
LINE
8
BLACK
6
CONTINUOUS
10
0.3404470078740157
20
0.7182874409448818
11
0.3403879133858267
21
0.7181102362204724
0
LINE
8
BLACK
6
CONTINUOUS
10
0.3403879133858267
20
0.7181102362204724
11
0.3404470078740157
21
0.717933031496063
0
LINE
8
BLACK
6
CONTINUOUS
10
0.3404470078740157
20
0.717933031496063
11
0.3400926377952756
21
0.7172243307086614
0
LINE
8
BLACK
6
CONTINUOUS
10
0.3400926377952756
20
0.7172243307086614
11
0.339841968503937
21
0.7164722440944882
0
LINE
8
BLACK
6
CONTINUOUS
10
0.339841968503937
20
0.7164722440944882
11
0.3396748031496063
21
0.7163887007874016
0
LINE
8
BLACK
6
CONTINUOUS
10
0.3396748031496063
20
0.7163887007874016
11
0.3395912992125984
21
0.7162216141732284
0
LINE
8
BLACK
6
CONTINUOUS
10
0.3395912992125984
20
0.7162216141732284
11
0.3387438976377953
21
0.7157385039370079
0
LINE
8
BLACK
6
CONTINUOUS
10
0.3387438976377953
20
0.7157385039370079
11
0.2993738188976378
21
0.7026151968503936
0
LINE
8
BLACK
6
CONTINUOUS
10
0.2993738188976378
20
0.7026151968503936
11
0.298406062992126
21
0.7024931889763779
0
LINE
8
BLACK
6
CONTINUOUS
10
0.298406062992126
20
0.7024931889763779
11
0.2966946456692913
21
0.7033488976377953
0
LINE
8
BLACK
6
CONTINUOUS
10
0.2966946456692913
20
0.7033488976377953
11
0.2960895669291339
21
0.705164094488189
0
LINE
8
BLACK
6
CONTINUOUS
10
0.2960895669291339
20
0.705164094488189
11
0.2969452755905512
21
0.7068755118110236
0
LINE
8
BLACK
6
CONTINUOUS
10
0.2969452755905512
20
0.7068755118110236
11
0.297792716535433
21
0.7073585826771653
0
LINE
8
BLACK
6
CONTINUOUS
10
0.297792716535433
20
0.7073585826771653
11
0.3300476771653543
21
0.7181102362204724
0
LINE
8
BLACK
6
CONTINUOUS
10
0.3300476771653543
20
0.7181102362204724
11
0.297792716535433
21
0.7288618897637795
0
LINE
8
BLACK
6
CONTINUOUS
10
0.297792716535433
20
0.7288618897637795
11
0.2969452755905512
21
0.7293449606299213
0
LINE
8
BLACK
6
CONTINUOUS
10
0.2969452755905512
20
0.7293449606299213
11
0.2960895669291339
21
0.7310563779527559
0
LINE
8
BLACK
6
CONTINUOUS
10
0.2960895669291339
20
0.7310563779527559
11
0.2966946456692913
21
0.7328715748031496
0
LINE
8
BLACK
6
CONTINUOUS
10
0.2966946456692913
20
0.7328715748031496
11
0.298406062992126
21
0.7337272834645669
0
LINE
8
BLACK
6
CONTINUOUS
10
0.298406062992126
20
0.7337272834645669
11
0.2993738188976378
21
0.7336052755905511
0
LINE
8
BLACK
6
CONTINUOUS
10
0.270263031496063
20
0.7456511417322834
11
0.2704533464566929
21
0.7446944488188976
0
LINE
8
BLACK
6
CONTINUOUS
10
0.2704533464566929
20
0.7446944488188976
11
0.2704533464566929
21
0.725946811023622
0
LINE
8
BLACK
6
CONTINUOUS
10
0.2704533464566929
20
0.725946811023622
11
0.270263031496063
21
0.7249901181102362
0
LINE
8
BLACK
6
CONTINUOUS
10
0.270263031496063
20
0.7249901181102362
11
0.2689100393700787
21
0.723637125984252
0
LINE
8
BLACK
6
CONTINUOUS
10
0.2689100393700787
20
0.723637125984252
11
0.2679533464566929
21
0.7234468110236221
0
LINE
8
BLACK
6
CONTINUOUS
10
0.2679533464566929
20
0.7234468110236221
11
0.2285832677165354
21
0.7234468110236221
0
LINE
8
BLACK
6
CONTINUOUS
10
0.2285832677165354
20
0.7234468110236221
11
0.2276265748031496
21
0.723637125984252
0
LINE
8
BLACK
6
CONTINUOUS
10
0.2276265748031496
20
0.723637125984252
11
0.2262735826771654
21
0.7249901181102362
0
LINE
8
BLACK
6
CONTINUOUS
10
0.2262735826771654
20
0.7249901181102362
11
0.2262735826771654
21
0.7269035039370079
0
LINE
8
BLACK
6
CONTINUOUS
10
0.2262735826771654
20
0.7269035039370079
11
0.2276265748031496
21
0.7282564960629921
0
LINE
8
BLACK
6
CONTINUOUS
10
0.2276265748031496
20
0.7282564960629921
11
0.2285832677165354
21
0.7284468110236221
0
LINE
8
BLACK
6
CONTINUOUS
10
0.2285832677165354
20
0.7284468110236221
11
0.2654533464566929
21
0.7284468110236221
0
LINE
8
BLACK
6
CONTINUOUS
10
0.2654533464566929
20
0.7284468110236221
11
0.2654533464566929
21
0.7446944488188976
0
LINE
8
BLACK
6
CONTINUOUS
10
0.2654533464566929
20
0.7446944488188976
11
0.2656436614173228
21
0.7456511417322834
0
LINE
8
BLACK
6
CONTINUOUS
10
0.2656436614173228
20
0.7456511417322834
11
0.2669966535433071
21
0.7470041338582677
0
LINE
8
BLACK
6
CONTINUOUS
10
0.2669966535433071
20
0.7470041338582677
11
0.2689100393700787
21
0.7470041338582677
0
LINE
8
BLACK
6
CONTINUOUS
10
0.2689100393700787
20
0.7470041338582677
11
0.270263031496063
21
0.7456511417322834
0
LINE
8
BLACK
6
CONTINUOUS
10
0.6669566929133858
20
0.7765847637795276
11
0.6671470078740157
21
0.7756280708661417
0
LINE
8
BLACK
6
CONTINUOUS
10
0.6671470078740157
20
0.7756280708661417
11
0.6671470078740157
21
0.7631299606299212
0
LINE
8
BLACK
6
CONTINUOUS
10
0.6671470078740157
20
0.7631299606299212
11
0.679645157480315
21
0.7631299606299212
0
LINE
8
BLACK
6
CONTINUOUS
10
0.679645157480315
20
0.7631299606299212
11
0.6806018503937008
21
0.7629396456692913
0
LINE
8
BLACK
6
CONTINUOUS
10
0.6806018503937008
20
0.7629396456692913
11
0.6819548425196851
21
0.7615866535433071
0
LINE
8
BLACK
6
CONTINUOUS
10
0.6819548425196851
20
0.7615866535433071
11
0.6819548425196851
21
0.7596732677165354
0
LINE
8
BLACK
6
CONTINUOUS
10
0.6819548425196851
20
0.7596732677165354
11
0.6806018503937008
21
0.7583202755905512
0
LINE
8
BLACK
6
CONTINUOUS
10
0.6806018503937008
20
0.7583202755905512
11
0.679645157480315
21
0.7581299606299212
0
LINE
8
BLACK
6
CONTINUOUS
10
0.679645157480315
20
0.7581299606299212
11
0.6671470078740157
21
0.7581299606299212
0
LINE
8
BLACK
6
CONTINUOUS
10
0.6671470078740157
20
0.7581299606299212
11
0.6671470078740157
21
0.7456318503937007
0
LINE
8
BLACK
6
CONTINUOUS
10
0.6671470078740157
20
0.7456318503937007
11
0.6669566929133858
21
0.744675157480315
0
LINE
8
BLACK
6
CONTINUOUS
10
0.6669566929133858
20
0.744675157480315
11
0.6656037007874016
21
0.7433221653543307
0
LINE
8
BLACK
6
CONTINUOUS
10
0.6656037007874016
20
0.7433221653543307
11
0.6636903149606299
21
0.7433221653543307
0
LINE
8
BLACK
6
CONTINUOUS
10
0.6636903149606299
20
0.7433221653543307
11
0.6623373228346456
21
0.744675157480315
0
LINE
8
BLACK
6
CONTINUOUS
10
0.6623373228346456
20
0.744675157480315
11
0.6621470078740157
21
0.7456318503937007
0
LINE
8
BLACK
6
CONTINUOUS
10
0.6621470078740157
20
0.7456318503937007
11
0.6621470078740157
21
0.7581299606299212
0
LINE
8
BLACK
6
CONTINUOUS
10
0.6621470078740157
20
0.7581299606299212
11
0.6496488976377952
21
0.7581299606299212
0
LINE
8
BLACK
6
CONTINUOUS
10
0.6496488976377952
20
0.7581299606299212
11
0.6486922047244095
21
0.7583202755905512
0
LINE
8
BLACK
6
CONTINUOUS
10
0.6486922047244095
20
0.7583202755905512
11
0.6473392125984252
21
0.7596732677165354
0
LINE
8
BLACK
6
CONTINUOUS
10
0.6473392125984252
20
0.7596732677165354
11
0.6473392125984252
21
0.7615866535433071
0
LINE
8
BLACK
6
CONTINUOUS
10
0.6473392125984252
20
0.7615866535433071
11
0.6486922047244095
21
0.7629396456692913
0
LINE
8
BLACK
6
CONTINUOUS
10
0.6486922047244095
20
0.7629396456692913
11
0.6496488976377952
21
0.7631299606299212
0
LINE
8
BLACK
6
CONTINUOUS
10
0.6496488976377952
20
0.7631299606299212
11
0.6621470078740157
21
0.7631299606299212
0
LINE
8
BLACK
6
CONTINUOUS
10
0.6621470078740157
20
0.7631299606299212
11
0.6621470078740157
21
0.7756280708661417
0
LINE
8
BLACK
6
CONTINUOUS
10
0.6621470078740157
20
0.7756280708661417
11
0.6623373228346456
21
0.7765847637795276
0
LINE
8
BLACK
6
CONTINUOUS
10
0.6623373228346456
20
0.7765847637795276
11
0.6636903149606299
21
0.7779377559055118
0
LINE
8
BLACK
6
CONTINUOUS
10
0.6636903149606299
20
0.7779377559055118
11
0.6656037007874016
21
0.7779377559055118
0
LINE
8
BLACK
6
CONTINUOUS
10
0.6656037007874016
20
0.7779377559055118
11
0.6669566929133858
21
0.7765847637795276
0
LINE
8
BLACK
6
CONTINUOUS
10
0.618571220472441
20
0.7700230708661417
11
0.6187615354330709
21
0.7690663779527559
0
LINE
8
BLACK
6
CONTINUOUS
10
0.6187615354330709
20
0.7690663779527559
11
0.6187615354330709
21
0.7503187401574803
0
LINE
8
BLACK
6
CONTINUOUS
10
0.6187615354330709
20
0.7503187401574803
11
0.618571220472441
21
0.7493620472440945
0
LINE
8
BLACK
6
CONTINUOUS
10
0.618571220472441
20
0.7493620472440945
11
0.6172182283464567
21
0.7480090551181102
0
LINE
8
BLACK
6
CONTINUOUS
10
0.6172182283464567
20
0.7480090551181102
11
0.6162615354330708
21
0.7478187401574803
0
LINE
8
BLACK
6
CONTINUOUS
10
0.6162615354330708
20
0.7478187401574803
11
0.5768914566929134
21
0.7478187401574803
0
LINE
8
BLACK
6
CONTINUOUS
10
0.5768914566929134
20
0.7478187401574803
11
0.5759347637795276
21
0.7480090551181102
0
LINE
8
BLACK
6
CONTINUOUS
10
0.5759347637795276
20
0.7480090551181102
11
0.5745817716535433
21
0.7493620472440945
0
LINE
8
BLACK
6
CONTINUOUS
10
0.5745817716535433
20
0.7493620472440945
11
0.5745817716535433
21
0.7512754330708661
0
LINE
8
BLACK
6
CONTINUOUS
10
0.5745817716535433
20
0.7512754330708661
11
0.5759347637795276
21
0.7526284251968504
0
LINE
8
BLACK
6
CONTINUOUS
10
0.5759347637795276
20
0.7526284251968504
11
0.5768914566929134
21
0.7528187401574803
0
LINE
8
BLACK
6
CONTINUOUS
10
0.5768914566929134
20
0.7528187401574803
11
0.6137615354330709
21
0.7528187401574803
0
LINE
8
BLACK
6
CONTINUOUS
10
0.6137615354330709
20
0.7528187401574803
11
0.6137615354330709
21
0.7690663779527559
0
LINE
8
BLACK
6
CONTINUOUS
10
0.6137615354330709
20
0.7690663779527559
11
0.6139518503937008
21
0.7700230708661417
0
LINE
8
BLACK
6
CONTINUOUS
10
0.6139518503937008
20
0.7700230708661417
11
0.615304842519685
21
0.771376062992126
0
LINE
8
BLACK
6
CONTINUOUS
10
0.615304842519685
20
0.771376062992126
11
0.6172182283464567
21
0.771376062992126
0
LINE
8
BLACK
6
CONTINUOUS
10
0.6172182283464567
20
0.771376062992126
11
0.618571220472441
21
0.7700230708661417
0
LINE
8
BLACK
6
CONTINUOUS
10
0.2689100393700787
20
0.7863742125984252
11
0.270263031496063
21
0.7850212204724409
0
LINE
8
BLACK
6
CONTINUOUS
10
0.270263031496063
20
0.7850212204724409
11
0.270263031496063
21
0.7831078346456692
0
LINE
8
BLACK
6
CONTINUOUS
10
0.270263031496063
20
0.7831078346456692
11
0.2689100393700787
21
0.781754842519685
0
LINE
8
BLACK
6
CONTINUOUS
10
0.2689100393700787
20
0.781754842519685
11
0.2679533464566929
21
0.7815645275590551
0
LINE
8
BLACK
6
CONTINUOUS
10
0.2679533464566929
20
0.7815645275590551
11
0.2398522047244094
21
0.7815645275590551
0
LINE
8
BLACK
6
CONTINUOUS
10
0.2398522047244094
20
0.7815645275590551
11
0.2577619291338583
21
0.7732066535433071
0
LINE
8
BLACK
6
CONTINUOUS
10
0.2577619291338583
20
0.7732066535433071
11
0.2582814960629921
21
0.7728254724409449
0
LINE
8
BLACK
6
CONTINUOUS
10
0.2582814960629921
20
0.7728254724409449
11
0.2583931496062992
21
0.772784842519685
0
LINE
8
BLACK
6
CONTINUOUS
10
0.2583931496062992
20
0.772784842519685
11
0.2584224409448819
21
0.7727220472440944
0
LINE
8
BLACK
6
CONTINUOUS
10
0.2584224409448819
20
0.7727220472440944
11
0.2585484251968504
21
0.7726296062992126
0
LINE
8
BLACK
6
CONTINUOUS
10
0.2585484251968504
20
0.7726296062992126
11
0.2588406692913386
21
0.771825905511811
0
LINE
8
BLACK
6
CONTINUOUS
10
0.2588406692913386
20
0.771825905511811
11
0.2592023228346457
21
0.7710509842519685
0
LINE
8
BLACK
6
CONTINUOUS
10
0.2592023228346457
20
0.7710509842519685
11
0.2591623622047244
21
0.7709411811023622
0
LINE
8
BLACK
6
CONTINUOUS
10
0.2591623622047244
20
0.7709411811023622
11
0.2592023228346457
21
0.7708313779527559
0
LINE
8
BLACK
6
CONTINUOUS
10
0.2592023228346457
20
0.7708313779527559
11
0.2588406692913386
21
0.7700564960629921
0
LINE
8
BLACK
6
CONTINUOUS
10
0.2588406692913386
20
0.7700564960629921
11
0.2585484251968504
21
0.7692527559055118
0
LINE
8
BLACK
6
CONTINUOUS
10
0.2585484251968504
20
0.7692527559055118
11
0.2584224409448819
21
0.7691603543307086
0
LINE
8
BLACK
6
CONTINUOUS
10
0.2584224409448819
20
0.7691603543307086
11
0.2583931496062992
21
0.7690975196850394
0
LINE
8
BLACK
6
CONTINUOUS
10
0.2583931496062992
20
0.7690975196850394
11
0.2582814960629921
21
0.7690569291338583
0
LINE
8
BLACK
6
CONTINUOUS
10
0.2582814960629921
20
0.7690569291338583
11
0.2577619291338583
21
0.7686757086614173
0
LINE
8
BLACK
6
CONTINUOUS
10
0.2577619291338583
20
0.7686757086614173
11
0.2398522047244094
21
0.7603178346456693
0
LINE
8
BLACK
6
CONTINUOUS
10
0.2398522047244094
20
0.7603178346456693
11
0.2679533464566929
21
0.7603178346456693
0
LINE
8
BLACK
6
CONTINUOUS
10
0.2679533464566929
20
0.7603178346456693
11
0.2689100393700787
21
0.7601275196850393
0
LINE
8
BLACK
6
CONTINUOUS
10
0.2689100393700787
20
0.7601275196850393
11
0.270263031496063
21
0.7587745275590551
0
LINE
8
BLACK
6
CONTINUOUS
10
0.270263031496063
20
0.7587745275590551
11
0.270263031496063
21
0.7568611417322835
0
LINE
8
BLACK
6
CONTINUOUS
10
0.270263031496063
20
0.7568611417322835
11
0.2689100393700787
21
0.7555081496062992
0
LINE
8
BLACK
6
CONTINUOUS
10
0.2689100393700787
20
0.7555081496062992
11
0.2679533464566929
21
0.7553178346456693
0
LINE
8
BLACK
6
CONTINUOUS
10
0.2679533464566929
20
0.7553178346456693
11
0.2285832677165354
21
0.7553178346456693
0
LINE
8
BLACK
6
CONTINUOUS
10
0.2285832677165354
20
0.7553178346456693
11
0.2276265748031496
21
0.7555081496062992
0
LINE
8
BLACK
6
CONTINUOUS
10
0.2276265748031496
20
0.7555081496062992
11
0.2273123622047244
21
0.7558223622047244
0
LINE
8
BLACK
6
CONTINUOUS
10
0.2273123622047244
20
0.7558223622047244
11
0.226894842519685
21
0.7559741732283465
0
LINE
8
BLACK
6
CONTINUOUS
10
0.226894842519685
20
0.7559741732283465
11
0.2266623228346457
21
0.7564724015748031
0
LINE
8
BLACK
6
CONTINUOUS
10
0.2266623228346457
20
0.7564724015748031
11
0.2262735826771654
21
0.7568611417322835
0
LINE
8
BLACK
6
CONTINUOUS
10
0.2262735826771654
20
0.7568611417322835
11
0.2262735826771654
21
0.7573054724409448
0
LINE
8
BLACK
6
CONTINUOUS
10
0.2262735826771654
20
0.7573054724409448
11
0.2260857086614173
21
0.757708031496063
0
LINE
8
BLACK
6
CONTINUOUS
10
0.2260857086614173
20
0.757708031496063
11
0.2262735826771654
21
0.7582247244094488
0
LINE
8
BLACK
6
CONTINUOUS
10
0.2262735826771654
20
0.7582247244094488
11
0.2262735826771654
21
0.7587745275590551
0
LINE
8
BLACK
6
CONTINUOUS
10
0.2262735826771654
20
0.7587745275590551
11
0.2265877559055118
21
0.7590887401574803
0
LINE
8
BLACK
6
CONTINUOUS
10
0.2265877559055118
20
0.7590887401574803
11
0.2267396062992126
21
0.7595062598425196
0
LINE
8
BLACK
6
CONTINUOUS
10
0.2267396062992126
20
0.7595062598425196
11
0.227526062992126
21
0.7600833070866142
0
LINE
8
BLACK
6
CONTINUOUS
10
0.227526062992126
20
0.7600833070866142
11
0.2507929133858268
21
0.7709411811023622
0
LINE
8
BLACK
6
CONTINUOUS
10
0.2507929133858268
20
0.7709411811023622
11
0.227526062992126
21
0.7817990551181102
0
LINE
8
BLACK
6
CONTINUOUS
10
0.227526062992126
20
0.7817990551181102
11
0.2267396062992126
21
0.7823761023622047
0
LINE
8
BLACK
6
CONTINUOUS
10
0.2267396062992126
20
0.7823761023622047
11
0.2265877559055118
21
0.7827936614173228
0
LINE
8
BLACK
6
CONTINUOUS
10
0.2265877559055118
20
0.7827936614173228
11
0.2262735826771654
21
0.7831078346456692
0
LINE
8
BLACK
6
CONTINUOUS
10
0.2262735826771654
20
0.7831078346456692
11
0.2262735826771654
21
0.7836576771653543
0
LINE
8
BLACK
6
CONTINUOUS
10
0.2262735826771654
20
0.7836576771653543
11
0.2260857086614173
21
0.7841743307086614
0
LINE
8
BLACK
6
CONTINUOUS
10
0.2260857086614173
20
0.7841743307086614
11
0.2262735826771654
21
0.7845769291338582
0
LINE
8
BLACK
6
CONTINUOUS
10
0.2262735826771654
20
0.7845769291338582
11
0.2262735826771654
21
0.7850212204724409
0
LINE
8
BLACK
6
CONTINUOUS
10
0.2262735826771654
20
0.7850212204724409
11
0.2266623228346457
21
0.7854099999999999
0
LINE
8
BLACK
6
CONTINUOUS
10
0.2266623228346457
20
0.7854099999999999
11
0.226894842519685
21
0.7859081889763779
0
LINE
8
BLACK
6
CONTINUOUS
10
0.226894842519685
20
0.7859081889763779
11
0.2273123622047244
21
0.7860600393700787
0
LINE
8
BLACK
6
CONTINUOUS
10
0.2273123622047244
20
0.7860600393700787
11
0.2276265748031496
21
0.7863742125984252
0
LINE
8
BLACK
6
CONTINUOUS
10
0.2276265748031496
20
0.7863742125984252
11
0.2285832677165354
21
0.7865645275590551
0
LINE
8
BLACK
6
CONTINUOUS
10
0.2285832677165354
20
0.7865645275590551
11
0.2679533464566929
21
0.7865645275590551
0
LINE
8
BLACK
6
CONTINUOUS
10
0.2679533464566929
20
0.7865645275590551
11
0.2689100393700787
21
0.7863742125984252
0
LINE
8
BLACK
6
CONTINUOUS
10
-0.1361548031496063
20
0.8424551181102362
11
-0.135340157480315
21
0.8416404724409449
0
LINE
8
BLACK
6
CONTINUOUS
10
-0.135340157480315
20
0.8416404724409449
11
-0.1348992519685039
21
0.8405760629921259
0
LINE
8
BLACK
6
CONTINUOUS
10
-0.1348992519685039
20
0.8405760629921259
11
-0.1348425196850394
21
0.84
0
LINE
8
BLACK
6
CONTINUOUS
10
-0.1348425196850394
20
0.84
11
-0.1348425196850394
21
0.76
0
LINE
8
BLACK
6
CONTINUOUS
10
-0.1348425196850394
20
0.76
11
-0.1348992519685039
21
0.759423937007874
0
LINE
8
BLACK
6
CONTINUOUS
10
-0.1348992519685039
20
0.759423937007874
11
-0.135340157480315
21
0.7583595275590551
0
LINE
8
BLACK
6
CONTINUOUS
10
-0.135340157480315
20
0.7583595275590551
11
-0.1361548031496063
21
0.7575448818897638
0
LINE
8
BLACK
6
CONTINUOUS
10
-0.1361548031496063
20
0.7575448818897638
11
-0.1372192125984252
21
0.7571039763779528
0
LINE
8
BLACK
6
CONTINUOUS
10
-0.1372192125984252
20
0.7571039763779528
11
-0.1383713385826772
21
0.7571039763779528
0
LINE
8
BLACK
6
CONTINUOUS
10
-0.1383713385826772
20
0.7571039763779528
11
-0.1394357480314961
21
0.7575448818897638
0
LINE
8
BLACK
6
CONTINUOUS
10
-0.1394357480314961
20
0.7575448818897638
11
-0.1402503937007874
21
0.7583595275590551
0
LINE
8
BLACK
6
CONTINUOUS
10
-0.1402503937007874
20
0.7583595275590551
11
-0.1406912992125984
21
0.759423937007874
0
LINE
8
BLACK
6
CONTINUOUS
10
-0.1406912992125984
20
0.759423937007874
11
-0.140748031496063
21
0.76
0
LINE
8
BLACK
6
CONTINUOUS
10
-0.140748031496063
20
0.76
11
-0.140748031496063
21
0.84
0
LINE
8
BLACK
6
CONTINUOUS
10
-0.140748031496063
20
0.84
11
-0.1406912992125984
21
0.8405760629921259
0
LINE
8
BLACK
6
CONTINUOUS
10
-0.1406912992125984
20
0.8405760629921259
11
-0.1402503937007874
21
0.8416404724409449
0
LINE
8
BLACK
6
CONTINUOUS
10
-0.1402503937007874
20
0.8416404724409449
11
-0.1394357480314961
21
0.8424551181102362
0
LINE
8
BLACK
6
CONTINUOUS
10
-0.1394357480314961
20
0.8424551181102362
11
-0.1383713385826772
21
0.8428960236220472
0
LINE
8
BLACK
6
CONTINUOUS
10
-0.1383713385826772
20
0.8428960236220472
11
-0.1372192125984252
21
0.8428960236220472
0
LINE
8
BLACK
6
CONTINUOUS
10
-0.1372192125984252
20
0.8428960236220472
11
-0.1361548031496063
21
0.8424551181102362
0
LINE
8
BLACK
6
CONTINUOUS
10
0.1394357480314961
20
0.8424551181102362
11
0.1402503937007874
21
0.8416404724409449
0
LINE
8
BLACK
6
CONTINUOUS
10
0.1402503937007874
20
0.8416404724409449
11
0.1406912992125984
21
0.8405760629921259
0
LINE
8
BLACK
6
CONTINUOUS
10
0.1406912992125984
20
0.8405760629921259
11
0.140748031496063
21
0.84
0
LINE
8
BLACK
6
CONTINUOUS
10
0.140748031496063
20
0.84
11
0.140748031496063
21
0.76
0
LINE
8
BLACK
6
CONTINUOUS
10
0.140748031496063
20
0.76
11
0.1406912992125984
21
0.759423937007874
0
LINE
8
BLACK
6
CONTINUOUS
10
0.1406912992125984
20
0.759423937007874
11
0.1402503937007874
21
0.7583595275590551
0
LINE
8
BLACK
6
CONTINUOUS
10
0.1402503937007874
20
0.7583595275590551
11
0.1394357480314961
21
0.7575448818897638
0
LINE
8
BLACK
6
CONTINUOUS
10
0.1394357480314961
20
0.7575448818897638
11
0.1383713385826772
21
0.7571039763779528
0
LINE
8
BLACK
6
CONTINUOUS
10
0.1383713385826772
20
0.7571039763779528
11
0.1372192125984252
21
0.7571039763779528
0
LINE
8
BLACK
6
CONTINUOUS
10
0.1372192125984252
20
0.7571039763779528
11
0.1361548031496063
21
0.7575448818897638
0
LINE
8
BLACK
6
CONTINUOUS
10
0.1361548031496063
20
0.7575448818897638
11
0.135340157480315
21
0.7583595275590551
0
LINE
8
BLACK
6
CONTINUOUS
10
0.135340157480315
20
0.7583595275590551
11
0.1348992519685039
21
0.759423937007874
0
LINE
8
BLACK
6
CONTINUOUS
10
0.1348992519685039
20
0.759423937007874
11
0.1348425196850394
21
0.76
0
LINE
8
BLACK
6
CONTINUOUS
10
0.1348425196850394
20
0.76
11
0.1348425196850394
21
0.84
0
LINE
8
BLACK
6
CONTINUOUS
10
0.1348425196850394
20
0.84
11
0.1348992519685039
21
0.8405760629921259
0
LINE
8
BLACK
6
CONTINUOUS
10
0.1348992519685039
20
0.8405760629921259
11
0.135340157480315
21
0.8416404724409449
0
LINE
8
BLACK
6
CONTINUOUS
10
0.135340157480315
20
0.8416404724409449
11
0.1361548031496063
21
0.8424551181102362
0
LINE
8
BLACK
6
CONTINUOUS
10
0.1361548031496063
20
0.8424551181102362
11
0.1372192125984252
21
0.8428960236220472
0
LINE
8
BLACK
6
CONTINUOUS
10
0.1372192125984252
20
0.8428960236220472
11
0.1383713385826772
21
0.8428960236220472
0
LINE
8
BLACK
6
CONTINUOUS
10
0.1383713385826772
20
0.8428960236220472
11
0.1394357480314961
21
0.8424551181102362
0
LINE
8
BLACK
6
CONTINUOUS
10
0.6172182283464567
20
0.8107461417322834
11
0.618571220472441
21
0.8093931496062992
0
LINE
8
BLACK
6
CONTINUOUS
10
0.618571220472441
20
0.8093931496062992
11
0.618571220472441
21
0.8074797637795276
0
LINE
8
BLACK
6
CONTINUOUS
10
0.618571220472441
20
0.8074797637795276
11
0.6172182283464567
21
0.8061267716535433
0
LINE
8
BLACK
6
CONTINUOUS
10
0.6172182283464567
20
0.8061267716535433
11
0.6162615354330708
21
0.8059364566929134
0
LINE
8
BLACK
6
CONTINUOUS
10
0.6162615354330708
20
0.8059364566929134
11
0.5881603937007874
21
0.8059364566929134
0
LINE
8
BLACK
6
CONTINUOUS
10
0.5881603937007874
20
0.8059364566929134
11
0.6060701181102363
21
0.7975785826771653
0
LINE
8
BLACK
6
CONTINUOUS
10
0.6060701181102363
20
0.7975785826771653
11
0.6065896850393701
21
0.7971974015748031
0
LINE
8
BLACK
6
CONTINUOUS
10
0.6065896850393701
20
0.7971974015748031
11
0.6067013385826772
21
0.7971567716535433
0
LINE
8
BLACK
6
CONTINUOUS
10
0.6067013385826772
20
0.7971567716535433
11
0.6067306299212598
21
0.7970939763779528
0
LINE
8
BLACK
6
CONTINUOUS
10
0.6067306299212598
20
0.7970939763779528
11
0.6068566141732283
21
0.7970015354330708
0
LINE
8
BLACK
6
CONTINUOUS
10
0.6068566141732283
20
0.7970015354330708
11
0.6071488582677165
21
0.7961978346456693
0
LINE
8
BLACK
6
CONTINUOUS
10
0.6071488582677165
20
0.7961978346456693
11
0.6075105118110236
21
0.7954229133858267
0
LINE
8
BLACK
6
CONTINUOUS
10
0.6075105118110236
20
0.7954229133858267
11
0.6074705511811024
21
0.7953131102362204
0
LINE
8
BLACK
6
CONTINUOUS
10
0.6074705511811024
20
0.7953131102362204
11
0.6075105118110236
21
0.7952033070866141
0
LINE
8
BLACK
6
CONTINUOUS
10
0.6075105118110236
20
0.7952033070866141
11
0.6071488582677165
21
0.7944284251968504
0
LINE
8
BLACK
6
CONTINUOUS
10
0.6071488582677165
20
0.7944284251968504
11
0.6068566141732283
21
0.7936246850393701
0
LINE
8
BLACK
6
CONTINUOUS
10
0.6068566141732283
20
0.7936246850393701
11
0.6067306299212598
21
0.7935322834645669
0
LINE
8
BLACK
6
CONTINUOUS
10
0.6067306299212598
20
0.7935322834645669
11
0.6067013385826772
21
0.7934694488188976
0
LINE
8
BLACK
6
CONTINUOUS
10
0.6067013385826772
20
0.7934694488188976
11
0.6065896850393701
21
0.7934288582677165
0
LINE
8
BLACK
6
CONTINUOUS
10
0.6065896850393701
20
0.7934288582677165
11
0.6060701181102363
21
0.7930476377952755
0
LINE
8
BLACK
6
CONTINUOUS
10
0.6060701181102363
20
0.7930476377952755
11
0.5881603937007874
21
0.7846897637795276
0
LINE
8
BLACK
6
CONTINUOUS
10
0.5881603937007874
20
0.7846897637795276
11
0.6162615354330708
21
0.7846897637795276
0
LINE
8
BLACK
6
CONTINUOUS
10
0.6162615354330708
20
0.7846897637795276
11
0.6172182283464567
21
0.7844994488188977
0
LINE
8
BLACK
6
CONTINUOUS
10
0.6172182283464567
20
0.7844994488188977
11
0.618571220472441
21
0.7831464566929134
0
LINE
8
BLACK
6
CONTINUOUS
10
0.618571220472441
20
0.7831464566929134
11
0.618571220472441
21
0.7812330708661417
0
LINE
8
BLACK
6
CONTINUOUS
10
0.618571220472441
20
0.7812330708661417
11
0.6172182283464567
21
0.7798800787401574
0
LINE
8
BLACK
6
CONTINUOUS
10
0.6172182283464567
20
0.7798800787401574
11
0.6162615354330708
21
0.7796897637795276
0
LINE
8
BLACK
6
CONTINUOUS
10
0.6162615354330708
20
0.7796897637795276
11
0.5768914566929134
21
0.7796897637795276
0
LINE
8
BLACK
6
CONTINUOUS
10
0.5768914566929134
20
0.7796897637795276
11
0.5759347637795276
21
0.7798800787401574
0
LINE
8
BLACK
6
CONTINUOUS
10
0.5759347637795276
20
0.7798800787401574
11
0.5756205511811023
21
0.7801942913385826
0
LINE
8
BLACK
6
CONTINUOUS
10
0.5756205511811023
20
0.7801942913385826
11
0.575203031496063
21
0.7803461023622047
0
LINE
8
BLACK
6
CONTINUOUS
10
0.575203031496063
20
0.7803461023622047
11
0.5749705118110237
21
0.7808443307086614
0
LINE
8
BLACK
6
CONTINUOUS
10
0.5749705118110237
20
0.7808443307086614
11
0.5745817716535433
21
0.7812330708661417
0
LINE
8
BLACK
6
CONTINUOUS
10
0.5745817716535433
20
0.7812330708661417
11
0.5745817716535433
21
0.7816774015748031
0
LINE
8
BLACK
6
CONTINUOUS
10
0.5745817716535433
20
0.7816774015748031
11
0.5743938976377952
21
0.7820799606299212
0
LINE
8
BLACK
6
CONTINUOUS
10
0.5743938976377952
20
0.7820799606299212
11
0.5745817716535433
21
0.7825966535433071
0
LINE
8
BLACK
6
CONTINUOUS
10
0.5745817716535433
20
0.7825966535433071
11
0.5745817716535433
21
0.7831464566929134
0
LINE
8
BLACK
6
CONTINUOUS
10
0.5745817716535433
20
0.7831464566929134
11
0.5748959448818898
21
0.7834606692913386
0
LINE
8
BLACK
6
CONTINUOUS
10
0.5748959448818898
20
0.7834606692913386
11
0.5750477952755906
21
0.783878188976378
0
LINE
8
BLACK
6
CONTINUOUS
10
0.5750477952755906
20
0.783878188976378
11
0.5758342519685039
21
0.7844552362204724
0
LINE
8
BLACK
6
CONTINUOUS
10
0.5758342519685039
20
0.7844552362204724
11
0.5991011023622047
21
0.7953131102362204
0
LINE
8
BLACK
6
CONTINUOUS
10
0.5991011023622047
20
0.7953131102362204
11
0.5758342519685039
21
0.8061709842519685
0
LINE
8
BLACK
6
CONTINUOUS
10
0.5758342519685039
20
0.8061709842519685
11
0.5750477952755906
21
0.806748031496063
0
LINE
8
BLACK
6
CONTINUOUS
10
0.5750477952755906
20
0.806748031496063
11
0.5748959448818898
21
0.8071655905511811
0
LINE
8
BLACK
6
CONTINUOUS
10
0.5748959448818898
20
0.8071655905511811
11
0.5745817716535433
21
0.8074797637795276
0
LINE
8
BLACK
6
CONTINUOUS
10
0.5745817716535433
20
0.8074797637795276
11
0.5745817716535433
21
0.8080296062992126
0
LINE
8
BLACK
6
CONTINUOUS
10
0.5745817716535433
20
0.8080296062992126
11
0.5743938976377952
21
0.8085462598425197
0
LINE
8
BLACK
6
CONTINUOUS
10
0.5743938976377952
20
0.8085462598425197
11
0.5745817716535433
21
0.8089488582677166
0
LINE
8
BLACK
6
CONTINUOUS
10
0.5745817716535433
20
0.8089488582677166
11
0.5745817716535433
21
0.8093931496062992
0
LINE
8
BLACK
6
CONTINUOUS
10
0.5745817716535433
20
0.8093931496062992
11
0.5749705118110237
21
0.8097819291338583
0
LINE
8
BLACK
6
CONTINUOUS
10
0.5749705118110237
20
0.8097819291338583
11
0.575203031496063
21
0.8102801181102361
0
LINE
8
BLACK
6
CONTINUOUS
10
0.575203031496063
20
0.8102801181102361
11
0.5756205511811023
21
0.810431968503937
0
LINE
8
BLACK
6
CONTINUOUS
10
0.5756205511811023
20
0.810431968503937
11
0.5759347637795276
21
0.8107461417322834
0
LINE
8
BLACK
6
CONTINUOUS
10
0.5759347637795276
20
0.8107461417322834
11
0.5768914566929134
21
0.8109364566929134
0
LINE
8
BLACK
6
CONTINUOUS
10
0.5768914566929134
20
0.8109364566929134
11
0.6162615354330708
21
0.8109364566929134
0
LINE
8
BLACK
6
CONTINUOUS
10
0.6162615354330708
20
0.8109364566929134
11
0.6172182283464567
21
0.8107461417322834
0
LINE
8
BLACK
6
CONTINUOUS
10
0.2689100393700787
20
0.8276190551181102
11
0.270263031496063
21
0.826266062992126
0
LINE
8
BLACK
6
CONTINUOUS
10
0.270263031496063
20
0.826266062992126
11
0.270263031496063
21
0.8243526771653543
0
LINE
8
BLACK
6
CONTINUOUS
10
0.270263031496063
20
0.8243526771653543
11
0.2689100393700787
21
0.82299968503937
0
LINE
8
BLACK
6
CONTINUOUS
10
0.2689100393700787
20
0.82299968503937
11
0.2679533464566929
21
0.8228093700787401
0
LINE
8
BLACK
6
CONTINUOUS
10
0.2679533464566929
20
0.8228093700787401
11
0.249830905511811
21
0.8228093700787401
0
LINE
8
BLACK
6
CONTINUOUS
10
0.249830905511811
20
0.8228093700787401
11
0.249830905511811
21
0.8053122047244095
0
LINE
8
BLACK
6
CONTINUOUS
10
0.249830905511811
20
0.8053122047244095
11
0.2679533464566929
21
0.8053122047244095
0
LINE
8
BLACK
6
CONTINUOUS
10
0.2679533464566929
20
0.8053122047244095
11
0.2689100393700787
21
0.8051218897637795
0
LINE
8
BLACK
6
CONTINUOUS
10
0.2689100393700787
20
0.8051218897637795
11
0.270263031496063
21
0.8037688976377952
0
LINE
8
BLACK
6
CONTINUOUS
10
0.270263031496063
20
0.8037688976377952
11
0.270263031496063
21
0.8018555118110237
0
LINE
8
BLACK
6
CONTINUOUS
10
0.270263031496063
20
0.8018555118110237
11
0.2689100393700787
21
0.8005025196850394
0
LINE
8
BLACK
6
CONTINUOUS
10
0.2689100393700787
20
0.8005025196850394
11
0.2679533464566929
21
0.8003122047244094
0
LINE
8
BLACK
6
CONTINUOUS
10
0.2679533464566929
20
0.8003122047244094
11
0.2285832677165354
21
0.8003122047244094
0
LINE
8
BLACK
6
CONTINUOUS
10
0.2285832677165354
20
0.8003122047244094
11
0.2276265748031496
21
0.8005025196850394
0
LINE
8
BLACK
6
CONTINUOUS
10
0.2276265748031496
20
0.8005025196850394
11
0.2262735826771654
21
0.8018555118110237
0
LINE
8
BLACK
6
CONTINUOUS
10
0.2262735826771654
20
0.8018555118110237
11
0.2262735826771654
21
0.8037688976377952
0
LINE
8
BLACK
6
CONTINUOUS
10
0.2262735826771654
20
0.8037688976377952
11
0.2276265748031496
21
0.8051218897637795
0
LINE
8
BLACK
6
CONTINUOUS
10
0.2276265748031496
20
0.8051218897637795
11
0.2285832677165354
21
0.8053122047244095
0
LINE
8
BLACK
6
CONTINUOUS
10
0.2285832677165354
20
0.8053122047244095
11
0.244830905511811
21
0.8053122047244095
0
LINE
8
BLACK
6
CONTINUOUS
10
0.244830905511811
20
0.8053122047244095
11
0.244830905511811
21
0.8228093700787401
0
LINE
8
BLACK
6
CONTINUOUS
10
0.244830905511811
20
0.8228093700787401
11
0.2285832677165354
21
0.8228093700787401
0
LINE
8
BLACK
6
CONTINUOUS
10
0.2285832677165354
20
0.8228093700787401
11
0.2276265748031496
21
0.82299968503937
0
LINE
8
BLACK
6
CONTINUOUS
10
0.2276265748031496
20
0.82299968503937
11
0.2262735826771654
21
0.8243526771653543
0
LINE
8
BLACK
6
CONTINUOUS
10
0.2262735826771654
20
0.8243526771653543
11
0.2262735826771654
21
0.826266062992126
0
LINE
8
BLACK
6
CONTINUOUS
10
0.2262735826771654
20
0.826266062992126
11
0.2276265748031496
21
0.8276190551181102
0
LINE
8
BLACK
6
CONTINUOUS
10
0.2276265748031496
20
0.8276190551181102
11
0.2285832677165354
21
0.8278093700787401
0
LINE
8
BLACK
6
CONTINUOUS
10
0.2285832677165354
20
0.8278093700787401
11
0.2679533464566929
21
0.8278093700787401
0
LINE
8
BLACK
6
CONTINUOUS
10
0.2679533464566929
20
0.8278093700787401
11
0.2689100393700787
21
0.8276190551181102
0
LINE
8
BLACK
6
CONTINUOUS
10
0.6669566929133858
20
0.8553249212598425
11
0.6671470078740157
21
0.8543682283464566
0
LINE
8
BLACK
6
CONTINUOUS
10
0.6671470078740157
20
0.8543682283464566
11
0.6671470078740157
21
0.8243720078740158
0
LINE
8
BLACK
6
CONTINUOUS
10
0.6671470078740157
20
0.8243720078740158
11
0.6669566929133858
21
0.8234153149606299
0
LINE
8
BLACK
6
CONTINUOUS
10
0.6669566929133858
20
0.8234153149606299
11
0.6656037007874016
21
0.8220623228346456
0
LINE
8
BLACK
6
CONTINUOUS
10
0.6656037007874016
20
0.8220623228346456
11
0.6636903149606299
21
0.8220623228346456
0
LINE
8
BLACK
6
CONTINUOUS
10
0.6636903149606299
20
0.8220623228346456
11
0.6623373228346456
21
0.8234153149606299
0
LINE
8
BLACK
6
CONTINUOUS
10
0.6623373228346456
20
0.8234153149606299
11
0.6621470078740157
21
0.8243720078740158
0
LINE
8
BLACK
6
CONTINUOUS
10
0.6621470078740157
20
0.8243720078740158
11
0.6621470078740157
21
0.8543682283464566
0
LINE
8
BLACK
6
CONTINUOUS
10
0.6621470078740157
20
0.8543682283464566
11
0.6623373228346456
21
0.8553249212598425
0
LINE
8
BLACK
6
CONTINUOUS
10
0.6623373228346456
20
0.8553249212598425
11
0.6636903149606299
21
0.8566779133858268
0
LINE
8
BLACK
6
CONTINUOUS
10
0.6636903149606299
20
0.8566779133858268
11
0.6656037007874016
21
0.8566779133858268
0
LINE
8
BLACK
6
CONTINUOUS
10
0.6656037007874016
20
0.8566779133858268
11
0.6669566929133858
21
0.8553249212598425
0
LINE
8
BLACK
6
CONTINUOUS
10
0.6172182283464567
20
0.8519909842519685
11
0.618571220472441
21
0.8506379921259842
0
LINE
8
BLACK
6
CONTINUOUS
10
0.618571220472441
20
0.8506379921259842
11
0.618571220472441
21
0.8487246062992125
0
LINE
8
BLACK
6
CONTINUOUS
10
0.618571220472441
20
0.8487246062992125
11
0.6172182283464567
21
0.8473716141732284
0
LINE
8
BLACK
6
CONTINUOUS
10
0.6172182283464567
20
0.8473716141732284
11
0.6162615354330708
21
0.8471812992125984
0
LINE
8
BLACK
6
CONTINUOUS
10
0.6162615354330708
20
0.8471812992125984
11
0.5981390944881889
21
0.8471812992125984
0
LINE
8
BLACK
6
CONTINUOUS
10
0.5981390944881889
20
0.8471812992125984
11
0.5981390944881889
21
0.8296841338582677
0
LINE
8
BLACK
6
CONTINUOUS
10
0.5981390944881889
20
0.8296841338582677
11
0.6162615354330708
21
0.8296841338582677
0
LINE
8
BLACK
6
CONTINUOUS
10
0.6162615354330708
20
0.8296841338582677
11
0.6172182283464567
21
0.8294938188976377
0
LINE
8
BLACK
6
CONTINUOUS
10
0.6172182283464567
20
0.8294938188976377
11
0.618571220472441
21
0.8281408267716536
0
LINE
8
BLACK
6
CONTINUOUS
10
0.618571220472441
20
0.8281408267716536
11
0.618571220472441
21
0.8262274409448819
0
LINE
8
BLACK
6
CONTINUOUS
10
0.618571220472441
20
0.8262274409448819
11
0.6172182283464567
21
0.8248744488188976
0
LINE
8
BLACK
6
CONTINUOUS
10
0.6172182283464567
20
0.8248744488188976
11
0.6162615354330708
21
0.8246841338582677
0
LINE
8
BLACK
6
CONTINUOUS
10
0.6162615354330708
20
0.8246841338582677
11
0.5768914566929134
21
0.8246841338582677
0
LINE
8
BLACK
6
CONTINUOUS
10
0.5768914566929134
20
0.8246841338582677
11
0.5759347637795276
21
0.8248744488188976
0
LINE
8
BLACK
6
CONTINUOUS
10
0.5759347637795276
20
0.8248744488188976
11
0.5745817716535433
21
0.8262274409448819
0
LINE
8
BLACK
6
CONTINUOUS
10
0.5745817716535433
20
0.8262274409448819
11
0.5745817716535433
21
0.8281408267716536
0
LINE
8
BLACK
6
CONTINUOUS
10
0.5745817716535433
20
0.8281408267716536
11
0.5759347637795276
21
0.8294938188976377
0
LINE
8
BLACK
6
CONTINUOUS
10
0.5759347637795276
20
0.8294938188976377
11
0.5768914566929134
21
0.8296841338582677
0
LINE
8
BLACK
6
CONTINUOUS
10
0.5768914566929134
20
0.8296841338582677
11
0.5931390944881889
21
0.8296841338582677
0
LINE
8
BLACK
6
CONTINUOUS
10
0.5931390944881889
20
0.8296841338582677
11
0.5931390944881889
21
0.8471812992125984
0
LINE
8
BLACK
6
CONTINUOUS
10
0.5931390944881889
20
0.8471812992125984
11
0.5768914566929134
21
0.8471812992125984
0
LINE
8
BLACK
6
CONTINUOUS
10
0.5768914566929134
20
0.8471812992125984
11
0.5759347637795276
21
0.8473716141732284
0
LINE
8
BLACK
6
CONTINUOUS
10
0.5759347637795276
20
0.8473716141732284
11
0.5745817716535433
21
0.8487246062992125
0
LINE
8
BLACK
6
CONTINUOUS
10
0.5745817716535433
20
0.8487246062992125
11
0.5745817716535433
21
0.8506379921259842
0
LINE
8
BLACK
6
CONTINUOUS
10
0.5745817716535433
20
0.8506379921259842
11
0.5759347637795276
21
0.8519909842519685
0
LINE
8
BLACK
6
CONTINUOUS
10
0.5759347637795276
20
0.8519909842519685
11
0.5768914566929134
21
0.8521812992125984
0
LINE
8
BLACK
6
CONTINUOUS
10
0.5768914566929134
20
0.8521812992125984
11
0.6162615354330708
21
0.8521812992125984
0
LINE
8
BLACK
6
CONTINUOUS
10
0.6162615354330708
20
0.8521812992125984
11
0.6172182283464567
21
0.8519909842519685
0
LINE
8
BLACK
6
CONTINUOUS
10
0.2552648818897638
20
0.8750099606299212
11
0.2554551968503937
21
0.8740532677165355
0
LINE
8
BLACK
6
CONTINUOUS
10
0.2554551968503937
20
0.8740532677165355
11
0.2554551968503937
21
0.861555157480315
0
LINE
8
BLACK
6
CONTINUOUS
10
0.2554551968503937
20
0.861555157480315
11
0.2679533464566929
21
0.861555157480315
0
LINE
8
BLACK
6
CONTINUOUS
10
0.2679533464566929
20
0.861555157480315
11
0.2689100393700787
21
0.861364842519685
0
LINE
8
BLACK
6
CONTINUOUS
10
0.2689100393700787
20
0.861364842519685
11
0.270263031496063
21
0.8600118503937008
0
LINE
8
BLACK
6
CONTINUOUS
10
0.270263031496063
20
0.8600118503937008
11
0.270263031496063
21
0.8580984645669291
0
LINE
8
BLACK
6
CONTINUOUS
10
0.270263031496063
20
0.8580984645669291
11
0.2689100393700787
21
0.8567454724409449
0
LINE
8
BLACK
6
CONTINUOUS
10
0.2689100393700787
20
0.8567454724409449
11
0.2679533464566929
21
0.856555157480315
0
LINE
8
BLACK
6
CONTINUOUS
10
0.2679533464566929
20
0.856555157480315
11
0.2554551968503937
21
0.856555157480315
0
LINE
8
BLACK
6
CONTINUOUS
10
0.2554551968503937
20
0.856555157480315
11
0.2554551968503937
21
0.8440570472440945
0
LINE
8
BLACK
6
CONTINUOUS
10
0.2554551968503937
20
0.8440570472440945
11
0.2552648818897638
21
0.8431003543307086
0
LINE
8
BLACK
6
CONTINUOUS
10
0.2552648818897638
20
0.8431003543307086
11
0.2539118897637795
21
0.8417473622047243
0
LINE
8
BLACK
6
CONTINUOUS
10
0.2539118897637795
20
0.8417473622047243
11
0.2519985039370078
21
0.8417473622047243
0
LINE
8
BLACK
6
CONTINUOUS
10
0.2519985039370078
20
0.8417473622047243
11
0.2506455118110236
21
0.8431003543307086
0
LINE
8
BLACK
6
CONTINUOUS
10
0.2506455118110236
20
0.8431003543307086
11
0.2504551968503937
21
0.8440570472440945
0
LINE
8
BLACK
6
CONTINUOUS
10
0.2504551968503937
20
0.8440570472440945
11
0.2504551968503937
21
0.856555157480315
0
LINE
8
BLACK
6
CONTINUOUS
10
0.2504551968503937
20
0.856555157480315
11
0.2379570866141732
21
0.856555157480315
0
LINE
8
BLACK
6
CONTINUOUS
10
0.2379570866141732
20
0.856555157480315
11
0.2370003937007874
21
0.8567454724409449
0
LINE
8
BLACK
6
CONTINUOUS
10
0.2370003937007874
20
0.8567454724409449
11
0.2356474015748032
21
0.8580984645669291
0
LINE
8
BLACK
6
CONTINUOUS
10
0.2356474015748032
20
0.8580984645669291
11
0.2356474015748032
21
0.8600118503937008
0
LINE
8
BLACK
6
CONTINUOUS
10
0.2356474015748032
20
0.8600118503937008
11
0.2370003937007874
21
0.861364842519685
0
LINE
8
BLACK
6
CONTINUOUS
10
0.2370003937007874
20
0.861364842519685
11
0.2379570866141732
21
0.861555157480315
0
LINE
8
BLACK
6
CONTINUOUS
10
0.2379570866141732
20
0.861555157480315
11
0.2504551968503937
21
0.861555157480315
0
LINE
8
BLACK
6
CONTINUOUS
10
0.2504551968503937
20
0.861555157480315
11
0.2504551968503937
21
0.8740532677165355
0
LINE
8
BLACK
6
CONTINUOUS
10
0.2504551968503937
20
0.8740532677165355
11
0.2506455118110236
21
0.8750099606299212
0
LINE
8
BLACK
6
CONTINUOUS
10
0.2506455118110236
20
0.8750099606299212
11
0.2519985039370078
21
0.8763629527559055
0
LINE
8
BLACK
6
CONTINUOUS
10
0.2519985039370078
20
0.8763629527559055
11
0.2539118897637795
21
0.8763629527559055
0
LINE
8
BLACK
6
CONTINUOUS
10
0.2539118897637795
20
0.8763629527559055
11
0.2552648818897638
21
0.8750099606299212
0
LINE
8
BLACK
6
CONTINUOUS
10
0.040576062992126
20
0.9406912992125984
11
0.0416404724409449
21
0.9402503937007873
0
LINE
8
BLACK
6
CONTINUOUS
10
0.0416404724409449
20
0.9402503937007873
11
0.0424551181102362
21
0.939435748031496
0
LINE
8
BLACK
6
CONTINUOUS
10
0.0424551181102362
20
0.939435748031496
11
0.0428960236220472
21
0.9383713385826772
0
LINE
8
BLACK
6
CONTINUOUS
10
0.0428960236220472
20
0.9383713385826772
11
0.0428960236220472
21
0.9372192125984252
0
LINE
8
BLACK
6
CONTINUOUS
10
0.0428960236220472
20
0.9372192125984252
11
0.0424551181102362
21
0.9361548031496063
0
LINE
8
BLACK
6
CONTINUOUS
10
0.0424551181102362
20
0.9361548031496063
11
0.0416404724409449
21
0.935340157480315
0
LINE
8
BLACK
6
CONTINUOUS
10
0.0416404724409449
20
0.935340157480315
11
0.040576062992126
21
0.9348992519685039
0
LINE
8
BLACK
6
CONTINUOUS
10
0.040576062992126
20
0.9348992519685039
11
0.04
21
0.9348425196850394
0
LINE
8
BLACK
6
CONTINUOUS
10
0.04
20
0.9348425196850394
11
-0.04
21
0.9348425196850394
0
LINE
8
BLACK
6
CONTINUOUS
10
-0.04
20
0.9348425196850394
11
-0.040576062992126
21
0.9348992519685039
0
LINE
8
BLACK
6
CONTINUOUS
10
-0.040576062992126
20
0.9348992519685039
11
-0.0416404724409449
21
0.935340157480315
0
LINE
8
BLACK
6
CONTINUOUS
10
-0.0416404724409449
20
0.935340157480315
11
-0.0424551181102362
21
0.9361548031496063
0
LINE
8
BLACK
6
CONTINUOUS
10
-0.0424551181102362
20
0.9361548031496063
11
-0.0428960236220472
21
0.9372192125984252
0
LINE
8
BLACK
6
CONTINUOUS
10
-0.0428960236220472
20
0.9372192125984252
11
-0.0428960236220472
21
0.9383713385826772
0
LINE
8
BLACK
6
CONTINUOUS
10
-0.0428960236220472
20
0.9383713385826772
11
-0.0424551181102362
21
0.939435748031496
0
LINE
8
BLACK
6
CONTINUOUS
10
-0.0424551181102362
20
0.939435748031496
11
-0.0416404724409449
21
0.9402503937007873
0
LINE
8
BLACK
6
CONTINUOUS
10
-0.0416404724409449
20
0.9402503937007873
11
-0.040576062992126
21
0.9406912992125984
0
LINE
8
BLACK
6
CONTINUOUS
10
-0.040576062992126
20
0.9406912992125984
11
-0.04
21
0.940748031496063
0
LINE
8
BLACK
6
CONTINUOUS
10
-0.04
20
0.940748031496063
11
0.04
21
0.940748031496063
0
LINE
8
BLACK
6
CONTINUOUS
10
0.04
20
0.940748031496063
11
0.040576062992126
21
0.9406912992125984
0
LINE
8
BLACK
6
CONTINUOUS
10
0.3282564566929134
20
1.0223734251968504
11
0.3284467716535433
21
1.0214167322834646
0
LINE
8
BLACK
6
CONTINUOUS
10
0.3284467716535433
20
1.0214167322834646
11
0.3284467716535433
21
0.9845466535433071
0
LINE
8
BLACK
6
CONTINUOUS
10
0.3284467716535433
20
0.9845466535433071
11
0.3446944094488189
21
0.9845466535433071
0
LINE
8
BLACK
6
CONTINUOUS
10
0.3446944094488189
20
0.9845466535433071
11
0.3456511023622047
21
0.9843563385826771
0
LINE
8
BLACK
6
CONTINUOUS
10
0.3456511023622047
20
0.9843563385826771
11
0.347004094488189
21
0.9830033464566929
0
LINE
8
BLACK
6
CONTINUOUS
10
0.347004094488189
20
0.9830033464566929
11
0.347004094488189
21
0.9810899606299213
0
LINE
8
BLACK
6
CONTINUOUS
10
0.347004094488189
20
0.9810899606299213
11
0.3456511023622047
21
0.979736968503937
0
LINE
8
BLACK
6
CONTINUOUS
10
0.3456511023622047
20
0.979736968503937
11
0.3446944094488189
21
0.9795466535433071
0
LINE
8
BLACK
6
CONTINUOUS
10
0.3446944094488189
20
0.9795466535433071
11
0.3259467716535433
21
0.9795466535433071
0
LINE
8
BLACK
6
CONTINUOUS
10
0.3259467716535433
20
0.9795466535433071
11
0.3249900787401575
21
0.979736968503937
0
LINE
8
BLACK
6
CONTINUOUS
10
0.3249900787401575
20
0.979736968503937
11
0.3236370866141732
21
0.9810899606299213
0
LINE
8
BLACK
6
CONTINUOUS
10
0.3236370866141732
20
0.9810899606299213
11
0.3234467716535433
21
0.9820466535433071
0
LINE
8
BLACK
6
CONTINUOUS
10
0.3234467716535433
20
0.9820466535433071
11
0.3234467716535433
21
1.0214167322834646
0
LINE
8
BLACK
6
CONTINUOUS
10
0.3234467716535433
20
1.0214167322834646
11
0.3236370866141732
21
1.0223734251968504
0
LINE
8
BLACK
6
CONTINUOUS
10
0.3236370866141732
20
1.0223734251968504
11
0.3249900787401575
21
1.0237264173228346
0
LINE
8
BLACK
6
CONTINUOUS
10
0.3249900787401575
20
1.0237264173228346
11
0.3269034645669291
21
1.0237264173228346
0
LINE
8
BLACK
6
CONTINUOUS
10
0.3269034645669291
20
1.0237264173228346
11
0.3282564566929134
21
1.0223734251968504
0
LINE
8
BLACK
6
CONTINUOUS
10
0.3845769291338583
20
1.0237264173228346
11
0.3850211811023622
21
1.0237264173228346
0
LINE
8
BLACK
6
CONTINUOUS
10
0.3850211811023622
20
1.0237264173228346
11
0.3854099212598425
21
1.0233376771653544
0
LINE
8
BLACK
6
CONTINUOUS
10
0.3854099212598425
20
1.0233376771653544
11
0.3859081496062992
21
1.0231051574803149
0
LINE
8
BLACK
6
CONTINUOUS
10
0.3859081496062992
20
1.0231051574803149
11
0.3860599606299213
21
1.0226876377952756
0
LINE
8
BLACK
6
CONTINUOUS
10
0.3860599606299213
20
1.0226876377952756
11
0.3863741732283464
21
1.0223734251968504
0
LINE
8
BLACK
6
CONTINUOUS
10
0.3863741732283464
20
1.0223734251968504
11
0.3865644881889764
21
1.0214167322834646
0
LINE
8
BLACK
6
CONTINUOUS
10
0.3865644881889764
20
1.0214167322834646
11
0.3865644881889764
21
0.9820466535433071
0
LINE
8
BLACK
6
CONTINUOUS
10
0.3865644881889764
20
0.9820466535433071
11
0.3863741732283464
21
0.9810899606299213
0
LINE
8
BLACK
6
CONTINUOUS
10
0.3863741732283464
20
0.9810899606299213
11
0.3850211811023622
21
0.979736968503937
0
LINE
8
BLACK
6
CONTINUOUS
10
0.3850211811023622
20
0.979736968503937
11
0.3831077952755905
21
0.979736968503937
0
LINE
8
BLACK
6
CONTINUOUS
10
0.3831077952755905
20
0.979736968503937
11
0.3817548031496063
21
0.9810899606299213
0
LINE
8
BLACK
6
CONTINUOUS
10
0.3817548031496063
20
0.9810899606299213
11
0.3815644881889764
21
0.9820466535433071
0
LINE
8
BLACK
6
CONTINUOUS
10
0.3815644881889764
20
0.9820466535433071
11
0.3815644881889764
21
1.0101478346456694
0
LINE
8
BLACK
6
CONTINUOUS
10
0.3815644881889764
20
1.0101478346456694
11
0.3732066141732283
21
0.9922380708661417
0
LINE
8
BLACK
6
CONTINUOUS
10
0.3732066141732283
20
0.9922380708661417
11
0.3728253937007874
21
0.9917185433070866
0
LINE
8
BLACK
6
CONTINUOUS
10
0.3728253937007874
20
0.9917185433070866
11
0.3727848031496063
21
0.9916068503937008
0
LINE
8
BLACK
6
CONTINUOUS
10
0.3727848031496063
20
0.9916068503937008
11
0.3727219291338583
21
0.9915775196850394
0
LINE
8
BLACK
6
CONTINUOUS
10
0.3727219291338583
20
0.9915775196850394
11
0.3726295669291338
21
0.9914516141732284
0
LINE
8
BLACK
6
CONTINUOUS
10
0.3726295669291338
20
0.9914516141732284
11
0.3718261811023622
21
0.9911595275590551
0
LINE
8
BLACK
6
CONTINUOUS
10
0.3718261811023622
20
0.9911595275590551
11
0.3710509448818898
21
0.9907976771653543
0
LINE
8
BLACK
6
CONTINUOUS
10
0.3710509448818898
20
0.9907976771653543
11
0.370941062992126
21
0.9908376377952756
0
LINE
8
BLACK
6
CONTINUOUS
10
0.370941062992126
20
0.9908376377952756
11
0.3708313385826771
21
0.990797716535433
0
LINE
8
BLACK
6
CONTINUOUS
10
0.3708313385826771
20
0.990797716535433
11
0.3700566535433071
21
0.991159251968504
0
LINE
8
BLACK
6
CONTINUOUS
10
0.3700566535433071
20
0.991159251968504
11
0.3692527165354331
21
0.9914515748031496
0
LINE
8
BLACK
6
CONTINUOUS
10
0.3692527165354331
20
0.9914515748031496
11
0.3691602755905511
21
0.9915775590551181
0
LINE
8
BLACK
6
CONTINUOUS
10
0.3691602755905511
20
0.9915775590551181
11
0.3690974803149606
21
0.9916068503937008
0
LINE
8
BLACK
6
CONTINUOUS
10
0.3690974803149606
20
0.9916068503937008
11
0.3690568503937008
21
0.9917185039370079
0
LINE
8
BLACK
6
CONTINUOUS
10
0.3690568503937008
20
0.9917185039370079
11
0.3686756692913385
21
0.9922380708661417
0
LINE
8
BLACK
6
CONTINUOUS
10
0.3686756692913385
20
0.9922380708661417
11
0.3603177952755905
21
1.0101478346456694
0
LINE
8
BLACK
6
CONTINUOUS
10
0.3603177952755905
20
1.0101478346456694
11
0.3603177952755905
21
0.9820466535433071
0
LINE
8
BLACK
6
CONTINUOUS
10
0.3603177952755905
20
0.9820466535433071
11
0.3601274803149606
21
0.9810899606299213
0
LINE
8
BLACK
6
CONTINUOUS
10
0.3601274803149606
20
0.9810899606299213
11
0.3587744881889764
21
0.979736968503937
0
LINE
8
BLACK
6
CONTINUOUS
10
0.3587744881889764
20
0.979736968503937
11
0.3568611023622047
21
0.979736968503937
0
LINE
8
BLACK
6
CONTINUOUS
10
0.3568611023622047
20
0.979736968503937
11
0.3555081102362205
21
0.9810899606299213
0
LINE
8
BLACK
6
CONTINUOUS
10
0.3555081102362205
20
0.9810899606299213
11
0.3553177952755905
21
0.9820466535433071
0
LINE
8
BLACK
6
CONTINUOUS
10
0.3553177952755905
20
0.9820466535433071
11
0.3553177952755905
21
1.0214167322834646
0
LINE
8
BLACK
6
CONTINUOUS
10
0.3553177952755905
20
1.0214167322834646
11
0.3555081102362205
21
1.0223734251968504
0
LINE
8
BLACK
6
CONTINUOUS
10
0.3555081102362205
20
1.0223734251968504
11
0.3558222834645669
21
1.0226876377952756
0
LINE
8
BLACK
6
CONTINUOUS
10
0.3558222834645669
20
1.0226876377952756
11
0.3559741338582677
21
1.0231051574803149
0
LINE
8
BLACK
6
CONTINUOUS
10
0.3559741338582677
20
1.0231051574803149
11
0.3564723228346456
21
1.0233376771653544
0
LINE
8
BLACK
6
CONTINUOUS
10
0.3564723228346456
20
1.0233376771653544
11
0.3568611023622047
21
1.0237264173228346
0
LINE
8
BLACK
6
CONTINUOUS
10
0.3568611023622047
20
1.0237264173228346
11
0.3573053937007874
21
1.0237264173228346
0
LINE
8
BLACK
6
CONTINUOUS
10
0.3573053937007874
20
1.0237264173228346
11
0.3577079921259843
21
1.0239142913385826
0
LINE
8
BLACK
6
CONTINUOUS
10
0.3577079921259843
20
1.0239142913385826
11
0.3582246456692914
21
1.0237264173228346
0
LINE
8
BLACK
6
CONTINUOUS
10
0.3582246456692914
20
1.0237264173228346
11
0.3587744881889764
21
1.0237264173228346
0
LINE
8
BLACK
6
CONTINUOUS
10
0.3587744881889764
20
1.0237264173228346
11
0.3590886614173228
21
1.0234122440944882
0
LINE
8
BLACK
6
CONTINUOUS
10
0.3590886614173228
20
1.0234122440944882
11
0.359506220472441
21
1.0232603937007874
0
LINE
8
BLACK
6
CONTINUOUS
10
0.359506220472441
20
1.0232603937007874
11
0.3600832677165354
21
1.0224739370078739
0
LINE
8
BLACK
6
CONTINUOUS
10
0.3600832677165354
20
1.0224739370078739
11
0.3709411417322834
21
0.9992070866141732
0
LINE
8
BLACK
6
CONTINUOUS
10
0.3709411417322834
20
0.9992070866141732
11
0.3817990157480315
21
1.0224739370078739
0
LINE
8
BLACK
6
CONTINUOUS
10
0.3817990157480315
20
1.0224739370078739
11
0.382376062992126
21
1.0232604330708661
0
LINE
8
BLACK
6
CONTINUOUS
10
0.382376062992126
20
1.0232604330708661
11
0.3827936614173229
21
1.0234123228346457
0
LINE
8
BLACK
6
CONTINUOUS
10
0.3827936614173229
20
1.0234123228346457
11
0.3831077952755905
21
1.0237264173228346
0
LINE
8
BLACK
6
CONTINUOUS
10
0.3831077952755905
20
1.0237264173228346
11
0.3836575196850394
21
1.0237264173228346
0
LINE
8
BLACK
6
CONTINUOUS
10
0.3836575196850394
20
1.0237264173228346
11
0.3841742913385827
21
1.0239143307086613
0
LINE
8
BLACK
6
CONTINUOUS
10
0.3841742913385827
20
1.0239143307086613
11
0.3845769291338583
21
1.0237264173228346
0
LINE
8
BLACK
6
CONTINUOUS
10
0.4051218503937008
20
1.0223734251968504
11
0.4053121653543307
21
1.0214167322834646
0
LINE
8
BLACK
6
CONTINUOUS
10
0.4053121653543307
20
1.0214167322834646
11
0.4053121653543307
21
1.005169094488189
0
LINE
8
BLACK
6
CONTINUOUS
10
0.4053121653543307
20
1.005169094488189
11
0.4228093307086614
21
1.005169094488189
0
LINE
8
BLACK
6
CONTINUOUS
10
0.4228093307086614
20
1.005169094488189
11
0.4228093307086614
21
1.0214167322834646
0
LINE
8
BLACK
6
CONTINUOUS
10
0.4228093307086614
20
1.0214167322834646
11
0.4229996456692913
21
1.0223734251968504
0
LINE
8
BLACK
6
CONTINUOUS
10
0.4229996456692913
20
1.0223734251968504
11
0.4243526377952756
21
1.0237264173228346
0
LINE
8
BLACK
6
CONTINUOUS
10
0.4243526377952756
20
1.0237264173228346
11
0.4262660236220472
21
1.0237264173228346
0
LINE
8
BLACK
6
CONTINUOUS
10
0.4262660236220472
20
1.0237264173228346
11
0.4276190157480315
21
1.0223734251968504
0
LINE
8
BLACK
6
CONTINUOUS
10
0.4276190157480315
20
1.0223734251968504
11
0.4278093307086614
21
1.0214167322834646
0
LINE
8
BLACK
6
CONTINUOUS
10
0.4278093307086614
20
1.0214167322834646
11
0.4278093307086614
21
0.9820466535433071
0
LINE
8
BLACK
6
CONTINUOUS
10
0.4278093307086614
20
0.9820466535433071
11
0.4276190157480315
21
0.9810899606299213
0
LINE
8
BLACK
6
CONTINUOUS
10
0.4276190157480315
20
0.9810899606299213
11
0.4262660236220472
21
0.979736968503937
0
LINE
8
BLACK
6
CONTINUOUS
10
0.4262660236220472
20
0.979736968503937
11
0.4243526377952756
21
0.979736968503937
0
LINE
8
BLACK
6
CONTINUOUS
10
0.4243526377952756
20
0.979736968503937
11
0.4229996456692913
21
0.9810899606299213
0
LINE
8
BLACK
6
CONTINUOUS
10
0.4229996456692913
20
0.9810899606299213
11
0.4228093307086614
21
0.9820466535433071
0
LINE
8
BLACK
6
CONTINUOUS
10
0.4228093307086614
20
0.9820466535433071
11
0.4228093307086614
21
1.0001690944881889
0
LINE
8
BLACK
6
CONTINUOUS
10
0.4228093307086614
20
1.0001690944881889
11
0.4053121653543307
21
1.0001690944881889
0
LINE
8
BLACK
6
CONTINUOUS
10
0.4053121653543307
20
1.0001690944881889
11
0.4053121653543307
21
0.9820466535433071
0
LINE
8
BLACK
6
CONTINUOUS
10
0.4053121653543307
20
0.9820466535433071
11
0.4051218503937008
21
0.9810899606299213
0
LINE
8
BLACK
6
CONTINUOUS
10
0.4051218503937008
20
0.9810899606299213
11
0.4037688582677165
21
0.979736968503937
0
LINE
8
BLACK
6
CONTINUOUS
10
0.4037688582677165
20
0.979736968503937
11
0.4018554724409449
21
0.979736968503937
0
LINE
8
BLACK
6
CONTINUOUS
10
0.4018554724409449
20
0.979736968503937
11
0.4005024803149606
21
0.9810899606299213
0
LINE
8
BLACK
6
CONTINUOUS
10
0.4005024803149606
20
0.9810899606299213
11
0.4003121653543307
21
0.9820466535433071
0
LINE
8
BLACK
6
CONTINUOUS
10
0.4003121653543307
20
0.9820466535433071
11
0.4003121653543307
21
1.0214167322834646
0
LINE
8
BLACK
6
CONTINUOUS
10
0.4003121653543307
20
1.0214167322834646
11
0.4005024803149606
21
1.0223734251968504
0
LINE
8
BLACK
6
CONTINUOUS
10
0.4005024803149606
20
1.0223734251968504
11
0.4018554724409449
21
1.0237264173228346
0
LINE
8
BLACK
6
CONTINUOUS
10
0.4018554724409449
20
1.0237264173228346
11
0.4037688582677165
21
1.0237264173228346
0
LINE
8
BLACK
6
CONTINUOUS
10
0.4037688582677165
20
1.0237264173228346
11
0.4051218503937008
21
1.0223734251968504
0
LINE
8
BLACK
6
CONTINUOUS
10
-0.0867488582677165
20
1.0331760236220473
11
-0.0863184251968504
21
1.0331217322834645
0
LINE
8
BLACK
6
CONTINUOUS
10
-0.0863184251968504
20
1.0331217322834645
11
-0.0801317322834646
21
1.0310594881889763
0
LINE
8
BLACK
6
CONTINUOUS
10
-0.0801317322834646
20
1.0310594881889763
11
-0.0800139763779528
21
1.0309923622047243
0
LINE
8
BLACK
6
CONTINUOUS
10
-0.0800139763779528
20
1.0309923622047243
11
-0.079951811023622
21
1.0309923622047243
0
LINE
8
BLACK
6
CONTINUOUS
10
-0.079951811023622
20
1.0309923622047243
11
-0.0795907874015748
21
1.0307511417322834
0
LINE
8
BLACK
6
CONTINUOUS
10
-0.0795907874015748
20
1.0307511417322834
11
-0.0792142519685039
21
1.0305364960629921
0
LINE
8
BLACK
6
CONTINUOUS
10
-0.0792142519685039
20
1.0305364960629921
11
-0.0791865354330709
21
1.0304810236220472
0
LINE
8
BLACK
6
CONTINUOUS
10
-0.0791865354330709
20
1.0304810236220472
11
-0.0790737007874016
21
1.0304056299212598
0
LINE
8
BLACK
6
CONTINUOUS
10
-0.0790737007874016
20
1.0304056299212598
11
-0.0770114566929134
21
1.0283433858267716
0
LINE
8
BLACK
6
CONTINUOUS
10
-0.0770114566929134
20
1.0283433858267716
11
-0.0764247244094488
21
1.0274652755905511
0
LINE
8
BLACK
6
CONTINUOUS
10
-0.0764247244094488
20
1.0274652755905511
11
-0.0764247244094488
21
1.0253936220472442
0
LINE
8
BLACK
6
CONTINUOUS
10
-0.0764247244094488
20
1.0253936220472442
11
-0.0778895669291339
21
1.0239287795275591
0
LINE
8
BLACK
6
CONTINUOUS
10
-0.0778895669291339
20
1.0239287795275591
11
-0.0799612204724409
21
1.0239287795275591
0
LINE
8
BLACK
6
CONTINUOUS
10
-0.0799612204724409
20
1.0239287795275591
11
-0.0808393307086614
21
1.0245155118110236
0
LINE
8
BLACK
6
CONTINUOUS
10
-0.0808393307086614
20
1.0245155118110236
11
-0.0824498031496063
21
1.0261259842519685
0
LINE
8
BLACK
6
CONTINUOUS
10
-0.0824498031496063
20
1.0261259842519685
11
-0.0876136220472441
21
1.0278472440944881
0
LINE
8
BLACK
6
CONTINUOUS
10
-0.0876136220472441
20
1.0278472440944881
11
-0.0908596456692913
21
1.0278472440944881
0
LINE
8
BLACK
6
CONTINUOUS
10
-0.0908596456692913
20
1.0278472440944881
11
-0.0960235039370079
21
1.0261259842519685
0
LINE
8
BLACK
6
CONTINUOUS
10
-0.0960235039370079
20
1.0261259842519685
11
-0.0993855905511811
21
1.0227638582677165
0
LINE
8
BLACK
6
CONTINUOUS
10
-0.0993855905511811
20
1.0227638582677165
11
-0.1011185433070866
21
1.0192979527559054
0
LINE
8
BLACK
6
CONTINUOUS
10
-0.1011185433070866
20
1.0192979527559054
11
-0.103027874015748
21
1.0116605905511811
0
LINE
8
BLACK
6
CONTINUOUS
10
-0.103027874015748
20
1.0116605905511811
11
-0.103027874015748
21
1.0061401968503936
0
LINE
8
BLACK
6
CONTINUOUS
10
-0.103027874015748
20
1.0061401968503936
11
-0.1011185433070866
21
0.9985028346456692
0
LINE
8
BLACK
6
CONTINUOUS
10
-0.1011185433070866
20
0.9985028346456692
11
-0.0993855905511811
21
0.9950369291338582
0
LINE
8
BLACK
6
CONTINUOUS
10
-0.0993855905511811
20
0.9950369291338582
11
-0.0960235039370079
21
0.9916748031496063
0
LINE
8
BLACK
6
CONTINUOUS
10
-0.0960235039370079
20
0.9916748031496063
11
-0.0908596456692913
21
0.9899535433070866
0
LINE
8
BLACK
6
CONTINUOUS
10
-0.0908596456692913
20
0.9899535433070866
11
-0.0876135826771653
21
0.9899535433070866
0
LINE
8
BLACK
6
CONTINUOUS
10
-0.0876135826771653
20
0.9899535433070866
11
-0.0824498031496063
21
0.9916748031496063
0
LINE
8
BLACK
6
CONTINUOUS
10
-0.0824498031496063
20
0.9916748031496063
11
-0.0808393307086614
21
0.9932852362204724
0
LINE
8
BLACK
6
CONTINUOUS
10
-0.0808393307086614
20
0.9932852362204724
11
-0.0799612204724409
21
0.993871968503937
0
LINE
8
BLACK
6
CONTINUOUS
10
-0.0799612204724409
20
0.993871968503937
11
-0.0778895669291339
21
0.993871968503937
0
LINE
8
BLACK
6
CONTINUOUS
10
-0.0778895669291339
20
0.993871968503937
11
-0.0764247244094488
21
0.992407125984252
0
LINE
8
BLACK
6
CONTINUOUS
10
-0.0764247244094488
20
0.992407125984252
11
-0.0764247244094488
21
0.9903354724409449
0
LINE
8
BLACK
6
CONTINUOUS
10
-0.0764247244094488
20
0.9903354724409449
11
-0.0770114566929134
21
0.9894573622047244
0
LINE
8
BLACK
6
CONTINUOUS
10
-0.0770114566929134
20
0.9894573622047244
11
-0.0790737007874016
21
0.9873951181102362
0
LINE
8
BLACK
6
CONTINUOUS
10
-0.0790737007874016
20
0.9873951181102362
11
-0.0791865354330709
21
0.9873197637795276
0
LINE
8
BLACK
6
CONTINUOUS
10
-0.0791865354330709
20
0.9873197637795276
11
-0.0792142519685039
21
0.9872642519685039
0
LINE
8
BLACK
6
CONTINUOUS
10
-0.0792142519685039
20
0.9872642519685039
11
-0.0795907874015748
21
0.9870496456692913
0
LINE
8
BLACK
6
CONTINUOUS
10
-0.0795907874015748
20
0.9870496456692913
11
-0.079951811023622
21
0.9868083858267717
0
LINE
8
BLACK
6
CONTINUOUS
10
-0.079951811023622
20
0.9868083858267717
11
-0.0800139763779528
21
0.9868083858267717
0
LINE
8
BLACK
6
CONTINUOUS
10
-0.0800139763779528
20
0.9868083858267717
11
-0.0801317322834646
21
0.9867412598425197
0
LINE
8
BLACK
6
CONTINUOUS
10
-0.0801317322834646
20
0.9867412598425197
11
-0.0863184645669291
21
0.9846790551181103
0
LINE
8
BLACK
6
CONTINUOUS
10
-0.0863184645669291
20
0.9846790551181103
11
-0.0867488188976378
21
0.9846248031496063
0
LINE
8
BLACK
6
CONTINUOUS
10
-0.0867488188976378
20
0.9846248031496063
11
-0.0871743700787402
21
0.984540157480315
0
LINE
8
BLACK
6
CONTINUOUS
10
-0.0871743700787402
20
0.984540157480315
11
-0.0912988582677165
21
0.984540157480315
0
LINE
8
BLACK
6
CONTINUOUS
10
-0.0912988582677165
20
0.984540157480315
11
-0.0917244488188976
21
0.984624842519685
0
LINE
8
BLACK
6
CONTINUOUS
10
-0.0917244488188976
20
0.984624842519685
11
-0.0921547637795276
21
0.9846790551181103
0
LINE
8
BLACK
6
CONTINUOUS
10
-0.0921547637795276
20
0.9846790551181103
11
-0.0983414960629921
21
0.9867412598425197
0
LINE
8
BLACK
6
CONTINUOUS
10
-0.0983414960629921
20
0.9867412598425197
11
-0.0984592519685039
21
0.9868083858267717
0
LINE
8
BLACK
6
CONTINUOUS
10
-0.0984592519685039
20
0.9868083858267717
11
-0.0985214173228346
21
0.9868083858267717
0
LINE
8
BLACK
6
CONTINUOUS
10
-0.0985214173228346
20
0.9868083858267717
11
-0.0988823622047244
21
0.9870495669291338
0
LINE
8
BLACK
6
CONTINUOUS
10
-0.0988823622047244
20
0.9870495669291338
11
-0.0992589763779528
21
0.9872642519685039
0
LINE
8
BLACK
6
CONTINUOUS
10
-0.0992589763779528
20
0.9872642519685039
11
-0.0992867716535433
21
0.9873198031496063
0
LINE
8
BLACK
6
CONTINUOUS
10
-0.0992867716535433
20
0.9873198031496063
11
-0.0993994881889764
21
0.9873951181102362
0
LINE
8
BLACK
6
CONTINUOUS
10
-0.0993994881889764
20
0.9873951181102362
11
-0.1035240157480315
21
0.9915196062992125
0
LINE
8
BLACK
6
CONTINUOUS
10
-0.1035240157480315
20
0.9915196062992125
11
-0.103765157480315
21
0.9918804724409449
0
LINE
8
BLACK
6
CONTINUOUS
10
-0.103765157480315
20
0.9918804724409449
11
-0.1040310236220472
21
0.9922230708661417
0
LINE
8
BLACK
6
CONTINUOUS
10
-0.1040310236220472
20
0.9922230708661417
11
-0.1060932677165354
21
0.9963475590551181
0
LINE
8
BLACK
6
CONTINUOUS
10
-0.1060932677165354
20
0.9963475590551181
11
-0.1061716141732283
21
0.9966335826771653
0
LINE
8
BLACK
6
CONTINUOUS
10
-0.1061716141732283
20
0.9966335826771653
11
-0.106298188976378
21
0.9969015748031496
0
LINE
8
BLACK
6
CONTINUOUS
10
-0.106298188976378
20
0.9969015748031496
11
-0.1083604330708661
21
1.0051505511811023
0
LINE
8
BLACK
6
CONTINUOUS
10
-0.1083604330708661
20
1.0051505511811023
11
-0.1083765748031496
21
1.0054816929133858
0
LINE
8
BLACK
6
CONTINUOUS
10
-0.1083765748031496
20
1.0054816929133858
11
-0.1084412598425197
21
1.0058070078740158
0
LINE
8
BLACK
6
CONTINUOUS
10
-0.1084412598425197
20
1.0058070078740158
11
-0.1084412598425197
21
1.0119937401574803
0
LINE
8
BLACK
6
CONTINUOUS
10
-0.1084412598425197
20
1.0119937401574803
11
-0.1083765748031496
21
1.012319094488189
0
LINE
8
BLACK
6
CONTINUOUS
10
-0.1083765748031496
20
1.012319094488189
11
-0.1083604330708661
21
1.0126501968503936
0
LINE
8
BLACK
6
CONTINUOUS
10
-0.1083604330708661
20
1.0126501968503936
11
-0.106298188976378
21
1.0208991732283463
0
LINE
8
BLACK
6
CONTINUOUS
10
-0.106298188976378
20
1.0208991732283463
11
-0.1061716141732283
21
1.0211672047244094
0
LINE
8
BLACK
6
CONTINUOUS
10
-0.1061716141732283
20
1.0211672047244094
11
-0.1060932677165354
21
1.0214531889763778
0
LINE
8
BLACK
6
CONTINUOUS
10
-0.1060932677165354
20
1.0214531889763778
11
-0.1040310236220472
21
1.0255776771653544
0
LINE
8
BLACK
6
CONTINUOUS
10
-0.1040310236220472
20
1.0255776771653544
11
-0.103765157480315
21
1.02592031496063
0
LINE
8
BLACK
6
CONTINUOUS
10
-0.103765157480315
20
1.02592031496063
11
-0.1035240157480315
21
1.0262811417322835
0
LINE
8
BLACK
6
CONTINUOUS
10
-0.1035240157480315
20
1.0262811417322835
11
-0.0993994881889764
21
1.0304056299212598
0
LINE
8
BLACK
6
CONTINUOUS
10
-0.0993994881889764
20
1.0304056299212598
11
-0.0992868110236221
21
1.0304809448818897
0
LINE
8
BLACK
6
CONTINUOUS
10
-0.0992868110236221
20
1.0304809448818897
11
-0.0992590157480315
21
1.0305364960629921
0
LINE
8
BLACK
6
CONTINUOUS
10
-0.0992590157480315
20
1.0305364960629921
11
-0.098882125984252
21
1.0307513385826772
0
LINE
8
BLACK
6
CONTINUOUS
10
-0.098882125984252
20
1.0307513385826772
11
-0.0985214173228346
21
1.0309923622047243
0
LINE
8
BLACK
6
CONTINUOUS
10
-0.0985214173228346
20
1.0309923622047243
11
-0.0984592913385827
21
1.0309923622047243
0
LINE
8
BLACK
6
CONTINUOUS
10
-0.0984592913385827
20
1.0309923622047243
11
-0.0983415354330709
21
1.0310594881889763
0
LINE
8
BLACK
6
CONTINUOUS
10
-0.0983415354330709
20
1.0310594881889763
11
-0.0921548031496063
21
1.0331217322834645
0
LINE
8
BLACK
6
CONTINUOUS
10
-0.0921548031496063
20
1.0331217322834645
11
-0.0917244094488189
21
1.0331760236220473
0
LINE
8
BLACK
6
CONTINUOUS
10
-0.0917244094488189
20
1.0331760236220473
11
-0.0912988582677165
21
1.0332606299212599
0
LINE
8
BLACK
6
CONTINUOUS
10
-0.0912988582677165
20
1.0332606299212599
11
-0.0871743700787402
21
1.0332606299212599
0
LINE
8
BLACK
6
CONTINUOUS
10
-0.0871743700787402
20
1.0332606299212599
11
-0.0867488582677165
21
1.0331760236220473
0
LINE
8
BLACK
6
CONTINUOUS
10
-0.0437343307086614
20
1.0332342125984251
11
-0.0436753937007874
21
1.0332538188976377
0
LINE
8
BLACK
6
CONTINUOUS
10
-0.0436753937007874
20
1.0332538188976377
11
-0.0432570078740157
21
1.0331392519685039
0
LINE
8
BLACK
6
CONTINUOUS
10
-0.0432570078740157
20
1.0331392519685039
11
-0.0428314960629921
21
1.0330546062992125
0
LINE
8
BLACK
6
CONTINUOUS
10
-0.0428314960629921
20
1.0330546062992125
11
-0.0427875984251968
21
1.0330107086614173
0
LINE
8
BLACK
6
CONTINUOUS
10
-0.0427875984251968
20
1.0330107086614173
11
-0.042656811023622
21
1.0329748818897637
0
LINE
8
BLACK
6
CONTINUOUS
10
-0.042656811023622
20
1.0329748818897637
11
-0.0385323228346457
21
1.0309126377952755
0
LINE
8
BLACK
6
CONTINUOUS
10
-0.0385323228346457
20
1.0309126377952755
11
-0.0381897244094488
21
1.0306467716535432
0
LINE
8
BLACK
6
CONTINUOUS
10
-0.0381897244094488
20
1.0306467716535432
11
-0.0378288582677165
21
1.0304056299212598
0
LINE
8
BLACK
6
CONTINUOUS
10
-0.0378288582677165
20
1.0304056299212598
11
-0.0337043700787402
21
1.0262811023622047
0
LINE
8
BLACK
6
CONTINUOUS
10
-0.0337043700787402
20
1.0262811023622047
11
-0.0335415354330709
21
1.0260374015748031
0
LINE
8
BLACK
6
CONTINUOUS
10
-0.0335415354330709
20
1.0260374015748031
11
-0.0334435039370079
21
1.0259785826771652
0
LINE
8
BLACK
6
CONTINUOUS
10
-0.0334435039370079
20
1.0259785826771652
11
-0.0333018897637795
21
1.025678779527559
0
LINE
8
BLACK
6
CONTINUOUS
10
-0.0333018897637795
20
1.025678779527559
11
-0.0331176377952756
21
1.0254030314960629
0
LINE
8
BLACK
6
CONTINUOUS
10
-0.0331176377952756
20
1.0254030314960629
11
-0.0331176377952756
21
1.0252887401574804
0
LINE
8
BLACK
6
CONTINUOUS
10
-0.0331176377952756
20
1.0252887401574804
11
-0.0329924409448819
21
1.0250236614173227
0
LINE
8
BLACK
6
CONTINUOUS
10
-0.0329924409448819
20
1.0250236614173227
11
-0.0309301968503937
21
1.0167747244094487
0
LINE
8
BLACK
6
CONTINUOUS
10
-0.0309301968503937
20
1.0167747244094487
11
-0.030914094488189
21
1.0164435826771654
0
LINE
8
BLACK
6
CONTINUOUS
10
-0.030914094488189
20
1.0164435826771654
11
-0.0308493700787402
21
1.0161182283464567
0
LINE
8
BLACK
6
CONTINUOUS
10
-0.0308493700787402
20
1.0161182283464567
11
-0.0308493700787402
21
1.0016825196850394
0
LINE
8
BLACK
6
CONTINUOUS
10
-0.0308493700787402
20
1.0016825196850394
11
-0.030914094488189
21
1.0013572047244095
0
LINE
8
BLACK
6
CONTINUOUS
10
-0.030914094488189
20
1.0013572047244095
11
-0.0309301968503937
21
1.0010260236220472
0
LINE
8
BLACK
6
CONTINUOUS
10
-0.0309301968503937
20
1.0010260236220472
11
-0.0329924409448819
21
0.9927770866141732
0
LINE
8
BLACK
6
CONTINUOUS
10
-0.0329924409448819
20
0.9927770866141732
11
-0.0331176377952756
21
0.9925120472440945
0
LINE
8
BLACK
6
CONTINUOUS
10
-0.0331176377952756
20
0.9925120472440945
11
-0.0331176377952756
21
0.9923977165354331
0
LINE
8
BLACK
6
CONTINUOUS
10
-0.0331176377952756
20
0.9923977165354331
11
-0.0333018897637795
21
0.9921220078740157
0
LINE
8
BLACK
6
CONTINUOUS
10
-0.0333018897637795
20
0.9921220078740157
11
-0.0334435039370079
21
0.9918221653543307
0
LINE
8
BLACK
6
CONTINUOUS
10
-0.0334435039370079
20
0.9918221653543307
11
-0.0335415354330709
21
0.9917633858267716
0
LINE
8
BLACK
6
CONTINUOUS
10
-0.0335415354330709
20
0.9917633858267716
11
-0.0337043700787402
21
0.9915196456692913
0
LINE
8
BLACK
6
CONTINUOUS
10
-0.0337043700787402
20
0.9915196456692913
11
-0.0378288582677165
21
0.9873951181102362
0
LINE
8
BLACK
6
CONTINUOUS
10
-0.0378288582677165
20
0.9873951181102362
11
-0.0381899212598425
21
0.9871538976377953
0
LINE
8
BLACK
6
CONTINUOUS
10
-0.0381899212598425
20
0.9871538976377953
11
-0.0385323622047244
21
0.9868881102362205
0
LINE
8
BLACK
6
CONTINUOUS
10
-0.0385323622047244
20
0.9868881102362205
11
-0.0426568503937008
21
0.984825905511811
0
LINE
8
BLACK
6
CONTINUOUS
10
-0.0426568503937008
20
0.984825905511811
11
-0.0427875984251968
21
0.9847901181102362
0
LINE
8
BLACK
6
CONTINUOUS
10
-0.0427875984251968
20
0.9847901181102362
11
-0.0428314960629921
21
0.9847461811023622
0
LINE
8
BLACK
6
CONTINUOUS
10
-0.0428314960629921
20
0.9847461811023622
11
-0.0432570472440945
21
0.9846615748031495
0
LINE
8
BLACK
6
CONTINUOUS
10
-0.0432570472440945
20
0.9846615748031495
11
-0.0436753937007874
21
0.984546968503937
0
LINE
8
BLACK
6
CONTINUOUS
10
-0.0436753937007874
20
0.984546968503937
11
-0.0437343307086614
21
0.9845666141732283
0
LINE
8
BLACK
6
CONTINUOUS
10
-0.0437343307086614
20
0.9845666141732283
11
-0.0438672834645669
21
0.984540157480315
0
LINE
8
BLACK
6
CONTINUOUS
10
-0.0438672834645669
20
0.984540157480315
11
-0.0521162598425197
21
0.984540157480315
0
LINE
8
BLACK
6
CONTINUOUS
10
-0.0521162598425197
20
0.984540157480315
11
-0.0522492519685039
21
0.9845666141732283
0
LINE
8
BLACK
6
CONTINUOUS
10
-0.0522492519685039
20
0.9845666141732283
11
-0.0523081496062992
21
0.984546968503937
0
LINE
8
BLACK
6
CONTINUOUS
10
-0.0523081496062992
20
0.984546968503937
11
-0.0527265354330709
21
0.9846615748031495
0
LINE
8
BLACK
6
CONTINUOUS
10
-0.0527265354330709
20
0.9846615748031495
11
-0.0531520472440945
21
0.9847461811023622
0
LINE
8
BLACK
6
CONTINUOUS
10
-0.0531520472440945
20
0.9847461811023622
11
-0.0531959842519685
21
0.9847901181102362
0
LINE
8
BLACK
6
CONTINUOUS
10
-0.0531959842519685
20
0.9847901181102362
11
-0.0533266929133858
21
0.984825905511811
0
LINE
8
BLACK
6
CONTINUOUS
10
-0.0533266929133858
20
0.984825905511811
11
-0.0574511811023622
21
0.9868881102362205
0
LINE
8
BLACK
6
CONTINUOUS
10
-0.0574511811023622
20
0.9868881102362205
11
-0.0577938188976378
21
0.9871540157480315
0
LINE
8
BLACK
6
CONTINUOUS
10
-0.0577938188976378
20
0.9871540157480315
11
-0.0581546456692913
21
0.9873951181102362
0
LINE
8
BLACK
6
CONTINUOUS
10
-0.0581546456692913
20
0.9873951181102362
11
-0.0622791732283465
21
0.9915196062992125
0
LINE
8
BLACK
6
CONTINUOUS
10
-0.0622791732283465
20
0.9915196062992125
11
-0.062442125984252
21
0.9917634645669291
0
LINE
8
BLACK
6
CONTINUOUS
10
-0.062442125984252
20
0.9917634645669291
11
-0.0625400393700787
21
0.9918222047244094
0
LINE
8
BLACK
6
CONTINUOUS
10
-0.0625400393700787
20
0.9918222047244094
11
-0.0626816141732283
21
0.9921218897637795
0
LINE
8
BLACK
6
CONTINUOUS
10
-0.0626816141732283
20
0.9921218897637795
11
-0.062865905511811
21
0.9923977165354331
0
LINE
8
BLACK
6
CONTINUOUS
10
-0.062865905511811
20
0.9923977165354331
11
-0.062865905511811
21
0.9925120866141732
0
LINE
8
BLACK
6
CONTINUOUS
10
-0.062865905511811
20
0.9925120866141732
11
-0.0629911023622047
21
0.9927770866141732
0
LINE
8
BLACK
6
CONTINUOUS
10
-0.0629911023622047
20
0.9927770866141732
11
-0.0650533464566929
21
1.0010260629921259
0
LINE
8
BLACK
6
CONTINUOUS
10
-0.0650533464566929
20
1.0010260629921259
11
-0.0650694881889764
21
1.0013572047244095
0
LINE
8
BLACK
6
CONTINUOUS
10
-0.0650694881889764
20
1.0013572047244095
11
-0.0651341732283465
21
1.0016825196850394
0
LINE
8
BLACK
6
CONTINUOUS
10
-0.0651341732283465
20
1.0016825196850394
11
-0.0651341732283465
21
1.0161182283464567
0
LINE
8
BLACK
6
CONTINUOUS
10
-0.0651341732283465
20
1.0161182283464567
11
-0.0650694881889764
21
1.0164435826771654
0
LINE
8
BLACK
6
CONTINUOUS
10
-0.0650694881889764
20
1.0164435826771654
11
-0.0650533464566929
21
1.01677468503937
0
LINE
8
BLACK
6
CONTINUOUS
10
-0.0650533464566929
20
1.01677468503937
11
-0.0629911023622047
21
1.0250236614173227
0
LINE
8
BLACK
6
CONTINUOUS
10
-0.0629911023622047
20
1.0250236614173227
11
-0.062865905511811
21
1.0252887007874016
0
LINE
8
BLACK
6
CONTINUOUS
10
-0.062865905511811
20
1.0252887007874016
11
-0.062865905511811
21
1.0254030314960629
0
LINE
8
BLACK
6
CONTINUOUS
10
-0.062865905511811
20
1.0254030314960629
11
-0.0626816141732283
21
1.0256788976377953
0
LINE
8
BLACK
6
CONTINUOUS
10
-0.0626816141732283
20
1.0256788976377953
11
-0.0625400393700787
21
1.0259785433070865
0
LINE
8
BLACK
6
CONTINUOUS
10
-0.0625400393700787
20
1.0259785433070865
11
-0.062442125984252
21
1.0260373228346455
0
LINE
8
BLACK
6
CONTINUOUS
10
-0.062442125984252
20
1.0260373228346455
11
-0.0622791732283465
21
1.0262811417322835
0
LINE
8
BLACK
6
CONTINUOUS
10
-0.0622791732283465
20
1.0262811417322835
11
-0.0581546456692913
21
1.0304056299212598
0
LINE
8
BLACK
6
CONTINUOUS
10
-0.0581546456692913
20
1.0304056299212598
11
-0.0577939763779528
21
1.030646653543307
0
LINE
8
BLACK
6
CONTINUOUS
10
-0.0577939763779528
20
1.030646653543307
11
-0.0574512204724409
21
1.0309126377952755
0
LINE
8
BLACK
6
CONTINUOUS
10
-0.0574512204724409
20
1.0309126377952755
11
-0.0533267322834646
21
1.0329748818897637
0
LINE
8
BLACK
6
CONTINUOUS
10
-0.0533267322834646
20
1.0329748818897637
11
-0.0531959842519685
21
1.0330107086614173
0
LINE
8
BLACK
6
CONTINUOUS
10
-0.0531959842519685
20
1.0330107086614173
11
-0.0531520472440945
21
1.0330546062992125
0
LINE
8
BLACK
6
CONTINUOUS
10
-0.0531520472440945
20
1.0330546062992125
11
-0.0527266535433071
21
1.0331392519685039
0
LINE
8
BLACK
6
CONTINUOUS
10
-0.0527266535433071
20
1.0331392519685039
11
-0.0523081889763779
21
1.0332538188976377
0
LINE
8
BLACK
6
CONTINUOUS
10
-0.0523081889763779
20
1.0332538188976377
11
-0.0522492913385827
21
1.0332342125984251
0
LINE
8
BLACK
6
CONTINUOUS
10
-0.0522492913385827
20
1.0332342125984251
11
-0.0521162598425197
21
1.0332606299212599
0
LINE
8
BLACK
6
CONTINUOUS
10
-0.0521162598425197
20
1.0332606299212599
11
-0.0438672834645669
21
1.0332606299212599
0
LINE
8
BLACK
6
CONTINUOUS
10
-0.0438672834645669
20
1.0332606299212599
11
-0.0437343307086614
21
1.0332342125984251
0
LINE
8
BLACK
6
CONTINUOUS
10
-0.0546374409448819
20
1.0262672047244095
11
-0.0579212204724409
21
1.0229833858267716
0
LINE
8
BLACK
6
CONTINUOUS
10
-0.0579212204724409
20
1.0229833858267716
11
-0.0597207874015748
21
1.0157850787401574
0
LINE
8
BLACK
6
CONTINUOUS
10
-0.0597207874015748
20
1.0157850787401574
11
-0.0597207874015748
21
1.0020157086614172
0
LINE
8
BLACK
6
CONTINUOUS
10
-0.0597207874015748
20
1.0020157086614172
11
-0.0579212204724409
21
0.9948174015748031
0
LINE
8
BLACK
6
CONTINUOUS
10
-0.0579212204724409
20
0.9948174015748031
11
-0.0546374409448819
21
0.9915335826771653
0
LINE
8
BLACK
6
CONTINUOUS
10
-0.0546374409448819
20
0.9915335826771653
11
-0.0514773228346457
21
0.9899535433070866
0
LINE
8
BLACK
6
CONTINUOUS
10
-0.0514773228346457
20
0.9899535433070866
11
-0.0445062204724409
21
0.9899535433070866
0
LINE
8
BLACK
6
CONTINUOUS
10
-0.0445062204724409
20
0.9899535433070866
11
-0.0413462204724409
21
0.9915335433070865
0
LINE
8
BLACK
6
CONTINUOUS
10
-0.0413462204724409
20
0.9915335433070865
11
-0.0380623622047244
21
0.9948173622047244
0
LINE
8
BLACK
6
CONTINUOUS
10
-0.0380623622047244
20
0.9948173622047244
11
-0.0362627559055118
21
1.0020156692913385
0
LINE
8
BLACK
6
CONTINUOUS
10
-0.0362627559055118
20
1.0020156692913385
11
-0.0362627559055118
21
1.0157850787401574
0
LINE
8
BLACK
6
CONTINUOUS
10
-0.0362627559055118
20
1.0157850787401574
11
-0.0380623622047244
21
1.0229834251968504
0
LINE
8
BLACK
6
CONTINUOUS
10
-0.0380623622047244
20
1.0229834251968504
11
-0.0413461811023622
21
1.0262672047244095
0
LINE
8
BLACK
6
CONTINUOUS
10
-0.0413461811023622
20
1.0262672047244095
11
-0.0445062598425197
21
1.0278472440944881
0
LINE
8
BLACK
6
CONTINUOUS
10
-0.0445062598425197
20
1.0278472440944881
11
-0.0514772834645669
21
1.0278472440944881
0
LINE
8
BLACK
6
CONTINUOUS
10
-0.0514772834645669
20
1.0278472440944881
11
-0.0546374409448819
21
1.0262672047244095
0
LINE
8
BLACK
6
CONTINUOUS
10
0.0903114173228346
20
1.0332342125984251
11
0.0903703543307087
21
1.0332538188976377
0
LINE
8
BLACK
6
CONTINUOUS
10
0.0903703543307087
20
1.0332538188976377
11
0.0907887401574803
21
1.0331392519685039
0
LINE
8
BLACK
6
CONTINUOUS
10
0.0907887401574803
20
1.0331392519685039
11
0.0912142519685039
21
1.0330546062992125
0
LINE
8
BLACK
6
CONTINUOUS
10
0.0912142519685039
20
1.0330546062992125
11
0.0912581496062992
21
1.0330107086614173
0
LINE
8
BLACK
6
CONTINUOUS
10
0.0912581496062992
20
1.0330107086614173
11
0.091388937007874
21
1.0329748818897637
0
LINE
8
BLACK
6
CONTINUOUS
10
0.091388937007874
20
1.0329748818897637
11
0.0955134251968504
21
1.0309126377952755
0
LINE
8
BLACK
6
CONTINUOUS
10
0.0955134251968504
20
1.0309126377952755
11
0.0958560236220472
21
1.0306467716535432
0
LINE
8
BLACK
6
CONTINUOUS
10
0.0958560236220472
20
1.0306467716535432
11
0.0962168897637795
21
1.0304056299212598
0
LINE
8
BLACK
6
CONTINUOUS
10
0.0962168897637795
20
1.0304056299212598
11
0.0982791338582677
21
1.0283433858267716
0
LINE
8
BLACK
6
CONTINUOUS
10
0.0982791338582677
20
1.0283433858267716
11
0.0985202362204724
21
1.0279825590551182
0
LINE
8
BLACK
6
CONTINUOUS
10
0.0985202362204724
20
1.0279825590551182
11
0.0987861417322835
21
1.0276399212598426
0
LINE
8
BLACK
6
CONTINUOUS
10
0.0987861417322835
20
1.0276399212598426
11
0.1008483858267716
21
1.023515433070866
0
LINE
8
BLACK
6
CONTINUOUS
10
0.1008483858267716
20
1.023515433070866
11
0.1009266929133858
21
1.0232294488188975
0
LINE
8
BLACK
6
CONTINUOUS
10
0.1009266929133858
20
1.0232294488188975
11
0.1010533070866142
21
1.0229614173228345
0
LINE
8
BLACK
6
CONTINUOUS
10
0.1010533070866142
20
1.0229614173228345
11
0.1031155511811024
21
1.0147124803149605
0
LINE
8
BLACK
6
CONTINUOUS
10
0.1031155511811024
20
1.0147124803149605
11
0.1031316535433071
21
1.0143813385826772
0
LINE
8
BLACK
6
CONTINUOUS
10
0.1031316535433071
20
1.0143813385826772
11
0.1031963779527559
21
1.0140559842519685
0
LINE
8
BLACK
6
CONTINUOUS
10
0.1031963779527559
20
1.0140559842519685
11
0.1031963779527559
21
1.0037447637795276
0
LINE
8
BLACK
6
CONTINUOUS
10
0.1031963779527559
20
1.0037447637795276
11
0.1031316535433071
21
1.0034194488188977
0
LINE
8
BLACK
6
CONTINUOUS
10
0.1031316535433071
20
1.0034194488188977
11
0.1031155511811024
21
1.0030882677165354
0
LINE
8
BLACK
6
CONTINUOUS
10
0.1031155511811024
20
1.0030882677165354
11
0.1010533070866142
21
0.9948393307086614
0
LINE
8
BLACK
6
CONTINUOUS
10
0.1010533070866142
20
0.9948393307086614
11
0.1009266929133858
21
0.9945713385826771
0
LINE
8
BLACK
6
CONTINUOUS
10
0.1009266929133858
20
0.9945713385826771
11
0.1008483858267716
21
0.9942853149606299
0
LINE
8
BLACK
6
CONTINUOUS
10
0.1008483858267716
20
0.9942853149606299
11
0.0987861417322835
21
0.9901608267716535
0
LINE
8
BLACK
6
CONTINUOUS
10
0.0987861417322835
20
0.9901608267716535
11
0.0985202362204724
21
0.9898182283464567
0
LINE
8
BLACK
6
CONTINUOUS
10
0.0985202362204724
20
0.9898182283464567
11
0.0982791338582677
21
0.9894573622047244
0
LINE
8
BLACK
6
CONTINUOUS
10
0.0982791338582677
20
0.9894573622047244
11
0.0962168897637795
21
0.9873951181102362
0
LINE
8
BLACK
6
CONTINUOUS
10
0.0962168897637795
20
0.9873951181102362
11
0.0958558267716535
21
0.9871538976377953
0
LINE
8
BLACK
6
CONTINUOUS
10
0.0958558267716535
20
0.9871538976377953
11
0.0955133858267717
21
0.9868881102362205
0
LINE
8
BLACK
6
CONTINUOUS
10
0.0955133858267717
20
0.9868881102362205
11
0.0913888976377953
21
0.984825905511811
0
LINE
8
BLACK
6
CONTINUOUS
10
0.0913888976377953
20
0.984825905511811
11
0.0912581496062992
21
0.9847901181102362
0
LINE
8
BLACK
6
CONTINUOUS
10
0.0912581496062992
20
0.9847901181102362
11
0.0912142519685039
21
0.9847461811023622
0
LINE
8
BLACK
6
CONTINUOUS
10
0.0912142519685039
20
0.9847461811023622
11
0.0907887007874016
21
0.9846615748031495
0
LINE
8
BLACK
6
CONTINUOUS
10
0.0907887007874016
20
0.9846615748031495
11
0.0903703543307087
21
0.984546968503937
0
LINE
8
BLACK
6
CONTINUOUS
10
0.0903703543307087
20
0.984546968503937
11
0.0903114173228346
21
0.9845666141732283
0
LINE
8
BLACK
6
CONTINUOUS
10
0.0903114173228346
20
0.9845666141732283
11
0.0901784645669291
21
0.984540157480315
0
LINE
8
BLACK
6
CONTINUOUS
10
0.0901784645669291
20
0.984540157480315
11
0.0860539763779528
21
0.984540157480315
0
LINE
8
BLACK
6
CONTINUOUS
10
0.0860539763779528
20
0.984540157480315
11
0.0859209842519685
21
0.9845666141732283
0
LINE
8
BLACK
6
CONTINUOUS
10
0.0859209842519685
20
0.9845666141732283
11
0.0858620866141732
21
0.984546968503937
0
LINE
8
BLACK
6
CONTINUOUS
10
0.0858620866141732
20
0.984546968503937
11
0.0854437007874016
21
0.9846615748031495
0
LINE
8
BLACK
6
CONTINUOUS
10
0.0854437007874016
20
0.9846615748031495
11
0.0850181889763779
21
0.9847461811023622
0
LINE
8
BLACK
6
CONTINUOUS
10
0.0850181889763779
20
0.9847461811023622
11
0.0849742519685039
21
0.9847901181102362
0
LINE
8
BLACK
6
CONTINUOUS
10
0.0849742519685039
20
0.9847901181102362
11
0.0848435433070866
21
0.984825905511811
0
LINE
8
BLACK
6
CONTINUOUS
10
0.0848435433070866
20
0.984825905511811
11
0.0807190551181102
21
0.9868881102362205
0
LINE
8
BLACK
6
CONTINUOUS
10
0.0807190551181102
20
0.9868881102362205
11
0.0803765748031496
21
0.9871538976377953
0
LINE
8
BLACK
6
CONTINUOUS
10
0.0803765748031496
20
0.9871538976377953
11
0.0800155511811024
21
0.9873951181102362
0
LINE
8
BLACK
6
CONTINUOUS
10
0.0800155511811024
20
0.9873951181102362
11
0.0779533070866142
21
0.9894573622047244
0
LINE
8
BLACK
6
CONTINUOUS
10
0.0779533070866142
20
0.9894573622047244
11
0.0777121653543307
21
0.9898182283464567
0
LINE
8
BLACK
6
CONTINUOUS
10
0.0777121653543307
20
0.9898182283464567
11
0.0774462992125984
21
0.9901608267716535
0
LINE
8
BLACK
6
CONTINUOUS
10
0.0774462992125984
20
0.9901608267716535
11
0.0753840551181102
21
0.9942853149606299
0
LINE
8
BLACK
6
CONTINUOUS
10
0.0753840551181102
20
0.9942853149606299
11
0.0753057086614173
21
0.9945713385826771
0
LINE
8
BLACK
6
CONTINUOUS
10
0.0753057086614173
20
0.9945713385826771
11
0.0751791338582677
21
0.9948393307086614
0
LINE
8
BLACK
6
CONTINUOUS
10
0.0751791338582677
20
0.9948393307086614
11
0.0731168897637795
21
1.0030883070866141
0
LINE
8
BLACK
6
CONTINUOUS
10
0.0731168897637795
20
1.0030883070866141
11
0.0731007480314961
21
1.0034194488188977
0
LINE
8
BLACK
6
CONTINUOUS
10
0.0731007480314961
20
1.0034194488188977
11
0.073036062992126
21
1.0037447637795276
0
LINE
8
BLACK
6
CONTINUOUS
10
0.073036062992126
20
1.0037447637795276
11
0.073036062992126
21
1.0140559842519685
0
LINE
8
BLACK
6
CONTINUOUS
10
0.073036062992126
20
1.0140559842519685
11
0.0731007480314961
21
1.0143813385826772
0
LINE
8
BLACK
6
CONTINUOUS
10
0.0731007480314961
20
1.0143813385826772
11
0.0731168897637795
21
1.0147124409448818
0
LINE
8
BLACK
6
CONTINUOUS
10
0.0731168897637795
20
1.0147124409448818
11
0.0751791338582677
21
1.0229614173228345
0
LINE
8
BLACK
6
CONTINUOUS
10
0.0751791338582677
20
1.0229614173228345
11
0.0753057086614173
21
1.0232294488188975
0
LINE
8
BLACK
6
CONTINUOUS
10
0.0753057086614173
20
1.0232294488188975
11
0.0753840551181102
21
1.023515433070866
0
LINE
8
BLACK
6
CONTINUOUS
10
0.0753840551181102
20
1.023515433070866
11
0.0774462992125984
21
1.0276399212598426
0
LINE
8
BLACK
6
CONTINUOUS
10
0.0774462992125984
20
1.0276399212598426
11
0.0777121653543307
21
1.0279825590551182
0
LINE
8
BLACK
6
CONTINUOUS
10
0.0777121653543307
20
1.0279825590551182
11
0.0779533070866142
21
1.0283433858267716
0
LINE
8
BLACK
6
CONTINUOUS
10
0.0779533070866142
20
1.0283433858267716
11
0.0800155511811024
21
1.0304056299212598
0
LINE
8
BLACK
6
CONTINUOUS
10
0.0800155511811024
20
1.0304056299212598
11
0.0803763779527559
21
1.0306467716535432
0
LINE
8
BLACK
6
CONTINUOUS
10
0.0803763779527559
20
1.0306467716535432
11
0.0807190157480315
21
1.0309126377952755
0
LINE
8
BLACK
6
CONTINUOUS
10
0.0807190157480315
20
1.0309126377952755
11
0.0848435039370079
21
1.0329748818897637
0
LINE
8
BLACK
6
CONTINUOUS
10
0.0848435039370079
20
1.0329748818897637
11
0.0849742519685039
21
1.0330107086614173
0
LINE
8
BLACK
6
CONTINUOUS
10
0.0849742519685039
20
1.0330107086614173
11
0.0850181889763779
21
1.0330546062992125
0
LINE
8
BLACK
6
CONTINUOUS
10
0.0850181889763779
20
1.0330546062992125
11
0.0854435826771654
21
1.0331392519685039
0
LINE
8
BLACK
6
CONTINUOUS
10
0.0854435826771654
20
1.0331392519685039
11
0.0858620472440945
21
1.0332538188976377
0
LINE
8
BLACK
6
CONTINUOUS
10
0.0858620472440945
20
1.0332538188976377
11
0.0859209448818898
21
1.0332342125984251
0
LINE
8
BLACK
6
CONTINUOUS
10
0.0859209448818898
20
1.0332342125984251
11
0.0860539763779528
21
1.0332606299212599
0
LINE
8
BLACK
6
CONTINUOUS
10
0.0860539763779528
20
1.0332606299212599
11
0.0901784645669291
21
1.0332606299212599
0
LINE
8
BLACK
6
CONTINUOUS
10
0.0901784645669291
20
1.0332606299212599
11
0.0903114173228346
21
1.0332342125984251
0
LINE
8
BLACK
6
CONTINUOUS
10
0.083532874015748
20
1.0262672047244095
11
0.0820917322834646
21
1.024826062992126
0
LINE
8
BLACK
6
CONTINUOUS
10
0.0820917322834646
20
1.024826062992126
11
0.0803587795275591
21
1.0213601968503936
0
LINE
8
BLACK
6
CONTINUOUS
10
0.0803587795275591
20
1.0213601968503936
11
0.0784494488188976
21
1.0137228346456693
0
LINE
8
BLACK
6
CONTINUOUS
10
0.0784494488188976
20
1.0137228346456693
11
0.0784494488188976
21
1.0040779527559054
0
LINE
8
BLACK
6
CONTINUOUS
10
0.0784494488188976
20
1.0040779527559054
11
0.0803587795275591
21
0.9964405905511811
0
LINE
8
BLACK
6
CONTINUOUS
10
0.0803587795275591
20
0.9964405905511811
11
0.0820917322834646
21
0.99297468503937
0
LINE
8
BLACK
6
CONTINUOUS
10
0.0820917322834646
20
0.99297468503937
11
0.083532874015748
21
0.9915335433070865
0
LINE
8
BLACK
6
CONTINUOUS
10
0.083532874015748
20
0.9915335433070865
11
0.0866929133858268
21
0.9899535433070866
0
LINE
8
BLACK
6
CONTINUOUS
10
0.0866929133858268
20
0.9899535433070866
11
0.0895395275590551
21
0.9899535433070866
0
LINE
8
BLACK
6
CONTINUOUS
10
0.0895395275590551
20
0.9899535433070866
11
0.0926995275590551
21
0.9915335433070865
0
LINE
8
BLACK
6
CONTINUOUS
10
0.0926995275590551
20
0.9915335433070865
11
0.0941407086614173
21
0.99297468503937
0
LINE
8
BLACK
6
CONTINUOUS
10
0.0941407086614173
20
0.99297468503937
11
0.0958736614173228
21
0.9964405905511811
0
LINE
8
BLACK
6
CONTINUOUS
10
0.0958736614173228
20
0.9964405905511811
11
0.0977829921259842
21
1.0040779133858269
0
LINE
8
BLACK
6
CONTINUOUS
10
0.0977829921259842
20
1.0040779133858269
11
0.0977829921259842
21
1.0137228346456693
0
LINE
8
BLACK
6
CONTINUOUS
10
0.0977829921259842
20
1.0137228346456693
11
0.0958736614173228
21
1.0213601574803148
0
LINE
8
BLACK
6
CONTINUOUS
10
0.0958736614173228
20
1.0213601574803148
11
0.0941407086614173
21
1.024826062992126
0
LINE
8
BLACK
6
CONTINUOUS
10
0.0941407086614173
20
1.024826062992126
11
0.0926995669291339
21
1.0262672047244095
0
LINE
8
BLACK
6
CONTINUOUS
10
0.0926995669291339
20
1.0262672047244095
11
0.0895394881889764
21
1.0278472440944881
0
LINE
8
BLACK
6
CONTINUOUS
10
0.0895394881889764
20
1.0278472440944881
11
0.0866929527559055
21
1.0278472440944881
0
LINE
8
BLACK
6
CONTINUOUS
10
0.0866929527559055
20
1.0278472440944881
11
0.083532874015748
21
1.0262672047244095
0
LINE
8
BLACK
6
CONTINUOUS
10
0.1301181889763779
20
1.0330546062992125
11
0.1303968503937008
21
1.0330546062992125
0
LINE
8
BLACK
6
CONTINUOUS
10
0.1303968503937008
20
1.0330546062992125
11
0.1309542125984252
21
1.0324972440944882
0
LINE
8
BLACK
6
CONTINUOUS
10
0.1309542125984252
20
1.0324972440944882
11
0.13161
21
1.0320600393700787
0
LINE
8
BLACK
6
CONTINUOUS
10
0.13161
20
1.0320600393700787
11
0.1316646456692913
21
1.0317868110236221
0
LINE
8
BLACK
6
CONTINUOUS
10
0.1316646456692913
20
1.0317868110236221
11
0.1318617322834646
21
1.0315897244094487
0
LINE
8
BLACK
6
CONTINUOUS
10
0.1318617322834646
20
1.0315897244094487
11
0.1320677559055118
21
1.030553937007874
0
LINE
8
BLACK
6
CONTINUOUS
10
0.1320677559055118
20
1.030553937007874
11
0.1320677559055118
21
0.9899535433070866
0
LINE
8
BLACK
6
CONTINUOUS
10
0.1320677559055118
20
0.9899535433070866
11
0.1417345275590551
21
0.9899535433070866
0
LINE
8
BLACK
6
CONTINUOUS
10
0.1417345275590551
20
0.9899535433070866
11
0.1427703149606299
21
0.9897475196850394
0
LINE
8
BLACK
6
CONTINUOUS
10
0.1427703149606299
20
0.9897475196850394
11
0.1442351968503937
21
0.9882826377952756
0
LINE
8
BLACK
6
CONTINUOUS
10
0.1442351968503937
20
0.9882826377952756
11
0.1442351968503937
21
0.9862110629921259
0
LINE
8
BLACK
6
CONTINUOUS
10
0.1442351968503937
20
0.9862110629921259
11
0.1427703149606299
21
0.9847461811023622
0
LINE
8
BLACK
6
CONTINUOUS
10
0.1427703149606299
20
0.9847461811023622
11
0.1417345275590551
21
0.984540157480315
0
LINE
8
BLACK
6
CONTINUOUS
10
0.1417345275590551
20
0.984540157480315
11
0.1169875984251968
21
0.984540157480315
0
LINE
8
BLACK
6
CONTINUOUS
10
0.1169875984251968
20
0.984540157480315
11
0.1159518110236221
21
0.9847461811023622
0
LINE
8
BLACK
6
CONTINUOUS
10
0.1159518110236221
20
0.9847461811023622
11
0.1144869291338583
21
0.9862110629921259
0
LINE
8
BLACK
6
CONTINUOUS
10
0.1144869291338583
20
0.9862110629921259
11
0.1144869291338583
21
0.9882826377952756
0
LINE
8
BLACK
6
CONTINUOUS
10
0.1144869291338583
20
0.9882826377952756
11
0.1159518110236221
21
0.9897475196850394
0
LINE
8
BLACK
6
CONTINUOUS
10
0.1159518110236221
20
0.9897475196850394
11
0.1169875984251968
21
0.9899535433070866
0
LINE
8
BLACK
6
CONTINUOUS
10
0.1169875984251968
20
0.9899535433070866
11
0.1266543700787401
21
0.9899535433070866
0
LINE
8
BLACK
6
CONTINUOUS
10
0.1266543700787401
20
0.9899535433070866
11
0.1266543700787401
21
1.0219571653543307
0
LINE
8
BLACK
6
CONTINUOUS
10
0.1266543700787401
20
1.0219571653543307
11
0.1230260236220472
21
1.0183287795275591
0
LINE
8
BLACK
6
CONTINUOUS
10
0.1230260236220472
20
1.0183287795275591
11
0.122665157480315
21
1.0180876771653542
0
LINE
8
BLACK
6
CONTINUOUS
10
0.122665157480315
20
1.0180876771653542
11
0.1223225590551181
21
1.0178217716535434
0
LINE
8
BLACK
6
CONTINUOUS
10
0.1223225590551181
20
1.0178217716535434
11
0.1181980708661417
21
1.0157595275590552
0
LINE
8
BLACK
6
CONTINUOUS
10
0.1181980708661417
20
1.0157595275590552
11
0.1171794881889764
21
1.015480590551181
0
LINE
8
BLACK
6
CONTINUOUS
10
0.1171794881889764
20
1.015480590551181
11
0.1152141338582677
21
1.0161357086614173
0
LINE
8
BLACK
6
CONTINUOUS
10
0.1152141338582677
20
1.0161357086614173
11
0.1142877165354331
21
1.0179885826771653
0
LINE
8
BLACK
6
CONTINUOUS
10
0.1142877165354331
20
1.0179885826771653
11
0.1149428346456693
21
1.0199539370078741
0
LINE
8
BLACK
6
CONTINUOUS
10
0.1149428346456693
20
1.0199539370078741
11
0.115777125984252
21
1.0206014173228346
0
LINE
8
BLACK
6
CONTINUOUS
10
0.115777125984252
20
1.0206014173228346
11
0.1195087007874016
21
1.0224672440944882
0
LINE
8
BLACK
6
CONTINUOUS
10
0.1195087007874016
20
1.0224672440944882
11
0.1231331496062992
21
1.0260916535433071
0
LINE
8
BLACK
6
CONTINUOUS
10
0.1231331496062992
20
1.0260916535433071
11
0.127108937007874
21
1.03205531496063
0
LINE
8
BLACK
6
CONTINUOUS
10
0.127108937007874
20
1.03205531496063
11
0.1278549212598425
21
1.032802874015748
0
LINE
8
BLACK
6
CONTINUOUS
10
0.1278549212598425
20
1.032802874015748
11
0.128128188976378
21
1.0328575590551181
0
LINE
8
BLACK
6
CONTINUOUS
10
0.128128188976378
20
1.0328575590551181
11
0.1283252755905512
21
1.0330546062992125
0
LINE
8
BLACK
6
CONTINUOUS
10
0.1283252755905512
20
1.0330546062992125
11
0.1291135433070866
21
1.0330546062992125
0
LINE
8
BLACK
6
CONTINUOUS
10
0.1291135433070866
20
1.0330546062992125
11
0.1298863385826772
21
1.0332091732283464
0
LINE
8
BLACK
6
CONTINUOUS
10
0.1298863385826772
20
1.0332091732283464
11
0.1301181889763779
21
1.0330546062992125
0
LINE
8
BLACK
6
CONTINUOUS
10
-0.1315844488188976
20
1.032870157480315
11
-0.1307702755905512
21
1.0325987401574803
0
LINE
8
BLACK
6
CONTINUOUS
10
-0.1307702755905512
20
1.0325987401574803
11
-0.130679842519685
21
1.0324178346456692
0
LINE
8
BLACK
6
CONTINUOUS
10
-0.130679842519685
20
1.0324178346456692
11
-0.1304988976377953
21
1.0323273622047244
0
LINE
8
BLACK
6
CONTINUOUS
10
-0.1304988976377953
20
1.0323273622047244
11
-0.129975905511811
21
1.0314098818897637
0
LINE
8
BLACK
6
CONTINUOUS
10
-0.129975905511811
20
1.0314098818897637
11
-0.1155401968503937
21
0.9881027952755905
0
LINE
8
BLACK
6
CONTINUOUS
10
-0.1155401968503937
20
0.9881027952755905
11
-0.1154081102362205
21
0.987055
0
LINE
8
BLACK
6
CONTINUOUS
10
-0.1154081102362205
20
0.987055
11
-0.1163345669291339
21
0.9852020472440944
0
LINE
8
BLACK
6
CONTINUOUS
10
-0.1163345669291339
20
0.9852020472440944
11
-0.118299842519685
21
0.984546968503937
0
LINE
8
BLACK
6
CONTINUOUS
10
-0.118299842519685
20
0.984546968503937
11
-0.1201527952755905
21
0.9854734251968503
0
LINE
8
BLACK
6
CONTINUOUS
10
-0.1201527952755905
20
0.9854734251968503
11
-0.1206757874015748
21
0.986390905511811
0
LINE
8
BLACK
6
CONTINUOUS
10
-0.1206757874015748
20
0.986390905511811
11
-0.1241833464566929
21
0.9969135826771653
0
LINE
8
BLACK
6
CONTINUOUS
10
-0.1241833464566929
20
0.9969135826771653
11
-0.1409040551181102
21
0.9969135826771653
0
LINE
8
BLACK
6
CONTINUOUS
10
-0.1409040551181102
20
0.9969135826771653
11
-0.1444116141732283
21
0.986390905511811
0
LINE
8
BLACK
6
CONTINUOUS
10
-0.1444116141732283
20
0.986390905511811
11
-0.1449346062992126
21
0.9854734251968503
0
LINE
8
BLACK
6
CONTINUOUS
10
-0.1449346062992126
20
0.9854734251968503
11
-0.1467875590551181
21
0.984546968503937
0
LINE
8
BLACK
6
CONTINUOUS
10
-0.1467875590551181
20
0.984546968503937
11
-0.1487528346456693
21
0.9852020472440944
0
LINE
8
BLACK
6
CONTINUOUS
10
-0.1487528346456693
20
0.9852020472440944
11
-0.1496792913385827
21
0.987055
0
LINE
8
BLACK
6
CONTINUOUS
10
-0.1496792913385827
20
0.987055
11
-0.1495472047244094
21
0.9881027952755905
0
LINE
8
BLACK
6
CONTINUOUS
10
-0.1495472047244094
20
0.9881027952755905
11
-0.1351114960629921
21
1.0314098818897637
0
LINE
8
BLACK
6
CONTINUOUS
10
-0.1351114960629921
20
1.0314098818897637
11
-0.1345885039370079
21
1.0323273622047244
0
LINE
8
BLACK
6
CONTINUOUS
10
-0.1345885039370079
20
1.0323273622047244
11
-0.1344075984251968
21
1.0324178346456692
0
LINE
8
BLACK
6
CONTINUOUS
10
-0.1344075984251968
20
1.0324178346456692
11
-0.134317125984252
21
1.0325987401574803
0
LINE
8
BLACK
6
CONTINUOUS
10
-0.134317125984252
20
1.0325987401574803
11
-0.1335029921259842
21
1.032870157480315
0
LINE
8
BLACK
6
CONTINUOUS
10
-0.1335029921259842
20
1.032870157480315
11
-0.1327355511811024
21
1.0332538188976377
0
LINE
8
BLACK
6
CONTINUOUS
10
-0.1327355511811024
20
1.0332538188976377
11
-0.1325437007874016
21
1.0331898818897638
0
LINE
8
BLACK
6
CONTINUOUS
10
-0.1325437007874016
20
1.0331898818897638
11
-0.1323518503937008
21
1.0332538188976377
0
LINE
8
BLACK
6
CONTINUOUS
10
-0.1323518503937008
20
1.0332538188976377
11
-0.1315844488188976
21
1.032870157480315
0
LINE
8
BLACK
6
CONTINUOUS
10
-0.1390996062992126
20
1.0023269685039369
11
-0.1259877952755905
21
1.0023269685039369
0
LINE
8
BLACK
6
CONTINUOUS
10
-0.1259877952755905
20
1.0023269685039369
11
-0.1325437007874016
21
1.0219946456692912
0
LINE
8
BLACK
6
CONTINUOUS
10
-0.1325437007874016
20
1.0219946456692912
11
-0.1390996062992126
21
1.0023269685039369
0
LINE
8
BLACK
6
CONTINUOUS
10
0.1695029133858268
20
1.032870157480315
11
0.1703170866141732
21
1.0325987401574803
0
LINE
8
BLACK
6
CONTINUOUS
10
0.1703170866141732
20
1.0325987401574803
11
0.1704075196850394
21
1.0324178346456692
0
LINE
8
BLACK
6
CONTINUOUS
10
0.1704075196850394
20
1.0324178346456692
11
0.1705884645669291
21
1.0323273622047244
0
LINE
8
BLACK
6
CONTINUOUS
10
0.1705884645669291
20
1.0323273622047244
11
0.1711114566929134
21
1.0314098818897637
0
LINE
8
BLACK
6
CONTINUOUS
10
0.1711114566929134
20
1.0314098818897637
11
0.1855471653543307
21
0.9881027952755905
0
LINE
8
BLACK
6
CONTINUOUS
10
0.1855471653543307
20
0.9881027952755905
11
0.1856792519685039
21
0.987055
0
LINE
8
BLACK
6
CONTINUOUS
10
0.1856792519685039
20
0.987055
11
0.1847527952755905
21
0.9852020472440944
0
LINE
8
BLACK
6
CONTINUOUS
10
0.1847527952755905
20
0.9852020472440944
11
0.1827875196850394
21
0.984546968503937
0
LINE
8
BLACK
6
CONTINUOUS
10
0.1827875196850394
20
0.984546968503937
11
0.1809345669291338
21
0.9854734251968503
0
LINE
8
BLACK
6
CONTINUOUS
10
0.1809345669291338
20
0.9854734251968503
11
0.1804115748031496
21
0.986390905511811
0
LINE
8
BLACK
6
CONTINUOUS
10
0.1804115748031496
20
0.986390905511811
11
0.1769040157480315
21
0.9969135826771653
0
LINE
8
BLACK
6
CONTINUOUS
10
0.1769040157480315
20
0.9969135826771653
11
0.1601833070866142
21
0.9969135826771653
0
LINE
8
BLACK
6
CONTINUOUS
10
0.1601833070866142
20
0.9969135826771653
11
0.1566757480314961
21
0.986390905511811
0
LINE
8
BLACK
6
CONTINUOUS
10
0.1566757480314961
20
0.986390905511811
11
0.1561527559055118
21
0.9854734251968503
0
LINE
8
BLACK
6
CONTINUOUS
10
0.1561527559055118
20
0.9854734251968503
11
0.1542998031496063
21
0.984546968503937
0
LINE
8
BLACK
6
CONTINUOUS
10
0.1542998031496063
20
0.984546968503937
11
0.1523345275590551
21
0.9852020472440944
0
LINE
8
BLACK
6
CONTINUOUS
10
0.1523345275590551
20
0.9852020472440944
11
0.1514080708661417
21
0.987055
0
LINE
8
BLACK
6
CONTINUOUS
10
0.1514080708661417
20
0.987055
11
0.151540157480315
21
0.9881027952755905
0
LINE
8
BLACK
6
CONTINUOUS
10
0.151540157480315
20
0.9881027952755905
11
0.1659758661417323
21
1.0314098818897637
0
LINE
8
BLACK
6
CONTINUOUS
10
0.1659758661417323
20
1.0314098818897637
11
0.1664988582677165
21
1.0323273622047244
0
LINE
8
BLACK
6
CONTINUOUS
10
0.1664988582677165
20
1.0323273622047244
11
0.1666797637795276
21
1.0324178346456692
0
LINE
8
BLACK
6
CONTINUOUS
10
0.1666797637795276
20
1.0324178346456692
11
0.1667702362204724
21
1.0325987401574803
0
LINE
8
BLACK
6
CONTINUOUS
10
0.1667702362204724
20
1.0325987401574803
11
0.1675843700787402
21
1.032870157480315
0
LINE
8
BLACK
6
CONTINUOUS
10
0.1675843700787402
20
1.032870157480315
11
0.168351811023622
21
1.0332538188976377
0
LINE
8
BLACK
6
CONTINUOUS
10
0.168351811023622
20
1.0332538188976377
11
0.1685436614173228
21
1.0331898818897638
0
LINE
8
BLACK
6
CONTINUOUS
10
0.1685436614173228
20
1.0331898818897638
11
0.1687355118110236
21
1.0332538188976377
0
LINE
8
BLACK
6
CONTINUOUS
10
0.1687355118110236
20
1.0332538188976377
11
0.1695029133858268
21
1.032870157480315
0
LINE
8
BLACK
6
CONTINUOUS
10
0.1619877559055118
20
1.0023269685039369
11
0.1750995669291339
21
1.0023269685039369
0
LINE
8
BLACK
6
CONTINUOUS
10
0.1750995669291339
20
1.0023269685039369
11
0.1685436614173228
21
1.0219946456692912
0
LINE
8
BLACK
6
CONTINUOUS
10
0.1685436614173228
20
1.0219946456692912
11
0.1619877559055118
21
1.0023269685039369
0
LINE
8
BLACK
6
CONTINUOUS
10
0.0144303149606299
20
1.0330546062992125
11
0.0149112992125984
21
1.0330546062992125
0
LINE
8
BLACK
6
CONTINUOUS
10
0.0149112992125984
20
1.0330546062992125
11
0.0153321653543307
21
1.0326337401574803
0
LINE
8
BLACK
6
CONTINUOUS
10
0.0153321653543307
20
1.0326337401574803
11
0.0158716141732283
21
1.032381968503937
0
LINE
8
BLACK
6
CONTINUOUS
10
0.0158716141732283
20
1.032381968503937
11
0.0160359842519685
21
1.0319299212598425
0
LINE
8
BLACK
6
CONTINUOUS
10
0.0160359842519685
20
1.0319299212598425
11
0.0163761811023622
21
1.0315897244094487
0
LINE
8
BLACK
6
CONTINUOUS
10
0.0163761811023622
20
1.0315897244094487
11
0.0165822047244094
21
1.030553937007874
0
LINE
8
BLACK
6
CONTINUOUS
10
0.0165822047244094
20
1.030553937007874
11
0.0165822047244094
21
0.9872468503937007
0
LINE
8
BLACK
6
CONTINUOUS
10
0.0165822047244094
20
0.9872468503937007
11
0.0163761811023622
21
0.9862110629921259
0
LINE
8
BLACK
6
CONTINUOUS
10
0.0163761811023622
20
0.9862110629921259
11
0.0149112992125984
21
0.9847461811023622
0
LINE
8
BLACK
6
CONTINUOUS
10
0.0149112992125984
20
0.9847461811023622
11
0.0128397244094488
21
0.9847461811023622
0
LINE
8
BLACK
6
CONTINUOUS
10
0.0128397244094488
20
0.9847461811023622
11
0.011374842519685
21
0.9862110629921259
0
LINE
8
BLACK
6
CONTINUOUS
10
0.011374842519685
20
0.9862110629921259
11
0.0111688188976378
21
0.9872468503937007
0
LINE
8
BLACK
6
CONTINUOUS
10
0.0111688188976378
20
0.9872468503937007
11
0.0111688188976378
21
1.0183533858267717
0
LINE
8
BLACK
6
CONTINUOUS
10
0.0111688188976378
20
1.0183533858267717
11
0.0018925590551181
21
0.9984756692913386
0
LINE
8
BLACK
6
CONTINUOUS
10
0.0018925590551181
20
0.9984756692913386
11
0.0014798818897638
21
0.9979132283464567
0
LINE
8
BLACK
6
CONTINUOUS
10
0.0014798818897638
20
0.9979132283464567
11
0.001435905511811
21
0.9977922440944882
0
LINE
8
BLACK
6
CONTINUOUS
10
0.001435905511811
20
0.9977922440944882
11
0.0013678346456693
21
0.9977605118110237
0
LINE
8
BLACK
6
CONTINUOUS
10
0.0013678346456693
20
0.9977605118110237
11
0.0012678346456693
21
0.9976241732283464
0
LINE
8
BLACK
6
CONTINUOUS
10
0.0012678346456693
20
0.9976241732283464
11
0.0003979133858268
21
0.9973078740157481
0
LINE
8
BLACK
6
CONTINUOUS
10
0.0003979133858268
20
0.9973078740157481
11
-0.0004412992125984
21
0.9969161811023621
0
LINE
8
BLACK
6
CONTINUOUS
10
-0.0004412992125984
20
0.9969161811023621
11
-0.0005601968503937
21
0.9969594488188976
0
LINE
8
BLACK
6
CONTINUOUS
10
-0.0005601968503937
20
0.9969594488188976
11
-0.000679094488189
21
0.9969161811023621
0
LINE
8
BLACK
6
CONTINUOUS
10
-0.000679094488189
20
0.9969161811023621
11
-0.0015183464566929
21
0.9973078740157481
0
LINE
8
BLACK
6
CONTINUOUS
10
-0.0015183464566929
20
0.9973078740157481
11
-0.0023882283464567
21
0.9976241732283464
0
LINE
8
BLACK
6
CONTINUOUS
10
-0.0023882283464567
20
0.9976241732283464
11
-0.0024882677165354
21
0.9977605118110237
0
LINE
8
BLACK
6
CONTINUOUS
10
-0.0024882677165354
20
0.9977605118110237
11
-0.0025562992125984
21
0.9977922440944882
0
LINE
8
BLACK
6
CONTINUOUS
10
-0.0025562992125984
20
0.9977922440944882
11
-0.0026003149606299
21
0.9979131889763779
0
LINE
8
BLACK
6
CONTINUOUS
10
-0.0026003149606299
20
0.9979131889763779
11
-0.0030129527559055
21
0.9984756299212598
0
LINE
8
BLACK
6
CONTINUOUS
10
-0.0030129527559055
20
0.9984756299212598
11
-0.0122892125984252
21
1.0183533858267717
0
LINE
8
BLACK
6
CONTINUOUS
10
-0.0122892125984252
20
1.0183533858267717
11
-0.0122892125984252
21
0.9872468503937007
0
LINE
8
BLACK
6
CONTINUOUS
10
-0.0122892125984252
20
0.9872468503937007
11
-0.0124952362204724
21
0.9862110629921259
0
LINE
8
BLACK
6
CONTINUOUS
10
-0.0124952362204724
20
0.9862110629921259
11
-0.0139601181102362
21
0.9847461811023622
0
LINE
8
BLACK
6
CONTINUOUS
10
-0.0139601181102362
20
0.9847461811023622
11
-0.0160316929133858
21
0.9847461811023622
0
LINE
8
BLACK
6
CONTINUOUS
10
-0.0160316929133858
20
0.9847461811023622
11
-0.0174965748031496
21
0.9862110629921259
0
LINE
8
BLACK
6
CONTINUOUS
10
-0.0174965748031496
20
0.9862110629921259
11
-0.0177025984251968
21
0.9872468503937007
0
LINE
8
BLACK
6
CONTINUOUS
10
-0.0177025984251968
20
0.9872468503937007
11
-0.0177025984251968
21
1.030553937007874
0
LINE
8
BLACK
6
CONTINUOUS
10
-0.0177025984251968
20
1.030553937007874
11
-0.0174965748031496
21
1.0315897244094487
0
LINE
8
BLACK
6
CONTINUOUS
10
-0.0174965748031496
20
1.0315897244094487
11
-0.0171564173228346
21
1.0319299212598425
0
LINE
8
BLACK
6
CONTINUOUS
10
-0.0171564173228346
20
1.0319299212598425
11
-0.0169920078740157
21
1.032381968503937
0
LINE
8
BLACK
6
CONTINUOUS
10
-0.0169920078740157
20
1.032381968503937
11
-0.0164525984251968
21
1.0326337401574803
0
LINE
8
BLACK
6
CONTINUOUS
10
-0.0164525984251968
20
1.0326337401574803
11
-0.0160316929133858
21
1.0330546062992125
0
LINE
8
BLACK
6
CONTINUOUS
10
-0.0160316929133858
20
1.0330546062992125
11
-0.0155507086614173
21
1.0330546062992125
0
LINE
8
BLACK
6
CONTINUOUS
10
-0.0155507086614173
20
1.0330546062992125
11
-0.0151148031496063
21
1.0332580314960629
0
LINE
8
BLACK
6
CONTINUOUS
10
-0.0151148031496063
20
1.0332580314960629
11
-0.0145553937007874
21
1.0330546062992125
0
LINE
8
BLACK
6
CONTINUOUS
10
-0.0145553937007874
20
1.0330546062992125
11
-0.0139601181102362
21
1.0330546062992125
0
LINE
8
BLACK
6
CONTINUOUS
10
-0.0139601181102362
20
1.0330546062992125
11
-0.0136199606299213
21
1.0327144488188975
0
LINE
8
BLACK
6
CONTINUOUS
10
-0.0136199606299213
20
1.0327144488188975
11
-0.013167874015748
21
1.0325500393700786
0
LINE
8
BLACK
6
CONTINUOUS
10
-0.013167874015748
20
1.0325500393700786
11
-0.0125431496062992
21
1.0316985433070867
0
LINE
8
BLACK
6
CONTINUOUS
10
-0.0125431496062992
20
1.0316985433070867
11
-0.0005602362204724
21
1.0060208267716535
0
LINE
8
BLACK
6
CONTINUOUS
10
-0.0005602362204724
20
1.0060208267716535
11
0.0114227559055118
21
1.0316985826771654
0
LINE
8
BLACK
6
CONTINUOUS
10
0.0114227559055118
20
1.0316985826771654
11
0.0120474803149606
21
1.0325500393700786
0
LINE
8
BLACK
6
CONTINUOUS
10
0.0120474803149606
20
1.0325500393700786
11
0.0124995275590551
21
1.0327144488188975
0
LINE
8
BLACK
6
CONTINUOUS
10
0.0124995275590551
20
1.0327144488188975
11
0.0128397244094488
21
1.0330546062992125
0
LINE
8
BLACK
6
CONTINUOUS
10
0.0128397244094488
20
1.0330546062992125
11
0.013435
21
1.0330546062992125
0
LINE
8
BLACK
6
CONTINUOUS
10
0.013435
20
1.0330546062992125
11
0.0139944094488189
21
1.0332580314960629
0
LINE
8
BLACK
6
CONTINUOUS
10
0.0139944094488189
20
1.0332580314960629
11
0.0144303149606299
21
1.0330546062992125
0
LINE
8
BLACK
6
CONTINUOUS
10
0.0511288188976378
20
1.0332342125984251
11
0.0511877559055118
21
1.0332538188976377
0
LINE
8
BLACK
6
CONTINUOUS
10
0.0511877559055118
20
1.0332538188976377
11
0.0516061417322835
21
1.0331392519685039
0
LINE
8
BLACK
6
CONTINUOUS
10
0.0516061417322835
20
1.0331392519685039
11
0.0520316535433071
21
1.0330546062992125
0
LINE
8
BLACK
6
CONTINUOUS
10
0.0520316535433071
20
1.0330546062992125
11
0.0520755511811024
21
1.0330107086614173
0
LINE
8
BLACK
6
CONTINUOUS
10
0.0520755511811024
20
1.0330107086614173
11
0.0522063385826772
21
1.0329748818897637
0
LINE
8
BLACK
6
CONTINUOUS
10
0.0522063385826772
20
1.0329748818897637
11
0.0563308267716535
21
1.0309126377952755
0
LINE
8
BLACK
6
CONTINUOUS
10
0.0563308267716535
20
1.0309126377952755
11
0.0566734251968504
21
1.0306467716535432
0
LINE
8
BLACK
6
CONTINUOUS
10
0.0566734251968504
20
1.0306467716535432
11
0.0570342913385827
21
1.0304056299212598
0
LINE
8
BLACK
6
CONTINUOUS
10
0.0570342913385827
20
1.0304056299212598
11
0.0590965354330709
21
1.0283433858267716
0
LINE
8
BLACK
6
CONTINUOUS
10
0.0590965354330709
20
1.0283433858267716
11
0.0593376377952756
21
1.0279825590551182
0
LINE
8
BLACK
6
CONTINUOUS
10
0.0593376377952756
20
1.0279825590551182
11
0.0596035433070866
21
1.0276399212598426
0
LINE
8
BLACK
6
CONTINUOUS
10
0.0596035433070866
20
1.0276399212598426
11
0.0616657874015748
21
1.023515433070866
0
LINE
8
BLACK
6
CONTINUOUS
10
0.0616657874015748
20
1.023515433070866
11
0.0617015748031496
21
1.02338468503937
0
LINE
8
BLACK
6
CONTINUOUS
10
0.0617015748031496
20
1.02338468503937
11
0.0617455118110236
21
1.023340748031496
0
LINE
8
BLACK
6
CONTINUOUS
10
0.0617455118110236
20
1.023340748031496
11
0.0618301181102362
21
1.0229153543307086
0
LINE
8
BLACK
6
CONTINUOUS
10
0.0618301181102362
20
1.0229153543307086
11
0.0619447244094488
21
1.0224968897637796
0
LINE
8
BLACK
6
CONTINUOUS
10
0.0619447244094488
20
1.0224968897637796
11
0.0619250787401575
21
1.0224379921259843
0
LINE
8
BLACK
6
CONTINUOUS
10
0.0619250787401575
20
1.0224379921259843
11
0.0619515354330709
21
1.0223049606299213
0
LINE
8
BLACK
6
CONTINUOUS
10
0.0619515354330709
20
1.0223049606299213
11
0.0619515354330709
21
1.0161182283464567
0
LINE
8
BLACK
6
CONTINUOUS
10
0.0619515354330709
20
1.0161182283464567
11
0.0619250787401575
21
1.0159852362204724
0
LINE
8
BLACK
6
CONTINUOUS
10
0.0619250787401575
20
1.0159852362204724
11
0.0619447244094488
21
1.0159262992125984
0
LINE
8
BLACK
6
CONTINUOUS
10
0.0619447244094488
20
1.0159262992125984
11
0.0618301181102362
21
1.0155078740157479
0
LINE
8
BLACK
6
CONTINUOUS
10
0.0618301181102362
20
1.0155078740157479
11
0.0617455118110236
21
1.0150824409448818
0
LINE
8
BLACK
6
CONTINUOUS
10
0.0617455118110236
20
1.0150824409448818
11
0.0617015748031496
21
1.0150385433070865
0
LINE
8
BLACK
6
CONTINUOUS
10
0.0617015748031496
20
1.0150385433070865
11
0.0616657874015748
21
1.0149077559055117
0
LINE
8
BLACK
6
CONTINUOUS
10
0.0616657874015748
20
1.0149077559055117
11
0.0596035433070866
21
1.0107832677165354
0
LINE
8
BLACK
6
CONTINUOUS
10
0.0596035433070866
20
1.0107832677165354
11
0.0593376377952756
21
1.0104406692913386
0
LINE
8
BLACK
6
CONTINUOUS
10
0.0593376377952756
20
1.0104406692913386
11
0.0590965354330709
21
1.0100798031496063
0
LINE
8
BLACK
6
CONTINUOUS
10
0.0590965354330709
20
1.0100798031496063
11
0.0570342913385827
21
1.0080175590551181
0
LINE
8
BLACK
6
CONTINUOUS
10
0.0570342913385827
20
1.0080175590551181
11
0.0566734251968504
21
1.0077764566929133
0
LINE
8
BLACK
6
CONTINUOUS
10
0.0566734251968504
20
1.0077764566929133
11
0.0563308267716535
21
1.0075105511811024
0
LINE
8
BLACK
6
CONTINUOUS
10
0.0563308267716535
20
1.0075105511811024
11
0.0522063385826772
21
1.0054483070866143
0
LINE
8
BLACK
6
CONTINUOUS
10
0.0522063385826772
20
1.0054483070866143
11
0.0520755511811024
21
1.0054125196850394
0
LINE
8
BLACK
6
CONTINUOUS
10
0.0520755511811024
20
1.0054125196850394
11
0.0520316535433071
21
1.0053685826771652
0
LINE
8
BLACK
6
CONTINUOUS
10
0.0520316535433071
20
1.0053685826771652
11
0.0516061417322835
21
1.0052839763779526
0
LINE
8
BLACK
6
CONTINUOUS
10
0.0516061417322835
20
1.0052839763779526
11
0.0511877559055118
21
1.0051693700787401
0
LINE
8
BLACK
6
CONTINUOUS
10
0.0511877559055118
20
1.0051693700787401
11
0.0511288188976378
21
1.0051890157480314
0
LINE
8
BLACK
6
CONTINUOUS
10
0.0511288188976378
20
1.0051890157480314
11
0.0509958661417323
21
1.0051625590551181
0
LINE
8
BLACK
6
CONTINUOUS
10
0.0509958661417323
20
1.0051625590551181
11
0.0372046062992126
21
1.0051625590551181
0
LINE
8
BLACK
6
CONTINUOUS
10
0.0372046062992126
20
1.0051625590551181
11
0.0372046062992126
21
0.9872468503937007
0
LINE
8
BLACK
6
CONTINUOUS
10
0.0372046062992126
20
0.9872468503937007
11
0.0369985826771654
21
0.9862110629921259
0
LINE
8
BLACK
6
CONTINUOUS
10
0.0369985826771654
20
0.9862110629921259
11
0.0355337007874016
21
0.9847461811023622
0
LINE
8
BLACK
6
CONTINUOUS
10
0.0355337007874016
20
0.9847461811023622
11
0.033462125984252
21
0.9847461811023622
0
LINE
8
BLACK
6
CONTINUOUS
10
0.033462125984252
20
0.9847461811023622
11
0.0319972440944882
21
0.9862110629921259
0
LINE
8
BLACK
6
CONTINUOUS
10
0.0319972440944882
20
0.9862110629921259
11
0.0317912204724409
21
0.9872468503937007
0
LINE
8
BLACK
6
CONTINUOUS
10
0.0317912204724409
20
0.9872468503937007
11
0.0317912204724409
21
1.030553937007874
0
LINE
8
BLACK
6
CONTINUOUS
10
0.0317912204724409
20
1.030553937007874
11
0.0319972440944882
21
1.0315897244094487
0
LINE
8
BLACK
6
CONTINUOUS
10
0.0319972440944882
20
1.0315897244094487
11
0.033462125984252
21
1.0330546062992125
0
LINE
8
BLACK
6
CONTINUOUS
10
0.033462125984252
20
1.0330546062992125
11
0.0344979133858268
21
1.0332606299212599
0
LINE
8
BLACK
6
CONTINUOUS
10
0.0344979133858268
20
1.0332606299212599
11
0.0509958661417323
21
1.0332606299212599
0
LINE
8
BLACK
6
CONTINUOUS
10
0.0509958661417323
20
1.0332606299212599
11
0.0511288188976378
21
1.0332342125984251
0
LINE
8
BLACK
6
CONTINUOUS
10
0.0372046062992126
20
1.0105759448818898
11
0.0503568897637795
21
1.0105759448818898
0
LINE
8
BLACK
6
CONTINUOUS
10
0.0503568897637795
20
1.0105759448818898
11
0.053516968503937
21
1.0121559842519685
0
LINE
8
BLACK
6
CONTINUOUS
10
0.053516968503937
20
1.0121559842519685
11
0.0549581102362205
21
1.013597125984252
0
LINE
8
BLACK
6
CONTINUOUS
10
0.0549581102362205
20
1.013597125984252
11
0.0565381496062992
21
1.0167572047244093
0
LINE
8
BLACK
6
CONTINUOUS
10
0.0565381496062992
20
1.0167572047244093
11
0.0565381496062992
21
1.0216659842519684
0
LINE
8
BLACK
6
CONTINUOUS
10
0.0565381496062992
20
1.0216659842519684
11
0.0549581102362205
21
1.024826062992126
0
LINE
8
BLACK
6
CONTINUOUS
10
0.0549581102362205
20
1.024826062992126
11
0.053516968503937
21
1.0262672047244095
0
LINE
8
BLACK
6
CONTINUOUS
10
0.053516968503937
20
1.0262672047244095
11
0.0503568897637795
21
1.0278472440944881
0
LINE
8
BLACK
6
CONTINUOUS
10
0.0503568897637795
20
1.0278472440944881
11
0.0372046062992126
21
1.0278472440944881
0
LINE
8
BLACK
6
CONTINUOUS
10
0.0372046062992126
20
1.0278472440944881
11
0.0372046062992126
21
1.0105759448818898
0
LINE
8
BLACK
6
CONTINUOUS
10
0.4750099606299212
20
0.9993544881889763
11
0.4763629527559055
21
0.9980014960629922
0
LINE
8
BLACK
6
CONTINUOUS
10
0.4763629527559055
20
0.9980014960629922
11
0.4763629527559055
21
0.9960881102362205
0
LINE
8
BLACK
6
CONTINUOUS
10
0.4763629527559055
20
0.9960881102362205
11
0.4750099606299212
21
0.9947351181102362
0
LINE
8
BLACK
6
CONTINUOUS
10
0.4750099606299212
20
0.9947351181102362
11
0.4740532677165354
21
0.9945448031496062
0
LINE
8
BLACK
6
CONTINUOUS
10
0.4740532677165354
20
0.9945448031496062
11
0.4440570078740158
21
0.9945448031496062
0
LINE
8
BLACK
6
CONTINUOUS
10
0.4440570078740158
20
0.9945448031496062
11
0.4431003149606299
21
0.9947351181102362
0
LINE
8
BLACK
6
CONTINUOUS
10
0.4431003149606299
20
0.9947351181102362
11
0.4417473228346457
21
0.9960881102362205
0
LINE
8
BLACK
6
CONTINUOUS
10
0.4417473228346457
20
0.9960881102362205
11
0.4417473228346457
21
0.9980014960629922
0
LINE
8
BLACK
6
CONTINUOUS
10
0.4417473228346457
20
0.9980014960629922
11
0.4431003149606299
21
0.9993544881889763
0
LINE
8
BLACK
6
CONTINUOUS
10
0.4431003149606299
20
0.9993544881889763
11
0.4440570078740158
21
0.9995448031496063
0
LINE
8
BLACK
6
CONTINUOUS
10
0.4440570078740158
20
0.9995448031496063
11
0.4740532677165354
21
0.9995448031496063
0
LINE
8
BLACK
6
CONTINUOUS
10
0.4740532677165354
20
0.9995448031496063
11
0.4750099606299212
21
0.9993544881889763
0
LINE
8
BLACK
6
CONTINUOUS
10
0.440576062992126
20
1.0661007480314961
11
0.4416404724409449
21
1.065659842519685
0
LINE
8
BLACK
6
CONTINUOUS
10
0.4416404724409449
20
1.065659842519685
11
0.4424551181102362
21
1.0648451968503936
0
LINE
8
BLACK
6
CONTINUOUS
10
0.4424551181102362
20
1.0648451968503936
11
0.4428960236220472
21
1.0637807874015748
0
LINE
8
BLACK
6
CONTINUOUS
10
0.4428960236220472
20
1.0637807874015748
11
0.4428960236220472
21
1.0626286614173228
0
LINE
8
BLACK
6
CONTINUOUS
10
0.4428960236220472
20
1.0626286614173228
11
0.4424551181102362
21
1.061564251968504
0
LINE
8
BLACK
6
CONTINUOUS
10
0.4424551181102362
20
1.061564251968504
11
0.4416404724409449
21
1.0607496062992126
0
LINE
8
BLACK
6
CONTINUOUS
10
0.4416404724409449
20
1.0607496062992126
11
0.440576062992126
21
1.0603087007874015
0
LINE
8
BLACK
6
CONTINUOUS
10
0.440576062992126
20
1.0603087007874015
11
0.44
21
1.0602519685039369
0
LINE
8
BLACK
6
CONTINUOUS
10
0.44
20
1.0602519685039369
11
0.36
21
1.0602519685039369
0
LINE
8
BLACK
6
CONTINUOUS
10
0.36
20
1.0602519685039369
11
0.359423937007874
21
1.0603087007874015
0
LINE
8
BLACK
6
CONTINUOUS
10
0.359423937007874
20
1.0603087007874015
11
0.3583595275590551
21
1.0607496062992126
0
LINE
8
BLACK
6
CONTINUOUS
10
0.3583595275590551
20
1.0607496062992126
11
0.3575448818897637
21
1.061564251968504
0
LINE
8
BLACK
6
CONTINUOUS
10
0.3575448818897637
20
1.061564251968504
11
0.3571039763779528
21
1.0626286614173228
0
LINE
8
BLACK
6
CONTINUOUS
10
0.3571039763779528
20
1.0626286614173228
11
0.3571039763779528
21
1.0637807874015748
0
LINE
8
BLACK
6
CONTINUOUS
10
0.3571039763779528
20
1.0637807874015748
11
0.3575448818897637
21
1.0648451968503936
0
LINE
8
BLACK
6
CONTINUOUS
10
0.3575448818897637
20
1.0648451968503936
11
0.3583595275590551
21
1.065659842519685
0
LINE
8
BLACK
6
CONTINUOUS
10
0.3583595275590551
20
1.065659842519685
11
0.359423937007874
21
1.0661007480314961
0
LINE
8
BLACK
6
CONTINUOUS
10
0.359423937007874
20
1.0661007480314961
11
0.36
21
1.0661574803149607
0
LINE
8
BLACK
6
CONTINUOUS
10
0.36
20
1.0661574803149607
11
0.44
21
1.0661574803149607
0
LINE
8
BLACK
6
CONTINUOUS
10
0.44
20
1.0661574803149607
11
0.440576062992126
21
1.0661007480314961
0
LINE
8
BLACK
6
CONTINUOUS
10
0.2638451968503937
20
1.2424551181102361
11
0.2646598425196851
21
1.2416404724409449
0
LINE
8
BLACK
6
CONTINUOUS
10
0.2646598425196851
20
1.2416404724409449
11
0.2651007480314961
21
1.2405760629921259
0
LINE
8
BLACK
6
CONTINUOUS
10
0.2651007480314961
20
1.2405760629921259
11
0.2651574803149606
21
1.24
0
LINE
8
BLACK
6
CONTINUOUS
10
0.2651574803149606
20
1.24
11
0.2651574803149606
21
1.1599999999999999
0
LINE
8
BLACK
6
CONTINUOUS
10
0.2651574803149606
20
1.1599999999999999
11
0.2651007480314961
21
1.1594239370078741
0
LINE
8
BLACK
6
CONTINUOUS
10
0.2651007480314961
20
1.1594239370078741
11
0.2646598425196851
21
1.158359527559055
0
LINE
8
BLACK
6
CONTINUOUS
10
0.2646598425196851
20
1.158359527559055
11
0.2638451968503937
21
1.1575448818897638
0
LINE
8
BLACK
6
CONTINUOUS
10
0.2638451968503937
20
1.1575448818897638
11
0.2627807874015748
21
1.1571039763779527
0
LINE
8
BLACK
6
CONTINUOUS
10
0.2627807874015748
20
1.1571039763779527
11
0.2616286614173228
21
1.1571039763779527
0
LINE
8
BLACK
6
CONTINUOUS
10
0.2616286614173228
20
1.1571039763779527
11
0.2605642519685039
21
1.1575448818897638
0
LINE
8
BLACK
6
CONTINUOUS
10
0.2605642519685039
20
1.1575448818897638
11
0.2597496062992126
21
1.158359527559055
0
LINE
8
BLACK
6
CONTINUOUS
10
0.2597496062992126
20
1.158359527559055
11
0.2593087007874016
21
1.1594239370078741
0
LINE
8
BLACK
6
CONTINUOUS
10
0.2593087007874016
20
1.1594239370078741
11
0.259251968503937
21
1.1599999999999999
0
LINE
8
BLACK
6
CONTINUOUS
10
0.259251968503937
20
1.1599999999999999
11
0.259251968503937
21
1.24
0
LINE
8
BLACK
6
CONTINUOUS
10
0.259251968503937
20
1.24
11
0.2593087007874016
21
1.2405760629921259
0
LINE
8
BLACK
6
CONTINUOUS
10
0.2593087007874016
20
1.2405760629921259
11
0.2597496062992126
21
1.2416404724409449
0
LINE
8
BLACK
6
CONTINUOUS
10
0.2597496062992126
20
1.2416404724409449
11
0.2605642519685039
21
1.2424551181102361
0
LINE
8
BLACK
6
CONTINUOUS
10
0.2605642519685039
20
1.2424551181102361
11
0.2616286614173228
21
1.2428960236220472
0
LINE
8
BLACK
6
CONTINUOUS
10
0.2616286614173228
20
1.2428960236220472
11
0.2627807874015748
21
1.2428960236220472
0
LINE
8
BLACK
6
CONTINUOUS
10
0.2627807874015748
20
1.2428960236220472
11
0.2638451968503937
21
1.2424551181102361
0
LINE
8
BLACK
6
CONTINUOUS
10
0.5394357480314961
20
1.2424551181102361
11
0.5402503937007874
21
1.2416404724409449
0
LINE
8
BLACK
6
CONTINUOUS
10
0.5402503937007874
20
1.2416404724409449
11
0.5406912992125984
21
1.2405760629921259
0
LINE
8
BLACK
6
CONTINUOUS
10
0.5406912992125984
20
1.2405760629921259
11
0.540748031496063
21
1.24
0
LINE
8
BLACK
6
CONTINUOUS
10
0.540748031496063
20
1.24
11
0.540748031496063
21
1.1599999999999999
0
LINE
8
BLACK
6
CONTINUOUS
10
0.540748031496063
20
1.1599999999999999
11
0.5406912992125984
21
1.1594239370078741
0
LINE
8
BLACK
6
CONTINUOUS
10
0.5406912992125984
20
1.1594239370078741
11
0.5402503937007874
21
1.158359527559055
0
LINE
8
BLACK
6
CONTINUOUS
10
0.5402503937007874
20
1.158359527559055
11
0.5394357480314961
21
1.1575448818897638
0
LINE
8
BLACK
6
CONTINUOUS
10
0.5394357480314961
20
1.1575448818897638
11
0.5383713385826772
21
1.1571039763779527
0
LINE
8
BLACK
6
CONTINUOUS
10
0.5383713385826772
20
1.1571039763779527
11
0.5372192125984252
21
1.1571039763779527
0
LINE
8
BLACK
6
CONTINUOUS
10
0.5372192125984252
20
1.1571039763779527
11
0.5361548031496063
21
1.1575448818897638
0
LINE
8
BLACK
6
CONTINUOUS
10
0.5361548031496063
20
1.1575448818897638
11
0.5353401574803149
21
1.158359527559055
0
LINE
8
BLACK
6
CONTINUOUS
10
0.5353401574803149
20
1.158359527559055
11
0.534899251968504
21
1.1594239370078741
0
LINE
8
BLACK
6
CONTINUOUS
10
0.534899251968504
20
1.1594239370078741
11
0.5348425196850394
21
1.1599999999999999
0
LINE
8
BLACK
6
CONTINUOUS
10
0.5348425196850394
20
1.1599999999999999
11
0.5348425196850394
21
1.24
0
LINE
8
BLACK
6
CONTINUOUS
10
0.5348425196850394
20
1.24
11
0.534899251968504
21
1.2405760629921259
0
LINE
8
BLACK
6
CONTINUOUS
10
0.534899251968504
20
1.2405760629921259
11
0.5353401574803149
21
1.2416404724409449
0
LINE
8
BLACK
6
CONTINUOUS
10
0.5353401574803149
20
1.2416404724409449
11
0.5361548031496063
21
1.2424551181102361
0
LINE
8
BLACK
6
CONTINUOUS
10
0.5361548031496063
20
1.2424551181102361
11
0.5372192125984252
21
1.2428960236220472
0
LINE
8
BLACK
6
CONTINUOUS
10
0.5372192125984252
20
1.2428960236220472
11
0.5383713385826772
21
1.2428960236220472
0
LINE
8
BLACK
6
CONTINUOUS
10
0.5383713385826772
20
1.2428960236220472
11
0.5394357480314961
21
1.2424551181102361
0
LINE
8
BLACK
6
CONTINUOUS
10
0.440576062992126
20
1.3406912992125983
11
0.4416404724409449
21
1.3402503937007875
0
LINE
8
BLACK
6
CONTINUOUS
10
0.4416404724409449
20
1.3402503937007875
11
0.4424551181102362
21
1.339435748031496
0
LINE
8
BLACK
6
CONTINUOUS
10
0.4424551181102362
20
1.339435748031496
11
0.4428960236220472
21
1.3383713385826772
0
LINE
8
BLACK
6
CONTINUOUS
10
0.4428960236220472
20
1.3383713385826772
11
0.4428960236220472
21
1.3372192125984252
0
LINE
8
BLACK
6
CONTINUOUS
10
0.4428960236220472
20
1.3372192125984252
11
0.4424551181102362
21
1.3361548031496062
0
LINE
8
BLACK
6
CONTINUOUS
10
0.4424551181102362
20
1.3361548031496062
11
0.4416404724409449
21
1.335340157480315
0
LINE
8
BLACK
6
CONTINUOUS
10
0.4416404724409449
20
1.335340157480315
11
0.440576062992126
21
1.3348992519685039
0
LINE
8
BLACK
6
CONTINUOUS
10
0.440576062992126
20
1.3348992519685039
11
0.44
21
1.3348425196850393
0
LINE
8
BLACK
6
CONTINUOUS
10
0.44
20
1.3348425196850393
11
0.36
21
1.3348425196850393
0
LINE
8
BLACK
6
CONTINUOUS
10
0.36
20
1.3348425196850393
11
0.359423937007874
21
1.3348992519685039
0
LINE
8
BLACK
6
CONTINUOUS
10
0.359423937007874
20
1.3348992519685039
11
0.3583595275590551
21
1.335340157480315
0
LINE
8
BLACK
6
CONTINUOUS
10
0.3583595275590551
20
1.335340157480315
11
0.3575448818897637
21
1.3361548031496062
0
LINE
8
BLACK
6
CONTINUOUS
10
0.3575448818897637
20
1.3361548031496062
11
0.3571039763779528
21
1.3372192125984252
0
LINE
8
BLACK
6
CONTINUOUS
10
0.3571039763779528
20
1.3372192125984252
11
0.3571039763779528
21
1.3383713385826772
0
LINE
8
BLACK
6
CONTINUOUS
10
0.3571039763779528
20
1.3383713385826772
11
0.3575448818897637
21
1.339435748031496
0
LINE
8
BLACK
6
CONTINUOUS
10
0.3575448818897637
20
1.339435748031496
11
0.3583595275590551
21
1.3402503937007875
0
LINE
8
BLACK
6
CONTINUOUS
10
0.3583595275590551
20
1.3402503937007875
11
0.359423937007874
21
1.3406912992125983
0
LINE
8
BLACK
6
CONTINUOUS
10
0.359423937007874
20
1.3406912992125983
11
0.36
21
1.3407480314960629
0
LINE
8
BLACK
6
CONTINUOUS
10
0.36
20
1.3407480314960629
11
0.44
21
1.3407480314960629
0
LINE
8
BLACK
6
CONTINUOUS
10
0.44
20
1.3407480314960629
11
0.440576062992126
21
1.3406912992125983
0
CIRCLE
8
BLACK
10
0.85
20
0.25
40
0.0068897637795276
0
CIRCLE
8
BLACK
10
0.75
20
0.25
40
0.0068897637795276
0
CIRCLE
8
BLACK
10
0.85
20
0.35
40
0.0068897637795276
0
CIRCLE
8
BLACK
10
0.75
20
0.35
40
0.0068897637795276
0
CIRCLE
8
BLACK
10
0.85
20
0.45
40
0.0068897637795276
0
CIRCLE
8
BLACK
10
0.75
20
0.45
40
0.0068897637795276
0
CIRCLE
8
BLACK
10
0.85
20
0.5499999999999999
40
0.0068897637795276
0
CIRCLE
8
BLACK
10
0.75
20
0.5499999999999999
40
0.0068897637795276
0
CIRCLE
8
BLACK
10
0.
20
1.2
40
0.0068897637795276
0
CIRCLE
8
BLACK
10
0.7999999999999999
20
0.
40
0.0068897637795276
0
CIRCLE
8
BLACK
10
0.85
20
0.65
40
0.0068897637795276
0
CIRCLE
8
BLACK
10
0.75
20
0.65
40
0.0068897637795276
0
CIRCLE
8
BLACK
10
0.85
20
0.75
40
0.0068897637795276
0
CIRCLE
8
BLACK
10
0.75
20
0.75
40
0.0068897637795276
0
CIRCLE
8
BLACK
10
0.85
20
0.85
40
0.0068897637795276
0
CIRCLE
8
BLACK
10
0.75
20
0.85
40
0.0068897637795276
0
CIRCLE
8
BLACK
10
0.85
20
0.95
40
0.0068897637795276
0
CIRCLE
8
BLACK
10
0.75
20
0.95
40
0.0068897637795276
0
CIRCLE
8
BLACK
10
0.4
20
0.
40
0.0068897637795276
0
CIRCLE
8
BLACK
10
0.3
20
0.1
40
0.0068897637795276
0
CIRCLE
8
BLACK
10
0.3
20
-0.1
40
0.0068897637795276
0
CIRCLE
8
BLACK
10
0.5
20
0.1
40
0.0068897637795276
0
CIRCLE
8
BLACK
10
0.5
20
-0.1
40
0.0068897637795276
0
CIRCLE
8
BLACK
10
0.4
20
0.7
40
0.0068897637795276
0
CIRCLE
8
BLACK
10
0.5
20
0.7
40
0.0068897637795276
0
CIRCLE
8
BLACK
10
0.4
20
0.6
40
0.0068897637795276
0
CIRCLE
8
BLACK
10
0.5
20
0.6
40
0.0068897637795276
0
CIRCLE
8
BLACK
10
0.4
20
0.5
40
0.0068897637795276
0
CIRCLE
8
BLACK
10
0.5
20
0.5
40
0.0068897637795276
0
CIRCLE
8
BLACK
10
0.
20
0.7999999999999999
40
0.0068897637795276
0
CIRCLE
8
BLACK
10
-0.1
20
0.9
40
0.0068897637795276
0
CIRCLE
8
BLACK
10
-0.1
20
0.7
40
0.0068897637795276
0
CIRCLE
8
BLACK
10
0.1
20
0.9
40
0.0068897637795276
0
CIRCLE
8
BLACK
10
0.1
20
0.7
40
0.0068897637795276
0
CIRCLE
8
BLACK
10
0.
20
0.
40
0.0068897637795276
0
CIRCLE
8
BLACK
10
0.7999999999999999
20
1.2
40
0.0068897637795276
0
CIRCLE
8
BLACK
10
0.4
20
1.2
40
0.0068897637795276
0
CIRCLE
8
BLACK
10
0.3
20
1.3
40
0.0068897637795276
0
CIRCLE
8
BLACK
10
0.3
20
1.0999999999999999
40
0.0068897637795276
0
CIRCLE
8
BLACK
10
0.5
20
1.3
40
0.0068897637795276
0
CIRCLE
8
BLACK
10
0.5
20
1.0999999999999999
40
0.0068897637795276
0
CIRCLE
8
BLACK
10
0.
20
0.4
40
0.0068897637795276
0
CIRCLE
8
BLACK
10
-0.1
20
0.5
40
0.0068897637795276
0
CIRCLE
8
BLACK
10
-0.1
20
0.3
40
0.0068897637795276
0
CIRCLE
8
BLACK
10
0.1
20
0.5
40
0.0068897637795276
0
CIRCLE
8
BLACK
10
0.1
20
0.3
40
0.0068897637795276
0
CIRCLE
8
BLACK
10
0.85
20
0.25
40
0.0068897637795276
0
CIRCLE
8
BLACK
10
0.75
20
0.25
40
0.0068897637795276
0
CIRCLE
8
BLACK
10
0.85
20
0.35
40
0.0068897637795276
0
CIRCLE
8
BLACK
10
0.75
20
0.35
40
0.0068897637795276
0
CIRCLE
8
BLACK
10
0.85
20
0.45
40
0.0068897637795276
0
CIRCLE
8
BLACK
10
0.75
20
0.45
40
0.0068897637795276
0
CIRCLE
8
BLACK
10
0.85
20
0.5499999999999999
40
0.0068897637795276
0
CIRCLE
8
BLACK
10
0.75
20
0.5499999999999999
40
0.0068897637795276
0
CIRCLE
8
BLACK
10
0.
20
1.2
40
0.0068897637795276
0
CIRCLE
8
BLACK
10
0.7999999999999999
20
0.
40
0.0068897637795276
0
CIRCLE
8
BLACK
10
0.85
20
0.65
40
0.0068897637795276
0
CIRCLE
8
BLACK
10
0.75
20
0.65
40
0.0068897637795276
0
CIRCLE
8
BLACK
10
0.85
20
0.75
40
0.0068897637795276
0
CIRCLE
8
BLACK
10
0.75
20
0.75
40
0.0068897637795276
0
CIRCLE
8
BLACK
10
0.85
20
0.85
40
0.0068897637795276
0
CIRCLE
8
BLACK
10
0.75
20
0.85
40
0.0068897637795276
0
CIRCLE
8
BLACK
10
0.85
20
0.95
40
0.0068897637795276
0
CIRCLE
8
BLACK
10
0.75
20
0.95
40
0.0068897637795276
0
CIRCLE
8
BLACK
10
0.4
20
0.
40
0.0068897637795276
0
CIRCLE
8
BLACK
10
0.3
20
0.1
40
0.0068897637795276
0
CIRCLE
8
BLACK
10
0.3
20
-0.1
40
0.0068897637795276
0
CIRCLE
8
BLACK
10
0.5
20
0.1
40
0.0068897637795276
0
CIRCLE
8
BLACK
10
0.5
20
-0.1
40
0.0068897637795276
0
CIRCLE
8
BLACK
10
0.4
20
0.7
40
0.0068897637795276
0
CIRCLE
8
BLACK
10
0.5
20
0.7
40
0.0068897637795276
0
CIRCLE
8
BLACK
10
0.4
20
0.6
40
0.0068897637795276
0
CIRCLE
8
BLACK
10
0.5
20
0.6
40
0.0068897637795276
0
CIRCLE
8
BLACK
10
0.4
20
0.5
40
0.0068897637795276
0
CIRCLE
8
BLACK
10
0.5
20
0.5
40
0.0068897637795276
0
CIRCLE
8
BLACK
10
0.
20
0.7999999999999999
40
0.0068897637795276
0
CIRCLE
8
BLACK
10
-0.1
20
0.9
40
0.0068897637795276
0
CIRCLE
8
BLACK
10
-0.1
20
0.7
40
0.0068897637795276
0
CIRCLE
8
BLACK
10
0.1
20
0.9
40
0.0068897637795276
0
CIRCLE
8
BLACK
10
0.1
20
0.7
40
0.0068897637795276
0
CIRCLE
8
BLACK
10
0.
20
0.
40
0.0068897637795276
0
CIRCLE
8
BLACK
10
0.7999999999999999
20
1.2
40
0.0068897637795276
0
CIRCLE
8
BLACK
10
0.4
20
1.2
40
0.0068897637795276
0
CIRCLE
8
BLACK
10
0.3
20
1.3
40
0.0068897637795276
0
CIRCLE
8
BLACK
10
0.3
20
1.0999999999999999
40
0.0068897637795276
0
CIRCLE
8
BLACK
10
0.5
20
1.3
40
0.0068897637795276
0
CIRCLE
8
BLACK
10
0.5
20
1.0999999999999999
40
0.0068897637795276
0
CIRCLE
8
BLACK
10
0.
20
0.4
40
0.0068897637795276
0
CIRCLE
8
BLACK
10
-0.1
20
0.5
40
0.0068897637795276
0
CIRCLE
8
BLACK
10
-0.1
20
0.3
40
0.0068897637795276
0
CIRCLE
8
BLACK
10
0.1
20
0.5
40
0.0068897637795276
0
CIRCLE
8
BLACK
10
0.1
20
0.3
40
0.0068897637795276
  0
ENDSEC
  0
EOF
