  0
SECTION
  2
HEADER
  9
$ANGBASE
  50
0.0
  9
$ANGDIR
  70
1
  9
$MEASUREMENT
  70
0
  0
ENDSEC
  0
SECTION
  2
TABLES
  0
TABLE
  2
LTYPE
  70
4
  0
LTYPE
  5
40F
  2
CONTINUOUS
  70
0
  3
Solid line
  72
65
  73
0
  40
0.0
  0
LTYPE
  5
410
  2
DASHDOT
 70
0
  3
Dash Dot ____ _ ____ _
 72
65
 73
4
 40
2.0
 49
1.25
 49
-0.25
 49
0.25
 49
-0.25
  0
LTYPE
  5
411
  2
DASHED
 70
0
  3
Dashed __ __ __ __ __
 72
65
 73
2
 40
0.75
 49
0.5
 49
-0.25
  0
LTYPE
  5
43B
  2
DOTTED
 70
0
  3
Dotted .  .  .  .
 72
65
 73
2
 40
0.2
 49
0.0
 49
-0.2
  0
ENDTAB
  0
TABLE
  2
STYLE
  70
4
  0
STYLE
  2
KICAD
  70
0
  40
0
  41
1
  42
1
  50
0
  71
0
  3
isocp.shx
  0
STYLE
  2
KICADB
  70
0
  40
0
  41
1
  42
1
  50
0
  71
0
  3
isocp.shx
  0
STYLE
  2
KICADI
  70
0
  40
0
  41
1
  42
1
  50
15
  71
0
  3
isocp.shx
  0
STYLE
  2
KICADBI
  70
0
  40
0
  41
1
  42
1
  50
15
  71
0
  3
isocp.shx
  0
ENDTAB
  0
TABLE
  2
LAYER
  70
1
  0
LAYER
  2
BLACK
  70
0
  62
7
  6
CONTINUOUS
  0
ENDTAB
  0
ENDSEC
  0
SECTION
  2
ENTITIES
0
LINE
8
BLACK
6
CONTINUOUS
10
0.3849738188976378
20
0.0296312598425197
11
0.3857884645669291
21
0.0288166141732283
0
LINE
8
BLACK
6
CONTINUOUS
10
0.3857884645669291
20
0.0288166141732283
11
0.3862293700787401
21
0.0277522047244094
0
LINE
8
BLACK
6
CONTINUOUS
10
0.3862293700787401
20
0.0277522047244094
11
0.3862861023622047
21
0.0271761417322835
0
LINE
8
BLACK
6
CONTINUOUS
10
0.3862861023622047
20
0.0271761417322835
11
0.3862861023622047
21
-0.0085381496062992
0
LINE
8
BLACK
6
CONTINUOUS
10
0.3862861023622047
20
-0.0085381496062992
11
0.3862573622047244
21
-0.0088297244094488
0
LINE
8
BLACK
6
CONTINUOUS
10
0.3862573622047244
20
-0.0088297244094488
11
0.3862629133858267
21
-0.0089074803149606
0
LINE
8
BLACK
6
CONTINUOUS
10
0.3862629133858267
20
-0.0089074803149606
11
0.3862396456692913
21
-0.0090097244094488
0
LINE
8
BLACK
6
CONTINUOUS
10
0.3862396456692913
20
-0.0090097244094488
11
0.3862293700787401
21
-0.0091142125984252
0
LINE
8
BLACK
6
CONTINUOUS
10
0.3862293700787401
20
-0.0091142125984252
11
0.3861994881889764
21
-0.0091862598425197
0
LINE
8
BLACK
6
CONTINUOUS
10
0.3861994881889764
20
-0.0091862598425197
11
0.3861345669291338
21
-0.0094719291338583
0
LINE
8
BLACK
6
CONTINUOUS
10
0.3861345669291338
20
-0.0094719291338583
11
0.3837535826771654
21
-0.0166147244094488
0
LINE
8
BLACK
6
CONTINUOUS
10
0.3837535826771654
20
-0.0166147244094488
11
0.3835175984251968
21
-0.0171433070866142
0
LINE
8
BLACK
6
CONTINUOUS
10
0.3835175984251968
20
-0.0171433070866142
11
0.3834480708661417
21
-0.0172234251968504
0
LINE
8
BLACK
6
CONTINUOUS
10
0.3834480708661417
20
-0.0172234251968504
11
0.3834075196850394
21
-0.0173214173228346
0
LINE
8
BLACK
6
CONTINUOUS
10
0.3834075196850394
20
-0.0173214173228346
11
0.3830402755905511
21
-0.0177688976377953
0
LINE
8
BLACK
6
CONTINUOUS
10
0.3830402755905511
20
-0.0177688976377953
11
0.3782783858267716
21
-0.0225308267716535
0
LINE
8
BLACK
6
CONTINUOUS
10
0.3782783858267716
20
-0.0225308267716535
11
0.3778309448818897
21
-0.022898031496063
0
LINE
8
BLACK
6
CONTINUOUS
10
0.3778309448818897
20
-0.022898031496063
11
0.3777329527559055
21
-0.0229385826771654
0
LINE
8
BLACK
6
CONTINUOUS
10
0.3777329527559055
20
-0.0229385826771654
11
0.3776527952755905
21
-0.0230081496062992
0
LINE
8
BLACK
6
CONTINUOUS
10
0.3776527952755905
20
-0.0230081496062992
11
0.3771242125984252
21
-0.0232441338582677
0
LINE
8
BLACK
6
CONTINUOUS
10
0.3771242125984252
20
-0.0232441338582677
11
0.3699813385826772
21
-0.0256250787401575
0
LINE
8
BLACK
6
CONTINUOUS
10
0.3699813385826772
20
-0.0256250787401575
11
0.3696957480314961
21
-0.02569
0
LINE
8
BLACK
6
CONTINUOUS
10
0.3696957480314961
20
-0.02569
11
0.3696236614173228
21
-0.0257198818897638
0
LINE
8
BLACK
6
CONTINUOUS
10
0.3696236614173228
20
-0.0257198818897638
11
0.3695191338582677
21
-0.025730157480315
0
LINE
8
BLACK
6
CONTINUOUS
10
0.3695191338582677
20
-0.025730157480315
11
0.3694168897637795
21
-0.0257534251968504
0
LINE
8
BLACK
6
CONTINUOUS
10
0.3694168897637795
20
-0.0257534251968504
11
0.3693391338582677
21
-0.025747874015748
0
LINE
8
BLACK
6
CONTINUOUS
10
0.3693391338582677
20
-0.025747874015748
11
0.3690475984251969
21
-0.0257766141732283
0
LINE
8
BLACK
6
CONTINUOUS
10
0.3690475984251969
20
-0.0257766141732283
11
0.3642857086614173
21
-0.0257766141732283
0
LINE
8
BLACK
6
CONTINUOUS
10
0.3642857086614173
20
-0.0257766141732283
11
0.3637096456692913
21
-0.0257198818897638
0
LINE
8
BLACK
6
CONTINUOUS
10
0.3637096456692913
20
-0.0257198818897638
11
0.3626452362204725
21
-0.0252789763779528
0
LINE
8
BLACK
6
CONTINUOUS
10
0.3626452362204725
20
-0.0252789763779528
11
0.3618305905511811
21
-0.0244643307086614
0
LINE
8
BLACK
6
CONTINUOUS
10
0.3618305905511811
20
-0.0244643307086614
11
0.3613896850393701
21
-0.0233999212598425
0
LINE
8
BLACK
6
CONTINUOUS
10
0.3613896850393701
20
-0.0233999212598425
11
0.3613896850393701
21
-0.0222477952755906
0
LINE
8
BLACK
6
CONTINUOUS
10
0.3613896850393701
20
-0.0222477952755906
11
0.3618305905511811
21
-0.0211833858267717
0
LINE
8
BLACK
6
CONTINUOUS
10
0.3618305905511811
20
-0.0211833858267717
11
0.3626452362204725
21
-0.0203687401574803
0
LINE
8
BLACK
6
CONTINUOUS
10
0.3626452362204725
20
-0.0203687401574803
11
0.3637096456692913
21
-0.0199278346456693
0
LINE
8
BLACK
6
CONTINUOUS
10
0.3637096456692913
20
-0.0199278346456693
11
0.3642857086614173
21
-0.0198711023622047
0
LINE
8
BLACK
6
CONTINUOUS
10
0.3642857086614173
20
-0.0198711023622047
11
0.3685684645669291
21
-0.0198711023622047
0
LINE
8
BLACK
6
CONTINUOUS
10
0.3685684645669291
20
-0.0198711023622047
11
0.3745953937007874
21
-0.017862125984252
0
LINE
8
BLACK
6
CONTINUOUS
10
0.3745953937007874
20
-0.017862125984252
11
0.3783715748031496
21
-0.0140859448818898
0
LINE
8
BLACK
6
CONTINUOUS
10
0.3783715748031496
20
-0.0140859448818898
11
0.3803805905511811
21
-0.0080589763779528
0
LINE
8
BLACK
6
CONTINUOUS
10
0.3803805905511811
20
-0.0080589763779528
11
0.3803805905511811
21
0.0271761417322835
0
LINE
8
BLACK
6
CONTINUOUS
10
0.3803805905511811
20
0.0271761417322835
11
0.3804373228346457
21
0.0277522047244094
0
LINE
8
BLACK
6
CONTINUOUS
10
0.3804373228346457
20
0.0277522047244094
11
0.3808782283464567
21
0.0288166141732283
0
LINE
8
BLACK
6
CONTINUOUS
10
0.3808782283464567
20
0.0288166141732283
11
0.381692874015748
21
0.0296312598425197
0
LINE
8
BLACK
6
CONTINUOUS
10
0.381692874015748
20
0.0296312598425197
11
0.3827572834645669
21
0.0300721653543307
0
LINE
8
BLACK
6
CONTINUOUS
10
0.3827572834645669
20
0.0300721653543307
11
0.3839094094488189
21
0.0300721653543307
0
LINE
8
BLACK
6
CONTINUOUS
10
0.3839094094488189
20
0.0300721653543307
11
0.3849738188976378
21
0.0296312598425197
0
LINE
8
BLACK
6
CONTINUOUS
10
0.4243855905511811
20
0.0300721653543307
11
0.4244835826771653
21
0.0300315748031496
0
LINE
8
BLACK
6
CONTINUOUS
10
0.4244835826771653
20
0.0300315748031496
11
0.4245894094488189
21
0.0300240551181102
0
LINE
8
BLACK
6
CONTINUOUS
10
0.4245894094488189
20
0.0300240551181102
11
0.4251300393700787
21
0.0298171653543307
0
LINE
8
BLACK
6
CONTINUOUS
10
0.4251300393700787
20
0.0298171653543307
11
0.4298919291338583
21
0.0274362204724409
0
LINE
8
BLACK
6
CONTINUOUS
10
0.4298919291338583
20
0.0274362204724409
11
0.430139842519685
21
0.027280157480315
0
LINE
8
BLACK
6
CONTINUOUS
10
0.430139842519685
20
0.027280157480315
11
0.4302118897637795
21
0.0272503149606299
0
LINE
8
BLACK
6
CONTINUOUS
10
0.4302118897637795
20
0.0272503149606299
11
0.4302929527559055
21
0.0271837795275591
0
LINE
8
BLACK
6
CONTINUOUS
10
0.4302929527559055
20
0.0271837795275591
11
0.4303817716535433
21
0.027127874015748
0
LINE
8
BLACK
6
CONTINUOUS
10
0.4303817716535433
20
0.027127874015748
11
0.4304328346456693
21
0.0270689763779528
0
LINE
8
BLACK
6
CONTINUOUS
10
0.4304328346456693
20
0.0270689763779528
11
0.4306593307086614
21
0.0268831102362205
0
LINE
8
BLACK
6
CONTINUOUS
10
0.4306593307086614
20
0.0268831102362205
11
0.4330402755905512
21
0.0245021653543307
0
LINE
8
BLACK
6
CONTINUOUS
10
0.4330402755905512
20
0.0245021653543307
11
0.4332261023622047
21
0.0242757086614173
0
LINE
8
BLACK
6
CONTINUOUS
10
0.4332261023622047
20
0.0242757086614173
11
0.433285
21
0.0242246456692913
0
LINE
8
BLACK
6
CONTINUOUS
10
0.433285
20
0.0242246456692913
11
0.4333408661417323
21
0.024135905511811
0
LINE
8
BLACK
6
CONTINUOUS
10
0.4333408661417323
20
0.024135905511811
11
0.4334074803149606
21
0.0240547244094488
0
LINE
8
BLACK
6
CONTINUOUS
10
0.4334074803149606
20
0.0240547244094488
11
0.4334373228346456
21
0.0239826771653543
0
LINE
8
BLACK
6
CONTINUOUS
10
0.4334373228346456
20
0.0239826771653543
11
0.4335933858267716
21
0.0237347637795276
0
LINE
8
BLACK
6
CONTINUOUS
10
0.4335933858267716
20
0.0237347637795276
11
0.4359743700787401
21
0.018972874015748
0
LINE
8
BLACK
6
CONTINUOUS
10
0.4359743700787401
20
0.018972874015748
11
0.4361812598425197
21
0.0184322834645669
0
LINE
8
BLACK
6
CONTINUOUS
10
0.4361812598425197
20
0.0184322834645669
11
0.436188779527559
21
0.0183264173228346
0
LINE
8
BLACK
6
CONTINUOUS
10
0.436188779527559
20
0.0183264173228346
11
0.4362293700787401
21
0.0182284251968504
0
LINE
8
BLACK
6
CONTINUOUS
10
0.4362293700787401
20
0.0182284251968504
11
0.4362861023622047
21
0.0176523622047244
0
LINE
8
BLACK
6
CONTINUOUS
10
0.4362861023622047
20
0.0176523622047244
11
0.4362861023622047
21
0.0128904330708661
0
LINE
8
BLACK
6
CONTINUOUS
10
0.4362861023622047
20
0.0128904330708661
11
0.4362573622047244
21
0.0125988582677165
0
LINE
8
BLACK
6
CONTINUOUS
10
0.4362573622047244
20
0.0125988582677165
11
0.4362629133858268
21
0.0125211023622047
0
LINE
8
BLACK
6
CONTINUOUS
10
0.4362629133858268
20
0.0125211023622047
11
0.4362396456692914
21
0.0124188582677165
0
LINE
8
BLACK
6
CONTINUOUS
10
0.4362396456692914
20
0.0124188582677165
11
0.4362293700787401
21
0.0123143700787402
0
LINE
8
BLACK
6
CONTINUOUS
10
0.4362293700787401
20
0.0123143700787402
11
0.4361994881889764
21
0.0122423228346457
0
LINE
8
BLACK
6
CONTINUOUS
10
0.4361994881889764
20
0.0122423228346457
11
0.4361345669291338
21
0.0119566535433071
0
LINE
8
BLACK
6
CONTINUOUS
10
0.4361345669291338
20
0.0119566535433071
11
0.4337535826771654
21
0.0048138582677165
0
LINE
8
BLACK
6
CONTINUOUS
10
0.4337535826771654
20
0.0048138582677165
11
0.4335175984251968
21
0.0042852755905512
0
LINE
8
BLACK
6
CONTINUOUS
10
0.4335175984251968
20
0.0042852755905512
11
0.433448031496063
21
0.0042051181102362
0
LINE
8
BLACK
6
CONTINUOUS
10
0.433448031496063
20
0.0042051181102362
11
0.4334074803149606
21
0.004107125984252
0
LINE
8
BLACK
6
CONTINUOUS
10
0.4334074803149606
20
0.004107125984252
11
0.4330402755905512
21
0.0036596850393701
0
LINE
8
BLACK
6
CONTINUOUS
10
0.4330402755905512
20
0.0036596850393701
11
0.4095095275590551
21
-0.0198711023622047
0
LINE
8
BLACK
6
CONTINUOUS
10
0.4095095275590551
20
-0.0198711023622047
11
0.4333333464566929
21
-0.0198711023622047
0
LINE
8
BLACK
6
CONTINUOUS
10
0.4333333464566929
20
-0.0198711023622047
11
0.4339094094488189
21
-0.0199278346456693
0
LINE
8
BLACK
6
CONTINUOUS
10
0.4339094094488189
20
-0.0199278346456693
11
0.4349738188976378
21
-0.0203687401574803
0
LINE
8
BLACK
6
CONTINUOUS
10
0.4349738188976378
20
-0.0203687401574803
11
0.4357884645669291
21
-0.0211833858267717
0
LINE
8
BLACK
6
CONTINUOUS
10
0.4357884645669291
20
-0.0211833858267717
11
0.4362293700787401
21
-0.0222477952755906
0
LINE
8
BLACK
6
CONTINUOUS
10
0.4362293700787401
20
-0.0222477952755906
11
0.4362293700787401
21
-0.0233999212598425
0
LINE
8
BLACK
6
CONTINUOUS
10
0.4362293700787401
20
-0.0233999212598425
11
0.4357884645669291
21
-0.0244643307086614
0
LINE
8
BLACK
6
CONTINUOUS
10
0.4357884645669291
20
-0.0244643307086614
11
0.4349738188976378
21
-0.0252789763779528
0
LINE
8
BLACK
6
CONTINUOUS
10
0.4349738188976378
20
-0.0252789763779528
11
0.4339094094488189
21
-0.0257198818897638
0
LINE
8
BLACK
6
CONTINUOUS
10
0.4339094094488189
20
-0.0257198818897638
11
0.4333333464566929
21
-0.0257766141732283
0
LINE
8
BLACK
6
CONTINUOUS
10
0.4333333464566929
20
-0.0257766141732283
11
0.4023809448818897
21
-0.0257766141732283
0
LINE
8
BLACK
6
CONTINUOUS
10
0.4023809448818897
20
-0.0257766141732283
11
0.4018048818897638
21
-0.0257198818897638
0
LINE
8
BLACK
6
CONTINUOUS
10
0.4018048818897638
20
-0.0257198818897638
11
0.4007404724409449
21
-0.0252789763779528
0
LINE
8
BLACK
6
CONTINUOUS
10
0.4007404724409449
20
-0.0252789763779528
11
0.3999258267716536
21
-0.0244643307086614
0
LINE
8
BLACK
6
CONTINUOUS
10
0.3999258267716536
20
-0.0244643307086614
11
0.3994849212598425
21
-0.0233999212598425
0
LINE
8
BLACK
6
CONTINUOUS
10
0.3994849212598425
20
-0.0233999212598425
11
0.3994849212598425
21
-0.0222477952755906
0
LINE
8
BLACK
6
CONTINUOUS
10
0.3994849212598425
20
-0.0222477952755906
11
0.3999258267716536
21
-0.0211833858267717
0
LINE
8
BLACK
6
CONTINUOUS
10
0.3999258267716536
20
-0.0211833858267717
11
0.400293031496063
21
-0.0207359448818898
0
LINE
8
BLACK
6
CONTINUOUS
10
0.400293031496063
20
-0.0207359448818898
11
0.4283715748031496
21
0.0073426771653543
0
LINE
8
BLACK
6
CONTINUOUS
10
0.4283715748031496
20
0.0073426771653543
11
0.4303805905511811
21
0.0133696062992126
0
LINE
8
BLACK
6
CONTINUOUS
10
0.4303805905511811
20
0.0133696062992126
11
0.4303805905511811
21
0.0169552755905512
0
LINE
8
BLACK
6
CONTINUOUS
10
0.4303805905511811
20
0.0169552755905512
11
0.4285256299212598
21
0.020665157480315
0
LINE
8
BLACK
6
CONTINUOUS
10
0.4285256299212598
20
0.020665157480315
11
0.4268223228346457
21
0.0223684645669291
0
LINE
8
BLACK
6
CONTINUOUS
10
0.4268223228346457
20
0.0223684645669291
11
0.4231124803149606
21
0.0242233858267717
0
LINE
8
BLACK
6
CONTINUOUS
10
0.4231124803149606
20
0.0242233858267717
11
0.4126017716535433
21
0.0242233858267717
0
LINE
8
BLACK
6
CONTINUOUS
10
0.4126017716535433
20
0.0242233858267717
11
0.4088919291338582
21
0.0223684645669291
0
LINE
8
BLACK
6
CONTINUOUS
10
0.4088919291338582
20
0.0223684645669291
11
0.4068498031496063
21
0.0203263385826772
0
LINE
8
BLACK
6
CONTINUOUS
10
0.4068498031496063
20
0.0203263385826772
11
0.4064023622047244
21
0.0199591338582677
0
LINE
8
BLACK
6
CONTINUOUS
10
0.4064023622047244
20
0.0199591338582677
11
0.4053379133858268
21
0.0195182283464567
0
LINE
8
BLACK
6
CONTINUOUS
10
0.4053379133858268
20
0.0195182283464567
11
0.4041858661417323
21
0.0195182283464567
0
LINE
8
BLACK
6
CONTINUOUS
10
0.4041858661417323
20
0.0195182283464567
11
0.4031214173228346
21
0.0199591338582677
0
LINE
8
BLACK
6
CONTINUOUS
10
0.4031214173228346
20
0.0199591338582677
11
0.4023067716535433
21
0.0207737795275591
0
LINE
8
BLACK
6
CONTINUOUS
10
0.4023067716535433
20
0.0207737795275591
11
0.4018658661417323
21
0.0218382283464567
0
LINE
8
BLACK
6
CONTINUOUS
10
0.4018658661417323
20
0.0218382283464567
11
0.4018658661417323
21
0.0229902755905512
0
LINE
8
BLACK
6
CONTINUOUS
10
0.4018658661417323
20
0.0229902755905512
11
0.4023067716535433
21
0.0240547244094488
0
LINE
8
BLACK
6
CONTINUOUS
10
0.4023067716535433
20
0.0240547244094488
11
0.4026739763779528
21
0.0245021653543307
0
LINE
8
BLACK
6
CONTINUOUS
10
0.4026739763779528
20
0.0245021653543307
11
0.4050549212598425
21
0.0268831102362205
0
LINE
8
BLACK
6
CONTINUOUS
10
0.4050549212598425
20
0.0268831102362205
11
0.4052812598425197
21
0.0270688976377953
0
LINE
8
BLACK
6
CONTINUOUS
10
0.4052812598425197
20
0.0270688976377953
11
0.4053324409448819
21
0.027127874015748
0
LINE
8
BLACK
6
CONTINUOUS
10
0.4053324409448819
20
0.027127874015748
11
0.4054213779527559
21
0.0271838582677165
0
LINE
8
BLACK
6
CONTINUOUS
10
0.4054213779527559
20
0.0271838582677165
11
0.4055023622047244
21
0.0272503149606299
0
LINE
8
BLACK
6
CONTINUOUS
10
0.4055023622047244
20
0.0272503149606299
11
0.4055742913385827
21
0.027280157480315
0
LINE
8
BLACK
6
CONTINUOUS
10
0.4055742913385827
20
0.027280157480315
11
0.4058223228346456
21
0.0274362204724409
0
LINE
8
BLACK
6
CONTINUOUS
10
0.4058223228346456
20
0.0274362204724409
11
0.410584251968504
21
0.0298171653543307
0
LINE
8
BLACK
6
CONTINUOUS
10
0.410584251968504
20
0.0298171653543307
11
0.4111248818897638
21
0.0300240551181102
0
LINE
8
BLACK
6
CONTINUOUS
10
0.4111248818897638
20
0.0300240551181102
11
0.4112306692913386
21
0.0300315748031496
0
LINE
8
BLACK
6
CONTINUOUS
10
0.4112306692913386
20
0.0300315748031496
11
0.4113287007874016
21
0.0300721653543307
0
LINE
8
BLACK
6
CONTINUOUS
10
0.4113287007874016
20
0.0300721653543307
11
0.4119047637795276
21
0.0301288976377953
0
LINE
8
BLACK
6
CONTINUOUS
10
0.4119047637795276
20
0.0301288976377953
11
0.4238095275590551
21
0.0301288976377953
0
LINE
8
BLACK
6
CONTINUOUS
10
0.4238095275590551
20
0.0301288976377953
11
0.4243855905511811
21
0.0300721653543307
0
LINE
8
BLACK
6
CONTINUOUS
10
0.4171879133858268
20
0.0864094488188976
11
0.4283195669291339
21
0.0834267322834646
0
LINE
8
BLACK
6
CONTINUOUS
10
0.4283195669291339
20
0.0834267322834646
11
0.4389666535433071
21
0.0790165748031496
0
LINE
8
BLACK
6
CONTINUOUS
10
0.4389666535433071
20
0.0790165748031496
11
0.4489470472440945
21
0.0732544094488189
0
LINE
8
BLACK
6
CONTINUOUS
10
0.4489470472440945
20
0.0732544094488189
11
0.4580898818897638
21
0.0662388188976378
0
LINE
8
BLACK
6
CONTINUOUS
10
0.4580898818897638
20
0.0662388188976378
11
0.4662388188976378
21
0.0580898818897638
0
LINE
8
BLACK
6
CONTINUOUS
10
0.4662388188976378
20
0.0580898818897638
11
0.4732544094488189
21
0.0489470472440945
0
LINE
8
BLACK
6
CONTINUOUS
10
0.4732544094488189
20
0.0489470472440945
11
0.4790165748031496
21
0.0389666535433071
0
LINE
8
BLACK
6
CONTINUOUS
10
0.4790165748031496
20
0.0389666535433071
11
0.4834267322834646
21
0.0283195669291339
0
LINE
8
BLACK
6
CONTINUOUS
10
0.4834267322834646
20
0.0283195669291339
11
0.4864094488188976
21
0.0171879133858268
0
LINE
8
BLACK
6
CONTINUOUS
10
0.4864094488188976
20
0.0171879133858268
11
0.4879137007874015
21
0.0057621653543307
0
LINE
8
BLACK
6
CONTINUOUS
10
0.4879137007874015
20
0.0057621653543307
11
0.4879137007874015
21
-0.0057621653543307
0
LINE
8
BLACK
6
CONTINUOUS
10
0.4879137007874015
20
-0.0057621653543307
11
0.4864094488188976
21
-0.0171879133858268
0
LINE
8
BLACK
6
CONTINUOUS
10
0.4864094488188976
20
-0.0171879133858268
11
0.4834267322834646
21
-0.0283195669291339
0
LINE
8
BLACK
6
CONTINUOUS
10
0.4834267322834646
20
-0.0283195669291339
11
0.4790165748031496
21
-0.0389666535433071
0
LINE
8
BLACK
6
CONTINUOUS
10
0.4790165748031496
20
-0.0389666535433071
11
0.4732544094488189
21
-0.0489470472440945
0
LINE
8
BLACK
6
CONTINUOUS
10
0.4732544094488189
20
-0.0489470472440945
11
0.4662388188976378
21
-0.0580898818897638
0
LINE
8
BLACK
6
CONTINUOUS
10
0.4662388188976378
20
-0.0580898818897638
11
0.4580898818897638
21
-0.0662388188976378
0
LINE
8
BLACK
6
CONTINUOUS
10
0.4580898818897638
20
-0.0662388188976378
11
0.4489470472440945
21
-0.0732544094488189
0
LINE
8
BLACK
6
CONTINUOUS
10
0.4489470472440945
20
-0.0732544094488189
11
0.4389666535433071
21
-0.0790165748031496
0
LINE
8
BLACK
6
CONTINUOUS
10
0.4389666535433071
20
-0.0790165748031496
11
0.4283195669291339
21
-0.0834267322834646
0
LINE
8
BLACK
6
CONTINUOUS
10
0.4283195669291339
20
-0.0834267322834646
11
0.4171879133858268
21
-0.0864094488188976
0
LINE
8
BLACK
6
CONTINUOUS
10
0.4171879133858268
20
-0.0864094488188976
11
0.4057621653543307
21
-0.0879137007874016
0
LINE
8
BLACK
6
CONTINUOUS
10
0.4057621653543307
20
-0.0879137007874016
11
0.3942378346456693
21
-0.0879137007874016
0
LINE
8
BLACK
6
CONTINUOUS
10
0.3942378346456693
20
-0.0879137007874016
11
0.3828120866141732
21
-0.0864094488188976
0
LINE
8
BLACK
6
CONTINUOUS
10
0.3828120866141732
20
-0.0864094488188976
11
0.3716804330708661
21
-0.0834267322834646
0
LINE
8
BLACK
6
CONTINUOUS
10
0.3716804330708661
20
-0.0834267322834646
11
0.3610333464566929
21
-0.0790165748031496
0
LINE
8
BLACK
6
CONTINUOUS
10
0.3610333464566929
20
-0.0790165748031496
11
0.3510529527559055
21
-0.0732544094488189
0
LINE
8
BLACK
6
CONTINUOUS
10
0.3510529527559055
20
-0.0732544094488189
11
0.3419101181102362
21
-0.0662388188976378
0
LINE
8
BLACK
6
CONTINUOUS
10
0.3419101181102362
20
-0.0662388188976378
11
0.3337611811023622
21
-0.0580898818897638
0
LINE
8
BLACK
6
CONTINUOUS
10
0.3337611811023622
20
-0.0580898818897638
11
0.3267455905511811
21
-0.0489470472440945
0
LINE
8
BLACK
6
CONTINUOUS
10
0.3267455905511811
20
-0.0489470472440945
11
0.3209834251968504
21
-0.0389666535433071
0
LINE
8
BLACK
6
CONTINUOUS
10
0.3209834251968504
20
-0.0389666535433071
11
0.3165732677165354
21
-0.0283195669291339
0
LINE
8
BLACK
6
CONTINUOUS
10
0.3165732677165354
20
-0.0283195669291339
11
0.3135905511811024
21
-0.0171879133858268
0
LINE
8
BLACK
6
CONTINUOUS
10
0.3135905511811024
20
-0.0171879133858268
11
0.3120862992125984
21
-0.0057621653543307
0
LINE
8
BLACK
6
CONTINUOUS
10
0.3120862992125984
20
-0.0057621653543307
11
0.3120862992125984
21
0.0053874803149606
0
LINE
8
BLACK
6
CONTINUOUS
10
0.3120862992125984
20
0.0053874803149606
11
0.3120862992125984
21
0.0057621653543307
0
LINE
8
BLACK
6
CONTINUOUS
10
0.3120862992125984
20
0.0057621653543307
11
0.3135905511811024
21
0.0171879133858268
0
LINE
8
BLACK
6
CONTINUOUS
10
0.3135905511811024
20
0.0171879133858268
11
0.3165732677165354
21
0.0283195669291339
0
LINE
8
BLACK
6
CONTINUOUS
10
0.3165732677165354
20
0.0283195669291339
11
0.3209834251968504
21
0.0389666535433071
0
LINE
8
BLACK
6
CONTINUOUS
10
0.3209834251968504
20
0.0389666535433071
11
0.3267455905511811
21
0.0489470472440945
0
LINE
8
BLACK
6
CONTINUOUS
10
0.3267455905511811
20
0.0489470472440945
11
0.3337611811023622
21
0.0580898818897638
0
LINE
8
BLACK
6
CONTINUOUS
10
0.3337611811023622
20
0.0580898818897638
11
0.3419101181102362
21
0.0662388188976378
0
LINE
8
BLACK
6
CONTINUOUS
10
0.3419101181102362
20
0.0662388188976378
11
0.3510529527559055
21
0.0732544094488189
0
LINE
8
BLACK
6
CONTINUOUS
10
0.3510529527559055
20
0.0732544094488189
11
0.3610333464566929
21
0.0790165748031496
0
LINE
8
BLACK
6
CONTINUOUS
10
0.3610333464566929
20
0.0790165748031496
11
0.3716804330708661
21
0.0834267322834646
0
LINE
8
BLACK
6
CONTINUOUS
10
0.3716804330708661
20
0.0834267322834646
11
0.3828120866141732
21
0.0864094488188976
0
LINE
8
BLACK
6
CONTINUOUS
10
0.3828120866141732
20
0.0864094488188976
11
0.3942378346456693
21
0.0879137007874016
0
LINE
8
BLACK
6
CONTINUOUS
10
0.3942378346456693
20
0.0879137007874016
11
0.4057621653543307
21
0.0879137007874016
0
LINE
8
BLACK
6
CONTINUOUS
10
0.4057621653543307
20
0.0879137007874016
11
0.4171879133858268
21
0.0864094488188976
0
LINE
8
BLACK
6
CONTINUOUS
10
0.3178031889763779
20
-0.0053874803149606
11
0.3192096062992126
21
-0.0160701968503937
0
LINE
8
BLACK
6
CONTINUOUS
10
0.3192096062992126
20
-0.0160701968503937
11
0.3219983464566929
21
-0.0264779921259843
0
LINE
8
BLACK
6
CONTINUOUS
10
0.3219983464566929
20
-0.0264779921259843
11
0.3261217322834646
21
-0.0364327165354331
0
LINE
8
BLACK
6
CONTINUOUS
10
0.3261217322834646
20
-0.0364327165354331
11
0.3315092125984252
21
-0.045764094488189
0
LINE
8
BLACK
6
CONTINUOUS
10
0.3315092125984252
20
-0.045764094488189
11
0.3380685433070866
21
-0.0543124015748031
0
LINE
8
BLACK
6
CONTINUOUS
10
0.3380685433070866
20
-0.0543124015748031
11
0.3456875984251969
21
-0.0619314566929134
0
LINE
8
BLACK
6
CONTINUOUS
10
0.3456875984251969
20
-0.0619314566929134
11
0.354235905511811
21
-0.0684907874015748
0
LINE
8
BLACK
6
CONTINUOUS
10
0.354235905511811
20
-0.0684907874015748
11
0.3635672834645669
21
-0.0738782677165354
0
LINE
8
BLACK
6
CONTINUOUS
10
0.3635672834645669
20
-0.0738782677165354
11
0.3735220078740157
21
-0.0780016535433071
0
LINE
8
BLACK
6
CONTINUOUS
10
0.3735220078740157
20
-0.0780016535433071
11
0.3839298031496063
21
-0.0807903937007874
0
LINE
8
BLACK
6
CONTINUOUS
10
0.3839298031496063
20
-0.0807903937007874
11
0.3946125196850394
21
-0.082196811023622
0
LINE
8
BLACK
6
CONTINUOUS
10
0.3946125196850394
20
-0.082196811023622
11
0.4053874803149606
21
-0.082196811023622
0
LINE
8
BLACK
6
CONTINUOUS
10
0.4053874803149606
20
-0.082196811023622
11
0.4160701968503937
21
-0.0807903937007874
0
LINE
8
BLACK
6
CONTINUOUS
10
0.4160701968503937
20
-0.0807903937007874
11
0.4264779921259843
21
-0.0780016535433071
0
LINE
8
BLACK
6
CONTINUOUS
10
0.4264779921259843
20
-0.0780016535433071
11
0.4364327165354331
21
-0.0738782677165354
0
LINE
8
BLACK
6
CONTINUOUS
10
0.4364327165354331
20
-0.0738782677165354
11
0.445764094488189
21
-0.0684907874015748
0
LINE
8
BLACK
6
CONTINUOUS
10
0.445764094488189
20
-0.0684907874015748
11
0.4543124015748031
21
-0.0619314566929134
0
LINE
8
BLACK
6
CONTINUOUS
10
0.4543124015748031
20
-0.0619314566929134
11
0.4619314566929134
21
-0.0543124015748031
0
LINE
8
BLACK
6
CONTINUOUS
10
0.4619314566929134
20
-0.0543124015748031
11
0.4684907874015748
21
-0.045764094488189
0
LINE
8
BLACK
6
CONTINUOUS
10
0.4684907874015748
20
-0.045764094488189
11
0.4738782677165354
21
-0.0364327165354331
0
LINE
8
BLACK
6
CONTINUOUS
10
0.4738782677165354
20
-0.0364327165354331
11
0.4780016535433071
21
-0.0264779921259843
0
LINE
8
BLACK
6
CONTINUOUS
10
0.4780016535433071
20
-0.0264779921259843
11
0.4807903937007874
21
-0.0160701968503937
0
LINE
8
BLACK
6
CONTINUOUS
10
0.4807903937007874
20
-0.0160701968503937
11
0.4821968110236221
21
-0.0053874803149606
0
LINE
8
BLACK
6
CONTINUOUS
10
0.4821968110236221
20
-0.0053874803149606
11
0.4821968110236221
21
0.0053874803149606
0
LINE
8
BLACK
6
CONTINUOUS
10
0.4821968110236221
20
0.0053874803149606
11
0.4807903937007874
21
0.0160701968503937
0
LINE
8
BLACK
6
CONTINUOUS
10
0.4807903937007874
20
0.0160701968503937
11
0.4780016535433071
21
0.0264779921259843
0
LINE
8
BLACK
6
CONTINUOUS
10
0.4780016535433071
20
0.0264779921259843
11
0.4738782677165354
21
0.0364327165354331
0
LINE
8
BLACK
6
CONTINUOUS
10
0.4738782677165354
20
0.0364327165354331
11
0.4684907874015748
21
0.045764094488189
0
LINE
8
BLACK
6
CONTINUOUS
10
0.4684907874015748
20
0.045764094488189
11
0.4619314566929134
21
0.0543124015748031
0
LINE
8
BLACK
6
CONTINUOUS
10
0.4619314566929134
20
0.0543124015748031
11
0.4543124015748031
21
0.0619314566929134
0
LINE
8
BLACK
6
CONTINUOUS
10
0.4543124015748031
20
0.0619314566929134
11
0.445764094488189
21
0.0684907874015748
0
LINE
8
BLACK
6
CONTINUOUS
10
0.445764094488189
20
0.0684907874015748
11
0.4364327165354331
21
0.0738782677165354
0
LINE
8
BLACK
6
CONTINUOUS
10
0.4364327165354331
20
0.0738782677165354
11
0.4264779921259843
21
0.0780016535433071
0
LINE
8
BLACK
6
CONTINUOUS
10
0.4264779921259843
20
0.0780016535433071
11
0.4160701968503937
21
0.0807903937007874
0
LINE
8
BLACK
6
CONTINUOUS
10
0.4160701968503937
20
0.0807903937007874
11
0.4053874803149606
21
0.082196811023622
0
LINE
8
BLACK
6
CONTINUOUS
10
0.4053874803149606
20
0.082196811023622
11
0.3946125196850394
21
0.082196811023622
0
LINE
8
BLACK
6
CONTINUOUS
10
0.3946125196850394
20
0.082196811023622
11
0.3839298031496063
21
0.0807903937007874
0
LINE
8
BLACK
6
CONTINUOUS
10
0.3839298031496063
20
0.0807903937007874
11
0.3735220078740157
21
0.0780016535433071
0
LINE
8
BLACK
6
CONTINUOUS
10
0.3735220078740157
20
0.0780016535433071
11
0.3635672834645669
21
0.0738782677165354
0
LINE
8
BLACK
6
CONTINUOUS
10
0.3635672834645669
20
0.0738782677165354
11
0.354235905511811
21
0.0684907874015748
0
LINE
8
BLACK
6
CONTINUOUS
10
0.354235905511811
20
0.0684907874015748
11
0.3456875984251969
21
0.0619314566929134
0
LINE
8
BLACK
6
CONTINUOUS
10
0.3456875984251969
20
0.0619314566929134
11
0.3380685433070866
21
0.0543124015748031
0
LINE
8
BLACK
6
CONTINUOUS
10
0.3380685433070866
20
0.0543124015748031
11
0.3315092125984252
21
0.045764094488189
0
LINE
8
BLACK
6
CONTINUOUS
10
0.3315092125984252
20
0.045764094488189
11
0.3261217322834646
21
0.0364327165354331
0
LINE
8
BLACK
6
CONTINUOUS
10
0.3261217322834646
20
0.0364327165354331
11
0.3219983464566929
21
0.0264779921259843
0
LINE
8
BLACK
6
CONTINUOUS
10
0.3219983464566929
20
0.0264779921259843
11
0.3192096062992126
21
0.0160701968503937
0
LINE
8
BLACK
6
CONTINUOUS
10
0.3192096062992126
20
0.0160701968503937
11
0.3178031889763779
21
0.0053874803149606
0
LINE
8
BLACK
6
CONTINUOUS
10
0.3178031889763779
20
0.0053874803149606
11
0.3178031889763779
21
-0.0053874803149606
0
LINE
8
BLACK
6
CONTINUOUS
10
0.5383713385826772
20
0.1406912992125984
11
0.5394357480314961
21
0.1402503937007874
0
LINE
8
BLACK
6
CONTINUOUS
10
0.5394357480314961
20
0.1402503937007874
11
0.5402503937007874
21
0.1394357480314961
0
LINE
8
BLACK
6
CONTINUOUS
10
0.5402503937007874
20
0.1394357480314961
11
0.5406912992125984
21
0.1383713385826772
0
LINE
8
BLACK
6
CONTINUOUS
10
0.5406912992125984
20
0.1383713385826772
11
0.540748031496063
21
0.1377952755905512
0
LINE
8
BLACK
6
CONTINUOUS
10
0.540748031496063
20
0.1377952755905512
11
0.540748031496063
21
-0.1377952755905512
0
LINE
8
BLACK
6
CONTINUOUS
10
0.540748031496063
20
-0.1377952755905512
11
0.5406912992125984
21
-0.1383713385826772
0
LINE
8
BLACK
6
CONTINUOUS
10
0.5406912992125984
20
-0.1383713385826772
11
0.5402503937007874
21
-0.1394357480314961
0
LINE
8
BLACK
6
CONTINUOUS
10
0.5402503937007874
20
-0.1394357480314961
11
0.5394357480314961
21
-0.1402503937007874
0
LINE
8
BLACK
6
CONTINUOUS
10
0.5394357480314961
20
-0.1402503937007874
11
0.5383713385826772
21
-0.1406912992125984
0
LINE
8
BLACK
6
CONTINUOUS
10
0.5383713385826772
20
-0.1406912992125984
11
0.5377952755905512
21
-0.140748031496063
0
LINE
8
BLACK
6
CONTINUOUS
10
0.5377952755905512
20
-0.140748031496063
11
0.2622047244094488
21
-0.140748031496063
0
LINE
8
BLACK
6
CONTINUOUS
10
0.2622047244094488
20
-0.140748031496063
11
0.2616286614173228
21
-0.1406912992125984
0
LINE
8
BLACK
6
CONTINUOUS
10
0.2616286614173228
20
-0.1406912992125984
11
0.2605642519685039
21
-0.1402503937007874
0
LINE
8
BLACK
6
CONTINUOUS
10
0.2605642519685039
20
-0.1402503937007874
11
0.2597496062992126
21
-0.1394357480314961
0
LINE
8
BLACK
6
CONTINUOUS
10
0.2597496062992126
20
-0.1394357480314961
11
0.2593087007874016
21
-0.1383713385826772
0
LINE
8
BLACK
6
CONTINUOUS
10
0.2593087007874016
20
-0.1383713385826772
11
0.259251968503937
21
-0.1377952755905512
0
LINE
8
BLACK
6
CONTINUOUS
10
0.259251968503937
20
-0.1377952755905512
11
0.259251968503937
21
0.1377952755905512
0
LINE
8
BLACK
6
CONTINUOUS
10
0.259251968503937
20
0.1377952755905512
11
0.2593087007874016
21
0.1383713385826772
0
LINE
8
BLACK
6
CONTINUOUS
10
0.2593087007874016
20
0.1383713385826772
11
0.2597496062992126
21
0.1394357480314961
0
LINE
8
BLACK
6
CONTINUOUS
10
0.2597496062992126
20
0.1394357480314961
11
0.2605642519685039
21
0.1402503937007874
0
LINE
8
BLACK
6
CONTINUOUS
10
0.2605642519685039
20
0.1402503937007874
11
0.2616286614173228
21
0.1406912992125984
0
LINE
8
BLACK
6
CONTINUOUS
10
0.2616286614173228
20
0.1406912992125984
11
0.2622047244094488
21
0.140748031496063
0
LINE
8
BLACK
6
CONTINUOUS
10
0.2622047244094488
20
0.140748031496063
11
0.5377952755905512
21
0.140748031496063
0
LINE
8
BLACK
6
CONTINUOUS
10
0.5377952755905512
20
0.140748031496063
11
0.5383713385826772
21
0.1406912992125984
0
LINE
8
BLACK
6
CONTINUOUS
10
0.2651574803149606
20
-0.0828740157480315
11
0.2651574803149606
21
-0.1348425196850394
0
LINE
8
BLACK
6
CONTINUOUS
10
0.2651574803149606
20
-0.1348425196850394
11
0.3171259842519685
21
-0.1348425196850394
0
LINE
8
BLACK
6
CONTINUOUS
10
0.3171259842519685
20
-0.1348425196850394
11
0.3171259842519685
21
-0.1230314960629921
0
LINE
8
BLACK
6
CONTINUOUS
10
0.3171259842519685
20
-0.1230314960629921
11
0.2799212598425197
21
-0.1230314960629921
0
LINE
8
BLACK
6
CONTINUOUS
10
0.2799212598425197
20
-0.1230314960629921
11
0.2793451968503937
21
-0.1229747637795276
0
LINE
8
BLACK
6
CONTINUOUS
10
0.2793451968503937
20
-0.1229747637795276
11
0.2782807874015748
21
-0.1225338582677165
0
LINE
8
BLACK
6
CONTINUOUS
10
0.2782807874015748
20
-0.1225338582677165
11
0.2774661417322835
21
-0.1217192125984252
0
LINE
8
BLACK
6
CONTINUOUS
10
0.2774661417322835
20
-0.1217192125984252
11
0.2770252362204724
21
-0.1206548031496063
0
LINE
8
BLACK
6
CONTINUOUS
10
0.2770252362204724
20
-0.1206548031496063
11
0.2769685039370079
21
-0.1200787401574803
0
LINE
8
BLACK
6
CONTINUOUS
10
0.2769685039370079
20
-0.1200787401574803
11
0.2769685039370079
21
-0.0828740157480315
0
LINE
8
BLACK
6
CONTINUOUS
10
0.2769685039370079
20
-0.0828740157480315
11
0.2651574803149606
21
-0.0828740157480315
0
LINE
8
BLACK
6
CONTINUOUS
10
0.3230314960629921
20
0.1348425196850394
11
0.3230314960629921
21
0.0799212598425197
0
LINE
8
BLACK
6
CONTINUOUS
10
0.3230314960629921
20
0.0799212598425197
11
0.3229747637795276
21
0.0793451968503937
0
LINE
8
BLACK
6
CONTINUOUS
10
0.3229747637795276
20
0.0793451968503937
11
0.3225338582677165
21
0.0782807874015748
0
LINE
8
BLACK
6
CONTINUOUS
10
0.3225338582677165
20
0.0782807874015748
11
0.3217192125984252
21
0.0774661417322835
0
LINE
8
BLACK
6
CONTINUOUS
10
0.3217192125984252
20
0.0774661417322835
11
0.3206548031496063
21
0.0770252362204724
0
LINE
8
BLACK
6
CONTINUOUS
10
0.3206548031496063
20
0.0770252362204724
11
0.3200787401574803
21
0.0769685039370079
0
LINE
8
BLACK
6
CONTINUOUS
10
0.3200787401574803
20
0.0769685039370079
11
0.2651574803149606
21
0.0769685039370079
0
LINE
8
BLACK
6
CONTINUOUS
10
0.2651574803149606
20
0.0769685039370079
11
0.2651574803149606
21
-0.0769685039370079
0
LINE
8
BLACK
6
CONTINUOUS
10
0.2651574803149606
20
-0.0769685039370079
11
0.3200787401574803
21
-0.0769685039370079
0
LINE
8
BLACK
6
CONTINUOUS
10
0.3200787401574803
20
-0.0769685039370079
11
0.3206548031496063
21
-0.0770252362204724
0
LINE
8
BLACK
6
CONTINUOUS
10
0.3206548031496063
20
-0.0770252362204724
11
0.3217192125984252
21
-0.0774661417322835
0
LINE
8
BLACK
6
CONTINUOUS
10
0.3217192125984252
20
-0.0774661417322835
11
0.3225338582677165
21
-0.0782807874015748
0
LINE
8
BLACK
6
CONTINUOUS
10
0.3225338582677165
20
-0.0782807874015748
11
0.3229747637795276
21
-0.0793451968503937
0
LINE
8
BLACK
6
CONTINUOUS
10
0.3229747637795276
20
-0.0793451968503937
11
0.3230314960629921
21
-0.0799212598425197
0
LINE
8
BLACK
6
CONTINUOUS
10
0.3230314960629921
20
-0.0799212598425197
11
0.3230314960629921
21
-0.1348425196850394
0
LINE
8
BLACK
6
CONTINUOUS
10
0.3230314960629921
20
-0.1348425196850394
11
0.4769685039370078
21
-0.1348425196850394
0
LINE
8
BLACK
6
CONTINUOUS
10
0.4769685039370078
20
-0.1348425196850394
11
0.4769685039370078
21
-0.0799212598425197
0
LINE
8
BLACK
6
CONTINUOUS
10
0.4769685039370078
20
-0.0799212598425197
11
0.4770252362204724
21
-0.0793451968503937
0
LINE
8
BLACK
6
CONTINUOUS
10
0.4770252362204724
20
-0.0793451968503937
11
0.4774661417322835
21
-0.0782807874015748
0
LINE
8
BLACK
6
CONTINUOUS
10
0.4774661417322835
20
-0.0782807874015748
11
0.4782807874015748
21
-0.0774661417322835
0
LINE
8
BLACK
6
CONTINUOUS
10
0.4782807874015748
20
-0.0774661417322835
11
0.4793451968503937
21
-0.0770252362204724
0
LINE
8
BLACK
6
CONTINUOUS
10
0.4793451968503937
20
-0.0770252362204724
11
0.4799212598425197
21
-0.0769685039370079
0
LINE
8
BLACK
6
CONTINUOUS
10
0.4799212598425197
20
-0.0769685039370079
11
0.5348425196850394
21
-0.0769685039370079
0
LINE
8
BLACK
6
CONTINUOUS
10
0.5348425196850394
20
-0.0769685039370079
11
0.5348425196850394
21
0.0769685039370079
0
LINE
8
BLACK
6
CONTINUOUS
10
0.5348425196850394
20
0.0769685039370079
11
0.4799212598425197
21
0.0769685039370079
0
LINE
8
BLACK
6
CONTINUOUS
10
0.4799212598425197
20
0.0769685039370079
11
0.4793451968503937
21
0.0770252362204724
0
LINE
8
BLACK
6
CONTINUOUS
10
0.4793451968503937
20
0.0770252362204724
11
0.4782807874015748
21
0.0774661417322835
0
LINE
8
BLACK
6
CONTINUOUS
10
0.4782807874015748
20
0.0774661417322835
11
0.4774661417322835
21
0.0782807874015748
0
LINE
8
BLACK
6
CONTINUOUS
10
0.4774661417322835
20
0.0782807874015748
11
0.4770252362204724
21
0.0793451968503937
0
LINE
8
BLACK
6
CONTINUOUS
10
0.4770252362204724
20
0.0793451968503937
11
0.4769685039370078
21
0.0799212598425197
0
LINE
8
BLACK
6
CONTINUOUS
10
0.4769685039370078
20
0.0799212598425197
11
0.4769685039370078
21
0.1348425196850394
0
LINE
8
BLACK
6
CONTINUOUS
10
0.4769685039370078
20
0.1348425196850394
11
0.3230314960629921
21
0.1348425196850394
0
LINE
8
BLACK
6
CONTINUOUS
10
0.5230314960629922
20
-0.0828740157480315
11
0.5230314960629922
21
-0.1200787401574803
0
LINE
8
BLACK
6
CONTINUOUS
10
0.5230314960629922
20
-0.1200787401574803
11
0.5229747637795276
21
-0.1206548031496063
0
LINE
8
BLACK
6
CONTINUOUS
10
0.5229747637795276
20
-0.1206548031496063
11
0.5225338582677165
21
-0.1217192125984252
0
LINE
8
BLACK
6
CONTINUOUS
10
0.5225338582677165
20
-0.1217192125984252
11
0.5217192125984251
21
-0.1225338582677165
0
LINE
8
BLACK
6
CONTINUOUS
10
0.5217192125984251
20
-0.1225338582677165
11
0.5206548031496063
21
-0.1229747637795276
0
LINE
8
BLACK
6
CONTINUOUS
10
0.5206548031496063
20
-0.1229747637795276
11
0.5200787401574803
21
-0.1230314960629921
0
LINE
8
BLACK
6
CONTINUOUS
10
0.5200787401574803
20
-0.1230314960629921
11
0.4828740157480315
21
-0.1230314960629921
0
LINE
8
BLACK
6
CONTINUOUS
10
0.4828740157480315
20
-0.1230314960629921
11
0.4828740157480315
21
-0.1348425196850394
0
LINE
8
BLACK
6
CONTINUOUS
10
0.4828740157480315
20
-0.1348425196850394
11
0.5348425196850394
21
-0.1348425196850394
0
LINE
8
BLACK
6
CONTINUOUS
10
0.5348425196850394
20
-0.1348425196850394
11
0.5348425196850394
21
-0.0828740157480315
0
LINE
8
BLACK
6
CONTINUOUS
10
0.5348425196850394
20
-0.0828740157480315
11
0.5230314960629922
21
-0.0828740157480315
0
LINE
8
BLACK
6
CONTINUOUS
10
0.4828740157480315
20
-0.0828740157480315
11
0.4828740157480315
21
-0.1171259842519685
0
LINE
8
BLACK
6
CONTINUOUS
10
0.4828740157480315
20
-0.1171259842519685
11
0.5171259842519685
21
-0.1171259842519685
0
LINE
8
BLACK
6
CONTINUOUS
10
0.5171259842519685
20
-0.1171259842519685
11
0.5171259842519685
21
-0.0828740157480315
0
LINE
8
BLACK
6
CONTINUOUS
10
0.5171259842519685
20
-0.0828740157480315
11
0.4828740157480315
21
-0.0828740157480315
0
LINE
8
BLACK
6
CONTINUOUS
10
0.2828740157480315
20
-0.0828740157480315
11
0.2828740157480315
21
-0.1171259842519685
0
LINE
8
BLACK
6
CONTINUOUS
10
0.2828740157480315
20
-0.1171259842519685
11
0.3171259842519685
21
-0.1171259842519685
0
LINE
8
BLACK
6
CONTINUOUS
10
0.3171259842519685
20
-0.1171259842519685
11
0.3171259842519685
21
-0.0828740157480315
0
LINE
8
BLACK
6
CONTINUOUS
10
0.3171259842519685
20
-0.0828740157480315
11
0.2828740157480315
21
-0.0828740157480315
0
LINE
8
BLACK
6
CONTINUOUS
10
0.4828740157480315
20
0.1171259842519685
11
0.4828740157480315
21
0.0828740157480315
0
LINE
8
BLACK
6
CONTINUOUS
10
0.4828740157480315
20
0.0828740157480315
11
0.5171259842519685
21
0.0828740157480315
0
LINE
8
BLACK
6
CONTINUOUS
10
0.5171259842519685
20
0.0828740157480315
11
0.5171259842519685
21
0.1171259842519685
0
LINE
8
BLACK
6
CONTINUOUS
10
0.5171259842519685
20
0.1171259842519685
11
0.4828740157480315
21
0.1171259842519685
0
LINE
8
BLACK
6
CONTINUOUS
10
0.4828740157480315
20
0.1348425196850394
11
0.4828740157480315
21
0.1230314960629921
0
LINE
8
BLACK
6
CONTINUOUS
10
0.4828740157480315
20
0.1230314960629921
11
0.5200787401574803
21
0.1230314960629921
0
LINE
8
BLACK
6
CONTINUOUS
10
0.5200787401574803
20
0.1230314960629921
11
0.5206548031496063
21
0.1229747637795276
0
LINE
8
BLACK
6
CONTINUOUS
10
0.5206548031496063
20
0.1229747637795276
11
0.5217192125984251
21
0.1225338582677165
0
LINE
8
BLACK
6
CONTINUOUS
10
0.5217192125984251
20
0.1225338582677165
11
0.5225338582677165
21
0.1217192125984252
0
LINE
8
BLACK
6
CONTINUOUS
10
0.5225338582677165
20
0.1217192125984252
11
0.5229747637795276
21
0.1206548031496063
0
LINE
8
BLACK
6
CONTINUOUS
10
0.5229747637795276
20
0.1206548031496063
11
0.5230314960629922
21
0.1200787401574803
0
LINE
8
BLACK
6
CONTINUOUS
10
0.5230314960629922
20
0.1200787401574803
11
0.5230314960629922
21
0.0828740157480315
0
LINE
8
BLACK
6
CONTINUOUS
10
0.5230314960629922
20
0.0828740157480315
11
0.5348425196850394
21
0.0828740157480315
0
LINE
8
BLACK
6
CONTINUOUS
10
0.5348425196850394
20
0.0828740157480315
11
0.5348425196850394
21
0.1348425196850394
0
LINE
8
BLACK
6
CONTINUOUS
10
0.5348425196850394
20
0.1348425196850394
11
0.4828740157480315
21
0.1348425196850394
0
LINE
8
BLACK
6
CONTINUOUS
10
0.2651574803149606
20
0.1348425196850394
11
0.2651574803149606
21
0.0828740157480315
0
LINE
8
BLACK
6
CONTINUOUS
10
0.2651574803149606
20
0.0828740157480315
11
0.2769685039370079
21
0.0828740157480315
0
LINE
8
BLACK
6
CONTINUOUS
10
0.2769685039370079
20
0.0828740157480315
11
0.2769685039370079
21
0.1200787401574803
0
LINE
8
BLACK
6
CONTINUOUS
10
0.2769685039370079
20
0.1200787401574803
11
0.2770252362204724
21
0.1206548031496063
0
LINE
8
BLACK
6
CONTINUOUS
10
0.2770252362204724
20
0.1206548031496063
11
0.2774661417322835
21
0.1217192125984252
0
LINE
8
BLACK
6
CONTINUOUS
10
0.2774661417322835
20
0.1217192125984252
11
0.2782807874015748
21
0.1225338582677165
0
LINE
8
BLACK
6
CONTINUOUS
10
0.2782807874015748
20
0.1225338582677165
11
0.2793451968503937
21
0.1229747637795276
0
LINE
8
BLACK
6
CONTINUOUS
10
0.2793451968503937
20
0.1229747637795276
11
0.2799212598425197
21
0.1230314960629921
0
LINE
8
BLACK
6
CONTINUOUS
10
0.2799212598425197
20
0.1230314960629921
11
0.3171259842519685
21
0.1230314960629921
0
LINE
8
BLACK
6
CONTINUOUS
10
0.3171259842519685
20
0.1230314960629921
11
0.3171259842519685
21
0.1348425196850394
0
LINE
8
BLACK
6
CONTINUOUS
10
0.3171259842519685
20
0.1348425196850394
11
0.2651574803149606
21
0.1348425196850394
0
LINE
8
BLACK
6
CONTINUOUS
10
0.2828740157480315
20
0.1171259842519685
11
0.2828740157480315
21
0.0828740157480315
0
LINE
8
BLACK
6
CONTINUOUS
10
0.2828740157480315
20
0.0828740157480315
11
0.3171259842519685
21
0.0828740157480315
0
LINE
8
BLACK
6
CONTINUOUS
10
0.3171259842519685
20
0.0828740157480315
11
0.3171259842519685
21
0.1171259842519685
0
LINE
8
BLACK
6
CONTINUOUS
10
0.3171259842519685
20
0.1171259842519685
11
0.2828740157480315
21
0.1171259842519685
0
LINE
8
BLACK
6
CONTINUOUS
10
0.0201122047244094
20
0.1183720472440945
11
0.0332392125984252
21
0.115375905511811
0
LINE
8
BLACK
6
CONTINUOUS
10
0.0332392125984252
20
0.115375905511811
11
0.0459482283464567
21
0.1109288188976378
0
LINE
8
BLACK
6
CONTINUOUS
10
0.0459482283464567
20
0.1109288188976378
11
0.0580794094488189
21
0.1050867716535433
0
LINE
8
BLACK
6
CONTINUOUS
10
0.0580794094488189
20
0.1050867716535433
11
0.0694801968503937
21
0.0979231889763779
0
LINE
8
BLACK
6
CONTINUOUS
10
0.0694801968503937
20
0.0979231889763779
11
0.0800072440944882
21
0.0895281496062992
0
LINE
8
BLACK
6
CONTINUOUS
10
0.0800072440944882
20
0.0895281496062992
11
0.0895281496062992
21
0.0800072440944882
0
LINE
8
BLACK
6
CONTINUOUS
10
0.0895281496062992
20
0.0800072440944882
11
0.0979231889763779
21
0.0694801968503937
0
LINE
8
BLACK
6
CONTINUOUS
10
0.0979231889763779
20
0.0694801968503937
11
0.1050867716535433
21
0.0580794094488189
0
LINE
8
BLACK
6
CONTINUOUS
10
0.1050867716535433
20
0.0580794094488189
11
0.1109288188976378
21
0.0459482283464567
0
LINE
8
BLACK
6
CONTINUOUS
10
0.1109288188976378
20
0.0459482283464567
11
0.115375905511811
21
0.0332392125984252
0
LINE
8
BLACK
6
CONTINUOUS
10
0.115375905511811
20
0.0332392125984252
11
0.1183720472440945
21
0.0201122047244094
0
LINE
8
BLACK
6
CONTINUOUS
10
0.1183720472440945
20
0.0201122047244094
11
0.1198796062992126
21
0.0067322834645669
0
LINE
8
BLACK
6
CONTINUOUS
10
0.1198796062992126
20
0.0067322834645669
11
0.1198796062992126
21
-0.0067322834645669
0
LINE
8
BLACK
6
CONTINUOUS
10
0.1198796062992126
20
-0.0067322834645669
11
0.1183720472440945
21
-0.0201122047244094
0
LINE
8
BLACK
6
CONTINUOUS
10
0.1183720472440945
20
-0.0201122047244094
11
0.115375905511811
21
-0.0332392125984252
0
LINE
8
BLACK
6
CONTINUOUS
10
0.115375905511811
20
-0.0332392125984252
11
0.1109288188976378
21
-0.0459482283464567
0
LINE
8
BLACK
6
CONTINUOUS
10
0.1109288188976378
20
-0.0459482283464567
11
0.1050867716535433
21
-0.0580794094488189
0
LINE
8
BLACK
6
CONTINUOUS
10
0.1050867716535433
20
-0.0580794094488189
11
0.0979231889763779
21
-0.0694801968503937
0
LINE
8
BLACK
6
CONTINUOUS
10
0.0979231889763779
20
-0.0694801968503937
11
0.0895281496062992
21
-0.0800072440944882
0
LINE
8
BLACK
6
CONTINUOUS
10
0.0895281496062992
20
-0.0800072440944882
11
0.0800072440944882
21
-0.0895281496062992
0
LINE
8
BLACK
6
CONTINUOUS
10
0.0800072440944882
20
-0.0895281496062992
11
0.0694801968503937
21
-0.0979231889763779
0
LINE
8
BLACK
6
CONTINUOUS
10
0.0694801968503937
20
-0.0979231889763779
11
0.0580794094488189
21
-0.1050867716535433
0
LINE
8
BLACK
6
CONTINUOUS
10
0.0580794094488189
20
-0.1050867716535433
11
0.0459482283464567
21
-0.1109288188976378
0
LINE
8
BLACK
6
CONTINUOUS
10
0.0459482283464567
20
-0.1109288188976378
11
0.0332392125984252
21
-0.115375905511811
0
LINE
8
BLACK
6
CONTINUOUS
10
0.0332392125984252
20
-0.115375905511811
11
0.0201122047244094
21
-0.1183720472440945
0
LINE
8
BLACK
6
CONTINUOUS
10
0.0201122047244094
20
-0.1183720472440945
11
0.0067322834645669
21
-0.1198796062992126
0
LINE
8
BLACK
6
CONTINUOUS
10
0.0067322834645669
20
-0.1198796062992126
11
-0.0067322834645669
21
-0.1198796062992126
0
LINE
8
BLACK
6
CONTINUOUS
10
-0.0067322834645669
20
-0.1198796062992126
11
-0.0201122047244094
21
-0.1183720472440945
0
LINE
8
BLACK
6
CONTINUOUS
10
-0.0201122047244094
20
-0.1183720472440945
11
-0.0332392125984252
21
-0.115375905511811
0
LINE
8
BLACK
6
CONTINUOUS
10
-0.0332392125984252
20
-0.115375905511811
11
-0.0459482283464567
21
-0.1109288188976378
0
LINE
8
BLACK
6
CONTINUOUS
10
-0.0459482283464567
20
-0.1109288188976378
11
-0.0580794094488189
21
-0.1050867716535433
0
LINE
8
BLACK
6
CONTINUOUS
10
-0.0580794094488189
20
-0.1050867716535433
11
-0.0694801968503937
21
-0.0979231889763779
0
LINE
8
BLACK
6
CONTINUOUS
10
-0.0694801968503937
20
-0.0979231889763779
11
-0.0800072440944882
21
-0.0895281496062992
0
LINE
8
BLACK
6
CONTINUOUS
10
-0.0800072440944882
20
-0.0895281496062992
11
-0.0895281496062992
21
-0.0800072440944882
0
LINE
8
BLACK
6
CONTINUOUS
10
-0.0895281496062992
20
-0.0800072440944882
11
-0.0979231889763779
21
-0.0694801968503937
0
LINE
8
BLACK
6
CONTINUOUS
10
-0.0979231889763779
20
-0.0694801968503937
11
-0.1050867716535433
21
-0.0580794094488189
0
LINE
8
BLACK
6
CONTINUOUS
10
-0.1050867716535433
20
-0.0580794094488189
11
-0.1109288188976378
21
-0.0459482283464567
0
LINE
8
BLACK
6
CONTINUOUS
10
-0.1109288188976378
20
-0.0459482283464567
11
-0.115375905511811
21
-0.0332392125984252
0
LINE
8
BLACK
6
CONTINUOUS
10
-0.115375905511811
20
-0.0332392125984252
11
-0.1183720472440945
21
-0.0201122047244094
0
LINE
8
BLACK
6
CONTINUOUS
10
-0.1183720472440945
20
-0.0201122047244094
11
-0.1198796062992126
21
-0.0067322834645669
0
LINE
8
BLACK
6
CONTINUOUS
10
-0.1198796062992126
20
-0.0067322834645669
11
-0.1198796062992126
21
0.006521811023622
0
LINE
8
BLACK
6
CONTINUOUS
10
-0.1198796062992126
20
0.006521811023622
11
-0.1198796062992126
21
0.0067322834645669
0
LINE
8
BLACK
6
CONTINUOUS
10
-0.1198796062992126
20
0.0067322834645669
11
-0.1183720472440945
21
0.0201122047244094
0
LINE
8
BLACK
6
CONTINUOUS
10
-0.1183720472440945
20
0.0201122047244094
11
-0.115375905511811
21
0.0332392125984252
0
LINE
8
BLACK
6
CONTINUOUS
10
-0.115375905511811
20
0.0332392125984252
11
-0.1109288188976378
21
0.0459482283464567
0
LINE
8
BLACK
6
CONTINUOUS
10
-0.1109288188976378
20
0.0459482283464567
11
-0.1050867716535433
21
0.0580794094488189
0
LINE
8
BLACK
6
CONTINUOUS
10
-0.1050867716535433
20
0.0580794094488189
11
-0.0979231889763779
21
0.0694801968503937
0
LINE
8
BLACK
6
CONTINUOUS
10
-0.0979231889763779
20
0.0694801968503937
11
-0.0895281496062992
21
0.0800072440944882
0
LINE
8
BLACK
6
CONTINUOUS
10
-0.0895281496062992
20
0.0800072440944882
11
-0.0800072440944882
21
0.0895281496062992
0
LINE
8
BLACK
6
CONTINUOUS
10
-0.0800072440944882
20
0.0895281496062992
11
-0.0694801968503937
21
0.0979231889763779
0
LINE
8
BLACK
6
CONTINUOUS
10
-0.0694801968503937
20
0.0979231889763779
11
-0.0580794094488189
21
0.1050867716535433
0
LINE
8
BLACK
6
CONTINUOUS
10
-0.0580794094488189
20
0.1050867716535433
11
-0.0459482283464567
21
0.1109288188976378
0
LINE
8
BLACK
6
CONTINUOUS
10
-0.0459482283464567
20
0.1109288188976378
11
-0.0332392125984252
21
0.115375905511811
0
LINE
8
BLACK
6
CONTINUOUS
10
-0.0332392125984252
20
0.115375905511811
11
-0.0201122047244094
21
0.1183720472440945
0
LINE
8
BLACK
6
CONTINUOUS
10
-0.0201122047244094
20
0.1183720472440945
11
-0.0067322834645669
21
0.1198796062992126
0
LINE
8
BLACK
6
CONTINUOUS
10
-0.0067322834645669
20
0.1198796062992126
11
0.0067322834645669
21
0.1198796062992126
0
LINE
8
BLACK
6
CONTINUOUS
10
0.0067322834645669
20
0.1198796062992126
11
0.0201122047244094
21
0.1183720472440945
0
LINE
8
BLACK
6
CONTINUOUS
10
-0.1161314960629921
20
-0.006521811023622
11
-0.1146711023622047
21
-0.0194833858267717
0
LINE
8
BLACK
6
CONTINUOUS
10
-0.1146711023622047
20
-0.0194833858267717
11
-0.1117686220472441
21
-0.0322
0
LINE
8
BLACK
6
CONTINUOUS
10
-0.1117686220472441
20
-0.0322
11
-0.1074605905511811
21
-0.0445116141732283
0
LINE
8
BLACK
6
CONTINUOUS
10
-0.1074605905511811
20
-0.0445116141732283
11
-0.1018011811023622
21
-0.0562635039370079
0
LINE
8
BLACK
6
CONTINUOUS
10
-0.1018011811023622
20
-0.0562635039370079
11
-0.0948615354330709
21
-0.067307874015748
0
LINE
8
BLACK
6
CONTINUOUS
10
-0.0948615354330709
20
-0.067307874015748
11
-0.0867289763779528
21
-0.0775057480314961
0
LINE
8
BLACK
6
CONTINUOUS
10
-0.0867289763779528
20
-0.0775057480314961
11
-0.0775057480314961
21
-0.0867289763779528
0
LINE
8
BLACK
6
CONTINUOUS
10
-0.0775057480314961
20
-0.0867289763779528
11
-0.067307874015748
21
-0.0948615354330709
0
LINE
8
BLACK
6
CONTINUOUS
10
-0.067307874015748
20
-0.0948615354330709
11
-0.0562635039370079
21
-0.1018011811023622
0
LINE
8
BLACK
6
CONTINUOUS
10
-0.0562635039370079
20
-0.1018011811023622
11
-0.0445116141732283
21
-0.1074605905511811
0
LINE
8
BLACK
6
CONTINUOUS
10
-0.0445116141732283
20
-0.1074605905511811
11
-0.0322
21
-0.1117686220472441
0
LINE
8
BLACK
6
CONTINUOUS
10
-0.0322
20
-0.1117686220472441
11
-0.0194833858267717
21
-0.1146711023622047
0
LINE
8
BLACK
6
CONTINUOUS
10
-0.0194833858267717
20
-0.1146711023622047
11
-0.006521811023622
21
-0.1161314960629921
0
LINE
8
BLACK
6
CONTINUOUS
10
-0.006521811023622
20
-0.1161314960629921
11
0.006521811023622
21
-0.1161314960629921
0
LINE
8
BLACK
6
CONTINUOUS
10
0.006521811023622
20
-0.1161314960629921
11
0.0194833858267717
21
-0.1146711023622047
0
LINE
8
BLACK
6
CONTINUOUS
10
0.0194833858267717
20
-0.1146711023622047
11
0.0322
21
-0.1117686220472441
0
LINE
8
BLACK
6
CONTINUOUS
10
0.0322
20
-0.1117686220472441
11
0.0445116141732283
21
-0.1074605905511811
0
LINE
8
BLACK
6
CONTINUOUS
10
0.0445116141732283
20
-0.1074605905511811
11
0.0562635039370079
21
-0.1018011811023622
0
LINE
8
BLACK
6
CONTINUOUS
10
0.0562635039370079
20
-0.1018011811023622
11
0.067307874015748
21
-0.0948615354330709
0
LINE
8
BLACK
6
CONTINUOUS
10
0.067307874015748
20
-0.0948615354330709
11
0.0775057480314961
21
-0.0867289763779528
0
LINE
8
BLACK
6
CONTINUOUS
10
0.0775057480314961
20
-0.0867289763779528
11
0.0867289763779528
21
-0.0775057480314961
0
LINE
8
BLACK
6
CONTINUOUS
10
0.0867289763779528
20
-0.0775057480314961
11
0.0948615354330709
21
-0.067307874015748
0
LINE
8
BLACK
6
CONTINUOUS
10
0.0948615354330709
20
-0.067307874015748
11
0.1018011811023622
21
-0.0562635039370079
0
LINE
8
BLACK
6
CONTINUOUS
10
0.1018011811023622
20
-0.0562635039370079
11
0.1074605905511811
21
-0.0445116141732283
0
LINE
8
BLACK
6
CONTINUOUS
10
0.1074605905511811
20
-0.0445116141732283
11
0.1117686220472441
21
-0.0322
0
LINE
8
BLACK
6
CONTINUOUS
10
0.1117686220472441
20
-0.0322
11
0.1146711023622047
21
-0.0194833858267717
0
LINE
8
BLACK
6
CONTINUOUS
10
0.1146711023622047
20
-0.0194833858267717
11
0.1161314960629921
21
-0.006521811023622
0
LINE
8
BLACK
6
CONTINUOUS
10
0.1161314960629921
20
-0.006521811023622
11
0.1161314960629921
21
0.006521811023622
0
LINE
8
BLACK
6
CONTINUOUS
10
0.1161314960629921
20
0.006521811023622
11
0.1146711023622047
21
0.0194833858267717
0
LINE
8
BLACK
6
CONTINUOUS
10
0.1146711023622047
20
0.0194833858267717
11
0.1117686220472441
21
0.0322
0
LINE
8
BLACK
6
CONTINUOUS
10
0.1117686220472441
20
0.0322
11
0.1074605905511811
21
0.0445116141732283
0
LINE
8
BLACK
6
CONTINUOUS
10
0.1074605905511811
20
0.0445116141732283
11
0.1018011811023622
21
0.0562635039370079
0
LINE
8
BLACK
6
CONTINUOUS
10
0.1018011811023622
20
0.0562635039370079
11
0.0948615354330709
21
0.067307874015748
0
LINE
8
BLACK
6
CONTINUOUS
10
0.0948615354330709
20
0.067307874015748
11
0.0867289763779528
21
0.0775057480314961
0
LINE
8
BLACK
6
CONTINUOUS
10
0.0867289763779528
20
0.0775057480314961
11
0.0775057480314961
21
0.0867289763779528
0
LINE
8
BLACK
6
CONTINUOUS
10
0.0775057480314961
20
0.0867289763779528
11
0.067307874015748
21
0.0948615354330709
0
LINE
8
BLACK
6
CONTINUOUS
10
0.067307874015748
20
0.0948615354330709
11
0.0562635039370079
21
0.1018011811023622
0
LINE
8
BLACK
6
CONTINUOUS
10
0.0562635039370079
20
0.1018011811023622
11
0.0445116141732283
21
0.1074605905511811
0
LINE
8
BLACK
6
CONTINUOUS
10
0.0445116141732283
20
0.1074605905511811
11
0.0322
21
0.1117686220472441
0
LINE
8
BLACK
6
CONTINUOUS
10
0.0322
20
0.1117686220472441
11
0.0194833858267717
21
0.1146711023622047
0
LINE
8
BLACK
6
CONTINUOUS
10
0.0194833858267717
20
0.1146711023622047
11
0.006521811023622
21
0.1161314960629921
0
LINE
8
BLACK
6
CONTINUOUS
10
0.006521811023622
20
0.1161314960629921
11
-0.006521811023622
21
0.1161314960629921
0
LINE
8
BLACK
6
CONTINUOUS
10
-0.006521811023622
20
0.1161314960629921
11
-0.0194833858267717
21
0.1146711023622047
0
LINE
8
BLACK
6
CONTINUOUS
10
-0.0194833858267717
20
0.1146711023622047
11
-0.0322
21
0.1117686220472441
0
LINE
8
BLACK
6
CONTINUOUS
10
-0.0322
20
0.1117686220472441
11
-0.0445116141732283
21
0.1074605905511811
0
LINE
8
BLACK
6
CONTINUOUS
10
-0.0445116141732283
20
0.1074605905511811
11
-0.0562635039370079
21
0.1018011811023622
0
LINE
8
BLACK
6
CONTINUOUS
10
-0.0562635039370079
20
0.1018011811023622
11
-0.067307874015748
21
0.0948615354330709
0
LINE
8
BLACK
6
CONTINUOUS
10
-0.067307874015748
20
0.0948615354330709
11
-0.0775057480314961
21
0.0867289763779528
0
LINE
8
BLACK
6
CONTINUOUS
10
-0.0775057480314961
20
0.0867289763779528
11
-0.0867289763779528
21
0.0775057480314961
0
LINE
8
BLACK
6
CONTINUOUS
10
-0.0867289763779528
20
0.0775057480314961
11
-0.0948615354330709
21
0.067307874015748
0
LINE
8
BLACK
6
CONTINUOUS
10
-0.0948615354330709
20
0.067307874015748
11
-0.1018011811023622
21
0.0562635039370079
0
LINE
8
BLACK
6
CONTINUOUS
10
-0.1018011811023622
20
0.0562635039370079
11
-0.1074605905511811
21
0.0445116141732283
0
LINE
8
BLACK
6
CONTINUOUS
10
-0.1074605905511811
20
0.0445116141732283
11
-0.1117686220472441
21
0.0322
0
LINE
8
BLACK
6
CONTINUOUS
10
-0.1117686220472441
20
0.0322
11
-0.1146711023622047
21
0.0194833858267717
0
LINE
8
BLACK
6
CONTINUOUS
10
-0.1146711023622047
20
0.0194833858267717
11
-0.1161314960629921
21
0.006521811023622
0
LINE
8
BLACK
6
CONTINUOUS
10
-0.1161314960629921
20
0.006521811023622
11
-0.1161314960629921
21
-0.006521811023622
0
LINE
8
BLACK
6
CONTINUOUS
10
0.8201122047244094
20
0.1183720472440945
11
0.8332392125984251
21
0.115375905511811
0
LINE
8
BLACK
6
CONTINUOUS
10
0.8332392125984251
20
0.115375905511811
11
0.8459482283464567
21
0.1109288188976378
0
LINE
8
BLACK
6
CONTINUOUS
10
0.8459482283464567
20
0.1109288188976378
11
0.8580794094488189
21
0.1050867716535433
0
LINE
8
BLACK
6
CONTINUOUS
10
0.8580794094488189
20
0.1050867716535433
11
0.8694801968503937
21
0.0979231889763779
0
LINE
8
BLACK
6
CONTINUOUS
10
0.8694801968503937
20
0.0979231889763779
11
0.8800072440944882
21
0.0895281496062992
0
LINE
8
BLACK
6
CONTINUOUS
10
0.8800072440944882
20
0.0895281496062992
11
0.8895281496062992
21
0.0800072440944882
0
LINE
8
BLACK
6
CONTINUOUS
10
0.8895281496062992
20
0.0800072440944882
11
0.8979231889763779
21
0.0694801968503937
0
LINE
8
BLACK
6
CONTINUOUS
10
0.8979231889763779
20
0.0694801968503937
11
0.9050867716535432
21
0.0580794094488189
0
LINE
8
BLACK
6
CONTINUOUS
10
0.9050867716535432
20
0.0580794094488189
11
0.9109288188976378
21
0.0459482283464567
0
LINE
8
BLACK
6
CONTINUOUS
10
0.9109288188976378
20
0.0459482283464567
11
0.915375905511811
21
0.0332392125984252
0
LINE
8
BLACK
6
CONTINUOUS
10
0.915375905511811
20
0.0332392125984252
11
0.9183720472440945
21
0.0201122047244094
0
LINE
8
BLACK
6
CONTINUOUS
10
0.9183720472440945
20
0.0201122047244094
11
0.9198796062992126
21
0.0067322834645669
0
LINE
8
BLACK
6
CONTINUOUS
10
0.9198796062992126
20
0.0067322834645669
11
0.9198796062992126
21
-0.0067322834645669
0
LINE
8
BLACK
6
CONTINUOUS
10
0.9198796062992126
20
-0.0067322834645669
11
0.9183720472440945
21
-0.0201122047244094
0
LINE
8
BLACK
6
CONTINUOUS
10
0.9183720472440945
20
-0.0201122047244094
11
0.915375905511811
21
-0.0332392125984252
0
LINE
8
BLACK
6
CONTINUOUS
10
0.915375905511811
20
-0.0332392125984252
11
0.9109288188976378
21
-0.0459482283464567
0
LINE
8
BLACK
6
CONTINUOUS
10
0.9109288188976378
20
-0.0459482283464567
11
0.9050867716535432
21
-0.0580794094488189
0
LINE
8
BLACK
6
CONTINUOUS
10
0.9050867716535432
20
-0.0580794094488189
11
0.8979231889763779
21
-0.0694801968503937
0
LINE
8
BLACK
6
CONTINUOUS
10
0.8979231889763779
20
-0.0694801968503937
11
0.8895281496062992
21
-0.0800072440944882
0
LINE
8
BLACK
6
CONTINUOUS
10
0.8895281496062992
20
-0.0800072440944882
11
0.8800072440944882
21
-0.0895281496062992
0
LINE
8
BLACK
6
CONTINUOUS
10
0.8800072440944882
20
-0.0895281496062992
11
0.8694801968503937
21
-0.0979231889763779
0
LINE
8
BLACK
6
CONTINUOUS
10
0.8694801968503937
20
-0.0979231889763779
11
0.8580794094488189
21
-0.1050867716535433
0
LINE
8
BLACK
6
CONTINUOUS
10
0.8580794094488189
20
-0.1050867716535433
11
0.8459482283464567
21
-0.1109288188976378
0
LINE
8
BLACK
6
CONTINUOUS
10
0.8459482283464567
20
-0.1109288188976378
11
0.8332392125984251
21
-0.115375905511811
0
LINE
8
BLACK
6
CONTINUOUS
10
0.8332392125984251
20
-0.115375905511811
11
0.8201122047244094
21
-0.1183720472440945
0
LINE
8
BLACK
6
CONTINUOUS
10
0.8201122047244094
20
-0.1183720472440945
11
0.8067322834645669
21
-0.1198796062992126
0
LINE
8
BLACK
6
CONTINUOUS
10
0.8067322834645669
20
-0.1198796062992126
11
0.793267716535433
21
-0.1198796062992126
0
LINE
8
BLACK
6
CONTINUOUS
10
0.793267716535433
20
-0.1198796062992126
11
0.7798877952755905
21
-0.1183720472440945
0
LINE
8
BLACK
6
CONTINUOUS
10
0.7798877952755905
20
-0.1183720472440945
11
0.7667607874015748
21
-0.115375905511811
0
LINE
8
BLACK
6
CONTINUOUS
10
0.7667607874015748
20
-0.115375905511811
11
0.7540517716535433
21
-0.1109288188976378
0
LINE
8
BLACK
6
CONTINUOUS
10
0.7540517716535433
20
-0.1109288188976378
11
0.7419205905511811
21
-0.1050867716535433
0
LINE
8
BLACK
6
CONTINUOUS
10
0.7419205905511811
20
-0.1050867716535433
11
0.7305198031496063
21
-0.0979231889763779
0
LINE
8
BLACK
6
CONTINUOUS
10
0.7305198031496063
20
-0.0979231889763779
11
0.7199927559055118
21
-0.0895281496062992
0
LINE
8
BLACK
6
CONTINUOUS
10
0.7199927559055118
20
-0.0895281496062992
11
0.7104718503937008
21
-0.0800072440944882
0
LINE
8
BLACK
6
CONTINUOUS
10
0.7104718503937008
20
-0.0800072440944882
11
0.7020768110236221
21
-0.0694801968503937
0
LINE
8
BLACK
6
CONTINUOUS
10
0.7020768110236221
20
-0.0694801968503937
11
0.6949132283464566
21
-0.0580794094488189
0
LINE
8
BLACK
6
CONTINUOUS
10
0.6949132283464566
20
-0.0580794094488189
11
0.6890711811023622
21
-0.0459482283464567
0
LINE
8
BLACK
6
CONTINUOUS
10
0.6890711811023622
20
-0.0459482283464567
11
0.684624094488189
21
-0.0332392125984252
0
LINE
8
BLACK
6
CONTINUOUS
10
0.684624094488189
20
-0.0332392125984252
11
0.6816279527559055
21
-0.0201122047244094
0
LINE
8
BLACK
6
CONTINUOUS
10
0.6816279527559055
20
-0.0201122047244094
11
0.6801203937007874
21
-0.0067322834645669
0
LINE
8
BLACK
6
CONTINUOUS
10
0.6801203937007874
20
-0.0067322834645669
11
0.6801203937007874
21
0.006521811023622
0
LINE
8
BLACK
6
CONTINUOUS
10
0.6801203937007874
20
0.006521811023622
11
0.6801203937007874
21
0.0067322834645669
0
LINE
8
BLACK
6
CONTINUOUS
10
0.6801203937007874
20
0.0067322834645669
11
0.6816279527559055
21
0.0201122047244094
0
LINE
8
BLACK
6
CONTINUOUS
10
0.6816279527559055
20
0.0201122047244094
11
0.684624094488189
21
0.0332392125984252
0
LINE
8
BLACK
6
CONTINUOUS
10
0.684624094488189
20
0.0332392125984252
11
0.6890711811023622
21
0.0459482283464567
0
LINE
8
BLACK
6
CONTINUOUS
10
0.6890711811023622
20
0.0459482283464567
11
0.6949132283464566
21
0.0580794094488189
0
LINE
8
BLACK
6
CONTINUOUS
10
0.6949132283464566
20
0.0580794094488189
11
0.7020768110236221
21
0.0694801968503937
0
LINE
8
BLACK
6
CONTINUOUS
10
0.7020768110236221
20
0.0694801968503937
11
0.7104718503937008
21
0.0800072440944882
0
LINE
8
BLACK
6
CONTINUOUS
10
0.7104718503937008
20
0.0800072440944882
11
0.7199927559055118
21
0.0895281496062992
0
LINE
8
BLACK
6
CONTINUOUS
10
0.7199927559055118
20
0.0895281496062992
11
0.7305198031496063
21
0.0979231889763779
0
LINE
8
BLACK
6
CONTINUOUS
10
0.7305198031496063
20
0.0979231889763779
11
0.7419205905511811
21
0.1050867716535433
0
LINE
8
BLACK
6
CONTINUOUS
10
0.7419205905511811
20
0.1050867716535433
11
0.7540517716535433
21
0.1109288188976378
0
LINE
8
BLACK
6
CONTINUOUS
10
0.7540517716535433
20
0.1109288188976378
11
0.7667607874015748
21
0.115375905511811
0
LINE
8
BLACK
6
CONTINUOUS
10
0.7667607874015748
20
0.115375905511811
11
0.7798877952755905
21
0.1183720472440945
0
LINE
8
BLACK
6
CONTINUOUS
10
0.7798877952755905
20
0.1183720472440945
11
0.793267716535433
21
0.1198796062992126
0
LINE
8
BLACK
6
CONTINUOUS
10
0.793267716535433
20
0.1198796062992126
11
0.8067322834645669
21
0.1198796062992126
0
LINE
8
BLACK
6
CONTINUOUS
10
0.8067322834645669
20
0.1198796062992126
11
0.8201122047244094
21
0.1183720472440945
0
LINE
8
BLACK
6
CONTINUOUS
10
0.6838685039370078
20
-0.006521811023622
11
0.6853288976377953
21
-0.0194833858267717
0
LINE
8
BLACK
6
CONTINUOUS
10
0.6853288976377953
20
-0.0194833858267717
11
0.6882313779527559
21
-0.0322
0
LINE
8
BLACK
6
CONTINUOUS
10
0.6882313779527559
20
-0.0322
11
0.6925394094488189
21
-0.0445116141732283
0
LINE
8
BLACK
6
CONTINUOUS
10
0.6925394094488189
20
-0.0445116141732283
11
0.6981988188976378
21
-0.0562635039370079
0
LINE
8
BLACK
6
CONTINUOUS
10
0.6981988188976378
20
-0.0562635039370079
11
0.7051384645669291
21
-0.067307874015748
0
LINE
8
BLACK
6
CONTINUOUS
10
0.7051384645669291
20
-0.067307874015748
11
0.7132710236220472
21
-0.0775057480314961
0
LINE
8
BLACK
6
CONTINUOUS
10
0.7132710236220472
20
-0.0775057480314961
11
0.7224942519685039
21
-0.0867289763779528
0
LINE
8
BLACK
6
CONTINUOUS
10
0.7224942519685039
20
-0.0867289763779528
11
0.7326921259842519
21
-0.0948615354330709
0
LINE
8
BLACK
6
CONTINUOUS
10
0.7326921259842519
20
-0.0948615354330709
11
0.7437364960629921
21
-0.1018011811023622
0
LINE
8
BLACK
6
CONTINUOUS
10
0.7437364960629921
20
-0.1018011811023622
11
0.7554883858267717
21
-0.1074605905511811
0
LINE
8
BLACK
6
CONTINUOUS
10
0.7554883858267717
20
-0.1074605905511811
11
0.7678
21
-0.1117686220472441
0
LINE
8
BLACK
6
CONTINUOUS
10
0.7678
20
-0.1117686220472441
11
0.7805166141732284
21
-0.1146711023622047
0
LINE
8
BLACK
6
CONTINUOUS
10
0.7805166141732284
20
-0.1146711023622047
11
0.7934781889763779
21
-0.1161314960629921
0
LINE
8
BLACK
6
CONTINUOUS
10
0.7934781889763779
20
-0.1161314960629921
11
0.8065218110236221
21
-0.1161314960629921
0
LINE
8
BLACK
6
CONTINUOUS
10
0.8065218110236221
20
-0.1161314960629921
11
0.8194833858267716
21
-0.1146711023622047
0
LINE
8
BLACK
6
CONTINUOUS
10
0.8194833858267716
20
-0.1146711023622047
11
0.8321999999999999
21
-0.1117686220472441
0
LINE
8
BLACK
6
CONTINUOUS
10
0.8321999999999999
20
-0.1117686220472441
11
0.8445116141732283
21
-0.1074605905511811
0
LINE
8
BLACK
6
CONTINUOUS
10
0.8445116141732283
20
-0.1074605905511811
11
0.8562635039370079
21
-0.1018011811023622
0
LINE
8
BLACK
6
CONTINUOUS
10
0.8562635039370079
20
-0.1018011811023622
11
0.867307874015748
21
-0.0948615354330709
0
LINE
8
BLACK
6
CONTINUOUS
10
0.867307874015748
20
-0.0948615354330709
11
0.8775057480314961
21
-0.0867289763779528
0
LINE
8
BLACK
6
CONTINUOUS
10
0.8775057480314961
20
-0.0867289763779528
11
0.8867289763779528
21
-0.0775057480314961
0
LINE
8
BLACK
6
CONTINUOUS
10
0.8867289763779528
20
-0.0775057480314961
11
0.8948615354330709
21
-0.067307874015748
0
LINE
8
BLACK
6
CONTINUOUS
10
0.8948615354330709
20
-0.067307874015748
11
0.9018011811023622
21
-0.0562635039370079
0
LINE
8
BLACK
6
CONTINUOUS
10
0.9018011811023622
20
-0.0562635039370079
11
0.9074605905511811
21
-0.0445116141732283
0
LINE
8
BLACK
6
CONTINUOUS
10
0.9074605905511811
20
-0.0445116141732283
11
0.9117686220472441
21
-0.0322
0
LINE
8
BLACK
6
CONTINUOUS
10
0.9117686220472441
20
-0.0322
11
0.9146711023622047
21
-0.0194833858267717
0
LINE
8
BLACK
6
CONTINUOUS
10
0.9146711023622047
20
-0.0194833858267717
11
0.9161314960629922
21
-0.006521811023622
0
LINE
8
BLACK
6
CONTINUOUS
10
0.9161314960629922
20
-0.006521811023622
11
0.9161314960629922
21
0.006521811023622
0
LINE
8
BLACK
6
CONTINUOUS
10
0.9161314960629922
20
0.006521811023622
11
0.9146711023622047
21
0.0194833858267717
0
LINE
8
BLACK
6
CONTINUOUS
10
0.9146711023622047
20
0.0194833858267717
11
0.9117686220472441
21
0.0322
0
LINE
8
BLACK
6
CONTINUOUS
10
0.9117686220472441
20
0.0322
11
0.9074605905511811
21
0.0445116141732283
0
LINE
8
BLACK
6
CONTINUOUS
10
0.9074605905511811
20
0.0445116141732283
11
0.9018011811023622
21
0.0562635039370079
0
LINE
8
BLACK
6
CONTINUOUS
10
0.9018011811023622
20
0.0562635039370079
11
0.8948615354330709
21
0.067307874015748
0
LINE
8
BLACK
6
CONTINUOUS
10
0.8948615354330709
20
0.067307874015748
11
0.8867289763779528
21
0.0775057480314961
0
LINE
8
BLACK
6
CONTINUOUS
10
0.8867289763779528
20
0.0775057480314961
11
0.8775057480314961
21
0.0867289763779528
0
LINE
8
BLACK
6
CONTINUOUS
10
0.8775057480314961
20
0.0867289763779528
11
0.867307874015748
21
0.0948615354330709
0
LINE
8
BLACK
6
CONTINUOUS
10
0.867307874015748
20
0.0948615354330709
11
0.8562635039370079
21
0.1018011811023622
0
LINE
8
BLACK
6
CONTINUOUS
10
0.8562635039370079
20
0.1018011811023622
11
0.8445116141732283
21
0.1074605905511811
0
LINE
8
BLACK
6
CONTINUOUS
10
0.8445116141732283
20
0.1074605905511811
11
0.8321999999999999
21
0.1117686220472441
0
LINE
8
BLACK
6
CONTINUOUS
10
0.8321999999999999
20
0.1117686220472441
11
0.8194833858267716
21
0.1146711023622047
0
LINE
8
BLACK
6
CONTINUOUS
10
0.8194833858267716
20
0.1146711023622047
11
0.8065218110236221
21
0.1161314960629921
0
LINE
8
BLACK
6
CONTINUOUS
10
0.8065218110236221
20
0.1161314960629921
11
0.7934781889763779
21
0.1161314960629921
0
LINE
8
BLACK
6
CONTINUOUS
10
0.7934781889763779
20
0.1161314960629921
11
0.7805166141732284
21
0.1146711023622047
0
LINE
8
BLACK
6
CONTINUOUS
10
0.7805166141732284
20
0.1146711023622047
11
0.7678
21
0.1117686220472441
0
LINE
8
BLACK
6
CONTINUOUS
10
0.7678
20
0.1117686220472441
11
0.7554883858267717
21
0.1074605905511811
0
LINE
8
BLACK
6
CONTINUOUS
10
0.7554883858267717
20
0.1074605905511811
11
0.7437364960629921
21
0.1018011811023622
0
LINE
8
BLACK
6
CONTINUOUS
10
0.7437364960629921
20
0.1018011811023622
11
0.7326921259842519
21
0.0948615354330709
0
LINE
8
BLACK
6
CONTINUOUS
10
0.7326921259842519
20
0.0948615354330709
11
0.7224942519685039
21
0.0867289763779528
0
LINE
8
BLACK
6
CONTINUOUS
10
0.7224942519685039
20
0.0867289763779528
11
0.7132710236220472
21
0.0775057480314961
0
LINE
8
BLACK
6
CONTINUOUS
10
0.7132710236220472
20
0.0775057480314961
11
0.7051384645669291
21
0.067307874015748
0
LINE
8
BLACK
6
CONTINUOUS
10
0.7051384645669291
20
0.067307874015748
11
0.6981988188976378
21
0.0562635039370079
0
LINE
8
BLACK
6
CONTINUOUS
10
0.6981988188976378
20
0.0562635039370079
11
0.6925394094488189
21
0.0445116141732283
0
LINE
8
BLACK
6
CONTINUOUS
10
0.6925394094488189
20
0.0445116141732283
11
0.6882313779527559
21
0.0322
0
LINE
8
BLACK
6
CONTINUOUS
10
0.6882313779527559
20
0.0322
11
0.6853288976377953
21
0.0194833858267717
0
LINE
8
BLACK
6
CONTINUOUS
10
0.6853288976377953
20
0.0194833858267717
11
0.6838685039370078
21
0.006521811023622
0
LINE
8
BLACK
6
CONTINUOUS
10
0.6838685039370078
20
0.006521811023622
11
0.6838685039370078
21
-0.006521811023622
0
LINE
8
BLACK
6
CONTINUOUS
10
-0.0150261811023622
20
0.4296312598425197
11
-0.0142115354330709
21
0.4288166141732284
0
LINE
8
BLACK
6
CONTINUOUS
10
-0.0142115354330709
20
0.4288166141732284
11
-0.0137706299212598
21
0.4277522047244094
0
LINE
8
BLACK
6
CONTINUOUS
10
-0.0137706299212598
20
0.4277522047244094
11
-0.0137138976377953
21
0.4271761417322835
0
LINE
8
BLACK
6
CONTINUOUS
10
-0.0137138976377953
20
0.4271761417322835
11
-0.0137138976377953
21
0.3914618503937008
0
LINE
8
BLACK
6
CONTINUOUS
10
-0.0137138976377953
20
0.3914618503937008
11
-0.0137426377952756
21
0.3911702755905512
0
LINE
8
BLACK
6
CONTINUOUS
10
-0.0137426377952756
20
0.3911702755905512
11
-0.0137370866141732
21
0.3910925196850394
0
LINE
8
BLACK
6
CONTINUOUS
10
-0.0137370866141732
20
0.3910925196850394
11
-0.0137603543307087
21
0.3909902755905512
0
LINE
8
BLACK
6
CONTINUOUS
10
-0.0137603543307087
20
0.3909902755905512
11
-0.0137706299212598
21
0.3908857874015748
0
LINE
8
BLACK
6
CONTINUOUS
10
-0.0137706299212598
20
0.3908857874015748
11
-0.0138005118110236
21
0.3908137401574803
0
LINE
8
BLACK
6
CONTINUOUS
10
-0.0138005118110236
20
0.3908137401574803
11
-0.0138654330708661
21
0.3905280708661417
0
LINE
8
BLACK
6
CONTINUOUS
10
-0.0138654330708661
20
0.3905280708661417
11
-0.0162464173228346
21
0.3833852755905512
0
LINE
8
BLACK
6
CONTINUOUS
10
-0.0162464173228346
20
0.3833852755905512
11
-0.0164824015748032
21
0.3828566929133858
0
LINE
8
BLACK
6
CONTINUOUS
10
-0.0164824015748032
20
0.3828566929133858
11
-0.0165519291338583
21
0.3827765748031496
0
LINE
8
BLACK
6
CONTINUOUS
10
-0.0165519291338583
20
0.3827765748031496
11
-0.0165924803149606
21
0.3826785826771654
0
LINE
8
BLACK
6
CONTINUOUS
10
-0.0165924803149606
20
0.3826785826771654
11
-0.0169597244094488
21
0.3822311023622047
0
LINE
8
BLACK
6
CONTINUOUS
10
-0.0169597244094488
20
0.3822311023622047
11
-0.0217216141732283
21
0.3774691732283464
0
LINE
8
BLACK
6
CONTINUOUS
10
-0.0217216141732283
20
0.3774691732283464
11
-0.0221690551181102
21
0.377101968503937
0
LINE
8
BLACK
6
CONTINUOUS
10
-0.0221690551181102
20
0.377101968503937
11
-0.0222670472440945
21
0.3770614173228347
0
LINE
8
BLACK
6
CONTINUOUS
10
-0.0222670472440945
20
0.3770614173228347
11
-0.0223472047244094
21
0.3769918503937008
0
LINE
8
BLACK
6
CONTINUOUS
10
-0.0223472047244094
20
0.3769918503937008
11
-0.0228757874015748
21
0.3767558661417323
0
LINE
8
BLACK
6
CONTINUOUS
10
-0.0228757874015748
20
0.3767558661417323
11
-0.0300186614173228
21
0.3743749212598425
0
LINE
8
BLACK
6
CONTINUOUS
10
-0.0300186614173228
20
0.3743749212598425
11
-0.0303042519685039
21
0.37431
0
LINE
8
BLACK
6
CONTINUOUS
10
-0.0303042519685039
20
0.37431
11
-0.0303763385826772
21
0.3742801181102362
0
LINE
8
BLACK
6
CONTINUOUS
10
-0.0303763385826772
20
0.3742801181102362
11
-0.0304808661417323
21
0.374269842519685
0
LINE
8
BLACK
6
CONTINUOUS
10
-0.0304808661417323
20
0.374269842519685
11
-0.0305831102362205
21
0.3742465748031496
0
LINE
8
BLACK
6
CONTINUOUS
10
-0.0305831102362205
20
0.3742465748031496
11
-0.0306608661417323
21
0.3742521259842519
0
LINE
8
BLACK
6
CONTINUOUS
10
-0.0306608661417323
20
0.3742521259842519
11
-0.0309524015748032
21
0.3742233858267717
0
LINE
8
BLACK
6
CONTINUOUS
10
-0.0309524015748032
20
0.3742233858267717
11
-0.0357142913385827
21
0.3742233858267717
0
LINE
8
BLACK
6
CONTINUOUS
10
-0.0357142913385827
20
0.3742233858267717
11
-0.0362903543307087
21
0.3742801181102362
0
LINE
8
BLACK
6
CONTINUOUS
10
-0.0362903543307087
20
0.3742801181102362
11
-0.0373547637795276
21
0.3747210236220472
0
LINE
8
BLACK
6
CONTINUOUS
10
-0.0373547637795276
20
0.3747210236220472
11
-0.0381694094488189
21
0.3755356692913386
0
LINE
8
BLACK
6
CONTINUOUS
10
-0.0381694094488189
20
0.3755356692913386
11
-0.0386103149606299
21
0.3766000787401575
0
LINE
8
BLACK
6
CONTINUOUS
10
-0.0386103149606299
20
0.3766000787401575
11
-0.0386103149606299
21
0.3777522047244095
0
LINE
8
BLACK
6
CONTINUOUS
10
-0.0386103149606299
20
0.3777522047244095
11
-0.0381694094488189
21
0.3788166141732283
0
LINE
8
BLACK
6
CONTINUOUS
10
-0.0381694094488189
20
0.3788166141732283
11
-0.0373547637795276
21
0.3796312598425197
0
LINE
8
BLACK
6
CONTINUOUS
10
-0.0373547637795276
20
0.3796312598425197
11
-0.0362903543307087
21
0.3800721653543307
0
LINE
8
BLACK
6
CONTINUOUS
10
-0.0362903543307087
20
0.3800721653543307
11
-0.0357142913385827
21
0.3801288976377953
0
LINE
8
BLACK
6
CONTINUOUS
10
-0.0357142913385827
20
0.3801288976377953
11
-0.0314315354330709
21
0.3801288976377953
0
LINE
8
BLACK
6
CONTINUOUS
10
-0.0314315354330709
20
0.3801288976377953
11
-0.0254046062992126
21
0.382137874015748
0
LINE
8
BLACK
6
CONTINUOUS
10
-0.0254046062992126
20
0.382137874015748
11
-0.0216284251968504
21
0.3859140551181102
0
LINE
8
BLACK
6
CONTINUOUS
10
-0.0216284251968504
20
0.3859140551181102
11
-0.0196194094488189
21
0.3919410236220472
0
LINE
8
BLACK
6
CONTINUOUS
10
-0.0196194094488189
20
0.3919410236220472
11
-0.0196194094488189
21
0.4271761417322835
0
LINE
8
BLACK
6
CONTINUOUS
10
-0.0196194094488189
20
0.4271761417322835
11
-0.0195626771653543
21
0.4277522047244094
0
LINE
8
BLACK
6
CONTINUOUS
10
-0.0195626771653543
20
0.4277522047244094
11
-0.0191217716535433
21
0.4288166141732284
0
LINE
8
BLACK
6
CONTINUOUS
10
-0.0191217716535433
20
0.4288166141732284
11
-0.018307125984252
21
0.4296312598425197
0
LINE
8
BLACK
6
CONTINUOUS
10
-0.018307125984252
20
0.4296312598425197
11
-0.0172427165354331
21
0.4300721653543307
0
LINE
8
BLACK
6
CONTINUOUS
10
-0.0172427165354331
20
0.4300721653543307
11
-0.0160905905511811
21
0.4300721653543307
0
LINE
8
BLACK
6
CONTINUOUS
10
-0.0160905905511811
20
0.4300721653543307
11
-0.0150261811023622
21
0.4296312598425197
0
LINE
8
BLACK
6
CONTINUOUS
10
0.0336379921259842
20
0.4300988976377952
11
0.0337154724409449
21
0.4301040551181102
0
LINE
8
BLACK
6
CONTINUOUS
10
0.0337154724409449
20
0.4301040551181102
11
0.0337688188976378
21
0.4300860236220472
0
LINE
8
BLACK
6
CONTINUOUS
10
0.0337688188976378
20
0.4300860236220472
11
0.0339094094488189
21
0.4300721653543307
0
LINE
8
BLACK
6
CONTINUOUS
10
0.0339094094488189
20
0.4300721653543307
11
0.0343525984251968
21
0.4298885826771653
0
LINE
8
BLACK
6
CONTINUOUS
10
0.0343525984251968
20
0.4298885826771653
11
0.0348068503937008
21
0.4297349606299212
0
LINE
8
BLACK
6
CONTINUOUS
10
0.0348068503937008
20
0.4297349606299212
11
0.034881811023622
21
0.4296694094488189
0
LINE
8
BLACK
6
CONTINUOUS
10
0.034881811023622
20
0.4296694094488189
11
0.0349738188976378
21
0.4296312598425197
0
LINE
8
BLACK
6
CONTINUOUS
10
0.0349738188976378
20
0.4296312598425197
11
0.0353127952755906
21
0.4292922834645669
0
LINE
8
BLACK
6
CONTINUOUS
10
0.0353127952755906
20
0.4292922834645669
11
0.035673937007874
21
0.4289762992125984
0
LINE
8
BLACK
6
CONTINUOUS
10
0.035673937007874
20
0.4289762992125984
11
0.0357181102362205
21
0.428886968503937
0
LINE
8
BLACK
6
CONTINUOUS
10
0.0357181102362205
20
0.428886968503937
11
0.0357884645669291
21
0.4288166141732284
0
LINE
8
BLACK
6
CONTINUOUS
10
0.0357884645669291
20
0.4288166141732284
11
0.0359719291338583
21
0.4283737007874016
0
LINE
8
BLACK
6
CONTINUOUS
10
0.0359719291338583
20
0.4283737007874016
11
0.0361846456692913
21
0.4279435433070866
0
LINE
8
BLACK
6
CONTINUOUS
10
0.0361846456692913
20
0.4279435433070866
11
0.0361912598425197
21
0.4278442125984252
0
LINE
8
BLACK
6
CONTINUOUS
10
0.0361912598425197
20
0.4278442125984252
11
0.0362293700787402
21
0.4277522047244094
0
LINE
8
BLACK
6
CONTINUOUS
10
0.0362293700787402
20
0.4277522047244094
11
0.0362293700787402
21
0.4272725196850394
0
LINE
8
BLACK
6
CONTINUOUS
10
0.0362293700787402
20
0.4272725196850394
11
0.0362612598425197
21
0.4267940157480315
0
LINE
8
BLACK
6
CONTINUOUS
10
0.0362612598425197
20
0.4267940157480315
11
0.0362293700787402
21
0.4266997244094488
0
LINE
8
BLACK
6
CONTINUOUS
10
0.0362293700787402
20
0.4266997244094488
11
0.0362293700787402
21
0.4266000787401575
0
LINE
8
BLACK
6
CONTINUOUS
10
0.0362293700787402
20
0.4266000787401575
11
0.0360457480314961
21
0.4261568897637795
0
LINE
8
BLACK
6
CONTINUOUS
10
0.0360457480314961
20
0.4261568897637795
11
0.0358921653543307
21
0.4257026377952756
0
LINE
8
BLACK
6
CONTINUOUS
10
0.0358921653543307
20
0.4257026377952756
11
0.0358100393700787
21
0.4255877952755905
0
LINE
8
BLACK
6
CONTINUOUS
10
0.0358100393700787
20
0.4255877952755905
11
0.0357884645669291
21
0.4255356692913386
0
LINE
8
BLACK
6
CONTINUOUS
10
0.0357884645669291
20
0.4255356692913386
11
0.0357335039370079
21
0.425480748031496
0
LINE
8
BLACK
6
CONTINUOUS
10
0.0357335039370079
20
0.425480748031496
11
0.0355555118110236
21
0.4252317322834646
0
LINE
8
BLACK
6
CONTINUOUS
10
0.0355555118110236
20
0.4252317322834646
11
0.0231738582677165
21
0.4110812992125984
0
LINE
8
BLACK
6
CONTINUOUS
10
0.0231738582677165
20
0.4110812992125984
11
0.0238095275590551
21
0.4110812992125984
0
LINE
8
BLACK
6
CONTINUOUS
10
0.0238095275590551
20
0.4110812992125984
11
0.0243855905511811
21
0.4110245669291339
0
LINE
8
BLACK
6
CONTINUOUS
10
0.0243855905511811
20
0.4110245669291339
11
0.0244835826771654
21
0.4109839763779528
0
LINE
8
BLACK
6
CONTINUOUS
10
0.0244835826771654
20
0.4109839763779528
11
0.0245894094488189
21
0.4109764566929134
0
LINE
8
BLACK
6
CONTINUOUS
10
0.0245894094488189
20
0.4109764566929134
11
0.0251300393700787
21
0.4107695669291339
0
LINE
8
BLACK
6
CONTINUOUS
10
0.0251300393700787
20
0.4107695669291339
11
0.0298919291338583
21
0.4083886220472441
0
LINE
8
BLACK
6
CONTINUOUS
10
0.0298919291338583
20
0.4083886220472441
11
0.030139842519685
21
0.4082325590551181
0
LINE
8
BLACK
6
CONTINUOUS
10
0.030139842519685
20
0.4082325590551181
11
0.0302118897637795
21
0.4082027165354331
0
LINE
8
BLACK
6
CONTINUOUS
10
0.0302118897637795
20
0.4082027165354331
11
0.0302929527559055
21
0.4081361811023622
0
LINE
8
BLACK
6
CONTINUOUS
10
0.0302929527559055
20
0.4081361811023622
11
0.0303817716535433
21
0.4080802755905512
0
LINE
8
BLACK
6
CONTINUOUS
10
0.0303817716535433
20
0.4080802755905512
11
0.0304328346456693
21
0.4080213779527559
0
LINE
8
BLACK
6
CONTINUOUS
10
0.0304328346456693
20
0.4080213779527559
11
0.0306593307086614
21
0.4078355118110236
0
LINE
8
BLACK
6
CONTINUOUS
10
0.0306593307086614
20
0.4078355118110236
11
0.0330403149606299
21
0.4054544881889764
0
LINE
8
BLACK
6
CONTINUOUS
10
0.0330403149606299
20
0.4054544881889764
11
0.0332261417322835
21
0.4052280708661417
0
LINE
8
BLACK
6
CONTINUOUS
10
0.0332261417322835
20
0.4052280708661417
11
0.033285
21
0.4051770078740157
0
LINE
8
BLACK
6
CONTINUOUS
10
0.033285
20
0.4051770078740157
11
0.0333408267716535
21
0.4050883070866141
0
LINE
8
BLACK
6
CONTINUOUS
10
0.0333408267716535
20
0.4050883070866141
11
0.0334075196850394
21
0.4050070472440945
0
LINE
8
BLACK
6
CONTINUOUS
10
0.0334075196850394
20
0.4050070472440945
11
0.0334373622047244
21
0.4049349606299212
0
LINE
8
BLACK
6
CONTINUOUS
10
0.0334373622047244
20
0.4049349606299212
11
0.0335933858267717
21
0.4046871259842519
0
LINE
8
BLACK
6
CONTINUOUS
10
0.0335933858267717
20
0.4046871259842519
11
0.0359743700787402
21
0.3999252362204724
0
LINE
8
BLACK
6
CONTINUOUS
10
0.0359743700787402
20
0.3999252362204724
11
0.0361812598425197
21
0.3993846456692913
0
LINE
8
BLACK
6
CONTINUOUS
10
0.0361812598425197
20
0.3993846456692913
11
0.0361887795275591
21
0.399278779527559
0
LINE
8
BLACK
6
CONTINUOUS
10
0.0361887795275591
20
0.399278779527559
11
0.0362293700787402
21
0.3991807874015748
0
LINE
8
BLACK
6
CONTINUOUS
10
0.0362293700787402
20
0.3991807874015748
11
0.0362861023622047
21
0.3986047244094488
0
LINE
8
BLACK
6
CONTINUOUS
10
0.0362861023622047
20
0.3986047244094488
11
0.0362861023622047
21
0.3866999606299212
0
LINE
8
BLACK
6
CONTINUOUS
10
0.0362861023622047
20
0.3866999606299212
11
0.0362293700787402
21
0.3861238976377953
0
LINE
8
BLACK
6
CONTINUOUS
10
0.0362293700787402
20
0.3861238976377953
11
0.0361887795275591
21
0.3860259448818897
0
LINE
8
BLACK
6
CONTINUOUS
10
0.0361887795275591
20
0.3860259448818897
11
0.0361812598425197
21
0.3859200393700787
0
LINE
8
BLACK
6
CONTINUOUS
10
0.0361812598425197
20
0.3859200393700787
11
0.0359743700787402
21
0.3853794488188976
0
LINE
8
BLACK
6
CONTINUOUS
10
0.0359743700787402
20
0.3853794488188976
11
0.0335933858267717
21
0.3806175590551181
0
LINE
8
BLACK
6
CONTINUOUS
10
0.0335933858267717
20
0.3806175590551181
11
0.0334373622047244
21
0.3803697637795275
0
LINE
8
BLACK
6
CONTINUOUS
10
0.0334373622047244
20
0.3803697637795275
11
0.0334075196850394
21
0.3802976377952756
0
LINE
8
BLACK
6
CONTINUOUS
10
0.0334075196850394
20
0.3802976377952756
11
0.0333408267716535
21
0.3802164173228346
0
LINE
8
BLACK
6
CONTINUOUS
10
0.0333408267716535
20
0.3802164173228346
11
0.033285
21
0.3801276771653543
0
LINE
8
BLACK
6
CONTINUOUS
10
0.033285
20
0.3801276771653543
11
0.0332261417322835
21
0.3800766535433071
0
LINE
8
BLACK
6
CONTINUOUS
10
0.0332261417322835
20
0.3800766535433071
11
0.0330403149606299
21
0.3798501968503937
0
LINE
8
BLACK
6
CONTINUOUS
10
0.0330403149606299
20
0.3798501968503937
11
0.0306593307086614
21
0.3774691732283464
0
LINE
8
BLACK
6
CONTINUOUS
10
0.0306593307086614
20
0.3774691732283464
11
0.0304328346456693
21
0.3772833464566929
0
LINE
8
BLACK
6
CONTINUOUS
10
0.0304328346456693
20
0.3772833464566929
11
0.0303817716535433
21
0.3772244094488189
0
LINE
8
BLACK
6
CONTINUOUS
10
0.0303817716535433
20
0.3772244094488189
11
0.0302929527559055
21
0.3771685433070866
0
LINE
8
BLACK
6
CONTINUOUS
10
0.0302929527559055
20
0.3771685433070866
11
0.0302118897637795
21
0.377101968503937
0
LINE
8
BLACK
6
CONTINUOUS
10
0.0302118897637795
20
0.377101968503937
11
0.030139842519685
21
0.3770721653543307
0
LINE
8
BLACK
6
CONTINUOUS
10
0.030139842519685
20
0.3770721653543307
11
0.0298919291338583
21
0.376916062992126
0
LINE
8
BLACK
6
CONTINUOUS
10
0.0298919291338583
20
0.376916062992126
11
0.0251300393700787
21
0.3745351181102362
0
LINE
8
BLACK
6
CONTINUOUS
10
0.0251300393700787
20
0.3745351181102362
11
0.0245894094488189
21
0.3743282283464567
0
LINE
8
BLACK
6
CONTINUOUS
10
0.0245894094488189
20
0.3743282283464567
11
0.0244835826771654
21
0.3743207480314961
0
LINE
8
BLACK
6
CONTINUOUS
10
0.0244835826771654
20
0.3743207480314961
11
0.0243855905511811
21
0.3742801181102362
0
LINE
8
BLACK
6
CONTINUOUS
10
0.0243855905511811
20
0.3742801181102362
11
0.0238095275590551
21
0.3742233858267717
0
LINE
8
BLACK
6
CONTINUOUS
10
0.0238095275590551
20
0.3742233858267717
11
0.0095238188976378
21
0.3742233858267717
0
LINE
8
BLACK
6
CONTINUOUS
10
0.0095238188976378
20
0.3742233858267717
11
0.0089477559055118
21
0.3742801181102362
0
LINE
8
BLACK
6
CONTINUOUS
10
0.0089477559055118
20
0.3742801181102362
11
0.0088497244094488
21
0.3743207480314961
0
LINE
8
BLACK
6
CONTINUOUS
10
0.0088497244094488
20
0.3743207480314961
11
0.008743937007874
21
0.3743282283464567
0
LINE
8
BLACK
6
CONTINUOUS
10
0.008743937007874
20
0.3743282283464567
11
0.0082033070866142
21
0.3745351181102362
0
LINE
8
BLACK
6
CONTINUOUS
10
0.0082033070866142
20
0.3745351181102362
11
0.0034413779527559
21
0.376916062992126
0
LINE
8
BLACK
6
CONTINUOUS
10
0.0034413779527559
20
0.376916062992126
11
0.0031933464566929
21
0.3770721653543307
0
LINE
8
BLACK
6
CONTINUOUS
10
0.0031933464566929
20
0.3770721653543307
11
0.0031214173228346
21
0.377101968503937
0
LINE
8
BLACK
6
CONTINUOUS
10
0.0031214173228346
20
0.377101968503937
11
0.0030404330708661
21
0.3771684645669292
0
LINE
8
BLACK
6
CONTINUOUS
10
0.0030404330708661
20
0.3771684645669292
11
0.0029514960629921
21
0.3772244094488189
0
LINE
8
BLACK
6
CONTINUOUS
10
0.0029514960629921
20
0.3772244094488189
11
0.0029003149606299
21
0.3772834251968504
0
LINE
8
BLACK
6
CONTINUOUS
10
0.0029003149606299
20
0.3772834251968504
11
0.0026739763779528
21
0.3774691732283464
0
LINE
8
BLACK
6
CONTINUOUS
10
0.0026739763779528
20
0.3774691732283464
11
0.000293031496063
21
0.379850157480315
0
LINE
8
BLACK
6
CONTINUOUS
10
0.000293031496063
20
0.379850157480315
11
-0.0000742125984252
21
0.3802976377952756
0
LINE
8
BLACK
6
CONTINUOUS
10
-0.0000742125984252
20
0.3802976377952756
11
-0.0005150787401575
21
0.3813620472440945
0
LINE
8
BLACK
6
CONTINUOUS
10
-0.0005150787401575
20
0.3813620472440945
11
-0.0005150787401575
21
0.3825141338582677
0
LINE
8
BLACK
6
CONTINUOUS
10
-0.0005150787401575
20
0.3825141338582677
11
-0.0000741732283465
21
0.3835785433070866
0
LINE
8
BLACK
6
CONTINUOUS
10
-0.0000741732283465
20
0.3835785433070866
11
0.0007405118110236
21
0.3843932283464567
0
LINE
8
BLACK
6
CONTINUOUS
10
0.0007405118110236
20
0.3843932283464567
11
0.0018049212598425
21
0.3848340944881889
0
LINE
8
BLACK
6
CONTINUOUS
10
0.0018049212598425
20
0.3848340944881889
11
0.0029570078740157
21
0.3848340944881889
0
LINE
8
BLACK
6
CONTINUOUS
10
0.0029570078740157
20
0.3848340944881889
11
0.0040214173228346
21
0.3843931889763779
0
LINE
8
BLACK
6
CONTINUOUS
10
0.0040214173228346
20
0.3843931889763779
11
0.0044688582677165
21
0.3840259842519685
0
LINE
8
BLACK
6
CONTINUOUS
10
0.0044688582677165
20
0.3840259842519685
11
0.0065109842519685
21
0.3819838188976378
0
LINE
8
BLACK
6
CONTINUOUS
10
0.0065109842519685
20
0.3819838188976378
11
0.0102208267716535
21
0.3801288976377953
0
LINE
8
BLACK
6
CONTINUOUS
10
0.0102208267716535
20
0.3801288976377953
11
0.0231124803149606
21
0.3801288976377953
0
LINE
8
BLACK
6
CONTINUOUS
10
0.0231124803149606
20
0.3801288976377953
11
0.0268222834645669
21
0.3819838188976378
0
LINE
8
BLACK
6
CONTINUOUS
10
0.0268222834645669
20
0.3819838188976378
11
0.0285255905511811
21
0.3836871653543307
0
LINE
8
BLACK
6
CONTINUOUS
10
0.0285255905511811
20
0.3836871653543307
11
0.0303805905511811
21
0.3873970866141732
0
LINE
8
BLACK
6
CONTINUOUS
10
0.0303805905511811
20
0.3873970866141732
11
0.0303805905511811
21
0.3979076377952756
0
LINE
8
BLACK
6
CONTINUOUS
10
0.0303805905511811
20
0.3979076377952756
11
0.0285255905511811
21
0.4016175590551181
0
LINE
8
BLACK
6
CONTINUOUS
10
0.0285255905511811
20
0.4016175590551181
11
0.0268222834645669
21
0.403320905511811
0
LINE
8
BLACK
6
CONTINUOUS
10
0.0268222834645669
20
0.403320905511811
11
0.0231124803149606
21
0.4051757874015748
0
LINE
8
BLACK
6
CONTINUOUS
10
0.0231124803149606
20
0.4051757874015748
11
0.0166666535433071
21
0.4051757874015748
0
LINE
8
BLACK
6
CONTINUOUS
10
0.0166666535433071
20
0.4051757874015748
11
0.016361968503937
21
0.4052058267716535
0
LINE
8
BLACK
6
CONTINUOUS
10
0.016361968503937
20
0.4052058267716535
11
0.0162845275590551
21
0.4052006299212598
0
LINE
8
BLACK
6
CONTINUOUS
10
0.0162845275590551
20
0.4052006299212598
11
0.0162311417322835
21
0.4052187007874016
0
LINE
8
BLACK
6
CONTINUOUS
10
0.0162311417322835
20
0.4052187007874016
11
0.0160905905511811
21
0.4052325196850394
0
LINE
8
BLACK
6
CONTINUOUS
10
0.0160905905511811
20
0.4052325196850394
11
0.0156473622047244
21
0.4054161417322835
0
LINE
8
BLACK
6
CONTINUOUS
10
0.0156473622047244
20
0.4054161417322835
11
0.0151931496062992
21
0.4055697244094488
0
LINE
8
BLACK
6
CONTINUOUS
10
0.0151931496062992
20
0.4055697244094488
11
0.015118188976378
21
0.4056353149606299
0
LINE
8
BLACK
6
CONTINUOUS
10
0.015118188976378
20
0.4056353149606299
11
0.0150261811023622
21
0.4056734251968504
0
LINE
8
BLACK
6
CONTINUOUS
10
0.0150261811023622
20
0.4056734251968504
11
0.0146870078740157
21
0.4060125984251968
0
LINE
8
BLACK
6
CONTINUOUS
10
0.0146870078740157
20
0.4060125984251968
11
0.014326062992126
21
0.4063284251968504
0
LINE
8
BLACK
6
CONTINUOUS
10
0.014326062992126
20
0.4063284251968504
11
0.0142818897637795
21
0.4064177165354331
0
LINE
8
BLACK
6
CONTINUOUS
10
0.0142818897637795
20
0.4064177165354331
11
0.0142115354330709
21
0.4064880708661417
0
LINE
8
BLACK
6
CONTINUOUS
10
0.0142115354330709
20
0.4064880708661417
11
0.0140279921259843
21
0.4069311417322835
0
LINE
8
BLACK
6
CONTINUOUS
10
0.0140279921259843
20
0.4069311417322835
11
0.0138153543307087
21
0.4073611417322834
0
LINE
8
BLACK
6
CONTINUOUS
10
0.0138153543307087
20
0.4073611417322834
11
0.0138087007874016
21
0.4074605118110236
0
LINE
8
BLACK
6
CONTINUOUS
10
0.0138087007874016
20
0.4074605118110236
11
0.0137706299212598
21
0.4075524803149606
0
LINE
8
BLACK
6
CONTINUOUS
10
0.0137706299212598
20
0.4075524803149606
11
0.0137706299212598
21
0.4080322047244094
0
LINE
8
BLACK
6
CONTINUOUS
10
0.0137706299212598
20
0.4080322047244094
11
0.0137387401574803
21
0.4085106692913386
0
LINE
8
BLACK
6
CONTINUOUS
10
0.0137387401574803
20
0.4085106692913386
11
0.0137706299212598
21
0.408605
0
LINE
8
BLACK
6
CONTINUOUS
10
0.0137706299212598
20
0.408605
11
0.0137706299212598
21
0.4087046062992126
0
LINE
8
BLACK
6
CONTINUOUS
10
0.0137706299212598
20
0.4087046062992126
11
0.0139542125984252
21
0.4091478346456693
0
LINE
8
BLACK
6
CONTINUOUS
10
0.0139542125984252
20
0.4091478346456693
11
0.0141078346456693
21
0.4096020472440945
0
LINE
8
BLACK
6
CONTINUOUS
10
0.0141078346456693
20
0.4096020472440945
11
0.0141899212598425
21
0.4097169291338583
0
LINE
8
BLACK
6
CONTINUOUS
10
0.0141899212598425
20
0.4097169291338583
11
0.0142115354330709
21
0.4097690157480315
0
LINE
8
BLACK
6
CONTINUOUS
10
0.0142115354330709
20
0.4097690157480315
11
0.0142664566929134
21
0.4098239763779528
0
LINE
8
BLACK
6
CONTINUOUS
10
0.0142664566929134
20
0.4098239763779528
11
0.0144444881889764
21
0.4100729527559055
0
LINE
8
BLACK
6
CONTINUOUS
10
0.0144444881889764
20
0.4100729527559055
11
0.0268261417322835
21
0.4242233858267717
0
LINE
8
BLACK
6
CONTINUOUS
10
0.0268261417322835
20
0.4242233858267717
11
0.0023809448818898
21
0.4242233858267717
0
LINE
8
BLACK
6
CONTINUOUS
10
0.0023809448818898
20
0.4242233858267717
11
0.0018048818897638
21
0.4242801181102362
0
LINE
8
BLACK
6
CONTINUOUS
10
0.0018048818897638
20
0.4242801181102362
11
0.0007404724409449
21
0.4247210236220472
0
LINE
8
BLACK
6
CONTINUOUS
10
0.0007404724409449
20
0.4247210236220472
11
-0.0000741732283465
21
0.4255356692913386
0
LINE
8
BLACK
6
CONTINUOUS
10
-0.0000741732283465
20
0.4255356692913386
11
-0.0005150787401575
21
0.4266000787401575
0
LINE
8
BLACK
6
CONTINUOUS
10
-0.0005150787401575
20
0.4266000787401575
11
-0.0005150787401575
21
0.4277522047244094
0
LINE
8
BLACK
6
CONTINUOUS
10
-0.0005150787401575
20
0.4277522047244094
11
-0.0000741732283465
21
0.4288166141732284
0
LINE
8
BLACK
6
CONTINUOUS
10
-0.0000741732283465
20
0.4288166141732284
11
0.0007404724409449
21
0.4296312598425197
0
LINE
8
BLACK
6
CONTINUOUS
10
0.0007404724409449
20
0.4296312598425197
11
0.0018048818897638
21
0.4300721653543307
0
LINE
8
BLACK
6
CONTINUOUS
10
0.0018048818897638
20
0.4300721653543307
11
0.0023809448818898
21
0.4301288976377953
0
LINE
8
BLACK
6
CONTINUOUS
10
0.0023809448818898
20
0.4301288976377953
11
0.0333333464566929
21
0.4301288976377953
0
LINE
8
BLACK
6
CONTINUOUS
10
0.0333333464566929
20
0.4301288976377953
11
0.0336379921259842
21
0.4300988976377952
0
LINE
8
BLACK
6
CONTINUOUS
10
0.0171879133858268
20
0.4864094488188976
11
0.0283195669291339
21
0.4834267322834646
0
LINE
8
BLACK
6
CONTINUOUS
10
0.0283195669291339
20
0.4834267322834646
11
0.0389666535433071
21
0.4790165748031496
0
LINE
8
BLACK
6
CONTINUOUS
10
0.0389666535433071
20
0.4790165748031496
11
0.0489470472440945
21
0.4732544094488189
0
LINE
8
BLACK
6
CONTINUOUS
10
0.0489470472440945
20
0.4732544094488189
11
0.0580898818897638
21
0.4662388188976378
0
LINE
8
BLACK
6
CONTINUOUS
10
0.0580898818897638
20
0.4662388188976378
11
0.0662388188976378
21
0.4580898818897638
0
LINE
8
BLACK
6
CONTINUOUS
10
0.0662388188976378
20
0.4580898818897638
11
0.0732544094488189
21
0.4489470472440945
0
LINE
8
BLACK
6
CONTINUOUS
10
0.0732544094488189
20
0.4489470472440945
11
0.0790165748031496
21
0.4389666535433071
0
LINE
8
BLACK
6
CONTINUOUS
10
0.0790165748031496
20
0.4389666535433071
11
0.0834267322834646
21
0.4283195669291339
0
LINE
8
BLACK
6
CONTINUOUS
10
0.0834267322834646
20
0.4283195669291339
11
0.0864094488188976
21
0.4171879133858268
0
LINE
8
BLACK
6
CONTINUOUS
10
0.0864094488188976
20
0.4171879133858268
11
0.0879137007874016
21
0.4057621653543307
0
LINE
8
BLACK
6
CONTINUOUS
10
0.0879137007874016
20
0.4057621653543307
11
0.0879137007874016
21
0.3942378346456693
0
LINE
8
BLACK
6
CONTINUOUS
10
0.0879137007874016
20
0.3942378346456693
11
0.0864094488188976
21
0.3828120866141732
0
LINE
8
BLACK
6
CONTINUOUS
10
0.0864094488188976
20
0.3828120866141732
11
0.0834267322834646
21
0.3716804330708661
0
LINE
8
BLACK
6
CONTINUOUS
10
0.0834267322834646
20
0.3716804330708661
11
0.0790165748031496
21
0.3610333464566929
0
LINE
8
BLACK
6
CONTINUOUS
10
0.0790165748031496
20
0.3610333464566929
11
0.0732544094488189
21
0.3510529527559055
0
LINE
8
BLACK
6
CONTINUOUS
10
0.0732544094488189
20
0.3510529527559055
11
0.0662388188976378
21
0.3419101181102362
0
LINE
8
BLACK
6
CONTINUOUS
10
0.0662388188976378
20
0.3419101181102362
11
0.0580898818897638
21
0.3337611811023622
0
LINE
8
BLACK
6
CONTINUOUS
10
0.0580898818897638
20
0.3337611811023622
11
0.0489470472440945
21
0.3267455905511811
0
LINE
8
BLACK
6
CONTINUOUS
10
0.0489470472440945
20
0.3267455905511811
11
0.0389666535433071
21
0.3209834251968504
0
LINE
8
BLACK
6
CONTINUOUS
10
0.0389666535433071
20
0.3209834251968504
11
0.0283195669291339
21
0.3165732677165354
0
LINE
8
BLACK
6
CONTINUOUS
10
0.0283195669291339
20
0.3165732677165354
11
0.0171879133858268
21
0.3135905511811024
0
LINE
8
BLACK
6
CONTINUOUS
10
0.0171879133858268
20
0.3135905511811024
11
0.0057621653543307
21
0.3120862992125984
0
LINE
8
BLACK
6
CONTINUOUS
10
0.0057621653543307
20
0.3120862992125984
11
-0.0057621653543307
21
0.3120862992125984
0
LINE
8
BLACK
6
CONTINUOUS
10
-0.0057621653543307
20
0.3120862992125984
11
-0.0171879133858268
21
0.3135905511811024
0
LINE
8
BLACK
6
CONTINUOUS
10
-0.0171879133858268
20
0.3135905511811024
11
-0.0283195669291339
21
0.3165732677165354
0
LINE
8
BLACK
6
CONTINUOUS
10
-0.0283195669291339
20
0.3165732677165354
11
-0.0389666535433071
21
0.3209834251968504
0
LINE
8
BLACK
6
CONTINUOUS
10
-0.0389666535433071
20
0.3209834251968504
11
-0.0489470472440945
21
0.3267455905511811
0
LINE
8
BLACK
6
CONTINUOUS
10
-0.0489470472440945
20
0.3267455905511811
11
-0.0580898818897638
21
0.3337611811023622
0
LINE
8
BLACK
6
CONTINUOUS
10
-0.0580898818897638
20
0.3337611811023622
11
-0.0662388188976378
21
0.3419101181102362
0
LINE
8
BLACK
6
CONTINUOUS
10
-0.0662388188976378
20
0.3419101181102362
11
-0.0732544094488189
21
0.3510529527559055
0
LINE
8
BLACK
6
CONTINUOUS
10
-0.0732544094488189
20
0.3510529527559055
11
-0.0790165748031496
21
0.3610333464566929
0
LINE
8
BLACK
6
CONTINUOUS
10
-0.0790165748031496
20
0.3610333464566929
11
-0.0834267322834646
21
0.3716804330708661
0
LINE
8
BLACK
6
CONTINUOUS
10
-0.0834267322834646
20
0.3716804330708661
11
-0.0864094488188976
21
0.3828120866141732
0
LINE
8
BLACK
6
CONTINUOUS
10
-0.0864094488188976
20
0.3828120866141732
11
-0.0879137007874016
21
0.3942378346456693
0
LINE
8
BLACK
6
CONTINUOUS
10
-0.0879137007874016
20
0.3942378346456693
11
-0.0879137007874016
21
0.4053874803149606
0
LINE
8
BLACK
6
CONTINUOUS
10
-0.0879137007874016
20
0.4053874803149606
11
-0.0879137007874016
21
0.4057621653543307
0
LINE
8
BLACK
6
CONTINUOUS
10
-0.0879137007874016
20
0.4057621653543307
11
-0.0864094488188976
21
0.4171879133858268
0
LINE
8
BLACK
6
CONTINUOUS
10
-0.0864094488188976
20
0.4171879133858268
11
-0.0834267322834646
21
0.4283195669291339
0
LINE
8
BLACK
6
CONTINUOUS
10
-0.0834267322834646
20
0.4283195669291339
11
-0.0790165748031496
21
0.4389666535433071
0
LINE
8
BLACK
6
CONTINUOUS
10
-0.0790165748031496
20
0.4389666535433071
11
-0.0732544094488189
21
0.4489470472440945
0
LINE
8
BLACK
6
CONTINUOUS
10
-0.0732544094488189
20
0.4489470472440945
11
-0.0662388188976378
21
0.4580898818897638
0
LINE
8
BLACK
6
CONTINUOUS
10
-0.0662388188976378
20
0.4580898818897638
11
-0.0580898818897638
21
0.4662388188976378
0
LINE
8
BLACK
6
CONTINUOUS
10
-0.0580898818897638
20
0.4662388188976378
11
-0.0489470472440945
21
0.4732544094488189
0
LINE
8
BLACK
6
CONTINUOUS
10
-0.0489470472440945
20
0.4732544094488189
11
-0.0389666535433071
21
0.4790165748031496
0
LINE
8
BLACK
6
CONTINUOUS
10
-0.0389666535433071
20
0.4790165748031496
11
-0.0283195669291339
21
0.4834267322834646
0
LINE
8
BLACK
6
CONTINUOUS
10
-0.0283195669291339
20
0.4834267322834646
11
-0.0171879133858268
21
0.4864094488188976
0
LINE
8
BLACK
6
CONTINUOUS
10
-0.0171879133858268
20
0.4864094488188976
11
-0.0057621653543307
21
0.4879137007874015
0
LINE
8
BLACK
6
CONTINUOUS
10
-0.0057621653543307
20
0.4879137007874015
11
0.0057621653543307
21
0.4879137007874015
0
LINE
8
BLACK
6
CONTINUOUS
10
0.0057621653543307
20
0.4879137007874015
11
0.0171879133858268
21
0.4864094488188976
0
LINE
8
BLACK
6
CONTINUOUS
10
-0.082196811023622
20
0.3946125196850394
11
-0.0807903937007874
21
0.3839298031496063
0
LINE
8
BLACK
6
CONTINUOUS
10
-0.0807903937007874
20
0.3839298031496063
11
-0.0780016535433071
21
0.3735220078740157
0
LINE
8
BLACK
6
CONTINUOUS
10
-0.0780016535433071
20
0.3735220078740157
11
-0.0738782677165354
21
0.3635672834645669
0
LINE
8
BLACK
6
CONTINUOUS
10
-0.0738782677165354
20
0.3635672834645669
11
-0.0684907874015748
21
0.354235905511811
0
LINE
8
BLACK
6
CONTINUOUS
10
-0.0684907874015748
20
0.354235905511811
11
-0.0619314566929134
21
0.3456875984251969
0
LINE
8
BLACK
6
CONTINUOUS
10
-0.0619314566929134
20
0.3456875984251969
11
-0.0543124015748031
21
0.3380685433070866
0
LINE
8
BLACK
6
CONTINUOUS
10
-0.0543124015748031
20
0.3380685433070866
11
-0.045764094488189
21
0.3315092125984252
0
LINE
8
BLACK
6
CONTINUOUS
10
-0.045764094488189
20
0.3315092125984252
11
-0.0364327165354331
21
0.3261217322834646
0
LINE
8
BLACK
6
CONTINUOUS
10
-0.0364327165354331
20
0.3261217322834646
11
-0.0264779921259843
21
0.3219983464566929
0
LINE
8
BLACK
6
CONTINUOUS
10
-0.0264779921259843
20
0.3219983464566929
11
-0.0160701968503937
21
0.3192096062992126
0
LINE
8
BLACK
6
CONTINUOUS
10
-0.0160701968503937
20
0.3192096062992126
11
-0.0053874803149606
21
0.3178031889763779
0
LINE
8
BLACK
6
CONTINUOUS
10
-0.0053874803149606
20
0.3178031889763779
11
0.0053874803149606
21
0.3178031889763779
0
LINE
8
BLACK
6
CONTINUOUS
10
0.0053874803149606
20
0.3178031889763779
11
0.0160701968503937
21
0.3192096062992126
0
LINE
8
BLACK
6
CONTINUOUS
10
0.0160701968503937
20
0.3192096062992126
11
0.0264779921259843
21
0.3219983464566929
0
LINE
8
BLACK
6
CONTINUOUS
10
0.0264779921259843
20
0.3219983464566929
11
0.0364327165354331
21
0.3261217322834646
0
LINE
8
BLACK
6
CONTINUOUS
10
0.0364327165354331
20
0.3261217322834646
11
0.045764094488189
21
0.3315092125984252
0
LINE
8
BLACK
6
CONTINUOUS
10
0.045764094488189
20
0.3315092125984252
11
0.0543124015748031
21
0.3380685433070866
0
LINE
8
BLACK
6
CONTINUOUS
10
0.0543124015748031
20
0.3380685433070866
11
0.0619314566929134
21
0.3456875984251969
0
LINE
8
BLACK
6
CONTINUOUS
10
0.0619314566929134
20
0.3456875984251969
11
0.0684907874015748
21
0.354235905511811
0
LINE
8
BLACK
6
CONTINUOUS
10
0.0684907874015748
20
0.354235905511811
11
0.0738782677165354
21
0.3635672834645669
0
LINE
8
BLACK
6
CONTINUOUS
10
0.0738782677165354
20
0.3635672834645669
11
0.0780016535433071
21
0.3735220078740157
0
LINE
8
BLACK
6
CONTINUOUS
10
0.0780016535433071
20
0.3735220078740157
11
0.0807903937007874
21
0.3839298031496063
0
LINE
8
BLACK
6
CONTINUOUS
10
0.0807903937007874
20
0.3839298031496063
11
0.082196811023622
21
0.3946125196850394
0
LINE
8
BLACK
6
CONTINUOUS
10
0.082196811023622
20
0.3946125196850394
11
0.082196811023622
21
0.4053874803149606
0
LINE
8
BLACK
6
CONTINUOUS
10
0.082196811023622
20
0.4053874803149606
11
0.0807903937007874
21
0.4160701968503937
0
LINE
8
BLACK
6
CONTINUOUS
10
0.0807903937007874
20
0.4160701968503937
11
0.0780016535433071
21
0.4264779921259843
0
LINE
8
BLACK
6
CONTINUOUS
10
0.0780016535433071
20
0.4264779921259843
11
0.0738782677165354
21
0.4364327165354331
0
LINE
8
BLACK
6
CONTINUOUS
10
0.0738782677165354
20
0.4364327165354331
11
0.0684907874015748
21
0.445764094488189
0
LINE
8
BLACK
6
CONTINUOUS
10
0.0684907874015748
20
0.445764094488189
11
0.0619314566929134
21
0.4543124015748031
0
LINE
8
BLACK
6
CONTINUOUS
10
0.0619314566929134
20
0.4543124015748031
11
0.0543124015748031
21
0.4619314566929134
0
LINE
8
BLACK
6
CONTINUOUS
10
0.0543124015748031
20
0.4619314566929134
11
0.045764094488189
21
0.4684907874015748
0
LINE
8
BLACK
6
CONTINUOUS
10
0.045764094488189
20
0.4684907874015748
11
0.0364327165354331
21
0.4738782677165354
0
LINE
8
BLACK
6
CONTINUOUS
10
0.0364327165354331
20
0.4738782677165354
11
0.0264779921259843
21
0.4780016535433071
0
LINE
8
BLACK
6
CONTINUOUS
10
0.0264779921259843
20
0.4780016535433071
11
0.0160701968503937
21
0.4807903937007874
0
LINE
8
BLACK
6
CONTINUOUS
10
0.0160701968503937
20
0.4807903937007874
11
0.0053874803149606
21
0.4821968110236221
0
LINE
8
BLACK
6
CONTINUOUS
10
0.0053874803149606
20
0.4821968110236221
11
-0.0053874803149606
21
0.4821968110236221
0
LINE
8
BLACK
6
CONTINUOUS
10
-0.0053874803149606
20
0.4821968110236221
11
-0.0160701968503937
21
0.4807903937007874
0
LINE
8
BLACK
6
CONTINUOUS
10
-0.0160701968503937
20
0.4807903937007874
11
-0.0264779921259843
21
0.4780016535433071
0
LINE
8
BLACK
6
CONTINUOUS
10
-0.0264779921259843
20
0.4780016535433071
11
-0.0364327165354331
21
0.4738782677165354
0
LINE
8
BLACK
6
CONTINUOUS
10
-0.0364327165354331
20
0.4738782677165354
11
-0.045764094488189
21
0.4684907874015748
0
LINE
8
BLACK
6
CONTINUOUS
10
-0.045764094488189
20
0.4684907874015748
11
-0.0543124015748031
21
0.4619314566929134
0
LINE
8
BLACK
6
CONTINUOUS
10
-0.0543124015748031
20
0.4619314566929134
11
-0.0619314566929134
21
0.4543124015748031
0
LINE
8
BLACK
6
CONTINUOUS
10
-0.0619314566929134
20
0.4543124015748031
11
-0.0684907874015748
21
0.445764094488189
0
LINE
8
BLACK
6
CONTINUOUS
10
-0.0684907874015748
20
0.445764094488189
11
-0.0738782677165354
21
0.4364327165354331
0
LINE
8
BLACK
6
CONTINUOUS
10
-0.0738782677165354
20
0.4364327165354331
11
-0.0780016535433071
21
0.4264779921259843
0
LINE
8
BLACK
6
CONTINUOUS
10
-0.0780016535433071
20
0.4264779921259843
11
-0.0807903937007874
21
0.4160701968503937
0
LINE
8
BLACK
6
CONTINUOUS
10
-0.0807903937007874
20
0.4160701968503937
11
-0.082196811023622
21
0.4053874803149606
0
LINE
8
BLACK
6
CONTINUOUS
10
-0.082196811023622
20
0.4053874803149606
11
-0.082196811023622
21
0.3946125196850394
0
LINE
8
BLACK
6
CONTINUOUS
10
0.1383713385826772
20
0.5406912992125984
11
0.1394357480314961
21
0.5402503937007874
0
LINE
8
BLACK
6
CONTINUOUS
10
0.1394357480314961
20
0.5402503937007874
11
0.1402503937007874
21
0.5394357480314961
0
LINE
8
BLACK
6
CONTINUOUS
10
0.1402503937007874
20
0.5394357480314961
11
0.1406912992125984
21
0.5383713385826772
0
LINE
8
BLACK
6
CONTINUOUS
10
0.1406912992125984
20
0.5383713385826772
11
0.140748031496063
21
0.5377952755905512
0
LINE
8
BLACK
6
CONTINUOUS
10
0.140748031496063
20
0.5377952755905512
11
0.140748031496063
21
0.2622047244094488
0
LINE
8
BLACK
6
CONTINUOUS
10
0.140748031496063
20
0.2622047244094488
11
0.1406912992125984
21
0.2616286614173228
0
LINE
8
BLACK
6
CONTINUOUS
10
0.1406912992125984
20
0.2616286614173228
11
0.1402503937007874
21
0.2605642519685039
0
LINE
8
BLACK
6
CONTINUOUS
10
0.1402503937007874
20
0.2605642519685039
11
0.1394357480314961
21
0.2597496062992126
0
LINE
8
BLACK
6
CONTINUOUS
10
0.1394357480314961
20
0.2597496062992126
11
0.1383713385826772
21
0.2593087007874016
0
LINE
8
BLACK
6
CONTINUOUS
10
0.1383713385826772
20
0.2593087007874016
11
0.1377952755905512
21
0.259251968503937
0
LINE
8
BLACK
6
CONTINUOUS
10
0.1377952755905512
20
0.259251968503937
11
-0.1377952755905512
21
0.259251968503937
0
LINE
8
BLACK
6
CONTINUOUS
10
-0.1377952755905512
20
0.259251968503937
11
-0.1383713385826772
21
0.2593087007874016
0
LINE
8
BLACK
6
CONTINUOUS
10
-0.1383713385826772
20
0.2593087007874016
11
-0.1394357480314961
21
0.2597496062992126
0
LINE
8
BLACK
6
CONTINUOUS
10
-0.1394357480314961
20
0.2597496062992126
11
-0.1402503937007874
21
0.2605642519685039
0
LINE
8
BLACK
6
CONTINUOUS
10
-0.1402503937007874
20
0.2605642519685039
11
-0.1406912992125984
21
0.2616286614173228
0
LINE
8
BLACK
6
CONTINUOUS
10
-0.1406912992125984
20
0.2616286614173228
11
-0.140748031496063
21
0.2622047244094488
0
LINE
8
BLACK
6
CONTINUOUS
10
-0.140748031496063
20
0.2622047244094488
11
-0.140748031496063
21
0.5377952755905512
0
LINE
8
BLACK
6
CONTINUOUS
10
-0.140748031496063
20
0.5377952755905512
11
-0.1406912992125984
21
0.5383713385826772
0
LINE
8
BLACK
6
CONTINUOUS
10
-0.1406912992125984
20
0.5383713385826772
11
-0.1402503937007874
21
0.5394357480314961
0
LINE
8
BLACK
6
CONTINUOUS
10
-0.1402503937007874
20
0.5394357480314961
11
-0.1394357480314961
21
0.5402503937007874
0
LINE
8
BLACK
6
CONTINUOUS
10
-0.1394357480314961
20
0.5402503937007874
11
-0.1383713385826772
21
0.5406912992125984
0
LINE
8
BLACK
6
CONTINUOUS
10
-0.1383713385826772
20
0.5406912992125984
11
-0.1377952755905512
21
0.540748031496063
0
LINE
8
BLACK
6
CONTINUOUS
10
-0.1377952755905512
20
0.540748031496063
11
0.1377952755905512
21
0.540748031496063
0
LINE
8
BLACK
6
CONTINUOUS
10
0.1377952755905512
20
0.540748031496063
11
0.1383713385826772
21
0.5406912992125984
0
LINE
8
BLACK
6
CONTINUOUS
10
-0.1348425196850394
20
0.3171259842519685
11
-0.1348425196850394
21
0.2651574803149606
0
LINE
8
BLACK
6
CONTINUOUS
10
-0.1348425196850394
20
0.2651574803149606
11
-0.0828740157480315
21
0.2651574803149606
0
LINE
8
BLACK
6
CONTINUOUS
10
-0.0828740157480315
20
0.2651574803149606
11
-0.0828740157480315
21
0.2769685039370079
0
LINE
8
BLACK
6
CONTINUOUS
10
-0.0828740157480315
20
0.2769685039370079
11
-0.1200787401574803
21
0.2769685039370079
0
LINE
8
BLACK
6
CONTINUOUS
10
-0.1200787401574803
20
0.2769685039370079
11
-0.1206548031496063
21
0.2770252362204724
0
LINE
8
BLACK
6
CONTINUOUS
10
-0.1206548031496063
20
0.2770252362204724
11
-0.1217192125984252
21
0.2774661417322835
0
LINE
8
BLACK
6
CONTINUOUS
10
-0.1217192125984252
20
0.2774661417322835
11
-0.1225338582677165
21
0.2782807874015748
0
LINE
8
BLACK
6
CONTINUOUS
10
-0.1225338582677165
20
0.2782807874015748
11
-0.1229747637795276
21
0.2793451968503937
0
LINE
8
BLACK
6
CONTINUOUS
10
-0.1229747637795276
20
0.2793451968503937
11
-0.1230314960629921
21
0.2799212598425197
0
LINE
8
BLACK
6
CONTINUOUS
10
-0.1230314960629921
20
0.2799212598425197
11
-0.1230314960629921
21
0.3171259842519685
0
LINE
8
BLACK
6
CONTINUOUS
10
-0.1230314960629921
20
0.3171259842519685
11
-0.1348425196850394
21
0.3171259842519685
0
LINE
8
BLACK
6
CONTINUOUS
10
-0.0769685039370079
20
0.5348425196850394
11
-0.0769685039370079
21
0.4799212598425197
0
LINE
8
BLACK
6
CONTINUOUS
10
-0.0769685039370079
20
0.4799212598425197
11
-0.0770252362204724
21
0.4793451968503937
0
LINE
8
BLACK
6
CONTINUOUS
10
-0.0770252362204724
20
0.4793451968503937
11
-0.0774661417322835
21
0.4782807874015748
0
LINE
8
BLACK
6
CONTINUOUS
10
-0.0774661417322835
20
0.4782807874015748
11
-0.0782807874015748
21
0.4774661417322835
0
LINE
8
BLACK
6
CONTINUOUS
10
-0.0782807874015748
20
0.4774661417322835
11
-0.0793451968503937
21
0.4770252362204724
0
LINE
8
BLACK
6
CONTINUOUS
10
-0.0793451968503937
20
0.4770252362204724
11
-0.0799212598425197
21
0.4769685039370078
0
LINE
8
BLACK
6
CONTINUOUS
10
-0.0799212598425197
20
0.4769685039370078
11
-0.1348425196850394
21
0.4769685039370078
0
LINE
8
BLACK
6
CONTINUOUS
10
-0.1348425196850394
20
0.4769685039370078
11
-0.1348425196850394
21
0.3230314960629921
0
LINE
8
BLACK
6
CONTINUOUS
10
-0.1348425196850394
20
0.3230314960629921
11
-0.0799212598425197
21
0.3230314960629921
0
LINE
8
BLACK
6
CONTINUOUS
10
-0.0799212598425197
20
0.3230314960629921
11
-0.0793451968503937
21
0.3229747637795276
0
LINE
8
BLACK
6
CONTINUOUS
10
-0.0793451968503937
20
0.3229747637795276
11
-0.0782807874015748
21
0.3225338582677165
0
LINE
8
BLACK
6
CONTINUOUS
10
-0.0782807874015748
20
0.3225338582677165
11
-0.0774661417322835
21
0.3217192125984252
0
LINE
8
BLACK
6
CONTINUOUS
10
-0.0774661417322835
20
0.3217192125984252
11
-0.0770252362204724
21
0.3206548031496063
0
LINE
8
BLACK
6
CONTINUOUS
10
-0.0770252362204724
20
0.3206548031496063
11
-0.0769685039370079
21
0.3200787401574803
0
LINE
8
BLACK
6
CONTINUOUS
10
-0.0769685039370079
20
0.3200787401574803
11
-0.0769685039370079
21
0.2651574803149606
0
LINE
8
BLACK
6
CONTINUOUS
10
-0.0769685039370079
20
0.2651574803149606
11
0.0769685039370079
21
0.2651574803149606
0
LINE
8
BLACK
6
CONTINUOUS
10
0.0769685039370079
20
0.2651574803149606
11
0.0769685039370079
21
0.3200787401574803
0
LINE
8
BLACK
6
CONTINUOUS
10
0.0769685039370079
20
0.3200787401574803
11
0.0770252362204724
21
0.3206548031496063
0
LINE
8
BLACK
6
CONTINUOUS
10
0.0770252362204724
20
0.3206548031496063
11
0.0774661417322835
21
0.3217192125984252
0
LINE
8
BLACK
6
CONTINUOUS
10
0.0774661417322835
20
0.3217192125984252
11
0.0782807874015748
21
0.3225338582677165
0
LINE
8
BLACK
6
CONTINUOUS
10
0.0782807874015748
20
0.3225338582677165
11
0.0793451968503937
21
0.3229747637795276
0
LINE
8
BLACK
6
CONTINUOUS
10
0.0793451968503937
20
0.3229747637795276
11
0.0799212598425197
21
0.3230314960629921
0
LINE
8
BLACK
6
CONTINUOUS
10
0.0799212598425197
20
0.3230314960629921
11
0.1348425196850394
21
0.3230314960629921
0
LINE
8
BLACK
6
CONTINUOUS
10
0.1348425196850394
20
0.3230314960629921
11
0.1348425196850394
21
0.4769685039370078
0
LINE
8
BLACK
6
CONTINUOUS
10
0.1348425196850394
20
0.4769685039370078
11
0.0799212598425197
21
0.4769685039370078
0
LINE
8
BLACK
6
CONTINUOUS
10
0.0799212598425197
20
0.4769685039370078
11
0.0793451968503937
21
0.4770252362204724
0
LINE
8
BLACK
6
CONTINUOUS
10
0.0793451968503937
20
0.4770252362204724
11
0.0782807874015748
21
0.4774661417322835
0
LINE
8
BLACK
6
CONTINUOUS
10
0.0782807874015748
20
0.4774661417322835
11
0.0774661417322835
21
0.4782807874015748
0
LINE
8
BLACK
6
CONTINUOUS
10
0.0774661417322835
20
0.4782807874015748
11
0.0770252362204724
21
0.4793451968503937
0
LINE
8
BLACK
6
CONTINUOUS
10
0.0770252362204724
20
0.4793451968503937
11
0.0769685039370079
21
0.4799212598425197
0
LINE
8
BLACK
6
CONTINUOUS
10
0.0769685039370079
20
0.4799212598425197
11
0.0769685039370079
21
0.5348425196850394
0
LINE
8
BLACK
6
CONTINUOUS
10
0.0769685039370079
20
0.5348425196850394
11
-0.0769685039370079
21
0.5348425196850394
0
LINE
8
BLACK
6
CONTINUOUS
10
0.1230314960629921
20
0.3171259842519685
11
0.1230314960629921
21
0.2799212598425197
0
LINE
8
BLACK
6
CONTINUOUS
10
0.1230314960629921
20
0.2799212598425197
11
0.1229747637795276
21
0.2793451968503937
0
LINE
8
BLACK
6
CONTINUOUS
10
0.1229747637795276
20
0.2793451968503937
11
0.1225338582677165
21
0.2782807874015748
0
LINE
8
BLACK
6
CONTINUOUS
10
0.1225338582677165
20
0.2782807874015748
11
0.1217192125984252
21
0.2774661417322835
0
LINE
8
BLACK
6
CONTINUOUS
10
0.1217192125984252
20
0.2774661417322835
11
0.1206548031496063
21
0.2770252362204724
0
LINE
8
BLACK
6
CONTINUOUS
10
0.1206548031496063
20
0.2770252362204724
11
0.1200787401574803
21
0.2769685039370079
0
LINE
8
BLACK
6
CONTINUOUS
10
0.1200787401574803
20
0.2769685039370079
11
0.0828740157480315
21
0.2769685039370079
0
LINE
8
BLACK
6
CONTINUOUS
10
0.0828740157480315
20
0.2769685039370079
11
0.0828740157480315
21
0.2651574803149606
0
LINE
8
BLACK
6
CONTINUOUS
10
0.0828740157480315
20
0.2651574803149606
11
0.1348425196850394
21
0.2651574803149606
0
LINE
8
BLACK
6
CONTINUOUS
10
0.1348425196850394
20
0.2651574803149606
11
0.1348425196850394
21
0.3171259842519685
0
LINE
8
BLACK
6
CONTINUOUS
10
0.1348425196850394
20
0.3171259842519685
11
0.1230314960629921
21
0.3171259842519685
0
LINE
8
BLACK
6
CONTINUOUS
10
0.0828740157480315
20
0.3171259842519685
11
0.0828740157480315
21
0.2828740157480315
0
LINE
8
BLACK
6
CONTINUOUS
10
0.0828740157480315
20
0.2828740157480315
11
0.1171259842519685
21
0.2828740157480315
0
LINE
8
BLACK
6
CONTINUOUS
10
0.1171259842519685
20
0.2828740157480315
11
0.1171259842519685
21
0.3171259842519685
0
LINE
8
BLACK
6
CONTINUOUS
10
0.1171259842519685
20
0.3171259842519685
11
0.0828740157480315
21
0.3171259842519685
0
LINE
8
BLACK
6
CONTINUOUS
10
-0.1171259842519685
20
0.3171259842519685
11
-0.1171259842519685
21
0.2828740157480315
0
LINE
8
BLACK
6
CONTINUOUS
10
-0.1171259842519685
20
0.2828740157480315
11
-0.0828740157480315
21
0.2828740157480315
0
LINE
8
BLACK
6
CONTINUOUS
10
-0.0828740157480315
20
0.2828740157480315
11
-0.0828740157480315
21
0.3171259842519685
0
LINE
8
BLACK
6
CONTINUOUS
10
-0.0828740157480315
20
0.3171259842519685
11
-0.1171259842519685
21
0.3171259842519685
0
LINE
8
BLACK
6
CONTINUOUS
10
0.0828740157480315
20
0.5171259842519685
11
0.0828740157480315
21
0.4828740157480315
0
LINE
8
BLACK
6
CONTINUOUS
10
0.0828740157480315
20
0.4828740157480315
11
0.1171259842519685
21
0.4828740157480315
0
LINE
8
BLACK
6
CONTINUOUS
10
0.1171259842519685
20
0.4828740157480315
11
0.1171259842519685
21
0.5171259842519685
0
LINE
8
BLACK
6
CONTINUOUS
10
0.1171259842519685
20
0.5171259842519685
11
0.0828740157480315
21
0.5171259842519685
0
LINE
8
BLACK
6
CONTINUOUS
10
0.0828740157480315
20
0.5348425196850394
11
0.0828740157480315
21
0.5230314960629922
0
LINE
8
BLACK
6
CONTINUOUS
10
0.0828740157480315
20
0.5230314960629922
11
0.1200787401574803
21
0.5230314960629922
0
LINE
8
BLACK
6
CONTINUOUS
10
0.1200787401574803
20
0.5230314960629922
11
0.1206548031496063
21
0.5229747637795276
0
LINE
8
BLACK
6
CONTINUOUS
10
0.1206548031496063
20
0.5229747637795276
11
0.1217192125984252
21
0.5225338582677165
0
LINE
8
BLACK
6
CONTINUOUS
10
0.1217192125984252
20
0.5225338582677165
11
0.1225338582677165
21
0.5217192125984251
0
LINE
8
BLACK
6
CONTINUOUS
10
0.1225338582677165
20
0.5217192125984251
11
0.1229747637795276
21
0.5206548031496063
0
LINE
8
BLACK
6
CONTINUOUS
10
0.1229747637795276
20
0.5206548031496063
11
0.1230314960629921
21
0.5200787401574803
0
LINE
8
BLACK
6
CONTINUOUS
10
0.1230314960629921
20
0.5200787401574803
11
0.1230314960629921
21
0.4828740157480315
0
LINE
8
BLACK
6
CONTINUOUS
10
0.1230314960629921
20
0.4828740157480315
11
0.1348425196850394
21
0.4828740157480315
0
LINE
8
BLACK
6
CONTINUOUS
10
0.1348425196850394
20
0.4828740157480315
11
0.1348425196850394
21
0.5348425196850394
0
LINE
8
BLACK
6
CONTINUOUS
10
0.1348425196850394
20
0.5348425196850394
11
0.0828740157480315
21
0.5348425196850394
0
LINE
8
BLACK
6
CONTINUOUS
10
-0.1348425196850394
20
0.5348425196850394
11
-0.1348425196850394
21
0.4828740157480315
0
LINE
8
BLACK
6
CONTINUOUS
10
-0.1348425196850394
20
0.4828740157480315
11
-0.1230314960629921
21
0.4828740157480315
0
LINE
8
BLACK
6
CONTINUOUS
10
-0.1230314960629921
20
0.4828740157480315
11
-0.1230314960629921
21
0.5200787401574803
0
LINE
8
BLACK
6
CONTINUOUS
10
-0.1230314960629921
20
0.5200787401574803
11
-0.1229747637795276
21
0.5206548031496063
0
LINE
8
BLACK
6
CONTINUOUS
10
-0.1229747637795276
20
0.5206548031496063
11
-0.1225338582677165
21
0.5217192125984251
0
LINE
8
BLACK
6
CONTINUOUS
10
-0.1225338582677165
20
0.5217192125984251
11
-0.1217192125984252
21
0.5225338582677165
0
LINE
8
BLACK
6
CONTINUOUS
10
-0.1217192125984252
20
0.5225338582677165
11
-0.1206548031496063
21
0.5229747637795276
0
LINE
8
BLACK
6
CONTINUOUS
10
-0.1206548031496063
20
0.5229747637795276
11
-0.1200787401574803
21
0.5230314960629922
0
LINE
8
BLACK
6
CONTINUOUS
10
-0.1200787401574803
20
0.5230314960629922
11
-0.0828740157480315
21
0.5230314960629922
0
LINE
8
BLACK
6
CONTINUOUS
10
-0.0828740157480315
20
0.5230314960629922
11
-0.0828740157480315
21
0.5348425196850394
0
LINE
8
BLACK
6
CONTINUOUS
10
-0.0828740157480315
20
0.5348425196850394
11
-0.1348425196850394
21
0.5348425196850394
0
LINE
8
BLACK
6
CONTINUOUS
10
-0.1171259842519685
20
0.5171259842519685
11
-0.1171259842519685
21
0.4828740157480315
0
LINE
8
BLACK
6
CONTINUOUS
10
-0.1171259842519685
20
0.4828740157480315
11
-0.0828740157480315
21
0.4828740157480315
0
LINE
8
BLACK
6
CONTINUOUS
10
-0.0828740157480315
20
0.4828740157480315
11
-0.0828740157480315
21
0.5171259842519685
0
LINE
8
BLACK
6
CONTINUOUS
10
-0.0828740157480315
20
0.5171259842519685
11
-0.1171259842519685
21
0.5171259842519685
0
LINE
8
BLACK
6
CONTINUOUS
10
0.550576062992126
20
0.7528960236220472
11
0.5516404724409448
21
0.7524551181102362
0
LINE
8
BLACK
6
CONTINUOUS
10
0.5516404724409448
20
0.7524551181102362
11
0.5524551181102362
21
0.7516404724409449
0
LINE
8
BLACK
6
CONTINUOUS
10
0.5524551181102362
20
0.7516404724409449
11
0.5528960236220473
21
0.750576062992126
0
LINE
8
BLACK
6
CONTINUOUS
10
0.5528960236220473
20
0.750576062992126
11
0.5529527559055119
21
0.75
0
LINE
8
BLACK
6
CONTINUOUS
10
0.5529527559055119
20
0.75
11
0.5529527559055119
21
0.45
0
LINE
8
BLACK
6
CONTINUOUS
10
0.5529527559055119
20
0.45
11
0.5528960236220473
21
0.449423937007874
0
LINE
8
BLACK
6
CONTINUOUS
10
0.5528960236220473
20
0.449423937007874
11
0.5524551181102362
21
0.4483595275590551
0
LINE
8
BLACK
6
CONTINUOUS
10
0.5524551181102362
20
0.4483595275590551
11
0.5516404724409448
21
0.4475448818897638
0
LINE
8
BLACK
6
CONTINUOUS
10
0.5516404724409448
20
0.4475448818897638
11
0.550576062992126
21
0.4471039763779527
0
LINE
8
BLACK
6
CONTINUOUS
10
0.550576062992126
20
0.4471039763779527
11
0.5499999999999999
21
0.4470472440944882
0
LINE
8
BLACK
6
CONTINUOUS
10
0.5499999999999999
20
0.4470472440944882
11
0.35
21
0.4470472440944882
0
LINE
8
BLACK
6
CONTINUOUS
10
0.35
20
0.4470472440944882
11
0.349423937007874
21
0.4471039763779527
0
LINE
8
BLACK
6
CONTINUOUS
10
0.349423937007874
20
0.4471039763779527
11
0.3483595275590551
21
0.4475448818897638
0
LINE
8
BLACK
6
CONTINUOUS
10
0.3483595275590551
20
0.4475448818897638
11
0.3475448818897638
21
0.4483595275590551
0
LINE
8
BLACK
6
CONTINUOUS
10
0.3475448818897638
20
0.4483595275590551
11
0.3471039763779528
21
0.449423937007874
0
LINE
8
BLACK
6
CONTINUOUS
10
0.3471039763779528
20
0.449423937007874
11
0.3470472440944882
21
0.45
0
LINE
8
BLACK
6
CONTINUOUS
10
0.3470472440944882
20
0.45
11
0.3470472440944882
21
0.75
0
LINE
8
BLACK
6
CONTINUOUS
10
0.3470472440944882
20
0.75
11
0.3471039763779528
21
0.750576062992126
0
LINE
8
BLACK
6
CONTINUOUS
10
0.3471039763779528
20
0.750576062992126
11
0.3475448818897638
21
0.7516404724409449
0
LINE
8
BLACK
6
CONTINUOUS
10
0.3475448818897638
20
0.7516404724409449
11
0.3483595275590551
21
0.7524551181102362
0
LINE
8
BLACK
6
CONTINUOUS
10
0.3483595275590551
20
0.7524551181102362
11
0.349423937007874
21
0.7528960236220472
0
LINE
8
BLACK
6
CONTINUOUS
10
0.349423937007874
20
0.7528960236220472
11
0.35
21
0.7529527559055118
0
LINE
8
BLACK
6
CONTINUOUS
10
0.35
20
0.7529527559055118
11
0.5499999999999999
21
0.7529527559055118
0
LINE
8
BLACK
6
CONTINUOUS
10
0.5499999999999999
20
0.7529527559055118
11
0.550576062992126
21
0.7528960236220472
0
LINE
8
BLACK
6
CONTINUOUS
10
0.3529527559055118
20
0.7470472440944882
11
0.3529527559055118
21
0.4529527559055118
0
LINE
8
BLACK
6
CONTINUOUS
10
0.3529527559055118
20
0.4529527559055118
11
0.5470472440944881
21
0.4529527559055118
0
LINE
8
BLACK
6
CONTINUOUS
10
0.5470472440944881
20
0.4529527559055118
11
0.5470472440944881
21
0.7470472440944882
0
LINE
8
BLACK
6
CONTINUOUS
10
0.5470472440944881
20
0.7470472440944882
11
0.3529527559055118
21
0.7470472440944882
0
LINE
8
BLACK
6
CONTINUOUS
10
-0.0150261811023622
20
0.8296312598425196
11
-0.0142115354330709
21
0.8288166141732283
0
LINE
8
BLACK
6
CONTINUOUS
10
-0.0142115354330709
20
0.8288166141732283
11
-0.0137706299212598
21
0.8277522047244095
0
LINE
8
BLACK
6
CONTINUOUS
10
-0.0137706299212598
20
0.8277522047244095
11
-0.0137138976377953
21
0.8271761417322835
0
LINE
8
BLACK
6
CONTINUOUS
10
-0.0137138976377953
20
0.8271761417322835
11
-0.0137138976377953
21
0.7914618503937008
0
LINE
8
BLACK
6
CONTINUOUS
10
-0.0137138976377953
20
0.7914618503937008
11
-0.0137426377952756
21
0.7911702755905512
0
LINE
8
BLACK
6
CONTINUOUS
10
-0.0137426377952756
20
0.7911702755905512
11
-0.0137370866141732
21
0.7910925196850394
0
LINE
8
BLACK
6
CONTINUOUS
10
-0.0137370866141732
20
0.7910925196850394
11
-0.0137603543307087
21
0.7909902755905511
0
LINE
8
BLACK
6
CONTINUOUS
10
-0.0137603543307087
20
0.7909902755905511
11
-0.0137706299212598
21
0.7908857874015748
0
LINE
8
BLACK
6
CONTINUOUS
10
-0.0137706299212598
20
0.7908857874015748
11
-0.0138005118110236
21
0.7908137401574803
0
LINE
8
BLACK
6
CONTINUOUS
10
-0.0138005118110236
20
0.7908137401574803
11
-0.0138654330708661
21
0.7905280708661417
0
LINE
8
BLACK
6
CONTINUOUS
10
-0.0138654330708661
20
0.7905280708661417
11
-0.0162464173228346
21
0.7833852755905512
0
LINE
8
BLACK
6
CONTINUOUS
10
-0.0162464173228346
20
0.7833852755905512
11
-0.0164824015748032
21
0.7828566929133858
0
LINE
8
BLACK
6
CONTINUOUS
10
-0.0164824015748032
20
0.7828566929133858
11
-0.0165519291338583
21
0.7827765748031495
0
LINE
8
BLACK
6
CONTINUOUS
10
-0.0165519291338583
20
0.7827765748031495
11
-0.0165924803149606
21
0.7826785826771654
0
LINE
8
BLACK
6
CONTINUOUS
10
-0.0165924803149606
20
0.7826785826771654
11
-0.0169597244094488
21
0.7822311023622047
0
LINE
8
BLACK
6
CONTINUOUS
10
-0.0169597244094488
20
0.7822311023622047
11
-0.0217216141732283
21
0.7774691732283464
0
LINE
8
BLACK
6
CONTINUOUS
10
-0.0217216141732283
20
0.7774691732283464
11
-0.0221690551181102
21
0.777101968503937
0
LINE
8
BLACK
6
CONTINUOUS
10
-0.0221690551181102
20
0.777101968503937
11
-0.0222670472440945
21
0.7770614173228346
0
LINE
8
BLACK
6
CONTINUOUS
10
-0.0222670472440945
20
0.7770614173228346
11
-0.0223472047244094
21
0.7769918503937008
0
LINE
8
BLACK
6
CONTINUOUS
10
-0.0223472047244094
20
0.7769918503937008
11
-0.0228757874015748
21
0.7767558661417323
0
LINE
8
BLACK
6
CONTINUOUS
10
-0.0228757874015748
20
0.7767558661417323
11
-0.0300186614173228
21
0.7743749212598425
0
LINE
8
BLACK
6
CONTINUOUS
10
-0.0300186614173228
20
0.7743749212598425
11
-0.0303042519685039
21
0.7743099999999999
0
LINE
8
BLACK
6
CONTINUOUS
10
-0.0303042519685039
20
0.7743099999999999
11
-0.0303763385826772
21
0.7742801181102362
0
LINE
8
BLACK
6
CONTINUOUS
10
-0.0303763385826772
20
0.7742801181102362
11
-0.0304808661417323
21
0.774269842519685
0
LINE
8
BLACK
6
CONTINUOUS
10
-0.0304808661417323
20
0.774269842519685
11
-0.0305831102362205
21
0.7742465748031496
0
LINE
8
BLACK
6
CONTINUOUS
10
-0.0305831102362205
20
0.7742465748031496
11
-0.0306608661417323
21
0.774252125984252
0
LINE
8
BLACK
6
CONTINUOUS
10
-0.0306608661417323
20
0.774252125984252
11
-0.0309524015748032
21
0.7742233858267716
0
LINE
8
BLACK
6
CONTINUOUS
10
-0.0309524015748032
20
0.7742233858267716
11
-0.0357142913385827
21
0.7742233858267716
0
LINE
8
BLACK
6
CONTINUOUS
10
-0.0357142913385827
20
0.7742233858267716
11
-0.0362903543307087
21
0.7742801181102362
0
LINE
8
BLACK
6
CONTINUOUS
10
-0.0362903543307087
20
0.7742801181102362
11
-0.0373547637795276
21
0.7747210236220472
0
LINE
8
BLACK
6
CONTINUOUS
10
-0.0373547637795276
20
0.7747210236220472
11
-0.0381694094488189
21
0.7755356692913385
0
LINE
8
BLACK
6
CONTINUOUS
10
-0.0381694094488189
20
0.7755356692913385
11
-0.0386103149606299
21
0.7766000787401575
0
LINE
8
BLACK
6
CONTINUOUS
10
-0.0386103149606299
20
0.7766000787401575
11
-0.0386103149606299
21
0.7777522047244094
0
LINE
8
BLACK
6
CONTINUOUS
10
-0.0386103149606299
20
0.7777522047244094
11
-0.0381694094488189
21
0.7788166141732283
0
LINE
8
BLACK
6
CONTINUOUS
10
-0.0381694094488189
20
0.7788166141732283
11
-0.0373547637795276
21
0.7796312598425197
0
LINE
8
BLACK
6
CONTINUOUS
10
-0.0373547637795276
20
0.7796312598425197
11
-0.0362903543307087
21
0.7800721653543307
0
LINE
8
BLACK
6
CONTINUOUS
10
-0.0362903543307087
20
0.7800721653543307
11
-0.0357142913385827
21
0.7801288976377952
0
LINE
8
BLACK
6
CONTINUOUS
10
-0.0357142913385827
20
0.7801288976377952
11
-0.0314315354330709
21
0.7801288976377952
0
LINE
8
BLACK
6
CONTINUOUS
10
-0.0314315354330709
20
0.7801288976377952
11
-0.0254046062992126
21
0.782137874015748
0
LINE
8
BLACK
6
CONTINUOUS
10
-0.0254046062992126
20
0.782137874015748
11
-0.0216284251968504
21
0.7859140551181102
0
LINE
8
BLACK
6
CONTINUOUS
10
-0.0216284251968504
20
0.7859140551181102
11
-0.0196194094488189
21
0.7919410236220472
0
LINE
8
BLACK
6
CONTINUOUS
10
-0.0196194094488189
20
0.7919410236220472
11
-0.0196194094488189
21
0.8271761417322835
0
LINE
8
BLACK
6
CONTINUOUS
10
-0.0196194094488189
20
0.8271761417322835
11
-0.0195626771653543
21
0.8277522047244095
0
LINE
8
BLACK
6
CONTINUOUS
10
-0.0195626771653543
20
0.8277522047244095
11
-0.0191217716535433
21
0.8288166141732283
0
LINE
8
BLACK
6
CONTINUOUS
10
-0.0191217716535433
20
0.8288166141732283
11
-0.018307125984252
21
0.8296312598425196
0
LINE
8
BLACK
6
CONTINUOUS
10
-0.018307125984252
20
0.8296312598425196
11
-0.0172427165354331
21
0.8300721653543307
0
LINE
8
BLACK
6
CONTINUOUS
10
-0.0172427165354331
20
0.8300721653543307
11
-0.0160905905511811
21
0.8300721653543307
0
LINE
8
BLACK
6
CONTINUOUS
10
-0.0160905905511811
20
0.8300721653543307
11
-0.0150261811023622
21
0.8296312598425196
0
LINE
8
BLACK
6
CONTINUOUS
10
0.0181289763779528
20
0.8321223228346456
11
0.0189993307086614
21
0.8313674803149607
0
LINE
8
BLACK
6
CONTINUOUS
10
0.0189993307086614
20
0.8313674803149607
11
0.0195145669291339
21
0.8303370078740158
0
LINE
8
BLACK
6
CONTINUOUS
10
0.0195145669291339
20
0.8303370078740158
11
0.0195962204724409
21
0.8291877952755905
0
LINE
8
BLACK
6
CONTINUOUS
10
0.0195962204724409
20
0.8291877952755905
11
0.019467874015748
21
0.8286233464566929
0
LINE
8
BLACK
6
CONTINUOUS
10
0.019467874015748
20
0.8286233464566929
11
0.0088586220472441
21
0.7967955905511811
0
LINE
8
BLACK
6
CONTINUOUS
10
0.0088586220472441
20
0.7967955905511811
11
0.0256186614173228
21
0.7967955905511811
0
LINE
8
BLACK
6
CONTINUOUS
10
0.0256186614173228
20
0.7967955905511811
11
0.0256186614173228
21
0.8105094881889764
0
LINE
8
BLACK
6
CONTINUOUS
10
0.0256186614173228
20
0.8105094881889764
11
0.0256753937007874
21
0.8110855511811024
0
LINE
8
BLACK
6
CONTINUOUS
10
0.0256753937007874
20
0.8110855511811024
11
0.0261162992125984
21
0.8121499606299213
0
LINE
8
BLACK
6
CONTINUOUS
10
0.0261162992125984
20
0.8121499606299213
11
0.0269309448818898
21
0.8129646062992126
0
LINE
8
BLACK
6
CONTINUOUS
10
0.0269309448818898
20
0.8129646062992126
11
0.0279953543307087
21
0.8134055118110236
0
LINE
8
BLACK
6
CONTINUOUS
10
0.0279953543307087
20
0.8134055118110236
11
0.0291474803149606
21
0.8134055118110236
0
LINE
8
BLACK
6
CONTINUOUS
10
0.0291474803149606
20
0.8134055118110236
11
0.0302118897637795
21
0.8129646062992126
0
LINE
8
BLACK
6
CONTINUOUS
10
0.0302118897637795
20
0.8129646062992126
11
0.0310265354330709
21
0.8121499606299213
0
LINE
8
BLACK
6
CONTINUOUS
10
0.0310265354330709
20
0.8121499606299213
11
0.0314674409448819
21
0.8110855511811024
0
LINE
8
BLACK
6
CONTINUOUS
10
0.0314674409448819
20
0.8110855511811024
11
0.0315241732283465
21
0.8105094881889764
0
LINE
8
BLACK
6
CONTINUOUS
10
0.0315241732283465
20
0.8105094881889764
11
0.0315241732283465
21
0.7967955905511811
0
LINE
8
BLACK
6
CONTINUOUS
10
0.0315241732283465
20
0.7967955905511811
11
0.0357142913385827
21
0.7967955905511811
0
LINE
8
BLACK
6
CONTINUOUS
10
0.0357142913385827
20
0.7967955905511811
11
0.0362903543307087
21
0.7967388582677165
0
LINE
8
BLACK
6
CONTINUOUS
10
0.0362903543307087
20
0.7967388582677165
11
0.0373547637795276
21
0.7962979527559055
0
LINE
8
BLACK
6
CONTINUOUS
10
0.0373547637795276
20
0.7962979527559055
11
0.0381694094488189
21
0.7954833070866142
0
LINE
8
BLACK
6
CONTINUOUS
10
0.0381694094488189
20
0.7954833070866142
11
0.0386103149606299
21
0.7944188976377953
0
LINE
8
BLACK
6
CONTINUOUS
10
0.0386103149606299
20
0.7944188976377953
11
0.0386103149606299
21
0.7932667716535433
0
LINE
8
BLACK
6
CONTINUOUS
10
0.0386103149606299
20
0.7932667716535433
11
0.0381694094488189
21
0.7922023622047244
0
LINE
8
BLACK
6
CONTINUOUS
10
0.0381694094488189
20
0.7922023622047244
11
0.0373547637795276
21
0.7913877165354331
0
LINE
8
BLACK
6
CONTINUOUS
10
0.0373547637795276
20
0.7913877165354331
11
0.0362903543307087
21
0.7909468110236221
0
LINE
8
BLACK
6
CONTINUOUS
10
0.0362903543307087
20
0.7909468110236221
11
0.0357142913385827
21
0.7908900787401575
0
LINE
8
BLACK
6
CONTINUOUS
10
0.0357142913385827
20
0.7908900787401575
11
0.0315241732283465
21
0.7908900787401575
0
LINE
8
BLACK
6
CONTINUOUS
10
0.0315241732283465
20
0.7908900787401575
11
0.0315241732283465
21
0.7771761417322834
0
LINE
8
BLACK
6
CONTINUOUS
10
0.0315241732283465
20
0.7771761417322834
11
0.0314674409448819
21
0.7766000787401575
0
LINE
8
BLACK
6
CONTINUOUS
10
0.0314674409448819
20
0.7766000787401575
11
0.0310265354330709
21
0.7755356692913385
0
LINE
8
BLACK
6
CONTINUOUS
10
0.0310265354330709
20
0.7755356692913385
11
0.0302118897637795
21
0.7747210236220472
0
LINE
8
BLACK
6
CONTINUOUS
10
0.0302118897637795
20
0.7747210236220472
11
0.0291474803149606
21
0.7742801181102362
0
LINE
8
BLACK
6
CONTINUOUS
10
0.0291474803149606
20
0.7742801181102362
11
0.0279953543307087
21
0.7742801181102362
0
LINE
8
BLACK
6
CONTINUOUS
10
0.0279953543307087
20
0.7742801181102362
11
0.0269309448818898
21
0.7747210236220472
0
LINE
8
BLACK
6
CONTINUOUS
10
0.0269309448818898
20
0.7747210236220472
11
0.0261162992125984
21
0.7755356692913385
0
LINE
8
BLACK
6
CONTINUOUS
10
0.0261162992125984
20
0.7755356692913385
11
0.0256753937007874
21
0.7766000787401575
0
LINE
8
BLACK
6
CONTINUOUS
10
0.0256753937007874
20
0.7766000787401575
11
0.0256186614173228
21
0.7771761417322834
0
LINE
8
BLACK
6
CONTINUOUS
10
0.0256186614173228
20
0.7771761417322834
11
0.0256186614173228
21
0.7908900787401575
0
LINE
8
BLACK
6
CONTINUOUS
10
0.0256186614173228
20
0.7908900787401575
11
0.0047618897637795
21
0.7908900787401575
0
LINE
8
BLACK
6
CONTINUOUS
10
0.0047618897637795
20
0.7908900787401575
11
0.0044703149606299
21
0.7909188188976378
0
LINE
8
BLACK
6
CONTINUOUS
10
0.0044703149606299
20
0.7909188188976378
11
0.0043925984251969
21
0.7909132677165354
0
LINE
8
BLACK
6
CONTINUOUS
10
0.0043925984251969
20
0.7909132677165354
11
0.0043364566929134
21
0.7909320078740157
0
LINE
8
BLACK
6
CONTINUOUS
10
0.0043364566929134
20
0.7909320078740157
11
0.0041858267716535
21
0.7909468110236221
0
LINE
8
BLACK
6
CONTINUOUS
10
0.0041858267716535
20
0.7909468110236221
11
0.0037485039370079
21
0.7911279527559055
0
LINE
8
BLACK
6
CONTINUOUS
10
0.0037485039370079
20
0.7911279527559055
11
0.0032995669291339
21
0.7912775984251968
0
LINE
8
BLACK
6
CONTINUOUS
10
0.0032995669291339
20
0.7912775984251968
11
0.0032193700787402
21
0.7913471653543307
0
LINE
8
BLACK
6
CONTINUOUS
10
0.0032193700787402
20
0.7913471653543307
11
0.0031214173228346
21
0.7913877165354331
0
LINE
8
BLACK
6
CONTINUOUS
10
0.0031214173228346
20
0.7913877165354331
11
0.0027867716535433
21
0.7917223622047244
0
LINE
8
BLACK
6
CONTINUOUS
10
0.0027867716535433
20
0.7917223622047244
11
0.0024292125984252
21
0.7920324803149607
0
LINE
8
BLACK
6
CONTINUOUS
10
0.0024292125984252
20
0.7920324803149607
11
0.0023817716535433
21
0.7921273622047244
0
LINE
8
BLACK
6
CONTINUOUS
10
0.0023817716535433
20
0.7921273622047244
11
0.0023067716535433
21
0.7922023622047244
0
LINE
8
BLACK
6
CONTINUOUS
10
0.0023067716535433
20
0.7922023622047244
11
0.0021255905511811
21
0.7926397244094489
0
LINE
8
BLACK
6
CONTINUOUS
10
0.0021255905511811
20
0.7926397244094489
11
0.0019140157480315
21
0.7930629133858268
0
LINE
8
BLACK
6
CONTINUOUS
10
0.0019140157480315
20
0.7930629133858268
11
0.0019064960629921
21
0.7931687007874015
0
LINE
8
BLACK
6
CONTINUOUS
10
0.0019064960629921
20
0.7931687007874015
11
0.0018658661417323
21
0.7932667716535433
0
LINE
8
BLACK
6
CONTINUOUS
10
0.0018658661417323
20
0.7932667716535433
11
0.0018658661417323
21
0.7937402755905512
0
LINE
8
BLACK
6
CONTINUOUS
10
0.0018658661417323
20
0.7937402755905512
11
0.0018323228346457
21
0.7942121259842519
0
LINE
8
BLACK
6
CONTINUOUS
10
0.0018323228346457
20
0.7942121259842519
11
0.0018658661417323
21
0.7943596456692913
0
LINE
8
BLACK
6
CONTINUOUS
10
0.0018658661417323
20
0.7943596456692913
11
0.0018658661417323
21
0.7944188976377953
0
LINE
8
BLACK
6
CONTINUOUS
10
0.0018658661417323
20
0.7944188976377953
11
0.0018957086614173
21
0.7944910236220473
0
LINE
8
BLACK
6
CONTINUOUS
10
0.0018957086614173
20
0.7944910236220473
11
0.0019606692913386
21
0.7947765748031496
0
LINE
8
BLACK
6
CONTINUOUS
10
0.0019606692913386
20
0.7947765748031496
11
0.0138654330708661
21
0.8304908267716535
0
LINE
8
BLACK
6
CONTINUOUS
10
0.0138654330708661
20
0.8304908267716535
11
0.0141014173228346
21
0.8310194094488189
0
LINE
8
BLACK
6
CONTINUOUS
10
0.0141014173228346
20
0.8310194094488189
11
0.0148562992125984
21
0.8318897637795275
0
LINE
8
BLACK
6
CONTINUOUS
10
0.0148562992125984
20
0.8318897637795275
11
0.0158867322834646
21
0.832405
0
LINE
8
BLACK
6
CONTINUOUS
10
0.0158867322834646
20
0.832405
11
0.0170359448818898
21
0.8324866535433071
0
LINE
8
BLACK
6
CONTINUOUS
10
0.0170359448818898
20
0.8324866535433071
11
0.0181289763779528
21
0.8321223228346456
0
LINE
8
BLACK
6
CONTINUOUS
10
0.0171879133858268
20
0.8864094488188976
11
0.0283195669291339
21
0.8834267322834646
0
LINE
8
BLACK
6
CONTINUOUS
10
0.0283195669291339
20
0.8834267322834646
11
0.0389666535433071
21
0.8790165748031495
0
LINE
8
BLACK
6
CONTINUOUS
10
0.0389666535433071
20
0.8790165748031495
11
0.0489470472440945
21
0.8732544094488188
0
LINE
8
BLACK
6
CONTINUOUS
10
0.0489470472440945
20
0.8732544094488188
11
0.0580898818897638
21
0.8662388188976378
0
LINE
8
BLACK
6
CONTINUOUS
10
0.0580898818897638
20
0.8662388188976378
11
0.0662388188976378
21
0.8580898818897638
0
LINE
8
BLACK
6
CONTINUOUS
10
0.0662388188976378
20
0.8580898818897638
11
0.0732544094488189
21
0.8489470472440944
0
LINE
8
BLACK
6
CONTINUOUS
10
0.0732544094488189
20
0.8489470472440944
11
0.0790165748031496
21
0.838966653543307
0
LINE
8
BLACK
6
CONTINUOUS
10
0.0790165748031496
20
0.838966653543307
11
0.0834267322834646
21
0.8283195669291339
0
LINE
8
BLACK
6
CONTINUOUS
10
0.0834267322834646
20
0.8283195669291339
11
0.0864094488188976
21
0.8171879133858267
0
LINE
8
BLACK
6
CONTINUOUS
10
0.0864094488188976
20
0.8171879133858267
11
0.0879137007874016
21
0.8057621653543307
0
LINE
8
BLACK
6
CONTINUOUS
10
0.0879137007874016
20
0.8057621653543307
11
0.0879137007874016
21
0.7942378346456693
0
LINE
8
BLACK
6
CONTINUOUS
10
0.0879137007874016
20
0.7942378346456693
11
0.0864094488188976
21
0.7828120866141732
0
LINE
8
BLACK
6
CONTINUOUS
10
0.0864094488188976
20
0.7828120866141732
11
0.0834267322834646
21
0.7716804330708661
0
LINE
8
BLACK
6
CONTINUOUS
10
0.0834267322834646
20
0.7716804330708661
11
0.0790165748031496
21
0.7610333464566928
0
LINE
8
BLACK
6
CONTINUOUS
10
0.0790165748031496
20
0.7610333464566928
11
0.0732544094488189
21
0.7510529527559054
0
LINE
8
BLACK
6
CONTINUOUS
10
0.0732544094488189
20
0.7510529527559054
11
0.0662388188976378
21
0.7419101181102362
0
LINE
8
BLACK
6
CONTINUOUS
10
0.0662388188976378
20
0.7419101181102362
11
0.0580898818897638
21
0.7337611811023622
0
LINE
8
BLACK
6
CONTINUOUS
10
0.0580898818897638
20
0.7337611811023622
11
0.0489470472440945
21
0.726745590551181
0
LINE
8
BLACK
6
CONTINUOUS
10
0.0489470472440945
20
0.726745590551181
11
0.0389666535433071
21
0.7209834251968503
0
LINE
8
BLACK
6
CONTINUOUS
10
0.0389666535433071
20
0.7209834251968503
11
0.0283195669291339
21
0.7165732677165354
0
LINE
8
BLACK
6
CONTINUOUS
10
0.0283195669291339
20
0.7165732677165354
11
0.0171879133858268
21
0.7135905511811024
0
LINE
8
BLACK
6
CONTINUOUS
10
0.0171879133858268
20
0.7135905511811024
11
0.0057621653543307
21
0.7120862992125984
0
LINE
8
BLACK
6
CONTINUOUS
10
0.0057621653543307
20
0.7120862992125984
11
-0.0057621653543307
21
0.7120862992125984
0
LINE
8
BLACK
6
CONTINUOUS
10
-0.0057621653543307
20
0.7120862992125984
11
-0.0171879133858268
21
0.7135905511811024
0
LINE
8
BLACK
6
CONTINUOUS
10
-0.0171879133858268
20
0.7135905511811024
11
-0.0283195669291339
21
0.7165732677165354
0
LINE
8
BLACK
6
CONTINUOUS
10
-0.0283195669291339
20
0.7165732677165354
11
-0.0389666535433071
21
0.7209834251968503
0
LINE
8
BLACK
6
CONTINUOUS
10
-0.0389666535433071
20
0.7209834251968503
11
-0.0489470472440945
21
0.726745590551181
0
LINE
8
BLACK
6
CONTINUOUS
10
-0.0489470472440945
20
0.726745590551181
11
-0.0580898818897638
21
0.7337611811023622
0
LINE
8
BLACK
6
CONTINUOUS
10
-0.0580898818897638
20
0.7337611811023622
11
-0.0662388188976378
21
0.7419101181102362
0
LINE
8
BLACK
6
CONTINUOUS
10
-0.0662388188976378
20
0.7419101181102362
11
-0.0732544094488189
21
0.7510529527559054
0
LINE
8
BLACK
6
CONTINUOUS
10
-0.0732544094488189
20
0.7510529527559054
11
-0.0790165748031496
21
0.7610333464566928
0
LINE
8
BLACK
6
CONTINUOUS
10
-0.0790165748031496
20
0.7610333464566928
11
-0.0834267322834646
21
0.7716804330708661
0
LINE
8
BLACK
6
CONTINUOUS
10
-0.0834267322834646
20
0.7716804330708661
11
-0.0864094488188976
21
0.7828120866141732
0
LINE
8
BLACK
6
CONTINUOUS
10
-0.0864094488188976
20
0.7828120866141732
11
-0.0879137007874016
21
0.7942378346456693
0
LINE
8
BLACK
6
CONTINUOUS
10
-0.0879137007874016
20
0.7942378346456693
11
-0.0879137007874016
21
0.8053874803149607
0
LINE
8
BLACK
6
CONTINUOUS
10
-0.0879137007874016
20
0.8053874803149607
11
-0.0879137007874016
21
0.8057621653543307
0
LINE
8
BLACK
6
CONTINUOUS
10
-0.0879137007874016
20
0.8057621653543307
11
-0.0864094488188976
21
0.8171879133858267
0
LINE
8
BLACK
6
CONTINUOUS
10
-0.0864094488188976
20
0.8171879133858267
11
-0.0834267322834646
21
0.8283195669291339
0
LINE
8
BLACK
6
CONTINUOUS
10
-0.0834267322834646
20
0.8283195669291339
11
-0.0790165748031496
21
0.838966653543307
0
LINE
8
BLACK
6
CONTINUOUS
10
-0.0790165748031496
20
0.838966653543307
11
-0.0732544094488189
21
0.8489470472440944
0
LINE
8
BLACK
6
CONTINUOUS
10
-0.0732544094488189
20
0.8489470472440944
11
-0.0662388188976378
21
0.8580898818897638
0
LINE
8
BLACK
6
CONTINUOUS
10
-0.0662388188976378
20
0.8580898818897638
11
-0.0580898818897638
21
0.8662388188976378
0
LINE
8
BLACK
6
CONTINUOUS
10
-0.0580898818897638
20
0.8662388188976378
11
-0.0489470472440945
21
0.8732544094488188
0
LINE
8
BLACK
6
CONTINUOUS
10
-0.0489470472440945
20
0.8732544094488188
11
-0.0389666535433071
21
0.8790165748031495
0
LINE
8
BLACK
6
CONTINUOUS
10
-0.0389666535433071
20
0.8790165748031495
11
-0.0283195669291339
21
0.8834267322834646
0
LINE
8
BLACK
6
CONTINUOUS
10
-0.0283195669291339
20
0.8834267322834646
11
-0.0171879133858268
21
0.8864094488188976
0
LINE
8
BLACK
6
CONTINUOUS
10
-0.0171879133858268
20
0.8864094488188976
11
-0.0057621653543307
21
0.8879137007874015
0
LINE
8
BLACK
6
CONTINUOUS
10
-0.0057621653543307
20
0.8879137007874015
11
0.0057621653543307
21
0.8879137007874015
0
LINE
8
BLACK
6
CONTINUOUS
10
0.0057621653543307
20
0.8879137007874015
11
0.0171879133858268
21
0.8864094488188976
0
LINE
8
BLACK
6
CONTINUOUS
10
-0.082196811023622
20
0.7946125196850393
11
-0.0807903937007874
21
0.7839298031496063
0
LINE
8
BLACK
6
CONTINUOUS
10
-0.0807903937007874
20
0.7839298031496063
11
-0.0780016535433071
21
0.7735220078740157
0
LINE
8
BLACK
6
CONTINUOUS
10
-0.0780016535433071
20
0.7735220078740157
11
-0.0738782677165354
21
0.7635672834645669
0
LINE
8
BLACK
6
CONTINUOUS
10
-0.0738782677165354
20
0.7635672834645669
11
-0.0684907874015748
21
0.754235905511811
0
LINE
8
BLACK
6
CONTINUOUS
10
-0.0684907874015748
20
0.754235905511811
11
-0.0619314566929134
21
0.7456875984251968
0
LINE
8
BLACK
6
CONTINUOUS
10
-0.0619314566929134
20
0.7456875984251968
11
-0.0543124015748031
21
0.7380685433070866
0
LINE
8
BLACK
6
CONTINUOUS
10
-0.0543124015748031
20
0.7380685433070866
11
-0.045764094488189
21
0.7315092125984252
0
LINE
8
BLACK
6
CONTINUOUS
10
-0.045764094488189
20
0.7315092125984252
11
-0.0364327165354331
21
0.7261217322834645
0
LINE
8
BLACK
6
CONTINUOUS
10
-0.0364327165354331
20
0.7261217322834645
11
-0.0264779921259843
21
0.7219983464566929
0
LINE
8
BLACK
6
CONTINUOUS
10
-0.0264779921259843
20
0.7219983464566929
11
-0.0160701968503937
21
0.7192096062992126
0
LINE
8
BLACK
6
CONTINUOUS
10
-0.0160701968503937
20
0.7192096062992126
11
-0.0053874803149606
21
0.717803188976378
0
LINE
8
BLACK
6
CONTINUOUS
10
-0.0053874803149606
20
0.717803188976378
11
0.0053874803149606
21
0.717803188976378
0
LINE
8
BLACK
6
CONTINUOUS
10
0.0053874803149606
20
0.717803188976378
11
0.0160701968503937
21
0.7192096062992126
0
LINE
8
BLACK
6
CONTINUOUS
10
0.0160701968503937
20
0.7192096062992126
11
0.0264779921259843
21
0.7219983464566929
0
LINE
8
BLACK
6
CONTINUOUS
10
0.0264779921259843
20
0.7219983464566929
11
0.0364327165354331
21
0.7261217322834645
0
LINE
8
BLACK
6
CONTINUOUS
10
0.0364327165354331
20
0.7261217322834645
11
0.045764094488189
21
0.7315092125984252
0
LINE
8
BLACK
6
CONTINUOUS
10
0.045764094488189
20
0.7315092125984252
11
0.0543124015748031
21
0.7380685433070866
0
LINE
8
BLACK
6
CONTINUOUS
10
0.0543124015748031
20
0.7380685433070866
11
0.0619314566929134
21
0.7456875984251968
0
LINE
8
BLACK
6
CONTINUOUS
10
0.0619314566929134
20
0.7456875984251968
11
0.0684907874015748
21
0.754235905511811
0
LINE
8
BLACK
6
CONTINUOUS
10
0.0684907874015748
20
0.754235905511811
11
0.0738782677165354
21
0.7635672834645669
0
LINE
8
BLACK
6
CONTINUOUS
10
0.0738782677165354
20
0.7635672834645669
11
0.0780016535433071
21
0.7735220078740157
0
LINE
8
BLACK
6
CONTINUOUS
10
0.0780016535433071
20
0.7735220078740157
11
0.0807903937007874
21
0.7839298031496063
0
LINE
8
BLACK
6
CONTINUOUS
10
0.0807903937007874
20
0.7839298031496063
11
0.082196811023622
21
0.7946125196850393
0
LINE
8
BLACK
6
CONTINUOUS
10
0.082196811023622
20
0.7946125196850393
11
0.082196811023622
21
0.8053874803149607
0
LINE
8
BLACK
6
CONTINUOUS
10
0.082196811023622
20
0.8053874803149607
11
0.0807903937007874
21
0.8160701968503937
0
LINE
8
BLACK
6
CONTINUOUS
10
0.0807903937007874
20
0.8160701968503937
11
0.0780016535433071
21
0.8264779921259843
0
LINE
8
BLACK
6
CONTINUOUS
10
0.0780016535433071
20
0.8264779921259843
11
0.0738782677165354
21
0.8364327165354331
0
LINE
8
BLACK
6
CONTINUOUS
10
0.0738782677165354
20
0.8364327165354331
11
0.0684907874015748
21
0.845764094488189
0
LINE
8
BLACK
6
CONTINUOUS
10
0.0684907874015748
20
0.845764094488189
11
0.0619314566929134
21
0.8543124015748031
0
LINE
8
BLACK
6
CONTINUOUS
10
0.0619314566929134
20
0.8543124015748031
11
0.0543124015748031
21
0.8619314566929134
0
LINE
8
BLACK
6
CONTINUOUS
10
0.0543124015748031
20
0.8619314566929134
11
0.045764094488189
21
0.8684907874015748
0
LINE
8
BLACK
6
CONTINUOUS
10
0.045764094488189
20
0.8684907874015748
11
0.0364327165354331
21
0.8738782677165354
0
LINE
8
BLACK
6
CONTINUOUS
10
0.0364327165354331
20
0.8738782677165354
11
0.0264779921259843
21
0.8780016535433071
0
LINE
8
BLACK
6
CONTINUOUS
10
0.0264779921259843
20
0.8780016535433071
11
0.0160701968503937
21
0.8807903937007874
0
LINE
8
BLACK
6
CONTINUOUS
10
0.0160701968503937
20
0.8807903937007874
11
0.0053874803149606
21
0.882196811023622
0
LINE
8
BLACK
6
CONTINUOUS
10
0.0053874803149606
20
0.882196811023622
11
-0.0053874803149606
21
0.882196811023622
0
LINE
8
BLACK
6
CONTINUOUS
10
-0.0053874803149606
20
0.882196811023622
11
-0.0160701968503937
21
0.8807903937007874
0
LINE
8
BLACK
6
CONTINUOUS
10
-0.0160701968503937
20
0.8807903937007874
11
-0.0264779921259843
21
0.8780016535433071
0
LINE
8
BLACK
6
CONTINUOUS
10
-0.0264779921259843
20
0.8780016535433071
11
-0.0364327165354331
21
0.8738782677165354
0
LINE
8
BLACK
6
CONTINUOUS
10
-0.0364327165354331
20
0.8738782677165354
11
-0.045764094488189
21
0.8684907874015748
0
LINE
8
BLACK
6
CONTINUOUS
10
-0.045764094488189
20
0.8684907874015748
11
-0.0543124015748031
21
0.8619314566929134
0
LINE
8
BLACK
6
CONTINUOUS
10
-0.0543124015748031
20
0.8619314566929134
11
-0.0619314566929134
21
0.8543124015748031
0
LINE
8
BLACK
6
CONTINUOUS
10
-0.0619314566929134
20
0.8543124015748031
11
-0.0684907874015748
21
0.845764094488189
0
LINE
8
BLACK
6
CONTINUOUS
10
-0.0684907874015748
20
0.845764094488189
11
-0.0738782677165354
21
0.8364327165354331
0
LINE
8
BLACK
6
CONTINUOUS
10
-0.0738782677165354
20
0.8364327165354331
11
-0.0780016535433071
21
0.8264779921259843
0
LINE
8
BLACK
6
CONTINUOUS
10
-0.0780016535433071
20
0.8264779921259843
11
-0.0807903937007874
21
0.8160701968503937
0
LINE
8
BLACK
6
CONTINUOUS
10
-0.0807903937007874
20
0.8160701968503937
11
-0.082196811023622
21
0.8053874803149607
0
LINE
8
BLACK
6
CONTINUOUS
10
-0.082196811023622
20
0.8053874803149607
11
-0.082196811023622
21
0.7946125196850393
0
LINE
8
BLACK
6
CONTINUOUS
10
0.1383713385826772
20
0.9406912992125984
11
0.1394357480314961
21
0.9402503937007873
0
LINE
8
BLACK
6
CONTINUOUS
10
0.1394357480314961
20
0.9402503937007873
11
0.1402503937007874
21
0.939435748031496
0
LINE
8
BLACK
6
CONTINUOUS
10
0.1402503937007874
20
0.939435748031496
11
0.1406912992125984
21
0.9383713385826772
0
LINE
8
BLACK
6
CONTINUOUS
10
0.1406912992125984
20
0.9383713385826772
11
0.140748031496063
21
0.9377952755905512
0
LINE
8
BLACK
6
CONTINUOUS
10
0.140748031496063
20
0.9377952755905512
11
0.140748031496063
21
0.6622047244094488
0
LINE
8
BLACK
6
CONTINUOUS
10
0.140748031496063
20
0.6622047244094488
11
0.1406912992125984
21
0.6616286614173228
0
LINE
8
BLACK
6
CONTINUOUS
10
0.1406912992125984
20
0.6616286614173228
11
0.1402503937007874
21
0.6605642519685039
0
LINE
8
BLACK
6
CONTINUOUS
10
0.1402503937007874
20
0.6605642519685039
11
0.1394357480314961
21
0.6597496062992125
0
LINE
8
BLACK
6
CONTINUOUS
10
0.1394357480314961
20
0.6597496062992125
11
0.1383713385826772
21
0.6593087007874016
0
LINE
8
BLACK
6
CONTINUOUS
10
0.1383713385826772
20
0.6593087007874016
11
0.1377952755905512
21
0.659251968503937
0
LINE
8
BLACK
6
CONTINUOUS
10
0.1377952755905512
20
0.659251968503937
11
-0.1377952755905512
21
0.659251968503937
0
LINE
8
BLACK
6
CONTINUOUS
10
-0.1377952755905512
20
0.659251968503937
11
-0.1383713385826772
21
0.6593087007874016
0
LINE
8
BLACK
6
CONTINUOUS
10
-0.1383713385826772
20
0.6593087007874016
11
-0.1394357480314961
21
0.6597496062992125
0
LINE
8
BLACK
6
CONTINUOUS
10
-0.1394357480314961
20
0.6597496062992125
11
-0.1402503937007874
21
0.6605642519685039
0
LINE
8
BLACK
6
CONTINUOUS
10
-0.1402503937007874
20
0.6605642519685039
11
-0.1406912992125984
21
0.6616286614173228
0
LINE
8
BLACK
6
CONTINUOUS
10
-0.1406912992125984
20
0.6616286614173228
11
-0.140748031496063
21
0.6622047244094488
0
LINE
8
BLACK
6
CONTINUOUS
10
-0.140748031496063
20
0.6622047244094488
11
-0.140748031496063
21
0.9377952755905512
0
LINE
8
BLACK
6
CONTINUOUS
10
-0.140748031496063
20
0.9377952755905512
11
-0.1406912992125984
21
0.9383713385826772
0
LINE
8
BLACK
6
CONTINUOUS
10
-0.1406912992125984
20
0.9383713385826772
11
-0.1402503937007874
21
0.939435748031496
0
LINE
8
BLACK
6
CONTINUOUS
10
-0.1402503937007874
20
0.939435748031496
11
-0.1394357480314961
21
0.9402503937007873
0
LINE
8
BLACK
6
CONTINUOUS
10
-0.1394357480314961
20
0.9402503937007873
11
-0.1383713385826772
21
0.9406912992125984
0
LINE
8
BLACK
6
CONTINUOUS
10
-0.1383713385826772
20
0.9406912992125984
11
-0.1377952755905512
21
0.940748031496063
0
LINE
8
BLACK
6
CONTINUOUS
10
-0.1377952755905512
20
0.940748031496063
11
0.1377952755905512
21
0.940748031496063
0
LINE
8
BLACK
6
CONTINUOUS
10
0.1377952755905512
20
0.940748031496063
11
0.1383713385826772
21
0.9406912992125984
0
LINE
8
BLACK
6
CONTINUOUS
10
-0.1348425196850394
20
0.7171259842519685
11
-0.1348425196850394
21
0.6651574803149606
0
LINE
8
BLACK
6
CONTINUOUS
10
-0.1348425196850394
20
0.6651574803149606
11
-0.0828740157480315
21
0.6651574803149606
0
LINE
8
BLACK
6
CONTINUOUS
10
-0.0828740157480315
20
0.6651574803149606
11
-0.0828740157480315
21
0.6769685039370078
0
LINE
8
BLACK
6
CONTINUOUS
10
-0.0828740157480315
20
0.6769685039370078
11
-0.1200787401574803
21
0.6769685039370078
0
LINE
8
BLACK
6
CONTINUOUS
10
-0.1200787401574803
20
0.6769685039370078
11
-0.1206548031496063
21
0.6770252362204724
0
LINE
8
BLACK
6
CONTINUOUS
10
-0.1206548031496063
20
0.6770252362204724
11
-0.1217192125984252
21
0.6774661417322835
0
LINE
8
BLACK
6
CONTINUOUS
10
-0.1217192125984252
20
0.6774661417322835
11
-0.1225338582677165
21
0.6782807874015748
0
LINE
8
BLACK
6
CONTINUOUS
10
-0.1225338582677165
20
0.6782807874015748
11
-0.1229747637795276
21
0.6793451968503937
0
LINE
8
BLACK
6
CONTINUOUS
10
-0.1229747637795276
20
0.6793451968503937
11
-0.1230314960629921
21
0.6799212598425197
0
LINE
8
BLACK
6
CONTINUOUS
10
-0.1230314960629921
20
0.6799212598425197
11
-0.1230314960629921
21
0.7171259842519685
0
LINE
8
BLACK
6
CONTINUOUS
10
-0.1230314960629921
20
0.7171259842519685
11
-0.1348425196850394
21
0.7171259842519685
0
LINE
8
BLACK
6
CONTINUOUS
10
-0.0769685039370079
20
0.9348425196850394
11
-0.0769685039370079
21
0.8799212598425197
0
LINE
8
BLACK
6
CONTINUOUS
10
-0.0769685039370079
20
0.8799212598425197
11
-0.0770252362204724
21
0.8793451968503937
0
LINE
8
BLACK
6
CONTINUOUS
10
-0.0770252362204724
20
0.8793451968503937
11
-0.0774661417322835
21
0.8782807874015748
0
LINE
8
BLACK
6
CONTINUOUS
10
-0.0774661417322835
20
0.8782807874015748
11
-0.0782807874015748
21
0.8774661417322834
0
LINE
8
BLACK
6
CONTINUOUS
10
-0.0782807874015748
20
0.8774661417322834
11
-0.0793451968503937
21
0.8770252362204725
0
LINE
8
BLACK
6
CONTINUOUS
10
-0.0793451968503937
20
0.8770252362204725
11
-0.0799212598425197
21
0.8769685039370079
0
LINE
8
BLACK
6
CONTINUOUS
10
-0.0799212598425197
20
0.8769685039370079
11
-0.1348425196850394
21
0.8769685039370079
0
LINE
8
BLACK
6
CONTINUOUS
10
-0.1348425196850394
20
0.8769685039370079
11
-0.1348425196850394
21
0.7230314960629921
0
LINE
8
BLACK
6
CONTINUOUS
10
-0.1348425196850394
20
0.7230314960629921
11
-0.0799212598425197
21
0.7230314960629921
0
LINE
8
BLACK
6
CONTINUOUS
10
-0.0799212598425197
20
0.7230314960629921
11
-0.0793451968503937
21
0.7229747637795275
0
LINE
8
BLACK
6
CONTINUOUS
10
-0.0793451968503937
20
0.7229747637795275
11
-0.0782807874015748
21
0.7225338582677165
0
LINE
8
BLACK
6
CONTINUOUS
10
-0.0782807874015748
20
0.7225338582677165
11
-0.0774661417322835
21
0.7217192125984252
0
LINE
8
BLACK
6
CONTINUOUS
10
-0.0774661417322835
20
0.7217192125984252
11
-0.0770252362204724
21
0.7206548031496063
0
LINE
8
BLACK
6
CONTINUOUS
10
-0.0770252362204724
20
0.7206548031496063
11
-0.0769685039370079
21
0.7200787401574803
0
LINE
8
BLACK
6
CONTINUOUS
10
-0.0769685039370079
20
0.7200787401574803
11
-0.0769685039370079
21
0.6651574803149606
0
LINE
8
BLACK
6
CONTINUOUS
10
-0.0769685039370079
20
0.6651574803149606
11
0.0769685039370079
21
0.6651574803149606
0
LINE
8
BLACK
6
CONTINUOUS
10
0.0769685039370079
20
0.6651574803149606
11
0.0769685039370079
21
0.7200787401574803
0
LINE
8
BLACK
6
CONTINUOUS
10
0.0769685039370079
20
0.7200787401574803
11
0.0770252362204724
21
0.7206548031496063
0
LINE
8
BLACK
6
CONTINUOUS
10
0.0770252362204724
20
0.7206548031496063
11
0.0774661417322835
21
0.7217192125984252
0
LINE
8
BLACK
6
CONTINUOUS
10
0.0774661417322835
20
0.7217192125984252
11
0.0782807874015748
21
0.7225338582677165
0
LINE
8
BLACK
6
CONTINUOUS
10
0.0782807874015748
20
0.7225338582677165
11
0.0793451968503937
21
0.7229747637795275
0
LINE
8
BLACK
6
CONTINUOUS
10
0.0793451968503937
20
0.7229747637795275
11
0.0799212598425197
21
0.7230314960629921
0
LINE
8
BLACK
6
CONTINUOUS
10
0.0799212598425197
20
0.7230314960629921
11
0.1348425196850394
21
0.7230314960629921
0
LINE
8
BLACK
6
CONTINUOUS
10
0.1348425196850394
20
0.7230314960629921
11
0.1348425196850394
21
0.8769685039370079
0
LINE
8
BLACK
6
CONTINUOUS
10
0.1348425196850394
20
0.8769685039370079
11
0.0799212598425197
21
0.8769685039370079
0
LINE
8
BLACK
6
CONTINUOUS
10
0.0799212598425197
20
0.8769685039370079
11
0.0793451968503937
21
0.8770252362204725
0
LINE
8
BLACK
6
CONTINUOUS
10
0.0793451968503937
20
0.8770252362204725
11
0.0782807874015748
21
0.8774661417322834
0
LINE
8
BLACK
6
CONTINUOUS
10
0.0782807874015748
20
0.8774661417322834
11
0.0774661417322835
21
0.8782807874015748
0
LINE
8
BLACK
6
CONTINUOUS
10
0.0774661417322835
20
0.8782807874015748
11
0.0770252362204724
21
0.8793451968503937
0
LINE
8
BLACK
6
CONTINUOUS
10
0.0770252362204724
20
0.8793451968503937
11
0.0769685039370079
21
0.8799212598425197
0
LINE
8
BLACK
6
CONTINUOUS
10
0.0769685039370079
20
0.8799212598425197
11
0.0769685039370079
21
0.9348425196850394
0
LINE
8
BLACK
6
CONTINUOUS
10
0.0769685039370079
20
0.9348425196850394
11
-0.0769685039370079
21
0.9348425196850394
0
LINE
8
BLACK
6
CONTINUOUS
10
0.1230314960629921
20
0.7171259842519685
11
0.1230314960629921
21
0.6799212598425197
0
LINE
8
BLACK
6
CONTINUOUS
10
0.1230314960629921
20
0.6799212598425197
11
0.1229747637795276
21
0.6793451968503937
0
LINE
8
BLACK
6
CONTINUOUS
10
0.1229747637795276
20
0.6793451968503937
11
0.1225338582677165
21
0.6782807874015748
0
LINE
8
BLACK
6
CONTINUOUS
10
0.1225338582677165
20
0.6782807874015748
11
0.1217192125984252
21
0.6774661417322835
0
LINE
8
BLACK
6
CONTINUOUS
10
0.1217192125984252
20
0.6774661417322835
11
0.1206548031496063
21
0.6770252362204724
0
LINE
8
BLACK
6
CONTINUOUS
10
0.1206548031496063
20
0.6770252362204724
11
0.1200787401574803
21
0.6769685039370078
0
LINE
8
BLACK
6
CONTINUOUS
10
0.1200787401574803
20
0.6769685039370078
11
0.0828740157480315
21
0.6769685039370078
0
LINE
8
BLACK
6
CONTINUOUS
10
0.0828740157480315
20
0.6769685039370078
11
0.0828740157480315
21
0.6651574803149606
0
LINE
8
BLACK
6
CONTINUOUS
10
0.0828740157480315
20
0.6651574803149606
11
0.1348425196850394
21
0.6651574803149606
0
LINE
8
BLACK
6
CONTINUOUS
10
0.1348425196850394
20
0.6651574803149606
11
0.1348425196850394
21
0.7171259842519685
0
LINE
8
BLACK
6
CONTINUOUS
10
0.1348425196850394
20
0.7171259842519685
11
0.1230314960629921
21
0.7171259842519685
0
LINE
8
BLACK
6
CONTINUOUS
10
0.0828740157480315
20
0.7171259842519685
11
0.0828740157480315
21
0.6828740157480315
0
LINE
8
BLACK
6
CONTINUOUS
10
0.0828740157480315
20
0.6828740157480315
11
0.1171259842519685
21
0.6828740157480315
0
LINE
8
BLACK
6
CONTINUOUS
10
0.1171259842519685
20
0.6828740157480315
11
0.1171259842519685
21
0.7171259842519685
0
LINE
8
BLACK
6
CONTINUOUS
10
0.1171259842519685
20
0.7171259842519685
11
0.0828740157480315
21
0.7171259842519685
0
LINE
8
BLACK
6
CONTINUOUS
10
-0.1171259842519685
20
0.7171259842519685
11
-0.1171259842519685
21
0.6828740157480315
0
LINE
8
BLACK
6
CONTINUOUS
10
-0.1171259842519685
20
0.6828740157480315
11
-0.0828740157480315
21
0.6828740157480315
0
LINE
8
BLACK
6
CONTINUOUS
10
-0.0828740157480315
20
0.6828740157480315
11
-0.0828740157480315
21
0.7171259842519685
0
LINE
8
BLACK
6
CONTINUOUS
10
-0.0828740157480315
20
0.7171259842519685
11
-0.1171259842519685
21
0.7171259842519685
0
LINE
8
BLACK
6
CONTINUOUS
10
0.0828740157480315
20
0.9171259842519685
11
0.0828740157480315
21
0.8828740157480315
0
LINE
8
BLACK
6
CONTINUOUS
10
0.0828740157480315
20
0.8828740157480315
11
0.1171259842519685
21
0.8828740157480315
0
LINE
8
BLACK
6
CONTINUOUS
10
0.1171259842519685
20
0.8828740157480315
11
0.1171259842519685
21
0.9171259842519685
0
LINE
8
BLACK
6
CONTINUOUS
10
0.1171259842519685
20
0.9171259842519685
11
0.0828740157480315
21
0.9171259842519685
0
LINE
8
BLACK
6
CONTINUOUS
10
0.0828740157480315
20
0.9348425196850394
11
0.0828740157480315
21
0.9230314960629921
0
LINE
8
BLACK
6
CONTINUOUS
10
0.0828740157480315
20
0.9230314960629921
11
0.1200787401574803
21
0.9230314960629921
0
LINE
8
BLACK
6
CONTINUOUS
10
0.1200787401574803
20
0.9230314960629921
11
0.1206548031496063
21
0.9229747637795276
0
LINE
8
BLACK
6
CONTINUOUS
10
0.1206548031496063
20
0.9229747637795276
11
0.1217192125984252
21
0.9225338582677165
0
LINE
8
BLACK
6
CONTINUOUS
10
0.1217192125984252
20
0.9225338582677165
11
0.1225338582677165
21
0.9217192125984252
0
LINE
8
BLACK
6
CONTINUOUS
10
0.1225338582677165
20
0.9217192125984252
11
0.1229747637795276
21
0.9206548031496062
0
LINE
8
BLACK
6
CONTINUOUS
10
0.1229747637795276
20
0.9206548031496062
11
0.1230314960629921
21
0.9200787401574803
0
LINE
8
BLACK
6
CONTINUOUS
10
0.1230314960629921
20
0.9200787401574803
11
0.1230314960629921
21
0.8828740157480315
0
LINE
8
BLACK
6
CONTINUOUS
10
0.1230314960629921
20
0.8828740157480315
11
0.1348425196850394
21
0.8828740157480315
0
LINE
8
BLACK
6
CONTINUOUS
10
0.1348425196850394
20
0.8828740157480315
11
0.1348425196850394
21
0.9348425196850394
0
LINE
8
BLACK
6
CONTINUOUS
10
0.1348425196850394
20
0.9348425196850394
11
0.0828740157480315
21
0.9348425196850394
0
LINE
8
BLACK
6
CONTINUOUS
10
-0.1348425196850394
20
0.9348425196850394
11
-0.1348425196850394
21
0.8828740157480315
0
LINE
8
BLACK
6
CONTINUOUS
10
-0.1348425196850394
20
0.8828740157480315
11
-0.1230314960629921
21
0.8828740157480315
0
LINE
8
BLACK
6
CONTINUOUS
10
-0.1230314960629921
20
0.8828740157480315
11
-0.1230314960629921
21
0.9200787401574803
0
LINE
8
BLACK
6
CONTINUOUS
10
-0.1230314960629921
20
0.9200787401574803
11
-0.1229747637795276
21
0.9206548031496062
0
LINE
8
BLACK
6
CONTINUOUS
10
-0.1229747637795276
20
0.9206548031496062
11
-0.1225338582677165
21
0.9217192125984252
0
LINE
8
BLACK
6
CONTINUOUS
10
-0.1225338582677165
20
0.9217192125984252
11
-0.1217192125984252
21
0.9225338582677165
0
LINE
8
BLACK
6
CONTINUOUS
10
-0.1217192125984252
20
0.9225338582677165
11
-0.1206548031496063
21
0.9229747637795276
0
LINE
8
BLACK
6
CONTINUOUS
10
-0.1206548031496063
20
0.9229747637795276
11
-0.1200787401574803
21
0.9230314960629921
0
LINE
8
BLACK
6
CONTINUOUS
10
-0.1200787401574803
20
0.9230314960629921
11
-0.0828740157480315
21
0.9230314960629921
0
LINE
8
BLACK
6
CONTINUOUS
10
-0.0828740157480315
20
0.9230314960629921
11
-0.0828740157480315
21
0.9348425196850394
0
LINE
8
BLACK
6
CONTINUOUS
10
-0.0828740157480315
20
0.9348425196850394
11
-0.1348425196850394
21
0.9348425196850394
0
LINE
8
BLACK
6
CONTINUOUS
10
-0.1171259842519685
20
0.9171259842519685
11
-0.1171259842519685
21
0.8828740157480315
0
LINE
8
BLACK
6
CONTINUOUS
10
-0.1171259842519685
20
0.8828740157480315
11
-0.0828740157480315
21
0.8828740157480315
0
LINE
8
BLACK
6
CONTINUOUS
10
-0.0828740157480315
20
0.8828740157480315
11
-0.0828740157480315
21
0.9171259842519685
0
LINE
8
BLACK
6
CONTINUOUS
10
-0.0828740157480315
20
0.9171259842519685
11
-0.1171259842519685
21
0.9171259842519685
0
LINE
8
BLACK
6
CONTINUOUS
10
0.3849738188976378
20
1.2296312598425196
11
0.3857884645669291
21
1.2288166141732284
0
LINE
8
BLACK
6
CONTINUOUS
10
0.3857884645669291
20
1.2288166141732284
11
0.3862293700787401
21
1.2277522047244094
0
LINE
8
BLACK
6
CONTINUOUS
10
0.3862293700787401
20
1.2277522047244094
11
0.3862861023622047
21
1.2271761417322835
0
LINE
8
BLACK
6
CONTINUOUS
10
0.3862861023622047
20
1.2271761417322835
11
0.3862861023622047
21
1.1914618503937007
0
LINE
8
BLACK
6
CONTINUOUS
10
0.3862861023622047
20
1.1914618503937007
11
0.3862573622047244
21
1.1911702755905511
0
LINE
8
BLACK
6
CONTINUOUS
10
0.3862573622047244
20
1.1911702755905511
11
0.3862629133858267
21
1.1910925196850393
0
LINE
8
BLACK
6
CONTINUOUS
10
0.3862629133858267
20
1.1910925196850393
11
0.3862396456692913
21
1.1909902755905513
0
LINE
8
BLACK
6
CONTINUOUS
10
0.3862396456692913
20
1.1909902755905513
11
0.3862293700787401
21
1.1908857874015748
0
LINE
8
BLACK
6
CONTINUOUS
10
0.3862293700787401
20
1.1908857874015748
11
0.3861994881889764
21
1.1908137401574803
0
LINE
8
BLACK
6
CONTINUOUS
10
0.3861994881889764
20
1.1908137401574803
11
0.3861345669291338
21
1.1905280708661417
0
LINE
8
BLACK
6
CONTINUOUS
10
0.3861345669291338
20
1.1905280708661417
11
0.3837535826771654
21
1.1833852755905512
0
LINE
8
BLACK
6
CONTINUOUS
10
0.3837535826771654
20
1.1833852755905512
11
0.3835175984251968
21
1.1828566929133859
0
LINE
8
BLACK
6
CONTINUOUS
10
0.3835175984251968
20
1.1828566929133859
11
0.3834480708661417
21
1.1827765748031496
0
LINE
8
BLACK
6
CONTINUOUS
10
0.3834480708661417
20
1.1827765748031496
11
0.3834075196850394
21
1.1826785826771653
0
LINE
8
BLACK
6
CONTINUOUS
10
0.3834075196850394
20
1.1826785826771653
11
0.3830402755905511
21
1.1822311023622047
0
LINE
8
BLACK
6
CONTINUOUS
10
0.3830402755905511
20
1.1822311023622047
11
0.3782783858267716
21
1.1774691732283464
0
LINE
8
BLACK
6
CONTINUOUS
10
0.3782783858267716
20
1.1774691732283464
11
0.3778309448818897
21
1.177101968503937
0
LINE
8
BLACK
6
CONTINUOUS
10
0.3778309448818897
20
1.177101968503937
11
0.3777329527559055
21
1.1770614173228346
0
LINE
8
BLACK
6
CONTINUOUS
10
0.3777329527559055
20
1.1770614173228346
11
0.3776527952755905
21
1.1769918503937007
0
LINE
8
BLACK
6
CONTINUOUS
10
0.3776527952755905
20
1.1769918503937007
11
0.3771242125984252
21
1.1767558661417323
0
LINE
8
BLACK
6
CONTINUOUS
10
0.3771242125984252
20
1.1767558661417323
11
0.3699813385826772
21
1.1743749212598424
0
LINE
8
BLACK
6
CONTINUOUS
10
0.3699813385826772
20
1.1743749212598424
11
0.3696957480314961
21
1.17431
0
LINE
8
BLACK
6
CONTINUOUS
10
0.3696957480314961
20
1.17431
11
0.3696236614173228
21
1.1742801181102362
0
LINE
8
BLACK
6
CONTINUOUS
10
0.3696236614173228
20
1.1742801181102362
11
0.3695191338582677
21
1.1742698425196849
0
LINE
8
BLACK
6
CONTINUOUS
10
0.3695191338582677
20
1.1742698425196849
11
0.3694168897637795
21
1.1742465748031496
0
LINE
8
BLACK
6
CONTINUOUS
10
0.3694168897637795
20
1.1742465748031496
11
0.3693391338582677
21
1.174252125984252
0
LINE
8
BLACK
6
CONTINUOUS
10
0.3693391338582677
20
1.174252125984252
11
0.3690475984251969
21
1.1742233858267717
0
LINE
8
BLACK
6
CONTINUOUS
10
0.3690475984251969
20
1.1742233858267717
11
0.3642857086614173
21
1.1742233858267717
0
LINE
8
BLACK
6
CONTINUOUS
10
0.3642857086614173
20
1.1742233858267717
11
0.3637096456692913
21
1.1742801181102362
0
LINE
8
BLACK
6
CONTINUOUS
10
0.3637096456692913
20
1.1742801181102362
11
0.3626452362204725
21
1.1747210236220471
0
LINE
8
BLACK
6
CONTINUOUS
10
0.3626452362204725
20
1.1747210236220471
11
0.3618305905511811
21
1.1755356692913386
0
LINE
8
BLACK
6
CONTINUOUS
10
0.3618305905511811
20
1.1755356692913386
11
0.3613896850393701
21
1.1766000787401574
0
LINE
8
BLACK
6
CONTINUOUS
10
0.3613896850393701
20
1.1766000787401574
11
0.3613896850393701
21
1.1777522047244093
0
LINE
8
BLACK
6
CONTINUOUS
10
0.3613896850393701
20
1.1777522047244093
11
0.3618305905511811
21
1.1788166141732284
0
LINE
8
BLACK
6
CONTINUOUS
10
0.3618305905511811
20
1.1788166141732284
11
0.3626452362204725
21
1.1796312598425196
0
LINE
8
BLACK
6
CONTINUOUS
10
0.3626452362204725
20
1.1796312598425196
11
0.3637096456692913
21
1.1800721653543307
0
LINE
8
BLACK
6
CONTINUOUS
10
0.3637096456692913
20
1.1800721653543307
11
0.3642857086614173
21
1.1801288976377953
0
LINE
8
BLACK
6
CONTINUOUS
10
0.3642857086614173
20
1.1801288976377953
11
0.3685684645669291
21
1.1801288976377953
0
LINE
8
BLACK
6
CONTINUOUS
10
0.3685684645669291
20
1.1801288976377953
11
0.3745953937007874
21
1.182137874015748
0
LINE
8
BLACK
6
CONTINUOUS
10
0.3745953937007874
20
1.182137874015748
11
0.3783715748031496
21
1.1859140551181102
0
LINE
8
BLACK
6
CONTINUOUS
10
0.3783715748031496
20
1.1859140551181102
11
0.3803805905511811
21
1.1919410236220471
0
LINE
8
BLACK
6
CONTINUOUS
10
0.3803805905511811
20
1.1919410236220471
11
0.3803805905511811
21
1.2271761417322835
0
LINE
8
BLACK
6
CONTINUOUS
10
0.3803805905511811
20
1.2271761417322835
11
0.3804373228346457
21
1.2277522047244094
0
LINE
8
BLACK
6
CONTINUOUS
10
0.3804373228346457
20
1.2277522047244094
11
0.3808782283464567
21
1.2288166141732284
0
LINE
8
BLACK
6
CONTINUOUS
10
0.3808782283464567
20
1.2288166141732284
11
0.381692874015748
21
1.2296312598425196
0
LINE
8
BLACK
6
CONTINUOUS
10
0.381692874015748
20
1.2296312598425196
11
0.3827572834645669
21
1.2300721653543307
0
LINE
8
BLACK
6
CONTINUOUS
10
0.3827572834645669
20
1.2300721653543307
11
0.3839094094488189
21
1.2300721653543307
0
LINE
8
BLACK
6
CONTINUOUS
10
0.3839094094488189
20
1.2300721653543307
11
0.3849738188976378
21
1.2296312598425196
0
LINE
8
BLACK
6
CONTINUOUS
10
0.4315284251968504
20
1.2300721653543307
11
0.4325928346456693
21
1.2296312598425196
0
LINE
8
BLACK
6
CONTINUOUS
10
0.4325928346456693
20
1.2296312598425196
11
0.4334074803149606
21
1.2288166141732284
0
LINE
8
BLACK
6
CONTINUOUS
10
0.4334074803149606
20
1.2288166141732284
11
0.4338483858267717
21
1.2277522047244094
0
LINE
8
BLACK
6
CONTINUOUS
10
0.4338483858267717
20
1.2277522047244094
11
0.4338483858267717
21
1.2266000787401574
0
LINE
8
BLACK
6
CONTINUOUS
10
0.4338483858267717
20
1.2266000787401574
11
0.4334074803149606
21
1.2255356692913386
0
LINE
8
BLACK
6
CONTINUOUS
10
0.4334074803149606
20
1.2255356692913386
11
0.4325928346456693
21
1.2247210236220472
0
LINE
8
BLACK
6
CONTINUOUS
10
0.4325928346456693
20
1.2247210236220472
11
0.4315284251968504
21
1.2242801181102363
0
LINE
8
BLACK
6
CONTINUOUS
10
0.4315284251968504
20
1.2242801181102363
11
0.4309523622047244
21
1.2242233858267717
0
LINE
8
BLACK
6
CONTINUOUS
10
0.4309523622047244
20
1.2242233858267717
11
0.4098150393700787
21
1.2242233858267717
0
LINE
8
BLACK
6
CONTINUOUS
10
0.4098150393700787
20
1.2242233858267717
11
0.4083583464566929
21
1.2096566535433071
0
LINE
8
BLACK
6
CONTINUOUS
10
0.4083583464566929
20
1.2096566535433071
11
0.410584251968504
21
1.2107695669291338
0
LINE
8
BLACK
6
CONTINUOUS
10
0.410584251968504
20
1.2107695669291338
11
0.4111248818897638
21
1.2109764566929133
0
LINE
8
BLACK
6
CONTINUOUS
10
0.4111248818897638
20
1.2109764566929133
11
0.4112306692913386
21
1.2109839763779526
0
LINE
8
BLACK
6
CONTINUOUS
10
0.4112306692913386
20
1.2109839763779526
11
0.4113287007874016
21
1.2110245669291337
0
LINE
8
BLACK
6
CONTINUOUS
10
0.4113287007874016
20
1.2110245669291337
11
0.4119047637795276
21
1.2110812992125983
0
LINE
8
BLACK
6
CONTINUOUS
10
0.4119047637795276
20
1.2110812992125983
11
0.4238095275590551
21
1.2110812992125983
0
LINE
8
BLACK
6
CONTINUOUS
10
0.4238095275590551
20
1.2110812992125983
11
0.4243855905511811
21
1.2110245669291337
0
LINE
8
BLACK
6
CONTINUOUS
10
0.4243855905511811
20
1.2110245669291337
11
0.4244835826771653
21
1.2109839763779526
0
LINE
8
BLACK
6
CONTINUOUS
10
0.4244835826771653
20
1.2109839763779526
11
0.4245894094488189
21
1.2109764566929133
0
LINE
8
BLACK
6
CONTINUOUS
10
0.4245894094488189
20
1.2109764566929133
11
0.4251300393700787
21
1.2107695669291338
0
LINE
8
BLACK
6
CONTINUOUS
10
0.4251300393700787
20
1.2107695669291338
11
0.4298919291338583
21
1.2083886220472442
0
LINE
8
BLACK
6
CONTINUOUS
10
0.4298919291338583
20
1.2083886220472442
11
0.430139842519685
21
1.2082325590551182
0
LINE
8
BLACK
6
CONTINUOUS
10
0.430139842519685
20
1.2082325590551182
11
0.4302118897637795
21
1.208202716535433
0
LINE
8
BLACK
6
CONTINUOUS
10
0.4302118897637795
20
1.208202716535433
11
0.4302929527559055
21
1.2081361811023621
0
LINE
8
BLACK
6
CONTINUOUS
10
0.4302929527559055
20
1.2081361811023621
11
0.4303817716535433
21
1.2080802755905511
0
LINE
8
BLACK
6
CONTINUOUS
10
0.4303817716535433
20
1.2080802755905511
11
0.4304328346456693
21
1.2080213779527558
0
LINE
8
BLACK
6
CONTINUOUS
10
0.4304328346456693
20
1.2080213779527558
11
0.4306593307086614
21
1.2078355118110236
0
LINE
8
BLACK
6
CONTINUOUS
10
0.4306593307086614
20
1.2078355118110236
11
0.4330403149606299
21
1.2054544881889764
0
LINE
8
BLACK
6
CONTINUOUS
10
0.4330403149606299
20
1.2054544881889764
11
0.4332261417322835
21
1.2052280708661418
0
LINE
8
BLACK
6
CONTINUOUS
10
0.4332261417322835
20
1.2052280708661418
11
0.433285
21
1.2051770078740158
0
LINE
8
BLACK
6
CONTINUOUS
10
0.433285
20
1.2051770078740158
11
0.4333408267716535
21
1.2050883070866141
0
LINE
8
BLACK
6
CONTINUOUS
10
0.4333408267716535
20
1.2050883070866141
11
0.4334075196850394
21
1.2050070472440944
0
LINE
8
BLACK
6
CONTINUOUS
10
0.4334075196850394
20
1.2050070472440944
11
0.4334373622047244
21
1.2049349606299213
0
LINE
8
BLACK
6
CONTINUOUS
10
0.4334373622047244
20
1.2049349606299213
11
0.4335933858267716
21
1.204687125984252
0
LINE
8
BLACK
6
CONTINUOUS
10
0.4335933858267716
20
1.204687125984252
11
0.4359743700787401
21
1.1999252362204724
0
LINE
8
BLACK
6
CONTINUOUS
10
0.4359743700787401
20
1.1999252362204724
11
0.4361812598425197
21
1.1993846456692914
0
LINE
8
BLACK
6
CONTINUOUS
10
0.4361812598425197
20
1.1993846456692914
11
0.436188779527559
21
1.199278779527559
0
LINE
8
BLACK
6
CONTINUOUS
10
0.436188779527559
20
1.199278779527559
11
0.4362293700787401
21
1.1991807874015747
0
LINE
8
BLACK
6
CONTINUOUS
10
0.4362293700787401
20
1.1991807874015747
11
0.4362861023622047
21
1.1986047244094489
0
LINE
8
BLACK
6
CONTINUOUS
10
0.4362861023622047
20
1.1986047244094489
11
0.4362861023622047
21
1.1866999606299213
0
LINE
8
BLACK
6
CONTINUOUS
10
0.4362861023622047
20
1.1866999606299213
11
0.4362293700787401
21
1.1861238976377952
0
LINE
8
BLACK
6
CONTINUOUS
10
0.4362293700787401
20
1.1861238976377952
11
0.436188779527559
21
1.1860259448818897
0
LINE
8
BLACK
6
CONTINUOUS
10
0.436188779527559
20
1.1860259448818897
11
0.4361812598425197
21
1.1859200393700786
0
LINE
8
BLACK
6
CONTINUOUS
10
0.4361812598425197
20
1.1859200393700786
11
0.4359743700787401
21
1.1853794488188976
0
LINE
8
BLACK
6
CONTINUOUS
10
0.4359743700787401
20
1.1853794488188976
11
0.4335933858267716
21
1.180617559055118
0
LINE
8
BLACK
6
CONTINUOUS
10
0.4335933858267716
20
1.180617559055118
11
0.4334373622047244
21
1.1803697637795276
0
LINE
8
BLACK
6
CONTINUOUS
10
0.4334373622047244
20
1.1803697637795276
11
0.4334075196850394
21
1.1802976377952756
0
LINE
8
BLACK
6
CONTINUOUS
10
0.4334075196850394
20
1.1802976377952756
11
0.4333408267716535
21
1.1802164173228347
0
LINE
8
BLACK
6
CONTINUOUS
10
0.4333408267716535
20
1.1802164173228347
11
0.433285
21
1.1801276771653544
0
LINE
8
BLACK
6
CONTINUOUS
10
0.433285
20
1.1801276771653544
11
0.4332261417322835
21
1.1800766535433072
0
LINE
8
BLACK
6
CONTINUOUS
10
0.4332261417322835
20
1.1800766535433072
11
0.4330403149606299
21
1.1798501968503936
0
LINE
8
BLACK
6
CONTINUOUS
10
0.4330403149606299
20
1.1798501968503936
11
0.4306593307086614
21
1.1774691732283464
0
LINE
8
BLACK
6
CONTINUOUS
10
0.4306593307086614
20
1.1774691732283464
11
0.4304328346456693
21
1.177283346456693
0
LINE
8
BLACK
6
CONTINUOUS
10
0.4304328346456693
20
1.177283346456693
11
0.4303817716535433
21
1.1772244094488189
0
LINE
8
BLACK
6
CONTINUOUS
10
0.4303817716535433
20
1.1772244094488189
11
0.4302929527559055
21
1.1771685433070866
0
LINE
8
BLACK
6
CONTINUOUS
10
0.4302929527559055
20
1.1771685433070866
11
0.4302118897637795
21
1.177101968503937
0
LINE
8
BLACK
6
CONTINUOUS
10
0.4302118897637795
20
1.177101968503937
11
0.430139842519685
21
1.1770721653543308
0
LINE
8
BLACK
6
CONTINUOUS
10
0.430139842519685
20
1.1770721653543308
11
0.4298919291338583
21
1.176916062992126
0
LINE
8
BLACK
6
CONTINUOUS
10
0.4298919291338583
20
1.176916062992126
11
0.4251300393700787
21
1.1745351181102361
0
LINE
8
BLACK
6
CONTINUOUS
10
0.4251300393700787
20
1.1745351181102361
11
0.4245894094488189
21
1.1743282283464567
0
LINE
8
BLACK
6
CONTINUOUS
10
0.4245894094488189
20
1.1743282283464567
11
0.4244835826771653
21
1.1743207480314961
0
LINE
8
BLACK
6
CONTINUOUS
10
0.4244835826771653
20
1.1743207480314961
11
0.4243855905511811
21
1.1742801181102362
0
LINE
8
BLACK
6
CONTINUOUS
10
0.4243855905511811
20
1.1742801181102362
11
0.4238095275590551
21
1.1742233858267717
0
LINE
8
BLACK
6
CONTINUOUS
10
0.4238095275590551
20
1.1742233858267717
11
0.4119047637795276
21
1.1742233858267717
0
LINE
8
BLACK
6
CONTINUOUS
10
0.4119047637795276
20
1.1742233858267717
11
0.4113287007874016
21
1.1742801181102362
0
LINE
8
BLACK
6
CONTINUOUS
10
0.4113287007874016
20
1.1742801181102362
11
0.4112306692913386
21
1.1743207480314961
0
LINE
8
BLACK
6
CONTINUOUS
10
0.4112306692913386
20
1.1743207480314961
11
0.4111248818897638
21
1.1743282283464567
0
LINE
8
BLACK
6
CONTINUOUS
10
0.4111248818897638
20
1.1743282283464567
11
0.410584251968504
21
1.1745351181102361
0
LINE
8
BLACK
6
CONTINUOUS
10
0.410584251968504
20
1.1745351181102361
11
0.4058223228346456
21
1.176916062992126
0
LINE
8
BLACK
6
CONTINUOUS
10
0.4058223228346456
20
1.176916062992126
11
0.4055742913385827
21
1.1770721653543308
0
LINE
8
BLACK
6
CONTINUOUS
10
0.4055742913385827
20
1.1770721653543308
11
0.4055023622047244
21
1.177101968503937
0
LINE
8
BLACK
6
CONTINUOUS
10
0.4055023622047244
20
1.177101968503937
11
0.4054213779527559
21
1.1771684645669291
0
LINE
8
BLACK
6
CONTINUOUS
10
0.4054213779527559
20
1.1771684645669291
11
0.4053324409448819
21
1.1772244094488189
0
LINE
8
BLACK
6
CONTINUOUS
10
0.4053324409448819
20
1.1772244094488189
11
0.4052812598425197
21
1.1772834251968505
0
LINE
8
BLACK
6
CONTINUOUS
10
0.4052812598425197
20
1.1772834251968505
11
0.4050549212598425
21
1.1774691732283464
0
LINE
8
BLACK
6
CONTINUOUS
10
0.4050549212598425
20
1.1774691732283464
11
0.4026739763779528
21
1.1798501574803149
0
LINE
8
BLACK
6
CONTINUOUS
10
0.4026739763779528
20
1.1798501574803149
11
0.4023067322834646
21
1.1802976377952756
0
LINE
8
BLACK
6
CONTINUOUS
10
0.4023067322834646
20
1.1802976377952756
11
0.4018658661417323
21
1.1813620472440944
0
LINE
8
BLACK
6
CONTINUOUS
10
0.4018658661417323
20
1.1813620472440944
11
0.4018658661417323
21
1.1825141338582676
0
LINE
8
BLACK
6
CONTINUOUS
10
0.4018658661417323
20
1.1825141338582676
11
0.4023067716535433
21
1.1835785433070867
0
LINE
8
BLACK
6
CONTINUOUS
10
0.4023067716535433
20
1.1835785433070867
11
0.4031214566929134
21
1.1843932283464567
0
LINE
8
BLACK
6
CONTINUOUS
10
0.4031214566929134
20
1.1843932283464567
11
0.4041858661417323
21
1.184834094488189
0
LINE
8
BLACK
6
CONTINUOUS
10
0.4041858661417323
20
1.184834094488189
11
0.4053379527559055
21
1.184834094488189
0
LINE
8
BLACK
6
CONTINUOUS
10
0.4053379527559055
20
1.184834094488189
11
0.4064023622047244
21
1.1843931889763779
0
LINE
8
BLACK
6
CONTINUOUS
10
0.4064023622047244
20
1.1843931889763779
11
0.4068498031496063
21
1.1840259842519685
0
LINE
8
BLACK
6
CONTINUOUS
10
0.4068498031496063
20
1.1840259842519685
11
0.4088919291338582
21
1.1819838188976377
0
LINE
8
BLACK
6
CONTINUOUS
10
0.4088919291338582
20
1.1819838188976377
11
0.4126017716535433
21
1.1801288976377953
0
LINE
8
BLACK
6
CONTINUOUS
10
0.4126017716535433
20
1.1801288976377953
11
0.4231124803149606
21
1.1801288976377953
0
LINE
8
BLACK
6
CONTINUOUS
10
0.4231124803149606
20
1.1801288976377953
11
0.4268222834645669
21
1.1819838188976377
0
LINE
8
BLACK
6
CONTINUOUS
10
0.4268222834645669
20
1.1819838188976377
11
0.4285255905511811
21
1.1836871653543306
0
LINE
8
BLACK
6
CONTINUOUS
10
0.4285255905511811
20
1.1836871653543306
11
0.4303805905511811
21
1.1873970866141732
0
LINE
8
BLACK
6
CONTINUOUS
10
0.4303805905511811
20
1.1873970866141732
11
0.4303805905511811
21
1.1979076377952755
0
LINE
8
BLACK
6
CONTINUOUS
10
0.4303805905511811
20
1.1979076377952755
11
0.4285255905511811
21
1.2016175590551181
0
LINE
8
BLACK
6
CONTINUOUS
10
0.4285255905511811
20
1.2016175590551181
11
0.4268222834645669
21
1.203320905511811
0
LINE
8
BLACK
6
CONTINUOUS
10
0.4268222834645669
20
1.203320905511811
11
0.4231124803149606
21
1.2051757874015747
0
LINE
8
BLACK
6
CONTINUOUS
10
0.4231124803149606
20
1.2051757874015747
11
0.4126017716535433
21
1.2051757874015747
0
LINE
8
BLACK
6
CONTINUOUS
10
0.4126017716535433
20
1.2051757874015747
11
0.4088919291338582
21
1.203320905511811
0
LINE
8
BLACK
6
CONTINUOUS
10
0.4088919291338582
20
1.203320905511811
11
0.4068498031496063
21
1.2012787007874015
0
LINE
8
BLACK
6
CONTINUOUS
10
0.4068498031496063
20
1.2012787007874015
11
0.4064023622047244
21
1.2009114960629921
0
LINE
8
BLACK
6
CONTINUOUS
10
0.4064023622047244
20
1.2009114960629921
11
0.406265
21
1.2008546062992125
0
LINE
8
BLACK
6
CONTINUOUS
10
0.406265
20
1.2008546062992125
11
0.4061499212598425
21
1.2007604330708661
0
LINE
8
BLACK
6
CONTINUOUS
10
0.4061499212598425
20
1.2007604330708661
11
0.4057366141732283
21
1.200635748031496
0
LINE
8
BLACK
6
CONTINUOUS
10
0.4057366141732283
20
1.200635748031496
11
0.4053379527559055
21
1.200470590551181
0
LINE
8
BLACK
6
CONTINUOUS
10
0.4053379527559055
20
1.200470590551181
11
0.4051892913385827
21
1.200470590551181
0
LINE
8
BLACK
6
CONTINUOUS
10
0.4051892913385827
20
1.200470590551181
11
0.4050469291338583
21
1.2004276377952756
0
LINE
8
BLACK
6
CONTINUOUS
10
0.4050469291338583
20
1.2004276377952756
11
0.4046174015748031
21
1.200470590551181
0
LINE
8
BLACK
6
CONTINUOUS
10
0.4046174015748031
20
1.200470590551181
11
0.4041858661417323
21
1.200470590551181
0
LINE
8
BLACK
6
CONTINUOUS
10
0.4041858661417323
20
1.200470590551181
11
0.4040485039370079
21
1.2005275196850393
0
LINE
8
BLACK
6
CONTINUOUS
10
0.4040485039370079
20
1.2005275196850393
11
0.4039005118110236
21
1.2005422834645669
0
LINE
8
BLACK
6
CONTINUOUS
10
0.4039005118110236
20
1.2005422834645669
11
0.4035202362204725
21
1.2007462992125983
0
LINE
8
BLACK
6
CONTINUOUS
10
0.4035202362204725
20
1.2007462992125983
11
0.4031214566929134
21
1.2009114566929133
0
LINE
8
BLACK
6
CONTINUOUS
10
0.4031214566929134
20
1.2009114566929133
11
0.403016220472441
21
1.2010166929133859
0
LINE
8
BLACK
6
CONTINUOUS
10
0.403016220472441
20
1.2010166929133859
11
0.4028852755905512
21
1.2010869291338582
0
LINE
8
BLACK
6
CONTINUOUS
10
0.4028852755905512
20
1.2010869291338582
11
0.4026120078740157
21
1.201420905511811
0
LINE
8
BLACK
6
CONTINUOUS
10
0.4026120078740157
20
1.201420905511811
11
0.4023067716535433
21
1.2017261417322835
0
LINE
8
BLACK
6
CONTINUOUS
10
0.4023067716535433
20
1.2017261417322835
11
0.402249842519685
21
1.2018635039370078
0
LINE
8
BLACK
6
CONTINUOUS
10
0.402249842519685
20
1.2018635039370078
11
0.4021557086614173
21
1.2019785826771654
0
LINE
8
BLACK
6
CONTINUOUS
10
0.4021557086614173
20
1.2019785826771654
11
0.4020309842519685
21
1.2023918897637795
0
LINE
8
BLACK
6
CONTINUOUS
10
0.4020309842519685
20
1.2023918897637795
11
0.4018658661417323
21
1.2027905511811023
0
LINE
8
BLACK
6
CONTINUOUS
10
0.4018658661417323
20
1.2027905511811023
11
0.4018658661417323
21
1.2029392519685038
0
LINE
8
BLACK
6
CONTINUOUS
10
0.4018658661417323
20
1.2029392519685038
11
0.4018229133858268
21
1.2030815748031496
0
LINE
8
BLACK
6
CONTINUOUS
10
0.4018229133858268
20
1.2030815748031496
11
0.401823779527559
21
1.203660433070866
0
LINE
8
BLACK
6
CONTINUOUS
10
0.401823779527559
20
1.203660433070866
11
0.4042047244094488
21
1.2274699212598426
0
LINE
8
BLACK
6
CONTINUOUS
10
0.4042047244094488
20
1.2274699212598426
11
0.404246811023622
21
1.2276798818897638
0
LINE
8
BLACK
6
CONTINUOUS
10
0.404246811023622
20
1.2276798818897638
11
0.404246811023622
21
1.2277522047244094
0
LINE
8
BLACK
6
CONTINUOUS
10
0.404246811023622
20
1.2277522047244094
11
0.4042748818897638
21
1.2278200787401574
0
LINE
8
BLACK
6
CONTINUOUS
10
0.4042748818897638
20
1.2278200787401574
11
0.4043185039370079
21
1.2280374803149605
0
LINE
8
BLACK
6
CONTINUOUS
10
0.4043185039370079
20
1.2280374803149605
11
0.4045224803149606
21
1.2284177559055118
0
LINE
8
BLACK
6
CONTINUOUS
10
0.4045224803149606
20
1.2284177559055118
11
0.4046877165354331
21
1.2288166141732284
0
LINE
8
BLACK
6
CONTINUOUS
10
0.4046877165354331
20
1.2288166141732284
11
0.404792874015748
21
1.228921811023622
0
LINE
8
BLACK
6
CONTINUOUS
10
0.404792874015748
20
1.228921811023622
11
0.4048631496062992
21
1.2290527559055118
0
LINE
8
BLACK
6
CONTINUOUS
10
0.4048631496062992
20
1.2290527559055118
11
0.4051970078740157
21
1.2293259448818898
0
LINE
8
BLACK
6
CONTINUOUS
10
0.4051970078740157
20
1.2293259448818898
11
0.4055023622047244
21
1.2296312598425196
0
LINE
8
BLACK
6
CONTINUOUS
10
0.4055023622047244
20
1.2296312598425196
11
0.4056397637795275
21
1.2296882283464567
0
LINE
8
BLACK
6
CONTINUOUS
10
0.4056397637795275
20
1.2296882283464567
11
0.4057548031496063
21
1.2297822834645669
0
LINE
8
BLACK
6
CONTINUOUS
10
0.4057548031496063
20
1.2297822834645669
11
0.4061678346456693
21
1.2299069291338582
0
LINE
8
BLACK
6
CONTINUOUS
10
0.4061678346456693
20
1.2299069291338582
11
0.4065667716535433
21
1.2300721653543307
0
LINE
8
BLACK
6
CONTINUOUS
10
0.4065667716535433
20
1.2300721653543307
11
0.4067874803149606
21
1.2300939370078741
0
LINE
8
BLACK
6
CONTINUOUS
10
0.4067874803149606
20
1.2300939370078741
11
0.4068577952755905
21
1.2301151181102361
0
LINE
8
BLACK
6
CONTINUOUS
10
0.4068577952755905
20
1.2301151181102361
11
0.4069297637795276
21
1.2301079527559056
0
LINE
8
BLACK
6
CONTINUOUS
10
0.4069297637795276
20
1.2301079527559056
11
0.4071428346456693
21
1.2301288976377953
0
LINE
8
BLACK
6
CONTINUOUS
10
0.4071428346456693
20
1.2301288976377953
11
0.4309523622047244
21
1.2301288976377953
0
LINE
8
BLACK
6
CONTINUOUS
10
0.4309523622047244
20
1.2301288976377953
11
0.4315284251968504
21
1.2300721653543307
0
LINE
8
BLACK
6
CONTINUOUS
10
0.4171879133858268
20
1.2864094488188975
11
0.4283195669291339
21
1.2834267322834645
0
LINE
8
BLACK
6
CONTINUOUS
10
0.4283195669291339
20
1.2834267322834645
11
0.4389666535433071
21
1.2790165748031497
0
LINE
8
BLACK
6
CONTINUOUS
10
0.4389666535433071
20
1.2790165748031497
11
0.4489470472440945
21
1.273254409448819
0
LINE
8
BLACK
6
CONTINUOUS
10
0.4489470472440945
20
1.273254409448819
11
0.4580898818897638
21
1.2662388188976377
0
LINE
8
BLACK
6
CONTINUOUS
10
0.4580898818897638
20
1.2662388188976377
11
0.4662388188976378
21
1.2580898818897637
0
LINE
8
BLACK
6
CONTINUOUS
10
0.4662388188976378
20
1.2580898818897637
11
0.4732544094488189
21
1.2489470472440944
0
LINE
8
BLACK
6
CONTINUOUS
10
0.4732544094488189
20
1.2489470472440944
11
0.4790165748031496
21
1.238966653543307
0
LINE
8
BLACK
6
CONTINUOUS
10
0.4790165748031496
20
1.238966653543307
11
0.4834267322834646
21
1.2283195669291338
0
LINE
8
BLACK
6
CONTINUOUS
10
0.4834267322834646
20
1.2283195669291338
11
0.4864094488188976
21
1.2171879133858268
0
LINE
8
BLACK
6
CONTINUOUS
10
0.4864094488188976
20
1.2171879133858268
11
0.4879137007874015
21
1.2057621653543307
0
LINE
8
BLACK
6
CONTINUOUS
10
0.4879137007874015
20
1.2057621653543307
11
0.4879137007874015
21
1.1942378346456692
0
LINE
8
BLACK
6
CONTINUOUS
10
0.4879137007874015
20
1.1942378346456692
11
0.4864094488188976
21
1.1828120866141731
0
LINE
8
BLACK
6
CONTINUOUS
10
0.4864094488188976
20
1.1828120866141731
11
0.4834267322834646
21
1.1716804330708661
0
LINE
8
BLACK
6
CONTINUOUS
10
0.4834267322834646
20
1.1716804330708661
11
0.4790165748031496
21
1.1610333464566929
0
LINE
8
BLACK
6
CONTINUOUS
10
0.4790165748031496
20
1.1610333464566929
11
0.4732544094488189
21
1.1510529527559055
0
LINE
8
BLACK
6
CONTINUOUS
10
0.4732544094488189
20
1.1510529527559055
11
0.4662388188976378
21
1.1419101181102362
0
LINE
8
BLACK
6
CONTINUOUS
10
0.4662388188976378
20
1.1419101181102362
11
0.4580898818897638
21
1.1337611811023622
0
LINE
8
BLACK
6
CONTINUOUS
10
0.4580898818897638
20
1.1337611811023622
11
0.4489470472440945
21
1.1267455905511812
0
LINE
8
BLACK
6
CONTINUOUS
10
0.4489470472440945
20
1.1267455905511812
11
0.4389666535433071
21
1.1209834251968505
0
LINE
8
BLACK
6
CONTINUOUS
10
0.4389666535433071
20
1.1209834251968505
11
0.4283195669291339
21
1.1165732677165354
0
LINE
8
BLACK
6
CONTINUOUS
10
0.4283195669291339
20
1.1165732677165354
11
0.4171879133858268
21
1.1135905511811024
0
LINE
8
BLACK
6
CONTINUOUS
10
0.4171879133858268
20
1.1135905511811024
11
0.4057621653543307
21
1.1120862992125984
0
LINE
8
BLACK
6
CONTINUOUS
10
0.4057621653543307
20
1.1120862992125984
11
0.3942378346456693
21
1.1120862992125984
0
LINE
8
BLACK
6
CONTINUOUS
10
0.3942378346456693
20
1.1120862992125984
11
0.3828120866141732
21
1.1135905511811024
0
LINE
8
BLACK
6
CONTINUOUS
10
0.3828120866141732
20
1.1135905511811024
11
0.3716804330708661
21
1.1165732677165354
0
LINE
8
BLACK
6
CONTINUOUS
10
0.3716804330708661
20
1.1165732677165354
11
0.3610333464566929
21
1.1209834251968505
0
LINE
8
BLACK
6
CONTINUOUS
10
0.3610333464566929
20
1.1209834251968505
11
0.3510529527559055
21
1.1267455905511812
0
LINE
8
BLACK
6
CONTINUOUS
10
0.3510529527559055
20
1.1267455905511812
11
0.3419101181102362
21
1.1337611811023622
0
LINE
8
BLACK
6
CONTINUOUS
10
0.3419101181102362
20
1.1337611811023622
11
0.3337611811023622
21
1.1419101181102362
0
LINE
8
BLACK
6
CONTINUOUS
10
0.3337611811023622
20
1.1419101181102362
11
0.3267455905511811
21
1.1510529527559055
0
LINE
8
BLACK
6
CONTINUOUS
10
0.3267455905511811
20
1.1510529527559055
11
0.3209834251968504
21
1.1610333464566929
0
LINE
8
BLACK
6
CONTINUOUS
10
0.3209834251968504
20
1.1610333464566929
11
0.3165732677165354
21
1.1716804330708661
0
LINE
8
BLACK
6
CONTINUOUS
10
0.3165732677165354
20
1.1716804330708661
11
0.3135905511811024
21
1.1828120866141731
0
LINE
8
BLACK
6
CONTINUOUS
10
0.3135905511811024
20
1.1828120866141731
11
0.3120862992125984
21
1.1942378346456692
0
LINE
8
BLACK
6
CONTINUOUS
10
0.3120862992125984
20
1.1942378346456692
11
0.3120862992125984
21
1.2053874803149607
0
LINE
8
BLACK
6
CONTINUOUS
10
0.3120862992125984
20
1.2053874803149607
11
0.3120862992125984
21
1.2057621653543307
0
LINE
8
BLACK
6
CONTINUOUS
10
0.3120862992125984
20
1.2057621653543307
11
0.3135905511811024
21
1.2171879133858268
0
LINE
8
BLACK
6
CONTINUOUS
10
0.3135905511811024
20
1.2171879133858268
11
0.3165732677165354
21
1.2283195669291338
0
LINE
8
BLACK
6
CONTINUOUS
10
0.3165732677165354
20
1.2283195669291338
11
0.3209834251968504
21
1.238966653543307
0
LINE
8
BLACK
6
CONTINUOUS
10
0.3209834251968504
20
1.238966653543307
11
0.3267455905511811
21
1.2489470472440944
0
LINE
8
BLACK
6
CONTINUOUS
10
0.3267455905511811
20
1.2489470472440944
11
0.3337611811023622
21
1.2580898818897637
0
LINE
8
BLACK
6
CONTINUOUS
10
0.3337611811023622
20
1.2580898818897637
11
0.3419101181102362
21
1.2662388188976377
0
LINE
8
BLACK
6
CONTINUOUS
10
0.3419101181102362
20
1.2662388188976377
11
0.3510529527559055
21
1.273254409448819
0
LINE
8
BLACK
6
CONTINUOUS
10
0.3510529527559055
20
1.273254409448819
11
0.3610333464566929
21
1.2790165748031497
0
LINE
8
BLACK
6
CONTINUOUS
10
0.3610333464566929
20
1.2790165748031497
11
0.3716804330708661
21
1.2834267322834645
0
LINE
8
BLACK
6
CONTINUOUS
10
0.3716804330708661
20
1.2834267322834645
11
0.3828120866141732
21
1.2864094488188975
0
LINE
8
BLACK
6
CONTINUOUS
10
0.3828120866141732
20
1.2864094488188975
11
0.3942378346456693
21
1.2879137007874015
0
LINE
8
BLACK
6
CONTINUOUS
10
0.3942378346456693
20
1.2879137007874015
11
0.4057621653543307
21
1.2879137007874015
0
LINE
8
BLACK
6
CONTINUOUS
10
0.4057621653543307
20
1.2879137007874015
11
0.4171879133858268
21
1.2864094488188975
0
LINE
8
BLACK
6
CONTINUOUS
10
0.3178031889763779
20
1.1946125196850395
11
0.3192096062992126
21
1.1839298031496062
0
LINE
8
BLACK
6
CONTINUOUS
10
0.3192096062992126
20
1.1839298031496062
11
0.3219983464566929
21
1.1735220078740156
0
LINE
8
BLACK
6
CONTINUOUS
10
0.3219983464566929
20
1.1735220078740156
11
0.3261217322834646
21
1.1635672834645669
0
LINE
8
BLACK
6
CONTINUOUS
10
0.3261217322834646
20
1.1635672834645669
11
0.3315092125984252
21
1.154235905511811
0
LINE
8
BLACK
6
CONTINUOUS
10
0.3315092125984252
20
1.154235905511811
11
0.3380685433070866
21
1.1456875984251969
0
LINE
8
BLACK
6
CONTINUOUS
10
0.3380685433070866
20
1.1456875984251969
11
0.3456875984251969
21
1.1380685433070865
0
LINE
8
BLACK
6
CONTINUOUS
10
0.3456875984251969
20
1.1380685433070865
11
0.354235905511811
21
1.1315092125984252
0
LINE
8
BLACK
6
CONTINUOUS
10
0.354235905511811
20
1.1315092125984252
11
0.3635672834645669
21
1.1261217322834645
0
LINE
8
BLACK
6
CONTINUOUS
10
0.3635672834645669
20
1.1261217322834645
11
0.3735220078740157
21
1.1219983464566929
0
LINE
8
BLACK
6
CONTINUOUS
10
0.3735220078740157
20
1.1219983464566929
11
0.3839298031496063
21
1.1192096062992125
0
LINE
8
BLACK
6
CONTINUOUS
10
0.3839298031496063
20
1.1192096062992125
11
0.3946125196850394
21
1.117803188976378
0
LINE
8
BLACK
6
CONTINUOUS
10
0.3946125196850394
20
1.117803188976378
11
0.4053874803149606
21
1.117803188976378
0
LINE
8
BLACK
6
CONTINUOUS
10
0.4053874803149606
20
1.117803188976378
11
0.4160701968503937
21
1.1192096062992125
0
LINE
8
BLACK
6
CONTINUOUS
10
0.4160701968503937
20
1.1192096062992125
11
0.4264779921259843
21
1.1219983464566929
0
LINE
8
BLACK
6
CONTINUOUS
10
0.4264779921259843
20
1.1219983464566929
11
0.4364327165354331
21
1.1261217322834645
0
LINE
8
BLACK
6
CONTINUOUS
10
0.4364327165354331
20
1.1261217322834645
11
0.445764094488189
21
1.1315092125984252
0
LINE
8
BLACK
6
CONTINUOUS
10
0.445764094488189
20
1.1315092125984252
11
0.4543124015748031
21
1.1380685433070865
0
LINE
8
BLACK
6
CONTINUOUS
10
0.4543124015748031
20
1.1380685433070865
11
0.4619314566929134
21
1.1456875984251969
0
LINE
8
BLACK
6
CONTINUOUS
10
0.4619314566929134
20
1.1456875984251969
11
0.4684907874015748
21
1.154235905511811
0
LINE
8
BLACK
6
CONTINUOUS
10
0.4684907874015748
20
1.154235905511811
11
0.4738782677165354
21
1.1635672834645669
0
LINE
8
BLACK
6
CONTINUOUS
10
0.4738782677165354
20
1.1635672834645669
11
0.4780016535433071
21
1.1735220078740156
0
LINE
8
BLACK
6
CONTINUOUS
10
0.4780016535433071
20
1.1735220078740156
11
0.4807903937007874
21
1.1839298031496062
0
LINE
8
BLACK
6
CONTINUOUS
10
0.4807903937007874
20
1.1839298031496062
11
0.4821968110236221
21
1.1946125196850395
0
LINE
8
BLACK
6
CONTINUOUS
10
0.4821968110236221
20
1.1946125196850395
11
0.4821968110236221
21
1.2053874803149607
0
LINE
8
BLACK
6
CONTINUOUS
10
0.4821968110236221
20
1.2053874803149607
11
0.4807903937007874
21
1.2160701968503937
0
LINE
8
BLACK
6
CONTINUOUS
10
0.4807903937007874
20
1.2160701968503937
11
0.4780016535433071
21
1.2264779921259843
0
LINE
8
BLACK
6
CONTINUOUS
10
0.4780016535433071
20
1.2264779921259843
11
0.4738782677165354
21
1.236432716535433
0
LINE
8
BLACK
6
CONTINUOUS
10
0.4738782677165354
20
1.236432716535433
11
0.4684907874015748
21
1.2457640944881889
0
LINE
8
BLACK
6
CONTINUOUS
10
0.4684907874015748
20
1.2457640944881889
11
0.4619314566929134
21
1.2543124015748031
0
LINE
8
BLACK
6
CONTINUOUS
10
0.4619314566929134
20
1.2543124015748031
11
0.4543124015748031
21
1.2619314566929134
0
LINE
8
BLACK
6
CONTINUOUS
10
0.4543124015748031
20
1.2619314566929134
11
0.445764094488189
21
1.2684907874015747
0
LINE
8
BLACK
6
CONTINUOUS
10
0.445764094488189
20
1.2684907874015747
11
0.4364327165354331
21
1.2738782677165355
0
LINE
8
BLACK
6
CONTINUOUS
10
0.4364327165354331
20
1.2738782677165355
11
0.4264779921259843
21
1.278001653543307
0
LINE
8
BLACK
6
CONTINUOUS
10
0.4264779921259843
20
1.278001653543307
11
0.4160701968503937
21
1.2807903937007874
0
LINE
8
BLACK
6
CONTINUOUS
10
0.4160701968503937
20
1.2807903937007874
11
0.4053874803149606
21
1.2821968110236219
0
LINE
8
BLACK
6
CONTINUOUS
10
0.4053874803149606
20
1.2821968110236219
11
0.3946125196850394
21
1.2821968110236219
0
LINE
8
BLACK
6
CONTINUOUS
10
0.3946125196850394
20
1.2821968110236219
11
0.3839298031496063
21
1.2807903937007874
0
LINE
8
BLACK
6
CONTINUOUS
10
0.3839298031496063
20
1.2807903937007874
11
0.3735220078740157
21
1.278001653543307
0
LINE
8
BLACK
6
CONTINUOUS
10
0.3735220078740157
20
1.278001653543307
11
0.3635672834645669
21
1.2738782677165355
0
LINE
8
BLACK
6
CONTINUOUS
10
0.3635672834645669
20
1.2738782677165355
11
0.354235905511811
21
1.2684907874015747
0
LINE
8
BLACK
6
CONTINUOUS
10
0.354235905511811
20
1.2684907874015747
11
0.3456875984251969
21
1.2619314566929134
0
LINE
8
BLACK
6
CONTINUOUS
10
0.3456875984251969
20
1.2619314566929134
11
0.3380685433070866
21
1.2543124015748031
0
LINE
8
BLACK
6
CONTINUOUS
10
0.3380685433070866
20
1.2543124015748031
11
0.3315092125984252
21
1.2457640944881889
0
LINE
8
BLACK
6
CONTINUOUS
10
0.3315092125984252
20
1.2457640944881889
11
0.3261217322834646
21
1.236432716535433
0
LINE
8
BLACK
6
CONTINUOUS
10
0.3261217322834646
20
1.236432716535433
11
0.3219983464566929
21
1.2264779921259843
0
LINE
8
BLACK
6
CONTINUOUS
10
0.3219983464566929
20
1.2264779921259843
11
0.3192096062992126
21
1.2160701968503937
0
LINE
8
BLACK
6
CONTINUOUS
10
0.3192096062992126
20
1.2160701968503937
11
0.3178031889763779
21
1.2053874803149607
0
LINE
8
BLACK
6
CONTINUOUS
10
0.3178031889763779
20
1.2053874803149607
11
0.3178031889763779
21
1.1946125196850395
0
LINE
8
BLACK
6
CONTINUOUS
10
0.5383713385826772
20
1.3406912992125983
11
0.5394357480314961
21
1.3402503937007875
0
LINE
8
BLACK
6
CONTINUOUS
10
0.5394357480314961
20
1.3402503937007875
11
0.5402503937007874
21
1.339435748031496
0
LINE
8
BLACK
6
CONTINUOUS
10
0.5402503937007874
20
1.339435748031496
11
0.5406912992125984
21
1.3383713385826772
0
LINE
8
BLACK
6
CONTINUOUS
10
0.5406912992125984
20
1.3383713385826772
11
0.540748031496063
21
1.3377952755905511
0
LINE
8
BLACK
6
CONTINUOUS
10
0.540748031496063
20
1.3377952755905511
11
0.540748031496063
21
1.0622047244094488
0
LINE
8
BLACK
6
CONTINUOUS
10
0.540748031496063
20
1.0622047244094488
11
0.5406912992125984
21
1.0616286614173227
0
LINE
8
BLACK
6
CONTINUOUS
10
0.5406912992125984
20
1.0616286614173227
11
0.5402503937007874
21
1.0605642519685039
0
LINE
8
BLACK
6
CONTINUOUS
10
0.5402503937007874
20
1.0605642519685039
11
0.5394357480314961
21
1.0597496062992127
0
LINE
8
BLACK
6
CONTINUOUS
10
0.5394357480314961
20
1.0597496062992127
11
0.5383713385826772
21
1.0593087007874016
0
LINE
8
BLACK
6
CONTINUOUS
10
0.5383713385826772
20
1.0593087007874016
11
0.5377952755905512
21
1.059251968503937
0
LINE
8
BLACK
6
CONTINUOUS
10
0.5377952755905512
20
1.059251968503937
11
0.2622047244094488
21
1.059251968503937
0
LINE
8
BLACK
6
CONTINUOUS
10
0.2622047244094488
20
1.059251968503937
11
0.2616286614173228
21
1.0593087007874016
0
LINE
8
BLACK
6
CONTINUOUS
10
0.2616286614173228
20
1.0593087007874016
11
0.2605642519685039
21
1.0597496062992127
0
LINE
8
BLACK
6
CONTINUOUS
10
0.2605642519685039
20
1.0597496062992127
11
0.2597496062992126
21
1.0605642519685039
0
LINE
8
BLACK
6
CONTINUOUS
10
0.2597496062992126
20
1.0605642519685039
11
0.2593087007874016
21
1.0616286614173227
0
LINE
8
BLACK
6
CONTINUOUS
10
0.2593087007874016
20
1.0616286614173227
11
0.259251968503937
21
1.0622047244094488
0
LINE
8
BLACK
6
CONTINUOUS
10
0.259251968503937
20
1.0622047244094488
11
0.259251968503937
21
1.3377952755905511
0
LINE
8
BLACK
6
CONTINUOUS
10
0.259251968503937
20
1.3377952755905511
11
0.2593087007874016
21
1.3383713385826772
0
LINE
8
BLACK
6
CONTINUOUS
10
0.2593087007874016
20
1.3383713385826772
11
0.2597496062992126
21
1.339435748031496
0
LINE
8
BLACK
6
CONTINUOUS
10
0.2597496062992126
20
1.339435748031496
11
0.2605642519685039
21
1.3402503937007875
0
LINE
8
BLACK
6
CONTINUOUS
10
0.2605642519685039
20
1.3402503937007875
11
0.2616286614173228
21
1.3406912992125983
0
LINE
8
BLACK
6
CONTINUOUS
10
0.2616286614173228
20
1.3406912992125983
11
0.2622047244094488
21
1.3407480314960629
0
LINE
8
BLACK
6
CONTINUOUS
10
0.2622047244094488
20
1.3407480314960629
11
0.5377952755905512
21
1.3407480314960629
0
LINE
8
BLACK
6
CONTINUOUS
10
0.5377952755905512
20
1.3407480314960629
11
0.5383713385826772
21
1.3406912992125983
0
LINE
8
BLACK
6
CONTINUOUS
10
0.2651574803149606
20
1.1171259842519685
11
0.2651574803149606
21
1.0651574803149606
0
LINE
8
BLACK
6
CONTINUOUS
10
0.2651574803149606
20
1.0651574803149606
11
0.3171259842519685
21
1.0651574803149606
0
LINE
8
BLACK
6
CONTINUOUS
10
0.3171259842519685
20
1.0651574803149606
11
0.3171259842519685
21
1.0769685039370078
0
LINE
8
BLACK
6
CONTINUOUS
10
0.3171259842519685
20
1.0769685039370078
11
0.2799212598425197
21
1.0769685039370078
0
LINE
8
BLACK
6
CONTINUOUS
10
0.2799212598425197
20
1.0769685039370078
11
0.2793451968503937
21
1.0770252362204724
0
LINE
8
BLACK
6
CONTINUOUS
10
0.2793451968503937
20
1.0770252362204724
11
0.2782807874015748
21
1.0774661417322835
0
LINE
8
BLACK
6
CONTINUOUS
10
0.2782807874015748
20
1.0774661417322835
11
0.2774661417322835
21
1.0782807874015747
0
LINE
8
BLACK
6
CONTINUOUS
10
0.2774661417322835
20
1.0782807874015747
11
0.2770252362204724
21
1.0793451968503938
0
LINE
8
BLACK
6
CONTINUOUS
10
0.2770252362204724
20
1.0793451968503938
11
0.2769685039370079
21
1.0799212598425196
0
LINE
8
BLACK
6
CONTINUOUS
10
0.2769685039370079
20
1.0799212598425196
11
0.2769685039370079
21
1.1171259842519685
0
LINE
8
BLACK
6
CONTINUOUS
10
0.2769685039370079
20
1.1171259842519685
11
0.2651574803149606
21
1.1171259842519685
0
LINE
8
BLACK
6
CONTINUOUS
10
0.3230314960629921
20
1.3348425196850393
11
0.3230314960629921
21
1.2799212598425196
0
LINE
8
BLACK
6
CONTINUOUS
10
0.3230314960629921
20
1.2799212598425196
11
0.3229747637795276
21
1.2793451968503937
0
LINE
8
BLACK
6
CONTINUOUS
10
0.3229747637795276
20
1.2793451968503937
11
0.3225338582677165
21
1.2782807874015747
0
LINE
8
BLACK
6
CONTINUOUS
10
0.3225338582677165
20
1.2782807874015747
11
0.3217192125984252
21
1.2774661417322835
0
LINE
8
BLACK
6
CONTINUOUS
10
0.3217192125984252
20
1.2774661417322835
11
0.3206548031496063
21
1.2770252362204724
0
LINE
8
BLACK
6
CONTINUOUS
10
0.3206548031496063
20
1.2770252362204724
11
0.3200787401574803
21
1.2769685039370078
0
LINE
8
BLACK
6
CONTINUOUS
10
0.3200787401574803
20
1.2769685039370078
11
0.2651574803149606
21
1.2769685039370078
0
LINE
8
BLACK
6
CONTINUOUS
10
0.2651574803149606
20
1.2769685039370078
11
0.2651574803149606
21
1.1230314960629921
0
LINE
8
BLACK
6
CONTINUOUS
10
0.2651574803149606
20
1.1230314960629921
11
0.3200787401574803
21
1.1230314960629921
0
LINE
8
BLACK
6
CONTINUOUS
10
0.3200787401574803
20
1.1230314960629921
11
0.3206548031496063
21
1.1229747637795275
0
LINE
8
BLACK
6
CONTINUOUS
10
0.3206548031496063
20
1.1229747637795275
11
0.3217192125984252
21
1.1225338582677165
0
LINE
8
BLACK
6
CONTINUOUS
10
0.3217192125984252
20
1.1225338582677165
11
0.3225338582677165
21
1.1217192125984252
0
LINE
8
BLACK
6
CONTINUOUS
10
0.3225338582677165
20
1.1217192125984252
11
0.3229747637795276
21
1.1206548031496062
0
LINE
8
BLACK
6
CONTINUOUS
10
0.3229747637795276
20
1.1206548031496062
11
0.3230314960629921
21
1.1200787401574803
0
LINE
8
BLACK
6
CONTINUOUS
10
0.3230314960629921
20
1.1200787401574803
11
0.3230314960629921
21
1.0651574803149606
0
LINE
8
BLACK
6
CONTINUOUS
10
0.3230314960629921
20
1.0651574803149606
11
0.4769685039370078
21
1.0651574803149606
0
LINE
8
BLACK
6
CONTINUOUS
10
0.4769685039370078
20
1.0651574803149606
11
0.4769685039370078
21
1.1200787401574803
0
LINE
8
BLACK
6
CONTINUOUS
10
0.4769685039370078
20
1.1200787401574803
11
0.4770252362204724
21
1.1206548031496062
0
LINE
8
BLACK
6
CONTINUOUS
10
0.4770252362204724
20
1.1206548031496062
11
0.4774661417322835
21
1.1217192125984252
0
LINE
8
BLACK
6
CONTINUOUS
10
0.4774661417322835
20
1.1217192125984252
11
0.4782807874015748
21
1.1225338582677165
0
LINE
8
BLACK
6
CONTINUOUS
10
0.4782807874015748
20
1.1225338582677165
11
0.4793451968503937
21
1.1229747637795275
0
LINE
8
BLACK
6
CONTINUOUS
10
0.4793451968503937
20
1.1229747637795275
11
0.4799212598425197
21
1.1230314960629921
0
LINE
8
BLACK
6
CONTINUOUS
10
0.4799212598425197
20
1.1230314960629921
11
0.5348425196850394
21
1.1230314960629921
0
LINE
8
BLACK
6
CONTINUOUS
10
0.5348425196850394
20
1.1230314960629921
11
0.5348425196850394
21
1.2769685039370078
0
LINE
8
BLACK
6
CONTINUOUS
10
0.5348425196850394
20
1.2769685039370078
11
0.4799212598425197
21
1.2769685039370078
0
LINE
8
BLACK
6
CONTINUOUS
10
0.4799212598425197
20
1.2769685039370078
11
0.4793451968503937
21
1.2770252362204724
0
LINE
8
BLACK
6
CONTINUOUS
10
0.4793451968503937
20
1.2770252362204724
11
0.4782807874015748
21
1.2774661417322835
0
LINE
8
BLACK
6
CONTINUOUS
10
0.4782807874015748
20
1.2774661417322835
11
0.4774661417322835
21
1.2782807874015747
0
LINE
8
BLACK
6
CONTINUOUS
10
0.4774661417322835
20
1.2782807874015747
11
0.4770252362204724
21
1.2793451968503937
0
LINE
8
BLACK
6
CONTINUOUS
10
0.4770252362204724
20
1.2793451968503937
11
0.4769685039370078
21
1.2799212598425196
0
LINE
8
BLACK
6
CONTINUOUS
10
0.4769685039370078
20
1.2799212598425196
11
0.4769685039370078
21
1.3348425196850393
0
LINE
8
BLACK
6
CONTINUOUS
10
0.4769685039370078
20
1.3348425196850393
11
0.3230314960629921
21
1.3348425196850393
0
LINE
8
BLACK
6
CONTINUOUS
10
0.5230314960629922
20
1.1171259842519685
11
0.5230314960629922
21
1.0799212598425196
0
LINE
8
BLACK
6
CONTINUOUS
10
0.5230314960629922
20
1.0799212598425196
11
0.5229747637795276
21
1.0793451968503938
0
LINE
8
BLACK
6
CONTINUOUS
10
0.5229747637795276
20
1.0793451968503938
11
0.5225338582677165
21
1.0782807874015747
0
LINE
8
BLACK
6
CONTINUOUS
10
0.5225338582677165
20
1.0782807874015747
11
0.5217192125984251
21
1.0774661417322835
0
LINE
8
BLACK
6
CONTINUOUS
10
0.5217192125984251
20
1.0774661417322835
11
0.5206548031496063
21
1.0770252362204724
0
LINE
8
BLACK
6
CONTINUOUS
10
0.5206548031496063
20
1.0770252362204724
11
0.5200787401574803
21
1.0769685039370078
0
LINE
8
BLACK
6
CONTINUOUS
10
0.5200787401574803
20
1.0769685039370078
11
0.4828740157480315
21
1.0769685039370078
0
LINE
8
BLACK
6
CONTINUOUS
10
0.4828740157480315
20
1.0769685039370078
11
0.4828740157480315
21
1.0651574803149606
0
LINE
8
BLACK
6
CONTINUOUS
10
0.4828740157480315
20
1.0651574803149606
11
0.5348425196850394
21
1.0651574803149606
0
LINE
8
BLACK
6
CONTINUOUS
10
0.5348425196850394
20
1.0651574803149606
11
0.5348425196850394
21
1.1171259842519685
0
LINE
8
BLACK
6
CONTINUOUS
10
0.5348425196850394
20
1.1171259842519685
11
0.5230314960629922
21
1.1171259842519685
0
LINE
8
BLACK
6
CONTINUOUS
10
0.4828740157480315
20
1.1171259842519685
11
0.4828740157480315
21
1.0828740157480314
0
LINE
8
BLACK
6
CONTINUOUS
10
0.4828740157480315
20
1.0828740157480314
11
0.5171259842519685
21
1.0828740157480314
0
LINE
8
BLACK
6
CONTINUOUS
10
0.5171259842519685
20
1.0828740157480314
11
0.5171259842519685
21
1.1171259842519685
0
LINE
8
BLACK
6
CONTINUOUS
10
0.5171259842519685
20
1.1171259842519685
11
0.4828740157480315
21
1.1171259842519685
0
LINE
8
BLACK
6
CONTINUOUS
10
0.2828740157480315
20
1.1171259842519685
11
0.2828740157480315
21
1.0828740157480314
0
LINE
8
BLACK
6
CONTINUOUS
10
0.2828740157480315
20
1.0828740157480314
11
0.3171259842519685
21
1.0828740157480314
0
LINE
8
BLACK
6
CONTINUOUS
10
0.3171259842519685
20
1.0828740157480314
11
0.3171259842519685
21
1.1171259842519685
0
LINE
8
BLACK
6
CONTINUOUS
10
0.3171259842519685
20
1.1171259842519685
11
0.2828740157480315
21
1.1171259842519685
0
LINE
8
BLACK
6
CONTINUOUS
10
0.4828740157480315
20
1.3171259842519685
11
0.4828740157480315
21
1.2828740157480314
0
LINE
8
BLACK
6
CONTINUOUS
10
0.4828740157480315
20
1.2828740157480314
11
0.5171259842519685
21
1.2828740157480314
0
LINE
8
BLACK
6
CONTINUOUS
10
0.5171259842519685
20
1.2828740157480314
11
0.5171259842519685
21
1.3171259842519685
0
LINE
8
BLACK
6
CONTINUOUS
10
0.5171259842519685
20
1.3171259842519685
11
0.4828740157480315
21
1.3171259842519685
0
LINE
8
BLACK
6
CONTINUOUS
10
0.4828740157480315
20
1.3348425196850393
11
0.4828740157480315
21
1.3230314960629921
0
LINE
8
BLACK
6
CONTINUOUS
10
0.4828740157480315
20
1.3230314960629921
11
0.5200787401574803
21
1.3230314960629921
0
LINE
8
BLACK
6
CONTINUOUS
10
0.5200787401574803
20
1.3230314960629921
11
0.5206548031496063
21
1.3229747637795275
0
LINE
8
BLACK
6
CONTINUOUS
10
0.5206548031496063
20
1.3229747637795275
11
0.5217192125984251
21
1.3225338582677164
0
LINE
8
BLACK
6
CONTINUOUS
10
0.5217192125984251
20
1.3225338582677164
11
0.5225338582677165
21
1.3217192125984252
0
LINE
8
BLACK
6
CONTINUOUS
10
0.5225338582677165
20
1.3217192125984252
11
0.5229747637795276
21
1.3206548031496064
0
LINE
8
BLACK
6
CONTINUOUS
10
0.5229747637795276
20
1.3206548031496064
11
0.5230314960629922
21
1.3200787401574803
0
LINE
8
BLACK
6
CONTINUOUS
10
0.5230314960629922
20
1.3200787401574803
11
0.5230314960629922
21
1.2828740157480314
0
LINE
8
BLACK
6
CONTINUOUS
10
0.5230314960629922
20
1.2828740157480314
11
0.5348425196850394
21
1.2828740157480314
0
LINE
8
BLACK
6
CONTINUOUS
10
0.5348425196850394
20
1.2828740157480314
11
0.5348425196850394
21
1.3348425196850393
0
LINE
8
BLACK
6
CONTINUOUS
10
0.5348425196850394
20
1.3348425196850393
11
0.4828740157480315
21
1.3348425196850393
0
LINE
8
BLACK
6
CONTINUOUS
10
0.2651574803149606
20
1.3348425196850393
11
0.2651574803149606
21
1.2828740157480314
0
LINE
8
BLACK
6
CONTINUOUS
10
0.2651574803149606
20
1.2828740157480314
11
0.2769685039370079
21
1.2828740157480314
0
LINE
8
BLACK
6
CONTINUOUS
10
0.2769685039370079
20
1.2828740157480314
11
0.2769685039370079
21
1.3200787401574803
0
LINE
8
BLACK
6
CONTINUOUS
10
0.2769685039370079
20
1.3200787401574803
11
0.2770252362204724
21
1.3206548031496064
0
LINE
8
BLACK
6
CONTINUOUS
10
0.2770252362204724
20
1.3206548031496064
11
0.2774661417322835
21
1.3217192125984252
0
LINE
8
BLACK
6
CONTINUOUS
10
0.2774661417322835
20
1.3217192125984252
11
0.2782807874015748
21
1.3225338582677164
0
LINE
8
BLACK
6
CONTINUOUS
10
0.2782807874015748
20
1.3225338582677164
11
0.2793451968503937
21
1.3229747637795275
0
LINE
8
BLACK
6
CONTINUOUS
10
0.2793451968503937
20
1.3229747637795275
11
0.2799212598425197
21
1.3230314960629921
0
LINE
8
BLACK
6
CONTINUOUS
10
0.2799212598425197
20
1.3230314960629921
11
0.3171259842519685
21
1.3230314960629921
0
LINE
8
BLACK
6
CONTINUOUS
10
0.3171259842519685
20
1.3230314960629921
11
0.3171259842519685
21
1.3348425196850393
0
LINE
8
BLACK
6
CONTINUOUS
10
0.3171259842519685
20
1.3348425196850393
11
0.2651574803149606
21
1.3348425196850393
0
LINE
8
BLACK
6
CONTINUOUS
10
0.2828740157480315
20
1.3171259842519685
11
0.2828740157480315
21
1.2828740157480314
0
LINE
8
BLACK
6
CONTINUOUS
10
0.2828740157480315
20
1.2828740157480314
11
0.3171259842519685
21
1.2828740157480314
0
LINE
8
BLACK
6
CONTINUOUS
10
0.3171259842519685
20
1.2828740157480314
11
0.3171259842519685
21
1.3171259842519685
0
LINE
8
BLACK
6
CONTINUOUS
10
0.3171259842519685
20
1.3171259842519685
11
0.2828740157480315
21
1.3171259842519685
0
LINE
8
BLACK
6
CONTINUOUS
10
0.0201122047244094
20
1.3183720472440945
11
0.0332392125984252
21
1.315375905511811
0
LINE
8
BLACK
6
CONTINUOUS
10
0.0332392125984252
20
1.315375905511811
11
0.0459482283464567
21
1.3109288188976378
0
LINE
8
BLACK
6
CONTINUOUS
10
0.0459482283464567
20
1.3109288188976378
11
0.0580794094488189
21
1.3050867716535433
0
LINE
8
BLACK
6
CONTINUOUS
10
0.0580794094488189
20
1.3050867716535433
11
0.0694801968503937
21
1.2979231889763778
0
LINE
8
BLACK
6
CONTINUOUS
10
0.0694801968503937
20
1.2979231889763778
11
0.0800072440944882
21
1.2895281496062991
0
LINE
8
BLACK
6
CONTINUOUS
10
0.0800072440944882
20
1.2895281496062991
11
0.0895281496062992
21
1.2800072440944881
0
LINE
8
BLACK
6
CONTINUOUS
10
0.0895281496062992
20
1.2800072440944881
11
0.0979231889763779
21
1.2694801968503937
0
LINE
8
BLACK
6
CONTINUOUS
10
0.0979231889763779
20
1.2694801968503937
11
0.1050867716535433
21
1.2580794094488188
0
LINE
8
BLACK
6
CONTINUOUS
10
0.1050867716535433
20
1.2580794094488188
11
0.1109288188976378
21
1.2459482283464567
0
LINE
8
BLACK
6
CONTINUOUS
10
0.1109288188976378
20
1.2459482283464567
11
0.115375905511811
21
1.2332392125984251
0
LINE
8
BLACK
6
CONTINUOUS
10
0.115375905511811
20
1.2332392125984251
11
0.1183720472440945
21
1.2201122047244095
0
LINE
8
BLACK
6
CONTINUOUS
10
0.1183720472440945
20
1.2201122047244095
11
0.1198796062992126
21
1.2067322834645668
0
LINE
8
BLACK
6
CONTINUOUS
10
0.1198796062992126
20
1.2067322834645668
11
0.1198796062992126
21
1.1932677165354331
0
LINE
8
BLACK
6
CONTINUOUS
10
0.1198796062992126
20
1.1932677165354331
11
0.1183720472440945
21
1.1798877952755906
0
LINE
8
BLACK
6
CONTINUOUS
10
0.1183720472440945
20
1.1798877952755906
11
0.115375905511811
21
1.1667607874015749
0
LINE
8
BLACK
6
CONTINUOUS
10
0.115375905511811
20
1.1667607874015749
11
0.1109288188976378
21
1.1540517716535432
0
LINE
8
BLACK
6
CONTINUOUS
10
0.1109288188976378
20
1.1540517716535432
11
0.1050867716535433
21
1.1419205905511811
0
LINE
8
BLACK
6
CONTINUOUS
10
0.1050867716535433
20
1.1419205905511811
11
0.0979231889763779
21
1.1305198031496062
0
LINE
8
BLACK
6
CONTINUOUS
10
0.0979231889763779
20
1.1305198031496062
11
0.0895281496062992
21
1.1199927559055118
0
LINE
8
BLACK
6
CONTINUOUS
10
0.0895281496062992
20
1.1199927559055118
11
0.0800072440944882
21
1.1104718503937008
0
LINE
8
BLACK
6
CONTINUOUS
10
0.0800072440944882
20
1.1104718503937008
11
0.0694801968503937
21
1.1020768110236221
0
LINE
8
BLACK
6
CONTINUOUS
10
0.0694801968503937
20
1.1020768110236221
11
0.0580794094488189
21
1.0949132283464567
0
LINE
8
BLACK
6
CONTINUOUS
10
0.0580794094488189
20
1.0949132283464567
11
0.0459482283464567
21
1.0890711811023621
0
LINE
8
BLACK
6
CONTINUOUS
10
0.0459482283464567
20
1.0890711811023621
11
0.0332392125984252
21
1.0846240944881889
0
LINE
8
BLACK
6
CONTINUOUS
10
0.0332392125984252
20
1.0846240944881889
11
0.0201122047244094
21
1.0816279527559054
0
LINE
8
BLACK
6
CONTINUOUS
10
0.0201122047244094
20
1.0816279527559054
11
0.0067322834645669
21
1.0801203937007873
0
LINE
8
BLACK
6
CONTINUOUS
10
0.0067322834645669
20
1.0801203937007873
11
-0.0067322834645669
21
1.0801203937007873
0
LINE
8
BLACK
6
CONTINUOUS
10
-0.0067322834645669
20
1.0801203937007873
11
-0.0201122047244094
21
1.0816279527559054
0
LINE
8
BLACK
6
CONTINUOUS
10
-0.0201122047244094
20
1.0816279527559054
11
-0.0332392125984252
21
1.0846240944881889
0
LINE
8
BLACK
6
CONTINUOUS
10
-0.0332392125984252
20
1.0846240944881889
11
-0.0459482283464567
21
1.0890711811023621
0
LINE
8
BLACK
6
CONTINUOUS
10
-0.0459482283464567
20
1.0890711811023621
11
-0.0580794094488189
21
1.0949132283464567
0
LINE
8
BLACK
6
CONTINUOUS
10
-0.0580794094488189
20
1.0949132283464567
11
-0.0694801968503937
21
1.1020768110236221
0
LINE
8
BLACK
6
CONTINUOUS
10
-0.0694801968503937
20
1.1020768110236221
11
-0.0800072440944882
21
1.1104718503937008
0
LINE
8
BLACK
6
CONTINUOUS
10
-0.0800072440944882
20
1.1104718503937008
11
-0.0895281496062992
21
1.1199927559055118
0
LINE
8
BLACK
6
CONTINUOUS
10
-0.0895281496062992
20
1.1199927559055118
11
-0.0979231889763779
21
1.1305198031496062
0
LINE
8
BLACK
6
CONTINUOUS
10
-0.0979231889763779
20
1.1305198031496062
11
-0.1050867716535433
21
1.1419205905511811
0
LINE
8
BLACK
6
CONTINUOUS
10
-0.1050867716535433
20
1.1419205905511811
11
-0.1109288188976378
21
1.1540517716535432
0
LINE
8
BLACK
6
CONTINUOUS
10
-0.1109288188976378
20
1.1540517716535432
11
-0.115375905511811
21
1.1667607874015749
0
LINE
8
BLACK
6
CONTINUOUS
10
-0.115375905511811
20
1.1667607874015749
11
-0.1183720472440945
21
1.1798877952755906
0
LINE
8
BLACK
6
CONTINUOUS
10
-0.1183720472440945
20
1.1798877952755906
11
-0.1198796062992126
21
1.1932677165354331
0
LINE
8
BLACK
6
CONTINUOUS
10
-0.1198796062992126
20
1.1932677165354331
11
-0.1198796062992126
21
1.206521811023622
0
LINE
8
BLACK
6
CONTINUOUS
10
-0.1198796062992126
20
1.206521811023622
11
-0.1198796062992126
21
1.2067322834645668
0
LINE
8
BLACK
6
CONTINUOUS
10
-0.1198796062992126
20
1.2067322834645668
11
-0.1183720472440945
21
1.2201122047244095
0
LINE
8
BLACK
6
CONTINUOUS
10
-0.1183720472440945
20
1.2201122047244095
11
-0.115375905511811
21
1.2332392125984251
0
LINE
8
BLACK
6
CONTINUOUS
10
-0.115375905511811
20
1.2332392125984251
11
-0.1109288188976378
21
1.2459482283464567
0
LINE
8
BLACK
6
CONTINUOUS
10
-0.1109288188976378
20
1.2459482283464567
11
-0.1050867716535433
21
1.2580794094488188
0
LINE
8
BLACK
6
CONTINUOUS
10
-0.1050867716535433
20
1.2580794094488188
11
-0.0979231889763779
21
1.2694801968503937
0
LINE
8
BLACK
6
CONTINUOUS
10
-0.0979231889763779
20
1.2694801968503937
11
-0.0895281496062992
21
1.2800072440944881
0
LINE
8
BLACK
6
CONTINUOUS
10
-0.0895281496062992
20
1.2800072440944881
11
-0.0800072440944882
21
1.2895281496062991
0
LINE
8
BLACK
6
CONTINUOUS
10
-0.0800072440944882
20
1.2895281496062991
11
-0.0694801968503937
21
1.2979231889763778
0
LINE
8
BLACK
6
CONTINUOUS
10
-0.0694801968503937
20
1.2979231889763778
11
-0.0580794094488189
21
1.3050867716535433
0
LINE
8
BLACK
6
CONTINUOUS
10
-0.0580794094488189
20
1.3050867716535433
11
-0.0459482283464567
21
1.3109288188976378
0
LINE
8
BLACK
6
CONTINUOUS
10
-0.0459482283464567
20
1.3109288188976378
11
-0.0332392125984252
21
1.315375905511811
0
LINE
8
BLACK
6
CONTINUOUS
10
-0.0332392125984252
20
1.315375905511811
11
-0.0201122047244094
21
1.3183720472440945
0
LINE
8
BLACK
6
CONTINUOUS
10
-0.0201122047244094
20
1.3183720472440945
11
-0.0067322834645669
21
1.3198796062992126
0
LINE
8
BLACK
6
CONTINUOUS
10
-0.0067322834645669
20
1.3198796062992126
11
0.0067322834645669
21
1.3198796062992126
0
LINE
8
BLACK
6
CONTINUOUS
10
0.0067322834645669
20
1.3198796062992126
11
0.0201122047244094
21
1.3183720472440945
0
LINE
8
BLACK
6
CONTINUOUS
10
-0.1161314960629921
20
1.1934781889763779
11
-0.1146711023622047
21
1.1805166141732284
0
LINE
8
BLACK
6
CONTINUOUS
10
-0.1146711023622047
20
1.1805166141732284
11
-0.1117686220472441
21
1.1677999999999999
0
LINE
8
BLACK
6
CONTINUOUS
10
-0.1117686220472441
20
1.1677999999999999
11
-0.1074605905511811
21
1.1554883858267717
0
LINE
8
BLACK
6
CONTINUOUS
10
-0.1074605905511811
20
1.1554883858267717
11
-0.1018011811023622
21
1.1437364960629921
0
LINE
8
BLACK
6
CONTINUOUS
10
-0.1018011811023622
20
1.1437364960629921
11
-0.0948615354330709
21
1.132692125984252
0
LINE
8
BLACK
6
CONTINUOUS
10
-0.0948615354330709
20
1.132692125984252
11
-0.0867289763779528
21
1.1224942519685039
0
LINE
8
BLACK
6
CONTINUOUS
10
-0.0867289763779528
20
1.1224942519685039
11
-0.0775057480314961
21
1.1132710236220473
0
LINE
8
BLACK
6
CONTINUOUS
10
-0.0775057480314961
20
1.1132710236220473
11
-0.067307874015748
21
1.1051384645669291
0
LINE
8
BLACK
6
CONTINUOUS
10
-0.067307874015748
20
1.1051384645669291
11
-0.0562635039370079
21
1.0981988188976377
0
LINE
8
BLACK
6
CONTINUOUS
10
-0.0562635039370079
20
1.0981988188976377
11
-0.0445116141732283
21
1.0925394094488188
0
LINE
8
BLACK
6
CONTINUOUS
10
-0.0445116141732283
20
1.0925394094488188
11
-0.0322
21
1.0882313779527559
0
LINE
8
BLACK
6
CONTINUOUS
10
-0.0322
20
1.0882313779527559
11
-0.0194833858267717
21
1.0853288976377953
0
LINE
8
BLACK
6
CONTINUOUS
10
-0.0194833858267717
20
1.0853288976377953
11
-0.006521811023622
21
1.083868503937008
0
LINE
8
BLACK
6
CONTINUOUS
10
-0.006521811023622
20
1.083868503937008
11
0.006521811023622
21
1.083868503937008
0
LINE
8
BLACK
6
CONTINUOUS
10
0.006521811023622
20
1.083868503937008
11
0.0194833858267717
21
1.0853288976377953
0
LINE
8
BLACK
6
CONTINUOUS
10
0.0194833858267717
20
1.0853288976377953
11
0.0322
21
1.0882313779527559
0
LINE
8
BLACK
6
CONTINUOUS
10
0.0322
20
1.0882313779527559
11
0.0445116141732283
21
1.0925394094488188
0
LINE
8
BLACK
6
CONTINUOUS
10
0.0445116141732283
20
1.0925394094488188
11
0.0562635039370079
21
1.0981988188976377
0
LINE
8
BLACK
6
CONTINUOUS
10
0.0562635039370079
20
1.0981988188976377
11
0.067307874015748
21
1.1051384645669291
0
LINE
8
BLACK
6
CONTINUOUS
10
0.067307874015748
20
1.1051384645669291
11
0.0775057480314961
21
1.1132710236220473
0
LINE
8
BLACK
6
CONTINUOUS
10
0.0775057480314961
20
1.1132710236220473
11
0.0867289763779528
21
1.1224942519685039
0
LINE
8
BLACK
6
CONTINUOUS
10
0.0867289763779528
20
1.1224942519685039
11
0.0948615354330709
21
1.132692125984252
0
LINE
8
BLACK
6
CONTINUOUS
10
0.0948615354330709
20
1.132692125984252
11
0.1018011811023622
21
1.1437364960629921
0
LINE
8
BLACK
6
CONTINUOUS
10
0.1018011811023622
20
1.1437364960629921
11
0.1074605905511811
21
1.1554883858267717
0
LINE
8
BLACK
6
CONTINUOUS
10
0.1074605905511811
20
1.1554883858267717
11
0.1117686220472441
21
1.1677999999999999
0
LINE
8
BLACK
6
CONTINUOUS
10
0.1117686220472441
20
1.1677999999999999
11
0.1146711023622047
21
1.1805166141732284
0
LINE
8
BLACK
6
CONTINUOUS
10
0.1146711023622047
20
1.1805166141732284
11
0.1161314960629921
21
1.1934781889763779
0
LINE
8
BLACK
6
CONTINUOUS
10
0.1161314960629921
20
1.1934781889763779
11
0.1161314960629921
21
1.206521811023622
0
LINE
8
BLACK
6
CONTINUOUS
10
0.1161314960629921
20
1.206521811023622
11
0.1146711023622047
21
1.2194833858267715
0
LINE
8
BLACK
6
CONTINUOUS
10
0.1146711023622047
20
1.2194833858267715
11
0.1117686220472441
21
1.2322
0
LINE
8
BLACK
6
CONTINUOUS
10
0.1117686220472441
20
1.2322
11
0.1074605905511811
21
1.2445116141732284
0
LINE
8
BLACK
6
CONTINUOUS
10
0.1074605905511811
20
1.2445116141732284
11
0.1018011811023622
21
1.2562635039370078
0
LINE
8
BLACK
6
CONTINUOUS
10
0.1018011811023622
20
1.2562635039370078
11
0.0948615354330709
21
1.267307874015748
0
LINE
8
BLACK
6
CONTINUOUS
10
0.0948615354330709
20
1.267307874015748
11
0.0867289763779528
21
1.277505748031496
0
LINE
8
BLACK
6
CONTINUOUS
10
0.0867289763779528
20
1.277505748031496
11
0.0775057480314961
21
1.2867289763779528
0
LINE
8
BLACK
6
CONTINUOUS
10
0.0775057480314961
20
1.2867289763779528
11
0.067307874015748
21
1.2948615354330708
0
LINE
8
BLACK
6
CONTINUOUS
10
0.067307874015748
20
1.2948615354330708
11
0.0562635039370079
21
1.3018011811023622
0
LINE
8
BLACK
6
CONTINUOUS
10
0.0562635039370079
20
1.3018011811023622
11
0.0445116141732283
21
1.3074605905511811
0
LINE
8
BLACK
6
CONTINUOUS
10
0.0445116141732283
20
1.3074605905511811
11
0.0322
21
1.311768622047244
0
LINE
8
BLACK
6
CONTINUOUS
10
0.0322
20
1.311768622047244
11
0.0194833858267717
21
1.3146711023622046
0
LINE
8
BLACK
6
CONTINUOUS
10
0.0194833858267717
20
1.3146711023622046
11
0.006521811023622
21
1.3161314960629922
0
LINE
8
BLACK
6
CONTINUOUS
10
0.006521811023622
20
1.3161314960629922
11
-0.006521811023622
21
1.3161314960629922
0
LINE
8
BLACK
6
CONTINUOUS
10
-0.006521811023622
20
1.3161314960629922
11
-0.0194833858267717
21
1.3146711023622046
0
LINE
8
BLACK
6
CONTINUOUS
10
-0.0194833858267717
20
1.3146711023622046
11
-0.0322
21
1.311768622047244
0
LINE
8
BLACK
6
CONTINUOUS
10
-0.0322
20
1.311768622047244
11
-0.0445116141732283
21
1.3074605905511811
0
LINE
8
BLACK
6
CONTINUOUS
10
-0.0445116141732283
20
1.3074605905511811
11
-0.0562635039370079
21
1.3018011811023622
0
LINE
8
BLACK
6
CONTINUOUS
10
-0.0562635039370079
20
1.3018011811023622
11
-0.067307874015748
21
1.2948615354330708
0
LINE
8
BLACK
6
CONTINUOUS
10
-0.067307874015748
20
1.2948615354330708
11
-0.0775057480314961
21
1.2867289763779528
0
LINE
8
BLACK
6
CONTINUOUS
10
-0.0775057480314961
20
1.2867289763779528
11
-0.0867289763779528
21
1.277505748031496
0
LINE
8
BLACK
6
CONTINUOUS
10
-0.0867289763779528
20
1.277505748031496
11
-0.0948615354330709
21
1.267307874015748
0
LINE
8
BLACK
6
CONTINUOUS
10
-0.0948615354330709
20
1.267307874015748
11
-0.1018011811023622
21
1.2562635039370078
0
LINE
8
BLACK
6
CONTINUOUS
10
-0.1018011811023622
20
1.2562635039370078
11
-0.1074605905511811
21
1.2445116141732284
0
LINE
8
BLACK
6
CONTINUOUS
10
-0.1074605905511811
20
1.2445116141732284
11
-0.1117686220472441
21
1.2322
0
LINE
8
BLACK
6
CONTINUOUS
10
-0.1117686220472441
20
1.2322
11
-0.1146711023622047
21
1.2194833858267715
0
LINE
8
BLACK
6
CONTINUOUS
10
-0.1146711023622047
20
1.2194833858267715
11
-0.1161314960629921
21
1.206521811023622
0
LINE
8
BLACK
6
CONTINUOUS
10
-0.1161314960629921
20
1.206521811023622
11
-0.1161314960629921
21
1.1934781889763779
0
LINE
8
BLACK
6
CONTINUOUS
10
0.8201122047244094
20
1.3183720472440945
11
0.8332392125984251
21
1.315375905511811
0
LINE
8
BLACK
6
CONTINUOUS
10
0.8332392125984251
20
1.315375905511811
11
0.8459482283464567
21
1.3109288188976378
0
LINE
8
BLACK
6
CONTINUOUS
10
0.8459482283464567
20
1.3109288188976378
11
0.8580794094488189
21
1.3050867716535433
0
LINE
8
BLACK
6
CONTINUOUS
10
0.8580794094488189
20
1.3050867716535433
11
0.8694801968503937
21
1.2979231889763778
0
LINE
8
BLACK
6
CONTINUOUS
10
0.8694801968503937
20
1.2979231889763778
11
0.8800072440944882
21
1.2895281496062991
0
LINE
8
BLACK
6
CONTINUOUS
10
0.8800072440944882
20
1.2895281496062991
11
0.8895281496062992
21
1.2800072440944881
0
LINE
8
BLACK
6
CONTINUOUS
10
0.8895281496062992
20
1.2800072440944881
11
0.8979231889763779
21
1.2694801968503937
0
LINE
8
BLACK
6
CONTINUOUS
10
0.8979231889763779
20
1.2694801968503937
11
0.9050867716535432
21
1.2580794094488188
0
LINE
8
BLACK
6
CONTINUOUS
10
0.9050867716535432
20
1.2580794094488188
11
0.9109288188976378
21
1.2459482283464567
0
LINE
8
BLACK
6
CONTINUOUS
10
0.9109288188976378
20
1.2459482283464567
11
0.915375905511811
21
1.2332392125984251
0
LINE
8
BLACK
6
CONTINUOUS
10
0.915375905511811
20
1.2332392125984251
11
0.9183720472440945
21
1.2201122047244095
0
LINE
8
BLACK
6
CONTINUOUS
10
0.9183720472440945
20
1.2201122047244095
11
0.9198796062992126
21
1.2067322834645668
0
LINE
8
BLACK
6
CONTINUOUS
10
0.9198796062992126
20
1.2067322834645668
11
0.9198796062992126
21
1.1932677165354331
0
LINE
8
BLACK
6
CONTINUOUS
10
0.9198796062992126
20
1.1932677165354331
11
0.9183720472440945
21
1.1798877952755906
0
LINE
8
BLACK
6
CONTINUOUS
10
0.9183720472440945
20
1.1798877952755906
11
0.915375905511811
21
1.1667607874015749
0
LINE
8
BLACK
6
CONTINUOUS
10
0.915375905511811
20
1.1667607874015749
11
0.9109288188976378
21
1.1540517716535432
0
LINE
8
BLACK
6
CONTINUOUS
10
0.9109288188976378
20
1.1540517716535432
11
0.9050867716535432
21
1.1419205905511811
0
LINE
8
BLACK
6
CONTINUOUS
10
0.9050867716535432
20
1.1419205905511811
11
0.8979231889763779
21
1.1305198031496062
0
LINE
8
BLACK
6
CONTINUOUS
10
0.8979231889763779
20
1.1305198031496062
11
0.8895281496062992
21
1.1199927559055118
0
LINE
8
BLACK
6
CONTINUOUS
10
0.8895281496062992
20
1.1199927559055118
11
0.8800072440944882
21
1.1104718503937008
0
LINE
8
BLACK
6
CONTINUOUS
10
0.8800072440944882
20
1.1104718503937008
11
0.8694801968503937
21
1.1020768110236221
0
LINE
8
BLACK
6
CONTINUOUS
10
0.8694801968503937
20
1.1020768110236221
11
0.8580794094488189
21
1.0949132283464567
0
LINE
8
BLACK
6
CONTINUOUS
10
0.8580794094488189
20
1.0949132283464567
11
0.8459482283464567
21
1.0890711811023621
0
LINE
8
BLACK
6
CONTINUOUS
10
0.8459482283464567
20
1.0890711811023621
11
0.8332392125984251
21
1.0846240944881889
0
LINE
8
BLACK
6
CONTINUOUS
10
0.8332392125984251
20
1.0846240944881889
11
0.8201122047244094
21
1.0816279527559054
0
LINE
8
BLACK
6
CONTINUOUS
10
0.8201122047244094
20
1.0816279527559054
11
0.8067322834645669
21
1.0801203937007873
0
LINE
8
BLACK
6
CONTINUOUS
10
0.8067322834645669
20
1.0801203937007873
11
0.793267716535433
21
1.0801203937007873
0
LINE
8
BLACK
6
CONTINUOUS
10
0.793267716535433
20
1.0801203937007873
11
0.7798877952755905
21
1.0816279527559054
0
LINE
8
BLACK
6
CONTINUOUS
10
0.7798877952755905
20
1.0816279527559054
11
0.7667607874015748
21
1.0846240944881889
0
LINE
8
BLACK
6
CONTINUOUS
10
0.7667607874015748
20
1.0846240944881889
11
0.7540517716535433
21
1.0890711811023621
0
LINE
8
BLACK
6
CONTINUOUS
10
0.7540517716535433
20
1.0890711811023621
11
0.7419205905511811
21
1.0949132283464567
0
LINE
8
BLACK
6
CONTINUOUS
10
0.7419205905511811
20
1.0949132283464567
11
0.7305198031496063
21
1.1020768110236221
0
LINE
8
BLACK
6
CONTINUOUS
10
0.7305198031496063
20
1.1020768110236221
11
0.7199927559055118
21
1.1104718503937008
0
LINE
8
BLACK
6
CONTINUOUS
10
0.7199927559055118
20
1.1104718503937008
11
0.7104718503937008
21
1.1199927559055118
0
LINE
8
BLACK
6
CONTINUOUS
10
0.7104718503937008
20
1.1199927559055118
11
0.7020768110236221
21
1.1305198031496062
0
LINE
8
BLACK
6
CONTINUOUS
10
0.7020768110236221
20
1.1305198031496062
11
0.6949132283464566
21
1.1419205905511811
0
LINE
8
BLACK
6
CONTINUOUS
10
0.6949132283464566
20
1.1419205905511811
11
0.6890711811023622
21
1.1540517716535432
0
LINE
8
BLACK
6
CONTINUOUS
10
0.6890711811023622
20
1.1540517716535432
11
0.684624094488189
21
1.1667607874015749
0
LINE
8
BLACK
6
CONTINUOUS
10
0.684624094488189
20
1.1667607874015749
11
0.6816279527559055
21
1.1798877952755906
0
LINE
8
BLACK
6
CONTINUOUS
10
0.6816279527559055
20
1.1798877952755906
11
0.6801203937007874
21
1.1932677165354331
0
LINE
8
BLACK
6
CONTINUOUS
10
0.6801203937007874
20
1.1932677165354331
11
0.6801203937007874
21
1.206521811023622
0
LINE
8
BLACK
6
CONTINUOUS
10
0.6801203937007874
20
1.206521811023622
11
0.6801203937007874
21
1.2067322834645668
0
LINE
8
BLACK
6
CONTINUOUS
10
0.6801203937007874
20
1.2067322834645668
11
0.6816279527559055
21
1.2201122047244095
0
LINE
8
BLACK
6
CONTINUOUS
10
0.6816279527559055
20
1.2201122047244095
11
0.684624094488189
21
1.2332392125984251
0
LINE
8
BLACK
6
CONTINUOUS
10
0.684624094488189
20
1.2332392125984251
11
0.6890711811023622
21
1.2459482283464567
0
LINE
8
BLACK
6
CONTINUOUS
10
0.6890711811023622
20
1.2459482283464567
11
0.6949132283464566
21
1.2580794094488188
0
LINE
8
BLACK
6
CONTINUOUS
10
0.6949132283464566
20
1.2580794094488188
11
0.7020768110236221
21
1.2694801968503937
0
LINE
8
BLACK
6
CONTINUOUS
10
0.7020768110236221
20
1.2694801968503937
11
0.7104718503937008
21
1.2800072440944881
0
LINE
8
BLACK
6
CONTINUOUS
10
0.7104718503937008
20
1.2800072440944881
11
0.7199927559055118
21
1.2895281496062991
0
LINE
8
BLACK
6
CONTINUOUS
10
0.7199927559055118
20
1.2895281496062991
11
0.7305198031496063
21
1.2979231889763778
0
LINE
8
BLACK
6
CONTINUOUS
10
0.7305198031496063
20
1.2979231889763778
11
0.7419205905511811
21
1.3050867716535433
0
LINE
8
BLACK
6
CONTINUOUS
10
0.7419205905511811
20
1.3050867716535433
11
0.7540517716535433
21
1.3109288188976378
0
LINE
8
BLACK
6
CONTINUOUS
10
0.7540517716535433
20
1.3109288188976378
11
0.7667607874015748
21
1.315375905511811
0
LINE
8
BLACK
6
CONTINUOUS
10
0.7667607874015748
20
1.315375905511811
11
0.7798877952755905
21
1.3183720472440945
0
LINE
8
BLACK
6
CONTINUOUS
10
0.7798877952755905
20
1.3183720472440945
11
0.793267716535433
21
1.3198796062992126
0
LINE
8
BLACK
6
CONTINUOUS
10
0.793267716535433
20
1.3198796062992126
11
0.8067322834645669
21
1.3198796062992126
0
LINE
8
BLACK
6
CONTINUOUS
10
0.8067322834645669
20
1.3198796062992126
11
0.8201122047244094
21
1.3183720472440945
0
LINE
8
BLACK
6
CONTINUOUS
10
0.6838685039370078
20
1.1934781889763779
11
0.6853288976377953
21
1.1805166141732284
0
LINE
8
BLACK
6
CONTINUOUS
10
0.6853288976377953
20
1.1805166141732284
11
0.6882313779527559
21
1.1677999999999999
0
LINE
8
BLACK
6
CONTINUOUS
10
0.6882313779527559
20
1.1677999999999999
11
0.6925394094488189
21
1.1554883858267717
0
LINE
8
BLACK
6
CONTINUOUS
10
0.6925394094488189
20
1.1554883858267717
11
0.6981988188976378
21
1.1437364960629921
0
LINE
8
BLACK
6
CONTINUOUS
10
0.6981988188976378
20
1.1437364960629921
11
0.7051384645669291
21
1.132692125984252
0
LINE
8
BLACK
6
CONTINUOUS
10
0.7051384645669291
20
1.132692125984252
11
0.7132710236220472
21
1.1224942519685039
0
LINE
8
BLACK
6
CONTINUOUS
10
0.7132710236220472
20
1.1224942519685039
11
0.7224942519685039
21
1.1132710236220473
0
LINE
8
BLACK
6
CONTINUOUS
10
0.7224942519685039
20
1.1132710236220473
11
0.7326921259842519
21
1.1051384645669291
0
LINE
8
BLACK
6
CONTINUOUS
10
0.7326921259842519
20
1.1051384645669291
11
0.7437364960629921
21
1.0981988188976377
0
LINE
8
BLACK
6
CONTINUOUS
10
0.7437364960629921
20
1.0981988188976377
11
0.7554883858267717
21
1.0925394094488188
0
LINE
8
BLACK
6
CONTINUOUS
10
0.7554883858267717
20
1.0925394094488188
11
0.7678
21
1.0882313779527559
0
LINE
8
BLACK
6
CONTINUOUS
10
0.7678
20
1.0882313779527559
11
0.7805166141732284
21
1.0853288976377953
0
LINE
8
BLACK
6
CONTINUOUS
10
0.7805166141732284
20
1.0853288976377953
11
0.7934781889763779
21
1.083868503937008
0
LINE
8
BLACK
6
CONTINUOUS
10
0.7934781889763779
20
1.083868503937008
11
0.8065218110236221
21
1.083868503937008
0
LINE
8
BLACK
6
CONTINUOUS
10
0.8065218110236221
20
1.083868503937008
11
0.8194833858267716
21
1.0853288976377953
0
LINE
8
BLACK
6
CONTINUOUS
10
0.8194833858267716
20
1.0853288976377953
11
0.8321999999999999
21
1.0882313779527559
0
LINE
8
BLACK
6
CONTINUOUS
10
0.8321999999999999
20
1.0882313779527559
11
0.8445116141732283
21
1.0925394094488188
0
LINE
8
BLACK
6
CONTINUOUS
10
0.8445116141732283
20
1.0925394094488188
11
0.8562635039370079
21
1.0981988188976377
0
LINE
8
BLACK
6
CONTINUOUS
10
0.8562635039370079
20
1.0981988188976377
11
0.867307874015748
21
1.1051384645669291
0
LINE
8
BLACK
6
CONTINUOUS
10
0.867307874015748
20
1.1051384645669291
11
0.8775057480314961
21
1.1132710236220473
0
LINE
8
BLACK
6
CONTINUOUS
10
0.8775057480314961
20
1.1132710236220473
11
0.8867289763779528
21
1.1224942519685039
0
LINE
8
BLACK
6
CONTINUOUS
10
0.8867289763779528
20
1.1224942519685039
11
0.8948615354330709
21
1.132692125984252
0
LINE
8
BLACK
6
CONTINUOUS
10
0.8948615354330709
20
1.132692125984252
11
0.9018011811023622
21
1.1437364960629921
0
LINE
8
BLACK
6
CONTINUOUS
10
0.9018011811023622
20
1.1437364960629921
11
0.9074605905511811
21
1.1554883858267717
0
LINE
8
BLACK
6
CONTINUOUS
10
0.9074605905511811
20
1.1554883858267717
11
0.9117686220472441
21
1.1677999999999999
0
LINE
8
BLACK
6
CONTINUOUS
10
0.9117686220472441
20
1.1677999999999999
11
0.9146711023622047
21
1.1805166141732284
0
LINE
8
BLACK
6
CONTINUOUS
10
0.9146711023622047
20
1.1805166141732284
11
0.9161314960629922
21
1.1934781889763779
0
LINE
8
BLACK
6
CONTINUOUS
10
0.9161314960629922
20
1.1934781889763779
11
0.9161314960629922
21
1.206521811023622
0
LINE
8
BLACK
6
CONTINUOUS
10
0.9161314960629922
20
1.206521811023622
11
0.9146711023622047
21
1.2194833858267715
0
LINE
8
BLACK
6
CONTINUOUS
10
0.9146711023622047
20
1.2194833858267715
11
0.9117686220472441
21
1.2322
0
LINE
8
BLACK
6
CONTINUOUS
10
0.9117686220472441
20
1.2322
11
0.9074605905511811
21
1.2445116141732284
0
LINE
8
BLACK
6
CONTINUOUS
10
0.9074605905511811
20
1.2445116141732284
11
0.9018011811023622
21
1.2562635039370078
0
LINE
8
BLACK
6
CONTINUOUS
10
0.9018011811023622
20
1.2562635039370078
11
0.8948615354330709
21
1.267307874015748
0
LINE
8
BLACK
6
CONTINUOUS
10
0.8948615354330709
20
1.267307874015748
11
0.8867289763779528
21
1.277505748031496
0
LINE
8
BLACK
6
CONTINUOUS
10
0.8867289763779528
20
1.277505748031496
11
0.8775057480314961
21
1.2867289763779528
0
LINE
8
BLACK
6
CONTINUOUS
10
0.8775057480314961
20
1.2867289763779528
11
0.867307874015748
21
1.2948615354330708
0
LINE
8
BLACK
6
CONTINUOUS
10
0.867307874015748
20
1.2948615354330708
11
0.8562635039370079
21
1.3018011811023622
0
LINE
8
BLACK
6
CONTINUOUS
10
0.8562635039370079
20
1.3018011811023622
11
0.8445116141732283
21
1.3074605905511811
0
LINE
8
BLACK
6
CONTINUOUS
10
0.8445116141732283
20
1.3074605905511811
11
0.8321999999999999
21
1.311768622047244
0
LINE
8
BLACK
6
CONTINUOUS
10
0.8321999999999999
20
1.311768622047244
11
0.8194833858267716
21
1.3146711023622046
0
LINE
8
BLACK
6
CONTINUOUS
10
0.8194833858267716
20
1.3146711023622046
11
0.8065218110236221
21
1.3161314960629922
0
LINE
8
BLACK
6
CONTINUOUS
10
0.8065218110236221
20
1.3161314960629922
11
0.7934781889763779
21
1.3161314960629922
0
LINE
8
BLACK
6
CONTINUOUS
10
0.7934781889763779
20
1.3161314960629922
11
0.7805166141732284
21
1.3146711023622046
0
LINE
8
BLACK
6
CONTINUOUS
10
0.7805166141732284
20
1.3146711023622046
11
0.7678
21
1.311768622047244
0
LINE
8
BLACK
6
CONTINUOUS
10
0.7678
20
1.311768622047244
11
0.7554883858267717
21
1.3074605905511811
0
LINE
8
BLACK
6
CONTINUOUS
10
0.7554883858267717
20
1.3074605905511811
11
0.7437364960629921
21
1.3018011811023622
0
LINE
8
BLACK
6
CONTINUOUS
10
0.7437364960629921
20
1.3018011811023622
11
0.7326921259842519
21
1.2948615354330708
0
LINE
8
BLACK
6
CONTINUOUS
10
0.7326921259842519
20
1.2948615354330708
11
0.7224942519685039
21
1.2867289763779528
0
LINE
8
BLACK
6
CONTINUOUS
10
0.7224942519685039
20
1.2867289763779528
11
0.7132710236220472
21
1.277505748031496
0
LINE
8
BLACK
6
CONTINUOUS
10
0.7132710236220472
20
1.277505748031496
11
0.7051384645669291
21
1.267307874015748
0
LINE
8
BLACK
6
CONTINUOUS
10
0.7051384645669291
20
1.267307874015748
11
0.6981988188976378
21
1.2562635039370078
0
LINE
8
BLACK
6
CONTINUOUS
10
0.6981988188976378
20
1.2562635039370078
11
0.6925394094488189
21
1.2445116141732284
0
LINE
8
BLACK
6
CONTINUOUS
10
0.6925394094488189
20
1.2445116141732284
11
0.6882313779527559
21
1.2322
0
LINE
8
BLACK
6
CONTINUOUS
10
0.6882313779527559
20
1.2322
11
0.6853288976377953
21
1.2194833858267715
0
LINE
8
BLACK
6
CONTINUOUS
10
0.6853288976377953
20
1.2194833858267715
11
0.6838685039370078
21
1.206521811023622
0
LINE
8
BLACK
6
CONTINUOUS
10
0.6838685039370078
20
1.206521811023622
11
0.6838685039370078
21
1.1934781889763779
0
CIRCLE
8
BLACK
10
0.85
20
0.25
40
0.0068897637795276
0
CIRCLE
8
BLACK
10
0.75
20
0.25
40
0.0068897637795276
0
CIRCLE
8
BLACK
10
0.85
20
0.35
40
0.0068897637795276
0
CIRCLE
8
BLACK
10
0.75
20
0.35
40
0.0068897637795276
0
CIRCLE
8
BLACK
10
0.85
20
0.45
40
0.0068897637795276
0
CIRCLE
8
BLACK
10
0.75
20
0.45
40
0.0068897637795276
0
CIRCLE
8
BLACK
10
0.85
20
0.5499999999999999
40
0.0068897637795276
0
CIRCLE
8
BLACK
10
0.75
20
0.5499999999999999
40
0.0068897637795276
0
CIRCLE
8
BLACK
10
0.
20
1.2
40
0.0068897637795276
0
CIRCLE
8
BLACK
10
0.7999999999999999
20
0.
40
0.0068897637795276
0
CIRCLE
8
BLACK
10
0.85
20
0.65
40
0.0068897637795276
0
CIRCLE
8
BLACK
10
0.75
20
0.65
40
0.0068897637795276
0
CIRCLE
8
BLACK
10
0.85
20
0.75
40
0.0068897637795276
0
CIRCLE
8
BLACK
10
0.75
20
0.75
40
0.0068897637795276
0
CIRCLE
8
BLACK
10
0.85
20
0.85
40
0.0068897637795276
0
CIRCLE
8
BLACK
10
0.75
20
0.85
40
0.0068897637795276
0
CIRCLE
8
BLACK
10
0.85
20
0.95
40
0.0068897637795276
0
CIRCLE
8
BLACK
10
0.75
20
0.95
40
0.0068897637795276
0
CIRCLE
8
BLACK
10
0.4
20
0.
40
0.0068897637795276
0
CIRCLE
8
BLACK
10
0.3
20
0.1
40
0.0068897637795276
0
CIRCLE
8
BLACK
10
0.3
20
-0.1
40
0.0068897637795276
0
CIRCLE
8
BLACK
10
0.5
20
0.1
40
0.0068897637795276
0
CIRCLE
8
BLACK
10
0.5
20
-0.1
40
0.0068897637795276
0
CIRCLE
8
BLACK
10
0.4
20
0.7
40
0.0068897637795276
0
CIRCLE
8
BLACK
10
0.5
20
0.7
40
0.0068897637795276
0
CIRCLE
8
BLACK
10
0.4
20
0.6
40
0.0068897637795276
0
CIRCLE
8
BLACK
10
0.5
20
0.6
40
0.0068897637795276
0
CIRCLE
8
BLACK
10
0.4
20
0.5
40
0.0068897637795276
0
CIRCLE
8
BLACK
10
0.5
20
0.5
40
0.0068897637795276
0
CIRCLE
8
BLACK
10
0.
20
0.7999999999999999
40
0.0068897637795276
0
CIRCLE
8
BLACK
10
-0.1
20
0.9
40
0.0068897637795276
0
CIRCLE
8
BLACK
10
-0.1
20
0.7
40
0.0068897637795276
0
CIRCLE
8
BLACK
10
0.1
20
0.9
40
0.0068897637795276
0
CIRCLE
8
BLACK
10
0.1
20
0.7
40
0.0068897637795276
0
CIRCLE
8
BLACK
10
0.
20
0.
40
0.0068897637795276
0
CIRCLE
8
BLACK
10
0.7999999999999999
20
1.2
40
0.0068897637795276
0
CIRCLE
8
BLACK
10
0.4
20
1.2
40
0.0068897637795276
0
CIRCLE
8
BLACK
10
0.3
20
1.3
40
0.0068897637795276
0
CIRCLE
8
BLACK
10
0.3
20
1.0999999999999999
40
0.0068897637795276
0
CIRCLE
8
BLACK
10
0.5
20
1.3
40
0.0068897637795276
0
CIRCLE
8
BLACK
10
0.5
20
1.0999999999999999
40
0.0068897637795276
0
CIRCLE
8
BLACK
10
0.
20
0.4
40
0.0068897637795276
0
CIRCLE
8
BLACK
10
-0.1
20
0.5
40
0.0068897637795276
0
CIRCLE
8
BLACK
10
-0.1
20
0.3
40
0.0068897637795276
0
CIRCLE
8
BLACK
10
0.1
20
0.5
40
0.0068897637795276
0
CIRCLE
8
BLACK
10
0.1
20
0.3
40
0.0068897637795276
0
CIRCLE
8
BLACK
10
0.85
20
0.25
40
0.0068897637795276
0
CIRCLE
8
BLACK
10
0.75
20
0.25
40
0.0068897637795276
0
CIRCLE
8
BLACK
10
0.85
20
0.35
40
0.0068897637795276
0
CIRCLE
8
BLACK
10
0.75
20
0.35
40
0.0068897637795276
0
CIRCLE
8
BLACK
10
0.85
20
0.45
40
0.0068897637795276
0
CIRCLE
8
BLACK
10
0.75
20
0.45
40
0.0068897637795276
0
CIRCLE
8
BLACK
10
0.85
20
0.5499999999999999
40
0.0068897637795276
0
CIRCLE
8
BLACK
10
0.75
20
0.5499999999999999
40
0.0068897637795276
0
CIRCLE
8
BLACK
10
0.
20
1.2
40
0.0068897637795276
0
CIRCLE
8
BLACK
10
0.7999999999999999
20
0.
40
0.0068897637795276
0
CIRCLE
8
BLACK
10
0.85
20
0.65
40
0.0068897637795276
0
CIRCLE
8
BLACK
10
0.75
20
0.65
40
0.0068897637795276
0
CIRCLE
8
BLACK
10
0.85
20
0.75
40
0.0068897637795276
0
CIRCLE
8
BLACK
10
0.75
20
0.75
40
0.0068897637795276
0
CIRCLE
8
BLACK
10
0.85
20
0.85
40
0.0068897637795276
0
CIRCLE
8
BLACK
10
0.75
20
0.85
40
0.0068897637795276
0
CIRCLE
8
BLACK
10
0.85
20
0.95
40
0.0068897637795276
0
CIRCLE
8
BLACK
10
0.75
20
0.95
40
0.0068897637795276
0
CIRCLE
8
BLACK
10
0.4
20
0.
40
0.0068897637795276
0
CIRCLE
8
BLACK
10
0.3
20
0.1
40
0.0068897637795276
0
CIRCLE
8
BLACK
10
0.3
20
-0.1
40
0.0068897637795276
0
CIRCLE
8
BLACK
10
0.5
20
0.1
40
0.0068897637795276
0
CIRCLE
8
BLACK
10
0.5
20
-0.1
40
0.0068897637795276
0
CIRCLE
8
BLACK
10
0.4
20
0.7
40
0.0068897637795276
0
CIRCLE
8
BLACK
10
0.5
20
0.7
40
0.0068897637795276
0
CIRCLE
8
BLACK
10
0.4
20
0.6
40
0.0068897637795276
0
CIRCLE
8
BLACK
10
0.5
20
0.6
40
0.0068897637795276
0
CIRCLE
8
BLACK
10
0.4
20
0.5
40
0.0068897637795276
0
CIRCLE
8
BLACK
10
0.5
20
0.5
40
0.0068897637795276
0
CIRCLE
8
BLACK
10
0.
20
0.7999999999999999
40
0.0068897637795276
0
CIRCLE
8
BLACK
10
-0.1
20
0.9
40
0.0068897637795276
0
CIRCLE
8
BLACK
10
-0.1
20
0.7
40
0.0068897637795276
0
CIRCLE
8
BLACK
10
0.1
20
0.9
40
0.0068897637795276
0
CIRCLE
8
BLACK
10
0.1
20
0.7
40
0.0068897637795276
0
CIRCLE
8
BLACK
10
0.
20
0.
40
0.0068897637795276
0
CIRCLE
8
BLACK
10
0.7999999999999999
20
1.2
40
0.0068897637795276
0
CIRCLE
8
BLACK
10
0.4
20
1.2
40
0.0068897637795276
0
CIRCLE
8
BLACK
10
0.3
20
1.3
40
0.0068897637795276
0
CIRCLE
8
BLACK
10
0.3
20
1.0999999999999999
40
0.0068897637795276
0
CIRCLE
8
BLACK
10
0.5
20
1.3
40
0.0068897637795276
0
CIRCLE
8
BLACK
10
0.5
20
1.0999999999999999
40
0.0068897637795276
0
CIRCLE
8
BLACK
10
0.
20
0.4
40
0.0068897637795276
0
CIRCLE
8
BLACK
10
-0.1
20
0.5
40
0.0068897637795276
0
CIRCLE
8
BLACK
10
-0.1
20
0.3
40
0.0068897637795276
0
CIRCLE
8
BLACK
10
0.1
20
0.5
40
0.0068897637795276
0
CIRCLE
8
BLACK
10
0.1
20
0.3
40
0.0068897637795276
  0
ENDSEC
  0
EOF
