  0
SECTION
  2
HEADER
  9
$ANGBASE
  50
0.0
  9
$ANGDIR
  70
1
  9
$MEASUREMENT
  70
0
  0
ENDSEC
  0
SECTION
  2
TABLES
  0
TABLE
  2
LTYPE
  70
4
  0
LTYPE
  5
40F
  2
CONTINUOUS
  70
0
  3
Solid line
  72
65
  73
0
  40
0.0
  0
LTYPE
  5
410
  2
DASHDOT
 70
0
  3
Dash Dot ____ _ ____ _
 72
65
 73
4
 40
2.0
 49
1.25
 49
-0.25
 49
0.25
 49
-0.25
  0
LTYPE
  5
411
  2
DASHED
 70
0
  3
Dashed __ __ __ __ __
 72
65
 73
2
 40
0.75
 49
0.5
 49
-0.25
  0
LTYPE
  5
43B
  2
DOTTED
 70
0
  3
Dotted .  .  .  .
 72
65
 73
2
 40
0.2
 49
0.0
 49
-0.2
  0
ENDTAB
  0
TABLE
  2
STYLE
  70
4
  0
STYLE
  2
KICAD
  70
0
  40
0
  41
1
  42
1
  50
0
  71
0
  3
isocp.shx
  0
STYLE
  2
KICADB
  70
0
  40
0
  41
1
  42
1
  50
0
  71
0
  3
isocp.shx
  0
STYLE
  2
KICADI
  70
0
  40
0
  41
1
  42
1
  50
15
  71
0
  3
isocp.shx
  0
STYLE
  2
KICADBI
  70
0
  40
0
  41
1
  42
1
  50
15
  71
0
  3
isocp.shx
  0
ENDTAB
  0
TABLE
  2
LAYER
  70
1
  0
LAYER
  2
BLACK
  70
0
  62
7
  6
CONTINUOUS
  0
ENDTAB
  0
ENDSEC
  0
SECTION
  2
ENTITIES
0
LINE
8
BLACK
6
CONTINUOUS
10
0.3398530708661417
20
0.2718420472440945
11
0.3411303543307087
21
0.2709886220472441
0
LINE
8
BLACK
6
CONTINUOUS
10
0.3411303543307087
20
0.2709886220472441
11
0.341983779527559
21
0.2697113385826772
0
LINE
8
BLACK
6
CONTINUOUS
10
0.341983779527559
20
0.2697113385826772
11
0.3422834645669292
21
0.2682047244094488
0
LINE
8
BLACK
6
CONTINUOUS
10
0.3422834645669292
20
0.2682047244094488
11
0.3422834645669292
21
0.2239133858267716
0
LINE
8
BLACK
6
CONTINUOUS
10
0.3422834645669292
20
0.2239133858267716
11
0.341983779527559
21
0.2224067716535433
0
LINE
8
BLACK
6
CONTINUOUS
10
0.341983779527559
20
0.2224067716535433
11
0.3411303543307087
21
0.2211294881889764
0
LINE
8
BLACK
6
CONTINUOUS
10
0.3411303543307087
20
0.2211294881889764
11
0.3398530708661417
21
0.220276062992126
0
LINE
8
BLACK
6
CONTINUOUS
10
0.3398530708661417
20
0.220276062992126
11
0.3393307086614173
21
0.2201721653543307
0
LINE
8
BLACK
6
CONTINUOUS
10
0.3393307086614173
20
0.2201721653543307
11
0.3393307086614173
21
0.1776290157480315
0
LINE
8
BLACK
6
CONTINUOUS
10
0.3393307086614173
20
0.1776290157480315
11
0.339479842519685
21
0.1774798818897638
0
LINE
8
BLACK
6
CONTINUOUS
10
0.339479842519685
20
0.1774798818897638
11
0.33948
21
0.1774796850393701
0
LINE
8
BLACK
6
CONTINUOUS
10
0.33948
20
0.1774796850393701
11
0.4034798818897637
21
0.113479842519685
0
LINE
8
BLACK
6
CONTINUOUS
10
0.4034798818897637
20
0.113479842519685
11
0.4040918897637795
21
0.112734094488189
0
LINE
8
BLACK
6
CONTINUOUS
10
0.4040918897637795
20
0.112734094488189
11
0.4048266929133858
21
0.1109600787401575
0
LINE
8
BLACK
6
CONTINUOUS
10
0.4048266929133858
20
0.1109600787401575
11
0.4049212598425197
21
0.11
0
LINE
8
BLACK
6
CONTINUOUS
10
0.4049212598425197
20
0.11
11
0.4049212598425197
21
0.048893031496063
0
LINE
8
BLACK
6
CONTINUOUS
10
0.4049212598425197
20
0.048893031496063
11
0.4114884645669291
21
0.0478528346456693
0
LINE
8
BLACK
6
CONTINUOUS
10
0.4114884645669291
20
0.0478528346456693
11
0.4188328346456693
21
0.0454664960629921
0
LINE
8
BLACK
6
CONTINUOUS
10
0.4188328346456693
20
0.0454664960629921
11
0.4257135039370079
21
0.0419606299212598
0
LINE
8
BLACK
6
CONTINUOUS
10
0.4257135039370079
20
0.0419606299212598
11
0.4319610236220472
21
0.0374215354330709
0
LINE
8
BLACK
6
CONTINUOUS
10
0.4319610236220472
20
0.0374215354330709
11
0.4374215354330708
21
0.0319610236220472
0
LINE
8
BLACK
6
CONTINUOUS
10
0.4374215354330708
20
0.0319610236220472
11
0.4419606299212598
21
0.0257135039370079
0
LINE
8
BLACK
6
CONTINUOUS
10
0.4419606299212598
20
0.0257135039370079
11
0.4454664960629921
21
0.0188328346456693
0
LINE
8
BLACK
6
CONTINUOUS
10
0.4454664960629921
20
0.0188328346456693
11
0.4478528346456693
21
0.0114884645669291
0
LINE
8
BLACK
6
CONTINUOUS
10
0.4478528346456693
20
0.0114884645669291
11
0.449060905511811
21
0.0038611811023622
0
LINE
8
BLACK
6
CONTINUOUS
10
0.449060905511811
20
0.0038611811023622
11
0.449060905511811
21
-0.0038611811023622
0
LINE
8
BLACK
6
CONTINUOUS
10
0.449060905511811
20
-0.0038611811023622
11
0.4478528346456693
21
-0.0114884645669291
0
LINE
8
BLACK
6
CONTINUOUS
10
0.4478528346456693
20
-0.0114884645669291
11
0.4454664960629921
21
-0.0188328346456693
0
LINE
8
BLACK
6
CONTINUOUS
10
0.4454664960629921
20
-0.0188328346456693
11
0.4419606299212598
21
-0.0257135039370079
0
LINE
8
BLACK
6
CONTINUOUS
10
0.4419606299212598
20
-0.0257135039370079
11
0.4374215354330708
21
-0.0319610236220472
0
LINE
8
BLACK
6
CONTINUOUS
10
0.4374215354330708
20
-0.0319610236220472
11
0.4319610236220472
21
-0.0374215354330709
0
LINE
8
BLACK
6
CONTINUOUS
10
0.4319610236220472
20
-0.0374215354330709
11
0.4257135039370079
21
-0.0419606299212598
0
LINE
8
BLACK
6
CONTINUOUS
10
0.4257135039370079
20
-0.0419606299212598
11
0.4188328346456693
21
-0.0454664960629921
0
LINE
8
BLACK
6
CONTINUOUS
10
0.4188328346456693
20
-0.0454664960629921
11
0.4114884645669291
21
-0.0478528346456693
0
LINE
8
BLACK
6
CONTINUOUS
10
0.4114884645669291
20
-0.0478528346456693
11
0.4038611811023622
21
-0.049060905511811
0
LINE
8
BLACK
6
CONTINUOUS
10
0.4038611811023622
20
-0.049060905511811
11
0.3961388188976378
21
-0.049060905511811
0
LINE
8
BLACK
6
CONTINUOUS
10
0.3961388188976378
20
-0.049060905511811
11
0.3885115354330709
21
-0.0478528346456693
0
LINE
8
BLACK
6
CONTINUOUS
10
0.3885115354330709
20
-0.0478528346456693
11
0.3811671653543307
21
-0.0454664960629921
0
LINE
8
BLACK
6
CONTINUOUS
10
0.3811671653543307
20
-0.0454664960629921
11
0.3742864960629921
21
-0.0419606299212598
0
LINE
8
BLACK
6
CONTINUOUS
10
0.3742864960629921
20
-0.0419606299212598
11
0.3680389763779527
21
-0.0374215354330709
0
LINE
8
BLACK
6
CONTINUOUS
10
0.3680389763779527
20
-0.0374215354330709
11
0.3625784645669291
21
-0.0319610236220472
0
LINE
8
BLACK
6
CONTINUOUS
10
0.3625784645669291
20
-0.0319610236220472
11
0.3580393700787401
21
-0.0257135039370079
0
LINE
8
BLACK
6
CONTINUOUS
10
0.3580393700787401
20
-0.0257135039370079
11
0.3545335039370079
21
-0.0188328346456693
0
LINE
8
BLACK
6
CONTINUOUS
10
0.3545335039370079
20
-0.0188328346456693
11
0.3521471653543307
21
-0.0114884645669291
0
LINE
8
BLACK
6
CONTINUOUS
10
0.3521471653543307
20
-0.0114884645669291
11
0.3509390944881889
21
-0.0038611811023622
0
LINE
8
BLACK
6
CONTINUOUS
10
0.3509390944881889
20
-0.0038611811023622
11
0.3509390944881889
21
0.0038611811023622
0
LINE
8
BLACK
6
CONTINUOUS
10
0.3509390944881889
20
0.0038611811023622
11
0.3521471653543307
21
0.0114884645669291
0
LINE
8
BLACK
6
CONTINUOUS
10
0.3521471653543307
20
0.0114884645669291
11
0.3545335039370079
21
0.0188328346456693
0
LINE
8
BLACK
6
CONTINUOUS
10
0.3545335039370079
20
0.0188328346456693
11
0.3580393700787401
21
0.0257135039370079
0
LINE
8
BLACK
6
CONTINUOUS
10
0.3580393700787401
20
0.0257135039370079
11
0.3625784645669291
21
0.0319610236220472
0
LINE
8
BLACK
6
CONTINUOUS
10
0.3625784645669291
20
0.0319610236220472
11
0.3680389763779527
21
0.0374215354330709
0
LINE
8
BLACK
6
CONTINUOUS
10
0.3680389763779527
20
0.0374215354330709
11
0.3742864960629921
21
0.0419606299212598
0
LINE
8
BLACK
6
CONTINUOUS
10
0.3742864960629921
20
0.0419606299212598
11
0.3811671653543307
21
0.0454664960629921
0
LINE
8
BLACK
6
CONTINUOUS
10
0.3811671653543307
20
0.0454664960629921
11
0.3885115354330709
21
0.0478528346456693
0
LINE
8
BLACK
6
CONTINUOUS
10
0.3885115354330709
20
0.0478528346456693
11
0.3950787401574803
21
0.048893031496063
0
LINE
8
BLACK
6
CONTINUOUS
10
0.3950787401574803
20
0.048893031496063
11
0.3950787401574803
21
0.1079615748031496
0
LINE
8
BLACK
6
CONTINUOUS
10
0.3950787401574803
20
0.1079615748031496
11
0.3325203149606299
21
0.17052
0
LINE
8
BLACK
6
CONTINUOUS
10
0.3325203149606299
20
0.17052
11
0.3325201181102362
21
0.170520157480315
0
LINE
8
BLACK
6
CONTINUOUS
10
0.3325201181102362
20
0.170520157480315
11
0.3309296062992126
21
0.1721107086614173
0
LINE
8
BLACK
6
CONTINUOUS
10
0.3309296062992126
20
0.1721107086614173
11
0.3303177559055118
21
0.1728562598425197
0
LINE
8
BLACK
6
CONTINUOUS
10
0.3303177559055118
20
0.1728562598425197
11
0.3303175590551181
21
0.1728564566929134
0
LINE
8
BLACK
6
CONTINUOUS
10
0.3303175590551181
20
0.1728564566929134
11
0.329752874015748
21
0.1742197244094488
0
LINE
8
BLACK
6
CONTINUOUS
10
0.329752874015748
20
0.1742197244094488
11
0.3295827559055118
21
0.1746304330708661
0
LINE
8
BLACK
6
CONTINUOUS
10
0.3295827559055118
20
0.1746304330708661
11
0.3295827559055118
21
0.1746304724409449
0
LINE
8
BLACK
6
CONTINUOUS
10
0.3295827559055118
20
0.1746304724409449
11
0.3294881889763779
21
0.1755905511811024
0
LINE
8
BLACK
6
CONTINUOUS
10
0.3294881889763779
20
0.1755905511811024
11
0.3294881889763779
21
0.2201721653543307
0
LINE
8
BLACK
6
CONTINUOUS
10
0.3294881889763779
20
0.2201721653543307
11
0.3289658267716535
21
0.220276062992126
0
LINE
8
BLACK
6
CONTINUOUS
10
0.3289658267716535
20
0.220276062992126
11
0.3276885433070866
21
0.2211294881889764
0
LINE
8
BLACK
6
CONTINUOUS
10
0.3276885433070866
20
0.2211294881889764
11
0.3268351181102362
21
0.2224067716535433
0
LINE
8
BLACK
6
CONTINUOUS
10
0.3268351181102362
20
0.2224067716535433
11
0.3265354330708661
21
0.2239133858267716
0
LINE
8
BLACK
6
CONTINUOUS
10
0.3265354330708661
20
0.2239133858267716
11
0.3265354330708661
21
0.2682047244094488
0
LINE
8
BLACK
6
CONTINUOUS
10
0.3265354330708661
20
0.2682047244094488
11
0.3268351181102362
21
0.2697113385826772
0
LINE
8
BLACK
6
CONTINUOUS
10
0.3268351181102362
20
0.2697113385826772
11
0.3276885433070866
21
0.2709886220472441
0
LINE
8
BLACK
6
CONTINUOUS
10
0.3276885433070866
20
0.2709886220472441
11
0.3289658267716535
21
0.2718420472440945
0
LINE
8
BLACK
6
CONTINUOUS
10
0.3289658267716535
20
0.2718420472440945
11
0.3304724409448819
21
0.2721417322834646
0
LINE
8
BLACK
6
CONTINUOUS
10
0.3304724409448819
20
0.2721417322834646
11
0.3383464566929134
21
0.2721417322834646
0
LINE
8
BLACK
6
CONTINUOUS
10
0.3383464566929134
20
0.2721417322834646
11
0.3398530708661417
21
0.2718420472440945
0
LINE
8
BLACK
6
CONTINUOUS
10
0.6724831102362204
20
0.3835027559055118
11
0.6756762598425197
21
0.3813691732283465
0
LINE
8
BLACK
6
CONTINUOUS
10
0.6756762598425197
20
0.3813691732283465
11
0.677809842519685
21
0.3781760236220472
0
LINE
8
BLACK
6
CONTINUOUS
10
0.677809842519685
20
0.3781760236220472
11
0.6785590551181102
21
0.3744094488188976
0
LINE
8
BLACK
6
CONTINUOUS
10
0.6785590551181102
20
0.3744094488188976
11
0.6785590551181102
21
0.3539370078740157
0
LINE
8
BLACK
6
CONTINUOUS
10
0.6785590551181102
20
0.3539370078740157
11
0.72
21
0.3539370078740157
0
LINE
8
BLACK
6
CONTINUOUS
10
0.72
20
0.3539370078740157
11
0.72
21
0.38
0
LINE
8
BLACK
6
CONTINUOUS
10
0.72
20
0.38
11
0.78
21
0.38
0
LINE
8
BLACK
6
CONTINUOUS
10
0.78
20
0.38
11
0.78
21
0.3539370078740157
0
LINE
8
BLACK
6
CONTINUOUS
10
0.78
20
0.3539370078740157
11
0.82
21
0.3539370078740157
0
LINE
8
BLACK
6
CONTINUOUS
10
0.82
20
0.3539370078740157
11
0.82
21
0.38
0
LINE
8
BLACK
6
CONTINUOUS
10
0.82
20
0.38
11
0.88
21
0.38
0
LINE
8
BLACK
6
CONTINUOUS
10
0.88
20
0.38
11
0.88
21
0.32
0
LINE
8
BLACK
6
CONTINUOUS
10
0.88
20
0.32
11
0.82
21
0.32
0
LINE
8
BLACK
6
CONTINUOUS
10
0.82
20
0.32
11
0.82
21
0.3460629921259842
0
LINE
8
BLACK
6
CONTINUOUS
10
0.82
20
0.3460629921259842
11
0.78
21
0.3460629921259842
0
LINE
8
BLACK
6
CONTINUOUS
10
0.78
20
0.3460629921259842
11
0.78
21
0.32
0
LINE
8
BLACK
6
CONTINUOUS
10
0.78
20
0.32
11
0.72
21
0.32
0
LINE
8
BLACK
6
CONTINUOUS
10
0.72
20
0.32
11
0.72
21
0.3460629921259842
0
LINE
8
BLACK
6
CONTINUOUS
10
0.72
20
0.3460629921259842
11
0.6746025196850394
21
0.3460629921259842
0
LINE
8
BLACK
6
CONTINUOUS
10
0.6746025196850394
20
0.3460629921259842
11
0.6724831102362204
21
0.3446468503937008
0
LINE
8
BLACK
6
CONTINUOUS
10
0.6724831102362204
20
0.3446468503937008
11
0.6687165354330709
21
0.3438976377952756
0
LINE
8
BLACK
6
CONTINUOUS
10
0.6687165354330709
20
0.3438976377952756
11
0.6332834645669291
21
0.3438976377952756
0
LINE
8
BLACK
6
CONTINUOUS
10
0.6332834645669291
20
0.3438976377952756
11
0.6295168897637795
21
0.3446468503937008
0
LINE
8
BLACK
6
CONTINUOUS
10
0.6295168897637795
20
0.3446468503937008
11
0.6263237401574803
21
0.3467804330708661
0
LINE
8
BLACK
6
CONTINUOUS
10
0.6263237401574803
20
0.3467804330708661
11
0.6241901574803149
21
0.3499735826771653
0
LINE
8
BLACK
6
CONTINUOUS
10
0.6241901574803149
20
0.3499735826771653
11
0.6234409448818897
21
0.353740157480315
0
LINE
8
BLACK
6
CONTINUOUS
10
0.6234409448818897
20
0.353740157480315
11
0.6234409448818897
21
0.3601377952755905
0
LINE
8
BLACK
6
CONTINUOUS
10
0.6234409448818897
20
0.3601377952755905
11
0.6058353937007874
21
0.3601377952755905
0
LINE
8
BLACK
6
CONTINUOUS
10
0.6058353937007874
20
0.3601377952755905
11
0.586348779527559
21
0.340651220472441
0
LINE
8
BLACK
6
CONTINUOUS
10
0.586348779527559
20
0.340651220472441
11
0.5863498031496063
21
0.340650157480315
0
LINE
8
BLACK
6
CONTINUOUS
10
0.5863498031496063
20
0.340650157480315
11
0.5854022047244094
21
0.3397025590551181
0
LINE
8
BLACK
6
CONTINUOUS
10
0.5854022047244094
20
0.3397025590551181
11
0.5843764566929134
21
0.3372263779527559
0
LINE
8
BLACK
6
CONTINUOUS
10
0.5843764566929134
20
0.3372263779527559
11
0.5843762598425196
21
0.3345461811023622
0
LINE
8
BLACK
6
CONTINUOUS
10
0.5843762598425196
20
0.3345461811023622
11
0.5854016929133858
21
0.332069842519685
0
LINE
8
BLACK
6
CONTINUOUS
10
0.5854016929133858
20
0.332069842519685
11
0.5863491732283465
21
0.3311221259842519
0
LINE
8
BLACK
6
CONTINUOUS
10
0.5863491732283465
20
0.3311221259842519
11
0.5863491338582677
21
0.3311221259842519
0
LINE
8
BLACK
6
CONTINUOUS
10
0.5863491338582677
20
0.3311221259842519
11
0.586349251968504
21
0.3311218897637795
0
LINE
8
BLACK
6
CONTINUOUS
10
0.586349251968504
20
0.3311218897637795
11
0.5867012992125984
21
0.3306629921259843
0
LINE
8
BLACK
6
CONTINUOUS
10
0.5867012992125984
20
0.3306629921259843
11
0.5868383858267716
21
0.330525905511811
0
LINE
8
BLACK
6
CONTINUOUS
10
0.5868383858267716
20
0.330525905511811
11
0.5868758267716535
21
0.3304354724409449
0
LINE
8
BLACK
6
CONTINUOUS
10
0.5868758267716535
20
0.3304354724409449
11
0.5886705905511811
21
0.3280959448818898
0
LINE
8
BLACK
6
CONTINUOUS
10
0.5886705905511811
20
0.3280959448818898
11
0.5901298818897638
21
0.3245720078740157
0
LINE
8
BLACK
6
CONTINUOUS
10
0.5901298818897638
20
0.3245720078740157
11
0.5906274803149606
21
0.3207904724409449
0
LINE
8
BLACK
6
CONTINUOUS
10
0.5906274803149606
20
0.3207904724409449
11
0.5901294488188976
21
0.3170089763779527
0
LINE
8
BLACK
6
CONTINUOUS
10
0.5901294488188976
20
0.3170089763779527
11
0.5886697244094488
21
0.3134852362204724
0
LINE
8
BLACK
6
CONTINUOUS
10
0.5886697244094488
20
0.3134852362204724
11
0.5868777559055118
21
0.3111499606299212
0
LINE
8
BLACK
6
CONTINUOUS
10
0.5868777559055118
20
0.3111499606299212
11
0.5868384251968504
21
0.3110549606299213
0
LINE
8
BLACK
6
CONTINUOUS
10
0.5868384251968504
20
0.3110549606299213
11
0.586348779527559
21
0.3104583858267717
0
LINE
8
BLACK
6
CONTINUOUS
10
0.586348779527559
20
0.3104583858267717
11
0.5863487401574803
21
0.3104583464566929
0
LINE
8
BLACK
6
CONTINUOUS
10
0.5863487401574803
20
0.3104583464566929
11
0.586348779527559
21
0.3104583070866141
0
LINE
8
BLACK
6
CONTINUOUS
10
0.586348779527559
20
0.3104583070866141
11
0.5863485826771654
21
0.3104582283464567
0
LINE
8
BLACK
6
CONTINUOUS
10
0.5863485826771654
20
0.3104582283464567
11
0.5847418897637795
21
0.3088514173228347
0
LINE
8
BLACK
6
CONTINUOUS
10
0.5847418897637795
20
0.3088514173228347
11
0.5841452755905512
21
0.3083617716535433
0
LINE
8
BLACK
6
CONTINUOUS
10
0.5841452755905512
20
0.3083617716535433
11
0.584055
21
0.3083244094488189
0
LINE
8
BLACK
6
CONTINUOUS
10
0.584055
20
0.3083244094488189
11
0.5817156299212598
21
0.3065293307086614
0
LINE
8
BLACK
6
CONTINUOUS
10
0.5817156299212598
20
0.3065293307086614
11
0.5781915354330709
21
0.3050696062992126
0
LINE
8
BLACK
6
CONTINUOUS
10
0.5781915354330709
20
0.3050696062992126
11
0.5744097637795276
21
0.3045717322834646
0
LINE
8
BLACK
6
CONTINUOUS
10
0.5744097637795276
20
0.3045717322834646
11
0.5706279921259843
21
0.3050696062992126
0
LINE
8
BLACK
6
CONTINUOUS
10
0.5706279921259843
20
0.3050696062992126
11
0.5671038976377952
21
0.3065293307086614
0
LINE
8
BLACK
6
CONTINUOUS
10
0.5671038976377952
20
0.3065293307086614
11
0.5647644488188976
21
0.3083244488188976
0
LINE
8
BLACK
6
CONTINUOUS
10
0.5647644488188976
20
0.3083244488188976
11
0.5646742913385827
21
0.3083617716535433
0
LINE
8
BLACK
6
CONTINUOUS
10
0.5646742913385827
20
0.3083617716535433
11
0.5645374015748031
21
0.3084986614173229
0
LINE
8
BLACK
6
CONTINUOUS
10
0.5645374015748031
20
0.3084986614173229
11
0.5640782677165355
21
0.3088509448818897
0
LINE
8
BLACK
6
CONTINUOUS
10
0.5640782677165355
20
0.3088509448818897
11
0.5640780708661417
21
0.308851062992126
0
LINE
8
BLACK
6
CONTINUOUS
10
0.5640780708661417
20
0.308851062992126
11
0.5640780708661417
21
0.3088511023622047
0
LINE
8
BLACK
6
CONTINUOUS
10
0.5640780708661417
20
0.3088511023622047
11
0.564077716535433
21
0.3088513779527559
0
LINE
8
BLACK
6
CONTINUOUS
10
0.564077716535433
20
0.3088513779527559
11
0.5640733858267717
21
0.3088588582677165
0
LINE
8
BLACK
6
CONTINUOUS
10
0.5640733858267717
20
0.3088588582677165
11
0.5631316929133858
21
0.3098003543307086
0
LINE
8
BLACK
6
CONTINUOUS
10
0.5631316929133858
20
0.3098003543307086
11
0.5606546850393701
21
0.3108259842519685
0
LINE
8
BLACK
6
CONTINUOUS
10
0.5606546850393701
20
0.3108259842519685
11
0.557973779527559
21
0.3108257086614173
0
LINE
8
BLACK
6
CONTINUOUS
10
0.557973779527559
20
0.3108257086614173
11
0.5554970078740157
21
0.3097995275590551
0
LINE
8
BLACK
6
CONTINUOUS
10
0.5554970078740157
20
0.3097995275590551
11
0.5545492519685039
21
0.3088516141732283
0
LINE
8
BLACK
6
CONTINUOUS
10
0.5545492519685039
20
0.3088516141732283
11
0.5545491732283464
21
0.3088516141732283
0
LINE
8
BLACK
6
CONTINUOUS
10
0.5545491732283464
20
0.3088516141732283
11
0.5545490551181103
21
0.3088514173228347
0
LINE
8
BLACK
6
CONTINUOUS
10
0.5545490551181103
20
0.3088514173228347
11
0.5545490551181103
21
0.3088513779527559
0
LINE
8
BLACK
6
CONTINUOUS
10
0.5545490551181103
20
0.3088513779527559
11
0.5545488188976377
21
0.308851220472441
0
LINE
8
BLACK
6
CONTINUOUS
10
0.5545488188976377
20
0.308851220472441
11
0.5150554330708661
21
0.2693578346456693
0
LINE
8
BLACK
6
CONTINUOUS
10
0.5150554330708661
20
0.2693578346456693
11
0.5144588188976378
21
0.2688682283464567
0
LINE
8
BLACK
6
CONTINUOUS
10
0.5144588188976378
20
0.2688682283464567
11
0.5130396062992126
21
0.2682803543307087
0
LINE
8
BLACK
6
CONTINUOUS
10
0.5130396062992126
20
0.2682803543307087
11
0.5122715354330708
21
0.2682047244094488
0
LINE
8
BLACK
6
CONTINUOUS
10
0.5122715354330708
20
0.2682047244094488
11
0.4433237401574803
21
0.2682047244094488
0
LINE
8
BLACK
6
CONTINUOUS
10
0.4433237401574803
20
0.2682047244094488
11
0.4179020472440945
21
0.242783031496063
0
LINE
8
BLACK
6
CONTINUOUS
10
0.4179020472440945
20
0.242783031496063
11
0.4173054330708661
21
0.2422934251968504
0
LINE
8
BLACK
6
CONTINUOUS
10
0.4173054330708661
20
0.2422934251968504
11
0.4158862204724409
21
0.2417055511811023
0
LINE
8
BLACK
6
CONTINUOUS
10
0.4158862204724409
20
0.2417055511811023
11
0.4151181496062992
21
0.2416299212598425
0
LINE
8
BLACK
6
CONTINUOUS
10
0.4151181496062992
20
0.2416299212598425
11
0.3934645669291338
21
0.2416299212598425
0
LINE
8
BLACK
6
CONTINUOUS
10
0.3934645669291338
20
0.2416299212598425
11
0.3934645669291338
21
0.2239133858267716
0
LINE
8
BLACK
6
CONTINUOUS
10
0.3934645669291338
20
0.2239133858267716
11
0.3931648818897638
21
0.2224067716535433
0
LINE
8
BLACK
6
CONTINUOUS
10
0.3931648818897638
20
0.2224067716535433
11
0.3923114566929134
21
0.2211294881889764
0
LINE
8
BLACK
6
CONTINUOUS
10
0.3923114566929134
20
0.2211294881889764
11
0.3910341732283464
21
0.220276062992126
0
LINE
8
BLACK
6
CONTINUOUS
10
0.3910341732283464
20
0.220276062992126
11
0.3895275590551181
21
0.2199763779527559
0
LINE
8
BLACK
6
CONTINUOUS
10
0.3895275590551181
20
0.2199763779527559
11
0.3816535433070866
21
0.2199763779527559
0
LINE
8
BLACK
6
CONTINUOUS
10
0.3816535433070866
20
0.2199763779527559
11
0.3801469291338583
21
0.220276062992126
0
LINE
8
BLACK
6
CONTINUOUS
10
0.3801469291338583
20
0.220276062992126
11
0.3788696456692913
21
0.2211294881889764
0
LINE
8
BLACK
6
CONTINUOUS
10
0.3788696456692913
20
0.2211294881889764
11
0.3780162204724409
21
0.2224067716535433
0
LINE
8
BLACK
6
CONTINUOUS
10
0.3780162204724409
20
0.2224067716535433
11
0.3777165354330709
21
0.2239133858267716
0
LINE
8
BLACK
6
CONTINUOUS
10
0.3777165354330709
20
0.2239133858267716
11
0.3777165354330709
21
0.2682047244094488
0
LINE
8
BLACK
6
CONTINUOUS
10
0.3777165354330709
20
0.2682047244094488
11
0.3780162204724409
21
0.2697113385826772
0
LINE
8
BLACK
6
CONTINUOUS
10
0.3780162204724409
20
0.2697113385826772
11
0.3788696456692913
21
0.2709886220472441
0
LINE
8
BLACK
6
CONTINUOUS
10
0.3788696456692913
20
0.2709886220472441
11
0.3801469291338583
21
0.2718420472440945
0
LINE
8
BLACK
6
CONTINUOUS
10
0.3801469291338583
20
0.2718420472440945
11
0.3816535433070866
21
0.2721417322834646
0
LINE
8
BLACK
6
CONTINUOUS
10
0.3816535433070866
20
0.2721417322834646
11
0.3895275590551181
21
0.2721417322834646
0
LINE
8
BLACK
6
CONTINUOUS
10
0.3895275590551181
20
0.2721417322834646
11
0.3910341732283464
21
0.2718420472440945
0
LINE
8
BLACK
6
CONTINUOUS
10
0.3910341732283464
20
0.2718420472440945
11
0.3923114566929134
21
0.2709886220472441
0
LINE
8
BLACK
6
CONTINUOUS
10
0.3923114566929134
20
0.2709886220472441
11
0.3931648818897638
21
0.2697113385826772
0
LINE
8
BLACK
6
CONTINUOUS
10
0.3931648818897638
20
0.2697113385826772
11
0.3934645669291338
21
0.2682047244094488
0
LINE
8
BLACK
6
CONTINUOUS
10
0.3934645669291338
20
0.2682047244094488
11
0.3934645669291338
21
0.249503937007874
0
LINE
8
BLACK
6
CONTINUOUS
10
0.3934645669291338
20
0.249503937007874
11
0.4134873622047244
21
0.249503937007874
0
LINE
8
BLACK
6
CONTINUOUS
10
0.4134873622047244
20
0.249503937007874
11
0.4389090551181102
21
0.2749256299212599
0
LINE
8
BLACK
6
CONTINUOUS
10
0.4389090551181102
20
0.2749256299212599
11
0.4395056692913386
21
0.2754152362204724
0
LINE
8
BLACK
6
CONTINUOUS
10
0.4395056692913386
20
0.2754152362204724
11
0.4409248818897638
21
0.2760031102362205
0
LINE
8
BLACK
6
CONTINUOUS
10
0.4409248818897638
20
0.2760031102362205
11
0.4416929527559055
21
0.2760787401574803
0
LINE
8
BLACK
6
CONTINUOUS
10
0.4416929527559055
20
0.2760787401574803
11
0.5106407480314961
21
0.2760787401574803
0
LINE
8
BLACK
6
CONTINUOUS
10
0.5106407480314961
20
0.2760787401574803
11
0.548981062992126
21
0.3144189763779527
0
LINE
8
BLACK
6
CONTINUOUS
10
0.548981062992126
20
0.3144189763779527
11
0.5489812598425197
21
0.3144191732283464
0
LINE
8
BLACK
6
CONTINUOUS
10
0.5489812598425197
20
0.3144191732283464
11
0.5489812992125984
21
0.3144191732283464
0
LINE
8
BLACK
6
CONTINUOUS
10
0.5489812992125984
20
0.3144191732283464
11
0.549577874015748
21
0.3149088188976378
0
LINE
8
BLACK
6
CONTINUOUS
10
0.549577874015748
20
0.3149088188976378
11
0.549668031496063
21
0.3149461811023622
0
LINE
8
BLACK
6
CONTINUOUS
10
0.549668031496063
20
0.3149461811023622
11
0.5520072440944882
21
0.3167414173228346
0
LINE
8
BLACK
6
CONTINUOUS
10
0.5520072440944882
20
0.3167414173228346
11
0.5555314173228346
21
0.3182015354330708
0
LINE
8
BLACK
6
CONTINUOUS
10
0.5555314173228346
20
0.3182015354330708
11
0.5593133858267716
21
0.318699842519685
0
LINE
8
BLACK
6
CONTINUOUS
10
0.5593133858267716
20
0.318699842519685
11
0.5630954724409448
21
0.3182023622047244
0
LINE
8
BLACK
6
CONTINUOUS
10
0.5630954724409448
20
0.3182023622047244
11
0.5666199606299213
21
0.3167429921259842
0
LINE
8
BLACK
6
CONTINUOUS
10
0.5666199606299213
20
0.3167429921259842
11
0.5689663779527558
21
0.3149429921259843
0
LINE
8
BLACK
6
CONTINUOUS
10
0.5689663779527558
20
0.3149429921259843
11
0.5690488582677166
21
0.3149088188976378
0
LINE
8
BLACK
6
CONTINUOUS
10
0.5690488582677166
20
0.3149088188976378
11
0.569173779527559
21
0.3147838976377953
0
LINE
8
BLACK
6
CONTINUOUS
10
0.569173779527559
20
0.3147838976377953
11
0.5696466535433071
21
0.3144211417322835
0
LINE
8
BLACK
6
CONTINUOUS
10
0.5696466535433071
20
0.3144211417322835
11
0.5696450787401575
21
0.3144195669291339
0
LINE
8
BLACK
6
CONTINUOUS
10
0.5696450787401575
20
0.3144195669291339
11
0.5696452362204725
21
0.3144192913385827
0
LINE
8
BLACK
6
CONTINUOUS
10
0.5696452362204725
20
0.3144192913385827
11
0.5696454330708661
21
0.3144191732283464
0
LINE
8
BLACK
6
CONTINUOUS
10
0.5696454330708661
20
0.3144191732283464
11
0.5705931102362205
21
0.3134714960629921
0
LINE
8
BLACK
6
CONTINUOUS
10
0.5705931102362205
20
0.3134714960629921
11
0.5730695275590552
21
0.3124457480314961
0
LINE
8
BLACK
6
CONTINUOUS
10
0.5730695275590552
20
0.3124457480314961
11
0.57575
21
0.3124457480314961
0
LINE
8
BLACK
6
CONTINUOUS
10
0.57575
20
0.3124457480314961
11
0.5782264173228346
21
0.3134714960629921
0
LINE
8
BLACK
6
CONTINUOUS
10
0.5782264173228346
20
0.3134714960629921
11
0.5791738188976377
21
0.314418937007874
0
LINE
8
BLACK
6
CONTINUOUS
10
0.5791738188976377
20
0.314418937007874
11
0.5791740157480315
21
0.3144191338582677
0
LINE
8
BLACK
6
CONTINUOUS
10
0.5791740157480315
20
0.3144191338582677
11
0.5807809448818898
21
0.3160261023622047
0
LINE
8
BLACK
6
CONTINUOUS
10
0.5807809448818898
20
0.3160261023622047
11
0.5807809448818898
21
0.3160261417322834
0
LINE
8
BLACK
6
CONTINUOUS
10
0.5807809448818898
20
0.3160261417322834
11
0.5807800393700787
21
0.3160270472440945
0
LINE
8
BLACK
6
CONTINUOUS
10
0.5807800393700787
20
0.3160270472440945
11
0.5817276771653543
21
0.3169746456692913
0
LINE
8
BLACK
6
CONTINUOUS
10
0.5817276771653543
20
0.3169746456692913
11
0.5827534251968504
21
0.3194508267716535
0
LINE
8
BLACK
6
CONTINUOUS
10
0.5827534251968504
20
0.3194508267716535
11
0.5827535826771654
21
0.322131062992126
0
LINE
8
BLACK
6
CONTINUOUS
10
0.5827535826771654
20
0.322131062992126
11
0.5817281102362205
21
0.3246073622047244
0
LINE
8
BLACK
6
CONTINUOUS
10
0.5817281102362205
20
0.3246073622047244
11
0.5807805905511811
21
0.3255550393700787
0
LINE
8
BLACK
6
CONTINUOUS
10
0.5807805905511811
20
0.3255550393700787
11
0.5807806299212598
21
0.3255550787401575
0
LINE
8
BLACK
6
CONTINUOUS
10
0.5807806299212598
20
0.3255550787401575
11
0.5807804330708661
21
0.3255554330708662
0
LINE
8
BLACK
6
CONTINUOUS
10
0.5807804330708661
20
0.3255554330708662
11
0.5804285039370078
21
0.3260141732283465
0
LINE
8
BLACK
6
CONTINUOUS
10
0.5804285039370078
20
0.3260141732283465
11
0.5802913385826771
21
0.3261513385826771
0
LINE
8
BLACK
6
CONTINUOUS
10
0.5802913385826771
20
0.3261513385826771
11
0.5802538188976378
21
0.3262418897637795
0
LINE
8
BLACK
6
CONTINUOUS
10
0.5802538188976378
20
0.3262418897637795
11
0.5784591338582677
21
0.3285813779527559
0
LINE
8
BLACK
6
CONTINUOUS
10
0.5784591338582677
20
0.3285813779527559
11
0.5769999212598425
21
0.3321053149606299
0
LINE
8
BLACK
6
CONTINUOUS
10
0.5769999212598425
20
0.3321053149606299
11
0.5765023622047244
21
0.3358868110236221
0
LINE
8
BLACK
6
CONTINUOUS
10
0.5765023622047244
20
0.3358868110236221
11
0.5770004330708661
21
0.3396682677165354
0
LINE
8
BLACK
6
CONTINUOUS
10
0.5770004330708661
20
0.3396682677165354
11
0.5784601181102362
21
0.3431920078740157
0
LINE
8
BLACK
6
CONTINUOUS
10
0.5784601181102362
20
0.3431920078740157
11
0.5802518503937008
21
0.3455270078740157
0
LINE
8
BLACK
6
CONTINUOUS
10
0.5802518503937008
20
0.3455270078740157
11
0.5802913779527559
21
0.3456223622047244
0
LINE
8
BLACK
6
CONTINUOUS
10
0.5802913779527559
20
0.3456223622047244
11
0.5807809842519684
21
0.3462189763779527
0
LINE
8
BLACK
6
CONTINUOUS
10
0.5807809842519684
20
0.3462189763779527
11
0.6014207086614173
21
0.3668587007874016
0
LINE
8
BLACK
6
CONTINUOUS
10
0.6014207086614173
20
0.3668587007874016
11
0.6020173228346457
21
0.3673483070866141
0
LINE
8
BLACK
6
CONTINUOUS
10
0.6020173228346457
20
0.3673483070866141
11
0.6034365354330709
21
0.3679361811023622
0
LINE
8
BLACK
6
CONTINUOUS
10
0.6034365354330709
20
0.3679361811023622
11
0.6042046062992126
21
0.368011811023622
0
LINE
8
BLACK
6
CONTINUOUS
10
0.6042046062992126
20
0.368011811023622
11
0.6234409448818897
21
0.368011811023622
0
LINE
8
BLACK
6
CONTINUOUS
10
0.6234409448818897
20
0.368011811023622
11
0.6234409448818897
21
0.3744094488188976
0
LINE
8
BLACK
6
CONTINUOUS
10
0.6234409448818897
20
0.3744094488188976
11
0.6241901574803149
21
0.3781760236220472
0
LINE
8
BLACK
6
CONTINUOUS
10
0.6241901574803149
20
0.3781760236220472
11
0.6263237401574803
21
0.3813691732283465
0
LINE
8
BLACK
6
CONTINUOUS
10
0.6263237401574803
20
0.3813691732283465
11
0.6295168897637795
21
0.3835027559055118
0
LINE
8
BLACK
6
CONTINUOUS
10
0.6295168897637795
20
0.3835027559055118
11
0.6332834645669291
21
0.384251968503937
0
LINE
8
BLACK
6
CONTINUOUS
10
0.6332834645669291
20
0.384251968503937
11
0.6687165354330709
21
0.384251968503937
0
LINE
8
BLACK
6
CONTINUOUS
10
0.6687165354330709
20
0.384251968503937
11
0.6724831102362204
21
0.3835027559055118
0
LINE
8
BLACK
6
CONTINUOUS
10
0.78
20
0.4539370078740158
11
0.82
21
0.4539370078740158
0
LINE
8
BLACK
6
CONTINUOUS
10
0.82
20
0.4539370078740158
11
0.82
21
0.48
0
LINE
8
BLACK
6
CONTINUOUS
10
0.82
20
0.48
11
0.88
21
0.48
0
LINE
8
BLACK
6
CONTINUOUS
10
0.88
20
0.48
11
0.88
21
0.42
0
LINE
8
BLACK
6
CONTINUOUS
10
0.88
20
0.42
11
0.82
21
0.42
0
LINE
8
BLACK
6
CONTINUOUS
10
0.82
20
0.42
11
0.82
21
0.4460629921259842
0
LINE
8
BLACK
6
CONTINUOUS
10
0.82
20
0.4460629921259842
11
0.78
21
0.4460629921259842
0
LINE
8
BLACK
6
CONTINUOUS
10
0.78
20
0.4460629921259842
11
0.78
21
0.42
0
LINE
8
BLACK
6
CONTINUOUS
10
0.78
20
0.42
11
0.72
21
0.42
0
LINE
8
BLACK
6
CONTINUOUS
10
0.72
20
0.42
11
0.72
21
0.4460629921259842
0
LINE
8
BLACK
6
CONTINUOUS
10
0.72
20
0.4460629921259842
11
0.6785590551181102
21
0.4460629921259842
0
LINE
8
BLACK
6
CONTINUOUS
10
0.6785590551181102
20
0.4460629921259842
11
0.6785590551181102
21
0.4255905511811023
0
LINE
8
BLACK
6
CONTINUOUS
10
0.6785590551181102
20
0.4255905511811023
11
0.677809842519685
21
0.4218239763779528
0
LINE
8
BLACK
6
CONTINUOUS
10
0.677809842519685
20
0.4218239763779528
11
0.6756762598425197
21
0.4186308267716535
0
LINE
8
BLACK
6
CONTINUOUS
10
0.6756762598425197
20
0.4186308267716535
11
0.6724831102362204
21
0.4164972440944882
0
LINE
8
BLACK
6
CONTINUOUS
10
0.6724831102362204
20
0.4164972440944882
11
0.6687165354330709
21
0.415748031496063
0
LINE
8
BLACK
6
CONTINUOUS
10
0.6687165354330709
20
0.415748031496063
11
0.6363905905511811
21
0.415748031496063
0
LINE
8
BLACK
6
CONTINUOUS
10
0.6363905905511811
20
0.415748031496063
11
0.507716968503937
21
0.2870743700787401
0
LINE
8
BLACK
6
CONTINUOUS
10
0.507716968503937
20
0.2870743700787401
11
0.5071203543307087
21
0.2865847637795276
0
LINE
8
BLACK
6
CONTINUOUS
10
0.5071203543307087
20
0.2865847637795276
11
0.5057011417322834
21
0.2859968897637795
0
LINE
8
BLACK
6
CONTINUOUS
10
0.5057011417322834
20
0.2859968897637795
11
0.5049330708661417
21
0.2859212598425197
0
LINE
8
BLACK
6
CONTINUOUS
10
0.5049330708661417
20
0.2859212598425197
11
0.4416929527559055
21
0.2859212598425197
0
LINE
8
BLACK
6
CONTINUOUS
10
0.4416929527559055
20
0.2859212598425197
11
0.4409248818897638
21
0.2859968897637795
0
LINE
8
BLACK
6
CONTINUOUS
10
0.4409248818897638
20
0.2859968897637795
11
0.4395056692913386
21
0.2865847637795276
0
LINE
8
BLACK
6
CONTINUOUS
10
0.4395056692913386
20
0.2865847637795276
11
0.4389090551181102
21
0.2870743700787401
0
LINE
8
BLACK
6
CONTINUOUS
10
0.4389090551181102
20
0.2870743700787401
11
0.4134873622047244
21
0.312496062992126
0
LINE
8
BLACK
6
CONTINUOUS
10
0.4134873622047244
20
0.312496062992126
11
0.3934645669291338
21
0.312496062992126
0
LINE
8
BLACK
6
CONTINUOUS
10
0.3934645669291338
20
0.312496062992126
11
0.3934645669291338
21
0.2937952755905512
0
LINE
8
BLACK
6
CONTINUOUS
10
0.3934645669291338
20
0.2937952755905512
11
0.3931648818897638
21
0.2922886614173228
0
LINE
8
BLACK
6
CONTINUOUS
10
0.3931648818897638
20
0.2922886614173228
11
0.3923114566929134
21
0.2910113779527559
0
LINE
8
BLACK
6
CONTINUOUS
10
0.3923114566929134
20
0.2910113779527559
11
0.3910341732283464
21
0.2901579527559055
0
LINE
8
BLACK
6
CONTINUOUS
10
0.3910341732283464
20
0.2901579527559055
11
0.3895275590551181
21
0.2898582677165354
0
LINE
8
BLACK
6
CONTINUOUS
10
0.3895275590551181
20
0.2898582677165354
11
0.3816535433070866
21
0.2898582677165354
0
LINE
8
BLACK
6
CONTINUOUS
10
0.3816535433070866
20
0.2898582677165354
11
0.3801469291338583
21
0.2901579527559055
0
LINE
8
BLACK
6
CONTINUOUS
10
0.3801469291338583
20
0.2901579527559055
11
0.3788696456692913
21
0.2910113779527559
0
LINE
8
BLACK
6
CONTINUOUS
10
0.3788696456692913
20
0.2910113779527559
11
0.3780162204724409
21
0.2922886614173228
0
LINE
8
BLACK
6
CONTINUOUS
10
0.3780162204724409
20
0.2922886614173228
11
0.3777165354330709
21
0.2937952755905512
0
LINE
8
BLACK
6
CONTINUOUS
10
0.3777165354330709
20
0.2937952755905512
11
0.3777165354330709
21
0.3380866141732283
0
LINE
8
BLACK
6
CONTINUOUS
10
0.3777165354330709
20
0.3380866141732283
11
0.3780162204724409
21
0.3395932283464567
0
LINE
8
BLACK
6
CONTINUOUS
10
0.3780162204724409
20
0.3395932283464567
11
0.3788696456692913
21
0.3408705118110236
0
LINE
8
BLACK
6
CONTINUOUS
10
0.3788696456692913
20
0.3408705118110236
11
0.3801469291338583
21
0.341723937007874
0
LINE
8
BLACK
6
CONTINUOUS
10
0.3801469291338583
20
0.341723937007874
11
0.3816535433070866
21
0.3420236220472441
0
LINE
8
BLACK
6
CONTINUOUS
10
0.3816535433070866
20
0.3420236220472441
11
0.3895275590551181
21
0.3420236220472441
0
LINE
8
BLACK
6
CONTINUOUS
10
0.3895275590551181
20
0.3420236220472441
11
0.3910341732283464
21
0.341723937007874
0
LINE
8
BLACK
6
CONTINUOUS
10
0.3910341732283464
20
0.341723937007874
11
0.3923114566929134
21
0.3408705118110236
0
LINE
8
BLACK
6
CONTINUOUS
10
0.3923114566929134
20
0.3408705118110236
11
0.3931648818897638
21
0.3395932283464567
0
LINE
8
BLACK
6
CONTINUOUS
10
0.3931648818897638
20
0.3395932283464567
11
0.3934645669291338
21
0.3380866141732283
0
LINE
8
BLACK
6
CONTINUOUS
10
0.3934645669291338
20
0.3380866141732283
11
0.3934645669291338
21
0.3203700787401575
0
LINE
8
BLACK
6
CONTINUOUS
10
0.3934645669291338
20
0.3203700787401575
11
0.4151181496062992
21
0.3203700787401575
0
LINE
8
BLACK
6
CONTINUOUS
10
0.4151181496062992
20
0.3203700787401575
11
0.4158862204724409
21
0.3202944488188976
0
LINE
8
BLACK
6
CONTINUOUS
10
0.4158862204724409
20
0.3202944488188976
11
0.4173054330708661
21
0.3197065748031496
0
LINE
8
BLACK
6
CONTINUOUS
10
0.4173054330708661
20
0.3197065748031496
11
0.4179020472440945
21
0.319216968503937
0
LINE
8
BLACK
6
CONTINUOUS
10
0.4179020472440945
20
0.319216968503937
11
0.4433237401574803
21
0.2937952755905512
0
LINE
8
BLACK
6
CONTINUOUS
10
0.4433237401574803
20
0.2937952755905512
11
0.503302283464567
21
0.2937952755905512
0
LINE
8
BLACK
6
CONTINUOUS
10
0.503302283464567
20
0.2937952755905512
11
0.6274112204724409
21
0.4179042125984252
0
LINE
8
BLACK
6
CONTINUOUS
10
0.6274112204724409
20
0.4179042125984252
11
0.6263237401574803
21
0.4186308267716535
0
LINE
8
BLACK
6
CONTINUOUS
10
0.6263237401574803
20
0.4186308267716535
11
0.6241901574803149
21
0.4218239763779528
0
LINE
8
BLACK
6
CONTINUOUS
10
0.6241901574803149
20
0.4218239763779528
11
0.6234409448818897
21
0.4255905511811023
0
LINE
8
BLACK
6
CONTINUOUS
10
0.6234409448818897
20
0.4255905511811023
11
0.6234409448818897
21
0.446259842519685
0
LINE
8
BLACK
6
CONTINUOUS
10
0.6234409448818897
20
0.446259842519685
11
0.6241901574803149
21
0.4500264173228347
0
LINE
8
BLACK
6
CONTINUOUS
10
0.6241901574803149
20
0.4500264173228347
11
0.6263237401574803
21
0.4532195669291338
0
LINE
8
BLACK
6
CONTINUOUS
10
0.6263237401574803
20
0.4532195669291338
11
0.6295168897637795
21
0.4553531496062992
0
LINE
8
BLACK
6
CONTINUOUS
10
0.6295168897637795
20
0.4553531496062992
11
0.6332834645669291
21
0.4561023622047244
0
LINE
8
BLACK
6
CONTINUOUS
10
0.6332834645669291
20
0.4561023622047244
11
0.6687165354330709
21
0.4561023622047244
0
LINE
8
BLACK
6
CONTINUOUS
10
0.6687165354330709
20
0.4561023622047244
11
0.6724831102362204
21
0.4553531496062992
0
LINE
8
BLACK
6
CONTINUOUS
10
0.6724831102362204
20
0.4553531496062992
11
0.6746025196850394
21
0.4539370078740158
0
LINE
8
BLACK
6
CONTINUOUS
10
0.6746025196850394
20
0.4539370078740158
11
0.72
21
0.4539370078740158
0
LINE
8
BLACK
6
CONTINUOUS
10
0.72
20
0.4539370078740158
11
0.72
21
0.48
0
LINE
8
BLACK
6
CONTINUOUS
10
0.72
20
0.48
11
0.78
21
0.48
0
LINE
8
BLACK
6
CONTINUOUS
10
0.78
20
0.48
11
0.78
21
0.4539370078740158
0
LINE
8
BLACK
6
CONTINUOUS
10
0.0114884645669291
20
0.4478528346456693
11
0.0188328346456693
21
0.4454664960629921
0
LINE
8
BLACK
6
CONTINUOUS
10
0.0188328346456693
20
0.4454664960629921
11
0.0257135039370079
21
0.4419606299212598
0
LINE
8
BLACK
6
CONTINUOUS
10
0.0257135039370079
20
0.4419606299212598
11
0.0319610236220472
21
0.4374215354330708
0
LINE
8
BLACK
6
CONTINUOUS
10
0.0319610236220472
20
0.4374215354330708
11
0.0374215354330709
21
0.4319610236220472
0
LINE
8
BLACK
6
CONTINUOUS
10
0.0374215354330709
20
0.4319610236220472
11
0.0419606299212598
21
0.4257135039370079
0
LINE
8
BLACK
6
CONTINUOUS
10
0.0419606299212598
20
0.4257135039370079
11
0.0454664960629921
21
0.4188328346456693
0
LINE
8
BLACK
6
CONTINUOUS
10
0.0454664960629921
20
0.4188328346456693
11
0.0478528346456693
21
0.4114884645669291
0
LINE
8
BLACK
6
CONTINUOUS
10
0.0478528346456693
20
0.4114884645669291
11
0.0488929921259843
21
0.4049212598425197
0
LINE
8
BLACK
6
CONTINUOUS
10
0.0488929921259843
20
0.4049212598425197
11
0.1700787401574803
21
0.4049212598425197
0
LINE
8
BLACK
6
CONTINUOUS
10
0.1700787401574803
20
0.4049212598425197
11
0.1710388188976378
21
0.4048266929133858
0
LINE
8
BLACK
6
CONTINUOUS
10
0.1710388188976378
20
0.4048266929133858
11
0.1710388582677165
21
0.4048266929133858
0
LINE
8
BLACK
6
CONTINUOUS
10
0.1710388582677165
20
0.4048266929133858
11
0.1715584251968504
21
0.4046114960629921
0
LINE
8
BLACK
6
CONTINUOUS
10
0.1715584251968504
20
0.4046114960629921
11
0.1728128346456693
21
0.4040918897637795
0
LINE
8
BLACK
6
CONTINUOUS
10
0.1728128346456693
20
0.4040918897637795
11
0.172813031496063
21
0.4040916929133858
0
LINE
8
BLACK
6
CONTINUOUS
10
0.172813031496063
20
0.4040916929133858
11
0.1735585826771653
21
0.4034798425196851
0
LINE
8
BLACK
6
CONTINUOUS
10
0.1735585826771653
20
0.4034798425196851
11
0.243479842519685
21
0.3335586220472441
0
LINE
8
BLACK
6
CONTINUOUS
10
0.243479842519685
20
0.3335586220472441
11
0.24348
21
0.3335584251968504
0
LINE
8
BLACK
6
CONTINUOUS
10
0.24348
20
0.3335584251968504
11
0.2556841338582677
21
0.3213543307086614
0
LINE
8
BLACK
6
CONTINUOUS
10
0.2556841338582677
20
0.3213543307086614
11
0.3265354330708661
21
0.3213543307086614
0
LINE
8
BLACK
6
CONTINUOUS
10
0.3265354330708661
20
0.3213543307086614
11
0.3265354330708661
21
0.3380866141732283
0
LINE
8
BLACK
6
CONTINUOUS
10
0.3265354330708661
20
0.3380866141732283
11
0.3268351181102362
21
0.3395932283464567
0
LINE
8
BLACK
6
CONTINUOUS
10
0.3268351181102362
20
0.3395932283464567
11
0.3276885433070866
21
0.3408705118110236
0
LINE
8
BLACK
6
CONTINUOUS
10
0.3276885433070866
20
0.3408705118110236
11
0.3289658267716535
21
0.341723937007874
0
LINE
8
BLACK
6
CONTINUOUS
10
0.3289658267716535
20
0.341723937007874
11
0.3304724409448819
21
0.3420236220472441
0
LINE
8
BLACK
6
CONTINUOUS
10
0.3304724409448819
20
0.3420236220472441
11
0.3383464566929134
21
0.3420236220472441
0
LINE
8
BLACK
6
CONTINUOUS
10
0.3383464566929134
20
0.3420236220472441
11
0.3398530708661417
21
0.341723937007874
0
LINE
8
BLACK
6
CONTINUOUS
10
0.3398530708661417
20
0.341723937007874
11
0.3411303543307087
21
0.3408705118110236
0
LINE
8
BLACK
6
CONTINUOUS
10
0.3411303543307087
20
0.3408705118110236
11
0.341983779527559
21
0.3395932283464567
0
LINE
8
BLACK
6
CONTINUOUS
10
0.341983779527559
20
0.3395932283464567
11
0.3422834645669292
21
0.3380866141732283
0
LINE
8
BLACK
6
CONTINUOUS
10
0.3422834645669292
20
0.3380866141732283
11
0.3422834645669292
21
0.2937952755905512
0
LINE
8
BLACK
6
CONTINUOUS
10
0.3422834645669292
20
0.2937952755905512
11
0.341983779527559
21
0.2922886614173228
0
LINE
8
BLACK
6
CONTINUOUS
10
0.341983779527559
20
0.2922886614173228
11
0.3411303543307087
21
0.2910113779527559
0
LINE
8
BLACK
6
CONTINUOUS
10
0.3411303543307087
20
0.2910113779527559
11
0.3398530708661417
21
0.2901579527559055
0
LINE
8
BLACK
6
CONTINUOUS
10
0.3398530708661417
20
0.2901579527559055
11
0.3383464566929134
21
0.2898582677165354
0
LINE
8
BLACK
6
CONTINUOUS
10
0.3383464566929134
20
0.2898582677165354
11
0.3304724409448819
21
0.2898582677165354
0
LINE
8
BLACK
6
CONTINUOUS
10
0.3304724409448819
20
0.2898582677165354
11
0.3289658267716535
21
0.2901579527559055
0
LINE
8
BLACK
6
CONTINUOUS
10
0.3289658267716535
20
0.2901579527559055
11
0.3276885433070866
21
0.2910113779527559
0
LINE
8
BLACK
6
CONTINUOUS
10
0.3276885433070866
20
0.2910113779527559
11
0.3268351181102362
21
0.2922886614173228
0
LINE
8
BLACK
6
CONTINUOUS
10
0.3268351181102362
20
0.2922886614173228
11
0.3265354330708661
21
0.2937952755905512
0
LINE
8
BLACK
6
CONTINUOUS
10
0.3265354330708661
20
0.2937952755905512
11
0.3265354330708661
21
0.311511811023622
0
LINE
8
BLACK
6
CONTINUOUS
10
0.3265354330708661
20
0.311511811023622
11
0.2536456692913386
21
0.311511811023622
0
LINE
8
BLACK
6
CONTINUOUS
10
0.2536456692913386
20
0.311511811023622
11
0.2526855905511811
21
0.3116063779527559
0
LINE
8
BLACK
6
CONTINUOUS
10
0.2526855905511811
20
0.3116063779527559
11
0.2526855511811024
21
0.3116063779527559
0
LINE
8
BLACK
6
CONTINUOUS
10
0.2526855511811024
20
0.3116063779527559
11
0.251950748031496
21
0.3119107874015748
0
LINE
8
BLACK
6
CONTINUOUS
10
0.251950748031496
20
0.3119107874015748
11
0.2509115748031496
21
0.3123411811023622
0
LINE
8
BLACK
6
CONTINUOUS
10
0.2509115748031496
20
0.3123411811023622
11
0.2509115354330709
21
0.312341220472441
0
LINE
8
BLACK
6
CONTINUOUS
10
0.2509115354330709
20
0.312341220472441
11
0.2501657874015748
21
0.3129532283464567
0
LINE
8
BLACK
6
CONTINUOUS
10
0.2501657874015748
20
0.3129532283464567
11
0.2365203149606299
21
0.3265987401574803
0
LINE
8
BLACK
6
CONTINUOUS
10
0.2365203149606299
20
0.3265987401574803
11
0.2365201181102362
21
0.3265988976377953
0
LINE
8
BLACK
6
CONTINUOUS
10
0.2365201181102362
20
0.3265988976377953
11
0.1680403149606299
21
0.3950787401574803
0
LINE
8
BLACK
6
CONTINUOUS
10
0.1680403149606299
20
0.3950787401574803
11
0.0488929921259843
21
0.3950787401574803
0
LINE
8
BLACK
6
CONTINUOUS
10
0.0488929921259843
20
0.3950787401574803
11
0.0478528346456693
21
0.3885115354330709
0
LINE
8
BLACK
6
CONTINUOUS
10
0.0478528346456693
20
0.3885115354330709
11
0.0454664960629921
21
0.3811671653543307
0
LINE
8
BLACK
6
CONTINUOUS
10
0.0454664960629921
20
0.3811671653543307
11
0.0419606299212598
21
0.3742864960629921
0
LINE
8
BLACK
6
CONTINUOUS
10
0.0419606299212598
20
0.3742864960629921
11
0.0374215354330709
21
0.3680389763779527
0
LINE
8
BLACK
6
CONTINUOUS
10
0.0374215354330709
20
0.3680389763779527
11
0.0319610236220472
21
0.3625784645669291
0
LINE
8
BLACK
6
CONTINUOUS
10
0.0319610236220472
20
0.3625784645669291
11
0.0257135039370079
21
0.3580393700787401
0
LINE
8
BLACK
6
CONTINUOUS
10
0.0257135039370079
20
0.3580393700787401
11
0.0188328346456693
21
0.3545335039370079
0
LINE
8
BLACK
6
CONTINUOUS
10
0.0188328346456693
20
0.3545335039370079
11
0.0114884645669291
21
0.3521471653543307
0
LINE
8
BLACK
6
CONTINUOUS
10
0.0114884645669291
20
0.3521471653543307
11
0.0038611811023622
21
0.3509390944881889
0
LINE
8
BLACK
6
CONTINUOUS
10
0.0038611811023622
20
0.3509390944881889
11
-0.0038611811023622
21
0.3509390944881889
0
LINE
8
BLACK
6
CONTINUOUS
10
-0.0038611811023622
20
0.3509390944881889
11
-0.0114884645669291
21
0.3521471653543307
0
LINE
8
BLACK
6
CONTINUOUS
10
-0.0114884645669291
20
0.3521471653543307
11
-0.0188328346456693
21
0.3545335039370079
0
LINE
8
BLACK
6
CONTINUOUS
10
-0.0188328346456693
20
0.3545335039370079
11
-0.0257135039370079
21
0.3580393700787401
0
LINE
8
BLACK
6
CONTINUOUS
10
-0.0257135039370079
20
0.3580393700787401
11
-0.0319610236220472
21
0.3625784645669291
0
LINE
8
BLACK
6
CONTINUOUS
10
-0.0319610236220472
20
0.3625784645669291
11
-0.0374215354330709
21
0.3680389763779527
0
LINE
8
BLACK
6
CONTINUOUS
10
-0.0374215354330709
20
0.3680389763779527
11
-0.0419606299212598
21
0.3742864960629921
0
LINE
8
BLACK
6
CONTINUOUS
10
-0.0419606299212598
20
0.3742864960629921
11
-0.0454664960629921
21
0.3811671653543307
0
LINE
8
BLACK
6
CONTINUOUS
10
-0.0454664960629921
20
0.3811671653543307
11
-0.0478528346456693
21
0.3885115354330709
0
LINE
8
BLACK
6
CONTINUOUS
10
-0.0478528346456693
20
0.3885115354330709
11
-0.049060905511811
21
0.3961388188976378
0
LINE
8
BLACK
6
CONTINUOUS
10
-0.049060905511811
20
0.3961388188976378
11
-0.049060905511811
21
0.4038611811023622
0
LINE
8
BLACK
6
CONTINUOUS
10
-0.049060905511811
20
0.4038611811023622
11
-0.0478528346456693
21
0.4114884645669291
0
LINE
8
BLACK
6
CONTINUOUS
10
-0.0478528346456693
20
0.4114884645669291
11
-0.0454664960629921
21
0.4188328346456693
0
LINE
8
BLACK
6
CONTINUOUS
10
-0.0454664960629921
20
0.4188328346456693
11
-0.0419606299212598
21
0.4257135039370079
0
LINE
8
BLACK
6
CONTINUOUS
10
-0.0419606299212598
20
0.4257135039370079
11
-0.0374215354330709
21
0.4319610236220472
0
LINE
8
BLACK
6
CONTINUOUS
10
-0.0374215354330709
20
0.4319610236220472
11
-0.0319610236220472
21
0.4374215354330708
0
LINE
8
BLACK
6
CONTINUOUS
10
-0.0319610236220472
20
0.4374215354330708
11
-0.0257135039370079
21
0.4419606299212598
0
LINE
8
BLACK
6
CONTINUOUS
10
-0.0257135039370079
20
0.4419606299212598
11
-0.0188328346456693
21
0.4454664960629921
0
LINE
8
BLACK
6
CONTINUOUS
10
-0.0188328346456693
20
0.4454664960629921
11
-0.0114884645669291
21
0.4478528346456693
0
LINE
8
BLACK
6
CONTINUOUS
10
-0.0114884645669291
20
0.4478528346456693
11
-0.0038611811023622
21
0.449060905511811
0
LINE
8
BLACK
6
CONTINUOUS
10
-0.0038611811023622
20
0.449060905511811
11
0.0038611811023622
21
0.449060905511811
0
LINE
8
BLACK
6
CONTINUOUS
10
0.0038611811023622
20
0.449060905511811
11
0.0114884645669291
21
0.4478528346456693
0
LINE
8
BLACK
6
CONTINUOUS
10
0.3131654724409449
20
0.92084968503937
11
0.3150813385826772
21
0.9195695275590551
0
LINE
8
BLACK
6
CONTINUOUS
10
0.3150813385826772
20
0.9195695275590551
11
0.3163614960629921
21
0.9176536614173229
0
LINE
8
BLACK
6
CONTINUOUS
10
0.3163614960629921
20
0.9176536614173229
11
0.3168110236220472
21
0.9153937007874016
0
LINE
8
BLACK
6
CONTINUOUS
10
0.3168110236220472
20
0.9153937007874016
11
0.3168110236220472
21
0.8750393700787401
0
LINE
8
BLACK
6
CONTINUOUS
10
0.3168110236220472
20
0.8750393700787401
11
0.3163614960629921
21
0.8727794094488189
0
LINE
8
BLACK
6
CONTINUOUS
10
0.3163614960629921
20
0.8727794094488189
11
0.3150813385826772
21
0.8708635433070866
0
LINE
8
BLACK
6
CONTINUOUS
10
0.3150813385826772
20
0.8708635433070866
11
0.3131654724409449
21
0.8695833858267716
0
LINE
8
BLACK
6
CONTINUOUS
10
0.3131654724409449
20
0.8695833858267716
11
0.3109055118110236
21
0.8691338582677165
0
LINE
8
BLACK
6
CONTINUOUS
10
0.3109055118110236
20
0.8691338582677165
11
0.3099212598425197
21
0.8691338582677165
0
LINE
8
BLACK
6
CONTINUOUS
10
0.3099212598425197
20
0.8691338582677165
11
0.3099212598425197
21
0.8640384251968504
0
LINE
8
BLACK
6
CONTINUOUS
10
0.3099212598425197
20
0.8640384251968504
11
0.3357718503937008
21
0.8381878346456693
0
LINE
8
BLACK
6
CONTINUOUS
10
0.3357718503937008
20
0.8381878346456693
11
0.3375590551181102
21
0.8385433070866142
0
LINE
8
BLACK
6
CONTINUOUS
10
0.3375590551181102
20
0.8385433070866142
11
0.3572440944881889
21
0.8385433070866142
0
LINE
8
BLACK
6
CONTINUOUS
10
0.3572440944881889
20
0.8385433070866142
11
0.3610106692913386
21
0.837794094488189
0
LINE
8
BLACK
6
CONTINUOUS
10
0.3610106692913386
20
0.837794094488189
11
0.3642038188976378
21
0.8356605118110236
0
LINE
8
BLACK
6
CONTINUOUS
10
0.3642038188976378
20
0.8356605118110236
11
0.3663374015748032
21
0.8324673622047244
0
LINE
8
BLACK
6
CONTINUOUS
10
0.3663374015748032
20
0.8324673622047244
11
0.3670866141732284
21
0.8287007874015748
0
LINE
8
BLACK
6
CONTINUOUS
10
0.3670866141732284
20
0.8287007874015748
11
0.3670866141732284
21
0.8149212598425196
0
LINE
8
BLACK
6
CONTINUOUS
10
0.3670866141732284
20
0.8149212598425196
11
0.3929133858267717
21
0.8149212598425196
0
LINE
8
BLACK
6
CONTINUOUS
10
0.3929133858267717
20
0.8149212598425196
11
0.3929133858267717
21
0.8287007874015748
0
LINE
8
BLACK
6
CONTINUOUS
10
0.3929133858267717
20
0.8287007874015748
11
0.3936625984251969
21
0.8324673622047244
0
LINE
8
BLACK
6
CONTINUOUS
10
0.3936625984251969
20
0.8324673622047244
11
0.3957961811023622
21
0.8356605118110236
0
LINE
8
BLACK
6
CONTINUOUS
10
0.3957961811023622
20
0.8356605118110236
11
0.3989893307086614
21
0.837794094488189
0
LINE
8
BLACK
6
CONTINUOUS
10
0.3989893307086614
20
0.837794094488189
11
0.402755905511811
21
0.8385433070866142
0
LINE
8
BLACK
6
CONTINUOUS
10
0.402755905511811
20
0.8385433070866142
11
0.4224409448818898
21
0.8385433070866142
0
LINE
8
BLACK
6
CONTINUOUS
10
0.4224409448818898
20
0.8385433070866142
11
0.4262075196850393
21
0.837794094488189
0
LINE
8
BLACK
6
CONTINUOUS
10
0.4262075196850393
20
0.837794094488189
11
0.4294006692913386
21
0.8356605118110236
0
LINE
8
BLACK
6
CONTINUOUS
10
0.4294006692913386
20
0.8356605118110236
11
0.4315342519685039
21
0.8324673622047244
0
LINE
8
BLACK
6
CONTINUOUS
10
0.4315342519685039
20
0.8324673622047244
11
0.4322834645669291
21
0.8287007874015748
0
LINE
8
BLACK
6
CONTINUOUS
10
0.4322834645669291
20
0.8287007874015748
11
0.4322834645669291
21
0.7972746456692913
0
LINE
8
BLACK
6
CONTINUOUS
10
0.4322834645669291
20
0.7972746456692913
11
0.451479842519685
21
0.7780782677165354
0
LINE
8
BLACK
6
CONTINUOUS
10
0.451479842519685
20
0.7780782677165354
11
0.4520916535433071
21
0.7773327559055118
0
LINE
8
BLACK
6
CONTINUOUS
10
0.4520916535433071
20
0.7773327559055118
11
0.4520918897637795
21
0.7773325196850394
0
LINE
8
BLACK
6
CONTINUOUS
10
0.4520918897637795
20
0.7773325196850394
11
0.4528266929133858
21
0.7755585039370079
0
LINE
8
BLACK
6
CONTINUOUS
10
0.4528266929133858
20
0.7755585039370079
11
0.4529212598425197
21
0.7745984251968504
0
LINE
8
BLACK
6
CONTINUOUS
10
0.4529212598425197
20
0.7745984251968504
11
0.4529212598425197
21
0.6540384645669292
0
LINE
8
BLACK
6
CONTINUOUS
10
0.4529212598425197
20
0.6540384645669292
11
0.4769596850393701
21
0.63
0
LINE
8
BLACK
6
CONTINUOUS
10
0.4769596850393701
20
0.63
11
0.53
21
0.63
0
LINE
8
BLACK
6
CONTINUOUS
10
0.53
20
0.63
11
0.53
21
0.6049212598425197
0
LINE
8
BLACK
6
CONTINUOUS
10
0.53
20
0.6049212598425197
11
0.5814566929133859
21
0.6049212598425197
0
LINE
8
BLACK
6
CONTINUOUS
10
0.5814566929133859
20
0.6049212598425197
11
0.5814566929133859
21
0.6072440944881889
0
LINE
8
BLACK
6
CONTINUOUS
10
0.5814566929133859
20
0.6072440944881889
11
0.5822059055118111
21
0.6110106692913385
0
LINE
8
BLACK
6
CONTINUOUS
10
0.5822059055118111
20
0.6110106692913385
11
0.5843394881889764
21
0.6142038188976378
0
LINE
8
BLACK
6
CONTINUOUS
10
0.5843394881889764
20
0.6142038188976378
11
0.5875326377952755
21
0.6163374015748031
0
LINE
8
BLACK
6
CONTINUOUS
10
0.5875326377952755
20
0.6163374015748031
11
0.5912992125984252
21
0.6170866141732283
0
LINE
8
BLACK
6
CONTINUOUS
10
0.5912992125984252
20
0.6170866141732283
11
0.6287007874015748
21
0.6170866141732283
0
LINE
8
BLACK
6
CONTINUOUS
10
0.6287007874015748
20
0.6170866141732283
11
0.6324673622047244
21
0.6163374015748031
0
LINE
8
BLACK
6
CONTINUOUS
10
0.6324673622047244
20
0.6163374015748031
11
0.6356605118110236
21
0.6142038188976378
0
LINE
8
BLACK
6
CONTINUOUS
10
0.6356605118110236
20
0.6142038188976378
11
0.6377940944881889
21
0.6110106692913385
0
LINE
8
BLACK
6
CONTINUOUS
10
0.6377940944881889
20
0.6110106692913385
11
0.6385433070866141
21
0.6072440944881889
0
LINE
8
BLACK
6
CONTINUOUS
10
0.6385433070866141
20
0.6072440944881889
11
0.6385433070866141
21
0.5875590551181102
0
LINE
8
BLACK
6
CONTINUOUS
10
0.6385433070866141
20
0.5875590551181102
11
0.6377940944881889
21
0.5837924803149607
0
LINE
8
BLACK
6
CONTINUOUS
10
0.6377940944881889
20
0.5837924803149607
11
0.6356605118110236
21
0.5805993307086614
0
LINE
8
BLACK
6
CONTINUOUS
10
0.6356605118110236
20
0.5805993307086614
11
0.6324673622047244
21
0.5784657480314961
0
LINE
8
BLACK
6
CONTINUOUS
10
0.6324673622047244
20
0.5784657480314961
11
0.6287007874015748
21
0.5777165354330709
0
LINE
8
BLACK
6
CONTINUOUS
10
0.6287007874015748
20
0.5777165354330709
11
0.5912992125984252
21
0.5777165354330709
0
LINE
8
BLACK
6
CONTINUOUS
10
0.5912992125984252
20
0.5777165354330709
11
0.5875326377952755
21
0.5784657480314961
0
LINE
8
BLACK
6
CONTINUOUS
10
0.5875326377952755
20
0.5784657480314961
11
0.5843394881889764
21
0.5805993307086614
0
LINE
8
BLACK
6
CONTINUOUS
10
0.5843394881889764
20
0.5805993307086614
11
0.5822059055118111
21
0.5837924803149607
0
LINE
8
BLACK
6
CONTINUOUS
10
0.5822059055118111
20
0.5837924803149607
11
0.5814566929133859
21
0.5875590551181102
0
LINE
8
BLACK
6
CONTINUOUS
10
0.5814566929133859
20
0.5875590551181102
11
0.5814566929133859
21
0.5950787401574803
0
LINE
8
BLACK
6
CONTINUOUS
10
0.5814566929133859
20
0.5950787401574803
11
0.53
21
0.5950787401574803
0
LINE
8
BLACK
6
CONTINUOUS
10
0.53
20
0.5950787401574803
11
0.53
21
0.57
0
LINE
8
BLACK
6
CONTINUOUS
10
0.53
20
0.57
11
0.47
21
0.57
0
LINE
8
BLACK
6
CONTINUOUS
10
0.47
20
0.57
11
0.47
21
0.5950787401574803
0
LINE
8
BLACK
6
CONTINUOUS
10
0.47
20
0.5950787401574803
11
0.43
21
0.5950787401574803
0
LINE
8
BLACK
6
CONTINUOUS
10
0.43
20
0.5950787401574803
11
0.43
21
0.57
0
LINE
8
BLACK
6
CONTINUOUS
10
0.43
20
0.57
11
0.3769597244094488
21
0.57
0
LINE
8
BLACK
6
CONTINUOUS
10
0.3769597244094488
20
0.57
11
0.3499212598425196
21
0.5429615748031495
0
LINE
8
BLACK
6
CONTINUOUS
10
0.3499212598425196
20
0.5429615748031495
11
0.3499212598425196
21
0.4285433070866141
0
LINE
8
BLACK
6
CONTINUOUS
10
0.3499212598425196
20
0.4285433070866141
11
0.3624409448818898
21
0.4285433070866141
0
LINE
8
BLACK
6
CONTINUOUS
10
0.3624409448818898
20
0.4285433070866141
11
0.3662075196850393
21
0.4277940944881889
0
LINE
8
BLACK
6
CONTINUOUS
10
0.3662075196850393
20
0.4277940944881889
11
0.3694006692913386
21
0.4256605118110236
0
LINE
8
BLACK
6
CONTINUOUS
10
0.3694006692913386
20
0.4256605118110236
11
0.3715342519685039
21
0.4224673622047244
0
LINE
8
BLACK
6
CONTINUOUS
10
0.3715342519685039
20
0.4224673622047244
11
0.3722834645669291
21
0.4187007874015748
0
LINE
8
BLACK
6
CONTINUOUS
10
0.3722834645669291
20
0.4187007874015748
11
0.3722834645669291
21
0.3812992125984252
0
LINE
8
BLACK
6
CONTINUOUS
10
0.3722834645669291
20
0.3812992125984252
11
0.3715342519685039
21
0.3775326377952756
0
LINE
8
BLACK
6
CONTINUOUS
10
0.3715342519685039
20
0.3775326377952756
11
0.3694006692913386
21
0.3743394881889764
0
LINE
8
BLACK
6
CONTINUOUS
10
0.3694006692913386
20
0.3743394881889764
11
0.3662075196850393
21
0.372205905511811
0
LINE
8
BLACK
6
CONTINUOUS
10
0.3662075196850393
20
0.372205905511811
11
0.3649212598425197
21
0.3719500787401575
0
LINE
8
BLACK
6
CONTINUOUS
10
0.3649212598425197
20
0.3719500787401575
11
0.3649212598425197
21
0.341827874015748
0
LINE
8
BLACK
6
CONTINUOUS
10
0.3649212598425197
20
0.341827874015748
11
0.3654436220472441
21
0.341723937007874
0
LINE
8
BLACK
6
CONTINUOUS
10
0.3654436220472441
20
0.341723937007874
11
0.366720905511811
21
0.3408705118110236
0
LINE
8
BLACK
6
CONTINUOUS
10
0.366720905511811
20
0.3408705118110236
11
0.3675743307086614
21
0.3395932283464567
0
LINE
8
BLACK
6
CONTINUOUS
10
0.3675743307086614
20
0.3395932283464567
11
0.3678740157480315
21
0.3380866141732283
0
LINE
8
BLACK
6
CONTINUOUS
10
0.3678740157480315
20
0.3380866141732283
11
0.3678740157480315
21
0.2937952755905512
0
LINE
8
BLACK
6
CONTINUOUS
10
0.3678740157480315
20
0.2937952755905512
11
0.3675743307086614
21
0.2922886614173228
0
LINE
8
BLACK
6
CONTINUOUS
10
0.3675743307086614
20
0.2922886614173228
11
0.366720905511811
21
0.2910113779527559
0
LINE
8
BLACK
6
CONTINUOUS
10
0.366720905511811
20
0.2910113779527559
11
0.3654436220472441
21
0.2901579527559055
0
LINE
8
BLACK
6
CONTINUOUS
10
0.3654436220472441
20
0.2901579527559055
11
0.3639370078740157
21
0.2898582677165354
0
LINE
8
BLACK
6
CONTINUOUS
10
0.3639370078740157
20
0.2898582677165354
11
0.3560629921259842
21
0.2898582677165354
0
LINE
8
BLACK
6
CONTINUOUS
10
0.3560629921259842
20
0.2898582677165354
11
0.3545563779527559
21
0.2901579527559055
0
LINE
8
BLACK
6
CONTINUOUS
10
0.3545563779527559
20
0.2901579527559055
11
0.3532790944881889
21
0.2910113779527559
0
LINE
8
BLACK
6
CONTINUOUS
10
0.3532790944881889
20
0.2910113779527559
11
0.3524256692913386
21
0.2922886614173228
0
LINE
8
BLACK
6
CONTINUOUS
10
0.3524256692913386
20
0.2922886614173228
11
0.3521259842519685
21
0.2937952755905512
0
LINE
8
BLACK
6
CONTINUOUS
10
0.3521259842519685
20
0.2937952755905512
11
0.3521259842519685
21
0.3380866141732283
0
LINE
8
BLACK
6
CONTINUOUS
10
0.3521259842519685
20
0.3380866141732283
11
0.3524256692913386
21
0.3395932283464567
0
LINE
8
BLACK
6
CONTINUOUS
10
0.3524256692913386
20
0.3395932283464567
11
0.3532790944881889
21
0.3408705118110236
0
LINE
8
BLACK
6
CONTINUOUS
10
0.3532790944881889
20
0.3408705118110236
11
0.3545563779527559
21
0.341723937007874
0
LINE
8
BLACK
6
CONTINUOUS
10
0.3545563779527559
20
0.341723937007874
11
0.3550787401574803
21
0.341827874015748
0
LINE
8
BLACK
6
CONTINUOUS
10
0.3550787401574803
20
0.341827874015748
11
0.3550787401574803
21
0.3714566929133858
0
LINE
8
BLACK
6
CONTINUOUS
10
0.3550787401574803
20
0.3714566929133858
11
0.342755905511811
21
0.3714566929133858
0
LINE
8
BLACK
6
CONTINUOUS
10
0.342755905511811
20
0.3714566929133858
11
0.3389893307086614
21
0.372205905511811
0
LINE
8
BLACK
6
CONTINUOUS
10
0.3389893307086614
20
0.372205905511811
11
0.3357961811023622
21
0.3743394881889764
0
LINE
8
BLACK
6
CONTINUOUS
10
0.3357961811023622
20
0.3743394881889764
11
0.3336625984251969
21
0.3775326377952756
0
LINE
8
BLACK
6
CONTINUOUS
10
0.3336625984251969
20
0.3775326377952756
11
0.3329133858267717
21
0.3812992125984252
0
LINE
8
BLACK
6
CONTINUOUS
10
0.3329133858267717
20
0.3812992125984252
11
0.3329133858267717
21
0.4187007874015748
0
LINE
8
BLACK
6
CONTINUOUS
10
0.3329133858267717
20
0.4187007874015748
11
0.3336625984251969
21
0.4224673622047244
0
LINE
8
BLACK
6
CONTINUOUS
10
0.3336625984251969
20
0.4224673622047244
11
0.3357961811023622
21
0.4256605118110236
0
LINE
8
BLACK
6
CONTINUOUS
10
0.3357961811023622
20
0.4256605118110236
11
0.3389893307086614
21
0.4277940944881889
0
LINE
8
BLACK
6
CONTINUOUS
10
0.3389893307086614
20
0.4277940944881889
11
0.3400787401574803
21
0.4280108267716535
0
LINE
8
BLACK
6
CONTINUOUS
10
0.3400787401574803
20
0.4280108267716535
11
0.3400787401574803
21
0.545
0
LINE
8
BLACK
6
CONTINUOUS
10
0.3400787401574803
20
0.545
11
0.3401733070866141
21
0.5459600787401575
0
LINE
8
BLACK
6
CONTINUOUS
10
0.3401733070866141
20
0.5459600787401575
11
0.3409081102362205
21
0.547734094488189
0
LINE
8
BLACK
6
CONTINUOUS
10
0.3409081102362205
20
0.547734094488189
11
0.3409083070866142
21
0.5477343307086614
0
LINE
8
BLACK
6
CONTINUOUS
10
0.3409083070866142
20
0.5477343307086614
11
0.3415201574803149
21
0.5484798425196851
0
LINE
8
BLACK
6
CONTINUOUS
10
0.3415201574803149
20
0.5484798425196851
11
0.37
21
0.5769597244094488
0
LINE
8
BLACK
6
CONTINUOUS
10
0.37
20
0.5769597244094488
11
0.37
21
0.6230403149606299
0
LINE
8
BLACK
6
CONTINUOUS
10
0.37
20
0.6230403149606299
11
0.3192214173228347
21
0.6738188976377952
0
LINE
8
BLACK
6
CONTINUOUS
10
0.3192214173228347
20
0.6738188976377952
11
0.2954330708661417
21
0.6738188976377952
0
LINE
8
BLACK
6
CONTINUOUS
10
0.2954330708661417
20
0.6738188976377952
11
0.2954330708661417
21
0.6393700787401575
0
LINE
8
BLACK
6
CONTINUOUS
10
0.2954330708661417
20
0.6393700787401575
11
0.2946838582677165
21
0.6356035039370078
0
LINE
8
BLACK
6
CONTINUOUS
10
0.2946838582677165
20
0.6356035039370078
11
0.2925502755905512
21
0.6324103543307087
0
LINE
8
BLACK
6
CONTINUOUS
10
0.2925502755905512
20
0.6324103543307087
11
0.289357125984252
21
0.6302767716535433
0
LINE
8
BLACK
6
CONTINUOUS
10
0.289357125984252
20
0.6302767716535433
11
0.2855905511811024
21
0.6295275590551181
0
LINE
8
BLACK
6
CONTINUOUS
10
0.2855905511811024
20
0.6295275590551181
11
0.2344094488188976
21
0.6295275590551181
0
LINE
8
BLACK
6
CONTINUOUS
10
0.2344094488188976
20
0.6295275590551181
11
0.230642874015748
21
0.6302767716535433
0
LINE
8
BLACK
6
CONTINUOUS
10
0.230642874015748
20
0.6302767716535433
11
0.2274497244094488
21
0.6324103543307087
0
LINE
8
BLACK
6
CONTINUOUS
10
0.2274497244094488
20
0.6324103543307087
11
0.2253161417322835
21
0.6356035039370078
0
LINE
8
BLACK
6
CONTINUOUS
10
0.2253161417322835
20
0.6356035039370078
11
0.2245669291338583
21
0.6393700787401575
0
LINE
8
BLACK
6
CONTINUOUS
10
0.2245669291338583
20
0.6393700787401575
11
0.2245669291338583
21
0.7181102362204724
0
LINE
8
BLACK
6
CONTINUOUS
10
0.2245669291338583
20
0.7181102362204724
11
0.2253161417322835
21
0.721876811023622
0
LINE
8
BLACK
6
CONTINUOUS
10
0.2253161417322835
20
0.721876811023622
11
0.2274497244094488
21
0.7250699606299212
0
LINE
8
BLACK
6
CONTINUOUS
10
0.2274497244094488
20
0.7250699606299212
11
0.230642874015748
21
0.7272035433070866
0
LINE
8
BLACK
6
CONTINUOUS
10
0.230642874015748
20
0.7272035433070866
11
0.2344094488188976
21
0.7279527559055118
0
LINE
8
BLACK
6
CONTINUOUS
10
0.2344094488188976
20
0.7279527559055118
11
0.2855905511811024
21
0.7279527559055118
0
LINE
8
BLACK
6
CONTINUOUS
10
0.2855905511811024
20
0.7279527559055118
11
0.289357125984252
21
0.7272035433070866
0
LINE
8
BLACK
6
CONTINUOUS
10
0.289357125984252
20
0.7272035433070866
11
0.2925502755905512
21
0.7250699606299212
0
LINE
8
BLACK
6
CONTINUOUS
10
0.2925502755905512
20
0.7250699606299212
11
0.2946838582677165
21
0.721876811023622
0
LINE
8
BLACK
6
CONTINUOUS
10
0.2946838582677165
20
0.721876811023622
11
0.2954330708661417
21
0.7181102362204724
0
LINE
8
BLACK
6
CONTINUOUS
10
0.2954330708661417
20
0.7181102362204724
11
0.2954330708661417
21
0.6836614173228346
0
LINE
8
BLACK
6
CONTINUOUS
10
0.2954330708661417
20
0.6836614173228346
11
0.321259842519685
21
0.6836614173228346
0
LINE
8
BLACK
6
CONTINUOUS
10
0.321259842519685
20
0.6836614173228346
11
0.3222199212598425
21
0.6835668503937008
0
LINE
8
BLACK
6
CONTINUOUS
10
0.3222199212598425
20
0.6835668503937008
11
0.3222199606299213
21
0.6835668503937008
0
LINE
8
BLACK
6
CONTINUOUS
10
0.3222199606299213
20
0.6835668503937008
11
0.3227395275590551
21
0.6833516535433071
0
LINE
8
BLACK
6
CONTINUOUS
10
0.3227395275590551
20
0.6833516535433071
11
0.323993937007874
21
0.6828320472440945
0
LINE
8
BLACK
6
CONTINUOUS
10
0.323993937007874
20
0.6828320472440945
11
0.3239941338582677
21
0.6828318503937008
0
LINE
8
BLACK
6
CONTINUOUS
10
0.3239941338582677
20
0.6828318503937008
11
0.3247396850393701
21
0.6822199999999999
0
LINE
8
BLACK
6
CONTINUOUS
10
0.3247396850393701
20
0.6822199999999999
11
0.3769596850393701
21
0.63
0
LINE
8
BLACK
6
CONTINUOUS
10
0.3769596850393701
20
0.63
11
0.43
21
0.63
0
LINE
8
BLACK
6
CONTINUOUS
10
0.43
20
0.63
11
0.43
21
0.6049212598425197
0
LINE
8
BLACK
6
CONTINUOUS
10
0.43
20
0.6049212598425197
11
0.47
21
0.6049212598425197
0
LINE
8
BLACK
6
CONTINUOUS
10
0.47
20
0.6049212598425197
11
0.47
21
0.6230403149606299
0
LINE
8
BLACK
6
CONTINUOUS
10
0.47
20
0.6230403149606299
11
0.4445201574803149
21
0.648520157480315
0
LINE
8
BLACK
6
CONTINUOUS
10
0.4445201574803149
20
0.648520157480315
11
0.4439083070866142
21
0.6492657086614173
0
LINE
8
BLACK
6
CONTINUOUS
10
0.4439083070866142
20
0.6492657086614173
11
0.4439081102362205
21
0.649265905511811
0
LINE
8
BLACK
6
CONTINUOUS
10
0.4439081102362205
20
0.649265905511811
11
0.4431733070866142
21
0.6510399212598426
0
LINE
8
BLACK
6
CONTINUOUS
10
0.4431733070866142
20
0.6510399212598426
11
0.4430787401574803
21
0.652
0
LINE
8
BLACK
6
CONTINUOUS
10
0.4430787401574803
20
0.652
11
0.4430787401574803
21
0.77256
0
LINE
8
BLACK
6
CONTINUOUS
10
0.4430787401574803
20
0.77256
11
0.4301611023622047
21
0.7854776377952756
0
LINE
8
BLACK
6
CONTINUOUS
10
0.4301611023622047
20
0.7854776377952756
11
0.4294006692913386
21
0.7843394881889764
0
LINE
8
BLACK
6
CONTINUOUS
10
0.4294006692913386
20
0.7843394881889764
11
0.4262075196850393
21
0.782205905511811
0
LINE
8
BLACK
6
CONTINUOUS
10
0.4262075196850393
20
0.782205905511811
11
0.4224409448818898
21
0.7814566929133858
0
LINE
8
BLACK
6
CONTINUOUS
10
0.4224409448818898
20
0.7814566929133858
11
0.402755905511811
21
0.7814566929133858
0
LINE
8
BLACK
6
CONTINUOUS
10
0.402755905511811
20
0.7814566929133858
11
0.3989893307086614
21
0.782205905511811
0
LINE
8
BLACK
6
CONTINUOUS
10
0.3989893307086614
20
0.782205905511811
11
0.3957961811023622
21
0.7843394881889764
0
LINE
8
BLACK
6
CONTINUOUS
10
0.3957961811023622
20
0.7843394881889764
11
0.3936625984251969
21
0.7875326377952756
0
LINE
8
BLACK
6
CONTINUOUS
10
0.3936625984251969
20
0.7875326377952756
11
0.3929133858267717
21
0.7912992125984252
0
LINE
8
BLACK
6
CONTINUOUS
10
0.3929133858267717
20
0.7912992125984252
11
0.3929133858267717
21
0.8050787401574803
0
LINE
8
BLACK
6
CONTINUOUS
10
0.3929133858267717
20
0.8050787401574803
11
0.3670866141732284
21
0.8050787401574803
0
LINE
8
BLACK
6
CONTINUOUS
10
0.3670866141732284
20
0.8050787401574803
11
0.3670866141732284
21
0.7912992125984252
0
LINE
8
BLACK
6
CONTINUOUS
10
0.3670866141732284
20
0.7912992125984252
11
0.3663374015748032
21
0.7875326377952756
0
LINE
8
BLACK
6
CONTINUOUS
10
0.3663374015748032
20
0.7875326377952756
11
0.3642038188976378
21
0.7843394881889764
0
LINE
8
BLACK
6
CONTINUOUS
10
0.3642038188976378
20
0.7843394881889764
11
0.3610106692913386
21
0.782205905511811
0
LINE
8
BLACK
6
CONTINUOUS
10
0.3610106692913386
20
0.782205905511811
11
0.3572440944881889
21
0.7814566929133858
0
LINE
8
BLACK
6
CONTINUOUS
10
0.3572440944881889
20
0.7814566929133858
11
0.3375590551181102
21
0.7814566929133858
0
LINE
8
BLACK
6
CONTINUOUS
10
0.3375590551181102
20
0.7814566929133858
11
0.3337924803149606
21
0.782205905511811
0
LINE
8
BLACK
6
CONTINUOUS
10
0.3337924803149606
20
0.782205905511811
11
0.3305993307086614
21
0.7843394881889764
0
LINE
8
BLACK
6
CONTINUOUS
10
0.3305993307086614
20
0.7843394881889764
11
0.328465748031496
21
0.7875326377952756
0
LINE
8
BLACK
6
CONTINUOUS
10
0.328465748031496
20
0.7875326377952756
11
0.3277165354330708
21
0.7912992125984252
0
LINE
8
BLACK
6
CONTINUOUS
10
0.3277165354330708
20
0.7912992125984252
11
0.3277165354330708
21
0.8287007874015748
0
LINE
8
BLACK
6
CONTINUOUS
10
0.3277165354330708
20
0.8287007874015748
11
0.3283175984251969
21
0.8317227165354331
0
LINE
8
BLACK
6
CONTINUOUS
10
0.3283175984251969
20
0.8317227165354331
11
0.301520157480315
21
0.858520157480315
0
LINE
8
BLACK
6
CONTINUOUS
10
0.301520157480315
20
0.858520157480315
11
0.3009083070866141
21
0.8592657086614173
0
LINE
8
BLACK
6
CONTINUOUS
10
0.3009083070866141
20
0.8592657086614173
11
0.3009081102362204
21
0.859265905511811
0
LINE
8
BLACK
6
CONTINUOUS
10
0.3009081102362204
20
0.859265905511811
11
0.3001733070866142
21
0.8610399212598425
0
LINE
8
BLACK
6
CONTINUOUS
10
0.3001733070866142
20
0.8610399212598425
11
0.3000787401574803
21
0.862
0
LINE
8
BLACK
6
CONTINUOUS
10
0.3000787401574803
20
0.862
11
0.3000787401574803
21
0.8691338582677165
0
LINE
8
BLACK
6
CONTINUOUS
10
0.3000787401574803
20
0.8691338582677165
11
0.2990944881889764
21
0.8691338582677165
0
LINE
8
BLACK
6
CONTINUOUS
10
0.2990944881889764
20
0.8691338582677165
11
0.2968345275590551
21
0.8695833858267716
0
LINE
8
BLACK
6
CONTINUOUS
10
0.2968345275590551
20
0.8695833858267716
11
0.2949186614173228
21
0.8708635433070866
0
LINE
8
BLACK
6
CONTINUOUS
10
0.2949186614173228
20
0.8708635433070866
11
0.2936385039370079
21
0.8727794094488189
0
LINE
8
BLACK
6
CONTINUOUS
10
0.2936385039370079
20
0.8727794094488189
11
0.2931889763779528
21
0.8750393700787401
0
LINE
8
BLACK
6
CONTINUOUS
10
0.2931889763779528
20
0.8750393700787401
11
0.2931889763779528
21
0.9153937007874016
0
LINE
8
BLACK
6
CONTINUOUS
10
0.2931889763779528
20
0.9153937007874016
11
0.2936385039370079
21
0.9176536614173229
0
LINE
8
BLACK
6
CONTINUOUS
10
0.2936385039370079
20
0.9176536614173229
11
0.2949186614173228
21
0.9195695275590551
0
LINE
8
BLACK
6
CONTINUOUS
10
0.2949186614173228
20
0.9195695275590551
11
0.2968345275590551
21
0.92084968503937
0
LINE
8
BLACK
6
CONTINUOUS
10
0.2968345275590551
20
0.92084968503937
11
0.2990944881889764
21
0.9212992125984252
0
LINE
8
BLACK
6
CONTINUOUS
10
0.2990944881889764
20
0.9212992125984252
11
0.3109055118110236
21
0.9212992125984252
0
LINE
8
BLACK
6
CONTINUOUS
10
0.3109055118110236
20
0.9212992125984252
11
0.3131654724409449
21
0.92084968503937
0
LINE
8
BLACK
6
CONTINUOUS
10
0.4858774015748031
20
0.9349841732283465
11
0.4858774409448819
21
0.9349841732283465
0
LINE
8
BLACK
6
CONTINUOUS
10
0.4858774409448819
20
0.9349841732283465
11
0.4863970078740157
21
0.9347689763779528
0
LINE
8
BLACK
6
CONTINUOUS
10
0.4863970078740157
20
0.9347689763779528
11
0.4876514173228346
21
0.9342493700787401
0
LINE
8
BLACK
6
CONTINUOUS
10
0.4876514173228346
20
0.9342493700787401
11
0.4876516141732283
21
0.9342491732283464
0
LINE
8
BLACK
6
CONTINUOUS
10
0.4876516141732283
20
0.9342491732283464
11
0.4883971653543307
21
0.9336373228346456
0
LINE
8
BLACK
6
CONTINUOUS
10
0.4883971653543307
20
0.9336373228346456
11
0.6377825196850394
21
0.784251968503937
0
LINE
8
BLACK
6
CONTINUOUS
10
0.6377825196850394
20
0.784251968503937
11
0.6687165354330709
21
0.784251968503937
0
LINE
8
BLACK
6
CONTINUOUS
10
0.6687165354330709
20
0.784251968503937
11
0.6724831102362204
21
0.7835027559055118
0
LINE
8
BLACK
6
CONTINUOUS
10
0.6724831102362204
20
0.7835027559055118
11
0.6756762598425197
21
0.7813691732283464
0
LINE
8
BLACK
6
CONTINUOUS
10
0.6756762598425197
20
0.7813691732283464
11
0.677809842519685
21
0.7781760236220472
0
LINE
8
BLACK
6
CONTINUOUS
10
0.677809842519685
20
0.7781760236220472
11
0.6785590551181102
21
0.7744094488188976
0
LINE
8
BLACK
6
CONTINUOUS
10
0.6785590551181102
20
0.7744094488188976
11
0.6785590551181102
21
0.7549212598425197
0
LINE
8
BLACK
6
CONTINUOUS
10
0.6785590551181102
20
0.7549212598425197
11
0.72
21
0.7549212598425197
0
LINE
8
BLACK
6
CONTINUOUS
10
0.72
20
0.7549212598425197
11
0.72
21
0.78
0
LINE
8
BLACK
6
CONTINUOUS
10
0.72
20
0.78
11
0.78
21
0.78
0
LINE
8
BLACK
6
CONTINUOUS
10
0.78
20
0.78
11
0.78
21
0.7549212598425197
0
LINE
8
BLACK
6
CONTINUOUS
10
0.78
20
0.7549212598425197
11
0.82
21
0.7549212598425197
0
LINE
8
BLACK
6
CONTINUOUS
10
0.82
20
0.7549212598425197
11
0.82
21
0.78
0
LINE
8
BLACK
6
CONTINUOUS
10
0.82
20
0.78
11
0.88
21
0.78
0
LINE
8
BLACK
6
CONTINUOUS
10
0.88
20
0.78
11
0.88
21
0.72
0
LINE
8
BLACK
6
CONTINUOUS
10
0.88
20
0.72
11
0.82
21
0.72
0
LINE
8
BLACK
6
CONTINUOUS
10
0.82
20
0.72
11
0.82
21
0.7450787401574803
0
LINE
8
BLACK
6
CONTINUOUS
10
0.82
20
0.7450787401574803
11
0.78
21
0.7450787401574803
0
LINE
8
BLACK
6
CONTINUOUS
10
0.78
20
0.7450787401574803
11
0.78
21
0.72
0
LINE
8
BLACK
6
CONTINUOUS
10
0.78
20
0.72
11
0.72
21
0.72
0
LINE
8
BLACK
6
CONTINUOUS
10
0.72
20
0.72
11
0.72
21
0.7450787401574803
0
LINE
8
BLACK
6
CONTINUOUS
10
0.72
20
0.7450787401574803
11
0.6731294881889763
21
0.7450787401574803
0
LINE
8
BLACK
6
CONTINUOUS
10
0.6731294881889763
20
0.7450787401574803
11
0.6724831102362204
21
0.7446468503937008
0
LINE
8
BLACK
6
CONTINUOUS
10
0.6724831102362204
20
0.7446468503937008
11
0.6687165354330709
21
0.7438976377952756
0
LINE
8
BLACK
6
CONTINUOUS
10
0.6687165354330709
20
0.7438976377952756
11
0.6332834645669291
21
0.7438976377952756
0
LINE
8
BLACK
6
CONTINUOUS
10
0.6332834645669291
20
0.7438976377952756
11
0.6295168897637795
21
0.7446468503937008
0
LINE
8
BLACK
6
CONTINUOUS
10
0.6295168897637795
20
0.7446468503937008
11
0.6263237401574803
21
0.7467804330708662
0
LINE
8
BLACK
6
CONTINUOUS
10
0.6263237401574803
20
0.7467804330708662
11
0.6241901574803149
21
0.7499735826771653
0
LINE
8
BLACK
6
CONTINUOUS
10
0.6241901574803149
20
0.7499735826771653
11
0.6234409448818897
21
0.753740157480315
0
LINE
8
BLACK
6
CONTINUOUS
10
0.6234409448818897
20
0.753740157480315
11
0.6234409448818897
21
0.7744094488188976
0
LINE
8
BLACK
6
CONTINUOUS
10
0.6234409448818897
20
0.7744094488188976
11
0.6241901574803149
21
0.7781760236220472
0
LINE
8
BLACK
6
CONTINUOUS
10
0.6241901574803149
20
0.7781760236220472
11
0.6263237401574803
21
0.7813691732283464
0
LINE
8
BLACK
6
CONTINUOUS
10
0.6263237401574803
20
0.7813691732283464
11
0.6265768110236221
21
0.7815383070866142
0
LINE
8
BLACK
6
CONTINUOUS
10
0.6265768110236221
20
0.7815383070866142
11
0.4828788976377953
21
0.9252362204724409
0
LINE
8
BLACK
6
CONTINUOUS
10
0.4828788976377953
20
0.9252362204724409
11
0.4142459448818898
21
0.9252362204724409
0
LINE
8
BLACK
6
CONTINUOUS
10
0.4142459448818898
20
0.9252362204724409
11
0.3755298818897638
21
0.886520157480315
0
LINE
8
BLACK
6
CONTINUOUS
10
0.3755298818897638
20
0.886520157480315
11
0.3747843307086614
21
0.8859083464566929
0
LINE
8
BLACK
6
CONTINUOUS
10
0.3747843307086614
20
0.8859083464566929
11
0.3747841338582677
21
0.8859081102362204
0
LINE
8
BLACK
6
CONTINUOUS
10
0.3747841338582677
20
0.8859081102362204
11
0.3736389763779527
21
0.8854337795275591
0
LINE
8
BLACK
6
CONTINUOUS
10
0.3736389763779527
20
0.8854337795275591
11
0.373010157480315
21
0.8851733070866141
0
LINE
8
BLACK
6
CONTINUOUS
10
0.373010157480315
20
0.8851733070866141
11
0.3730101181102362
21
0.8851733070866141
0
LINE
8
BLACK
6
CONTINUOUS
10
0.3730101181102362
20
0.8851733070866141
11
0.3720500393700787
21
0.8850787401574803
0
LINE
8
BLACK
6
CONTINUOUS
10
0.3720500393700787
20
0.8850787401574803
11
0.3542125984251969
21
0.8850787401574803
0
LINE
8
BLACK
6
CONTINUOUS
10
0.3542125984251969
20
0.8850787401574803
11
0.3542125984251969
21
0.8750393700787401
0
LINE
8
BLACK
6
CONTINUOUS
10
0.3542125984251969
20
0.8750393700787401
11
0.3537630708661417
21
0.8727794094488189
0
LINE
8
BLACK
6
CONTINUOUS
10
0.3537630708661417
20
0.8727794094488189
11
0.3524829133858268
21
0.8708635433070866
0
LINE
8
BLACK
6
CONTINUOUS
10
0.3524829133858268
20
0.8708635433070866
11
0.3505670472440945
21
0.8695833858267716
0
LINE
8
BLACK
6
CONTINUOUS
10
0.3505670472440945
20
0.8695833858267716
11
0.3483070866141732
21
0.8691338582677165
0
LINE
8
BLACK
6
CONTINUOUS
10
0.3483070866141732
20
0.8691338582677165
11
0.336496062992126
21
0.8691338582677165
0
LINE
8
BLACK
6
CONTINUOUS
10
0.336496062992126
20
0.8691338582677165
11
0.3342361023622047
21
0.8695833858267716
0
LINE
8
BLACK
6
CONTINUOUS
10
0.3342361023622047
20
0.8695833858267716
11
0.3323202362204724
21
0.8708635433070866
0
LINE
8
BLACK
6
CONTINUOUS
10
0.3323202362204724
20
0.8708635433070866
11
0.3310400787401575
21
0.8727794094488189
0
LINE
8
BLACK
6
CONTINUOUS
10
0.3310400787401575
20
0.8727794094488189
11
0.3305905511811024
21
0.8750393700787401
0
LINE
8
BLACK
6
CONTINUOUS
10
0.3305905511811024
20
0.8750393700787401
11
0.3305905511811024
21
0.9153937007874016
0
LINE
8
BLACK
6
CONTINUOUS
10
0.3305905511811024
20
0.9153937007874016
11
0.3310400787401575
21
0.9176536614173229
0
LINE
8
BLACK
6
CONTINUOUS
10
0.3310400787401575
20
0.9176536614173229
11
0.3323202362204724
21
0.9195695275590551
0
LINE
8
BLACK
6
CONTINUOUS
10
0.3323202362204724
20
0.9195695275590551
11
0.3342361023622047
21
0.92084968503937
0
LINE
8
BLACK
6
CONTINUOUS
10
0.3342361023622047
20
0.92084968503937
11
0.336496062992126
21
0.9212992125984252
0
LINE
8
BLACK
6
CONTINUOUS
10
0.336496062992126
20
0.9212992125984252
11
0.3483070866141732
21
0.9212992125984252
0
LINE
8
BLACK
6
CONTINUOUS
10
0.3483070866141732
20
0.9212992125984252
11
0.3505670472440945
21
0.92084968503937
0
LINE
8
BLACK
6
CONTINUOUS
10
0.3505670472440945
20
0.92084968503937
11
0.3524829133858268
21
0.9195695275590551
0
LINE
8
BLACK
6
CONTINUOUS
10
0.3524829133858268
20
0.9195695275590551
11
0.3537630708661417
21
0.9176536614173229
0
LINE
8
BLACK
6
CONTINUOUS
10
0.3537630708661417
20
0.9176536614173229
11
0.3542125984251969
21
0.9153937007874016
0
LINE
8
BLACK
6
CONTINUOUS
10
0.3542125984251969
20
0.9153937007874016
11
0.3542125984251969
21
0.8949212598425197
0
LINE
8
BLACK
6
CONTINUOUS
10
0.3542125984251969
20
0.8949212598425197
11
0.3700116141732284
21
0.8949212598425197
0
LINE
8
BLACK
6
CONTINUOUS
10
0.3700116141732284
20
0.8949212598425197
11
0.4087276771653543
21
0.9336373228346456
0
LINE
8
BLACK
6
CONTINUOUS
10
0.4087276771653543
20
0.9336373228346456
11
0.4094734251968504
21
0.9342493700787401
0
LINE
8
BLACK
6
CONTINUOUS
10
0.4094734251968504
20
0.9342493700787401
11
0.4112474015748032
21
0.9349841732283465
0
LINE
8
BLACK
6
CONTINUOUS
10
0.4112474015748032
20
0.9349841732283465
11
0.4112474409448819
21
0.9349841732283465
0
LINE
8
BLACK
6
CONTINUOUS
10
0.4112474409448819
20
0.9349841732283465
11
0.4122075196850394
21
0.9350787401574803
0
LINE
8
BLACK
6
CONTINUOUS
10
0.4122075196850394
20
0.9350787401574803
11
0.4849173228346457
21
0.9350787401574803
0
LINE
8
BLACK
6
CONTINUOUS
10
0.4849173228346457
20
0.9350787401574803
11
0.4858774015748031
21
0.9349841732283465
0
LINE
8
BLACK
6
CONTINUOUS
10
0.2757638976377953
20
0.92084968503937
11
0.2776797637795276
21
0.9195695275590551
0
LINE
8
BLACK
6
CONTINUOUS
10
0.2776797637795276
20
0.9195695275590551
11
0.2789599212598425
21
0.9176536614173229
0
LINE
8
BLACK
6
CONTINUOUS
10
0.2789599212598425
20
0.9176536614173229
11
0.2794094488188976
21
0.9153937007874016
0
LINE
8
BLACK
6
CONTINUOUS
10
0.2794094488188976
20
0.9153937007874016
11
0.2794094488188976
21
0.8750393700787401
0
LINE
8
BLACK
6
CONTINUOUS
10
0.2794094488188976
20
0.8750393700787401
11
0.2789599212598425
21
0.8727794094488189
0
LINE
8
BLACK
6
CONTINUOUS
10
0.2789599212598425
20
0.8727794094488189
11
0.2776797637795276
21
0.8708635433070866
0
LINE
8
BLACK
6
CONTINUOUS
10
0.2776797637795276
20
0.8708635433070866
11
0.2757638976377953
21
0.8695833858267716
0
LINE
8
BLACK
6
CONTINUOUS
10
0.2757638976377953
20
0.8695833858267716
11
0.273503937007874
21
0.8691338582677165
0
LINE
8
BLACK
6
CONTINUOUS
10
0.273503937007874
20
0.8691338582677165
11
0.2616929133858268
21
0.8691338582677165
0
LINE
8
BLACK
6
CONTINUOUS
10
0.2616929133858268
20
0.8691338582677165
11
0.2594329527559055
21
0.8695833858267716
0
LINE
8
BLACK
6
CONTINUOUS
10
0.2594329527559055
20
0.8695833858267716
11
0.2575170866141732
21
0.8708635433070866
0
LINE
8
BLACK
6
CONTINUOUS
10
0.2575170866141732
20
0.8708635433070866
11
0.2562369291338583
21
0.8727794094488189
0
LINE
8
BLACK
6
CONTINUOUS
10
0.2562369291338583
20
0.8727794094488189
11
0.2557874015748031
21
0.8750393700787401
0
LINE
8
BLACK
6
CONTINUOUS
10
0.2557874015748031
20
0.8750393700787401
11
0.2557874015748031
21
0.8850787401574803
0
LINE
8
BLACK
6
CONTINUOUS
10
0.2557874015748031
20
0.8850787401574803
11
0.2120384251968504
21
0.8850787401574803
0
LINE
8
BLACK
6
CONTINUOUS
10
0.2120384251968504
20
0.8850787401574803
11
0.123479842519685
21
0.7965201574803149
0
LINE
8
BLACK
6
CONTINUOUS
10
0.123479842519685
20
0.7965201574803149
11
0.1227342913385827
21
0.7959083464566929
0
LINE
8
BLACK
6
CONTINUOUS
10
0.1227342913385827
20
0.7959083464566929
11
0.122734094488189
21
0.7959081102362204
0
LINE
8
BLACK
6
CONTINUOUS
10
0.122734094488189
20
0.7959081102362204
11
0.1216575590551181
21
0.7954622047244094
0
LINE
8
BLACK
6
CONTINUOUS
10
0.1216575590551181
20
0.7954622047244094
11
0.1209601181102362
21
0.7951733070866142
0
LINE
8
BLACK
6
CONTINUOUS
10
0.1209601181102362
20
0.7951733070866142
11
0.1209600787401575
21
0.7951733070866142
0
LINE
8
BLACK
6
CONTINUOUS
10
0.1209600787401575
20
0.7951733070866142
11
0.12
21
0.7950787401574803
0
LINE
8
BLACK
6
CONTINUOUS
10
0.12
20
0.7950787401574803
11
0.0488929921259843
21
0.7950787401574803
0
LINE
8
BLACK
6
CONTINUOUS
10
0.0488929921259843
20
0.7950787401574803
11
0.0478528346456693
21
0.7885115354330708
0
LINE
8
BLACK
6
CONTINUOUS
10
0.0478528346456693
20
0.7885115354330708
11
0.0454664960629921
21
0.7811671653543307
0
LINE
8
BLACK
6
CONTINUOUS
10
0.0454664960629921
20
0.7811671653543307
11
0.0419606299212598
21
0.7742864960629922
0
LINE
8
BLACK
6
CONTINUOUS
10
0.0419606299212598
20
0.7742864960629922
11
0.0374215354330709
21
0.7680389763779527
0
LINE
8
BLACK
6
CONTINUOUS
10
0.0374215354330709
20
0.7680389763779527
11
0.0319610236220472
21
0.7625784645669291
0
LINE
8
BLACK
6
CONTINUOUS
10
0.0319610236220472
20
0.7625784645669291
11
0.0257135039370079
21
0.7580393700787401
0
LINE
8
BLACK
6
CONTINUOUS
10
0.0257135039370079
20
0.7580393700787401
11
0.0188328346456693
21
0.7545335039370079
0
LINE
8
BLACK
6
CONTINUOUS
10
0.0188328346456693
20
0.7545335039370079
11
0.0114884645669291
21
0.7521471653543307
0
LINE
8
BLACK
6
CONTINUOUS
10
0.0114884645669291
20
0.7521471653543307
11
0.0038611811023622
21
0.750939094488189
0
LINE
8
BLACK
6
CONTINUOUS
10
0.0038611811023622
20
0.750939094488189
11
-0.0038611811023622
21
0.750939094488189
0
LINE
8
BLACK
6
CONTINUOUS
10
-0.0038611811023622
20
0.750939094488189
11
-0.0114884645669291
21
0.7521471653543307
0
LINE
8
BLACK
6
CONTINUOUS
10
-0.0114884645669291
20
0.7521471653543307
11
-0.0188328346456693
21
0.7545335039370079
0
LINE
8
BLACK
6
CONTINUOUS
10
-0.0188328346456693
20
0.7545335039370079
11
-0.0257135039370079
21
0.7580393700787401
0
LINE
8
BLACK
6
CONTINUOUS
10
-0.0257135039370079
20
0.7580393700787401
11
-0.0319610236220472
21
0.7625784645669291
0
LINE
8
BLACK
6
CONTINUOUS
10
-0.0319610236220472
20
0.7625784645669291
11
-0.0374215354330709
21
0.7680389763779527
0
LINE
8
BLACK
6
CONTINUOUS
10
-0.0374215354330709
20
0.7680389763779527
11
-0.0419606299212598
21
0.7742864960629922
0
LINE
8
BLACK
6
CONTINUOUS
10
-0.0419606299212598
20
0.7742864960629922
11
-0.0454664960629921
21
0.7811671653543307
0
LINE
8
BLACK
6
CONTINUOUS
10
-0.0454664960629921
20
0.7811671653543307
11
-0.0478528346456693
21
0.7885115354330708
0
LINE
8
BLACK
6
CONTINUOUS
10
-0.0478528346456693
20
0.7885115354330708
11
-0.049060905511811
21
0.7961388188976378
0
LINE
8
BLACK
6
CONTINUOUS
10
-0.049060905511811
20
0.7961388188976378
11
-0.049060905511811
21
0.8038611811023622
0
LINE
8
BLACK
6
CONTINUOUS
10
-0.049060905511811
20
0.8038611811023622
11
-0.0478528346456693
21
0.8114884645669291
0
LINE
8
BLACK
6
CONTINUOUS
10
-0.0478528346456693
20
0.8114884645669291
11
-0.0454664960629921
21
0.8188328346456692
0
LINE
8
BLACK
6
CONTINUOUS
10
-0.0454664960629921
20
0.8188328346456692
11
-0.0419606299212598
21
0.8257135039370078
0
LINE
8
BLACK
6
CONTINUOUS
10
-0.0419606299212598
20
0.8257135039370078
11
-0.0374215354330709
21
0.8319610236220473
0
LINE
8
BLACK
6
CONTINUOUS
10
-0.0374215354330709
20
0.8319610236220473
11
-0.0319610236220472
21
0.8374215354330709
0
LINE
8
BLACK
6
CONTINUOUS
10
-0.0319610236220472
20
0.8374215354330709
11
-0.0257135039370079
21
0.8419606299212599
0
LINE
8
BLACK
6
CONTINUOUS
10
-0.0257135039370079
20
0.8419606299212599
11
-0.0188328346456693
21
0.8454664960629921
0
LINE
8
BLACK
6
CONTINUOUS
10
-0.0188328346456693
20
0.8454664960629921
11
-0.0114884645669291
21
0.8478528346456693
0
LINE
8
BLACK
6
CONTINUOUS
10
-0.0114884645669291
20
0.8478528346456693
11
-0.0038611811023622
21
0.849060905511811
0
LINE
8
BLACK
6
CONTINUOUS
10
-0.0038611811023622
20
0.849060905511811
11
0.0038611811023622
21
0.849060905511811
0
LINE
8
BLACK
6
CONTINUOUS
10
0.0038611811023622
20
0.849060905511811
11
0.0114884645669291
21
0.8478528346456693
0
LINE
8
BLACK
6
CONTINUOUS
10
0.0114884645669291
20
0.8478528346456693
11
0.0188328346456693
21
0.8454664960629921
0
LINE
8
BLACK
6
CONTINUOUS
10
0.0188328346456693
20
0.8454664960629921
11
0.0257135039370079
21
0.8419606299212599
0
LINE
8
BLACK
6
CONTINUOUS
10
0.0257135039370079
20
0.8419606299212599
11
0.0319610236220472
21
0.8374215354330709
0
LINE
8
BLACK
6
CONTINUOUS
10
0.0319610236220472
20
0.8374215354330709
11
0.0374215354330709
21
0.8319610236220473
0
LINE
8
BLACK
6
CONTINUOUS
10
0.0374215354330709
20
0.8319610236220473
11
0.0419606299212598
21
0.8257135039370078
0
LINE
8
BLACK
6
CONTINUOUS
10
0.0419606299212598
20
0.8257135039370078
11
0.0454664960629921
21
0.8188328346456692
0
LINE
8
BLACK
6
CONTINUOUS
10
0.0454664960629921
20
0.8188328346456692
11
0.0478528346456693
21
0.8114884645669291
0
LINE
8
BLACK
6
CONTINUOUS
10
0.0478528346456693
20
0.8114884645669291
11
0.0488929921259843
21
0.8049212598425197
0
LINE
8
BLACK
6
CONTINUOUS
10
0.0488929921259843
20
0.8049212598425197
11
0.1179615748031496
21
0.8049212598425197
0
LINE
8
BLACK
6
CONTINUOUS
10
0.1179615748031496
20
0.8049212598425197
11
0.206520157480315
21
0.893479842519685
0
LINE
8
BLACK
6
CONTINUOUS
10
0.206520157480315
20
0.893479842519685
11
0.2072658661417323
21
0.8940918503937008
0
LINE
8
BLACK
6
CONTINUOUS
10
0.2072658661417323
20
0.8940918503937008
11
0.207265905511811
21
0.8940918897637795
0
LINE
8
BLACK
6
CONTINUOUS
10
0.207265905511811
20
0.8940918897637795
11
0.2083701968503937
21
0.8945492913385826
0
LINE
8
BLACK
6
CONTINUOUS
10
0.2083701968503937
20
0.8945492913385826
11
0.2090398818897638
21
0.8948266929133858
0
LINE
8
BLACK
6
CONTINUOUS
10
0.2090398818897638
20
0.8948266929133858
11
0.2090399212598425
21
0.8948266929133858
0
LINE
8
BLACK
6
CONTINUOUS
10
0.2090399212598425
20
0.8948266929133858
11
0.21
21
0.8949212598425197
0
LINE
8
BLACK
6
CONTINUOUS
10
0.21
20
0.8949212598425197
11
0.2557874015748031
21
0.8949212598425197
0
LINE
8
BLACK
6
CONTINUOUS
10
0.2557874015748031
20
0.8949212598425197
11
0.2557874015748031
21
0.9153937007874016
0
LINE
8
BLACK
6
CONTINUOUS
10
0.2557874015748031
20
0.9153937007874016
11
0.2562369291338583
21
0.9176536614173229
0
LINE
8
BLACK
6
CONTINUOUS
10
0.2562369291338583
20
0.9176536614173229
11
0.2575170866141732
21
0.9195695275590551
0
LINE
8
BLACK
6
CONTINUOUS
10
0.2575170866141732
20
0.9195695275590551
11
0.2594329527559055
21
0.92084968503937
0
LINE
8
BLACK
6
CONTINUOUS
10
0.2594329527559055
20
0.92084968503937
11
0.2616929133858268
21
0.9212992125984252
0
LINE
8
BLACK
6
CONTINUOUS
10
0.2616929133858268
20
0.9212992125984252
11
0.273503937007874
21
0.9212992125984252
0
LINE
8
BLACK
6
CONTINUOUS
10
0.273503937007874
20
0.9212992125984252
11
0.2757638976377953
21
0.92084968503937
0
LINE
8
BLACK
6
CONTINUOUS
10
0.3505670472440945
20
1.0104166141732283
11
0.3524829133858268
21
1.0091364566929133
0
LINE
8
BLACK
6
CONTINUOUS
10
0.3524829133858268
20
1.0091364566929133
11
0.3537630708661417
21
1.0072205905511811
0
LINE
8
BLACK
6
CONTINUOUS
10
0.3537630708661417
20
1.0072205905511811
11
0.3542125984251969
21
1.0049606299212599
0
LINE
8
BLACK
6
CONTINUOUS
10
0.3542125984251969
20
1.0049606299212599
11
0.3542125984251969
21
0.9949212598425197
0
LINE
8
BLACK
6
CONTINUOUS
10
0.3542125984251969
20
0.9949212598425197
11
0.3720500393700787
21
0.9949212598425197
0
LINE
8
BLACK
6
CONTINUOUS
10
0.3720500393700787
20
0.9949212598425197
11
0.3730101181102362
21
0.9948266929133858
0
LINE
8
BLACK
6
CONTINUOUS
10
0.3730101181102362
20
0.9948266929133858
11
0.373010157480315
21
0.9948266929133858
0
LINE
8
BLACK
6
CONTINUOUS
10
0.373010157480315
20
0.9948266929133858
11
0.3735297244094488
21
0.9946114960629922
0
LINE
8
BLACK
6
CONTINUOUS
10
0.3735297244094488
20
0.9946114960629922
11
0.3747841338582677
21
0.9940918897637795
0
LINE
8
BLACK
6
CONTINUOUS
10
0.3747841338582677
20
0.9940918897637795
11
0.3747843307086614
21
0.9940916929133858
0
LINE
8
BLACK
6
CONTINUOUS
10
0.3747843307086614
20
0.9940916929133858
11
0.3755298818897638
21
0.993479842519685
0
LINE
8
BLACK
6
CONTINUOUS
10
0.3755298818897638
20
0.993479842519685
11
0.4142459448818898
21
0.9547637795275591
0
LINE
8
BLACK
6
CONTINUOUS
10
0.4142459448818898
20
0.9547637795275591
11
0.4930711417322834
21
0.9547637795275591
0
LINE
8
BLACK
6
CONTINUOUS
10
0.4930711417322834
20
0.9547637795275591
11
0.4940312204724409
21
0.9546692125984252
0
LINE
8
BLACK
6
CONTINUOUS
10
0.4940312204724409
20
0.9546692125984252
11
0.4940312598425197
21
0.9546692125984252
0
LINE
8
BLACK
6
CONTINUOUS
10
0.4940312598425197
20
0.9546692125984252
11
0.4943207480314961
21
0.9545492913385827
0
LINE
8
BLACK
6
CONTINUOUS
10
0.4943207480314961
20
0.9545492913385827
11
0.4958052362204725
21
0.9539344094488189
0
LINE
8
BLACK
6
CONTINUOUS
10
0.4958052362204725
20
0.9539344094488189
11
0.4958054330708661
21
0.9539342125984251
0
LINE
8
BLACK
6
CONTINUOUS
10
0.4958054330708661
20
0.9539342125984251
11
0.4965509842519685
21
0.9533223622047244
0
LINE
8
BLACK
6
CONTINUOUS
10
0.4965509842519685
20
0.9533223622047244
11
0.5484234645669291
21
0.9014498818897637
0
LINE
8
BLACK
6
CONTINUOUS
10
0.5484234645669291
20
0.9014498818897637
11
0.5492042125984252
21
0.9006691338582677
0
LINE
8
BLACK
6
CONTINUOUS
10
0.5492042125984252
20
0.9006691338582677
11
0.5512444094488189
21
0.8998240551181103
0
LINE
8
BLACK
6
CONTINUOUS
10
0.5512444094488189
20
0.8998240551181103
11
0.5534526771653543
21
0.8998240551181103
0
LINE
8
BLACK
6
CONTINUOUS
10
0.5534526771653543
20
0.8998240551181103
11
0.555492874015748
21
0.9006691338582677
0
LINE
8
BLACK
6
CONTINUOUS
10
0.555492874015748
20
0.9006691338582677
11
0.5562733070866142
21
0.9014496062992126
0
LINE
8
BLACK
6
CONTINUOUS
10
0.5562733070866142
20
0.9014496062992126
11
0.5562733858267717
21
0.9014496850393701
0
LINE
8
BLACK
6
CONTINUOUS
10
0.5562733858267717
20
0.9014496850393701
11
0.5562734251968504
21
0.9014496850393701
0
LINE
8
BLACK
6
CONTINUOUS
10
0.5562734251968504
20
0.9014496850393701
11
0.5562736220472441
21
0.9014498818897637
0
LINE
8
BLACK
6
CONTINUOUS
10
0.5562736220472441
20
0.9014498818897637
11
0.556273937007874
21
0.9014501181102362
0
LINE
8
BLACK
6
CONTINUOUS
10
0.556273937007874
20
0.9014501181102362
11
0.5568481889763779
21
0.9018907874015748
0
LINE
8
BLACK
6
CONTINUOUS
10
0.5568481889763779
20
0.9018907874015748
11
0.5570193700787401
21
0.9020619291338583
0
LINE
8
BLACK
6
CONTINUOUS
10
0.5570193700787401
20
0.9020619291338583
11
0.5571320866141732
21
0.9021086220472441
0
LINE
8
BLACK
6
CONTINUOUS
10
0.5571320866141732
20
0.9021086220472441
11
0.5594614960629921
21
0.9038961811023621
0
LINE
8
BLACK
6
CONTINUOUS
10
0.5594614960629921
20
0.9038961811023621
11
0.5631741732283464
21
0.9054340157480315
0
LINE
8
BLACK
6
CONTINUOUS
10
0.5631741732283464
20
0.9054340157480315
11
0.5671584251968503
21
0.9059583858267717
0
LINE
8
BLACK
6
CONTINUOUS
10
0.5671584251968503
20
0.9059583858267717
11
0.5711425984251969
21
0.9054335433070866
0
LINE
8
BLACK
6
CONTINUOUS
10
0.5711425984251969
20
0.9054335433070866
11
0.5748551181102363
21
0.9038952362204724
0
LINE
8
BLACK
6
CONTINUOUS
10
0.5748551181102363
20
0.9038952362204724
11
0.5771805905511811
21
0.9021102362204724
0
LINE
8
BLACK
6
CONTINUOUS
10
0.5771805905511811
20
0.9021102362204724
11
0.5772973622047244
21
0.9020618503937008
0
LINE
8
BLACK
6
CONTINUOUS
10
0.5772973622047244
20
0.9020618503937008
11
0.5780431102362205
21
0.9014498425196851
0
LINE
8
BLACK
6
CONTINUOUS
10
0.5780431102362205
20
0.9014498425196851
11
0.5780437401574803
21
0.9014492125984251
0
LINE
8
BLACK
6
CONTINUOUS
10
0.5780437401574803
20
0.9014492125984251
11
0.578043779527559
21
0.9014492125984251
0
LINE
8
BLACK
6
CONTINUOUS
10
0.578043779527559
20
0.9014492125984251
11
0.5780438188976378
21
0.9014491338582677
0
LINE
8
BLACK
6
CONTINUOUS
10
0.5780438188976378
20
0.9014491338582677
11
0.579936653543307
21
0.8995562992125984
0
LINE
8
BLACK
6
CONTINUOUS
10
0.579936653543307
20
0.8995562992125984
11
0.5799369291338583
21
0.8995559842519685
0
LINE
8
BLACK
6
CONTINUOUS
10
0.5799369291338583
20
0.8995559842519685
11
0.5799372047244095
21
0.8995557874015748
0
LINE
8
BLACK
6
CONTINUOUS
10
0.5799372047244095
20
0.8995557874015748
11
0.5799390551181102
21
0.8995533464566929
0
LINE
8
BLACK
6
CONTINUOUS
10
0.5799390551181102
20
0.8995533464566929
11
0.5805482677165354
21
0.8988110236220472
0
LINE
8
BLACK
6
CONTINUOUS
10
0.5805482677165354
20
0.8988110236220472
11
0.5805487007874016
21
0.8988105905511811
0
LINE
8
BLACK
6
CONTINUOUS
10
0.5805487007874016
20
0.8988105905511811
11
0.5805954724409449
21
0.8986976377952756
0
LINE
8
BLACK
6
CONTINUOUS
10
0.5805954724409449
20
0.8986976377952756
11
0.5823827559055118
21
0.8963676771653543
0
LINE
8
BLACK
6
CONTINUOUS
10
0.5823827559055118
20
0.8963676771653543
11
0.5839199212598425
21
0.8926552755905511
0
LINE
8
BLACK
6
CONTINUOUS
10
0.5839199212598425
20
0.8926552755905511
11
0.5844438976377953
21
0.8886714960629921
0
LINE
8
BLACK
6
CONTINUOUS
10
0.5844438976377953
20
0.8886714960629921
11
0.5839190157480315
21
0.884687874015748
0
LINE
8
BLACK
6
CONTINUOUS
10
0.5839190157480315
20
0.884687874015748
11
0.582381062992126
21
0.8809757874015748
0
LINE
8
BLACK
6
CONTINUOUS
10
0.582381062992126
20
0.8809757874015748
11
0.5805987401574803
21
0.8786534645669292
0
LINE
8
BLACK
6
CONTINUOUS
10
0.5805987401574803
20
0.8786534645669292
11
0.5805487007874016
21
0.8785325590551181
0
LINE
8
BLACK
6
CONTINUOUS
10
0.5805487007874016
20
0.8785325590551181
11
0.5803650787401574
21
0.8783489763779527
0
LINE
8
BLACK
6
CONTINUOUS
10
0.5803650787401574
20
0.8783489763779527
11
0.5799503543307086
21
0.8778085826771653
0
LINE
8
BLACK
6
CONTINUOUS
10
0.5799503543307086
20
0.8778085826771653
11
0.5799368503937008
21
0.8777870472440945
0
LINE
8
BLACK
6
CONTINUOUS
10
0.5799368503937008
20
0.8777870472440945
11
0.5799364566929134
21
0.8777874409448819
0
LINE
8
BLACK
6
CONTINUOUS
10
0.5799364566929134
20
0.8777874409448819
11
0.5799359842519685
21
0.8777870078740158
0
LINE
8
BLACK
6
CONTINUOUS
10
0.5799359842519685
20
0.8777870078740158
11
0.5799364566929134
21
0.8777865748031496
0
LINE
8
BLACK
6
CONTINUOUS
10
0.5799364566929134
20
0.8777865748031496
11
0.579934094488189
21
0.8777851181102362
0
LINE
8
BLACK
6
CONTINUOUS
10
0.579934094488189
20
0.8777851181102362
11
0.5791556692913385
21
0.8770066141732283
0
LINE
8
BLACK
6
CONTINUOUS
10
0.5791556692913385
20
0.8770066141732283
11
0.5783106299212598
21
0.8749662598425196
0
LINE
8
BLACK
6
CONTINUOUS
10
0.5783106299212598
20
0.8749662598425196
11
0.5783107086614173
21
0.8727577952755905
0
LINE
8
BLACK
6
CONTINUOUS
10
0.5783107086614173
20
0.8727577952755905
11
0.5791558661417323
21
0.8707174803149607
0
LINE
8
BLACK
6
CONTINUOUS
10
0.5791558661417323
20
0.8707174803149607
11
0.5799366929133858
21
0.8699367322834646
0
LINE
8
BLACK
6
CONTINUOUS
10
0.5799366929133858
20
0.8699367322834646
11
0.5799366929133858
21
0.8699366929133858
0
LINE
8
BLACK
6
CONTINUOUS
10
0.5799366929133858
20
0.8699366929133858
11
0.5799367322834645
21
0.8699366141732283
0
LINE
8
BLACK
6
CONTINUOUS
10
0.5799367322834645
20
0.8699366141732283
11
0.6090269291338583
21
0.8408464566929134
0
LINE
8
BLACK
6
CONTINUOUS
10
0.6090269291338583
20
0.8408464566929134
11
0.6234409448818897
21
0.8408464566929134
0
LINE
8
BLACK
6
CONTINUOUS
10
0.6234409448818897
20
0.8408464566929134
11
0.6234409448818897
21
0.846259842519685
0
LINE
8
BLACK
6
CONTINUOUS
10
0.6234409448818897
20
0.846259842519685
11
0.6241901574803149
21
0.8500264173228346
0
LINE
8
BLACK
6
CONTINUOUS
10
0.6241901574803149
20
0.8500264173228346
11
0.6263237401574803
21
0.8532195669291338
0
LINE
8
BLACK
6
CONTINUOUS
10
0.6263237401574803
20
0.8532195669291338
11
0.6295168897637795
21
0.8553531496062992
0
LINE
8
BLACK
6
CONTINUOUS
10
0.6295168897637795
20
0.8553531496062992
11
0.6332834645669291
21
0.8561023622047244
0
LINE
8
BLACK
6
CONTINUOUS
10
0.6332834645669291
20
0.8561023622047244
11
0.6687165354330709
21
0.8561023622047244
0
LINE
8
BLACK
6
CONTINUOUS
10
0.6687165354330709
20
0.8561023622047244
11
0.6724831102362204
21
0.8553531496062992
0
LINE
8
BLACK
6
CONTINUOUS
10
0.6724831102362204
20
0.8553531496062992
11
0.6731294881889763
21
0.8549212598425197
0
LINE
8
BLACK
6
CONTINUOUS
10
0.6731294881889763
20
0.8549212598425197
11
0.72
21
0.8549212598425197
0
LINE
8
BLACK
6
CONTINUOUS
10
0.72
20
0.8549212598425197
11
0.72
21
0.88
0
LINE
8
BLACK
6
CONTINUOUS
10
0.72
20
0.88
11
0.78
21
0.88
0
LINE
8
BLACK
6
CONTINUOUS
10
0.78
20
0.88
11
0.78
21
0.8549212598425197
0
LINE
8
BLACK
6
CONTINUOUS
10
0.78
20
0.8549212598425197
11
0.82
21
0.8549212598425197
0
LINE
8
BLACK
6
CONTINUOUS
10
0.82
20
0.8549212598425197
11
0.82
21
0.88
0
LINE
8
BLACK
6
CONTINUOUS
10
0.82
20
0.88
11
0.88
21
0.88
0
LINE
8
BLACK
6
CONTINUOUS
10
0.88
20
0.88
11
0.88
21
0.82
0
LINE
8
BLACK
6
CONTINUOUS
10
0.88
20
0.82
11
0.82
21
0.82
0
LINE
8
BLACK
6
CONTINUOUS
10
0.82
20
0.82
11
0.82
21
0.8450787401574803
0
LINE
8
BLACK
6
CONTINUOUS
10
0.82
20
0.8450787401574803
11
0.78
21
0.8450787401574803
0
LINE
8
BLACK
6
CONTINUOUS
10
0.78
20
0.8450787401574803
11
0.78
21
0.82
0
LINE
8
BLACK
6
CONTINUOUS
10
0.78
20
0.82
11
0.72
21
0.82
0
LINE
8
BLACK
6
CONTINUOUS
10
0.72
20
0.82
11
0.72
21
0.8450787401574803
0
LINE
8
BLACK
6
CONTINUOUS
10
0.72
20
0.8450787401574803
11
0.6785590551181102
21
0.8450787401574803
0
LINE
8
BLACK
6
CONTINUOUS
10
0.6785590551181102
20
0.8450787401574803
11
0.6785590551181102
21
0.8255905511811024
0
LINE
8
BLACK
6
CONTINUOUS
10
0.6785590551181102
20
0.8255905511811024
11
0.677809842519685
21
0.8218239763779528
0
LINE
8
BLACK
6
CONTINUOUS
10
0.677809842519685
20
0.8218239763779528
11
0.6756762598425197
21
0.8186308267716536
0
LINE
8
BLACK
6
CONTINUOUS
10
0.6756762598425197
20
0.8186308267716536
11
0.6724831102362204
21
0.8164972440944882
0
LINE
8
BLACK
6
CONTINUOUS
10
0.6724831102362204
20
0.8164972440944882
11
0.6687165354330709
21
0.815748031496063
0
LINE
8
BLACK
6
CONTINUOUS
10
0.6687165354330709
20
0.815748031496063
11
0.6332834645669291
21
0.815748031496063
0
LINE
8
BLACK
6
CONTINUOUS
10
0.6332834645669291
20
0.815748031496063
11
0.6295168897637795
21
0.8164972440944882
0
LINE
8
BLACK
6
CONTINUOUS
10
0.6295168897637795
20
0.8164972440944882
11
0.6263237401574803
21
0.8186308267716536
0
LINE
8
BLACK
6
CONTINUOUS
10
0.6263237401574803
20
0.8186308267716536
11
0.6241901574803149
21
0.8218239763779528
0
LINE
8
BLACK
6
CONTINUOUS
10
0.6241901574803149
20
0.8218239763779528
11
0.6234409448818897
21
0.8255905511811024
0
LINE
8
BLACK
6
CONTINUOUS
10
0.6234409448818897
20
0.8255905511811024
11
0.6234409448818897
21
0.831003937007874
0
LINE
8
BLACK
6
CONTINUOUS
10
0.6234409448818897
20
0.831003937007874
11
0.6069884645669291
21
0.831003937007874
0
LINE
8
BLACK
6
CONTINUOUS
10
0.6069884645669291
20
0.831003937007874
11
0.6060283858267717
21
0.8310985039370079
0
LINE
8
BLACK
6
CONTINUOUS
10
0.6060283858267717
20
0.8310985039370079
11
0.6060283464566929
21
0.8310985039370079
0
LINE
8
BLACK
6
CONTINUOUS
10
0.6060283464566929
20
0.8310985039370079
11
0.6052935433070866
21
0.8314029133858267
0
LINE
8
BLACK
6
CONTINUOUS
10
0.6052935433070866
20
0.8314029133858267
11
0.6042543700787402
21
0.8318333070866142
0
LINE
8
BLACK
6
CONTINUOUS
10
0.6042543700787402
20
0.8318333070866142
11
0.6042543307086614
21
0.8318333464566929
0
LINE
8
BLACK
6
CONTINUOUS
10
0.6042543307086614
20
0.8318333464566929
11
0.6035085826771653
21
0.8324453543307087
0
LINE
8
BLACK
6
CONTINUOUS
10
0.6035085826771653
20
0.8324453543307087
11
0.5729770078740157
21
0.862976968503937
0
LINE
8
BLACK
6
CONTINUOUS
10
0.5729770078740157
20
0.862976968503937
11
0.5729769291338582
21
0.8629770078740158
0
LINE
8
BLACK
6
CONTINUOUS
10
0.5729769291338582
20
0.8629770078740158
11
0.572976968503937
21
0.8629770078740158
0
LINE
8
BLACK
6
CONTINUOUS
10
0.572976968503937
20
0.8629770078740158
11
0.5723649606299213
21
0.8637227559055118
0
LINE
8
BLACK
6
CONTINUOUS
10
0.5723649606299213
20
0.8637227559055118
11
0.5723182677165354
21
0.8638354330708661
0
LINE
8
BLACK
6
CONTINUOUS
10
0.5723182677165354
20
0.8638354330708661
11
0.5705306692913386
21
0.8661650787401575
0
LINE
8
BLACK
6
CONTINUOUS
10
0.5705306692913386
20
0.8661650787401575
11
0.5689927952755905
21
0.8698776377952756
0
LINE
8
BLACK
6
CONTINUOUS
10
0.5689927952755905
20
0.8698776377952756
11
0.568468188976378
21
0.8738617322834645
0
LINE
8
BLACK
6
CONTINUOUS
10
0.568468188976378
20
0.8738617322834645
11
0.5689925590551181
21
0.8778458267716536
0
LINE
8
BLACK
6
CONTINUOUS
10
0.5689925590551181
20
0.8778458267716536
11
0.570530157480315
21
0.8815584645669291
0
LINE
8
BLACK
6
CONTINUOUS
10
0.570530157480315
20
0.8815584645669291
11
0.5723190157480315
21
0.8838901181102362
0
LINE
8
BLACK
6
CONTINUOUS
10
0.5723190157480315
20
0.8838901181102362
11
0.5723648818897638
21
0.8840007480314961
0
LINE
8
BLACK
6
CONTINUOUS
10
0.5723648818897638
20
0.8840007480314961
11
0.572532716535433
21
0.8841686220472441
0
LINE
8
BLACK
6
CONTINUOUS
10
0.572532716535433
20
0.8841686220472441
11
0.5729762598425197
21
0.8847466929133858
0
LINE
8
BLACK
6
CONTINUOUS
10
0.5729762598425197
20
0.8847466929133858
11
0.5729766929133858
21
0.8847462598425196
0
LINE
8
BLACK
6
CONTINUOUS
10
0.5729766929133858
20
0.8847462598425196
11
0.572976968503937
21
0.8847464566929134
0
LINE
8
BLACK
6
CONTINUOUS
10
0.572976968503937
20
0.8847464566929134
11
0.5729771653543307
21
0.8847467322834646
0
LINE
8
BLACK
6
CONTINUOUS
10
0.5729771653543307
20
0.8847467322834646
11
0.5729755118110236
21
0.8847483858267716
0
LINE
8
BLACK
6
CONTINUOUS
10
0.5729755118110236
20
0.8847483858267716
11
0.5737561811023622
21
0.8855289370078741
0
LINE
8
BLACK
6
CONTINUOUS
10
0.5737561811023622
20
0.8855289370078741
11
0.5746012598425196
21
0.8875686614173228
0
LINE
8
BLACK
6
CONTINUOUS
10
0.5746012598425196
20
0.8875686614173228
11
0.5746015354330708
21
0.8897765354330709
0
LINE
8
BLACK
6
CONTINUOUS
10
0.5746015354330708
20
0.8897765354330709
11
0.5737568897637795
21
0.8918164566929133
0
LINE
8
BLACK
6
CONTINUOUS
10
0.5737568897637795
20
0.8918164566929133
11
0.5729763779527559
21
0.8925971653543306
0
LINE
8
BLACK
6
CONTINUOUS
10
0.5729763779527559
20
0.8925971653543306
11
0.5729763779527559
21
0.8925972047244094
0
LINE
8
BLACK
6
CONTINUOUS
10
0.5729763779527559
20
0.8925972047244094
11
0.5710834251968504
21
0.8944901574803149
0
LINE
8
BLACK
6
CONTINUOUS
10
0.5710834251968504
20
0.8944901574803149
11
0.571083031496063
21
0.8944905905511811
0
LINE
8
BLACK
6
CONTINUOUS
10
0.571083031496063
20
0.8944905905511811
11
0.5710827559055118
21
0.8944907874015747
0
LINE
8
BLACK
6
CONTINUOUS
10
0.5710827559055118
20
0.8944907874015747
11
0.5710818897637795
21
0.8944898818897637
0
LINE
8
BLACK
6
CONTINUOUS
10
0.5710818897637795
20
0.8944898818897637
11
0.5703014173228347
21
0.8952705905511811
0
LINE
8
BLACK
6
CONTINUOUS
10
0.5703014173228347
20
0.8952705905511811
11
0.5682617322834645
21
0.8961157480314961
0
LINE
8
BLACK
6
CONTINUOUS
10
0.5682617322834645
20
0.8961157480314961
11
0.5660538976377952
21
0.896115905511811
0
LINE
8
BLACK
6
CONTINUOUS
10
0.5660538976377952
20
0.896115905511811
11
0.5640141338582677
21
0.8952709842519685
0
LINE
8
BLACK
6
CONTINUOUS
10
0.5640141338582677
20
0.8952709842519685
11
0.5632335433070866
21
0.8944903937007874
0
LINE
8
BLACK
6
CONTINUOUS
10
0.5632335433070866
20
0.8944903937007874
11
0.5632334251968504
21
0.8944903543307087
0
LINE
8
BLACK
6
CONTINUOUS
10
0.5632334251968504
20
0.8944903543307087
11
0.5632333070866141
21
0.8944901181102362
0
LINE
8
BLACK
6
CONTINUOUS
10
0.5632333070866141
20
0.8944901181102362
11
0.5626585039370079
21
0.8940490944881889
0
LINE
8
BLACK
6
CONTINUOUS
10
0.5626585039370079
20
0.8940490944881889
11
0.562487559055118
21
0.8938781102362204
0
LINE
8
BLACK
6
CONTINUOUS
10
0.562487559055118
20
0.8938781102362204
11
0.5623748818897638
21
0.8938314566929134
0
LINE
8
BLACK
6
CONTINUOUS
10
0.5623748818897638
20
0.8938314566929134
11
0.5600452362204724
21
0.8920438582677165
0
LINE
8
BLACK
6
CONTINUOUS
10
0.5600452362204724
20
0.8920438582677165
11
0.5563326377952755
21
0.890506062992126
0
LINE
8
BLACK
6
CONTINUOUS
10
0.5563326377952755
20
0.890506062992126
11
0.5523485433070866
21
0.8899815354330708
0
LINE
8
BLACK
6
CONTINUOUS
10
0.5523485433070866
20
0.8899815354330708
11
0.5483644488188977
21
0.890506062992126
0
LINE
8
BLACK
6
CONTINUOUS
10
0.5483644488188977
20
0.890506062992126
11
0.5446518503937008
21
0.8920438582677165
0
LINE
8
BLACK
6
CONTINUOUS
10
0.5446518503937008
20
0.8920438582677165
11
0.5423221653543306
21
0.8938314566929134
0
LINE
8
BLACK
6
CONTINUOUS
10
0.5423221653543306
20
0.8938314566929134
11
0.5422095275590552
21
0.8938781102362204
0
LINE
8
BLACK
6
CONTINUOUS
10
0.5422095275590552
20
0.8938781102362204
11
0.542209094488189
21
0.8938785433070866
0
LINE
8
BLACK
6
CONTINUOUS
10
0.542209094488189
20
0.8938785433070866
11
0.5414651181102362
21
0.8944890944881889
0
LINE
8
BLACK
6
CONTINUOUS
10
0.5414651181102362
20
0.8944890944881889
11
0.5414637795275591
21
0.8944901181102362
0
LINE
8
BLACK
6
CONTINUOUS
10
0.5414637795275591
20
0.8944901181102362
11
0.5414636220472441
21
0.8944903543307087
0
LINE
8
BLACK
6
CONTINUOUS
10
0.5414636220472441
20
0.8944903543307087
11
0.4910327165354331
21
0.9449212598425196
0
LINE
8
BLACK
6
CONTINUOUS
10
0.4910327165354331
20
0.9449212598425196
11
0.4122075196850394
21
0.9449212598425196
0
LINE
8
BLACK
6
CONTINUOUS
10
0.4122075196850394
20
0.9449212598425196
11
0.4112474409448819
21
0.9450158267716535
0
LINE
8
BLACK
6
CONTINUOUS
10
0.4112474409448819
20
0.9450158267716535
11
0.4112474015748032
21
0.9450158267716535
0
LINE
8
BLACK
6
CONTINUOUS
10
0.4112474015748032
20
0.9450158267716535
11
0.4094734251968504
21
0.9457506299212598
0
LINE
8
BLACK
6
CONTINUOUS
10
0.4094734251968504
20
0.9457506299212598
11
0.4087276771653543
21
0.9463626771653543
0
LINE
8
BLACK
6
CONTINUOUS
10
0.4087276771653543
20
0.9463626771653543
11
0.3700116141732284
21
0.9850787401574803
0
LINE
8
BLACK
6
CONTINUOUS
10
0.3700116141732284
20
0.9850787401574803
11
0.3542125984251969
21
0.9850787401574803
0
LINE
8
BLACK
6
CONTINUOUS
10
0.3542125984251969
20
0.9850787401574803
11
0.3542125984251969
21
0.9646062992125984
0
LINE
8
BLACK
6
CONTINUOUS
10
0.3542125984251969
20
0.9646062992125984
11
0.3537630708661417
21
0.9623463385826772
0
LINE
8
BLACK
6
CONTINUOUS
10
0.3537630708661417
20
0.9623463385826772
11
0.3524829133858268
21
0.9604304724409448
0
LINE
8
BLACK
6
CONTINUOUS
10
0.3524829133858268
20
0.9604304724409448
11
0.3505670472440945
21
0.9591503149606299
0
LINE
8
BLACK
6
CONTINUOUS
10
0.3505670472440945
20
0.9591503149606299
11
0.3483070866141732
21
0.9587007874015748
0
LINE
8
BLACK
6
CONTINUOUS
10
0.3483070866141732
20
0.9587007874015748
11
0.336496062992126
21
0.9587007874015748
0
LINE
8
BLACK
6
CONTINUOUS
10
0.336496062992126
20
0.9587007874015748
11
0.3342361023622047
21
0.9591503149606299
0
LINE
8
BLACK
6
CONTINUOUS
10
0.3342361023622047
20
0.9591503149606299
11
0.3323202362204724
21
0.9604304724409448
0
LINE
8
BLACK
6
CONTINUOUS
10
0.3323202362204724
20
0.9604304724409448
11
0.3310400787401575
21
0.9623463385826772
0
LINE
8
BLACK
6
CONTINUOUS
10
0.3310400787401575
20
0.9623463385826772
11
0.3305905511811024
21
0.9646062992125984
0
LINE
8
BLACK
6
CONTINUOUS
10
0.3305905511811024
20
0.9646062992125984
11
0.3305905511811024
21
1.0049606299212599
0
LINE
8
BLACK
6
CONTINUOUS
10
0.3305905511811024
20
1.0049606299212599
11
0.3310400787401575
21
1.0072205905511811
0
LINE
8
BLACK
6
CONTINUOUS
10
0.3310400787401575
20
1.0072205905511811
11
0.3323202362204724
21
1.0091364566929133
0
LINE
8
BLACK
6
CONTINUOUS
10
0.3323202362204724
20
1.0091364566929133
11
0.3342361023622047
21
1.0104166141732283
0
LINE
8
BLACK
6
CONTINUOUS
10
0.3342361023622047
20
1.0104166141732283
11
0.336496062992126
21
1.0108661417322835
0
LINE
8
BLACK
6
CONTINUOUS
10
0.336496062992126
20
1.0108661417322835
11
0.3483070866141732
21
1.0108661417322835
0
LINE
8
BLACK
6
CONTINUOUS
10
0.3483070866141732
20
1.0108661417322835
11
0.3505670472440945
21
1.0104166141732283
0
LINE
8
BLACK
6
CONTINUOUS
10
0.4114884645669291
20
1.2478528346456692
11
0.4188328346456693
21
1.2454664960629922
0
LINE
8
BLACK
6
CONTINUOUS
10
0.4188328346456693
20
1.2454664960629922
11
0.4257135039370079
21
1.2419606299212598
0
LINE
8
BLACK
6
CONTINUOUS
10
0.4257135039370079
20
1.2419606299212598
11
0.4319610236220472
21
1.2374215354330709
0
LINE
8
BLACK
6
CONTINUOUS
10
0.4319610236220472
20
1.2374215354330709
11
0.4374215354330708
21
1.2319610236220473
0
LINE
8
BLACK
6
CONTINUOUS
10
0.4374215354330708
20
1.2319610236220473
11
0.4419606299212598
21
1.225713503937008
0
LINE
8
BLACK
6
CONTINUOUS
10
0.4419606299212598
20
1.225713503937008
11
0.4454664960629921
21
1.2188328346456692
0
LINE
8
BLACK
6
CONTINUOUS
10
0.4454664960629921
20
1.2188328346456692
11
0.4478528346456693
21
1.211488464566929
0
LINE
8
BLACK
6
CONTINUOUS
10
0.4478528346456693
20
1.211488464566929
11
0.449060905511811
21
1.2038611811023623
0
LINE
8
BLACK
6
CONTINUOUS
10
0.449060905511811
20
1.2038611811023623
11
0.449060905511811
21
1.1961388188976378
0
LINE
8
BLACK
6
CONTINUOUS
10
0.449060905511811
20
1.1961388188976378
11
0.4478528346456693
21
1.1885115354330709
0
LINE
8
BLACK
6
CONTINUOUS
10
0.4478528346456693
20
1.1885115354330709
11
0.4454664960629921
21
1.1811671653543308
0
LINE
8
BLACK
6
CONTINUOUS
10
0.4454664960629921
20
1.1811671653543308
11
0.4419606299212598
21
1.1742864960629922
0
LINE
8
BLACK
6
CONTINUOUS
10
0.4419606299212598
20
1.1742864960629922
11
0.4374215354330708
21
1.1680389763779526
0
LINE
8
BLACK
6
CONTINUOUS
10
0.4374215354330708
20
1.1680389763779526
11
0.4319610236220472
21
1.162578464566929
0
LINE
8
BLACK
6
CONTINUOUS
10
0.4319610236220472
20
1.162578464566929
11
0.4257135039370079
21
1.1580393700787401
0
LINE
8
BLACK
6
CONTINUOUS
10
0.4257135039370079
20
1.1580393700787401
11
0.4188328346456693
21
1.1545335039370079
0
LINE
8
BLACK
6
CONTINUOUS
10
0.4188328346456693
20
1.1545335039370079
11
0.4114884645669291
21
1.1521471653543307
0
LINE
8
BLACK
6
CONTINUOUS
10
0.4114884645669291
20
1.1521471653543307
11
0.4049212598425197
21
1.1511070078740158
0
LINE
8
BLACK
6
CONTINUOUS
10
0.4049212598425197
20
1.1511070078740158
11
0.4049212598425197
21
1.0818897637795275
0
LINE
8
BLACK
6
CONTINUOUS
10
0.4049212598425197
20
1.0818897637795275
11
0.4048266929133858
21
1.0809296850393701
0
LINE
8
BLACK
6
CONTINUOUS
10
0.4048266929133858
20
1.0809296850393701
11
0.4040918897637795
21
1.0791556692913387
0
LINE
8
BLACK
6
CONTINUOUS
10
0.4040918897637795
20
1.0791556692913387
11
0.4040918503937008
21
1.0791556299212599
0
LINE
8
BLACK
6
CONTINUOUS
10
0.4040918503937008
20
1.0791556299212599
11
0.4034798425196851
21
1.0784098818897638
0
LINE
8
BLACK
6
CONTINUOUS
10
0.4034798425196851
20
1.0784098818897638
11
0.3515900787401575
21
1.0265201574803149
0
LINE
8
BLACK
6
CONTINUOUS
10
0.3515900787401575
20
1.0265201574803149
11
0.3508445275590551
21
1.0259083464566929
0
LINE
8
BLACK
6
CONTINUOUS
10
0.3508445275590551
20
1.0259083464566929
11
0.3508443307086614
21
1.0259081102362204
0
LINE
8
BLACK
6
CONTINUOUS
10
0.3508443307086614
20
1.0259081102362204
11
0.3495899212598425
21
1.0253885433070866
0
LINE
8
BLACK
6
CONTINUOUS
10
0.3495899212598425
20
1.0253885433070866
11
0.3490703543307087
21
1.0251733070866142
0
LINE
8
BLACK
6
CONTINUOUS
10
0.3490703543307087
20
1.0251733070866142
11
0.3490703149606299
21
1.0251733070866142
0
LINE
8
BLACK
6
CONTINUOUS
10
0.3490703149606299
20
1.0251733070866142
11
0.3481102362204724
21
1.0250787401574804
0
LINE
8
BLACK
6
CONTINUOUS
10
0.3481102362204724
20
1.0250787401574804
11
0.2820384251968504
21
1.0250787401574804
0
LINE
8
BLACK
6
CONTINUOUS
10
0.2820384251968504
20
1.0250787401574804
11
0.2724212598425197
21
1.0154615748031497
0
LINE
8
BLACK
6
CONTINUOUS
10
0.2724212598425197
20
1.0154615748031497
11
0.2724212598425197
21
1.0108661417322835
0
LINE
8
BLACK
6
CONTINUOUS
10
0.2724212598425197
20
1.0108661417322835
11
0.273503937007874
21
1.0108661417322835
0
LINE
8
BLACK
6
CONTINUOUS
10
0.273503937007874
20
1.0108661417322835
11
0.2757638976377953
21
1.0104166141732283
0
LINE
8
BLACK
6
CONTINUOUS
10
0.2757638976377953
20
1.0104166141732283
11
0.2776797637795276
21
1.0091364566929133
0
LINE
8
BLACK
6
CONTINUOUS
10
0.2776797637795276
20
1.0091364566929133
11
0.2789599212598425
21
1.0072205905511811
0
LINE
8
BLACK
6
CONTINUOUS
10
0.2789599212598425
20
1.0072205905511811
11
0.2794094488188976
21
1.0049606299212599
0
LINE
8
BLACK
6
CONTINUOUS
10
0.2794094488188976
20
1.0049606299212599
11
0.2794094488188976
21
0.9646062992125984
0
LINE
8
BLACK
6
CONTINUOUS
10
0.2794094488188976
20
0.9646062992125984
11
0.2789599212598425
21
0.9623463385826772
0
LINE
8
BLACK
6
CONTINUOUS
10
0.2789599212598425
20
0.9623463385826772
11
0.2776797637795276
21
0.9604304724409448
0
LINE
8
BLACK
6
CONTINUOUS
10
0.2776797637795276
20
0.9604304724409448
11
0.2757638976377953
21
0.9591503149606299
0
LINE
8
BLACK
6
CONTINUOUS
10
0.2757638976377953
20
0.9591503149606299
11
0.273503937007874
21
0.9587007874015748
0
LINE
8
BLACK
6
CONTINUOUS
10
0.273503937007874
20
0.9587007874015748
11
0.2616929133858268
21
0.9587007874015748
0
LINE
8
BLACK
6
CONTINUOUS
10
0.2616929133858268
20
0.9587007874015748
11
0.2594329527559055
21
0.9591503149606299
0
LINE
8
BLACK
6
CONTINUOUS
10
0.2594329527559055
20
0.9591503149606299
11
0.2575170866141732
21
0.9604304724409448
0
LINE
8
BLACK
6
CONTINUOUS
10
0.2575170866141732
20
0.9604304724409448
11
0.2562369291338583
21
0.9623463385826772
0
LINE
8
BLACK
6
CONTINUOUS
10
0.2562369291338583
20
0.9623463385826772
11
0.2557874015748031
21
0.9646062992125984
0
LINE
8
BLACK
6
CONTINUOUS
10
0.2557874015748031
20
0.9646062992125984
11
0.2557874015748031
21
1.0049606299212599
0
LINE
8
BLACK
6
CONTINUOUS
10
0.2557874015748031
20
1.0049606299212599
11
0.2562369291338583
21
1.0072205905511811
0
LINE
8
BLACK
6
CONTINUOUS
10
0.2562369291338583
20
1.0072205905511811
11
0.2575170866141732
21
1.0091364566929133
0
LINE
8
BLACK
6
CONTINUOUS
10
0.2575170866141732
20
1.0091364566929133
11
0.2594329527559055
21
1.0104166141732283
0
LINE
8
BLACK
6
CONTINUOUS
10
0.2594329527559055
20
1.0104166141732283
11
0.2616929133858268
21
1.0108661417322835
0
LINE
8
BLACK
6
CONTINUOUS
10
0.2616929133858268
20
1.0108661417322835
11
0.2625787401574803
21
1.0108661417322835
0
LINE
8
BLACK
6
CONTINUOUS
10
0.2625787401574803
20
1.0108661417322835
11
0.2625787401574803
21
1.0175000000000001
0
LINE
8
BLACK
6
CONTINUOUS
10
0.2625787401574803
20
1.0175000000000001
11
0.2626733070866142
21
1.0184600787401574
0
LINE
8
BLACK
6
CONTINUOUS
10
0.2626733070866142
20
1.0184600787401574
11
0.2634081102362205
21
1.0202340944881889
0
LINE
8
BLACK
6
CONTINUOUS
10
0.2634081102362205
20
1.0202340944881889
11
0.2634083070866142
21
1.0202343307086614
0
LINE
8
BLACK
6
CONTINUOUS
10
0.2634083070866142
20
1.0202343307086614
11
0.2640201574803149
21
1.020979842519685
0
LINE
8
BLACK
6
CONTINUOUS
10
0.2640201574803149
20
1.020979842519685
11
0.2765201574803149
21
1.0334798425196849
0
LINE
8
BLACK
6
CONTINUOUS
10
0.2765201574803149
20
1.0334798425196849
11
0.277265905511811
21
1.0340918897637794
0
LINE
8
BLACK
6
CONTINUOUS
10
0.277265905511811
20
1.0340918897637794
11
0.2790398818897638
21
1.0348266929133858
0
LINE
8
BLACK
6
CONTINUOUS
10
0.2790398818897638
20
1.0348266929133858
11
0.2790399212598425
21
1.0348266929133858
0
LINE
8
BLACK
6
CONTINUOUS
10
0.2790399212598425
20
1.0348266929133858
11
0.28
21
1.0349212598425197
0
LINE
8
BLACK
6
CONTINUOUS
10
0.28
20
1.0349212598425197
11
0.3460718110236221
21
1.0349212598425197
0
LINE
8
BLACK
6
CONTINUOUS
10
0.3460718110236221
20
1.0349212598425197
11
0.3950787401574803
21
1.0839282283464566
0
LINE
8
BLACK
6
CONTINUOUS
10
0.3950787401574803
20
1.0839282283464566
11
0.3950787401574803
21
1.1511070078740158
0
LINE
8
BLACK
6
CONTINUOUS
10
0.3950787401574803
20
1.1511070078740158
11
0.3885115354330709
21
1.1521471653543307
0
LINE
8
BLACK
6
CONTINUOUS
10
0.3885115354330709
20
1.1521471653543307
11
0.3811671653543307
21
1.1545335039370079
0
LINE
8
BLACK
6
CONTINUOUS
10
0.3811671653543307
20
1.1545335039370079
11
0.3742864960629921
21
1.1580393700787401
0
LINE
8
BLACK
6
CONTINUOUS
10
0.3742864960629921
20
1.1580393700787401
11
0.3680389763779527
21
1.162578464566929
0
LINE
8
BLACK
6
CONTINUOUS
10
0.3680389763779527
20
1.162578464566929
11
0.3625784645669291
21
1.1680389763779526
0
LINE
8
BLACK
6
CONTINUOUS
10
0.3625784645669291
20
1.1680389763779526
11
0.3580393700787401
21
1.1742864960629922
0
LINE
8
BLACK
6
CONTINUOUS
10
0.3580393700787401
20
1.1742864960629922
11
0.3545335039370079
21
1.1811671653543308
0
LINE
8
BLACK
6
CONTINUOUS
10
0.3545335039370079
20
1.1811671653543308
11
0.3521471653543307
21
1.1885115354330709
0
LINE
8
BLACK
6
CONTINUOUS
10
0.3521471653543307
20
1.1885115354330709
11
0.3509390944881889
21
1.1961388188976378
0
LINE
8
BLACK
6
CONTINUOUS
10
0.3509390944881889
20
1.1961388188976378
11
0.3509390944881889
21
1.2038611811023623
0
LINE
8
BLACK
6
CONTINUOUS
10
0.3509390944881889
20
1.2038611811023623
11
0.3521471653543307
21
1.211488464566929
0
LINE
8
BLACK
6
CONTINUOUS
10
0.3521471653543307
20
1.211488464566929
11
0.3545335039370079
21
1.2188328346456692
0
LINE
8
BLACK
6
CONTINUOUS
10
0.3545335039370079
20
1.2188328346456692
11
0.3580393700787401
21
1.225713503937008
0
LINE
8
BLACK
6
CONTINUOUS
10
0.3580393700787401
20
1.225713503937008
11
0.3625784645669291
21
1.2319610236220473
0
LINE
8
BLACK
6
CONTINUOUS
10
0.3625784645669291
20
1.2319610236220473
11
0.3680389763779527
21
1.2374215354330709
0
LINE
8
BLACK
6
CONTINUOUS
10
0.3680389763779527
20
1.2374215354330709
11
0.3742864960629921
21
1.2419606299212598
0
LINE
8
BLACK
6
CONTINUOUS
10
0.3742864960629921
20
1.2419606299212598
11
0.3811671653543307
21
1.2454664960629922
0
LINE
8
BLACK
6
CONTINUOUS
10
0.3811671653543307
20
1.2454664960629922
11
0.3885115354330709
21
1.2478528346456692
0
LINE
8
BLACK
6
CONTINUOUS
10
0.3885115354330709
20
1.2478528346456692
11
0.3961388188976378
21
1.2490609055118109
0
LINE
8
BLACK
6
CONTINUOUS
10
0.3961388188976378
20
1.2490609055118109
11
0.4038611811023622
21
1.2490609055118109
0
LINE
8
BLACK
6
CONTINUOUS
10
0.4038611811023622
20
1.2490609055118109
11
0.4114884645669291
21
1.2478528346456692
0
LINE
8
BLACK
6
CONTINUOUS
10
-0.0455049212598425
20
0.1755207480314961
11
-0.0442038976377953
21
0.1742196850393701
0
LINE
8
BLACK
6
CONTINUOUS
10
-0.0442038976377953
20
0.1742196850393701
11
-0.0427744881889764
21
0.171360905511811
0
LINE
8
BLACK
6
CONTINUOUS
10
-0.0427744881889764
20
0.171360905511811
11
-0.0427744881889764
21
0.1631674015748031
0
LINE
8
BLACK
6
CONTINUOUS
10
-0.0427744881889764
20
0.1631674015748031
11
-0.0442038976377953
21
0.1603086614173228
0
LINE
8
BLACK
6
CONTINUOUS
10
-0.0442038976377953
20
0.1603086614173228
11
-0.045505
21
0.1590075196850394
0
LINE
8
BLACK
6
CONTINUOUS
10
-0.045505
20
0.1590075196850394
11
-0.0483637007874016
21
0.1575781496062992
0
LINE
8
BLACK
6
CONTINUOUS
10
-0.0483637007874016
20
0.1575781496062992
11
-0.0546824409448819
21
0.1575781496062992
0
LINE
8
BLACK
6
CONTINUOUS
10
-0.0546824409448819
20
0.1575781496062992
11
-0.0575411811023622
21
0.1590075196850394
0
LINE
8
BLACK
6
CONTINUOUS
10
-0.0575411811023622
20
0.1590075196850394
11
-0.0588422834645669
21
0.1603086614173228
0
LINE
8
BLACK
6
CONTINUOUS
10
-0.0588422834645669
20
0.1603086614173228
11
-0.0602716535433071
21
0.1631674015748031
0
LINE
8
BLACK
6
CONTINUOUS
10
-0.0602716535433071
20
0.1631674015748031
11
-0.0602716535433071
21
0.171360905511811
0
LINE
8
BLACK
6
CONTINUOUS
10
-0.0602716535433071
20
0.171360905511811
11
-0.0588422834645669
21
0.1742197244094488
0
LINE
8
BLACK
6
CONTINUOUS
10
-0.0588422834645669
20
0.1742197244094488
11
-0.0575412204724409
21
0.1755207480314961
0
LINE
8
BLACK
6
CONTINUOUS
10
-0.0575412204724409
20
0.1755207480314961
11
-0.0546824409448819
21
0.1769501181102362
0
LINE
8
BLACK
6
CONTINUOUS
10
-0.0546824409448819
20
0.1769501181102362
11
-0.0483637007874016
21
0.1769501181102362
0
LINE
8
BLACK
6
CONTINUOUS
10
-0.0483637007874016
20
0.1769501181102362
11
-0.0455049212598425
21
0.1755207480314961
0
LINE
8
BLACK
6
CONTINUOUS
10
0.0276109448818898
20
0.1905188582677165
11
0.028911968503937
21
0.1892177952755905
0
LINE
8
BLACK
6
CONTINUOUS
10
0.028911968503937
20
0.1892177952755905
11
0.0304825590551181
21
0.1860766141732283
0
LINE
8
BLACK
6
CONTINUOUS
10
0.0304825590551181
20
0.1860766141732283
11
0.0322161417322835
21
0.1791423622047244
0
LINE
8
BLACK
6
CONTINUOUS
10
0.0322161417322835
20
0.1791423622047244
11
0.0322161417322835
21
0.1703840551181102
0
LINE
8
BLACK
6
CONTINUOUS
10
0.0322161417322835
20
0.1703840551181102
11
0.0304825590551181
21
0.1634498031496063
0
LINE
8
BLACK
6
CONTINUOUS
10
0.0304825590551181
20
0.1634498031496063
11
0.028911968503937
21
0.1603086614173228
0
LINE
8
BLACK
6
CONTINUOUS
10
0.028911968503937
20
0.1603086614173228
11
0.0276108661417323
21
0.1590075196850394
0
LINE
8
BLACK
6
CONTINUOUS
10
0.0276108661417323
20
0.1590075196850394
11
0.0247521653543307
21
0.1575781496062992
0
LINE
8
BLACK
6
CONTINUOUS
10
0.0247521653543307
20
0.1575781496062992
11
0.0221829527559055
21
0.1575781496062992
0
LINE
8
BLACK
6
CONTINUOUS
10
0.0221829527559055
20
0.1575781496062992
11
0.0193242125984252
21
0.1590075196850394
0
LINE
8
BLACK
6
CONTINUOUS
10
0.0193242125984252
20
0.1590075196850394
11
0.0180231102362205
21
0.1603086614173228
0
LINE
8
BLACK
6
CONTINUOUS
10
0.0180231102362205
20
0.1603086614173228
11
0.0164525196850394
21
0.1634498031496063
0
LINE
8
BLACK
6
CONTINUOUS
10
0.0164525196850394
20
0.1634498031496063
11
0.0147189763779528
21
0.1703840551181102
0
LINE
8
BLACK
6
CONTINUOUS
10
0.0147189763779528
20
0.1703840551181102
11
0.0147189763779528
21
0.1791423622047244
0
LINE
8
BLACK
6
CONTINUOUS
10
0.0147189763779528
20
0.1791423622047244
11
0.0164525196850394
21
0.1860766141732283
0
LINE
8
BLACK
6
CONTINUOUS
10
0.0164525196850394
20
0.1860766141732283
11
0.0180231102362205
21
0.1892178346456693
0
LINE
8
BLACK
6
CONTINUOUS
10
0.0180231102362205
20
0.1892178346456693
11
0.0193241732283465
21
0.1905188582677165
0
LINE
8
BLACK
6
CONTINUOUS
10
0.0193241732283465
20
0.1905188582677165
11
0.0221829527559055
21
0.1919482283464567
0
LINE
8
BLACK
6
CONTINUOUS
10
0.0221829527559055
20
0.1919482283464567
11
0.0247521653543307
21
0.1919482283464567
0
LINE
8
BLACK
6
CONTINUOUS
10
0.0247521653543307
20
0.1919482283464567
11
0.0276109448818898
21
0.1905188582677165
0
LINE
8
BLACK
6
CONTINUOUS
10
0.9873079133858268
20
1.3887991338582677
11
0.9891383464566929
21
1.3866866929133859
0
LINE
8
BLACK
6
CONTINUOUS
10
0.9891383464566929
20
1.3866866929133859
11
0.9895866141732284
21
1.3846259842519684
0
LINE
8
BLACK
6
CONTINUOUS
10
0.9895866141732284
20
1.3846259842519684
11
0.9895866141732284
21
-0.1846259842519685
0
LINE
8
BLACK
6
CONTINUOUS
10
0.9895866141732284
20
-0.1846259842519685
11
0.9887991338582677
21
-0.1873079133858268
0
LINE
8
BLACK
6
CONTINUOUS
10
0.9887991338582677
20
-0.1873079133858268
11
0.9866866929133858
21
-0.1891383464566929
0
LINE
8
BLACK
6
CONTINUOUS
10
0.9866866929133858
20
-0.1891383464566929
11
0.9846259842519685
21
-0.1895866141732283
0
LINE
8
BLACK
6
CONTINUOUS
10
0.9846259842519685
20
-0.1895866141732283
11
-0.1846259842519685
21
-0.1895866141732283
0
LINE
8
BLACK
6
CONTINUOUS
10
-0.1846259842519685
20
-0.1895866141732283
11
-0.1873079133858268
21
-0.1887991338582677
0
LINE
8
BLACK
6
CONTINUOUS
10
-0.1873079133858268
20
-0.1887991338582677
11
-0.1891383464566929
21
-0.1866866929133858
0
LINE
8
BLACK
6
CONTINUOUS
10
-0.1891383464566929
20
-0.1866866929133858
11
-0.1895866141732283
21
-0.1846259842519685
0
LINE
8
BLACK
6
CONTINUOUS
10
-0.1895866141732283
20
-0.1846259842519685
11
-0.1895866141732283
21
0.0001712992125984
0
LINE
8
BLACK
6
CONTINUOUS
10
-0.1895866141732283
20
0.0001712992125984
11
-0.1895866141732283
21
0.1521922440944882
0
LINE
8
BLACK
6
CONTINUOUS
10
-0.1895866141732283
20
0.1521922440944882
11
-0.1895866141732283
21
0.9047946062992126
0
LINE
8
BLACK
6
CONTINUOUS
10
-0.1895866141732283
20
0.9047946062992126
11
-0.1895866141732283
21
1.3846259842519684
0
LINE
8
BLACK
6
CONTINUOUS
10
-0.1895866141732283
20
1.3846259842519684
11
-0.1887991338582677
21
1.3873079133858268
0
LINE
8
BLACK
6
CONTINUOUS
10
-0.1887991338582677
20
1.3873079133858268
11
-0.1866866929133858
21
1.3891383464566929
0
LINE
8
BLACK
6
CONTINUOUS
10
-0.1866866929133858
20
1.3891383464566929
11
-0.1846259842519685
21
1.3895866141732283
0
LINE
8
BLACK
6
CONTINUOUS
10
-0.1846259842519685
20
1.3895866141732283
11
0.9846259842519685
21
1.3895866141732283
0
LINE
8
BLACK
6
CONTINUOUS
10
0.9846259842519685
20
1.3895866141732283
11
0.9873079133858268
21
1.3887991338582677
0
LINE
8
BLACK
6
CONTINUOUS
10
0.3277705905511811
20
-0.1453174803149606
11
0.3203394881889764
21
-0.1491038188976378
0
LINE
8
BLACK
6
CONTINUOUS
10
0.3203394881889764
20
-0.1491038188976378
11
0.3124075196850394
21
-0.151681062992126
0
LINE
8
BLACK
6
CONTINUOUS
10
0.3124075196850394
20
-0.151681062992126
11
0.3041700787401574
21
-0.1529857480314961
0
LINE
8
BLACK
6
CONTINUOUS
10
0.3041700787401574
20
-0.1529857480314961
11
0.2958299212598425
21
-0.1529857480314961
0
LINE
8
BLACK
6
CONTINUOUS
10
0.2958299212598425
20
-0.1529857480314961
11
0.2875924803149606
21
-0.151681062992126
0
LINE
8
BLACK
6
CONTINUOUS
10
0.2875924803149606
20
-0.151681062992126
11
0.2796605118110236
21
-0.1491038188976378
0
LINE
8
BLACK
6
CONTINUOUS
10
0.2796605118110236
20
-0.1491038188976378
11
0.2722294094488189
21
-0.1453174803149606
0
LINE
8
BLACK
6
CONTINUOUS
10
0.2722294094488189
20
-0.1453174803149606
11
0.2702573228346457
21
-0.1438846850393701
0
LINE
8
BLACK
6
CONTINUOUS
10
0.2702573228346457
20
-0.1438846850393701
11
0.2558310236220472
21
-0.1583110236220472
0
LINE
8
BLACK
6
CONTINUOUS
10
0.2558310236220472
20
-0.1583110236220472
11
0.2558310236220472
21
-0.158311062992126
0
LINE
8
BLACK
6
CONTINUOUS
10
0.2558310236220472
20
-0.158311062992126
11
0.259272874015748
21
-0.1609520866141732
0
LINE
8
BLACK
6
CONTINUOUS
10
0.259272874015748
20
-0.1609520866141732
11
0.2592731496062992
21
-0.1609522834645669
0
LINE
8
BLACK
6
CONTINUOUS
10
0.2592731496062992
20
-0.1609522834645669
11
0.267576811023622
21
-0.1657463779527559
0
LINE
8
BLACK
6
CONTINUOUS
10
0.267576811023622
20
-0.1657463779527559
11
0.2675772440944882
21
-0.1657466141732283
0
LINE
8
BLACK
6
CONTINUOUS
10
0.2675772440944882
20
-0.1657466141732283
11
0.2764363779527559
21
-0.1694161811023622
0
LINE
8
BLACK
6
CONTINUOUS
10
0.2764363779527559
20
-0.1694161811023622
11
0.2856988188976378
21
-0.171898031496063
0
LINE
8
BLACK
6
CONTINUOUS
10
0.2856988188976378
20
-0.171898031496063
11
0.2952053937007874
21
-0.1731495669291339
0
LINE
8
BLACK
6
CONTINUOUS
10
0.2952053937007874
20
-0.1731495669291339
11
0.2952057874015748
21
-0.1731496062992126
0
LINE
8
BLACK
6
CONTINUOUS
10
0.2952057874015748
20
-0.1731496062992126
11
0.3047942125984252
21
-0.1731496062992126
0
LINE
8
BLACK
6
CONTINUOUS
10
0.3047942125984252
20
-0.1731496062992126
11
0.3047945669291339
21
-0.1731495669291339
0
LINE
8
BLACK
6
CONTINUOUS
10
0.3047945669291339
20
-0.1731495669291339
11
0.3143011417322835
21
-0.171898031496063
0
LINE
8
BLACK
6
CONTINUOUS
10
0.3143011417322835
20
-0.171898031496063
11
0.3235635826771653
21
-0.1694161811023622
0
LINE
8
BLACK
6
CONTINUOUS
10
0.3235635826771653
20
-0.1694161811023622
11
0.332422716535433
21
-0.1657466141732283
0
LINE
8
BLACK
6
CONTINUOUS
10
0.332422716535433
20
-0.1657466141732283
11
0.3324231496062992
21
-0.1657463779527559
0
LINE
8
BLACK
6
CONTINUOUS
10
0.3324231496062992
20
-0.1657463779527559
11
0.3407267716535433
21
-0.1609522834645669
0
LINE
8
BLACK
6
CONTINUOUS
10
0.3407267716535433
20
-0.1609522834645669
11
0.3441688976377953
21
-0.1583110236220472
0
LINE
8
BLACK
6
CONTINUOUS
10
0.3441688976377953
20
-0.1583110236220472
11
0.3297425984251968
21
-0.1438846850393701
0
LINE
8
BLACK
6
CONTINUOUS
10
0.3297425984251968
20
-0.1438846850393701
11
0.3277705905511811
21
-0.1453174803149606
0
LINE
8
BLACK
6
CONTINUOUS
10
0.5277705905511811
20
-0.1453174803149606
11
0.5203394881889764
21
-0.1491038188976378
0
LINE
8
BLACK
6
CONTINUOUS
10
0.5203394881889764
20
-0.1491038188976378
11
0.5124075196850394
21
-0.151681062992126
0
LINE
8
BLACK
6
CONTINUOUS
10
0.5124075196850394
20
-0.151681062992126
11
0.5041700787401575
21
-0.1529857480314961
0
LINE
8
BLACK
6
CONTINUOUS
10
0.5041700787401575
20
-0.1529857480314961
11
0.4958299212598425
21
-0.1529857480314961
0
LINE
8
BLACK
6
CONTINUOUS
10
0.4958299212598425
20
-0.1529857480314961
11
0.4875924803149606
21
-0.151681062992126
0
LINE
8
BLACK
6
CONTINUOUS
10
0.4875924803149606
20
-0.151681062992126
11
0.4796605118110236
21
-0.1491038188976378
0
LINE
8
BLACK
6
CONTINUOUS
10
0.4796605118110236
20
-0.1491038188976378
11
0.4722294094488189
21
-0.1453174803149606
0
LINE
8
BLACK
6
CONTINUOUS
10
0.4722294094488189
20
-0.1453174803149606
11
0.4702573228346457
21
-0.1438846850393701
0
LINE
8
BLACK
6
CONTINUOUS
10
0.4702573228346457
20
-0.1438846850393701
11
0.4558310236220472
21
-0.1583110236220472
0
LINE
8
BLACK
6
CONTINUOUS
10
0.4558310236220472
20
-0.1583110236220472
11
0.4558310236220472
21
-0.158311062992126
0
LINE
8
BLACK
6
CONTINUOUS
10
0.4558310236220472
20
-0.158311062992126
11
0.459272874015748
21
-0.1609520866141732
0
LINE
8
BLACK
6
CONTINUOUS
10
0.459272874015748
20
-0.1609520866141732
11
0.4592731496062992
21
-0.1609522834645669
0
LINE
8
BLACK
6
CONTINUOUS
10
0.4592731496062992
20
-0.1609522834645669
11
0.467576811023622
21
-0.1657463779527559
0
LINE
8
BLACK
6
CONTINUOUS
10
0.467576811023622
20
-0.1657463779527559
11
0.4675772440944882
21
-0.1657466141732283
0
LINE
8
BLACK
6
CONTINUOUS
10
0.4675772440944882
20
-0.1657466141732283
11
0.4764363779527559
21
-0.1694161811023622
0
LINE
8
BLACK
6
CONTINUOUS
10
0.4764363779527559
20
-0.1694161811023622
11
0.4856988188976378
21
-0.171898031496063
0
LINE
8
BLACK
6
CONTINUOUS
10
0.4856988188976378
20
-0.171898031496063
11
0.4952053937007874
21
-0.1731495669291339
0
LINE
8
BLACK
6
CONTINUOUS
10
0.4952053937007874
20
-0.1731495669291339
11
0.4952057874015748
21
-0.1731496062992126
0
LINE
8
BLACK
6
CONTINUOUS
10
0.4952057874015748
20
-0.1731496062992126
11
0.5047942125984252
21
-0.1731496062992126
0
LINE
8
BLACK
6
CONTINUOUS
10
0.5047942125984252
20
-0.1731496062992126
11
0.5047945669291338
21
-0.1731495669291339
0
LINE
8
BLACK
6
CONTINUOUS
10
0.5047945669291338
20
-0.1731495669291339
11
0.5143011417322835
21
-0.171898031496063
0
LINE
8
BLACK
6
CONTINUOUS
10
0.5143011417322835
20
-0.171898031496063
11
0.5235635826771653
21
-0.1694161811023622
0
LINE
8
BLACK
6
CONTINUOUS
10
0.5235635826771653
20
-0.1694161811023622
11
0.532422716535433
21
-0.1657466141732283
0
LINE
8
BLACK
6
CONTINUOUS
10
0.532422716535433
20
-0.1657466141732283
11
0.5324231496062992
21
-0.1657463779527559
0
LINE
8
BLACK
6
CONTINUOUS
10
0.5324231496062992
20
-0.1657463779527559
11
0.5407267716535433
21
-0.1609522834645669
0
LINE
8
BLACK
6
CONTINUOUS
10
0.5407267716535433
20
-0.1609522834645669
11
0.5441688976377953
21
-0.1583110236220472
0
LINE
8
BLACK
6
CONTINUOUS
10
0.5441688976377953
20
-0.1583110236220472
11
0.5297425984251969
21
-0.1438846850393701
0
LINE
8
BLACK
6
CONTINUOUS
10
0.5297425984251969
20
-0.1438846850393701
11
0.5277705905511811
21
-0.1453174803149606
0
LINE
8
BLACK
6
CONTINUOUS
10
0.2390476771653543
20
-0.0592731496062992
11
0.2342535826771653
21
-0.067576811023622
0
LINE
8
BLACK
6
CONTINUOUS
10
0.2342535826771653
20
-0.067576811023622
11
0.2342533464566929
21
-0.0675772440944882
0
LINE
8
BLACK
6
CONTINUOUS
10
0.2342533464566929
20
-0.0675772440944882
11
0.230583779527559
21
-0.0764363779527559
0
LINE
8
BLACK
6
CONTINUOUS
10
0.230583779527559
20
-0.0764363779527559
11
0.2281019291338583
21
-0.0856988188976378
0
LINE
8
BLACK
6
CONTINUOUS
10
0.2281019291338583
20
-0.0856988188976378
11
0.2268503937007874
21
-0.0952053937007874
0
LINE
8
BLACK
6
CONTINUOUS
10
0.2268503937007874
20
-0.0952053937007874
11
0.2268503937007874
21
-0.1047945669291339
0
LINE
8
BLACK
6
CONTINUOUS
10
0.2268503937007874
20
-0.1047945669291339
11
0.2281019291338583
21
-0.1143011417322835
0
LINE
8
BLACK
6
CONTINUOUS
10
0.2281019291338583
20
-0.1143011417322835
11
0.230583779527559
21
-0.1235635826771654
0
LINE
8
BLACK
6
CONTINUOUS
10
0.230583779527559
20
-0.1235635826771654
11
0.2342533464566929
21
-0.1324227165354331
0
LINE
8
BLACK
6
CONTINUOUS
10
0.2342533464566929
20
-0.1324227165354331
11
0.2342535826771653
21
-0.1324231496062992
0
LINE
8
BLACK
6
CONTINUOUS
10
0.2342535826771653
20
-0.1324231496062992
11
0.2390476771653543
21
-0.1407268110236221
0
LINE
8
BLACK
6
CONTINUOUS
10
0.2390476771653543
20
-0.1407268110236221
11
0.2390478346456693
21
-0.1407270472440945
0
LINE
8
BLACK
6
CONTINUOUS
10
0.2390478346456693
20
-0.1407270472440945
11
0.2416888582677165
21
-0.1441688582677165
0
LINE
8
BLACK
6
CONTINUOUS
10
0.2416888582677165
20
-0.1441688582677165
11
0.241688937007874
21
-0.1441688976377953
0
LINE
8
BLACK
6
CONTINUOUS
10
0.241688937007874
20
-0.1441688976377953
11
0.2561152362204724
21
-0.1297425590551181
0
LINE
8
BLACK
6
CONTINUOUS
10
0.2561152362204724
20
-0.1297425590551181
11
0.2546825196850394
21
-0.1277705905511811
0
LINE
8
BLACK
6
CONTINUOUS
10
0.2546825196850394
20
-0.1277705905511811
11
0.2508961811023622
21
-0.1203394881889764
0
LINE
8
BLACK
6
CONTINUOUS
10
0.2508961811023622
20
-0.1203394881889764
11
0.248318937007874
21
-0.1124075196850394
0
LINE
8
BLACK
6
CONTINUOUS
10
0.248318937007874
20
-0.1124075196850394
11
0.2470142519685039
21
-0.1041700787401575
0
LINE
8
BLACK
6
CONTINUOUS
10
0.2470142519685039
20
-0.1041700787401575
11
0.2470142519685039
21
-0.0958299212598425
0
LINE
8
BLACK
6
CONTINUOUS
10
0.2470142519685039
20
-0.0958299212598425
11
0.248318937007874
21
-0.0875924803149606
0
LINE
8
BLACK
6
CONTINUOUS
10
0.248318937007874
20
-0.0875924803149606
11
0.2508961811023622
21
-0.0796605118110236
0
LINE
8
BLACK
6
CONTINUOUS
10
0.2508961811023622
20
-0.0796605118110236
11
0.2546825196850394
21
-0.0722294094488189
0
LINE
8
BLACK
6
CONTINUOUS
10
0.2546825196850394
20
-0.0722294094488189
11
0.2561152362204724
21
-0.0702573622047244
0
LINE
8
BLACK
6
CONTINUOUS
10
0.2561152362204724
20
-0.0702573622047244
11
0.2416888976377953
21
-0.0558310236220472
0
LINE
8
BLACK
6
CONTINUOUS
10
0.2416888976377953
20
-0.0558310236220472
11
0.2390476771653543
21
-0.0592731496062992
0
LINE
8
BLACK
6
CONTINUOUS
10
0.4390476771653543
20
1.3407268503937007
11
0.4342535826771654
21
1.332423188976378
0
LINE
8
BLACK
6
CONTINUOUS
10
0.4342535826771654
20
1.332423188976378
11
0.4342533464566929
21
1.3324227559055117
0
LINE
8
BLACK
6
CONTINUOUS
10
0.4342533464566929
20
1.3324227559055117
11
0.4305837795275591
21
1.323563622047244
0
LINE
8
BLACK
6
CONTINUOUS
10
0.4305837795275591
20
1.323563622047244
11
0.4281019291338582
21
1.3143011811023622
0
LINE
8
BLACK
6
CONTINUOUS
10
0.4281019291338582
20
1.3143011811023622
11
0.4268503937007874
21
1.3047946062992126
0
LINE
8
BLACK
6
CONTINUOUS
10
0.4268503937007874
20
1.3047946062992126
11
0.4268503937007874
21
1.2952054330708662
0
LINE
8
BLACK
6
CONTINUOUS
10
0.4268503937007874
20
1.2952054330708662
11
0.4281019291338582
21
1.2856988582677165
0
LINE
8
BLACK
6
CONTINUOUS
10
0.4281019291338582
20
1.2856988582677165
11
0.4305837795275591
21
1.2764364173228346
0
LINE
8
BLACK
6
CONTINUOUS
10
0.4305837795275591
20
1.2764364173228346
11
0.433084842519685
21
1.2703983070866141
0
LINE
8
BLACK
6
CONTINUOUS
10
0.433084842519685
20
1.2703983070866141
11
0.4333836220472441
21
1.2676191732283464
0
LINE
8
BLACK
6
CONTINUOUS
10
0.4333836220472441
20
1.2676191732283464
11
0.4321324803149606
21
1.26511968503937
0
LINE
8
BLACK
6
CONTINUOUS
10
0.4321324803149606
20
1.26511968503937
11
0.4297285826771653
21
1.2636934251968504
0
LINE
8
BLACK
6
CONTINUOUS
10
0.4297285826771653
20
1.2636934251968504
11
0.4269352362204724
21
1.2637931889763778
0
LINE
8
BLACK
6
CONTINUOUS
10
0.4269352362204724
20
1.2637931889763778
11
0.4266041338582677
21
1.2639166929133858
0
LINE
8
BLACK
6
CONTINUOUS
10
0.4266041338582677
20
1.2639166929133858
11
0.4223017322834646
21
1.2656987795275589
0
LINE
8
BLACK
6
CONTINUOUS
10
0.4223017322834646
20
1.2656987795275589
11
0.4135355118110236
21
1.2680476771653544
0
LINE
8
BLACK
6
CONTINUOUS
10
0.4135355118110236
20
1.2680476771653544
11
0.4135354330708662
21
1.2680477165354331
0
LINE
8
BLACK
6
CONTINUOUS
10
0.4135354330708662
20
1.2680477165354331
11
0.4135351968503937
21
1.2680477559055119
0
LINE
8
BLACK
6
CONTINUOUS
10
0.4135351968503937
20
1.2680477559055119
11
0.4045377952755905
21
1.2692322834645668
0
LINE
8
BLACK
6
CONTINUOUS
10
0.4045377952755905
20
1.2692322834645668
11
0.4045377165354331
21
1.2692322834645668
0
LINE
8
BLACK
6
CONTINUOUS
10
0.4045377165354331
20
1.2692322834645668
11
0.3954622834645669
21
1.2692322834645668
0
LINE
8
BLACK
6
CONTINUOUS
10
0.3954622834645669
20
1.2692322834645668
11
0.3954621653543307
21
1.2692322834645668
0
LINE
8
BLACK
6
CONTINUOUS
10
0.3954621653543307
20
1.2692322834645668
11
0.3864647637795275
21
1.2680477559055119
0
LINE
8
BLACK
6
CONTINUOUS
10
0.3864647637795275
20
1.2680477559055119
11
0.3848652755905512
21
1.2676191732283464
0
LINE
8
BLACK
6
CONTINUOUS
10
0.3848652755905512
20
1.2676191732283464
11
0.3776982677165354
21
1.2656987795275589
0
LINE
8
BLACK
6
CONTINUOUS
10
0.3776982677165354
20
1.2656987795275589
11
0.3733964566929134
21
1.2639169291338583
0
LINE
8
BLACK
6
CONTINUOUS
10
0.3733964566929134
20
1.2639169291338583
11
0.3706173622047244
21
1.2636181496062993
0
LINE
8
BLACK
6
CONTINUOUS
10
0.3706173622047244
20
1.2636181496062993
11
0.368117874015748
21
1.2648693307086614
0
LINE
8
BLACK
6
CONTINUOUS
10
0.368117874015748
20
1.2648693307086614
11
0.3666916141732283
21
1.267273188976378
0
LINE
8
BLACK
6
CONTINUOUS
10
0.3666916141732283
20
1.267273188976378
11
0.3667913779527559
21
1.2700665354330709
0
LINE
8
BLACK
6
CONTINUOUS
10
0.3667913779527559
20
1.2700665354330709
11
0.3669151181102362
21
1.2703983464566928
0
LINE
8
BLACK
6
CONTINUOUS
10
0.3669151181102362
20
1.2703983464566928
11
0.3694162204724409
21
1.2764365354330709
0
LINE
8
BLACK
6
CONTINUOUS
10
0.3694162204724409
20
1.2764365354330709
11
0.371898031496063
21
1.2856988582677165
0
LINE
8
BLACK
6
CONTINUOUS
10
0.371898031496063
20
1.2856988582677165
11
0.3731495669291339
21
1.2952054330708662
0
LINE
8
BLACK
6
CONTINUOUS
10
0.3731495669291339
20
1.2952054330708662
11
0.3731496062992126
21
1.2952057874015748
0
LINE
8
BLACK
6
CONTINUOUS
10
0.3731496062992126
20
1.2952057874015748
11
0.3731496062992126
21
1.3047942125984251
0
LINE
8
BLACK
6
CONTINUOUS
10
0.3731496062992126
20
1.3047942125984251
11
0.3731495669291339
21
1.3047946062992126
0
LINE
8
BLACK
6
CONTINUOUS
10
0.3731495669291339
20
1.3047946062992126
11
0.371898031496063
21
1.3143011811023622
0
LINE
8
BLACK
6
CONTINUOUS
10
0.371898031496063
20
1.3143011811023622
11
0.3694161811023622
21
1.323563622047244
0
LINE
8
BLACK
6
CONTINUOUS
10
0.3694161811023622
20
1.323563622047244
11
0.3657466141732283
21
1.3324227559055117
0
LINE
8
BLACK
6
CONTINUOUS
10
0.3657466141732283
20
1.3324227559055117
11
0.3657463779527559
21
1.332423188976378
0
LINE
8
BLACK
6
CONTINUOUS
10
0.3657463779527559
20
1.332423188976378
11
0.3609522834645669
21
1.3407268503937007
0
LINE
8
BLACK
6
CONTINUOUS
10
0.3609522834645669
20
1.3407268503937007
11
0.3609520866141732
21
1.3407271259842519
0
LINE
8
BLACK
6
CONTINUOUS
10
0.3609520866141732
20
1.3407271259842519
11
0.3583110236220473
21
1.3441689763779527
0
LINE
8
BLACK
6
CONTINUOUS
10
0.3583110236220473
20
1.3441689763779527
11
0.3438846850393701
21
1.3297426771653542
0
LINE
8
BLACK
6
CONTINUOUS
10
0.3438846850393701
20
1.3297426771653542
11
0.3453174803149606
21
1.327770590551181
0
LINE
8
BLACK
6
CONTINUOUS
10
0.3453174803149606
20
1.327770590551181
11
0.3491038188976378
21
1.3203394881889763
0
LINE
8
BLACK
6
CONTINUOUS
10
0.3491038188976378
20
1.3203394881889763
11
0.351681062992126
21
1.3124075196850393
0
LINE
8
BLACK
6
CONTINUOUS
10
0.351681062992126
20
1.3124075196850393
11
0.3529857480314961
21
1.3041700787401576
0
LINE
8
BLACK
6
CONTINUOUS
10
0.3529857480314961
20
1.3041700787401576
11
0.3529857480314961
21
1.2958299212598425
0
LINE
8
BLACK
6
CONTINUOUS
10
0.3529857480314961
20
1.2958299212598425
11
0.351681062992126
21
1.2875924803149605
0
LINE
8
BLACK
6
CONTINUOUS
10
0.351681062992126
20
1.2875924803149605
11
0.3491038188976378
21
1.2796605118110236
0
LINE
8
BLACK
6
CONTINUOUS
10
0.3491038188976378
20
1.2796605118110236
11
0.3453174803149606
21
1.2722294094488189
0
LINE
8
BLACK
6
CONTINUOUS
10
0.3453174803149606
20
1.2722294094488189
11
0.3404152755905512
21
1.2654820866141732
0
LINE
8
BLACK
6
CONTINUOUS
10
0.3404152755905512
20
1.2654820866141732
11
0.3345179133858268
21
1.2595847244094487
0
LINE
8
BLACK
6
CONTINUOUS
10
0.3345179133858268
20
1.2595847244094487
11
0.3277705905511811
21
1.2546825196850393
0
LINE
8
BLACK
6
CONTINUOUS
10
0.3277705905511811
20
1.2546825196850393
11
0.3203394881889764
21
1.2508961811023622
0
LINE
8
BLACK
6
CONTINUOUS
10
0.3203394881889764
20
1.2508961811023622
11
0.3124075196850394
21
1.248318937007874
0
LINE
8
BLACK
6
CONTINUOUS
10
0.3124075196850394
20
1.248318937007874
11
0.3041700787401574
21
1.2470142519685039
0
LINE
8
BLACK
6
CONTINUOUS
10
0.3041700787401574
20
1.2470142519685039
11
0.2958299212598425
21
1.2470142519685039
0
LINE
8
BLACK
6
CONTINUOUS
10
0.2958299212598425
20
1.2470142519685039
11
0.2875924803149606
21
1.248318937007874
0
LINE
8
BLACK
6
CONTINUOUS
10
0.2875924803149606
20
1.248318937007874
11
0.2796605118110236
21
1.2508961811023622
0
LINE
8
BLACK
6
CONTINUOUS
10
0.2796605118110236
20
1.2508961811023622
11
0.2722294094488189
21
1.2546825196850393
0
LINE
8
BLACK
6
CONTINUOUS
10
0.2722294094488189
20
1.2546825196850393
11
0.2702573228346457
21
1.2561153149606299
0
LINE
8
BLACK
6
CONTINUOUS
10
0.2702573228346457
20
1.2561153149606299
11
0.2558310236220472
21
1.2416889763779528
0
LINE
8
BLACK
6
CONTINUOUS
10
0.2558310236220472
20
1.2416889763779528
11
0.2558310236220472
21
1.2416889370078741
0
LINE
8
BLACK
6
CONTINUOUS
10
0.2558310236220472
20
1.2416889370078741
11
0.259272874015748
21
1.2390479133858268
0
LINE
8
BLACK
6
CONTINUOUS
10
0.259272874015748
20
1.2390479133858268
11
0.2592731496062992
21
1.239047716535433
0
LINE
8
BLACK
6
CONTINUOUS
10
0.2592731496062992
20
1.239047716535433
11
0.267576811023622
21
1.234253622047244
0
LINE
8
BLACK
6
CONTINUOUS
10
0.267576811023622
20
1.234253622047244
11
0.2675772440944882
21
1.2342533858267717
0
LINE
8
BLACK
6
CONTINUOUS
10
0.2675772440944882
20
1.2342533858267717
11
0.2764363779527559
21
1.2305838188976377
0
LINE
8
BLACK
6
CONTINUOUS
10
0.2764363779527559
20
1.2305838188976377
11
0.2856988188976378
21
1.2281019685039369
0
LINE
8
BLACK
6
CONTINUOUS
10
0.2856988188976378
20
1.2281019685039369
11
0.2952053937007874
21
1.2268504330708661
0
LINE
8
BLACK
6
CONTINUOUS
10
0.2952053937007874
20
1.2268504330708661
11
0.2952057874015748
21
1.2268503937007873
0
LINE
8
BLACK
6
CONTINUOUS
10
0.2952057874015748
20
1.2268503937007873
11
0.3047942125984252
21
1.2268503937007873
0
LINE
8
BLACK
6
CONTINUOUS
10
0.3047942125984252
20
1.2268503937007873
11
0.3047945669291339
21
1.2268504330708661
0
LINE
8
BLACK
6
CONTINUOUS
10
0.3047945669291339
20
1.2268504330708661
11
0.3143011417322835
21
1.2281019685039369
0
LINE
8
BLACK
6
CONTINUOUS
10
0.3143011417322835
20
1.2281019685039369
11
0.3235634645669291
21
1.2305837795275589
0
LINE
8
BLACK
6
CONTINUOUS
10
0.3235634645669291
20
1.2305837795275589
11
0.3296016535433071
21
1.2330848818897637
0
LINE
8
BLACK
6
CONTINUOUS
10
0.3296016535433071
20
1.2330848818897637
11
0.3323807874015748
21
1.2333836614173228
0
LINE
8
BLACK
6
CONTINUOUS
10
0.3323807874015748
20
1.2333836614173228
11
0.3348802755905512
21
1.2321325196850395
0
LINE
8
BLACK
6
CONTINUOUS
10
0.3348802755905512
20
1.2321325196850395
11
0.3363065748031496
21
1.2297286614173228
0
LINE
8
BLACK
6
CONTINUOUS
10
0.3363065748031496
20
1.2297286614173228
11
0.336206811023622
21
1.2269353149606299
0
LINE
8
BLACK
6
CONTINUOUS
10
0.336206811023622
20
1.2269353149606299
11
0.3360830708661417
21
1.2266035039370078
0
LINE
8
BLACK
6
CONTINUOUS
10
0.3360830708661417
20
1.2266035039370078
11
0.3343012204724409
21
1.2223017322834646
0
LINE
8
BLACK
6
CONTINUOUS
10
0.3343012204724409
20
1.2223017322834646
11
0.3319522440944882
21
1.2135352362204723
0
LINE
8
BLACK
6
CONTINUOUS
10
0.3319522440944882
20
1.2135352362204723
11
0.3307677165354331
21
1.2045378346456692
0
LINE
8
BLACK
6
CONTINUOUS
10
0.3307677165354331
20
1.2045378346456692
11
0.3307677165354331
21
1.1954622047244094
0
LINE
8
BLACK
6
CONTINUOUS
10
0.3307677165354331
20
1.1954622047244094
11
0.3319522440944882
21
1.1864648031496063
0
LINE
8
BLACK
6
CONTINUOUS
10
0.3319522440944882
20
1.1864648031496063
11
0.3319522834645669
21
1.1864645669291338
0
LINE
8
BLACK
6
CONTINUOUS
10
0.3319522834645669
20
1.1864645669291338
11
0.3319523228346457
21
1.1864644881889763
0
LINE
8
BLACK
6
CONTINUOUS
10
0.3319523228346457
20
1.1864644881889763
11
0.3343012204724409
21
1.1776982677165353
0
LINE
8
BLACK
6
CONTINUOUS
10
0.3343012204724409
20
1.1776982677165353
11
0.3360830708661417
21
1.1733964566929134
0
LINE
8
BLACK
6
CONTINUOUS
10
0.3360830708661417
20
1.1733964566929134
11
0.3363818503937008
21
1.1706174015748032
0
LINE
8
BLACK
6
CONTINUOUS
10
0.3363818503937008
20
1.1706174015748032
11
0.3351307086614173
21
1.1681179133858268
0
LINE
8
BLACK
6
CONTINUOUS
10
0.3351307086614173
20
1.1681179133858268
11
0.3327268110236221
21
1.166691653543307
0
LINE
8
BLACK
6
CONTINUOUS
10
0.3327268110236221
20
1.166691653543307
11
0.3299334645669291
21
1.1667914173228346
0
LINE
8
BLACK
6
CONTINUOUS
10
0.3299334645669291
20
1.1667914173228346
11
0.3296016929133858
21
1.1669151574803149
0
LINE
8
BLACK
6
CONTINUOUS
10
0.3296016929133858
20
1.1669151574803149
11
0.3235635826771653
21
1.169416220472441
0
LINE
8
BLACK
6
CONTINUOUS
10
0.3235635826771653
20
1.169416220472441
11
0.3143011417322835
21
1.1718980708661417
0
LINE
8
BLACK
6
CONTINUOUS
10
0.3143011417322835
20
1.1718980708661417
11
0.3047945669291339
21
1.1731496062992126
0
LINE
8
BLACK
6
CONTINUOUS
10
0.3047945669291339
20
1.1731496062992126
11
0.2952053937007874
21
1.1731496062992126
0
LINE
8
BLACK
6
CONTINUOUS
10
0.2952053937007874
20
1.1731496062992126
11
0.2856988188976378
21
1.1718980708661417
0
LINE
8
BLACK
6
CONTINUOUS
10
0.2856988188976378
20
1.1718980708661417
11
0.2764363779527559
21
1.169416220472441
0
LINE
8
BLACK
6
CONTINUOUS
10
0.2764363779527559
20
1.169416220472441
11
0.2675772440944882
21
1.165746653543307
0
LINE
8
BLACK
6
CONTINUOUS
10
0.2675772440944882
20
1.165746653543307
11
0.267576811023622
21
1.1657464173228347
0
LINE
8
BLACK
6
CONTINUOUS
10
0.267576811023622
20
1.1657464173228347
11
0.2592731496062992
21
1.1609523228346457
0
LINE
8
BLACK
6
CONTINUOUS
10
0.2592731496062992
20
1.1609523228346457
11
0.2558310236220472
21
1.1583111023622048
0
LINE
8
BLACK
6
CONTINUOUS
10
0.2558310236220472
20
1.1583111023622048
11
0.2702573622047244
21
1.1438847637795275
0
LINE
8
BLACK
6
CONTINUOUS
10
0.2702573622047244
20
1.1438847637795275
11
0.2722294094488189
21
1.1453174803149606
0
LINE
8
BLACK
6
CONTINUOUS
10
0.2722294094488189
20
1.1453174803149606
11
0.2796605118110236
21
1.1491038188976377
0
LINE
8
BLACK
6
CONTINUOUS
10
0.2796605118110236
20
1.1491038188976377
11
0.2875924803149606
21
1.1516810629921259
0
LINE
8
BLACK
6
CONTINUOUS
10
0.2875924803149606
20
1.1516810629921259
11
0.2958299212598425
21
1.152985748031496
0
LINE
8
BLACK
6
CONTINUOUS
10
0.2958299212598425
20
1.152985748031496
11
0.3041700787401574
21
1.152985748031496
0
LINE
8
BLACK
6
CONTINUOUS
10
0.3041700787401574
20
1.152985748031496
11
0.3124075196850394
21
1.1516810629921259
0
LINE
8
BLACK
6
CONTINUOUS
10
0.3124075196850394
20
1.1516810629921259
11
0.3203394881889764
21
1.1491038188976377
0
LINE
8
BLACK
6
CONTINUOUS
10
0.3203394881889764
20
1.1491038188976377
11
0.3277705905511811
21
1.1453174803149606
0
LINE
8
BLACK
6
CONTINUOUS
10
0.3277705905511811
20
1.1453174803149606
11
0.3345179133858268
21
1.1404152755905512
0
LINE
8
BLACK
6
CONTINUOUS
10
0.3345179133858268
20
1.1404152755905512
11
0.3404152755905512
21
1.1345179133858267
0
LINE
8
BLACK
6
CONTINUOUS
10
0.3404152755905512
20
1.1345179133858267
11
0.3453174803149606
21
1.127770590551181
0
LINE
8
BLACK
6
CONTINUOUS
10
0.3453174803149606
20
1.127770590551181
11
0.3491038188976378
21
1.1203394881889763
0
LINE
8
BLACK
6
CONTINUOUS
10
0.3491038188976378
20
1.1203394881889763
11
0.351681062992126
21
1.1124075196850394
0
LINE
8
BLACK
6
CONTINUOUS
10
0.351681062992126
20
1.1124075196850394
11
0.3529857480314961
21
1.1041700787401574
0
LINE
8
BLACK
6
CONTINUOUS
10
0.3529857480314961
20
1.1041700787401574
11
0.3529857480314961
21
1.0958299212598426
0
LINE
8
BLACK
6
CONTINUOUS
10
0.3529857480314961
20
1.0958299212598426
11
0.351681062992126
21
1.0875924803149606
0
LINE
8
BLACK
6
CONTINUOUS
10
0.351681062992126
20
1.0875924803149606
11
0.3491038188976378
21
1.0796605118110236
0
LINE
8
BLACK
6
CONTINUOUS
10
0.3491038188976378
20
1.0796605118110236
11
0.3453174803149606
21
1.0722294094488189
0
LINE
8
BLACK
6
CONTINUOUS
10
0.3453174803149606
20
1.0722294094488189
11
0.3404152755905512
21
1.0654820866141732
0
LINE
8
BLACK
6
CONTINUOUS
10
0.3404152755905512
20
1.0654820866141732
11
0.3345179133858268
21
1.0595847244094487
0
LINE
8
BLACK
6
CONTINUOUS
10
0.3345179133858268
20
1.0595847244094487
11
0.3277705905511811
21
1.0546825196850393
0
LINE
8
BLACK
6
CONTINUOUS
10
0.3277705905511811
20
1.0546825196850393
11
0.3203394881889764
21
1.0508961811023623
0
LINE
8
BLACK
6
CONTINUOUS
10
0.3203394881889764
20
1.0508961811023623
11
0.3124075196850394
21
1.048318937007874
0
LINE
8
BLACK
6
CONTINUOUS
10
0.3124075196850394
20
1.048318937007874
11
0.3041700787401574
21
1.047014251968504
0
LINE
8
BLACK
6
CONTINUOUS
10
0.3041700787401574
20
1.047014251968504
11
0.2958299212598425
21
1.047014251968504
0
LINE
8
BLACK
6
CONTINUOUS
10
0.2958299212598425
20
1.047014251968504
11
0.2875924803149606
21
1.048318937007874
0
LINE
8
BLACK
6
CONTINUOUS
10
0.2875924803149606
20
1.048318937007874
11
0.2796605118110236
21
1.0508961811023623
0
LINE
8
BLACK
6
CONTINUOUS
10
0.2796605118110236
20
1.0508961811023623
11
0.2722294094488189
21
1.0546825196850393
0
LINE
8
BLACK
6
CONTINUOUS
10
0.2722294094488189
20
1.0546825196850393
11
0.2702573228346457
21
1.0561153149606299
0
LINE
8
BLACK
6
CONTINUOUS
10
0.2702573228346457
20
1.0561153149606299
11
0.255207874015748
21
1.0410658267716535
0
LINE
8
BLACK
6
CONTINUOUS
10
0.255207874015748
20
1.0410658267716535
11
0.2551239763779528
21
1.04068
0
LINE
8
BLACK
6
CONTINUOUS
10
0.2551239763779528
20
1.04068
11
0.2551118503937008
21
1.0406638188976378
0
LINE
8
BLACK
6
CONTINUOUS
10
0.2551118503937008
20
1.0406638188976378
11
0.2551096456692913
21
1.040653937007874
0
LINE
8
BLACK
6
CONTINUOUS
10
0.2551096456692913
20
1.040653937007874
11
0.2542778346456693
21
1.03954968503937
0
LINE
8
BLACK
6
CONTINUOUS
10
0.2542778346456693
20
1.03954968503937
11
0.251601062992126
21
1.036872874015748
0
LINE
8
BLACK
6
CONTINUOUS
10
0.251601062992126
20
1.036872874015748
11
0.2481270472440945
21
1.0333988582677165
0
LINE
8
BLACK
6
CONTINUOUS
10
0.2481270472440945
20
1.0333988582677165
11
0.2481270078740157
21
1.033398779527559
0
LINE
8
BLACK
6
CONTINUOUS
10
0.2481270078740157
20
1.033398779527559
11
0.2453976377952756
21
1.0293140157480314
0
LINE
8
BLACK
6
CONTINUOUS
10
0.2453976377952756
20
1.0293140157480314
11
0.2435175196850394
21
1.024775
0
LINE
8
BLACK
6
CONTINUOUS
10
0.2435175196850394
20
1.024775
11
0.2435174409448819
21
1.0247747637795275
0
LINE
8
BLACK
6
CONTINUOUS
10
0.2435174409448819
20
1.0247747637795275
11
0.243481811023622
21
1.0245955511811022
0
LINE
8
BLACK
6
CONTINUOUS
10
0.243481811023622
20
1.0245955511811022
11
0.2421861811023622
21
1.0221188188976378
0
LINE
8
BLACK
6
CONTINUOUS
10
0.2421861811023622
20
1.0221188188976378
11
0.2421243307086614
21
1.0220558661417323
0
LINE
8
BLACK
6
CONTINUOUS
10
0.2421243307086614
20
1.0220558661417323
11
0.241045157480315
21
1.0209766929133859
0
LINE
8
BLACK
6
CONTINUOUS
10
0.241045157480315
20
1.0209766929133859
11
0.2410451181102362
21
1.0209766141732284
0
LINE
8
BLACK
6
CONTINUOUS
10
0.2410451181102362
20
1.0209766141732284
11
0.2377108661417323
21
1.0153387401574803
0
LINE
8
BLACK
6
CONTINUOUS
10
0.2377108661417323
20
1.0153387401574803
11
0.2358833464566929
21
1.0090484251968503
0
LINE
8
BLACK
6
CONTINUOUS
10
0.2358833464566929
20
1.0090484251968503
11
0.2358833464566929
21
1.0090483858267716
0
LINE
8
BLACK
6
CONTINUOUS
10
0.2358833464566929
20
1.0090483858267716
11
0.2357677165354331
21
1.0075792125984251
0
LINE
8
BLACK
6
CONTINUOUS
10
0.2357677165354331
20
1.0075792125984251
11
0.2357677165354331
21
0.9619877559055118
0
LINE
8
BLACK
6
CONTINUOUS
10
0.2357677165354331
20
0.9619877559055118
11
0.2358833464566929
21
0.9605185826771653
0
LINE
8
BLACK
6
CONTINUOUS
10
0.2358833464566929
20
0.9605185826771653
11
0.2358833464566929
21
0.9605185433070866
0
LINE
8
BLACK
6
CONTINUOUS
10
0.2358833464566929
20
0.9605185433070866
11
0.2377108661417323
21
0.9542281496062992
0
LINE
8
BLACK
6
CONTINUOUS
10
0.2377108661417323
20
0.9542281496062992
11
0.2410450393700787
21
0.9485904330708661
0
LINE
8
BLACK
6
CONTINUOUS
10
0.2410450393700787
20
0.9485904330708661
11
0.2410452362204724
21
0.9485901574803149
0
LINE
8
BLACK
6
CONTINUOUS
10
0.2410452362204724
20
0.9485901574803149
11
0.2447141338582677
21
0.9449212598425196
0
LINE
8
BLACK
6
CONTINUOUS
10
0.2447141338582677
20
0.9449212598425196
11
0.2735254724409449
21
0.9449212598425196
0
LINE
8
BLACK
6
CONTINUOUS
10
0.2735254724409449
20
0.9449212598425196
11
0.2931925196850393
21
0.9645883464566929
0
LINE
8
BLACK
6
CONTINUOUS
10
0.2931925196850393
20
0.9645883464566929
11
0.2931889763779528
21
0.9646062992125984
0
LINE
8
BLACK
6
CONTINUOUS
10
0.2931889763779528
20
0.9646062992125984
11
0.2931889763779528
21
1.0049606299212599
0
LINE
8
BLACK
6
CONTINUOUS
10
0.2931889763779528
20
1.0049606299212599
11
0.2936385039370079
21
1.0072205905511811
0
LINE
8
BLACK
6
CONTINUOUS
10
0.2936385039370079
20
1.0072205905511811
11
0.2949186614173228
21
1.0091364566929133
0
LINE
8
BLACK
6
CONTINUOUS
10
0.2949186614173228
20
1.0091364566929133
11
0.2968345275590551
21
1.0104166141732283
0
LINE
8
BLACK
6
CONTINUOUS
10
0.2968345275590551
20
1.0104166141732283
11
0.2990944881889764
21
1.0108661417322835
0
LINE
8
BLACK
6
CONTINUOUS
10
0.2990944881889764
20
1.0108661417322835
11
0.3109055118110236
21
1.0108661417322835
0
LINE
8
BLACK
6
CONTINUOUS
10
0.3109055118110236
20
1.0108661417322835
11
0.3131654724409449
21
1.0104166141732283
0
LINE
8
BLACK
6
CONTINUOUS
10
0.3131654724409449
20
1.0104166141732283
11
0.3150813385826772
21
1.0091364566929133
0
LINE
8
BLACK
6
CONTINUOUS
10
0.3150813385826772
20
1.0091364566929133
11
0.3163614960629921
21
1.0072205905511811
0
LINE
8
BLACK
6
CONTINUOUS
10
0.3163614960629921
20
1.0072205905511811
11
0.3168110236220472
21
1.0049606299212599
0
LINE
8
BLACK
6
CONTINUOUS
10
0.3168110236220472
20
1.0049606299212599
11
0.3168110236220472
21
0.9646062992125984
0
LINE
8
BLACK
6
CONTINUOUS
10
0.3168110236220472
20
0.9646062992125984
11
0.3165691732283464
21
0.9633905118110236
0
LINE
8
BLACK
6
CONTINUOUS
10
0.3165691732283464
20
0.9633905118110236
11
0.3350384645669292
21
0.9449212598425196
0
LINE
8
BLACK
6
CONTINUOUS
10
0.3350384645669292
20
0.9449212598425196
11
0.3541545669291338
21
0.9449212598425196
0
LINE
8
BLACK
6
CONTINUOUS
10
0.3541545669291338
20
0.9449212598425196
11
0.3544507086614173
21
0.9460264960629921
0
LINE
8
BLACK
6
CONTINUOUS
10
0.3544507086614173
20
0.9460264960629921
11
0.3565062598425197
21
0.9495868110236221
0
LINE
8
BLACK
6
CONTINUOUS
10
0.3565062598425197
20
0.9495868110236221
11
0.3594131889763779
21
0.9524937401574803
0
LINE
8
BLACK
6
CONTINUOUS
10
0.3594131889763779
20
0.9524937401574803
11
0.3629735039370079
21
0.9545492913385827
0
LINE
8
BLACK
6
CONTINUOUS
10
0.3629735039370079
20
0.9545492913385827
11
0.3669444881889763
21
0.9556133070866142
0
LINE
8
BLACK
6
CONTINUOUS
10
0.3669444881889763
20
0.9556133070866142
11
0.3710555118110236
21
0.9556133070866142
0
LINE
8
BLACK
6
CONTINUOUS
10
0.3710555118110236
20
0.9556133070866142
11
0.3750264960629921
21
0.9545492913385827
0
LINE
8
BLACK
6
CONTINUOUS
10
0.3750264960629921
20
0.9545492913385827
11
0.378586811023622
21
0.9524937401574803
0
LINE
8
BLACK
6
CONTINUOUS
10
0.378586811023622
20
0.9524937401574803
11
0.3814937401574803
21
0.9495868110236221
0
LINE
8
BLACK
6
CONTINUOUS
10
0.3814937401574803
20
0.9495868110236221
11
0.3835492913385827
21
0.9460264960629921
0
LINE
8
BLACK
6
CONTINUOUS
10
0.3835492913385827
20
0.9460264960629921
11
0.3846133070866142
21
0.9420555118110236
0
LINE
8
BLACK
6
CONTINUOUS
10
0.3846133070866142
20
0.9420555118110236
11
0.3846133070866142
21
0.9379444881889764
0
LINE
8
BLACK
6
CONTINUOUS
10
0.3846133070866142
20
0.9379444881889764
11
0.3835492913385827
21
0.9339735039370078
0
LINE
8
BLACK
6
CONTINUOUS
10
0.3835492913385827
20
0.9339735039370078
11
0.3814937401574803
21
0.9304131889763779
0
LINE
8
BLACK
6
CONTINUOUS
10
0.3814937401574803
20
0.9304131889763779
11
0.378586811023622
21
0.9275062598425197
0
LINE
8
BLACK
6
CONTINUOUS
10
0.378586811023622
20
0.9275062598425197
11
0.3750264960629921
21
0.9254507086614173
0
LINE
8
BLACK
6
CONTINUOUS
10
0.3750264960629921
20
0.9254507086614173
11
0.3710555118110236
21
0.9243866929133858
0
LINE
8
BLACK
6
CONTINUOUS
10
0.3710555118110236
20
0.9243866929133858
11
0.3669444881889763
21
0.9243866929133858
0
LINE
8
BLACK
6
CONTINUOUS
10
0.3669444881889763
20
0.9243866929133858
11
0.3629735039370079
21
0.9254507086614173
0
LINE
8
BLACK
6
CONTINUOUS
10
0.3629735039370079
20
0.9254507086614173
11
0.3594131889763779
21
0.9275062598425197
0
LINE
8
BLACK
6
CONTINUOUS
10
0.3594131889763779
20
0.9275062598425197
11
0.3565062598425197
21
0.9304131889763779
0
LINE
8
BLACK
6
CONTINUOUS
10
0.3565062598425197
20
0.9304131889763779
11
0.3544507086614173
21
0.9339735039370078
0
LINE
8
BLACK
6
CONTINUOUS
10
0.3544507086614173
20
0.9339735039370078
11
0.3541545669291338
21
0.9350787401574803
0
LINE
8
BLACK
6
CONTINUOUS
10
0.3541545669291338
20
0.9350787401574803
11
0.333
21
0.9350787401574803
0
LINE
8
BLACK
6
CONTINUOUS
10
0.333
20
0.9350787401574803
11
0.3320399212598425
21
0.9351733070866142
0
LINE
8
BLACK
6
CONTINUOUS
10
0.3320399212598425
20
0.9351733070866142
11
0.330265905511811
21
0.9359081102362204
0
LINE
8
BLACK
6
CONTINUOUS
10
0.330265905511811
20
0.9359081102362204
11
0.3302658661417323
21
0.9359081496062992
0
LINE
8
BLACK
6
CONTINUOUS
10
0.3302658661417323
20
0.9359081496062992
11
0.3295201574803149
21
0.9365201181102362
0
LINE
8
BLACK
6
CONTINUOUS
10
0.3295201574803149
20
0.9365201181102362
11
0.3073395275590551
21
0.9587007874015748
0
LINE
8
BLACK
6
CONTINUOUS
10
0.3073395275590551
20
0.9587007874015748
11
0.3012243700787401
21
0.9587007874015748
0
LINE
8
BLACK
6
CONTINUOUS
10
0.3012243700787401
20
0.9587007874015748
11
0.2790437401574803
21
0.9365201574803149
0
LINE
8
BLACK
6
CONTINUOUS
10
0.2790437401574803
20
0.9365201574803149
11
0.2782981889763779
21
0.9359083464566929
0
LINE
8
BLACK
6
CONTINUOUS
10
0.2782981889763779
20
0.9359083464566929
11
0.2782979921259843
21
0.9359081102362204
0
LINE
8
BLACK
6
CONTINUOUS
10
0.2782979921259843
20
0.9359081102362204
11
0.2770435826771653
21
0.9353885433070865
0
LINE
8
BLACK
6
CONTINUOUS
10
0.2770435826771653
20
0.9353885433070865
11
0.2765240157480315
21
0.9351733070866142
0
LINE
8
BLACK
6
CONTINUOUS
10
0.2765240157480315
20
0.9351733070866142
11
0.2765239763779527
21
0.9351733070866142
0
LINE
8
BLACK
6
CONTINUOUS
10
0.2765239763779527
20
0.9351733070866142
11
0.2755638976377953
21
0.9350787401574803
0
LINE
8
BLACK
6
CONTINUOUS
10
0.2755638976377953
20
0.9350787401574803
11
0.244714094488189
21
0.9350787401574803
0
LINE
8
BLACK
6
CONTINUOUS
10
0.244714094488189
20
0.9350787401574803
11
0.2410452362204724
21
0.9314098818897638
0
LINE
8
BLACK
6
CONTINUOUS
10
0.2410452362204724
20
0.9314098818897638
11
0.2410450393700787
21
0.9314096062992125
0
LINE
8
BLACK
6
CONTINUOUS
10
0.2410450393700787
20
0.9314096062992125
11
0.2377108661417323
21
0.9257718897637796
0
LINE
8
BLACK
6
CONTINUOUS
10
0.2377108661417323
20
0.9257718897637796
11
0.2358833464566929
21
0.9194814960629921
0
LINE
8
BLACK
6
CONTINUOUS
10
0.2358833464566929
20
0.9194814960629921
11
0.235837874015748
21
0.9192322834645669
0
LINE
8
BLACK
6
CONTINUOUS
10
0.235837874015748
20
0.9192322834645669
11
0.2357829921259842
21
0.9192423228346457
0
LINE
8
BLACK
6
CONTINUOUS
10
0.2357829921259842
20
0.9192423228346457
11
0.2348900787401575
21
0.9169001574803149
0
LINE
8
BLACK
6
CONTINUOUS
10
0.2348900787401575
20
0.9169001574803149
11
0.2326403937007874
21
0.9152412992125984
0
LINE
8
BLACK
6
CONTINUOUS
10
0.2326403937007874
20
0.9152412992125984
11
0.2309404724409449
21
0.9149409448818897
0
LINE
8
BLACK
6
CONTINUOUS
10
0.2309404724409449
20
0.9149409448818897
11
0.2075434251968504
21
0.9149409448818897
0
LINE
8
BLACK
6
CONTINUOUS
10
0.2075434251968504
20
0.9149409448818897
11
0.204668031496063
21
0.9143689763779528
0
LINE
8
BLACK
6
CONTINUOUS
10
0.204668031496063
20
0.9143689763779528
11
0.202725
21
0.9139824803149607
0
LINE
8
BLACK
6
CONTINUOUS
10
0.202725
20
0.9139824803149607
11
0.2027249212598425
21
0.9139824803149607
0
LINE
8
BLACK
6
CONTINUOUS
10
0.2027249212598425
20
0.9139824803149607
11
0.2027248818897638
21
0.9139824409448819
0
LINE
8
BLACK
6
CONTINUOUS
10
0.2027248818897638
20
0.9139824409448819
11
0.1981859448818898
21
0.9121023228346457
0
LINE
8
BLACK
6
CONTINUOUS
10
0.1981859448818898
20
0.9121023228346457
11
0.1941012204724409
21
0.9093729921259842
0
LINE
8
BLACK
6
CONTINUOUS
10
0.1941012204724409
20
0.9093729921259842
11
0.1941011417322835
21
0.9093729527559055
0
LINE
8
BLACK
6
CONTINUOUS
10
0.1941011417322835
20
0.9093729527559055
11
0.1816179133858268
21
0.8968897637795276
0
LINE
8
BLACK
6
CONTINUOUS
10
0.1816179133858268
20
0.8968897637795276
11
0.1791646850393701
21
0.8955501968503937
0
LINE
8
BLACK
6
CONTINUOUS
10
0.1791646850393701
20
0.8955501968503937
11
0.1763766535433071
21
0.8957496062992126
0
LINE
8
BLACK
6
CONTINUOUS
10
0.1763766535433071
20
0.8957496062992126
11
0.1741390551181102
21
0.89742468503937
0
LINE
8
BLACK
6
CONTINUOUS
10
0.1741390551181102
20
0.89742468503937
11
0.1731622440944882
21
0.9000436220472441
0
LINE
8
BLACK
6
CONTINUOUS
10
0.1731622440944882
20
0.9000436220472441
11
0.1731496062992126
21
0.9003974803149606
0
LINE
8
BLACK
6
CONTINUOUS
10
0.1731496062992126
20
0.9003974803149606
11
0.1731496062992126
21
0.9047942125984252
0
LINE
8
BLACK
6
CONTINUOUS
10
0.1731496062992126
20
0.9047942125984252
11
0.1731495669291339
21
0.9047946062992126
0
LINE
8
BLACK
6
CONTINUOUS
10
0.1731495669291339
20
0.9047946062992126
11
0.171898031496063
21
0.9143011811023621
0
LINE
8
BLACK
6
CONTINUOUS
10
0.171898031496063
20
0.9143011811023621
11
0.1694161811023622
21
0.9235636220472441
0
LINE
8
BLACK
6
CONTINUOUS
10
0.1694161811023622
20
0.9235636220472441
11
0.1657466141732283
21
0.9324227559055118
0
LINE
8
BLACK
6
CONTINUOUS
10
0.1657466141732283
20
0.9324227559055118
11
0.1657463779527559
21
0.9324231889763779
0
LINE
8
BLACK
6
CONTINUOUS
10
0.1657463779527559
20
0.9324231889763779
11
0.1609522834645669
21
0.9407268503937007
0
LINE
8
BLACK
6
CONTINUOUS
10
0.1609522834645669
20
0.9407268503937007
11
0.1609520866141732
21
0.9407271259842519
0
LINE
8
BLACK
6
CONTINUOUS
10
0.1609520866141732
20
0.9407271259842519
11
0.1583110236220472
21
0.9441689763779527
0
LINE
8
BLACK
6
CONTINUOUS
10
0.1583110236220472
20
0.9441689763779527
11
0.1438846850393701
21
0.9297426771653543
0
LINE
8
BLACK
6
CONTINUOUS
10
0.1438846850393701
20
0.9297426771653543
11
0.1453174803149606
21
0.9277705905511811
0
LINE
8
BLACK
6
CONTINUOUS
10
0.1453174803149606
20
0.9277705905511811
11
0.1491038188976378
21
0.9203394881889764
0
LINE
8
BLACK
6
CONTINUOUS
10
0.1491038188976378
20
0.9203394881889764
11
0.151681062992126
21
0.9124075196850393
0
LINE
8
BLACK
6
CONTINUOUS
10
0.151681062992126
20
0.9124075196850393
11
0.1529857480314961
21
0.9041700787401574
0
LINE
8
BLACK
6
CONTINUOUS
10
0.1529857480314961
20
0.9041700787401574
11
0.1529857480314961
21
0.8958299212598425
0
LINE
8
BLACK
6
CONTINUOUS
10
0.1529857480314961
20
0.8958299212598425
11
0.151681062992126
21
0.8875924803149606
0
LINE
8
BLACK
6
CONTINUOUS
10
0.151681062992126
20
0.8875924803149606
11
0.1491038188976378
21
0.8796605118110236
0
LINE
8
BLACK
6
CONTINUOUS
10
0.1491038188976378
20
0.8796605118110236
11
0.1453174803149606
21
0.8722294094488189
0
LINE
8
BLACK
6
CONTINUOUS
10
0.1453174803149606
20
0.8722294094488189
11
0.1404152755905512
21
0.8654820866141733
0
LINE
8
BLACK
6
CONTINUOUS
10
0.1404152755905512
20
0.8654820866141733
11
0.1345179133858268
21
0.8595847244094488
0
LINE
8
BLACK
6
CONTINUOUS
10
0.1345179133858268
20
0.8595847244094488
11
0.1277705905511811
21
0.8546825196850394
0
LINE
8
BLACK
6
CONTINUOUS
10
0.1277705905511811
20
0.8546825196850394
11
0.1203394881889764
21
0.8508961811023622
0
LINE
8
BLACK
6
CONTINUOUS
10
0.1203394881889764
20
0.8508961811023622
11
0.1124075196850394
21
0.848318937007874
0
LINE
8
BLACK
6
CONTINUOUS
10
0.1124075196850394
20
0.848318937007874
11
0.1041700787401575
21
0.8470142519685039
0
LINE
8
BLACK
6
CONTINUOUS
10
0.1041700787401575
20
0.8470142519685039
11
0.0958299212598425
21
0.8470142519685039
0
LINE
8
BLACK
6
CONTINUOUS
10
0.0958299212598425
20
0.8470142519685039
11
0.0875924803149606
21
0.848318937007874
0
LINE
8
BLACK
6
CONTINUOUS
10
0.0875924803149606
20
0.848318937007874
11
0.0796605118110236
21
0.8508961811023622
0
LINE
8
BLACK
6
CONTINUOUS
10
0.0796605118110236
20
0.8508961811023622
11
0.0722294094488189
21
0.8546825196850394
0
LINE
8
BLACK
6
CONTINUOUS
10
0.0722294094488189
20
0.8546825196850394
11
0.0654820866141732
21
0.8595847244094488
0
LINE
8
BLACK
6
CONTINUOUS
10
0.0654820866141732
20
0.8595847244094488
11
0.0595847244094488
21
0.8654820866141733
0
LINE
8
BLACK
6
CONTINUOUS
10
0.0595847244094488
20
0.8654820866141733
11
0.0546825196850394
21
0.8722294094488189
0
LINE
8
BLACK
6
CONTINUOUS
10
0.0546825196850394
20
0.8722294094488189
11
0.0508961811023622
21
0.8796605118110236
0
LINE
8
BLACK
6
CONTINUOUS
10
0.0508961811023622
20
0.8796605118110236
11
0.048318937007874
21
0.8875924803149606
0
LINE
8
BLACK
6
CONTINUOUS
10
0.048318937007874
20
0.8875924803149606
11
0.0470142519685039
21
0.8958299212598425
0
LINE
8
BLACK
6
CONTINUOUS
10
0.0470142519685039
20
0.8958299212598425
11
0.0470142519685039
21
0.9041700787401574
0
LINE
8
BLACK
6
CONTINUOUS
10
0.0470142519685039
20
0.9041700787401574
11
0.048318937007874
21
0.9124075196850393
0
LINE
8
BLACK
6
CONTINUOUS
10
0.048318937007874
20
0.9124075196850393
11
0.0508961811023622
21
0.9203394881889764
0
LINE
8
BLACK
6
CONTINUOUS
10
0.0508961811023622
20
0.9203394881889764
11
0.0546825196850394
21
0.9277705905511811
0
LINE
8
BLACK
6
CONTINUOUS
10
0.0546825196850394
20
0.9277705905511811
11
0.0561152362204724
21
0.9297426377952756
0
LINE
8
BLACK
6
CONTINUOUS
10
0.0561152362204724
20
0.9297426377952756
11
0.0416888976377953
21
0.9441689763779527
0
LINE
8
BLACK
6
CONTINUOUS
10
0.0416888976377953
20
0.9441689763779527
11
0.0390476771653543
21
0.9407268503937007
0
LINE
8
BLACK
6
CONTINUOUS
10
0.0390476771653543
20
0.9407268503937007
11
0.0342535826771654
21
0.9324231889763779
0
LINE
8
BLACK
6
CONTINUOUS
10
0.0342535826771654
20
0.9324231889763779
11
0.0342533464566929
21
0.9324227559055118
0
LINE
8
BLACK
6
CONTINUOUS
10
0.0342533464566929
20
0.9324227559055118
11
0.0305837795275591
21
0.9235636220472441
0
LINE
8
BLACK
6
CONTINUOUS
10
0.0305837795275591
20
0.9235636220472441
11
0.0281019291338583
21
0.9143011811023621
0
LINE
8
BLACK
6
CONTINUOUS
10
0.0281019291338583
20
0.9143011811023621
11
0.0268503937007874
21
0.9047946062992126
0
LINE
8
BLACK
6
CONTINUOUS
10
0.0268503937007874
20
0.9047946062992126
11
0.0268503937007874
21
0.8952054330708661
0
LINE
8
BLACK
6
CONTINUOUS
10
0.0268503937007874
20
0.8952054330708661
11
0.0281019291338583
21
0.8856988582677165
0
LINE
8
BLACK
6
CONTINUOUS
10
0.0281019291338583
20
0.8856988582677165
11
0.0305837795275591
21
0.8764364173228346
0
LINE
8
BLACK
6
CONTINUOUS
10
0.0305837795275591
20
0.8764364173228346
11
0.033084842519685
21
0.8703983070866141
0
LINE
8
BLACK
6
CONTINUOUS
10
0.033084842519685
20
0.8703983070866141
11
0.0333836220472441
21
0.8676191732283465
0
LINE
8
BLACK
6
CONTINUOUS
10
0.0333836220472441
20
0.8676191732283465
11
0.0321324803149606
21
0.8651196850393701
0
LINE
8
BLACK
6
CONTINUOUS
10
0.0321324803149606
20
0.8651196850393701
11
0.0297285826771654
21
0.8636934251968503
0
LINE
8
BLACK
6
CONTINUOUS
10
0.0297285826771654
20
0.8636934251968503
11
0.0269352362204724
21
0.8637931889763779
0
LINE
8
BLACK
6
CONTINUOUS
10
0.0269352362204724
20
0.8637931889763779
11
0.0266041338582677
21
0.8639166929133858
0
LINE
8
BLACK
6
CONTINUOUS
10
0.0266041338582677
20
0.8639166929133858
11
0.0223017322834646
21
0.865698779527559
0
LINE
8
BLACK
6
CONTINUOUS
10
0.0223017322834646
20
0.865698779527559
11
0.0135355118110236
21
0.8680476771653544
0
LINE
8
BLACK
6
CONTINUOUS
10
0.0135355118110236
20
0.8680476771653544
11
0.0135354330708661
21
0.868047716535433
0
LINE
8
BLACK
6
CONTINUOUS
10
0.0135354330708661
20
0.868047716535433
11
0.0135351968503937
21
0.8680477559055118
0
LINE
8
BLACK
6
CONTINUOUS
10
0.0135351968503937
20
0.8680477559055118
11
0.0045377952755906
21
0.8692322834645669
0
LINE
8
BLACK
6
CONTINUOUS
10
0.0045377952755906
20
0.8692322834645669
11
0.0045377165354331
21
0.8692322834645669
0
LINE
8
BLACK
6
CONTINUOUS
10
0.0045377165354331
20
0.8692322834645669
11
-0.0045377165354331
21
0.8692322834645669
0
LINE
8
BLACK
6
CONTINUOUS
10
-0.0045377165354331
20
0.8692322834645669
11
-0.0045378346456693
21
0.8692322834645669
0
LINE
8
BLACK
6
CONTINUOUS
10
-0.0045378346456693
20
0.8692322834645669
11
-0.0135352362204724
21
0.8680477559055118
0
LINE
8
BLACK
6
CONTINUOUS
10
-0.0135352362204724
20
0.8680477559055118
11
-0.0151347244094488
21
0.8676191732283465
0
LINE
8
BLACK
6
CONTINUOUS
10
-0.0151347244094488
20
0.8676191732283465
11
-0.0223017322834646
21
0.865698779527559
0
LINE
8
BLACK
6
CONTINUOUS
10
-0.0223017322834646
20
0.865698779527559
11
-0.0266035433070866
21
0.8639169291338582
0
LINE
8
BLACK
6
CONTINUOUS
10
-0.0266035433070866
20
0.8639169291338582
11
-0.0293826377952756
21
0.8636181496062992
0
LINE
8
BLACK
6
CONTINUOUS
10
-0.0293826377952756
20
0.8636181496062992
11
-0.031882125984252
21
0.8648693307086613
0
LINE
8
BLACK
6
CONTINUOUS
10
-0.031882125984252
20
0.8648693307086613
11
-0.0333083858267717
21
0.867273188976378
0
LINE
8
BLACK
6
CONTINUOUS
10
-0.0333083858267717
20
0.867273188976378
11
-0.0332086220472441
21
0.8700665354330709
0
LINE
8
BLACK
6
CONTINUOUS
10
-0.0332086220472441
20
0.8700665354330709
11
-0.0330848818897638
21
0.8703983464566929
0
LINE
8
BLACK
6
CONTINUOUS
10
-0.0330848818897638
20
0.8703983464566929
11
-0.0305837795275591
21
0.8764365354330709
0
LINE
8
BLACK
6
CONTINUOUS
10
-0.0305837795275591
20
0.8764365354330709
11
-0.028101968503937
21
0.8856988582677165
0
LINE
8
BLACK
6
CONTINUOUS
10
-0.028101968503937
20
0.8856988582677165
11
-0.0268504330708661
21
0.8952054330708661
0
LINE
8
BLACK
6
CONTINUOUS
10
-0.0268504330708661
20
0.8952054330708661
11
-0.0268503937007874
21
0.8952057874015747
0
LINE
8
BLACK
6
CONTINUOUS
10
-0.0268503937007874
20
0.8952057874015747
11
-0.0268503937007874
21
0.9047942125984252
0
LINE
8
BLACK
6
CONTINUOUS
10
-0.0268503937007874
20
0.9047942125984252
11
-0.0268504330708661
21
0.9047946062992126
0
LINE
8
BLACK
6
CONTINUOUS
10
-0.0268504330708661
20
0.9047946062992126
11
-0.028101968503937
21
0.9143011811023621
0
LINE
8
BLACK
6
CONTINUOUS
10
-0.028101968503937
20
0.9143011811023621
11
-0.0305838188976378
21
0.9235636220472441
0
LINE
8
BLACK
6
CONTINUOUS
10
-0.0305838188976378
20
0.9235636220472441
11
-0.0342533858267717
21
0.9324227559055118
0
LINE
8
BLACK
6
CONTINUOUS
10
-0.0342533858267717
20
0.9324227559055118
11
-0.0342536220472441
21
0.9324231889763779
0
LINE
8
BLACK
6
CONTINUOUS
10
-0.0342536220472441
20
0.9324231889763779
11
-0.0390477165354331
21
0.9407268503937007
0
LINE
8
BLACK
6
CONTINUOUS
10
-0.0390477165354331
20
0.9407268503937007
11
-0.0390479133858268
21
0.9407271259842519
0
LINE
8
BLACK
6
CONTINUOUS
10
-0.0390479133858268
20
0.9407271259842519
11
-0.0416889763779528
21
0.9441689763779527
0
LINE
8
BLACK
6
CONTINUOUS
10
-0.0416889763779528
20
0.9441689763779527
11
-0.0561153149606299
21
0.9297426771653543
0
LINE
8
BLACK
6
CONTINUOUS
10
-0.0561153149606299
20
0.9297426771653543
11
-0.0546825196850394
21
0.9277705905511811
0
LINE
8
BLACK
6
CONTINUOUS
10
-0.0546825196850394
20
0.9277705905511811
11
-0.0508961811023622
21
0.9203394881889764
0
LINE
8
BLACK
6
CONTINUOUS
10
-0.0508961811023622
20
0.9203394881889764
11
-0.048318937007874
21
0.9124075196850393
0
LINE
8
BLACK
6
CONTINUOUS
10
-0.048318937007874
20
0.9124075196850393
11
-0.0470142519685039
21
0.9041700787401574
0
LINE
8
BLACK
6
CONTINUOUS
10
-0.0470142519685039
20
0.9041700787401574
11
-0.0470142519685039
21
0.8958299212598425
0
LINE
8
BLACK
6
CONTINUOUS
10
-0.0470142519685039
20
0.8958299212598425
11
-0.048318937007874
21
0.8875924803149606
0
LINE
8
BLACK
6
CONTINUOUS
10
-0.048318937007874
20
0.8875924803149606
11
-0.0508961811023622
21
0.8796605118110236
0
LINE
8
BLACK
6
CONTINUOUS
10
-0.0508961811023622
20
0.8796605118110236
11
-0.0546825196850394
21
0.8722294094488189
0
LINE
8
BLACK
6
CONTINUOUS
10
-0.0546825196850394
20
0.8722294094488189
11
-0.0595847244094488
21
0.8654820866141733
0
LINE
8
BLACK
6
CONTINUOUS
10
-0.0595847244094488
20
0.8654820866141733
11
-0.0654820866141732
21
0.8595847244094488
0
LINE
8
BLACK
6
CONTINUOUS
10
-0.0654820866141732
20
0.8595847244094488
11
-0.0722294094488189
21
0.8546825196850394
0
LINE
8
BLACK
6
CONTINUOUS
10
-0.0722294094488189
20
0.8546825196850394
11
-0.0796605118110236
21
0.8508961811023622
0
LINE
8
BLACK
6
CONTINUOUS
10
-0.0796605118110236
20
0.8508961811023622
11
-0.0875924803149606
21
0.848318937007874
0
LINE
8
BLACK
6
CONTINUOUS
10
-0.0875924803149606
20
0.848318937007874
11
-0.0958299212598425
21
0.8470142519685039
0
LINE
8
BLACK
6
CONTINUOUS
10
-0.0958299212598425
20
0.8470142519685039
11
-0.1041700787401575
21
0.8470142519685039
0
LINE
8
BLACK
6
CONTINUOUS
10
-0.1041700787401575
20
0.8470142519685039
11
-0.1124075196850394
21
0.848318937007874
0
LINE
8
BLACK
6
CONTINUOUS
10
-0.1124075196850394
20
0.848318937007874
11
-0.1203394881889764
21
0.8508961811023622
0
LINE
8
BLACK
6
CONTINUOUS
10
-0.1203394881889764
20
0.8508961811023622
11
-0.1277705905511811
21
0.8546825196850394
0
LINE
8
BLACK
6
CONTINUOUS
10
-0.1277705905511811
20
0.8546825196850394
11
-0.1297426771653543
21
0.8561153149606299
0
LINE
8
BLACK
6
CONTINUOUS
10
-0.1297426771653543
20
0.8561153149606299
11
-0.1441689763779528
21
0.8416889763779527
0
LINE
8
BLACK
6
CONTINUOUS
10
-0.1441689763779528
20
0.8416889763779527
11
-0.1441689763779528
21
0.8416889370078739
0
LINE
8
BLACK
6
CONTINUOUS
10
-0.1441689763779528
20
0.8416889370078739
11
-0.140727125984252
21
0.8390479133858267
0
LINE
8
BLACK
6
CONTINUOUS
10
-0.140727125984252
20
0.8390479133858267
11
-0.1407268503937008
21
0.8390477165354331
0
LINE
8
BLACK
6
CONTINUOUS
10
-0.1407268503937008
20
0.8390477165354331
11
-0.1324231889763779
21
0.8342536220472441
0
LINE
8
BLACK
6
CONTINUOUS
10
-0.1324231889763779
20
0.8342536220472441
11
-0.1324227559055118
21
0.8342533858267717
0
LINE
8
BLACK
6
CONTINUOUS
10
-0.1324227559055118
20
0.8342533858267717
11
-0.1235636220472441
21
0.8305838188976378
0
LINE
8
BLACK
6
CONTINUOUS
10
-0.1235636220472441
20
0.8305838188976378
11
-0.1143011811023622
21
0.828101968503937
0
LINE
8
BLACK
6
CONTINUOUS
10
-0.1143011811023622
20
0.828101968503937
11
-0.1047946062992126
21
0.8268504330708661
0
LINE
8
BLACK
6
CONTINUOUS
10
-0.1047946062992126
20
0.8268504330708661
11
-0.1047942125984252
21
0.8268503937007874
0
LINE
8
BLACK
6
CONTINUOUS
10
-0.1047942125984252
20
0.8268503937007874
11
-0.0952057874015748
21
0.8268503937007874
0
LINE
8
BLACK
6
CONTINUOUS
10
-0.0952057874015748
20
0.8268503937007874
11
-0.0952054330708661
21
0.8268504330708661
0
LINE
8
BLACK
6
CONTINUOUS
10
-0.0952054330708661
20
0.8268504330708661
11
-0.0856988582677165
21
0.828101968503937
0
LINE
8
BLACK
6
CONTINUOUS
10
-0.0856988582677165
20
0.828101968503937
11
-0.0764365354330709
21
0.830583779527559
0
LINE
8
BLACK
6
CONTINUOUS
10
-0.0764365354330709
20
0.830583779527559
11
-0.0703983464566929
21
0.8330848818897637
0
LINE
8
BLACK
6
CONTINUOUS
10
-0.0703983464566929
20
0.8330848818897637
11
-0.0676192125984252
21
0.8333836614173228
0
LINE
8
BLACK
6
CONTINUOUS
10
-0.0676192125984252
20
0.8333836614173228
11
-0.0651197244094488
21
0.8321325196850393
0
LINE
8
BLACK
6
CONTINUOUS
10
-0.0651197244094488
20
0.8321325196850393
11
-0.0636934251968504
21
0.8297286614173228
0
LINE
8
BLACK
6
CONTINUOUS
10
-0.0636934251968504
20
0.8297286614173228
11
-0.063793188976378
21
0.8269353149606299
0
LINE
8
BLACK
6
CONTINUOUS
10
-0.063793188976378
20
0.8269353149606299
11
-0.0639169291338583
21
0.8266035039370079
0
LINE
8
BLACK
6
CONTINUOUS
10
-0.0639169291338583
20
0.8266035039370079
11
-0.0656987795275591
21
0.8223017322834646
0
LINE
8
BLACK
6
CONTINUOUS
10
-0.0656987795275591
20
0.8223017322834646
11
-0.0680477559055118
21
0.8135352362204724
0
LINE
8
BLACK
6
CONTINUOUS
10
-0.0680477559055118
20
0.8135352362204724
11
-0.0692322834645669
21
0.8045378346456693
0
LINE
8
BLACK
6
CONTINUOUS
10
-0.0692322834645669
20
0.8045378346456693
11
-0.0692322834645669
21
0.7954622047244094
0
LINE
8
BLACK
6
CONTINUOUS
10
-0.0692322834645669
20
0.7954622047244094
11
-0.0680477559055118
21
0.7864648031496063
0
LINE
8
BLACK
6
CONTINUOUS
10
-0.0680477559055118
20
0.7864648031496063
11
-0.0680477165354331
21
0.7864645669291338
0
LINE
8
BLACK
6
CONTINUOUS
10
-0.0680477165354331
20
0.7864645669291338
11
-0.0680476771653543
21
0.7864644881889764
0
LINE
8
BLACK
6
CONTINUOUS
10
-0.0680476771653543
20
0.7864644881889764
11
-0.0656987795275591
21
0.7776982677165354
0
LINE
8
BLACK
6
CONTINUOUS
10
-0.0656987795275591
20
0.7776982677165354
11
-0.0639169291338583
21
0.7733964566929133
0
LINE
8
BLACK
6
CONTINUOUS
10
-0.0639169291338583
20
0.7733964566929133
11
-0.0636181496062992
21
0.7706174015748032
0
LINE
8
BLACK
6
CONTINUOUS
10
-0.0636181496062992
20
0.7706174015748032
11
-0.0648692913385827
21
0.7681179133858268
0
LINE
8
BLACK
6
CONTINUOUS
10
-0.0648692913385827
20
0.7681179133858268
11
-0.0672731889763779
21
0.766691653543307
0
LINE
8
BLACK
6
CONTINUOUS
10
-0.0672731889763779
20
0.766691653543307
11
-0.0700665354330709
21
0.7667914173228346
0
LINE
8
BLACK
6
CONTINUOUS
10
-0.0700665354330709
20
0.7667914173228346
11
-0.0703983070866142
21
0.7669151574803149
0
LINE
8
BLACK
6
CONTINUOUS
10
-0.0703983070866142
20
0.7669151574803149
11
-0.0764364173228346
21
0.769416220472441
0
LINE
8
BLACK
6
CONTINUOUS
10
-0.0764364173228346
20
0.769416220472441
11
-0.0856988582677165
21
0.7718980708661417
0
LINE
8
BLACK
6
CONTINUOUS
10
-0.0856988582677165
20
0.7718980708661417
11
-0.0952054330708661
21
0.7731496062992126
0
LINE
8
BLACK
6
CONTINUOUS
10
-0.0952054330708661
20
0.7731496062992126
11
-0.1047946062992126
21
0.7731496062992126
0
LINE
8
BLACK
6
CONTINUOUS
10
-0.1047946062992126
20
0.7731496062992126
11
-0.1143011811023622
21
0.7718980708661417
0
LINE
8
BLACK
6
CONTINUOUS
10
-0.1143011811023622
20
0.7718980708661417
11
-0.1235636220472441
21
0.769416220472441
0
LINE
8
BLACK
6
CONTINUOUS
10
-0.1235636220472441
20
0.769416220472441
11
-0.1324227559055118
21
0.7657466535433071
0
LINE
8
BLACK
6
CONTINUOUS
10
-0.1324227559055118
20
0.7657466535433071
11
-0.1324231889763779
21
0.7657464173228347
0
LINE
8
BLACK
6
CONTINUOUS
10
-0.1324231889763779
20
0.7657464173228347
11
-0.1407268503937008
21
0.7609523228346456
0
LINE
8
BLACK
6
CONTINUOUS
10
-0.1407268503937008
20
0.7609523228346456
11
-0.1441689763779528
21
0.7583111023622047
0
LINE
8
BLACK
6
CONTINUOUS
10
-0.1441689763779528
20
0.7583111023622047
11
-0.1297426377952756
21
0.7438847637795275
0
LINE
8
BLACK
6
CONTINUOUS
10
-0.1297426377952756
20
0.7438847637795275
11
-0.1277705905511811
21
0.7453174803149606
0
LINE
8
BLACK
6
CONTINUOUS
10
-0.1277705905511811
20
0.7453174803149606
11
-0.1203394881889764
21
0.7491038188976378
0
LINE
8
BLACK
6
CONTINUOUS
10
-0.1203394881889764
20
0.7491038188976378
11
-0.1124075196850394
21
0.751681062992126
0
LINE
8
BLACK
6
CONTINUOUS
10
-0.1124075196850394
20
0.751681062992126
11
-0.1041700787401575
21
0.7529857480314961
0
LINE
8
BLACK
6
CONTINUOUS
10
-0.1041700787401575
20
0.7529857480314961
11
-0.0958299212598425
21
0.7529857480314961
0
LINE
8
BLACK
6
CONTINUOUS
10
-0.0958299212598425
20
0.7529857480314961
11
-0.0875924803149606
21
0.751681062992126
0
LINE
8
BLACK
6
CONTINUOUS
10
-0.0875924803149606
20
0.751681062992126
11
-0.0796605118110236
21
0.7491038188976378
0
LINE
8
BLACK
6
CONTINUOUS
10
-0.0796605118110236
20
0.7491038188976378
11
-0.0722294094488189
21
0.7453174803149606
0
LINE
8
BLACK
6
CONTINUOUS
10
-0.0722294094488189
20
0.7453174803149606
11
-0.0654820866141732
21
0.7404152755905512
0
LINE
8
BLACK
6
CONTINUOUS
10
-0.0654820866141732
20
0.7404152755905512
11
-0.0595847244094488
21
0.7345179133858267
0
LINE
8
BLACK
6
CONTINUOUS
10
-0.0595847244094488
20
0.7345179133858267
11
-0.0546825196850394
21
0.7277705905511811
0
LINE
8
BLACK
6
CONTINUOUS
10
-0.0546825196850394
20
0.7277705905511811
11
-0.0508961811023622
21
0.7203394881889763
0
LINE
8
BLACK
6
CONTINUOUS
10
-0.0508961811023622
20
0.7203394881889763
11
-0.048318937007874
21
0.7124075196850393
0
LINE
8
BLACK
6
CONTINUOUS
10
-0.048318937007874
20
0.7124075196850393
11
-0.0470142519685039
21
0.7041700787401575
0
LINE
8
BLACK
6
CONTINUOUS
10
-0.0470142519685039
20
0.7041700787401575
11
-0.0470142519685039
21
0.6958299212598426
0
LINE
8
BLACK
6
CONTINUOUS
10
-0.0470142519685039
20
0.6958299212598426
11
-0.048318937007874
21
0.6875924803149606
0
LINE
8
BLACK
6
CONTINUOUS
10
-0.048318937007874
20
0.6875924803149606
11
-0.0508961811023622
21
0.6796605118110236
0
LINE
8
BLACK
6
CONTINUOUS
10
-0.0508961811023622
20
0.6796605118110236
11
-0.0546825196850394
21
0.6722294094488189
0
LINE
8
BLACK
6
CONTINUOUS
10
-0.0546825196850394
20
0.6722294094488189
11
-0.0561152755905512
21
0.6702574015748032
0
LINE
8
BLACK
6
CONTINUOUS
10
-0.0561152755905512
20
0.6702574015748032
11
-0.0416889763779528
21
0.6558311023622047
0
LINE
8
BLACK
6
CONTINUOUS
10
-0.0416889763779528
20
0.6558311023622047
11
-0.0390477165354331
21
0.6592732283464566
0
LINE
8
BLACK
6
CONTINUOUS
10
-0.0390477165354331
20
0.6592732283464566
11
-0.0342536220472441
21
0.6675768503937007
0
LINE
8
BLACK
6
CONTINUOUS
10
-0.0342536220472441
20
0.6675768503937007
11
-0.0342533858267717
21
0.6675772834645669
0
LINE
8
BLACK
6
CONTINUOUS
10
-0.0342533858267717
20
0.6675772834645669
11
-0.0305838188976378
21
0.6764364173228347
0
LINE
8
BLACK
6
CONTINUOUS
10
-0.0305838188976378
20
0.6764364173228347
11
-0.028101968503937
21
0.6856988582677165
0
LINE
8
BLACK
6
CONTINUOUS
10
-0.028101968503937
20
0.6856988582677165
11
-0.0268504330708661
21
0.6952054330708661
0
LINE
8
BLACK
6
CONTINUOUS
10
-0.0268504330708661
20
0.6952054330708661
11
-0.0268503937007874
21
0.6952057874015748
0
LINE
8
BLACK
6
CONTINUOUS
10
-0.0268503937007874
20
0.6952057874015748
11
-0.0268503937007874
21
0.7047942125984252
0
LINE
8
BLACK
6
CONTINUOUS
10
-0.0268503937007874
20
0.7047942125984252
11
-0.0268504330708661
21
0.7047946062992125
0
LINE
8
BLACK
6
CONTINUOUS
10
-0.0268504330708661
20
0.7047946062992125
11
-0.028101968503937
21
0.7143011811023622
0
LINE
8
BLACK
6
CONTINUOUS
10
-0.028101968503937
20
0.7143011811023622
11
-0.0305838188976378
21
0.7235636220472441
0
LINE
8
BLACK
6
CONTINUOUS
10
-0.0305838188976378
20
0.7235636220472441
11
-0.0330848818897638
21
0.7296017322834646
0
LINE
8
BLACK
6
CONTINUOUS
10
-0.0330848818897638
20
0.7296017322834646
11
-0.0333836614173228
21
0.7323808267716535
0
LINE
8
BLACK
6
CONTINUOUS
10
-0.0333836614173228
20
0.7323808267716535
11
-0.0321325196850394
21
0.7348803149606299
0
LINE
8
BLACK
6
CONTINUOUS
10
-0.0321325196850394
20
0.7348803149606299
11
-0.0297286614173228
21
0.7363066141732283
0
LINE
8
BLACK
6
CONTINUOUS
10
-0.0297286614173228
20
0.7363066141732283
11
-0.0269352755905512
21
0.7362068503937008
0
LINE
8
BLACK
6
CONTINUOUS
10
-0.0269352755905512
20
0.7362068503937008
11
-0.0266047637795276
21
0.7360835826771653
0
LINE
8
BLACK
6
CONTINUOUS
10
-0.0266047637795276
20
0.7360835826771653
11
-0.0223017322834646
21
0.734301220472441
0
LINE
8
BLACK
6
CONTINUOUS
10
-0.0223017322834646
20
0.734301220472441
11
-0.0135355118110236
21
0.7319523228346456
0
LINE
8
BLACK
6
CONTINUOUS
10
-0.0135355118110236
20
0.7319523228346456
11
-0.0135352755905512
21
0.7319523228346456
0
LINE
8
BLACK
6
CONTINUOUS
10
-0.0135352755905512
20
0.7319523228346456
11
-0.0135352362204724
21
0.7319522834645669
0
LINE
8
BLACK
6
CONTINUOUS
10
-0.0135352362204724
20
0.7319522834645669
11
-0.0132391732283465
21
0.7319133070866142
0
LINE
8
BLACK
6
CONTINUOUS
10
-0.0132391732283465
20
0.7319133070866142
11
-0.0045377165354331
21
0.730767716535433
0
LINE
8
BLACK
6
CONTINUOUS
10
-0.0045377165354331
20
0.730767716535433
11
-0.0045374409448819
21
0.730767716535433
0
LINE
8
BLACK
6
CONTINUOUS
10
-0.0045374409448819
20
0.730767716535433
11
0.0045374409448819
21
0.730767716535433
0
LINE
8
BLACK
6
CONTINUOUS
10
0.0045374409448819
20
0.730767716535433
11
0.0045377165354331
21
0.730767716535433
0
LINE
8
BLACK
6
CONTINUOUS
10
0.0045377165354331
20
0.730767716535433
11
0.0135355118110236
21
0.7319523228346456
0
LINE
8
BLACK
6
CONTINUOUS
10
0.0135355118110236
20
0.7319523228346456
11
0.0223017322834646
21
0.734301220472441
0
LINE
8
BLACK
6
CONTINUOUS
10
0.0223017322834646
20
0.734301220472441
11
0.0266036614173228
21
0.7360831496062992
0
LINE
8
BLACK
6
CONTINUOUS
10
0.0266036614173228
20
0.7360831496062992
11
0.0293825590551181
21
0.7363818897637795
0
LINE
8
BLACK
6
CONTINUOUS
10
0.0293825590551181
20
0.7363818897637795
11
0.0318820472440945
21
0.735130748031496
0
LINE
8
BLACK
6
CONTINUOUS
10
0.0318820472440945
20
0.735130748031496
11
0.0333083464566929
21
0.7327268897637795
0
LINE
8
BLACK
6
CONTINUOUS
10
0.0333083464566929
20
0.7327268897637795
11
0.0332085826771654
21
0.7299335433070866
0
LINE
8
BLACK
6
CONTINUOUS
10
0.0332085826771654
20
0.7299335433070866
11
0.033084842519685
21
0.7296017322834646
0
LINE
8
BLACK
6
CONTINUOUS
10
0.033084842519685
20
0.7296017322834646
11
0.0305837795275591
21
0.7235636220472441
0
LINE
8
BLACK
6
CONTINUOUS
10
0.0305837795275591
20
0.7235636220472441
11
0.0281019291338583
21
0.7143011811023622
0
LINE
8
BLACK
6
CONTINUOUS
10
0.0281019291338583
20
0.7143011811023622
11
0.0268503937007874
21
0.7047946062992125
0
LINE
8
BLACK
6
CONTINUOUS
10
0.0268503937007874
20
0.7047946062992125
11
0.0268503937007874
21
0.6952054330708661
0
LINE
8
BLACK
6
CONTINUOUS
10
0.0268503937007874
20
0.6952054330708661
11
0.0281019291338583
21
0.6856988582677165
0
LINE
8
BLACK
6
CONTINUOUS
10
0.0281019291338583
20
0.6856988582677165
11
0.0305837795275591
21
0.6764364173228347
0
LINE
8
BLACK
6
CONTINUOUS
10
0.0305837795275591
20
0.6764364173228347
11
0.0342533464566929
21
0.6675772834645669
0
LINE
8
BLACK
6
CONTINUOUS
10
0.0342533464566929
20
0.6675772834645669
11
0.0342535826771654
21
0.6675768503937007
0
LINE
8
BLACK
6
CONTINUOUS
10
0.0342535826771654
20
0.6675768503937007
11
0.0390476771653543
21
0.659273188976378
0
LINE
8
BLACK
6
CONTINUOUS
10
0.0390476771653543
20
0.659273188976378
11
0.0390478346456693
21
0.6592729527559055
0
LINE
8
BLACK
6
CONTINUOUS
10
0.0390478346456693
20
0.6592729527559055
11
0.0416888582677165
21
0.6558311417322834
0
LINE
8
BLACK
6
CONTINUOUS
10
0.0416888582677165
20
0.6558311417322834
11
0.0416888976377953
21
0.6558311023622047
0
LINE
8
BLACK
6
CONTINUOUS
10
0.0416888976377953
20
0.6558311023622047
11
0.0561151968503937
21
0.6702574409448818
0
LINE
8
BLACK
6
CONTINUOUS
10
0.0561151968503937
20
0.6702574409448818
11
0.0546825196850394
21
0.6722294094488189
0
LINE
8
BLACK
6
CONTINUOUS
10
0.0546825196850394
20
0.6722294094488189
11
0.0508961811023622
21
0.6796605118110236
0
LINE
8
BLACK
6
CONTINUOUS
10
0.0508961811023622
20
0.6796605118110236
11
0.048318937007874
21
0.6875924803149606
0
LINE
8
BLACK
6
CONTINUOUS
10
0.048318937007874
20
0.6875924803149606
11
0.0470142519685039
21
0.6958299212598426
0
LINE
8
BLACK
6
CONTINUOUS
10
0.0470142519685039
20
0.6958299212598426
11
0.0470142519685039
21
0.7041700787401575
0
LINE
8
BLACK
6
CONTINUOUS
10
0.0470142519685039
20
0.7041700787401575
11
0.048318937007874
21
0.7124075196850393
0
LINE
8
BLACK
6
CONTINUOUS
10
0.048318937007874
20
0.7124075196850393
11
0.0508961811023622
21
0.7203394881889763
0
LINE
8
BLACK
6
CONTINUOUS
10
0.0508961811023622
20
0.7203394881889763
11
0.0546825196850394
21
0.7277705905511811
0
LINE
8
BLACK
6
CONTINUOUS
10
0.0546825196850394
20
0.7277705905511811
11
0.0595847244094488
21
0.7345179133858267
0
LINE
8
BLACK
6
CONTINUOUS
10
0.0595847244094488
20
0.7345179133858267
11
0.0654820866141732
21
0.7404152755905512
0
LINE
8
BLACK
6
CONTINUOUS
10
0.0654820866141732
20
0.7404152755905512
11
0.0722294094488189
21
0.7453174803149606
0
LINE
8
BLACK
6
CONTINUOUS
10
0.0722294094488189
20
0.7453174803149606
11
0.0796605118110236
21
0.7491038188976378
0
LINE
8
BLACK
6
CONTINUOUS
10
0.0796605118110236
20
0.7491038188976378
11
0.0875924803149606
21
0.751681062992126
0
LINE
8
BLACK
6
CONTINUOUS
10
0.0875924803149606
20
0.751681062992126
11
0.0958299212598425
21
0.7529857480314961
0
LINE
8
BLACK
6
CONTINUOUS
10
0.0958299212598425
20
0.7529857480314961
11
0.1041700787401575
21
0.7529857480314961
0
LINE
8
BLACK
6
CONTINUOUS
10
0.1041700787401575
20
0.7529857480314961
11
0.1124075196850394
21
0.751681062992126
0
LINE
8
BLACK
6
CONTINUOUS
10
0.1124075196850394
20
0.751681062992126
11
0.1203394881889764
21
0.7491038188976378
0
LINE
8
BLACK
6
CONTINUOUS
10
0.1203394881889764
20
0.7491038188976378
11
0.1277705905511811
21
0.7453174803149606
0
LINE
8
BLACK
6
CONTINUOUS
10
0.1277705905511811
20
0.7453174803149606
11
0.1297425590551181
21
0.7438848031496063
0
LINE
8
BLACK
6
CONTINUOUS
10
0.1297425590551181
20
0.7438848031496063
11
0.1441688976377953
21
0.7583111023622047
0
LINE
8
BLACK
6
CONTINUOUS
10
0.1441688976377953
20
0.7583111023622047
11
0.1441688582677165
21
0.7583111417322834
0
LINE
8
BLACK
6
CONTINUOUS
10
0.1441688582677165
20
0.7583111417322834
11
0.1407270472440945
21
0.7609521653543307
0
LINE
8
BLACK
6
CONTINUOUS
10
0.1407270472440945
20
0.7609521653543307
11
0.1407268110236221
21
0.7609523228346456
0
LINE
8
BLACK
6
CONTINUOUS
10
0.1407268110236221
20
0.7609523228346456
11
0.1324231496062992
21
0.7657464173228347
0
LINE
8
BLACK
6
CONTINUOUS
10
0.1324231496062992
20
0.7657464173228347
11
0.1324229133858268
21
0.7657465354330708
0
LINE
8
BLACK
6
CONTINUOUS
10
0.1324229133858268
20
0.7657465354330708
11
0.1285151574803149
21
0.7673651968503937
0
LINE
8
BLACK
6
CONTINUOUS
10
0.1285151574803149
20
0.7673651968503937
11
0.1263387795275591
21
0.7691190944881889
0
LINE
8
BLACK
6
CONTINUOUS
10
0.1263387795275591
20
0.7691190944881889
11
0.125456062992126
21
0.771771220472441
0
LINE
8
BLACK
6
CONTINUOUS
10
0.125456062992126
20
0.771771220472441
11
0.1261473622047244
21
0.7744795275590551
0
LINE
8
BLACK
6
CONTINUOUS
10
0.1261473622047244
20
0.7744795275590551
11
0.1281931102362205
21
0.7763841732283464
0
LINE
8
BLACK
6
CONTINUOUS
10
0.1281931102362205
20
0.7763841732283464
11
0.1285144488188976
21
0.7765309448818898
0
LINE
8
BLACK
6
CONTINUOUS
10
0.1285144488188976
20
0.7765309448818898
11
0.1318139763779528
21
0.7778976377952755
0
LINE
8
BLACK
6
CONTINUOUS
10
0.1318139763779528
20
0.7778976377952755
11
0.135898937007874
21
0.780627125984252
0
LINE
8
BLACK
6
CONTINUOUS
10
0.135898937007874
20
0.780627125984252
11
0.1445822047244094
21
0.7893103937007874
0
LINE
8
BLACK
6
CONTINUOUS
10
0.1445822047244094
20
0.7893103937007874
11
0.2188779133858268
21
0.8636061023622047
0
LINE
8
BLACK
6
CONTINUOUS
10
0.2188779133858268
20
0.8636061023622047
11
0.2213311417322835
21
0.8649457086614173
0
LINE
8
BLACK
6
CONTINUOUS
10
0.2213311417322835
20
0.8649457086614173
11
0.2223855905511811
21
0.8650590551181102
0
LINE
8
BLACK
6
CONTINUOUS
10
0.2223855905511811
20
0.8650590551181102
11
0.2346461417322835
21
0.8650590551181102
0
LINE
8
BLACK
6
CONTINUOUS
10
0.2346461417322835
20
0.8650590551181102
11
0.2348703543307087
21
0.8649932283464566
0
LINE
8
BLACK
6
CONTINUOUS
10
0.2348703543307087
20
0.8649932283464566
11
0.2350996456692913
21
0.8650382677165354
0
LINE
8
BLACK
6
CONTINUOUS
10
0.2350996456692913
20
0.8650382677165354
11
0.2361961023622047
21
0.8646039763779527
0
LINE
8
BLACK
6
CONTINUOUS
10
0.2361961023622047
20
0.8646039763779527
11
0.2373280708661417
21
0.8642715748031495
0
LINE
8
BLACK
6
CONTINUOUS
10
0.2373280708661417
20
0.8642715748031495
11
0.2375374803149606
21
0.8640726377952755
0
LINE
8
BLACK
6
CONTINUOUS
10
0.2375374803149606
20
0.8640726377952755
11
0.2376983464566929
21
0.8640088976377952
0
LINE
8
BLACK
6
CONTINUOUS
10
0.2376983464566929
20
0.8640088976377952
11
0.238173031496063
21
0.8634688582677165
0
LINE
8
BLACK
6
CONTINUOUS
10
0.238173031496063
20
0.8634688582677165
11
0.2386764173228346
21
0.8629905905511811
0
LINE
8
BLACK
6
CONTINUOUS
10
0.2386764173228346
20
0.8629905905511811
11
0.2388044094488189
21
0.8628122440944882
0
LINE
8
BLACK
6
CONTINUOUS
10
0.2388044094488189
20
0.8628122440944882
11
0.241045157480315
21
0.8590233464566929
0
LINE
8
BLACK
6
CONTINUOUS
10
0.241045157480315
20
0.8590233464566929
11
0.2427386220472441
21
0.8573298818897638
0
LINE
8
BLACK
6
CONTINUOUS
10
0.2427386220472441
20
0.8573298818897638
11
0.242974842519685
21
0.8570007086614173
0
LINE
8
BLACK
6
CONTINUOUS
10
0.242974842519685
20
0.8570007086614173
11
0.2433083070866142
21
0.8560485039370078
0
LINE
8
BLACK
6
CONTINUOUS
10
0.2433083070866142
20
0.8560485039370078
11
0.2437918503937008
21
0.8551629921259842
0
LINE
8
BLACK
6
CONTINUOUS
10
0.2437918503937008
20
0.8551629921259842
11
0.2437624015748031
21
0.8547517716535433
0
LINE
8
BLACK
6
CONTINUOUS
10
0.2437624015748031
20
0.8547517716535433
11
0.2438987007874016
21
0.8543626771653543
0
LINE
8
BLACK
6
CONTINUOUS
10
0.2438987007874016
20
0.8543626771653543
11
0.2436644094488189
21
0.8533813385826772
0
LINE
8
BLACK
6
CONTINUOUS
10
0.2436644094488189
20
0.8533813385826772
11
0.2435924409448819
21
0.852375
0
LINE
8
BLACK
6
CONTINUOUS
10
0.2435924409448819
20
0.852375
11
0.2433247244094488
21
0.8519584645669291
0
LINE
8
BLACK
6
CONTINUOUS
10
0.2433247244094488
20
0.8519584645669291
11
0.2432496456692913
21
0.851643937007874
0
LINE
8
BLACK
6
CONTINUOUS
10
0.2432496456692913
20
0.851643937007874
11
0.2429176771653543
21
0.8513251181102363
0
LINE
8
BLACK
6
CONTINUOUS
10
0.2429176771653543
20
0.8513251181102363
11
0.2424522440944882
21
0.8506008661417322
0
LINE
8
BLACK
6
CONTINUOUS
10
0.2424522440944882
20
0.8506008661417322
11
0.2391877952755906
21
0.8473364566929134
0
LINE
8
BLACK
6
CONTINUOUS
10
0.2391877952755906
20
0.8473364566929134
11
0.2391875984251969
21
0.8473362204724409
0
LINE
8
BLACK
6
CONTINUOUS
10
0.2391875984251969
20
0.8473362204724409
11
0.2355252755905512
21
0.8413986614173228
0
LINE
8
BLACK
6
CONTINUOUS
10
0.2355252755905512
20
0.8413986614173228
11
0.2333309448818898
21
0.8347764566929133
0
LINE
8
BLACK
6
CONTINUOUS
10
0.2333309448818898
20
0.8347764566929133
11
0.233330905511811
21
0.8347763385826772
0
LINE
8
BLACK
6
CONTINUOUS
10
0.233330905511811
20
0.8347763385826772
11
0.2329133858267717
21
0.8306896456692913
0
LINE
8
BLACK
6
CONTINUOUS
10
0.2329133858267717
20
0.8306896456692913
11
0.2329133858267717
21
0.82
0
LINE
8
BLACK
6
CONTINUOUS
10
0.2329133858267717
20
0.82
11
0.2529133858267716
21
0.82
0
LINE
8
BLACK
6
CONTINUOUS
10
0.2529133858267716
20
0.82
11
0.2529133858267716
21
0.8287007874015748
0
LINE
8
BLACK
6
CONTINUOUS
10
0.2529133858267716
20
0.8287007874015748
11
0.2536625984251968
21
0.8324673622047244
0
LINE
8
BLACK
6
CONTINUOUS
10
0.2536625984251968
20
0.8324673622047244
11
0.2557961811023622
21
0.8356605118110236
0
LINE
8
BLACK
6
CONTINUOUS
10
0.2557961811023622
20
0.8356605118110236
11
0.2589893307086614
21
0.837794094488189
0
LINE
8
BLACK
6
CONTINUOUS
10
0.2589893307086614
20
0.837794094488189
11
0.262755905511811
21
0.8385433070866142
0
LINE
8
BLACK
6
CONTINUOUS
10
0.262755905511811
20
0.8385433070866142
11
0.2824409448818898
21
0.8385433070866142
0
LINE
8
BLACK
6
CONTINUOUS
10
0.2824409448818898
20
0.8385433070866142
11
0.2862075196850394
21
0.837794094488189
0
LINE
8
BLACK
6
CONTINUOUS
10
0.2862075196850394
20
0.837794094488189
11
0.2894006692913386
21
0.8356605118110236
0
LINE
8
BLACK
6
CONTINUOUS
10
0.2894006692913386
20
0.8356605118110236
11
0.2915342519685039
21
0.8324673622047244
0
LINE
8
BLACK
6
CONTINUOUS
10
0.2915342519685039
20
0.8324673622047244
11
0.2922834645669291
21
0.8287007874015748
0
LINE
8
BLACK
6
CONTINUOUS
10
0.2922834645669291
20
0.8287007874015748
11
0.2922834645669291
21
0.7912992125984252
0
LINE
8
BLACK
6
CONTINUOUS
10
0.2922834645669291
20
0.7912992125984252
11
0.2915342519685039
21
0.7875326377952756
0
LINE
8
BLACK
6
CONTINUOUS
10
0.2915342519685039
20
0.7875326377952756
11
0.2894006692913386
21
0.7843394881889764
0
LINE
8
BLACK
6
CONTINUOUS
10
0.2894006692913386
20
0.7843394881889764
11
0.2862075196850394
21
0.782205905511811
0
LINE
8
BLACK
6
CONTINUOUS
10
0.2862075196850394
20
0.782205905511811
11
0.2825984251968504
21
0.7814880314960629
0
LINE
8
BLACK
6
CONTINUOUS
10
0.2825984251968504
20
0.7814880314960629
11
0.2825984251968504
21
0.7614566929133858
0
LINE
8
BLACK
6
CONTINUOUS
10
0.2825984251968504
20
0.7614566929133858
11
0.2844298031496063
21
0.7614566929133858
0
LINE
8
BLACK
6
CONTINUOUS
10
0.2844298031496063
20
0.7614566929133858
11
0.2844297637795276
21
0.7614567322834646
0
LINE
8
BLACK
6
CONTINUOUS
10
0.2844297637795276
20
0.7614567322834646
11
0.2885164566929134
21
0.7618742519685039
0
LINE
8
BLACK
6
CONTINUOUS
10
0.2885164566929134
20
0.7618742519685039
11
0.2885165748031496
21
0.7618742913385826
0
LINE
8
BLACK
6
CONTINUOUS
10
0.2885165748031496
20
0.7618742913385826
11
0.2951387795275591
21
0.7640686220472441
0
LINE
8
BLACK
6
CONTINUOUS
10
0.2951387795275591
20
0.7640686220472441
11
0.3010763385826772
21
0.7677309448818898
0
LINE
8
BLACK
6
CONTINUOUS
10
0.3010763385826772
20
0.7677309448818898
11
0.3010765748031496
21
0.7677311417322834
0
LINE
8
BLACK
6
CONTINUOUS
10
0.3010765748031496
20
0.7677311417322834
11
0.3060088188976378
21
0.7726633858267716
0
LINE
8
BLACK
6
CONTINUOUS
10
0.3060088188976378
20
0.7726633858267716
11
0.306095748031496
21
0.7727733070866142
0
LINE
8
BLACK
6
CONTINUOUS
10
0.306095748031496
20
0.7727733070866142
11
0.3061746850393701
21
0.7728292519685039
0
LINE
8
BLACK
6
CONTINUOUS
10
0.3061746850393701
20
0.7728292519685039
11
0.3062135826771654
21
0.7728681102362205
0
LINE
8
BLACK
6
CONTINUOUS
10
0.3062135826771654
20
0.7728681102362205
11
0.3062201968503937
21
0.7728614960629921
0
LINE
8
BLACK
6
CONTINUOUS
10
0.3062201968503937
20
0.7728614960629921
11
0.3083766929133858
21
0.7743888976377953
0
LINE
8
BLACK
6
CONTINUOUS
10
0.3083766929133858
20
0.7743888976377953
11
0.3111690157480315
21
0.7745148425196851
0
LINE
8
BLACK
6
CONTINUOUS
10
0.3111690157480315
20
0.7745148425196851
11
0.3135861417322834
21
0.7731111811023622
0
LINE
8
BLACK
6
CONTINUOUS
10
0.3135861417322834
20
0.7731111811023622
11
0.3138785433070866
21
0.7727737401574803
0
LINE
8
BLACK
6
CONTINUOUS
10
0.3138785433070866
20
0.7727737401574803
11
0.3139753543307087
21
0.7726512992125985
0
LINE
8
BLACK
6
CONTINUOUS
10
0.3139753543307087
20
0.7726512992125985
11
0.318911062992126
21
0.7677155905511811
0
LINE
8
BLACK
6
CONTINUOUS
10
0.318911062992126
20
0.7677155905511811
11
0.3189112992125984
21
0.7677153937007873
0
LINE
8
BLACK
6
CONTINUOUS
10
0.3189112992125984
20
0.7677153937007873
11
0.3189113385826772
21
0.7677153543307087
0
LINE
8
BLACK
6
CONTINUOUS
10
0.3189113385826772
20
0.7677153543307087
11
0.3248528346456693
21
0.7640505905511811
0
LINE
8
BLACK
6
CONTINUOUS
10
0.3248528346456693
20
0.7640505905511811
11
0.3314792913385827
21
0.761854842519685
0
LINE
8
BLACK
6
CONTINUOUS
10
0.3314792913385827
20
0.761854842519685
11
0.3355690944881889
21
0.7614370078740157
0
LINE
8
BLACK
6
CONTINUOUS
10
0.3355690944881889
20
0.7614370078740157
11
0.3592340157480315
21
0.7614370472440944
0
LINE
8
BLACK
6
CONTINUOUS
10
0.3592340157480315
20
0.7614370472440944
11
0.3633238582677165
21
0.761854842519685
0
LINE
8
BLACK
6
CONTINUOUS
10
0.3633238582677165
20
0.761854842519685
11
0.3699503149606299
21
0.7640505905511811
0
LINE
8
BLACK
6
CONTINUOUS
10
0.3699503149606299
20
0.7640505905511811
11
0.375891811023622
21
0.7677153543307087
0
LINE
8
BLACK
6
CONTINUOUS
10
0.375891811023622
20
0.7677153543307087
11
0.3764922834645669
21
0.7683158661417323
0
LINE
8
BLACK
6
CONTINUOUS
10
0.3764922834645669
20
0.7683158661417323
11
0.3789454330708661
21
0.7696554330708661
0
LINE
8
BLACK
6
CONTINUOUS
10
0.3789454330708661
20
0.7696554330708661
11
0.3817334645669291
21
0.7694561023622047
0
LINE
8
BLACK
6
CONTINUOUS
10
0.3817334645669291
20
0.7694561023622047
11
0.3835076771653543
21
0.7683158661417323
0
LINE
8
BLACK
6
CONTINUOUS
10
0.3835076771653543
20
0.7683158661417323
11
0.3841081889763779
21
0.7677153543307087
0
LINE
8
BLACK
6
CONTINUOUS
10
0.3841081889763779
20
0.7677153543307087
11
0.3900496850393701
21
0.7640505905511811
0
LINE
8
BLACK
6
CONTINUOUS
10
0.3900496850393701
20
0.7640505905511811
11
0.3966761417322834
21
0.761854842519685
0
LINE
8
BLACK
6
CONTINUOUS
10
0.3966761417322834
20
0.761854842519685
11
0.4007659448818898
21
0.7614370078740157
0
LINE
8
BLACK
6
CONTINUOUS
10
0.4007659448818898
20
0.7614370078740157
11
0.4180984251968504
21
0.7614370472440944
0
LINE
8
BLACK
6
CONTINUOUS
10
0.4180984251968504
20
0.7614370472440944
11
0.4184458661417323
21
0.7613350393700787
0
LINE
8
BLACK
6
CONTINUOUS
10
0.4184458661417323
20
0.7613350393700787
11
0.4188044094488189
21
0.7613865748031496
0
LINE
8
BLACK
6
CONTINUOUS
10
0.4188044094488189
20
0.7613865748031496
11
0.4197660236220472
21
0.7609474015748031
0
LINE
8
BLACK
6
CONTINUOUS
10
0.4197660236220472
20
0.7609474015748031
11
0.4207803543307087
21
0.7606495669291339
0
LINE
8
BLACK
6
CONTINUOUS
10
0.4207803543307087
20
0.7606495669291339
11
0.4210175590551181
21
0.7603758267716535
0
LINE
8
BLACK
6
CONTINUOUS
10
0.4210175590551181
20
0.7603758267716535
11
0.4213469291338582
21
0.7602253937007873
0
LINE
8
BLACK
6
CONTINUOUS
10
0.4213469291338582
20
0.7602253937007873
11
0.4219183070866142
21
0.7593363385826771
0
LINE
8
BLACK
6
CONTINUOUS
10
0.4219183070866142
20
0.7593363385826771
11
0.4226107874015748
21
0.7585371653543307
0
LINE
8
BLACK
6
CONTINUOUS
10
0.4226107874015748
20
0.7585371653543307
11
0.4227022834645669
21
0.7581164173228346
0
LINE
8
BLACK
6
CONTINUOUS
10
0.4227022834645669
20
0.7581164173228346
11
0.4228581102362204
21
0.7578739763779527
0
LINE
8
BLACK
6
CONTINUOUS
10
0.4228581102362204
20
0.7578739763779527
11
0.4230590551181102
21
0.7564764173228347
0
LINE
8
BLACK
6
CONTINUOUS
10
0.4230590551181102
20
0.7564764173228347
11
0.4230590551181102
21
0.7549606299212598
0
LINE
8
BLACK
6
CONTINUOUS
10
0.4230590551181102
20
0.7549606299212598
11
0.4222715748031496
21
0.7522787007874016
0
LINE
8
BLACK
6
CONTINUOUS
10
0.4222715748031496
20
0.7522787007874016
11
0.4201591338582677
21
0.7504482677165354
0
LINE
8
BLACK
6
CONTINUOUS
10
0.4201591338582677
20
0.7504482677165354
11
0.4180984251968504
21
0.75
0
LINE
8
BLACK
6
CONTINUOUS
10
0.4180984251968504
20
0.75
11
0.41
21
0.75
0
LINE
8
BLACK
6
CONTINUOUS
10
0.41
20
0.75
11
0.41
21
0.73
0
LINE
8
BLACK
6
CONTINUOUS
10
0.41
20
0.73
11
0.43
21
0.73
0
LINE
8
BLACK
6
CONTINUOUS
10
0.43
20
0.73
11
0.43
21
0.67
0
LINE
8
BLACK
6
CONTINUOUS
10
0.43
20
0.67
11
0.37
21
0.67
0
LINE
8
BLACK
6
CONTINUOUS
10
0.37
20
0.67
11
0.37
21
0.6899999999999999
0
LINE
8
BLACK
6
CONTINUOUS
10
0.37
20
0.6899999999999999
11
0.3490490551181102
21
0.6899999999999999
0
LINE
8
BLACK
6
CONTINUOUS
10
0.3490490551181102
20
0.6899999999999999
11
0.34869
21
0.6898039763779528
0
LINE
8
BLACK
6
CONTINUOUS
10
0.34869
20
0.6898039763779528
11
0.3459020078740158
21
0.6900035433070866
0
LINE
8
BLACK
6
CONTINUOUS
10
0.3459020078740158
20
0.6900035433070866
11
0.3441281889763779
21
0.6911436220472441
0
LINE
8
BLACK
6
CONTINUOUS
10
0.3441281889763779
20
0.6911436220472441
11
0.3371588582677165
21
0.6981129527559055
0
LINE
8
BLACK
6
CONTINUOUS
10
0.3371588582677165
20
0.6981129527559055
11
0.3371587795275591
21
0.698113031496063
0
LINE
8
BLACK
6
CONTINUOUS
10
0.3371587795275591
20
0.698113031496063
11
0.3330738188976378
21
0.7008425196850393
0
LINE
8
BLACK
6
CONTINUOUS
10
0.3330738188976378
20
0.7008425196850393
11
0.328534842519685
21
0.7027226377952756
0
LINE
8
BLACK
6
CONTINUOUS
10
0.328534842519685
20
0.7027226377952756
11
0.3256333070866141
21
0.7032998031496063
0
LINE
8
BLACK
6
CONTINUOUS
10
0.3256333070866141
20
0.7032998031496063
11
0.3237163779527559
21
0.7036811023622047
0
LINE
8
BLACK
6
CONTINUOUS
10
0.3237163779527559
20
0.7036811023622047
11
0.3237162992125984
21
0.7036811023622047
0
LINE
8
BLACK
6
CONTINUOUS
10
0.3237162992125984
20
0.7036811023622047
11
0.3204133464566929
21
0.7036811023622047
0
LINE
8
BLACK
6
CONTINUOUS
10
0.3204133464566929
20
0.7036811023622047
11
0.3177314173228347
21
0.7044685826771654
0
LINE
8
BLACK
6
CONTINUOUS
10
0.3177314173228347
20
0.7044685826771654
11
0.3159009842519685
21
0.7065810236220472
0
LINE
8
BLACK
6
CONTINUOUS
10
0.3159009842519685
20
0.7065810236220472
11
0.3154527165354331
21
0.7086417322834645
0
LINE
8
BLACK
6
CONTINUOUS
10
0.3154527165354331
20
0.7086417322834645
11
0.3154527165354331
21
0.7201001968503937
0
LINE
8
BLACK
6
CONTINUOUS
10
0.3154527165354331
20
0.7201001968503937
11
0.31541
21
0.7205179921259842
0
LINE
8
BLACK
6
CONTINUOUS
10
0.31541
20
0.7205179921259842
11
0.3150349212598425
21
0.72419
0
LINE
8
BLACK
6
CONTINUOUS
10
0.3150349212598425
20
0.72419
11
0.3128391732283464
21
0.7308164566929134
0
LINE
8
BLACK
6
CONTINUOUS
10
0.3128391732283464
20
0.7308164566929134
11
0.3091744094488189
21
0.7367579527559055
0
LINE
8
BLACK
6
CONTINUOUS
10
0.3091744094488189
20
0.7367579527559055
11
0.3091743700787402
21
0.7367579921259843
0
LINE
8
BLACK
6
CONTINUOUS
10
0.3091743700787402
20
0.7367579921259843
11
0.3091741732283464
21
0.7367582283464567
0
LINE
8
BLACK
6
CONTINUOUS
10
0.3091741732283464
20
0.7367582283464567
11
0.3042385039370079
21
0.7416938976377953
0
LINE
8
BLACK
6
CONTINUOUS
10
0.3042385039370079
20
0.7416938976377953
11
0.3042382677165354
21
0.7416940944881889
0
LINE
8
BLACK
6
CONTINUOUS
10
0.3042382677165354
20
0.7416940944881889
11
0.3032365354330709
21
0.742311968503937
0
LINE
8
BLACK
6
CONTINUOUS
10
0.3032365354330709
20
0.742311968503937
11
0.2982967716535433
21
0.7453588582677165
0
LINE
8
BLACK
6
CONTINUOUS
10
0.2982967716535433
20
0.7453588582677165
11
0.2949835433070866
21
0.7464567322834645
0
LINE
8
BLACK
6
CONTINUOUS
10
0.2949835433070866
20
0.7464567322834645
11
0.2916703543307086
21
0.7475546062992126
0
LINE
8
BLACK
6
CONTINUOUS
10
0.2916703543307086
20
0.7475546062992126
11
0.2916700787401575
21
0.7475546456692913
0
LINE
8
BLACK
6
CONTINUOUS
10
0.2916700787401575
20
0.7475546456692913
11
0.2875808267716535
21
0.7479724409448819
0
LINE
8
BLACK
6
CONTINUOUS
10
0.2875808267716535
20
0.7479724409448819
11
0.2324194881889764
21
0.7479724409448819
0
LINE
8
BLACK
6
CONTINUOUS
10
0.2324194881889764
20
0.7479724409448819
11
0.2283296850393701
21
0.7475546456692913
0
LINE
8
BLACK
6
CONTINUOUS
10
0.2283296850393701
20
0.7475546456692913
11
0.2217031889763779
21
0.7453588582677165
0
LINE
8
BLACK
6
CONTINUOUS
10
0.2217031889763779
20
0.7453588582677165
11
0.2157616929133858
21
0.7416940944881889
0
LINE
8
BLACK
6
CONTINUOUS
10
0.2157616929133858
20
0.7416940944881889
11
0.2157614566929134
21
0.7416938976377953
0
LINE
8
BLACK
6
CONTINUOUS
10
0.2157614566929134
20
0.7416938976377953
11
0.2108257874015748
21
0.7367582283464567
0
LINE
8
BLACK
6
CONTINUOUS
10
0.2108257874015748
20
0.7367582283464567
11
0.2108255905511811
21
0.7367579921259843
0
LINE
8
BLACK
6
CONTINUOUS
10
0.2108255905511811
20
0.7367579921259843
11
0.2071608267716535
21
0.7308164566929134
0
LINE
8
BLACK
6
CONTINUOUS
10
0.2071608267716535
20
0.7308164566929134
11
0.2049650787401575
21
0.7241900787401575
0
LINE
8
BLACK
6
CONTINUOUS
10
0.2049650787401575
20
0.7241900787401575
11
0.2049650393700787
21
0.7241898031496062
0
LINE
8
BLACK
6
CONTINUOUS
10
0.2049650393700787
20
0.7241898031496062
11
0.2045472440944882
21
0.7201005511811024
0
LINE
8
BLACK
6
CONTINUOUS
10
0.2045472440944882
20
0.7201005511811024
11
0.2045472440944882
21
0.637380157480315
0
LINE
8
BLACK
6
CONTINUOUS
10
0.2045472440944882
20
0.637380157480315
11
0.2049650393700787
21
0.6332903543307087
0
LINE
8
BLACK
6
CONTINUOUS
10
0.2049650393700787
20
0.6332903543307087
11
0.2071608267716535
21
0.6266638582677165
0
LINE
8
BLACK
6
CONTINUOUS
10
0.2071608267716535
20
0.6266638582677165
11
0.2108255905511811
21
0.6207223622047244
0
LINE
8
BLACK
6
CONTINUOUS
10
0.2108255905511811
20
0.6207223622047244
11
0.2108257874015748
21
0.6207221259842519
0
LINE
8
BLACK
6
CONTINUOUS
10
0.2108257874015748
20
0.6207221259842519
11
0.2157614566929134
21
0.6157864566929133
0
LINE
8
BLACK
6
CONTINUOUS
10
0.2157614566929134
20
0.6157864566929133
11
0.2157616929133858
21
0.6157862598425197
0
LINE
8
BLACK
6
CONTINUOUS
10
0.2157616929133858
20
0.6157862598425197
11
0.2157617322834646
21
0.6157862204724409
0
LINE
8
BLACK
6
CONTINUOUS
10
0.2157617322834646
20
0.6157862204724409
11
0.2217032283464567
21
0.6121214566929134
0
LINE
8
BLACK
6
CONTINUOUS
10
0.2217032283464567
20
0.6121214566929134
11
0.2283296850393701
21
0.6099257086614173
0
LINE
8
BLACK
6
CONTINUOUS
10
0.2283296850393701
20
0.6099257086614173
11
0.2324194881889764
21
0.609507874015748
0
LINE
8
BLACK
6
CONTINUOUS
10
0.2324194881889764
20
0.609507874015748
11
0.2875804724409449
21
0.6095079133858268
0
LINE
8
BLACK
6
CONTINUOUS
10
0.2875804724409449
20
0.6095079133858268
11
0.2916703149606299
21
0.6099257086614173
0
LINE
8
BLACK
6
CONTINUOUS
10
0.2916703149606299
20
0.6099257086614173
11
0.2982967716535433
21
0.6121214566929134
0
LINE
8
BLACK
6
CONTINUOUS
10
0.2982967716535433
20
0.6121214566929134
11
0.3042382677165354
21
0.6157862204724409
0
LINE
8
BLACK
6
CONTINUOUS
10
0.3042382677165354
20
0.6157862204724409
11
0.3091744094488189
21
0.6207223622047244
0
LINE
8
BLACK
6
CONTINUOUS
10
0.3091744094488189
20
0.6207223622047244
11
0.3128391732283464
21
0.6266638582677165
0
LINE
8
BLACK
6
CONTINUOUS
10
0.3128391732283464
20
0.6266638582677165
11
0.3150349212598425
21
0.6332903149606299
0
LINE
8
BLACK
6
CONTINUOUS
10
0.3150349212598425
20
0.6332903149606299
11
0.3153114173228346
21
0.6359964960629921
0
LINE
8
BLACK
6
CONTINUOUS
10
0.3153114173228346
20
0.6359964960629921
11
0.3154527559055118
21
0.637379842519685
0
LINE
8
BLACK
6
CONTINUOUS
10
0.3154527559055118
20
0.637379842519685
11
0.3154591732283464
21
0.637505905511811
0
LINE
8
BLACK
6
CONTINUOUS
10
0.3154591732283464
20
0.637505905511811
11
0.3154655905511811
21
0.6375055905511811
0
LINE
8
BLACK
6
CONTINUOUS
10
0.3154655905511811
20
0.6375055905511811
11
0.3154656299212598
21
0.6375057874015748
0
LINE
8
BLACK
6
CONTINUOUS
10
0.3154656299212598
20
0.6375057874015748
11
0.3154697244094488
21
0.6375053937007874
0
LINE
8
BLACK
6
CONTINUOUS
10
0.3154697244094488
20
0.6375053937007874
11
0.3155135433070866
21
0.6375031496062992
0
LINE
8
BLACK
6
CONTINUOUS
10
0.3155135433070866
20
0.6375031496062992
11
0.316237874015748
21
0.6399777952755905
0
LINE
8
BLACK
6
CONTINUOUS
10
0.316237874015748
20
0.6399777952755905
11
0.3183487401574803
21
0.6418100393700787
0
LINE
8
BLACK
6
CONTINUOUS
10
0.3183487401574803
20
0.6418100393700787
11
0.3211150787401575
21
0.6422102362204725
0
LINE
8
BLACK
6
CONTINUOUS
10
0.3211150787401575
20
0.6422102362204725
11
0.3236586220472441
21
0.6410512992125984
0
LINE
8
BLACK
6
CONTINUOUS
10
0.3236586220472441
20
0.6410512992125984
11
0.3239210236220472
21
0.6408071653543307
0
LINE
8
BLACK
6
CONTINUOUS
10
0.3239210236220472
20
0.6408071653543307
11
0.3485273622047244
21
0.6162008267716536
0
LINE
8
BLACK
6
CONTINUOUS
10
0.3485273622047244
20
0.6162008267716536
11
0.349866968503937
21
0.6137475984251969
0
LINE
8
BLACK
6
CONTINUOUS
10
0.349866968503937
20
0.6137475984251969
11
0.3499803149606299
21
0.6126931496062992
0
LINE
8
BLACK
6
CONTINUOUS
10
0.3499803149606299
20
0.6126931496062992
11
0.3499803149606299
21
0.5873068503937008
0
LINE
8
BLACK
6
CONTINUOUS
10
0.3499803149606299
20
0.5873068503937008
11
0.3491928346456693
21
0.5846249212598426
0
LINE
8
BLACK
6
CONTINUOUS
10
0.3491928346456693
20
0.5846249212598426
11
0.3485273622047244
21
0.5837991732283464
0
LINE
8
BLACK
6
CONTINUOUS
10
0.3485273622047244
20
0.5837991732283464
11
0.3256272047244094
21
0.5608990551181102
0
LINE
8
BLACK
6
CONTINUOUS
10
0.3256272047244094
20
0.5608990551181102
11
0.3256270078740157
21
0.5608987795275591
0
LINE
8
BLACK
6
CONTINUOUS
10
0.3256270078740157
20
0.5608987795275591
11
0.3245183070866142
21
0.5592394881889764
0
LINE
8
BLACK
6
CONTINUOUS
10
0.3245183070866142
20
0.5592394881889764
11
0.3223735433070866
21
0.5574470472440944
0
LINE
8
BLACK
6
CONTINUOUS
10
0.3223735433070866
20
0.5574470472440944
11
0.3196001968503937
21
0.5570987007874015
0
LINE
8
BLACK
6
CONTINUOUS
10
0.3196001968503937
20
0.5570987007874015
11
0.317078779527559
21
0.5583050787401574
0
LINE
8
BLACK
6
CONTINUOUS
10
0.317078779527559
20
0.5583050787401574
11
0.3156098031496063
21
0.5606831102362204
0
LINE
8
BLACK
6
CONTINUOUS
10
0.3156098031496063
20
0.5606831102362204
11
0.3154330708661418
21
0.5619954724409448
0
LINE
8
BLACK
6
CONTINUOUS
10
0.3154330708661418
20
0.5619954724409448
11
0.3154330708661418
21
0.562618779527559
0
LINE
8
BLACK
6
CONTINUOUS
10
0.3154330708661418
20
0.562618779527559
11
0.3150155118110236
21
0.5667054724409448
0
LINE
8
BLACK
6
CONTINUOUS
10
0.3150155118110236
20
0.5667054724409448
11
0.3150154724409449
21
0.5667055905511811
0
LINE
8
BLACK
6
CONTINUOUS
10
0.3150154724409449
20
0.5667055905511811
11
0.3128211417322835
21
0.5733277952755905
0
LINE
8
BLACK
6
CONTINUOUS
10
0.3128211417322835
20
0.5733277952755905
11
0.3091588188976378
21
0.5792653543307087
0
LINE
8
BLACK
6
CONTINUOUS
10
0.3091588188976378
20
0.5792653543307087
11
0.3091586220472441
21
0.5792655905511811
0
LINE
8
BLACK
6
CONTINUOUS
10
0.3091586220472441
20
0.5792655905511811
11
0.3042261811023622
21
0.584198031496063
0
LINE
8
BLACK
6
CONTINUOUS
10
0.3042261811023622
20
0.584198031496063
11
0.3042259448818898
21
0.5841982283464566
0
LINE
8
BLACK
6
CONTINUOUS
10
0.3042259448818898
20
0.5841982283464566
11
0.2982883858267716
21
0.5878605511811024
0
LINE
8
BLACK
6
CONTINUOUS
10
0.2982883858267716
20
0.5878605511811024
11
0.2916661811023622
21
0.5900548818897637
0
LINE
8
BLACK
6
CONTINUOUS
10
0.2916661811023622
20
0.5900548818897637
11
0.291666062992126
21
0.5900549212598425
0
LINE
8
BLACK
6
CONTINUOUS
10
0.291666062992126
20
0.5900549212598425
11
0.2875793700787401
21
0.5904724409448818
0
LINE
8
BLACK
6
CONTINUOUS
10
0.2875793700787401
20
0.5904724409448818
11
0.27
21
0.5904724409448818
0
LINE
8
BLACK
6
CONTINUOUS
10
0.27
20
0.5904724409448818
11
0.27
21
0.5704724409448819
0
LINE
8
BLACK
6
CONTINUOUS
10
0.27
20
0.5704724409448819
11
0.2855905511811024
21
0.5704724409448819
0
LINE
8
BLACK
6
CONTINUOUS
10
0.2855905511811024
20
0.5704724409448819
11
0.289357125984252
21
0.5697232283464567
0
LINE
8
BLACK
6
CONTINUOUS
10
0.289357125984252
20
0.5697232283464567
11
0.2925502755905512
21
0.5675896456692914
0
LINE
8
BLACK
6
CONTINUOUS
10
0.2925502755905512
20
0.5675896456692914
11
0.2946838582677165
21
0.5643964960629921
0
LINE
8
BLACK
6
CONTINUOUS
10
0.2946838582677165
20
0.5643964960629921
11
0.2954330708661417
21
0.5606299212598425
0
LINE
8
BLACK
6
CONTINUOUS
10
0.2954330708661417
20
0.5606299212598425
11
0.2954330708661417
21
0.4818897637795275
0
LINE
8
BLACK
6
CONTINUOUS
10
0.2954330708661417
20
0.4818897637795275
11
0.2946838582677165
21
0.478123188976378
0
LINE
8
BLACK
6
CONTINUOUS
10
0.2946838582677165
20
0.478123188976378
11
0.2925502755905512
21
0.4749300393700787
0
LINE
8
BLACK
6
CONTINUOUS
10
0.2925502755905512
20
0.4749300393700787
11
0.289357125984252
21
0.4727964566929134
0
LINE
8
BLACK
6
CONTINUOUS
10
0.289357125984252
20
0.4727964566929134
11
0.2855905511811024
21
0.4720472440944882
0
LINE
8
BLACK
6
CONTINUOUS
10
0.2855905511811024
20
0.4720472440944882
11
0.27
21
0.4720472440944882
0
LINE
8
BLACK
6
CONTINUOUS
10
0.27
20
0.4720472440944882
11
0.27
21
0.4520472440944882
0
LINE
8
BLACK
6
CONTINUOUS
10
0.27
20
0.4520472440944882
11
0.2875794094488189
21
0.4520472440944882
0
LINE
8
BLACK
6
CONTINUOUS
10
0.2875794094488189
20
0.4520472440944882
11
0.2875793700787401
21
0.4520472834645669
0
LINE
8
BLACK
6
CONTINUOUS
10
0.2875793700787401
20
0.4520472834645669
11
0.291666062992126
21
0.4524648031496063
0
LINE
8
BLACK
6
CONTINUOUS
10
0.291666062992126
20
0.4524648031496063
11
0.2916661811023622
21
0.4524648425196851
0
LINE
8
BLACK
6
CONTINUOUS
10
0.2916661811023622
20
0.4524648425196851
11
0.2982883858267716
21
0.4546591732283464
0
LINE
8
BLACK
6
CONTINUOUS
10
0.2982883858267716
20
0.4546591732283464
11
0.3042259448818898
21
0.4583214960629921
0
LINE
8
BLACK
6
CONTINUOUS
10
0.3042259448818898
20
0.4583214960629921
11
0.3042261811023622
21
0.4583216929133858
0
LINE
8
BLACK
6
CONTINUOUS
10
0.3042261811023622
20
0.4583216929133858
11
0.3091586220472441
21
0.4632541338582677
0
LINE
8
BLACK
6
CONTINUOUS
10
0.3091586220472441
20
0.4632541338582677
11
0.3091588976377952
21
0.4632544881889764
0
LINE
8
BLACK
6
CONTINUOUS
10
0.3091588976377952
20
0.4632544881889764
11
0.3108763385826772
21
0.4660388582677165
0
LINE
8
BLACK
6
CONTINUOUS
10
0.3108763385826772
20
0.4660388582677165
11
0.3129544881889764
21
0.4679081102362205
0
LINE
8
BLACK
6
CONTINUOUS
10
0.3129544881889764
20
0.4679081102362205
11
0.3157133464566929
21
0.4683570472440945
0
LINE
8
BLACK
6
CONTINUOUS
10
0.3157133464566929
20
0.4683570472440945
11
0.318276968503937
21
0.467243188976378
0
LINE
8
BLACK
6
CONTINUOUS
10
0.318276968503937
20
0.467243188976378
11
0.3198314173228347
21
0.464920157480315
0
LINE
8
BLACK
6
CONTINUOUS
10
0.3198314173228347
20
0.464920157480315
11
0.3200590551181102
21
0.4634346850393701
0
LINE
8
BLACK
6
CONTINUOUS
10
0.3200590551181102
20
0.4634346850393701
11
0.3200590551181102
21
0.4401934251968504
0
LINE
8
BLACK
6
CONTINUOUS
10
0.3200590551181102
20
0.4401934251968504
11
0.3193205118110236
21
0.4375892125984252
0
LINE
8
BLACK
6
CONTINUOUS
10
0.3193205118110236
20
0.4375892125984252
11
0.3155072834645669
21
0.4314070078740158
0
LINE
8
BLACK
6
CONTINUOUS
10
0.3155072834645669
20
0.4314070078740158
11
0.3133115354330708
21
0.4247806299212598
0
LINE
8
BLACK
6
CONTINUOUS
10
0.3133115354330708
20
0.4247806299212598
11
0.3133114960629921
21
0.4247803543307087
0
LINE
8
BLACK
6
CONTINUOUS
10
0.3133114960629921
20
0.4247803543307087
11
0.3128937007874016
21
0.4206911023622047
0
LINE
8
BLACK
6
CONTINUOUS
10
0.3128937007874016
20
0.4206911023622047
11
0.3128937007874016
21
0.3793092913385827
0
LINE
8
BLACK
6
CONTINUOUS
10
0.3128937007874016
20
0.3793092913385827
11
0.3133114960629921
21
0.3752194881889764
0
LINE
8
BLACK
6
CONTINUOUS
10
0.3133114960629921
20
0.3752194881889764
11
0.3148364566929134
21
0.3706174015748032
0
LINE
8
BLACK
6
CONTINUOUS
10
0.3148364566929134
20
0.3706174015748032
11
0.3155072834645669
21
0.3685929921259842
0
LINE
8
BLACK
6
CONTINUOUS
10
0.3155072834645669
20
0.3685929921259842
11
0.3172629133858267
21
0.3657466535433071
0
LINE
8
BLACK
6
CONTINUOUS
10
0.3172629133858267
20
0.3657466535433071
11
0.3180927165354331
21
0.3644013779527559
0
LINE
8
BLACK
6
CONTINUOUS
10
0.3180927165354331
20
0.3644013779527559
11
0.3188303937007874
21
0.3617053149606299
0
LINE
8
BLACK
6
CONTINUOUS
10
0.3188303937007874
20
0.3617053149606299
11
0.3179934251968504
21
0.3590384645669291
0
LINE
8
BLACK
6
CONTINUOUS
10
0.3179934251968504
20
0.3590384645669291
11
0.3168905511811024
21
0.3578616929133858
0
LINE
8
BLACK
6
CONTINUOUS
10
0.3168905511811024
20
0.3578616929133858
11
0.3133863385826772
21
0.3551727559055118
0
LINE
8
BLACK
6
CONTINUOUS
10
0.3133863385826772
20
0.3551727559055118
11
0.3095463385826772
21
0.3501684645669291
0
LINE
8
BLACK
6
CONTINUOUS
10
0.3095463385826772
20
0.3501684645669291
11
0.3094253543307087
21
0.3498763385826771
0
LINE
8
BLACK
6
CONTINUOUS
10
0.3094253543307087
20
0.3498763385826771
11
0.307171968503937
21
0.3444362598425197
0
LINE
8
BLACK
6
CONTINUOUS
10
0.307171968503937
20
0.3444362598425197
11
0.305418188976378
21
0.3422598818897638
0
LINE
8
BLACK
6
CONTINUOUS
10
0.305418188976378
20
0.3422598818897638
11
0.3027661023622047
21
0.3413771653543307
0
LINE
8
BLACK
6
CONTINUOUS
10
0.3027661023622047
20
0.3413771653543307
11
0.3025890157480315
21
0.3413740157480315
0
LINE
8
BLACK
6
CONTINUOUS
10
0.3025890157480315
20
0.3413740157480315
11
0.2660312598425197
21
0.3413740157480315
0
LINE
8
BLACK
6
CONTINUOUS
10
0.2660312598425197
20
0.3413740157480315
11
0.2633493307086614
21
0.3421614960629921
0
LINE
8
BLACK
6
CONTINUOUS
10
0.2633493307086614
20
0.3421614960629921
11
0.2625235826771654
21
0.342826968503937
0
LINE
8
BLACK
6
CONTINUOUS
10
0.2625235826771654
20
0.342826968503937
11
0.1859777559055118
21
0.4193727952755905
0
LINE
8
BLACK
6
CONTINUOUS
10
0.1859777559055118
20
0.4193727952755905
11
0.1859776771653543
21
0.419372874015748
0
LINE
8
BLACK
6
CONTINUOUS
10
0.1859776771653543
20
0.419372874015748
11
0.1818927165354331
21
0.4221023622047244
0
LINE
8
BLACK
6
CONTINUOUS
10
0.1818927165354331
20
0.4221023622047244
11
0.1773537401574803
21
0.4239824803149606
0
LINE
8
BLACK
6
CONTINUOUS
10
0.1773537401574803
20
0.4239824803149606
11
0.1744522047244094
21
0.4245596456692913
0
LINE
8
BLACK
6
CONTINUOUS
10
0.1744522047244094
20
0.4245596456692913
11
0.1725352755905512
21
0.4249409448818898
0
LINE
8
BLACK
6
CONTINUOUS
10
0.1725352755905512
20
0.4249409448818898
11
0.1725351968503937
21
0.4249409448818898
0
LINE
8
BLACK
6
CONTINUOUS
10
0.1725351968503937
20
0.4249409448818898
11
0.1348064960629921
21
0.4249409448818898
0
LINE
8
BLACK
6
CONTINUOUS
10
0.1348064960629921
20
0.4249409448818898
11
0.1321245669291339
21
0.4257284251968504
0
LINE
8
BLACK
6
CONTINUOUS
10
0.1321245669291339
20
0.4257284251968504
11
0.1302941338582677
21
0.4278408661417323
0
LINE
8
BLACK
6
CONTINUOUS
10
0.1302941338582677
20
0.4278408661417323
11
0.1298963385826772
21
0.4306075590551181
0
LINE
8
BLACK
6
CONTINUOUS
10
0.1298963385826772
20
0.4306075590551181
11
0.1310575196850394
21
0.4331500787401575
0
LINE
8
BLACK
6
CONTINUOUS
10
0.1310575196850394
20
0.4331500787401575
11
0.1323261811023622
21
0.4341975984251968
0
LINE
8
BLACK
6
CONTINUOUS
10
0.1323261811023622
20
0.4341975984251968
11
0.1407267716535433
21
0.4390477165354331
0
LINE
8
BLACK
6
CONTINUOUS
10
0.1407267716535433
20
0.4390477165354331
11
0.1441688976377953
21
0.4416889763779527
0
LINE
8
BLACK
6
CONTINUOUS
10
0.1441688976377953
20
0.4416889763779527
11
0.1297425984251968
21
0.4561152755905512
0
LINE
8
BLACK
6
CONTINUOUS
10
0.1297425984251968
20
0.4561152755905512
11
0.1277705905511811
21
0.4546825196850394
0
LINE
8
BLACK
6
CONTINUOUS
10
0.1277705905511811
20
0.4546825196850394
11
0.1203394881889764
21
0.4508961811023622
0
LINE
8
BLACK
6
CONTINUOUS
10
0.1203394881889764
20
0.4508961811023622
11
0.1124075196850394
21
0.448318937007874
0
LINE
8
BLACK
6
CONTINUOUS
10
0.1124075196850394
20
0.448318937007874
11
0.1041700787401575
21
0.4470142519685039
0
LINE
8
BLACK
6
CONTINUOUS
10
0.1041700787401575
20
0.4470142519685039
11
0.0958299212598425
21
0.4470142519685039
0
LINE
8
BLACK
6
CONTINUOUS
10
0.0958299212598425
20
0.4470142519685039
11
0.0875924803149606
21
0.448318937007874
0
LINE
8
BLACK
6
CONTINUOUS
10
0.0875924803149606
20
0.448318937007874
11
0.0796605118110236
21
0.4508961811023622
0
LINE
8
BLACK
6
CONTINUOUS
10
0.0796605118110236
20
0.4508961811023622
11
0.0722294094488189
21
0.4546825196850394
0
LINE
8
BLACK
6
CONTINUOUS
10
0.0722294094488189
20
0.4546825196850394
11
0.0654820866141732
21
0.4595847244094488
0
LINE
8
BLACK
6
CONTINUOUS
10
0.0654820866141732
20
0.4595847244094488
11
0.0595847244094488
21
0.4654820866141732
0
LINE
8
BLACK
6
CONTINUOUS
10
0.0595847244094488
20
0.4654820866141732
11
0.0546825196850394
21
0.4722294094488189
0
LINE
8
BLACK
6
CONTINUOUS
10
0.0546825196850394
20
0.4722294094488189
11
0.0508961811023622
21
0.4796605118110236
0
LINE
8
BLACK
6
CONTINUOUS
10
0.0508961811023622
20
0.4796605118110236
11
0.048318937007874
21
0.4875924803149606
0
LINE
8
BLACK
6
CONTINUOUS
10
0.048318937007874
20
0.4875924803149606
11
0.0470142519685039
21
0.4958299212598425
0
LINE
8
BLACK
6
CONTINUOUS
10
0.0470142519685039
20
0.4958299212598425
11
0.0470142519685039
21
0.5041700787401575
0
LINE
8
BLACK
6
CONTINUOUS
10
0.0470142519685039
20
0.5041700787401575
11
0.048318937007874
21
0.5124075196850394
0
LINE
8
BLACK
6
CONTINUOUS
10
0.048318937007874
20
0.5124075196850394
11
0.0508961811023622
21
0.5203394881889764
0
LINE
8
BLACK
6
CONTINUOUS
10
0.0508961811023622
20
0.5203394881889764
11
0.0546825196850394
21
0.5277705905511811
0
LINE
8
BLACK
6
CONTINUOUS
10
0.0546825196850394
20
0.5277705905511811
11
0.0561152362204724
21
0.5297426377952755
0
LINE
8
BLACK
6
CONTINUOUS
10
0.0561152362204724
20
0.5297426377952755
11
0.0416888976377953
21
0.5441689763779527
0
LINE
8
BLACK
6
CONTINUOUS
10
0.0416888976377953
20
0.5441689763779527
11
0.0390476771653543
21
0.5407268503937007
0
LINE
8
BLACK
6
CONTINUOUS
10
0.0390476771653543
20
0.5407268503937007
11
0.0342535826771654
21
0.532423188976378
0
LINE
8
BLACK
6
CONTINUOUS
10
0.0342535826771654
20
0.532423188976378
11
0.0342533464566929
21
0.5324227559055118
0
LINE
8
BLACK
6
CONTINUOUS
10
0.0342533464566929
20
0.5324227559055118
11
0.0305837795275591
21
0.523563622047244
0
LINE
8
BLACK
6
CONTINUOUS
10
0.0305837795275591
20
0.523563622047244
11
0.0281019291338583
21
0.5143011811023622
0
LINE
8
BLACK
6
CONTINUOUS
10
0.0281019291338583
20
0.5143011811023622
11
0.0268503937007874
21
0.5047946062992126
0
LINE
8
BLACK
6
CONTINUOUS
10
0.0268503937007874
20
0.5047946062992126
11
0.0268503937007874
21
0.4952054330708661
0
LINE
8
BLACK
6
CONTINUOUS
10
0.0268503937007874
20
0.4952054330708661
11
0.0281019291338583
21
0.4856988582677165
0
LINE
8
BLACK
6
CONTINUOUS
10
0.0281019291338583
20
0.4856988582677165
11
0.0305837795275591
21
0.4764364173228346
0
LINE
8
BLACK
6
CONTINUOUS
10
0.0305837795275591
20
0.4764364173228346
11
0.033084842519685
21
0.4703983070866142
0
LINE
8
BLACK
6
CONTINUOUS
10
0.033084842519685
20
0.4703983070866142
11
0.0333836220472441
21
0.4676191732283465
0
LINE
8
BLACK
6
CONTINUOUS
10
0.0333836220472441
20
0.4676191732283465
11
0.0321324803149606
21
0.4651196850393701
0
LINE
8
BLACK
6
CONTINUOUS
10
0.0321324803149606
20
0.4651196850393701
11
0.0297285826771654
21
0.4636934251968504
0
LINE
8
BLACK
6
CONTINUOUS
10
0.0297285826771654
20
0.4636934251968504
11
0.0269352362204724
21
0.4637931889763779
0
LINE
8
BLACK
6
CONTINUOUS
10
0.0269352362204724
20
0.4637931889763779
11
0.0266041338582677
21
0.4639166929133858
0
LINE
8
BLACK
6
CONTINUOUS
10
0.0266041338582677
20
0.4639166929133858
11
0.0223017322834646
21
0.4656987795275591
0
LINE
8
BLACK
6
CONTINUOUS
10
0.0223017322834646
20
0.4656987795275591
11
0.0135355118110236
21
0.4680476771653543
0
LINE
8
BLACK
6
CONTINUOUS
10
0.0135355118110236
20
0.4680476771653543
11
0.0135354330708661
21
0.468047716535433
0
LINE
8
BLACK
6
CONTINUOUS
10
0.0135354330708661
20
0.468047716535433
11
0.0135351968503937
21
0.4680477559055118
0
LINE
8
BLACK
6
CONTINUOUS
10
0.0135351968503937
20
0.4680477559055118
11
0.0045377952755906
21
0.4692322834645669
0
LINE
8
BLACK
6
CONTINUOUS
10
0.0045377952755906
20
0.4692322834645669
11
0.0045377165354331
21
0.4692322834645669
0
LINE
8
BLACK
6
CONTINUOUS
10
0.0045377165354331
20
0.4692322834645669
11
-0.0045377165354331
21
0.4692322834645669
0
LINE
8
BLACK
6
CONTINUOUS
10
-0.0045377165354331
20
0.4692322834645669
11
-0.0045378346456693
21
0.4692322834645669
0
LINE
8
BLACK
6
CONTINUOUS
10
-0.0045378346456693
20
0.4692322834645669
11
-0.0135352362204724
21
0.4680477559055118
0
LINE
8
BLACK
6
CONTINUOUS
10
-0.0135352362204724
20
0.4680477559055118
11
-0.0222785039370079
21
0.465705
0
LINE
8
BLACK
6
CONTINUOUS
10
-0.0222785039370079
20
0.465705
11
-0.0223017322834646
21
0.4656987795275591
0
LINE
8
BLACK
6
CONTINUOUS
10
-0.0223017322834646
20
0.4656987795275591
11
-0.0266035433070866
21
0.4639169291338582
0
LINE
8
BLACK
6
CONTINUOUS
10
-0.0266035433070866
20
0.4639169291338582
11
-0.0293826377952756
21
0.4636181496062992
0
LINE
8
BLACK
6
CONTINUOUS
10
-0.0293826377952756
20
0.4636181496062992
11
-0.031882125984252
21
0.4648693307086614
0
LINE
8
BLACK
6
CONTINUOUS
10
-0.031882125984252
20
0.4648693307086614
11
-0.0333083858267717
21
0.4672731889763779
0
LINE
8
BLACK
6
CONTINUOUS
10
-0.0333083858267717
20
0.4672731889763779
11
-0.0332086220472441
21
0.4700665354330709
0
LINE
8
BLACK
6
CONTINUOUS
10
-0.0332086220472441
20
0.4700665354330709
11
-0.0330848818897638
21
0.4703983464566929
0
LINE
8
BLACK
6
CONTINUOUS
10
-0.0330848818897638
20
0.4703983464566929
11
-0.0305837795275591
21
0.4764365354330709
0
LINE
8
BLACK
6
CONTINUOUS
10
-0.0305837795275591
20
0.4764365354330709
11
-0.028101968503937
21
0.4856988582677165
0
LINE
8
BLACK
6
CONTINUOUS
10
-0.028101968503937
20
0.4856988582677165
11
-0.0268504330708661
21
0.4952054330708661
0
LINE
8
BLACK
6
CONTINUOUS
10
-0.0268504330708661
20
0.4952054330708661
11
-0.0268503937007874
21
0.4952057874015748
0
LINE
8
BLACK
6
CONTINUOUS
10
-0.0268503937007874
20
0.4952057874015748
11
-0.0268503937007874
21
0.5047942125984252
0
LINE
8
BLACK
6
CONTINUOUS
10
-0.0268503937007874
20
0.5047942125984252
11
-0.0268504330708661
21
0.5047946062992126
0
LINE
8
BLACK
6
CONTINUOUS
10
-0.0268504330708661
20
0.5047946062992126
11
-0.028101968503937
21
0.5143011811023622
0
LINE
8
BLACK
6
CONTINUOUS
10
-0.028101968503937
20
0.5143011811023622
11
-0.0305838188976378
21
0.523563622047244
0
LINE
8
BLACK
6
CONTINUOUS
10
-0.0305838188976378
20
0.523563622047244
11
-0.0342533858267717
21
0.5324227559055118
0
LINE
8
BLACK
6
CONTINUOUS
10
-0.0342533858267717
20
0.5324227559055118
11
-0.0342536220472441
21
0.532423188976378
0
LINE
8
BLACK
6
CONTINUOUS
10
-0.0342536220472441
20
0.532423188976378
11
-0.0390477165354331
21
0.5407268503937007
0
LINE
8
BLACK
6
CONTINUOUS
10
-0.0390477165354331
20
0.5407268503937007
11
-0.0390479133858268
21
0.540727125984252
0
LINE
8
BLACK
6
CONTINUOUS
10
-0.0390479133858268
20
0.540727125984252
11
-0.0416889763779528
21
0.5441689763779527
0
LINE
8
BLACK
6
CONTINUOUS
10
-0.0416889763779528
20
0.5441689763779527
11
-0.0561153149606299
21
0.5297426771653543
0
LINE
8
BLACK
6
CONTINUOUS
10
-0.0561153149606299
20
0.5297426771653543
11
-0.0546825196850394
21
0.5277705905511811
0
LINE
8
BLACK
6
CONTINUOUS
10
-0.0546825196850394
20
0.5277705905511811
11
-0.0508961811023622
21
0.5203394881889764
0
LINE
8
BLACK
6
CONTINUOUS
10
-0.0508961811023622
20
0.5203394881889764
11
-0.048318937007874
21
0.5124075196850394
0
LINE
8
BLACK
6
CONTINUOUS
10
-0.048318937007874
20
0.5124075196850394
11
-0.0470142519685039
21
0.5041700787401575
0
LINE
8
BLACK
6
CONTINUOUS
10
-0.0470142519685039
20
0.5041700787401575
11
-0.0470142519685039
21
0.4958299212598425
0
LINE
8
BLACK
6
CONTINUOUS
10
-0.0470142519685039
20
0.4958299212598425
11
-0.048318937007874
21
0.4875924803149606
0
LINE
8
BLACK
6
CONTINUOUS
10
-0.048318937007874
20
0.4875924803149606
11
-0.0508961811023622
21
0.4796605118110236
0
LINE
8
BLACK
6
CONTINUOUS
10
-0.0508961811023622
20
0.4796605118110236
11
-0.0546825196850394
21
0.4722294094488189
0
LINE
8
BLACK
6
CONTINUOUS
10
-0.0546825196850394
20
0.4722294094488189
11
-0.0595847244094488
21
0.4654820866141732
0
LINE
8
BLACK
6
CONTINUOUS
10
-0.0595847244094488
20
0.4654820866141732
11
-0.0654820866141732
21
0.4595847244094488
0
LINE
8
BLACK
6
CONTINUOUS
10
-0.0654820866141732
20
0.4595847244094488
11
-0.0722294094488189
21
0.4546825196850394
0
LINE
8
BLACK
6
CONTINUOUS
10
-0.0722294094488189
20
0.4546825196850394
11
-0.0796605118110236
21
0.4508961811023622
0
LINE
8
BLACK
6
CONTINUOUS
10
-0.0796605118110236
20
0.4508961811023622
11
-0.0875924803149606
21
0.448318937007874
0
LINE
8
BLACK
6
CONTINUOUS
10
-0.0875924803149606
20
0.448318937007874
11
-0.0958299212598425
21
0.4470142519685039
0
LINE
8
BLACK
6
CONTINUOUS
10
-0.0958299212598425
20
0.4470142519685039
11
-0.1041700787401575
21
0.4470142519685039
0
LINE
8
BLACK
6
CONTINUOUS
10
-0.1041700787401575
20
0.4470142519685039
11
-0.1124075196850394
21
0.448318937007874
0
LINE
8
BLACK
6
CONTINUOUS
10
-0.1124075196850394
20
0.448318937007874
11
-0.1203394881889764
21
0.4508961811023622
0
LINE
8
BLACK
6
CONTINUOUS
10
-0.1203394881889764
20
0.4508961811023622
11
-0.1277705905511811
21
0.4546825196850394
0
LINE
8
BLACK
6
CONTINUOUS
10
-0.1277705905511811
20
0.4546825196850394
11
-0.1297426771653543
21
0.4561153149606299
0
LINE
8
BLACK
6
CONTINUOUS
10
-0.1297426771653543
20
0.4561153149606299
11
-0.1441689763779528
21
0.4416889763779527
0
LINE
8
BLACK
6
CONTINUOUS
10
-0.1441689763779528
20
0.4416889763779527
11
-0.1441689763779528
21
0.441688937007874
0
LINE
8
BLACK
6
CONTINUOUS
10
-0.1441689763779528
20
0.441688937007874
11
-0.140727125984252
21
0.4390479133858268
0
LINE
8
BLACK
6
CONTINUOUS
10
-0.140727125984252
20
0.4390479133858268
11
-0.1407268503937008
21
0.4390477165354331
0
LINE
8
BLACK
6
CONTINUOUS
10
-0.1407268503937008
20
0.4390477165354331
11
-0.1324231889763779
21
0.4342536220472441
0
LINE
8
BLACK
6
CONTINUOUS
10
-0.1324231889763779
20
0.4342536220472441
11
-0.1324227559055118
21
0.4342533858267716
0
LINE
8
BLACK
6
CONTINUOUS
10
-0.1324227559055118
20
0.4342533858267716
11
-0.1235636220472441
21
0.4305838188976378
0
LINE
8
BLACK
6
CONTINUOUS
10
-0.1235636220472441
20
0.4305838188976378
11
-0.1143011811023622
21
0.428101968503937
0
LINE
8
BLACK
6
CONTINUOUS
10
-0.1143011811023622
20
0.428101968503937
11
-0.1047946062992126
21
0.4268504330708661
0
LINE
8
BLACK
6
CONTINUOUS
10
-0.1047946062992126
20
0.4268504330708661
11
-0.1047942125984252
21
0.4268503937007874
0
LINE
8
BLACK
6
CONTINUOUS
10
-0.1047942125984252
20
0.4268503937007874
11
-0.0952057874015748
21
0.4268503937007874
0
LINE
8
BLACK
6
CONTINUOUS
10
-0.0952057874015748
20
0.4268503937007874
11
-0.0952054330708661
21
0.4268504330708661
0
LINE
8
BLACK
6
CONTINUOUS
10
-0.0952054330708661
20
0.4268504330708661
11
-0.0856988582677165
21
0.428101968503937
0
LINE
8
BLACK
6
CONTINUOUS
10
-0.0856988582677165
20
0.428101968503937
11
-0.0764365354330709
21
0.4305837795275591
0
LINE
8
BLACK
6
CONTINUOUS
10
-0.0764365354330709
20
0.4305837795275591
11
-0.0703983464566929
21
0.4330848818897638
0
LINE
8
BLACK
6
CONTINUOUS
10
-0.0703983464566929
20
0.4330848818897638
11
-0.0676192125984252
21
0.4333836614173228
0
LINE
8
BLACK
6
CONTINUOUS
10
-0.0676192125984252
20
0.4333836614173228
11
-0.0651197244094488
21
0.4321325196850394
0
LINE
8
BLACK
6
CONTINUOUS
10
-0.0651197244094488
20
0.4321325196850394
11
-0.0636934251968504
21
0.4297286614173228
0
LINE
8
BLACK
6
CONTINUOUS
10
-0.0636934251968504
20
0.4297286614173228
11
-0.063793188976378
21
0.4269353149606299
0
LINE
8
BLACK
6
CONTINUOUS
10
-0.063793188976378
20
0.4269353149606299
11
-0.0639168503937008
21
0.4266037795275591
0
LINE
8
BLACK
6
CONTINUOUS
10
-0.0639168503937008
20
0.4266037795275591
11
-0.0646737795275591
21
0.4247763385826772
0
LINE
8
BLACK
6
CONTINUOUS
10
-0.0646737795275591
20
0.4247763385826772
11
-0.0656987795275591
21
0.4223017322834646
0
LINE
8
BLACK
6
CONTINUOUS
10
-0.0656987795275591
20
0.4223017322834646
11
-0.0680477559055118
21
0.4135352362204724
0
LINE
8
BLACK
6
CONTINUOUS
10
-0.0680477559055118
20
0.4135352362204724
11
-0.0692322834645669
21
0.4045378346456693
0
LINE
8
BLACK
6
CONTINUOUS
10
-0.0692322834645669
20
0.4045378346456693
11
-0.0692322834645669
21
0.3954622047244095
0
LINE
8
BLACK
6
CONTINUOUS
10
-0.0692322834645669
20
0.3954622047244095
11
-0.0680477559055118
21
0.3864648031496063
0
LINE
8
BLACK
6
CONTINUOUS
10
-0.0680477559055118
20
0.3864648031496063
11
-0.0680477165354331
21
0.3864645669291338
0
LINE
8
BLACK
6
CONTINUOUS
10
-0.0680477165354331
20
0.3864645669291338
11
-0.0680476771653543
21
0.3864644881889764
0
LINE
8
BLACK
6
CONTINUOUS
10
-0.0680476771653543
20
0.3864644881889764
11
-0.0656987795275591
21
0.3776982677165354
0
LINE
8
BLACK
6
CONTINUOUS
10
-0.0656987795275591
20
0.3776982677165354
11
-0.0639169291338583
21
0.3733964566929134
0
LINE
8
BLACK
6
CONTINUOUS
10
-0.0639169291338583
20
0.3733964566929134
11
-0.0636181496062992
21
0.3706174015748032
0
LINE
8
BLACK
6
CONTINUOUS
10
-0.0636181496062992
20
0.3706174015748032
11
-0.0648692913385827
21
0.3681179133858268
0
LINE
8
BLACK
6
CONTINUOUS
10
-0.0648692913385827
20
0.3681179133858268
11
-0.0672731889763779
21
0.3666916535433071
0
LINE
8
BLACK
6
CONTINUOUS
10
-0.0672731889763779
20
0.3666916535433071
11
-0.0700665354330709
21
0.3667914173228347
0
LINE
8
BLACK
6
CONTINUOUS
10
-0.0700665354330709
20
0.3667914173228347
11
-0.0703983070866142
21
0.3669151574803149
0
LINE
8
BLACK
6
CONTINUOUS
10
-0.0703983070866142
20
0.3669151574803149
11
-0.0764364173228346
21
0.3694162204724409
0
LINE
8
BLACK
6
CONTINUOUS
10
-0.0764364173228346
20
0.3694162204724409
11
-0.0856988582677165
21
0.3718980708661417
0
LINE
8
BLACK
6
CONTINUOUS
10
-0.0856988582677165
20
0.3718980708661417
11
-0.0952054330708661
21
0.3731496062992126
0
LINE
8
BLACK
6
CONTINUOUS
10
-0.0952054330708661
20
0.3731496062992126
11
-0.1047946062992126
21
0.3731496062992126
0
LINE
8
BLACK
6
CONTINUOUS
10
-0.1047946062992126
20
0.3731496062992126
11
-0.1143011811023622
21
0.3718980708661417
0
LINE
8
BLACK
6
CONTINUOUS
10
-0.1143011811023622
20
0.3718980708661417
11
-0.1235636220472441
21
0.3694162204724409
0
LINE
8
BLACK
6
CONTINUOUS
10
-0.1235636220472441
20
0.3694162204724409
11
-0.1324227559055118
21
0.3657466535433071
0
LINE
8
BLACK
6
CONTINUOUS
10
-0.1324227559055118
20
0.3657466535433071
11
-0.1324231889763779
21
0.3657464173228346
0
LINE
8
BLACK
6
CONTINUOUS
10
-0.1324231889763779
20
0.3657464173228346
11
-0.1407268503937008
21
0.3609523228346457
0
LINE
8
BLACK
6
CONTINUOUS
10
-0.1407268503937008
20
0.3609523228346457
11
-0.1441689763779528
21
0.3583111023622047
0
LINE
8
BLACK
6
CONTINUOUS
10
-0.1441689763779528
20
0.3583111023622047
11
-0.1297426377952756
21
0.3438847637795275
0
LINE
8
BLACK
6
CONTINUOUS
10
-0.1297426377952756
20
0.3438847637795275
11
-0.1277705905511811
21
0.3453174803149606
0
LINE
8
BLACK
6
CONTINUOUS
10
-0.1277705905511811
20
0.3453174803149606
11
-0.1203394881889764
21
0.3491038188976378
0
LINE
8
BLACK
6
CONTINUOUS
10
-0.1203394881889764
20
0.3491038188976378
11
-0.1124075196850394
21
0.351681062992126
0
LINE
8
BLACK
6
CONTINUOUS
10
-0.1124075196850394
20
0.351681062992126
11
-0.1041700787401575
21
0.3529857480314961
0
LINE
8
BLACK
6
CONTINUOUS
10
-0.1041700787401575
20
0.3529857480314961
11
-0.0958299212598425
21
0.3529857480314961
0
LINE
8
BLACK
6
CONTINUOUS
10
-0.0958299212598425
20
0.3529857480314961
11
-0.0875924803149606
21
0.351681062992126
0
LINE
8
BLACK
6
CONTINUOUS
10
-0.0875924803149606
20
0.351681062992126
11
-0.0796605118110236
21
0.3491038188976378
0
LINE
8
BLACK
6
CONTINUOUS
10
-0.0796605118110236
20
0.3491038188976378
11
-0.0722294094488189
21
0.3453174803149606
0
LINE
8
BLACK
6
CONTINUOUS
10
-0.0722294094488189
20
0.3453174803149606
11
-0.0654820866141732
21
0.3404152755905512
0
LINE
8
BLACK
6
CONTINUOUS
10
-0.0654820866141732
20
0.3404152755905512
11
-0.0595847244094488
21
0.3345179133858268
0
LINE
8
BLACK
6
CONTINUOUS
10
-0.0595847244094488
20
0.3345179133858268
11
-0.0546825196850394
21
0.3277705905511811
0
LINE
8
BLACK
6
CONTINUOUS
10
-0.0546825196850394
20
0.3277705905511811
11
-0.0508961811023622
21
0.3203394881889764
0
LINE
8
BLACK
6
CONTINUOUS
10
-0.0508961811023622
20
0.3203394881889764
11
-0.048318937007874
21
0.3124075196850394
0
LINE
8
BLACK
6
CONTINUOUS
10
-0.048318937007874
20
0.3124075196850394
11
-0.0470142519685039
21
0.3041700787401574
0
LINE
8
BLACK
6
CONTINUOUS
10
-0.0470142519685039
20
0.3041700787401574
11
-0.0470142519685039
21
0.2958299212598425
0
LINE
8
BLACK
6
CONTINUOUS
10
-0.0470142519685039
20
0.2958299212598425
11
-0.048318937007874
21
0.2875924803149606
0
LINE
8
BLACK
6
CONTINUOUS
10
-0.048318937007874
20
0.2875924803149606
11
-0.0508961811023622
21
0.2796605118110236
0
LINE
8
BLACK
6
CONTINUOUS
10
-0.0508961811023622
20
0.2796605118110236
11
-0.0546825196850394
21
0.2722294094488189
0
LINE
8
BLACK
6
CONTINUOUS
10
-0.0546825196850394
20
0.2722294094488189
11
-0.0561152755905512
21
0.2702574015748032
0
LINE
8
BLACK
6
CONTINUOUS
10
-0.0561152755905512
20
0.2702574015748032
11
-0.0416889763779528
21
0.2558311023622047
0
LINE
8
BLACK
6
CONTINUOUS
10
-0.0416889763779528
20
0.2558311023622047
11
-0.0390477165354331
21
0.2592732283464567
0
LINE
8
BLACK
6
CONTINUOUS
10
-0.0390477165354331
20
0.2592732283464567
11
-0.0342536220472441
21
0.2675768503937008
0
LINE
8
BLACK
6
CONTINUOUS
10
-0.0342536220472441
20
0.2675768503937008
11
-0.0342533858267717
21
0.2675772834645669
0
LINE
8
BLACK
6
CONTINUOUS
10
-0.0342533858267717
20
0.2675772834645669
11
-0.0305838188976378
21
0.2764364173228346
0
LINE
8
BLACK
6
CONTINUOUS
10
-0.0305838188976378
20
0.2764364173228346
11
-0.028101968503937
21
0.2856988582677165
0
LINE
8
BLACK
6
CONTINUOUS
10
-0.028101968503937
20
0.2856988582677165
11
-0.0268504330708661
21
0.2952054330708661
0
LINE
8
BLACK
6
CONTINUOUS
10
-0.0268504330708661
20
0.2952054330708661
11
-0.0268503937007874
21
0.2952057874015748
0
LINE
8
BLACK
6
CONTINUOUS
10
-0.0268503937007874
20
0.2952057874015748
11
-0.0268503937007874
21
0.3047942125984252
0
LINE
8
BLACK
6
CONTINUOUS
10
-0.0268503937007874
20
0.3047942125984252
11
-0.0268504330708661
21
0.3047946062992126
0
LINE
8
BLACK
6
CONTINUOUS
10
-0.0268504330708661
20
0.3047946062992126
11
-0.028101968503937
21
0.3143011811023622
0
LINE
8
BLACK
6
CONTINUOUS
10
-0.028101968503937
20
0.3143011811023622
11
-0.0305838188976378
21
0.3235636220472441
0
LINE
8
BLACK
6
CONTINUOUS
10
-0.0305838188976378
20
0.3235636220472441
11
-0.0330848818897638
21
0.3296017322834646
0
LINE
8
BLACK
6
CONTINUOUS
10
-0.0330848818897638
20
0.3296017322834646
11
-0.0333836614173228
21
0.3323808267716535
0
LINE
8
BLACK
6
CONTINUOUS
10
-0.0333836614173228
20
0.3323808267716535
11
-0.0321325196850394
21
0.3348803149606299
0
LINE
8
BLACK
6
CONTINUOUS
10
-0.0321325196850394
20
0.3348803149606299
11
-0.0297286614173228
21
0.3363066141732283
0
LINE
8
BLACK
6
CONTINUOUS
10
-0.0297286614173228
20
0.3363066141732283
11
-0.0269352755905512
21
0.3362068503937008
0
LINE
8
BLACK
6
CONTINUOUS
10
-0.0269352755905512
20
0.3362068503937008
11
-0.0266047637795276
21
0.3360835826771654
0
LINE
8
BLACK
6
CONTINUOUS
10
-0.0266047637795276
20
0.3360835826771654
11
-0.0223017322834646
21
0.3343012204724409
0
LINE
8
BLACK
6
CONTINUOUS
10
-0.0223017322834646
20
0.3343012204724409
11
-0.0135355118110236
21
0.3319523228346457
0
LINE
8
BLACK
6
CONTINUOUS
10
-0.0135355118110236
20
0.3319523228346457
11
-0.0135352755905512
21
0.3319523228346457
0
LINE
8
BLACK
6
CONTINUOUS
10
-0.0135352755905512
20
0.3319523228346457
11
-0.0135352362204724
21
0.3319522834645669
0
LINE
8
BLACK
6
CONTINUOUS
10
-0.0135352362204724
20
0.3319522834645669
11
-0.0125029527559055
21
0.3318164173228346
0
LINE
8
BLACK
6
CONTINUOUS
10
-0.0125029527559055
20
0.3318164173228346
11
-0.0045377165354331
21
0.3307677165354331
0
LINE
8
BLACK
6
CONTINUOUS
10
-0.0045377165354331
20
0.3307677165354331
11
-0.0045374409448819
21
0.3307677165354331
0
LINE
8
BLACK
6
CONTINUOUS
10
-0.0045374409448819
20
0.3307677165354331
11
0.0045374409448819
21
0.3307677165354331
0
LINE
8
BLACK
6
CONTINUOUS
10
0.0045374409448819
20
0.3307677165354331
11
0.0045377165354331
21
0.3307677165354331
0
LINE
8
BLACK
6
CONTINUOUS
10
0.0045377165354331
20
0.3307677165354331
11
0.0135355118110236
21
0.3319523228346457
0
LINE
8
BLACK
6
CONTINUOUS
10
0.0135355118110236
20
0.3319523228346457
11
0.0223017322834646
21
0.3343012204724409
0
LINE
8
BLACK
6
CONTINUOUS
10
0.0223017322834646
20
0.3343012204724409
11
0.0266036614173228
21
0.3360831496062992
0
LINE
8
BLACK
6
CONTINUOUS
10
0.0266036614173228
20
0.3360831496062992
11
0.0293825590551181
21
0.3363818897637795
0
LINE
8
BLACK
6
CONTINUOUS
10
0.0293825590551181
20
0.3363818897637795
11
0.0318820472440945
21
0.3351307480314961
0
LINE
8
BLACK
6
CONTINUOUS
10
0.0318820472440945
20
0.3351307480314961
11
0.0333083464566929
21
0.3327268897637795
0
LINE
8
BLACK
6
CONTINUOUS
10
0.0333083464566929
20
0.3327268897637795
11
0.0332085826771654
21
0.3299335433070866
0
LINE
8
BLACK
6
CONTINUOUS
10
0.0332085826771654
20
0.3299335433070866
11
0.033084842519685
21
0.3296017322834646
0
LINE
8
BLACK
6
CONTINUOUS
10
0.033084842519685
20
0.3296017322834646
11
0.0305837795275591
21
0.3235636220472441
0
LINE
8
BLACK
6
CONTINUOUS
10
0.0305837795275591
20
0.3235636220472441
11
0.0281019291338583
21
0.3143011811023622
0
LINE
8
BLACK
6
CONTINUOUS
10
0.0281019291338583
20
0.3143011811023622
11
0.0268503937007874
21
0.3047946062992126
0
LINE
8
BLACK
6
CONTINUOUS
10
0.0268503937007874
20
0.3047946062992126
11
0.0268503937007874
21
0.2952054330708661
0
LINE
8
BLACK
6
CONTINUOUS
10
0.0268503937007874
20
0.2952054330708661
11
0.0281019291338583
21
0.2856988582677165
0
LINE
8
BLACK
6
CONTINUOUS
10
0.0281019291338583
20
0.2856988582677165
11
0.0305837795275591
21
0.2764364173228346
0
LINE
8
BLACK
6
CONTINUOUS
10
0.0305837795275591
20
0.2764364173228346
11
0.0342533464566929
21
0.2675772834645669
0
LINE
8
BLACK
6
CONTINUOUS
10
0.0342533464566929
20
0.2675772834645669
11
0.0342535826771654
21
0.2675768503937008
0
LINE
8
BLACK
6
CONTINUOUS
10
0.0342535826771654
20
0.2675768503937008
11
0.0390476771653543
21
0.259273188976378
0
LINE
8
BLACK
6
CONTINUOUS
10
0.0390476771653543
20
0.259273188976378
11
0.0390478346456693
21
0.2592729527559055
0
LINE
8
BLACK
6
CONTINUOUS
10
0.0390478346456693
20
0.2592729527559055
11
0.0416888582677165
21
0.2558311417322834
0
LINE
8
BLACK
6
CONTINUOUS
10
0.0416888582677165
20
0.2558311417322834
11
0.0416888976377953
21
0.2558311023622047
0
LINE
8
BLACK
6
CONTINUOUS
10
0.0416888976377953
20
0.2558311023622047
11
0.0561151968503937
21
0.2702574409448819
0
LINE
8
BLACK
6
CONTINUOUS
10
0.0561151968503937
20
0.2702574409448819
11
0.0546825196850394
21
0.2722294094488189
0
LINE
8
BLACK
6
CONTINUOUS
10
0.0546825196850394
20
0.2722294094488189
11
0.0508961811023622
21
0.2796605118110236
0
LINE
8
BLACK
6
CONTINUOUS
10
0.0508961811023622
20
0.2796605118110236
11
0.048318937007874
21
0.2875924803149606
0
LINE
8
BLACK
6
CONTINUOUS
10
0.048318937007874
20
0.2875924803149606
11
0.0470142519685039
21
0.2958299212598425
0
LINE
8
BLACK
6
CONTINUOUS
10
0.0470142519685039
20
0.2958299212598425
11
0.0470142519685039
21
0.3041700787401574
0
LINE
8
BLACK
6
CONTINUOUS
10
0.0470142519685039
20
0.3041700787401574
11
0.048318937007874
21
0.3124075196850394
0
LINE
8
BLACK
6
CONTINUOUS
10
0.048318937007874
20
0.3124075196850394
11
0.0508961811023622
21
0.3203394881889764
0
LINE
8
BLACK
6
CONTINUOUS
10
0.0508961811023622
20
0.3203394881889764
11
0.0546825196850394
21
0.3277705905511811
0
LINE
8
BLACK
6
CONTINUOUS
10
0.0546825196850394
20
0.3277705905511811
11
0.0595847244094488
21
0.3345179133858268
0
LINE
8
BLACK
6
CONTINUOUS
10
0.0595847244094488
20
0.3345179133858268
11
0.0654820866141732
21
0.3404152755905512
0
LINE
8
BLACK
6
CONTINUOUS
10
0.0654820866141732
20
0.3404152755905512
11
0.0722294094488189
21
0.3453174803149606
0
LINE
8
BLACK
6
CONTINUOUS
10
0.0722294094488189
20
0.3453174803149606
11
0.0796605118110236
21
0.3491038188976378
0
LINE
8
BLACK
6
CONTINUOUS
10
0.0796605118110236
20
0.3491038188976378
11
0.0875924803149606
21
0.351681062992126
0
LINE
8
BLACK
6
CONTINUOUS
10
0.0875924803149606
20
0.351681062992126
11
0.0958299212598425
21
0.3529857480314961
0
LINE
8
BLACK
6
CONTINUOUS
10
0.0958299212598425
20
0.3529857480314961
11
0.1041700787401575
21
0.3529857480314961
0
LINE
8
BLACK
6
CONTINUOUS
10
0.1041700787401575
20
0.3529857480314961
11
0.1124075196850394
21
0.351681062992126
0
LINE
8
BLACK
6
CONTINUOUS
10
0.1124075196850394
20
0.351681062992126
11
0.1203394881889764
21
0.3491038188976378
0
LINE
8
BLACK
6
CONTINUOUS
10
0.1203394881889764
20
0.3491038188976378
11
0.1277705905511811
21
0.3453174803149606
0
LINE
8
BLACK
6
CONTINUOUS
10
0.1277705905511811
20
0.3453174803149606
11
0.1297425590551181
21
0.3438848031496063
0
LINE
8
BLACK
6
CONTINUOUS
10
0.1297425590551181
20
0.3438848031496063
11
0.1441688976377953
21
0.3583111023622047
0
LINE
8
BLACK
6
CONTINUOUS
10
0.1441688976377953
20
0.3583111023622047
11
0.1441688582677165
21
0.3583111417322835
0
LINE
8
BLACK
6
CONTINUOUS
10
0.1441688582677165
20
0.3583111417322835
11
0.1407270472440945
21
0.3609521653543307
0
LINE
8
BLACK
6
CONTINUOUS
10
0.1407270472440945
20
0.3609521653543307
11
0.1407268110236221
21
0.3609523228346457
0
LINE
8
BLACK
6
CONTINUOUS
10
0.1407268110236221
20
0.3609523228346457
11
0.1323261811023622
21
0.3658024015748031
0
LINE
8
BLACK
6
CONTINUOUS
10
0.1323261811023622
20
0.3658024015748031
11
0.1303973228346457
21
0.3678253149606299
0
LINE
8
BLACK
6
CONTINUOUS
10
0.1303973228346457
20
0.3678253149606299
11
0.1298683464566929
21
0.3705699606299213
0
LINE
8
BLACK
6
CONTINUOUS
10
0.1298683464566929
20
0.3705699606299213
11
0.1309071653543307
21
0.3731648818897638
0
LINE
8
BLACK
6
CONTINUOUS
10
0.1309071653543307
20
0.3731648818897638
11
0.1331840157480315
21
0.3747862204724409
0
LINE
8
BLACK
6
CONTINUOUS
10
0.1331840157480315
20
0.3747862204724409
11
0.1348064960629921
21
0.3750590551181102
0
LINE
8
BLACK
6
CONTINUOUS
10
0.1348064960629921
20
0.3750590551181102
11
0.1576931496062992
21
0.3750590551181102
0
LINE
8
BLACK
6
CONTINUOUS
10
0.1576931496062992
20
0.3750590551181102
11
0.1603750787401575
21
0.3742715748031496
0
LINE
8
BLACK
6
CONTINUOUS
10
0.1603750787401575
20
0.3742715748031496
11
0.1612008267716535
21
0.3736061023622047
0
LINE
8
BLACK
6
CONTINUOUS
10
0.1612008267716535
20
0.3736061023622047
11
0.220627125984252
21
0.3141798031496063
0
LINE
8
BLACK
6
CONTINUOUS
10
0.220627125984252
20
0.3141798031496063
11
0.2342727952755906
21
0.3005341338582677
0
LINE
8
BLACK
6
CONTINUOUS
10
0.2342727952755906
20
0.3005341338582677
11
0.2377467322834646
21
0.2970601968503937
0
LINE
8
BLACK
6
CONTINUOUS
10
0.2377467322834646
20
0.2970601968503937
11
0.2418316929133858
21
0.2943307086614173
0
LINE
8
BLACK
6
CONTINUOUS
10
0.2418316929133858
20
0.2943307086614173
11
0.2463706692913386
21
0.2924505905511811
0
LINE
8
BLACK
6
CONTINUOUS
10
0.2463706692913386
20
0.2924505905511811
11
0.2511892125984252
21
0.2914921259842519
0
LINE
8
BLACK
6
CONTINUOUS
10
0.2511892125984252
20
0.2914921259842519
11
0.3022673228346456
21
0.2914921259842519
0
LINE
8
BLACK
6
CONTINUOUS
10
0.3022673228346456
20
0.2914921259842519
11
0.3030656299212598
21
0.2912577559055118
0
LINE
8
BLACK
6
CONTINUOUS
10
0.3030656299212598
20
0.2912577559055118
11
0.3038966141732283
21
0.2912169291338583
0
LINE
8
BLACK
6
CONTINUOUS
10
0.3038966141732283
20
0.2912169291338583
11
0.3043796456692913
21
0.2908719291338583
0
LINE
8
BLACK
6
CONTINUOUS
10
0.3043796456692913
20
0.2908719291338583
11
0.3049492519685039
21
0.2907046456692913
0
LINE
8
BLACK
6
CONTINUOUS
10
0.3049492519685039
20
0.2907046456692913
11
0.3054940551181102
21
0.290075905511811
0
LINE
8
BLACK
6
CONTINUOUS
10
0.3054940551181102
20
0.290075905511811
11
0.3061711023622047
21
0.2895922834645669
0
LINE
8
BLACK
6
CONTINUOUS
10
0.3061711023622047
20
0.2895922834645669
11
0.3065224803149606
21
0.2888890157480315
0
LINE
8
BLACK
6
CONTINUOUS
10
0.3065224803149606
20
0.2888890157480315
11
0.3067796850393701
21
0.2885922047244094
0
LINE
8
BLACK
6
CONTINUOUS
10
0.3067796850393701
20
0.2885922047244094
11
0.3068752755905512
21
0.2883684645669291
0
LINE
8
BLACK
6
CONTINUOUS
10
0.3068752755905512
20
0.2883684645669291
11
0.3070965354330709
21
0.2878134251968504
0
LINE
8
BLACK
6
CONTINUOUS
10
0.3070965354330709
20
0.2878134251968504
11
0.3071323622047244
21
0.2875413385826772
0
LINE
8
BLACK
6
CONTINUOUS
10
0.3071323622047244
20
0.2875413385826772
11
0.309066811023622
21
0.2828711417322834
0
LINE
8
BLACK
6
CONTINUOUS
10
0.309066811023622
20
0.2828711417322834
11
0.3090804330708661
21
0.282836968503937
0
LINE
8
BLACK
6
CONTINUOUS
10
0.3090804330708661
20
0.282836968503937
11
0.309208188976378
21
0.2814778346456693
0
LINE
8
BLACK
6
CONTINUOUS
10
0.309208188976378
20
0.2814778346456693
11
0.3093542913385827
21
0.2801191732283465
0
LINE
8
BLACK
6
CONTINUOUS
10
0.3093542913385827
20
0.2801191732283465
11
0.3093403937007874
21
0.2800719291338583
0
LINE
8
BLACK
6
CONTINUOUS
10
0.3093403937007874
20
0.2800719291338583
11
0.3093420866141732
21
0.2800541338582677
0
LINE
8
BLACK
6
CONTINUOUS
10
0.3093420866141732
20
0.2800541338582677
11
0.3093261417322835
21
0.2800233464566929
0
LINE
8
BLACK
6
CONTINUOUS
10
0.3093261417322835
20
0.2800233464566929
11
0.3090555118110236
21
0.2791016929133858
0
LINE
8
BLACK
6
CONTINUOUS
10
0.3090555118110236
20
0.2791016929133858
11
0.3071323622047244
21
0.2744587007874016
0
LINE
8
BLACK
6
CONTINUOUS
10
0.3071323622047244
20
0.2744587007874016
11
0.3065157480314961
21
0.2697751181102362
0
LINE
8
BLACK
6
CONTINUOUS
10
0.3065157480314961
20
0.2697751181102362
11
0.3065157480314961
21
0.2223431889763779
0
LINE
8
BLACK
6
CONTINUOUS
10
0.3065157480314961
20
0.2223431889763779
11
0.3065157874015748
21
0.2223428346456693
0
LINE
8
BLACK
6
CONTINUOUS
10
0.3065157874015748
20
0.2223428346456693
11
0.3071323622047244
21
0.2176595275590551
0
LINE
8
BLACK
6
CONTINUOUS
10
0.3071323622047244
20
0.2176595275590551
11
0.3071323622047244
21
0.2176594881889764
0
LINE
8
BLACK
6
CONTINUOUS
10
0.3071323622047244
20
0.2176594881889764
11
0.309090905511811
21
0.2129311023622047
0
LINE
8
BLACK
6
CONTINUOUS
10
0.309090905511811
20
0.2129311023622047
11
0.3094685039370079
21
0.2110327559055118
0
LINE
8
BLACK
6
CONTINUOUS
10
0.3094685039370079
20
0.2110327559055118
11
0.3094685039370079
21
0.1781102362204724
0
LINE
8
BLACK
6
CONTINUOUS
10
0.3094685039370079
20
0.1781102362204724
11
0.3086810236220472
21
0.1754283070866142
0
LINE
8
BLACK
6
CONTINUOUS
10
0.3086810236220472
20
0.1754283070866142
11
0.3065685826771654
21
0.173597874015748
0
LINE
8
BLACK
6
CONTINUOUS
10
0.3065685826771654
20
0.173597874015748
11
0.304507874015748
21
0.1731496062992126
0
LINE
8
BLACK
6
CONTINUOUS
10
0.304507874015748
20
0.1731496062992126
11
0.2952053937007874
21
0.1731496062992126
0
LINE
8
BLACK
6
CONTINUOUS
10
0.2952053937007874
20
0.1731496062992126
11
0.2856988188976378
21
0.1718980708661417
0
LINE
8
BLACK
6
CONTINUOUS
10
0.2856988188976378
20
0.1718980708661417
11
0.2764363779527559
21
0.169416220472441
0
LINE
8
BLACK
6
CONTINUOUS
10
0.2764363779527559
20
0.169416220472441
11
0.2675772440944882
21
0.1657466535433071
0
LINE
8
BLACK
6
CONTINUOUS
10
0.2675772440944882
20
0.1657466535433071
11
0.267576811023622
21
0.1657464173228347
0
LINE
8
BLACK
6
CONTINUOUS
10
0.267576811023622
20
0.1657464173228347
11
0.2592731496062992
21
0.1609523228346457
0
LINE
8
BLACK
6
CONTINUOUS
10
0.2592731496062992
20
0.1609523228346457
11
0.2558310236220472
21
0.1583111023622047
0
LINE
8
BLACK
6
CONTINUOUS
10
0.2558310236220472
20
0.1583111023622047
11
0.2702573622047244
21
0.1438847637795276
0
LINE
8
BLACK
6
CONTINUOUS
10
0.2702573622047244
20
0.1438847637795276
11
0.2722294094488189
21
0.1453174803149606
0
LINE
8
BLACK
6
CONTINUOUS
10
0.2722294094488189
20
0.1453174803149606
11
0.2796605118110236
21
0.1491038188976378
0
LINE
8
BLACK
6
CONTINUOUS
10
0.2796605118110236
20
0.1491038188976378
11
0.2875924803149606
21
0.151681062992126
0
LINE
8
BLACK
6
CONTINUOUS
10
0.2875924803149606
20
0.151681062992126
11
0.2958299212598425
21
0.1529857480314961
0
LINE
8
BLACK
6
CONTINUOUS
10
0.2958299212598425
20
0.1529857480314961
11
0.3041700787401574
21
0.1529857480314961
0
LINE
8
BLACK
6
CONTINUOUS
10
0.3041700787401574
20
0.1529857480314961
11
0.3124075196850394
21
0.151681062992126
0
LINE
8
BLACK
6
CONTINUOUS
10
0.3124075196850394
20
0.151681062992126
11
0.3203394881889764
21
0.1491038188976378
0
LINE
8
BLACK
6
CONTINUOUS
10
0.3203394881889764
20
0.1491038188976378
11
0.3277705905511811
21
0.1453174803149606
0
LINE
8
BLACK
6
CONTINUOUS
10
0.3277705905511811
20
0.1453174803149606
11
0.3345179133858268
21
0.1404152755905512
0
LINE
8
BLACK
6
CONTINUOUS
10
0.3345179133858268
20
0.1404152755905512
11
0.3404152755905512
21
0.1345179133858268
0
LINE
8
BLACK
6
CONTINUOUS
10
0.3404152755905512
20
0.1345179133858268
11
0.3453174803149606
21
0.1277705905511811
0
LINE
8
BLACK
6
CONTINUOUS
10
0.3453174803149606
20
0.1277705905511811
11
0.3491038188976378
21
0.1203394881889764
0
LINE
8
BLACK
6
CONTINUOUS
10
0.3491038188976378
20
0.1203394881889764
11
0.351681062992126
21
0.1124075196850394
0
LINE
8
BLACK
6
CONTINUOUS
10
0.351681062992126
20
0.1124075196850394
11
0.3529857480314961
21
0.1041700787401575
0
LINE
8
BLACK
6
CONTINUOUS
10
0.3529857480314961
20
0.1041700787401575
11
0.3529857480314961
21
0.0958299212598425
0
LINE
8
BLACK
6
CONTINUOUS
10
0.3529857480314961
20
0.0958299212598425
11
0.351681062992126
21
0.0875924803149606
0
LINE
8
BLACK
6
CONTINUOUS
10
0.351681062992126
20
0.0875924803149606
11
0.3491038188976378
21
0.0796605118110236
0
LINE
8
BLACK
6
CONTINUOUS
10
0.3491038188976378
20
0.0796605118110236
11
0.3453174803149606
21
0.0722294094488189
0
LINE
8
BLACK
6
CONTINUOUS
10
0.3453174803149606
20
0.0722294094488189
11
0.3404152755905512
21
0.0654820866141732
0
LINE
8
BLACK
6
CONTINUOUS
10
0.3404152755905512
20
0.0654820866141732
11
0.3345179133858268
21
0.0595847244094488
0
LINE
8
BLACK
6
CONTINUOUS
10
0.3345179133858268
20
0.0595847244094488
11
0.3277705905511811
21
0.0546825196850394
0
LINE
8
BLACK
6
CONTINUOUS
10
0.3277705905511811
20
0.0546825196850394
11
0.3203394881889764
21
0.0508961811023622
0
LINE
8
BLACK
6
CONTINUOUS
10
0.3203394881889764
20
0.0508961811023622
11
0.3124075196850394
21
0.048318937007874
0
LINE
8
BLACK
6
CONTINUOUS
10
0.3124075196850394
20
0.048318937007874
11
0.3041700787401574
21
0.0470142519685039
0
LINE
8
BLACK
6
CONTINUOUS
10
0.3041700787401574
20
0.0470142519685039
11
0.2958299212598425
21
0.0470142519685039
0
LINE
8
BLACK
6
CONTINUOUS
10
0.2958299212598425
20
0.0470142519685039
11
0.2875924803149606
21
0.048318937007874
0
LINE
8
BLACK
6
CONTINUOUS
10
0.2875924803149606
20
0.048318937007874
11
0.2796605118110236
21
0.0508961811023622
0
LINE
8
BLACK
6
CONTINUOUS
10
0.2796605118110236
20
0.0508961811023622
11
0.2722294094488189
21
0.0546825196850394
0
LINE
8
BLACK
6
CONTINUOUS
10
0.2722294094488189
20
0.0546825196850394
11
0.2702573228346457
21
0.0561153149606299
0
LINE
8
BLACK
6
CONTINUOUS
10
0.2702573228346457
20
0.0561153149606299
11
0.2558310236220472
21
0.0416889763779528
0
LINE
8
BLACK
6
CONTINUOUS
10
0.2558310236220472
20
0.0416889763779528
11
0.2558310236220472
21
0.041688937007874
0
LINE
8
BLACK
6
CONTINUOUS
10
0.2558310236220472
20
0.041688937007874
11
0.259272874015748
21
0.0390479133858268
0
LINE
8
BLACK
6
CONTINUOUS
10
0.259272874015748
20
0.0390479133858268
11
0.2592731496062992
21
0.0390477165354331
0
LINE
8
BLACK
6
CONTINUOUS
10
0.2592731496062992
20
0.0390477165354331
11
0.267576811023622
21
0.0342536220472441
0
LINE
8
BLACK
6
CONTINUOUS
10
0.267576811023622
20
0.0342536220472441
11
0.2675772440944882
21
0.0342533858267717
0
LINE
8
BLACK
6
CONTINUOUS
10
0.2675772440944882
20
0.0342533858267717
11
0.2764363779527559
21
0.0305838188976378
0
LINE
8
BLACK
6
CONTINUOUS
10
0.2764363779527559
20
0.0305838188976378
11
0.2856988188976378
21
0.028101968503937
0
LINE
8
BLACK
6
CONTINUOUS
10
0.2856988188976378
20
0.028101968503937
11
0.2952053937007874
21
0.0268504330708661
0
LINE
8
BLACK
6
CONTINUOUS
10
0.2952053937007874
20
0.0268504330708661
11
0.2952057874015748
21
0.0268503937007874
0
LINE
8
BLACK
6
CONTINUOUS
10
0.2952057874015748
20
0.0268503937007874
11
0.3047942125984252
21
0.0268503937007874
0
LINE
8
BLACK
6
CONTINUOUS
10
0.3047942125984252
20
0.0268503937007874
11
0.3047945669291339
21
0.0268504330708661
0
LINE
8
BLACK
6
CONTINUOUS
10
0.3047945669291339
20
0.0268504330708661
11
0.3143011417322835
21
0.028101968503937
0
LINE
8
BLACK
6
CONTINUOUS
10
0.3143011417322835
20
0.028101968503937
11
0.3235634645669291
21
0.0305837795275591
0
LINE
8
BLACK
6
CONTINUOUS
10
0.3235634645669291
20
0.0305837795275591
11
0.3296016535433071
21
0.0330848818897638
0
LINE
8
BLACK
6
CONTINUOUS
10
0.3296016535433071
20
0.0330848818897638
11
0.3323807874015748
21
0.0333836614173228
0
LINE
8
BLACK
6
CONTINUOUS
10
0.3323807874015748
20
0.0333836614173228
11
0.3348802755905512
21
0.0321325196850394
0
LINE
8
BLACK
6
CONTINUOUS
10
0.3348802755905512
20
0.0321325196850394
11
0.3363065748031496
21
0.0297286614173228
0
LINE
8
BLACK
6
CONTINUOUS
10
0.3363065748031496
20
0.0297286614173228
11
0.336206811023622
21
0.0269353149606299
0
LINE
8
BLACK
6
CONTINUOUS
10
0.336206811023622
20
0.0269353149606299
11
0.3360830708661417
21
0.0266035039370079
0
LINE
8
BLACK
6
CONTINUOUS
10
0.3360830708661417
20
0.0266035039370079
11
0.3343012204724409
21
0.0223017322834646
0
LINE
8
BLACK
6
CONTINUOUS
10
0.3343012204724409
20
0.0223017322834646
11
0.3319522440944882
21
0.0135352362204724
0
LINE
8
BLACK
6
CONTINUOUS
10
0.3319522440944882
20
0.0135352362204724
11
0.3307677165354331
21
0.0045378346456693
0
LINE
8
BLACK
6
CONTINUOUS
10
0.3307677165354331
20
0.0045378346456693
11
0.3307677165354331
21
-0.0045377952755906
0
LINE
8
BLACK
6
CONTINUOUS
10
0.3307677165354331
20
-0.0045377952755906
11
0.3319522440944882
21
-0.0135351968503937
0
LINE
8
BLACK
6
CONTINUOUS
10
0.3319522440944882
20
-0.0135351968503937
11
0.3319522834645669
21
-0.0135354330708661
0
LINE
8
BLACK
6
CONTINUOUS
10
0.3319522834645669
20
-0.0135354330708661
11
0.3319523228346457
21
-0.0135355118110236
0
LINE
8
BLACK
6
CONTINUOUS
10
0.3319523228346457
20
-0.0135355118110236
11
0.3343012204724409
21
-0.0223017322834646
0
LINE
8
BLACK
6
CONTINUOUS
10
0.3343012204724409
20
-0.0223017322834646
11
0.3360830708661417
21
-0.0266035433070866
0
LINE
8
BLACK
6
CONTINUOUS
10
0.3360830708661417
20
-0.0266035433070866
11
0.3363818503937008
21
-0.0293825984251968
0
LINE
8
BLACK
6
CONTINUOUS
10
0.3363818503937008
20
-0.0293825984251968
11
0.3351307086614173
21
-0.0318820866141732
0
LINE
8
BLACK
6
CONTINUOUS
10
0.3351307086614173
20
-0.0318820866141732
11
0.3327268110236221
21
-0.0333083464566929
0
LINE
8
BLACK
6
CONTINUOUS
10
0.3327268110236221
20
-0.0333083464566929
11
0.3299334645669291
21
-0.0332085826771654
0
LINE
8
BLACK
6
CONTINUOUS
10
0.3299334645669291
20
-0.0332085826771654
11
0.3296016929133858
21
-0.033084842519685
0
LINE
8
BLACK
6
CONTINUOUS
10
0.3296016929133858
20
-0.033084842519685
11
0.3235635826771653
21
-0.0305837795275591
0
LINE
8
BLACK
6
CONTINUOUS
10
0.3235635826771653
20
-0.0305837795275591
11
0.3143011417322835
21
-0.0281019291338583
0
LINE
8
BLACK
6
CONTINUOUS
10
0.3143011417322835
20
-0.0281019291338583
11
0.3047945669291339
21
-0.0268503937007874
0
LINE
8
BLACK
6
CONTINUOUS
10
0.3047945669291339
20
-0.0268503937007874
11
0.2952053937007874
21
-0.0268503937007874
0
LINE
8
BLACK
6
CONTINUOUS
10
0.2952053937007874
20
-0.0268503937007874
11
0.2856988188976378
21
-0.0281019291338583
0
LINE
8
BLACK
6
CONTINUOUS
10
0.2856988188976378
20
-0.0281019291338583
11
0.2764363779527559
21
-0.0305837795275591
0
LINE
8
BLACK
6
CONTINUOUS
10
0.2764363779527559
20
-0.0305837795275591
11
0.2675772440944882
21
-0.0342533464566929
0
LINE
8
BLACK
6
CONTINUOUS
10
0.2675772440944882
20
-0.0342533464566929
11
0.267576811023622
21
-0.0342535826771654
0
LINE
8
BLACK
6
CONTINUOUS
10
0.267576811023622
20
-0.0342535826771654
11
0.2592731496062992
21
-0.0390476771653543
0
LINE
8
BLACK
6
CONTINUOUS
10
0.2592731496062992
20
-0.0390476771653543
11
0.2558310236220472
21
-0.0416888976377953
0
LINE
8
BLACK
6
CONTINUOUS
10
0.2558310236220472
20
-0.0416888976377953
11
0.2702573622047244
21
-0.0561152362204724
0
LINE
8
BLACK
6
CONTINUOUS
10
0.2702573622047244
20
-0.0561152362204724
11
0.2722294094488189
21
-0.0546825196850394
0
LINE
8
BLACK
6
CONTINUOUS
10
0.2722294094488189
20
-0.0546825196850394
11
0.2796605118110236
21
-0.0508961811023622
0
LINE
8
BLACK
6
CONTINUOUS
10
0.2796605118110236
20
-0.0508961811023622
11
0.2875924803149606
21
-0.048318937007874
0
LINE
8
BLACK
6
CONTINUOUS
10
0.2875924803149606
20
-0.048318937007874
11
0.2958299212598425
21
-0.0470142519685039
0
LINE
8
BLACK
6
CONTINUOUS
10
0.2958299212598425
20
-0.0470142519685039
11
0.3041700787401574
21
-0.0470142519685039
0
LINE
8
BLACK
6
CONTINUOUS
10
0.3041700787401574
20
-0.0470142519685039
11
0.3124075196850394
21
-0.048318937007874
0
LINE
8
BLACK
6
CONTINUOUS
10
0.3124075196850394
20
-0.048318937007874
11
0.3203394881889764
21
-0.0508961811023622
0
LINE
8
BLACK
6
CONTINUOUS
10
0.3203394881889764
20
-0.0508961811023622
11
0.3277705905511811
21
-0.0546825196850394
0
LINE
8
BLACK
6
CONTINUOUS
10
0.3277705905511811
20
-0.0546825196850394
11
0.3345179133858268
21
-0.0595847244094488
0
LINE
8
BLACK
6
CONTINUOUS
10
0.3345179133858268
20
-0.0595847244094488
11
0.3404152755905512
21
-0.0654820866141732
0
LINE
8
BLACK
6
CONTINUOUS
10
0.3404152755905512
20
-0.0654820866141732
11
0.3453174803149606
21
-0.0722294094488189
0
LINE
8
BLACK
6
CONTINUOUS
10
0.3453174803149606
20
-0.0722294094488189
11
0.3491038188976378
21
-0.0796605118110236
0
LINE
8
BLACK
6
CONTINUOUS
10
0.3491038188976378
20
-0.0796605118110236
11
0.351681062992126
21
-0.0875924803149606
0
LINE
8
BLACK
6
CONTINUOUS
10
0.351681062992126
20
-0.0875924803149606
11
0.3529857480314961
21
-0.0958299212598425
0
LINE
8
BLACK
6
CONTINUOUS
10
0.3529857480314961
20
-0.0958299212598425
11
0.3529857480314961
21
-0.1041700787401575
0
LINE
8
BLACK
6
CONTINUOUS
10
0.3529857480314961
20
-0.1041700787401575
11
0.351681062992126
21
-0.1124075196850394
0
LINE
8
BLACK
6
CONTINUOUS
10
0.351681062992126
20
-0.1124075196850394
11
0.3491038188976378
21
-0.1203394881889764
0
LINE
8
BLACK
6
CONTINUOUS
10
0.3491038188976378
20
-0.1203394881889764
11
0.3453174803149606
21
-0.1277705905511811
0
LINE
8
BLACK
6
CONTINUOUS
10
0.3453174803149606
20
-0.1277705905511811
11
0.3438847244094488
21
-0.1297425984251968
0
LINE
8
BLACK
6
CONTINUOUS
10
0.3438847244094488
20
-0.1297425984251968
11
0.3583110236220473
21
-0.1441688976377953
0
LINE
8
BLACK
6
CONTINUOUS
10
0.3583110236220473
20
-0.1441688976377953
11
0.3609522834645669
21
-0.1407267716535433
0
LINE
8
BLACK
6
CONTINUOUS
10
0.3609522834645669
20
-0.1407267716535433
11
0.3657463779527559
21
-0.1324231496062992
0
LINE
8
BLACK
6
CONTINUOUS
10
0.3657463779527559
20
-0.1324231496062992
11
0.3657466141732283
21
-0.1324227165354331
0
LINE
8
BLACK
6
CONTINUOUS
10
0.3657466141732283
20
-0.1324227165354331
11
0.3694161811023622
21
-0.1235635826771654
0
LINE
8
BLACK
6
CONTINUOUS
10
0.3694161811023622
20
-0.1235635826771654
11
0.371898031496063
21
-0.1143011417322835
0
LINE
8
BLACK
6
CONTINUOUS
10
0.371898031496063
20
-0.1143011417322835
11
0.3731495669291339
21
-0.1047945669291339
0
LINE
8
BLACK
6
CONTINUOUS
10
0.3731495669291339
20
-0.1047945669291339
11
0.3731496062992126
21
-0.1047942125984252
0
LINE
8
BLACK
6
CONTINUOUS
10
0.3731496062992126
20
-0.1047942125984252
11
0.3731496062992126
21
-0.0952057874015748
0
LINE
8
BLACK
6
CONTINUOUS
10
0.3731496062992126
20
-0.0952057874015748
11
0.3731495669291339
21
-0.0952053937007874
0
LINE
8
BLACK
6
CONTINUOUS
10
0.3731495669291339
20
-0.0952053937007874
11
0.371898031496063
21
-0.0856988188976378
0
LINE
8
BLACK
6
CONTINUOUS
10
0.371898031496063
20
-0.0856988188976378
11
0.3694161811023622
21
-0.0764363779527559
0
LINE
8
BLACK
6
CONTINUOUS
10
0.3694161811023622
20
-0.0764363779527559
11
0.3669151181102362
21
-0.0703982677165354
0
LINE
8
BLACK
6
CONTINUOUS
10
0.3669151181102362
20
-0.0703982677165354
11
0.3666163385826772
21
-0.0676191732283465
0
LINE
8
BLACK
6
CONTINUOUS
10
0.3666163385826772
20
-0.0676191732283465
11
0.3678674803149606
21
-0.0651196850393701
0
LINE
8
BLACK
6
CONTINUOUS
10
0.3678674803149606
20
-0.0651196850393701
11
0.3702713385826771
21
-0.0636933858267717
0
LINE
8
BLACK
6
CONTINUOUS
10
0.3702713385826771
20
-0.0636933858267717
11
0.3730647244094488
21
-0.0637931496062992
0
LINE
8
BLACK
6
CONTINUOUS
10
0.3730647244094488
20
-0.0637931496062992
11
0.3733952362204724
21
-0.0639164173228347
0
LINE
8
BLACK
6
CONTINUOUS
10
0.3733952362204724
20
-0.0639164173228347
11
0.3776982677165354
21
-0.0656987795275591
0
LINE
8
BLACK
6
CONTINUOUS
10
0.3776982677165354
20
-0.0656987795275591
11
0.3864644881889764
21
-0.0680476771653543
0
LINE
8
BLACK
6
CONTINUOUS
10
0.3864644881889764
20
-0.0680476771653543
11
0.3864647244094488
21
-0.0680476771653543
0
LINE
8
BLACK
6
CONTINUOUS
10
0.3864647244094488
20
-0.0680476771653543
11
0.3864647637795275
21
-0.0680477165354331
0
LINE
8
BLACK
6
CONTINUOUS
10
0.3864647637795275
20
-0.0680477165354331
11
0.3874970472440945
21
-0.0681835826771654
0
LINE
8
BLACK
6
CONTINUOUS
10
0.3874970472440945
20
-0.0681835826771654
11
0.3954622834645669
21
-0.0692322834645669
0
LINE
8
BLACK
6
CONTINUOUS
10
0.3954622834645669
20
-0.0692322834645669
11
0.3954625590551181
21
-0.0692322834645669
0
LINE
8
BLACK
6
CONTINUOUS
10
0.3954625590551181
20
-0.0692322834645669
11
0.4045374409448819
21
-0.0692322834645669
0
LINE
8
BLACK
6
CONTINUOUS
10
0.4045374409448819
20
-0.0692322834645669
11
0.4045377165354331
21
-0.0692322834645669
0
LINE
8
BLACK
6
CONTINUOUS
10
0.4045377165354331
20
-0.0692322834645669
11
0.4135355118110236
21
-0.0680476771653543
0
LINE
8
BLACK
6
CONTINUOUS
10
0.4135355118110236
20
-0.0680476771653543
11
0.4223017322834646
21
-0.0656987795275591
0
LINE
8
BLACK
6
CONTINUOUS
10
0.4223017322834646
20
-0.0656987795275591
11
0.4266036614173228
21
-0.0639168503937008
0
LINE
8
BLACK
6
CONTINUOUS
10
0.4266036614173228
20
-0.0639168503937008
11
0.4293825590551181
21
-0.0636181102362205
0
LINE
8
BLACK
6
CONTINUOUS
10
0.4293825590551181
20
-0.0636181102362205
11
0.4318820472440945
21
-0.0648692519685039
0
LINE
8
BLACK
6
CONTINUOUS
10
0.4318820472440945
20
-0.0648692519685039
11
0.4333083464566929
21
-0.0672731102362205
0
LINE
8
BLACK
6
CONTINUOUS
10
0.4333083464566929
20
-0.0672731102362205
11
0.4332085826771653
21
-0.0700664566929134
0
LINE
8
BLACK
6
CONTINUOUS
10
0.4332085826771653
20
-0.0700664566929134
11
0.433084842519685
21
-0.0703982677165354
0
LINE
8
BLACK
6
CONTINUOUS
10
0.433084842519685
20
-0.0703982677165354
11
0.4305837795275591
21
-0.0764363779527559
0
LINE
8
BLACK
6
CONTINUOUS
10
0.4305837795275591
20
-0.0764363779527559
11
0.4281019291338582
21
-0.0856988188976378
0
LINE
8
BLACK
6
CONTINUOUS
10
0.4281019291338582
20
-0.0856988188976378
11
0.4268503937007874
21
-0.0952053937007874
0
LINE
8
BLACK
6
CONTINUOUS
10
0.4268503937007874
20
-0.0952053937007874
11
0.4268503937007874
21
-0.1047945669291339
0
LINE
8
BLACK
6
CONTINUOUS
10
0.4268503937007874
20
-0.1047945669291339
11
0.4281019291338582
21
-0.1143011417322835
0
LINE
8
BLACK
6
CONTINUOUS
10
0.4281019291338582
20
-0.1143011417322835
11
0.4305837795275591
21
-0.1235635826771654
0
LINE
8
BLACK
6
CONTINUOUS
10
0.4305837795275591
20
-0.1235635826771654
11
0.4342533464566929
21
-0.1324227165354331
0
LINE
8
BLACK
6
CONTINUOUS
10
0.4342533464566929
20
-0.1324227165354331
11
0.4342535826771654
21
-0.1324231496062992
0
LINE
8
BLACK
6
CONTINUOUS
10
0.4342535826771654
20
-0.1324231496062992
11
0.4390476771653543
21
-0.1407268110236221
0
LINE
8
BLACK
6
CONTINUOUS
10
0.4390476771653543
20
-0.1407268110236221
11
0.4390478346456693
21
-0.1407270472440945
0
LINE
8
BLACK
6
CONTINUOUS
10
0.4390478346456693
20
-0.1407270472440945
11
0.4416888582677165
21
-0.1441688582677165
0
LINE
8
BLACK
6
CONTINUOUS
10
0.4416888582677165
20
-0.1441688582677165
11
0.4416888976377953
21
-0.1441688976377953
0
LINE
8
BLACK
6
CONTINUOUS
10
0.4416888976377953
20
-0.1441688976377953
11
0.4561151968503937
21
-0.1297425590551181
0
LINE
8
BLACK
6
CONTINUOUS
10
0.4561151968503937
20
-0.1297425590551181
11
0.4546825196850394
21
-0.1277705905511811
0
LINE
8
BLACK
6
CONTINUOUS
10
0.4546825196850394
20
-0.1277705905511811
11
0.4508961811023622
21
-0.1203394881889764
0
LINE
8
BLACK
6
CONTINUOUS
10
0.4508961811023622
20
-0.1203394881889764
11
0.448318937007874
21
-0.1124075196850394
0
LINE
8
BLACK
6
CONTINUOUS
10
0.448318937007874
20
-0.1124075196850394
11
0.4470142519685039
21
-0.1041700787401575
0
LINE
8
BLACK
6
CONTINUOUS
10
0.4470142519685039
20
-0.1041700787401575
11
0.4470142519685039
21
-0.0958299212598425
0
LINE
8
BLACK
6
CONTINUOUS
10
0.4470142519685039
20
-0.0958299212598425
11
0.448318937007874
21
-0.0875924803149606
0
LINE
8
BLACK
6
CONTINUOUS
10
0.448318937007874
20
-0.0875924803149606
11
0.4508961811023622
21
-0.0796605118110236
0
LINE
8
BLACK
6
CONTINUOUS
10
0.4508961811023622
20
-0.0796605118110236
11
0.4546825196850394
21
-0.0722294094488189
0
LINE
8
BLACK
6
CONTINUOUS
10
0.4546825196850394
20
-0.0722294094488189
11
0.4595847244094488
21
-0.0654820866141732
0
LINE
8
BLACK
6
CONTINUOUS
10
0.4595847244094488
20
-0.0654820866141732
11
0.4654820866141732
21
-0.0595847244094488
0
LINE
8
BLACK
6
CONTINUOUS
10
0.4654820866141732
20
-0.0595847244094488
11
0.4722294094488189
21
-0.0546825196850394
0
LINE
8
BLACK
6
CONTINUOUS
10
0.4722294094488189
20
-0.0546825196850394
11
0.4796605118110236
21
-0.0508961811023622
0
LINE
8
BLACK
6
CONTINUOUS
10
0.4796605118110236
20
-0.0508961811023622
11
0.4875924803149606
21
-0.048318937007874
0
LINE
8
BLACK
6
CONTINUOUS
10
0.4875924803149606
20
-0.048318937007874
11
0.4958299212598425
21
-0.0470142519685039
0
LINE
8
BLACK
6
CONTINUOUS
10
0.4958299212598425
20
-0.0470142519685039
11
0.5041700787401575
21
-0.0470142519685039
0
LINE
8
BLACK
6
CONTINUOUS
10
0.5041700787401575
20
-0.0470142519685039
11
0.5124075196850394
21
-0.048318937007874
0
LINE
8
BLACK
6
CONTINUOUS
10
0.5124075196850394
20
-0.048318937007874
11
0.5203394881889764
21
-0.0508961811023622
0
LINE
8
BLACK
6
CONTINUOUS
10
0.5203394881889764
20
-0.0508961811023622
11
0.5277705905511811
21
-0.0546825196850394
0
LINE
8
BLACK
6
CONTINUOUS
10
0.5277705905511811
20
-0.0546825196850394
11
0.5297425590551181
21
-0.0561151968503937
0
LINE
8
BLACK
6
CONTINUOUS
10
0.5297425590551181
20
-0.0561151968503937
11
0.5441688976377953
21
-0.0416888976377953
0
LINE
8
BLACK
6
CONTINUOUS
10
0.5441688976377953
20
-0.0416888976377953
11
0.5441688582677165
21
-0.0416888582677165
0
LINE
8
BLACK
6
CONTINUOUS
10
0.5441688582677165
20
-0.0416888582677165
11
0.5407270472440945
21
-0.0390478346456693
0
LINE
8
BLACK
6
CONTINUOUS
10
0.5407270472440945
20
-0.0390478346456693
11
0.5407268110236221
21
-0.0390476771653543
0
LINE
8
BLACK
6
CONTINUOUS
10
0.5407268110236221
20
-0.0390476771653543
11
0.5324231496062992
21
-0.0342535826771654
0
LINE
8
BLACK
6
CONTINUOUS
10
0.5324231496062992
20
-0.0342535826771654
11
0.532422716535433
21
-0.0342533464566929
0
LINE
8
BLACK
6
CONTINUOUS
10
0.532422716535433
20
-0.0342533464566929
11
0.5235635826771653
21
-0.0305837795275591
0
LINE
8
BLACK
6
CONTINUOUS
10
0.5235635826771653
20
-0.0305837795275591
11
0.5143011417322835
21
-0.0281019291338583
0
LINE
8
BLACK
6
CONTINUOUS
10
0.5143011417322835
20
-0.0281019291338583
11
0.5047945669291338
21
-0.0268503937007874
0
LINE
8
BLACK
6
CONTINUOUS
10
0.5047945669291338
20
-0.0268503937007874
11
0.4952053937007874
21
-0.0268503937007874
0
LINE
8
BLACK
6
CONTINUOUS
10
0.4952053937007874
20
-0.0268503937007874
11
0.4856988188976378
21
-0.0281019291338583
0
LINE
8
BLACK
6
CONTINUOUS
10
0.4856988188976378
20
-0.0281019291338583
11
0.4764363779527559
21
-0.0305837795275591
0
LINE
8
BLACK
6
CONTINUOUS
10
0.4764363779527559
20
-0.0305837795275591
11
0.4703982677165354
21
-0.033084842519685
0
LINE
8
BLACK
6
CONTINUOUS
10
0.4703982677165354
20
-0.033084842519685
11
0.4676191338582677
21
-0.0333836220472441
0
LINE
8
BLACK
6
CONTINUOUS
10
0.4676191338582677
20
-0.0333836220472441
11
0.4651196456692913
21
-0.0321324409448819
0
LINE
8
BLACK
6
CONTINUOUS
10
0.4651196456692913
20
-0.0321324409448819
11
0.4636933858267717
21
-0.0297285826771654
0
LINE
8
BLACK
6
CONTINUOUS
10
0.4636933858267717
20
-0.0297285826771654
11
0.4637931496062992
21
-0.0269352362204724
0
LINE
8
BLACK
6
CONTINUOUS
10
0.4637931496062992
20
-0.0269352362204724
11
0.4639161023622047
21
-0.0266054330708661
0
LINE
8
BLACK
6
CONTINUOUS
10
0.4639161023622047
20
-0.0266054330708661
11
0.4656987795275591
21
-0.0223017322834646
0
LINE
8
BLACK
6
CONTINUOUS
10
0.4656987795275591
20
-0.0223017322834646
11
0.4680476771653543
21
-0.0135355118110236
0
LINE
8
BLACK
6
CONTINUOUS
10
0.4680476771653543
20
-0.0135355118110236
11
0.4692322834645669
21
-0.0045377165354331
0
LINE
8
BLACK
6
CONTINUOUS
10
0.4692322834645669
20
-0.0045377165354331
11
0.4692322834645669
21
0.0045377165354331
0
LINE
8
BLACK
6
CONTINUOUS
10
0.4692322834645669
20
0.0045377165354331
11
0.4680476771653543
21
0.0135355118110236
0
LINE
8
BLACK
6
CONTINUOUS
10
0.4680476771653543
20
0.0135355118110236
11
0.4656987795275591
21
0.0223017322834646
0
LINE
8
BLACK
6
CONTINUOUS
10
0.4656987795275591
20
0.0223017322834646
11
0.4639168503937008
21
0.0266037007874016
0
LINE
8
BLACK
6
CONTINUOUS
10
0.4639168503937008
20
0.0266037007874016
11
0.4636181102362205
21
0.0293825984251968
0
LINE
8
BLACK
6
CONTINUOUS
10
0.4636181102362205
20
0.0293825984251968
11
0.4648692519685039
21
0.0318820866141732
0
LINE
8
BLACK
6
CONTINUOUS
10
0.4648692519685039
20
0.0318820866141732
11
0.4672731102362205
21
0.0333083858267717
0
LINE
8
BLACK
6
CONTINUOUS
10
0.4672731102362205
20
0.0333083858267717
11
0.4700664566929134
21
0.0332086220472441
0
LINE
8
BLACK
6
CONTINUOUS
10
0.4700664566929134
20
0.0332086220472441
11
0.4703982677165354
21
0.0330848818897638
0
LINE
8
BLACK
6
CONTINUOUS
10
0.4703982677165354
20
0.0330848818897638
11
0.4764363779527559
21
0.0305838188976378
0
LINE
8
BLACK
6
CONTINUOUS
10
0.4764363779527559
20
0.0305838188976378
11
0.4856988188976378
21
0.028101968503937
0
LINE
8
BLACK
6
CONTINUOUS
10
0.4856988188976378
20
0.028101968503937
11
0.4952053937007874
21
0.0268504330708661
0
LINE
8
BLACK
6
CONTINUOUS
10
0.4952053937007874
20
0.0268504330708661
11
0.4952057874015748
21
0.0268503937007874
0
LINE
8
BLACK
6
CONTINUOUS
10
0.4952057874015748
20
0.0268503937007874
11
0.5047942125984252
21
0.0268503937007874
0
LINE
8
BLACK
6
CONTINUOUS
10
0.5047942125984252
20
0.0268503937007874
11
0.5047945669291338
21
0.0268504330708661
0
LINE
8
BLACK
6
CONTINUOUS
10
0.5047945669291338
20
0.0268504330708661
11
0.5143011417322835
21
0.028101968503937
0
LINE
8
BLACK
6
CONTINUOUS
10
0.5143011417322835
20
0.028101968503937
11
0.5235635826771653
21
0.0305838188976378
0
LINE
8
BLACK
6
CONTINUOUS
10
0.5235635826771653
20
0.0305838188976378
11
0.532422716535433
21
0.0342533858267717
0
LINE
8
BLACK
6
CONTINUOUS
10
0.532422716535433
20
0.0342533858267717
11
0.5324231496062992
21
0.0342536220472441
0
LINE
8
BLACK
6
CONTINUOUS
10
0.5324231496062992
20
0.0342536220472441
11
0.5407267716535433
21
0.0390477165354331
0
LINE
8
BLACK
6
CONTINUOUS
10
0.5407267716535433
20
0.0390477165354331
11
0.5441688976377953
21
0.0416889763779528
0
LINE
8
BLACK
6
CONTINUOUS
10
0.5441688976377953
20
0.0416889763779528
11
0.5297425984251969
21
0.0561152755905512
0
LINE
8
BLACK
6
CONTINUOUS
10
0.5297425984251969
20
0.0561152755905512
11
0.5277705905511811
21
0.0546825196850394
0
LINE
8
BLACK
6
CONTINUOUS
10
0.5277705905511811
20
0.0546825196850394
11
0.5203394881889764
21
0.0508961811023622
0
LINE
8
BLACK
6
CONTINUOUS
10
0.5203394881889764
20
0.0508961811023622
11
0.5124075196850394
21
0.048318937007874
0
LINE
8
BLACK
6
CONTINUOUS
10
0.5124075196850394
20
0.048318937007874
11
0.5041700787401575
21
0.0470142519685039
0
LINE
8
BLACK
6
CONTINUOUS
10
0.5041700787401575
20
0.0470142519685039
11
0.4958299212598425
21
0.0470142519685039
0
LINE
8
BLACK
6
CONTINUOUS
10
0.4958299212598425
20
0.0470142519685039
11
0.4875924803149606
21
0.048318937007874
0
LINE
8
BLACK
6
CONTINUOUS
10
0.4875924803149606
20
0.048318937007874
11
0.4796605118110236
21
0.0508961811023622
0
LINE
8
BLACK
6
CONTINUOUS
10
0.4796605118110236
20
0.0508961811023622
11
0.4722294094488189
21
0.0546825196850394
0
LINE
8
BLACK
6
CONTINUOUS
10
0.4722294094488189
20
0.0546825196850394
11
0.4654820866141732
21
0.0595847244094488
0
LINE
8
BLACK
6
CONTINUOUS
10
0.4654820866141732
20
0.0595847244094488
11
0.4595847244094488
21
0.0654820866141732
0
LINE
8
BLACK
6
CONTINUOUS
10
0.4595847244094488
20
0.0654820866141732
11
0.4546825196850394
21
0.0722294094488189
0
LINE
8
BLACK
6
CONTINUOUS
10
0.4546825196850394
20
0.0722294094488189
11
0.4508961811023622
21
0.0796605118110236
0
LINE
8
BLACK
6
CONTINUOUS
10
0.4508961811023622
20
0.0796605118110236
11
0.448318937007874
21
0.0875924803149606
0
LINE
8
BLACK
6
CONTINUOUS
10
0.448318937007874
20
0.0875924803149606
11
0.4470142519685039
21
0.0958299212598425
0
LINE
8
BLACK
6
CONTINUOUS
10
0.4470142519685039
20
0.0958299212598425
11
0.4470142519685039
21
0.1041700787401575
0
LINE
8
BLACK
6
CONTINUOUS
10
0.4470142519685039
20
0.1041700787401575
11
0.448318937007874
21
0.1124075196850394
0
LINE
8
BLACK
6
CONTINUOUS
10
0.448318937007874
20
0.1124075196850394
11
0.4508961811023622
21
0.1203394881889764
0
LINE
8
BLACK
6
CONTINUOUS
10
0.4508961811023622
20
0.1203394881889764
11
0.4546825196850394
21
0.1277705905511811
0
LINE
8
BLACK
6
CONTINUOUS
10
0.4546825196850394
20
0.1277705905511811
11
0.4561152362204725
21
0.1297426377952756
0
LINE
8
BLACK
6
CONTINUOUS
10
0.4561152362204725
20
0.1297426377952756
11
0.4416888976377953
21
0.1441689763779528
0
LINE
8
BLACK
6
CONTINUOUS
10
0.4416888976377953
20
0.1441689763779528
11
0.4390476771653543
21
0.1407268503937008
0
LINE
8
BLACK
6
CONTINUOUS
10
0.4390476771653543
20
0.1407268503937008
11
0.4342535826771654
21
0.1324231889763779
0
LINE
8
BLACK
6
CONTINUOUS
10
0.4342535826771654
20
0.1324231889763779
11
0.4342533464566929
21
0.1324227559055118
0
LINE
8
BLACK
6
CONTINUOUS
10
0.4342533464566929
20
0.1324227559055118
11
0.4305837401574803
21
0.1235635039370079
0
LINE
8
BLACK
6
CONTINUOUS
10
0.4305837401574803
20
0.1235635039370079
11
0.4305659448818898
21
0.123511062992126
0
LINE
8
BLACK
6
CONTINUOUS
10
0.4305659448818898
20
0.123511062992126
11
0.4305564173228346
21
0.1234975590551181
0
LINE
8
BLACK
6
CONTINUOUS
10
0.4305564173228346
20
0.1234975590551181
11
0.4305216535433071
21
0.1234135826771653
0
LINE
8
BLACK
6
CONTINUOUS
10
0.4305216535433071
20
0.1234135826771653
11
0.4305028346456693
21
0.1234213779527559
0
LINE
8
BLACK
6
CONTINUOUS
10
0.4305028346456693
20
0.1234213779527559
11
0.4289579133858268
21
0.1212247637795276
0
LINE
8
BLACK
6
CONTINUOUS
10
0.4289579133858268
20
0.1212247637795276
11
0.426369094488189
21
0.1201708267716535
0
LINE
8
BLACK
6
CONTINUOUS
10
0.426369094488189
20
0.1201708267716535
11
0.4236214173228346
21
0.1206837795275591
0
LINE
8
BLACK
6
CONTINUOUS
10
0.4236214173228346
20
0.1206837795275591
11
0.4217441338582677
21
0.122350157480315
0
LINE
8
BLACK
6
CONTINUOUS
10
0.4217441338582677
20
0.122350157480315
11
0.4210335826771653
21
0.1234135826771653
0
LINE
8
BLACK
6
CONTINUOUS
10
0.4210335826771653
20
0.1234135826771653
11
0.4193729133858268
21
0.125898937007874
0
LINE
8
BLACK
6
CONTINUOUS
10
0.4193729133858268
20
0.125898937007874
11
0.3608033464566929
21
0.1844685039370079
0
LINE
8
BLACK
6
CONTINUOUS
10
0.3608033464566929
20
0.1844685039370079
11
0.3602149606299213
21
0.1855460236220473
0
LINE
8
BLACK
6
CONTINUOUS
10
0.3602149606299213
20
0.1855460236220473
11
0.3595513385826772
21
0.1865786220472441
0
LINE
8
BLACK
6
CONTINUOUS
10
0.3595513385826772
20
0.1865786220472441
11
0.3595156692913386
21
0.1868266141732284
0
LINE
8
BLACK
6
CONTINUOUS
10
0.3595156692913386
20
0.1868266141732284
11
0.3594637401574803
21
0.1869217322834646
0
LINE
8
BLACK
6
CONTINUOUS
10
0.3594637401574803
20
0.1869217322834646
11
0.3593503937007874
21
0.1879761811023622
0
LINE
8
BLACK
6
CONTINUOUS
10
0.3593503937007874
20
0.1879761811023622
11
0.3593503937007874
21
0.1952017322834646
0
LINE
8
BLACK
6
CONTINUOUS
10
0.3593503937007874
20
0.1952017322834646
11
0.356520157480315
21
0.198031968503937
0
LINE
8
BLACK
6
CONTINUOUS
10
0.356520157480315
20
0.198031968503937
11
0.3559083070866141
21
0.1987775196850394
0
LINE
8
BLACK
6
CONTINUOUS
10
0.3559083070866141
20
0.1987775196850394
11
0.3559081102362205
21
0.1987777165354331
0
LINE
8
BLACK
6
CONTINUOUS
10
0.3559081102362205
20
0.1987777165354331
11
0.3552824409448819
21
0.2002882283464567
0
LINE
8
BLACK
6
CONTINUOUS
10
0.3552824409448819
20
0.2002882283464567
11
0.3551733070866142
21
0.2005516929133858
0
LINE
8
BLACK
6
CONTINUOUS
10
0.3551733070866142
20
0.2005516929133858
11
0.3551733070866142
21
0.2005517322834646
0
LINE
8
BLACK
6
CONTINUOUS
10
0.3551733070866142
20
0.2005517322834646
11
0.3550787401574803
21
0.201511811023622
0
LINE
8
BLACK
6
CONTINUOUS
10
0.3550787401574803
20
0.201511811023622
11
0.3550787401574803
21
0.2201721653543307
0
LINE
8
BLACK
6
CONTINUOUS
10
0.3550787401574803
20
0.2201721653543307
11
0.3545563779527559
21
0.220276062992126
0
LINE
8
BLACK
6
CONTINUOUS
10
0.3545563779527559
20
0.220276062992126
11
0.3532790944881889
21
0.2211294881889764
0
LINE
8
BLACK
6
CONTINUOUS
10
0.3532790944881889
20
0.2211294881889764
11
0.3524256692913386
21
0.2224067716535433
0
LINE
8
BLACK
6
CONTINUOUS
10
0.3524256692913386
20
0.2224067716535433
11
0.3521259842519685
21
0.2239133858267716
0
LINE
8
BLACK
6
CONTINUOUS
10
0.3521259842519685
20
0.2239133858267716
11
0.3521259842519685
21
0.2682047244094488
0
LINE
8
BLACK
6
CONTINUOUS
10
0.3521259842519685
20
0.2682047244094488
11
0.3524256692913386
21
0.2697113385826772
0
LINE
8
BLACK
6
CONTINUOUS
10
0.3524256692913386
20
0.2697113385826772
11
0.3532790944881889
21
0.2709886220472441
0
LINE
8
BLACK
6
CONTINUOUS
10
0.3532790944881889
20
0.2709886220472441
11
0.3545563779527559
21
0.2718420472440945
0
LINE
8
BLACK
6
CONTINUOUS
10
0.3545563779527559
20
0.2718420472440945
11
0.3560629921259842
21
0.2721417322834646
0
LINE
8
BLACK
6
CONTINUOUS
10
0.3560629921259842
20
0.2721417322834646
11
0.3639370078740157
21
0.2721417322834646
0
LINE
8
BLACK
6
CONTINUOUS
10
0.3639370078740157
20
0.2721417322834646
11
0.3654436220472441
21
0.2718420472440945
0
LINE
8
BLACK
6
CONTINUOUS
10
0.3654436220472441
20
0.2718420472440945
11
0.366720905511811
21
0.2709886220472441
0
LINE
8
BLACK
6
CONTINUOUS
10
0.366720905511811
20
0.2709886220472441
11
0.3675743307086614
21
0.2697113385826772
0
LINE
8
BLACK
6
CONTINUOUS
10
0.3675743307086614
20
0.2697113385826772
11
0.3678740157480315
21
0.2682047244094488
0
LINE
8
BLACK
6
CONTINUOUS
10
0.3678740157480315
20
0.2682047244094488
11
0.3678740157480315
21
0.2239133858267716
0
LINE
8
BLACK
6
CONTINUOUS
10
0.3678740157480315
20
0.2239133858267716
11
0.3675743307086614
21
0.2224067716535433
0
LINE
8
BLACK
6
CONTINUOUS
10
0.3675743307086614
20
0.2224067716535433
11
0.366720905511811
21
0.2211294881889764
0
LINE
8
BLACK
6
CONTINUOUS
10
0.366720905511811
20
0.2211294881889764
11
0.3654436220472441
21
0.220276062992126
0
LINE
8
BLACK
6
CONTINUOUS
10
0.3654436220472441
20
0.220276062992126
11
0.3649212598425197
21
0.2201721653543307
0
LINE
8
BLACK
6
CONTINUOUS
10
0.3649212598425197
20
0.2201721653543307
11
0.3649212598425197
21
0.2035502362204724
0
LINE
8
BLACK
6
CONTINUOUS
10
0.3649212598425197
20
0.2035502362204724
11
0.3681472834645669
21
0.2003242125984252
0
LINE
8
BLACK
6
CONTINUOUS
10
0.3681472834645669
20
0.2003242125984252
11
0.3701857480314961
21
0.2005925196850394
0
LINE
8
BLACK
6
CONTINUOUS
10
0.3701857480314961
20
0.2005925196850394
11
0.370185905511811
21
0.2005925984251968
0
LINE
8
BLACK
6
CONTINUOUS
10
0.370185905511811
20
0.2005925984251968
11
0.3708711023622047
21
0.2008763779527559
0
LINE
8
BLACK
6
CONTINUOUS
10
0.3708711023622047
20
0.2008763779527559
11
0.3736501968503937
21
0.2011751968503937
0
LINE
8
BLACK
6
CONTINUOUS
10
0.3736501968503937
20
0.2011751968503937
11
0.3746676771653543
21
0.2008764960629921
0
LINE
8
BLACK
6
CONTINUOUS
10
0.3746676771653543
20
0.2008764960629921
11
0.3753996062992126
21
0.2005733070866142
0
LINE
8
BLACK
6
CONTINUOUS
10
0.3753996062992126
20
0.2005733070866142
11
0.3800832677165354
21
0.1999566929133858
0
LINE
8
BLACK
6
CONTINUOUS
10
0.3800832677165354
20
0.1999566929133858
11
0.3910977952755905
21
0.1999567322834646
0
LINE
8
BLACK
6
CONTINUOUS
10
0.3910977952755905
20
0.1999567322834646
11
0.3957814960629921
21
0.2005733070866142
0
LINE
8
BLACK
6
CONTINUOUS
10
0.3957814960629921
20
0.2005733070866142
11
0.4016092913385826
21
0.2029872440944882
0
LINE
8
BLACK
6
CONTINUOUS
10
0.4016092913385826
20
0.2029872440944882
11
0.4066136614173228
21
0.2068272834645669
0
LINE
8
BLACK
6
CONTINUOUS
10
0.4066136614173228
20
0.2068272834645669
11
0.4104537007874016
21
0.2118316535433071
0
LINE
8
BLACK
6
CONTINUOUS
10
0.4104537007874016
20
0.2118316535433071
11
0.4128676377952756
21
0.2176594488188976
0
LINE
8
BLACK
6
CONTINUOUS
10
0.4128676377952756
20
0.2176594488188976
11
0.4128676377952756
21
0.2176596062992126
0
LINE
8
BLACK
6
CONTINUOUS
10
0.4128676377952756
20
0.2176596062992126
11
0.4129411023622047
21
0.2179336220472441
0
LINE
8
BLACK
6
CONTINUOUS
10
0.4129411023622047
20
0.2179336220472441
11
0.4143959448818897
21
0.2203203149606299
0
LINE
8
BLACK
6
CONTINUOUS
10
0.4143959448818897
20
0.2203203149606299
11
0.416910157480315
21
0.2215415748031496
0
LINE
8
BLACK
6
CONTINUOUS
10
0.416910157480315
20
0.2215415748031496
11
0.4177326771653543
21
0.2216102362204724
0
LINE
8
BLACK
6
CONTINUOUS
10
0.4177326771653543
20
0.2216102362204724
11
0.4182720866141732
21
0.2216102362204724
0
LINE
8
BLACK
6
CONTINUOUS
10
0.4182720866141732
20
0.2216102362204724
11
0.418272125984252
21
0.2216102362204724
0
LINE
8
BLACK
6
CONTINUOUS
10
0.418272125984252
20
0.2216102362204724
11
0.4213185826771653
21
0.2224265354330709
0
LINE
8
BLACK
6
CONTINUOUS
10
0.4213185826771653
20
0.2224265354330709
11
0.4243651181102362
21
0.2232428346456693
0
LINE
8
BLACK
6
CONTINUOUS
10
0.4243651181102362
20
0.2232428346456693
11
0.429827874015748
21
0.2263967716535433
0
LINE
8
BLACK
6
CONTINUOUS
10
0.429827874015748
20
0.2263967716535433
11
0.4501631889763779
21
0.2467320866141732
0
LINE
8
BLACK
6
CONTINUOUS
10
0.4501631889763779
20
0.2467320866141732
11
0.4526164173228346
21
0.2480716929133858
0
LINE
8
BLACK
6
CONTINUOUS
10
0.4526164173228346
20
0.2480716929133858
11
0.4536708661417323
21
0.2481850393700787
0
LINE
8
BLACK
6
CONTINUOUS
10
0.4536708661417323
20
0.2481850393700787
11
0.5154254330708661
21
0.2481850393700787
0
LINE
8
BLACK
6
CONTINUOUS
10
0.5154254330708661
20
0.2481850393700787
11
0.5154254724409448
21
0.2481850393700787
0
LINE
8
BLACK
6
CONTINUOUS
10
0.5154254724409448
20
0.2481850393700787
11
0.5154255118110236
21
0.2481850393700787
0
LINE
8
BLACK
6
CONTINUOUS
10
0.5154255118110236
20
0.2481850393700787
11
0.5215184645669291
21
0.2498176377952756
0
LINE
8
BLACK
6
CONTINUOUS
10
0.5215184645669291
20
0.2498176377952756
11
0.5269812598425196
21
0.2529715748031496
0
LINE
8
BLACK
6
CONTINUOUS
10
0.5269812598425196
20
0.2529715748031496
11
0.5588422440944881
21
0.2848325984251969
0
LINE
8
BLACK
6
CONTINUOUS
10
0.5588422440944881
20
0.2848325984251969
11
0.5612953543307087
21
0.2861720472440945
0
LINE
8
BLACK
6
CONTINUOUS
10
0.5612953543307087
20
0.2861720472440945
11
0.5640833464566929
21
0.2859726771653543
0
LINE
8
BLACK
6
CONTINUOUS
10
0.5640833464566929
20
0.2859726771653543
11
0.5642461417322835
21
0.2859086220472441
0
LINE
8
BLACK
6
CONTINUOUS
10
0.5642461417322835
20
0.2859086220472441
11
0.5643081889763779
21
0.2858829133858268
0
LINE
8
BLACK
6
CONTINUOUS
10
0.5643081889763779
20
0.2858829133858268
11
0.5709988976377952
21
0.2845520472440945
0
LINE
8
BLACK
6
CONTINUOUS
10
0.5709988976377952
20
0.2845520472440945
11
0.570998937007874
21
0.2845520472440945
0
LINE
8
BLACK
6
CONTINUOUS
10
0.570998937007874
20
0.2845520472440945
11
0.5778205905511811
21
0.2845520472440945
0
LINE
8
BLACK
6
CONTINUOUS
10
0.5778205905511811
20
0.2845520472440945
11
0.5778206299212598
21
0.2845520472440945
0
LINE
8
BLACK
6
CONTINUOUS
10
0.5778206299212598
20
0.2845520472440945
11
0.5845113385826771
21
0.2858829133858268
0
LINE
8
BLACK
6
CONTINUOUS
10
0.5845113385826771
20
0.2858829133858268
11
0.5908138188976377
21
0.2884934645669291
0
LINE
8
BLACK
6
CONTINUOUS
10
0.5908138188976377
20
0.2884934645669291
11
0.5964859448818898
21
0.2922834251968504
0
LINE
8
BLACK
6
CONTINUOUS
10
0.5964859448818898
20
0.2922834251968504
11
0.596667716535433
21
0.2924652362204724
0
LINE
8
BLACK
6
CONTINUOUS
10
0.596667716535433
20
0.2924652362204724
11
0.5966679133858268
21
0.2924653149606299
0
LINE
8
BLACK
6
CONTINUOUS
10
0.5966679133858268
20
0.2924653149606299
11
0.5988991732283464
21
0.2946966141732283
0
LINE
8
BLACK
6
CONTINUOUS
10
0.5988991732283464
20
0.2946966141732283
11
0.6009546850393701
21
0.2967521259842519
0
LINE
8
BLACK
6
CONTINUOUS
10
0.6009546850393701
20
0.2967521259842519
11
0.6023880708661418
21
0.2981855118110236
0
LINE
8
BLACK
6
CONTINUOUS
10
0.6023880708661418
20
0.2981855118110236
11
0.6024922440944882
21
0.2982709448818898
0
LINE
8
BLACK
6
CONTINUOUS
10
0.6024922440944882
20
0.2982709448818898
11
0.6026709448818898
21
0.2984635039370079
0
LINE
8
BLACK
6
CONTINUOUS
10
0.6026709448818898
20
0.2984635039370079
11
0.602773188976378
21
0.2985704724409449
0
LINE
8
BLACK
6
CONTINUOUS
10
0.602773188976378
20
0.2985704724409449
11
0.6029035433070866
21
0.2987029527559055
0
LINE
8
BLACK
6
CONTINUOUS
10
0.6029035433070866
20
0.2987029527559055
11
0.6029155511811023
21
0.2987148818897638
0
LINE
8
BLACK
6
CONTINUOUS
10
0.6029155511811023
20
0.2987148818897638
11
0.6067053543307086
21
0.3043865354330709
0
LINE
8
BLACK
6
CONTINUOUS
10
0.6067053543307086
20
0.3043865354330709
11
0.609315905511811
21
0.3106884645669291
0
LINE
8
BLACK
6
CONTINUOUS
10
0.609315905511811
20
0.3106884645669291
11
0.610646968503937
21
0.3173786220472441
0
LINE
8
BLACK
6
CONTINUOUS
10
0.610646968503937
20
0.3173786220472441
11
0.6106473622047244
21
0.3237287401574803
0
LINE
8
BLACK
6
CONTINUOUS
10
0.6106473622047244
20
0.3237287401574803
11
0.6114349606299212
21
0.3264103937007874
0
LINE
8
BLACK
6
CONTINUOUS
10
0.6114349606299212
20
0.3264103937007874
11
0.6135474803149606
21
0.3282407086614173
0
LINE
8
BLACK
6
CONTINUOUS
10
0.6135474803149606
20
0.3282407086614173
11
0.6163141732283465
21
0.3286383858267716
0
LINE
8
BLACK
6
CONTINUOUS
10
0.6163141732283465
20
0.3286383858267716
11
0.6182120866141733
21
0.3279503937007874
0
LINE
8
BLACK
6
CONTINUOUS
10
0.6182120866141733
20
0.3279503937007874
11
0.6205772440944882
21
0.3264915354330709
0
LINE
8
BLACK
6
CONTINUOUS
10
0.6205772440944882
20
0.3264915354330709
11
0.6272037007874015
21
0.3242957874015748
0
LINE
8
BLACK
6
CONTINUOUS
10
0.6272037007874015
20
0.3242957874015748
11
0.6312935039370079
21
0.3238779527559055
0
LINE
8
BLACK
6
CONTINUOUS
10
0.6312935039370079
20
0.3238779527559055
11
0.6707064566929134
21
0.3238779921259842
0
LINE
8
BLACK
6
CONTINUOUS
10
0.6707064566929134
20
0.3238779921259842
11
0.6747962992125984
21
0.3242957874015748
0
LINE
8
BLACK
6
CONTINUOUS
10
0.6747962992125984
20
0.3242957874015748
11
0.6793102755905511
21
0.3257915354330709
0
LINE
8
BLACK
6
CONTINUOUS
10
0.6793102755905511
20
0.3257915354330709
11
0.680870590551181
21
0.3260433070866142
0
LINE
8
BLACK
6
CONTINUOUS
10
0.680870590551181
20
0.3260433070866142
11
0.6950196850393701
21
0.3260433070866142
0
LINE
8
BLACK
6
CONTINUOUS
10
0.6950196850393701
20
0.3260433070866142
11
0.6977016141732283
21
0.3252558267716535
0
LINE
8
BLACK
6
CONTINUOUS
10
0.6977016141732283
20
0.3252558267716535
11
0.6995320472440945
21
0.3231433858267717
0
LINE
8
BLACK
6
CONTINUOUS
10
0.6995320472440945
20
0.3231433858267717
11
0.69998031496063
21
0.3210826771653543
0
LINE
8
BLACK
6
CONTINUOUS
10
0.69998031496063
20
0.3210826771653543
11
0.69998031496063
21
0.3180846850393701
0
LINE
8
BLACK
6
CONTINUOUS
10
0.69998031496063
20
0.3180846850393701
11
0.7002365748031496
21
0.3157009448818898
0
LINE
8
BLACK
6
CONTINUOUS
10
0.7002365748031496
20
0.3157009448818898
11
0.7002366535433071
21
0.3157006299212599
0
LINE
8
BLACK
6
CONTINUOUS
10
0.7002366535433071
20
0.3157006299212599
11
0.7022484251968504
21
0.3103070078740157
0
LINE
8
BLACK
6
CONTINUOUS
10
0.7022484251968504
20
0.3103070078740157
11
0.7022485039370079
21
0.3103068110236221
0
LINE
8
BLACK
6
CONTINUOUS
10
0.7022485039370079
20
0.3103068110236221
11
0.7056983070866142
21
0.3056984645669291
0
LINE
8
BLACK
6
CONTINUOUS
10
0.7056983070866142
20
0.3056984645669291
11
0.7056983464566929
21
0.3056984645669291
0
LINE
8
BLACK
6
CONTINUOUS
10
0.7056983464566929
20
0.3056984645669291
11
0.7056983858267717
21
0.3056983858267717
0
LINE
8
BLACK
6
CONTINUOUS
10
0.7056983858267717
20
0.3056983858267717
11
0.70588
21
0.3055624409448819
0
LINE
8
BLACK
6
CONTINUOUS
10
0.70588
20
0.3055624409448819
11
0.7080220472440945
21
0.3039588976377953
0
LINE
8
BLACK
6
CONTINUOUS
10
0.7080220472440945
20
0.3039588976377953
11
0.7096970866141732
21
0.3017212598425197
0
LINE
8
BLACK
6
CONTINUOUS
10
0.7096970866141732
20
0.3017212598425197
11
0.7098964566929133
21
0.2989332283464567
0
LINE
8
BLACK
6
CONTINUOUS
10
0.7098964566929133
20
0.2989332283464567
11
0.7085568897637795
21
0.29648
0
LINE
8
BLACK
6
CONTINUOUS
10
0.7085568897637795
20
0.29648
11
0.7080220472440945
21
0.2960165748031496
0
LINE
8
BLACK
6
CONTINUOUS
10
0.7080220472440945
20
0.2960165748031496
11
0.7057124409448818
21
0.2942875984251969
0
LINE
8
BLACK
6
CONTINUOUS
10
0.7057124409448818
20
0.2942875984251969
11
0.7022659448818898
21
0.2896837007874016
0
LINE
8
BLACK
6
CONTINUOUS
10
0.7022659448818898
20
0.2896837007874016
11
0.7022659448818898
21
0.2896836614173228
0
LINE
8
BLACK
6
CONTINUOUS
10
0.7022659448818898
20
0.2896836614173228
11
0.7002561023622047
21
0.2842950393700787
0
LINE
8
BLACK
6
CONTINUOUS
10
0.7002561023622047
20
0.2842950393700787
11
0.7
21
0.2819133070866142
0
LINE
8
BLACK
6
CONTINUOUS
10
0.7
20
0.2819133070866142
11
0.7
21
0.26
0
LINE
8
BLACK
6
CONTINUOUS
10
0.7
20
0.26
11
0.72
21
0.26
0
LINE
8
BLACK
6
CONTINUOUS
10
0.72
20
0.26
11
0.72
21
0.28
0
LINE
8
BLACK
6
CONTINUOUS
10
0.72
20
0.28
11
0.78
21
0.28
0
LINE
8
BLACK
6
CONTINUOUS
10
0.78
20
0.28
11
0.78
21
0.26
0
LINE
8
BLACK
6
CONTINUOUS
10
0.78
20
0.26
11
0.82
21
0.26
0
LINE
8
BLACK
6
CONTINUOUS
10
0.82
20
0.26
11
0.82
21
0.28
0
LINE
8
BLACK
6
CONTINUOUS
10
0.82
20
0.28
11
0.88
21
0.28
0
LINE
8
BLACK
6
CONTINUOUS
10
0.88
20
0.28
11
0.88
21
0.26
0
LINE
8
BLACK
6
CONTINUOUS
10
0.88
20
0.26
11
0.9
21
0.26
0
LINE
8
BLACK
6
CONTINUOUS
10
0.9
20
0.26
11
0.9
21
0.2819128346456693
0
LINE
8
BLACK
6
CONTINUOUS
10
0.9
20
0.2819128346456693
11
0.8999999606299213
21
0.2819133070866142
0
LINE
8
BLACK
6
CONTINUOUS
10
0.8999999606299213
20
0.2819133070866142
11
0.8997438582677165
21
0.2842950393700787
0
LINE
8
BLACK
6
CONTINUOUS
10
0.8997438582677165
20
0.2842950393700787
11
0.8977340157480315
21
0.2896836614173228
0
LINE
8
BLACK
6
CONTINUOUS
10
0.8977340157480315
20
0.2896836614173228
11
0.8977340157480315
21
0.2896837007874016
0
LINE
8
BLACK
6
CONTINUOUS
10
0.8977340157480315
20
0.2896837007874016
11
0.8942875590551181
21
0.2942875984251969
0
LINE
8
BLACK
6
CONTINUOUS
10
0.8942875590551181
20
0.2942875984251969
11
0.8919779527559055
21
0.2960165354330709
0
LINE
8
BLACK
6
CONTINUOUS
10
0.8919779527559055
20
0.2960165354330709
11
0.890302874015748
21
0.2982541732283465
0
LINE
8
BLACK
6
CONTINUOUS
10
0.890302874015748
20
0.2982541732283465
11
0.8901035039370079
21
0.3010422047244095
0
LINE
8
BLACK
6
CONTINUOUS
10
0.8901035039370079
20
0.3010422047244095
11
0.8914430708661417
21
0.3034954330708661
0
LINE
8
BLACK
6
CONTINUOUS
10
0.8914430708661417
20
0.3034954330708661
11
0.8919779527559055
21
0.3039588976377953
0
LINE
8
BLACK
6
CONTINUOUS
10
0.8919779527559055
20
0.3039588976377953
11
0.8943016141732283
21
0.3056983858267717
0
LINE
8
BLACK
6
CONTINUOUS
10
0.8943016141732283
20
0.3056983858267717
11
0.8977514566929133
21
0.3103068110236221
0
LINE
8
BLACK
6
CONTINUOUS
10
0.8977514566929133
20
0.3103068110236221
11
0.8977514566929133
21
0.3103068503937008
0
LINE
8
BLACK
6
CONTINUOUS
10
0.8977514566929133
20
0.3103068503937008
11
0.8977515354330708
21
0.3103069291338583
0
LINE
8
BLACK
6
CONTINUOUS
10
0.8977515354330708
20
0.3103069291338583
11
0.8997633464566929
21
0.3157007480314961
0
LINE
8
BLACK
6
CONTINUOUS
10
0.8997633464566929
20
0.3157007480314961
11
0.8997795669291339
21
0.3158514173228346
0
LINE
8
BLACK
6
CONTINUOUS
10
0.8997795669291339
20
0.3158514173228346
11
0.9000196456692913
21
0.3180846850393701
0
LINE
8
BLACK
6
CONTINUOUS
10
0.9000196456692913
20
0.3180846850393701
11
0.90001968503937
21
0.3180853543307087
0
LINE
8
BLACK
6
CONTINUOUS
10
0.90001968503937
20
0.3180853543307087
11
0.90001968503937
21
0.3819146850393701
0
LINE
8
BLACK
6
CONTINUOUS
10
0.90001968503937
20
0.3819146850393701
11
0.9000196456692913
21
0.3819153543307087
0
LINE
8
BLACK
6
CONTINUOUS
10
0.9000196456692913
20
0.3819153543307087
11
0.8997633858267716
21
0.3842990944881889
0
LINE
8
BLACK
6
CONTINUOUS
10
0.8997633858267716
20
0.3842990944881889
11
0.8997633070866141
21
0.3842994094488189
0
LINE
8
BLACK
6
CONTINUOUS
10
0.8997633070866141
20
0.3842994094488189
11
0.8983509448818897
21
0.3880860236220472
0
LINE
8
BLACK
6
CONTINUOUS
10
0.8983509448818897
20
0.3880860236220472
11
0.8977515354330708
21
0.3896930708661417
0
LINE
8
BLACK
6
CONTINUOUS
10
0.8977515354330708
20
0.3896930708661417
11
0.8977514960629921
21
0.3896931496062992
0
LINE
8
BLACK
6
CONTINUOUS
10
0.8977514960629921
20
0.3896931496062992
11
0.8977514566929133
21
0.3896932283464567
0
LINE
8
BLACK
6
CONTINUOUS
10
0.8977514566929133
20
0.3896932283464567
11
0.8943016141732283
21
0.3943016535433071
0
LINE
8
BLACK
6
CONTINUOUS
10
0.8943016141732283
20
0.3943016535433071
11
0.8919943700787402
21
0.3960288188976378
0
LINE
8
BLACK
6
CONTINUOUS
10
0.8919943700787402
20
0.3960288188976378
11
0.8903192913385827
21
0.3982664566929134
0
LINE
8
BLACK
6
CONTINUOUS
10
0.8903192913385827
20
0.3982664566929134
11
0.8901199212598425
21
0.4010544881889764
0
LINE
8
BLACK
6
CONTINUOUS
10
0.8901199212598425
20
0.4010544881889764
11
0.8914594881889764
21
0.403507716535433
0
LINE
8
BLACK
6
CONTINUOUS
10
0.8914594881889764
20
0.403507716535433
11
0.8919943700787402
21
0.4039711811023622
0
LINE
8
BLACK
6
CONTINUOUS
10
0.8919943700787402
20
0.4039711811023622
11
0.8943016141732283
21
0.4056983858267716
0
LINE
8
BLACK
6
CONTINUOUS
10
0.8943016141732283
20
0.4056983858267716
11
0.8977514566929133
21
0.410306811023622
0
LINE
8
BLACK
6
CONTINUOUS
10
0.8977514566929133
20
0.410306811023622
11
0.8977514566929133
21
0.4103068503937008
0
LINE
8
BLACK
6
CONTINUOUS
10
0.8977514566929133
20
0.4103068503937008
11
0.8977515354330708
21
0.4103069291338582
0
LINE
8
BLACK
6
CONTINUOUS
10
0.8977515354330708
20
0.4103069291338582
11
0.8997633464566929
21
0.415700748031496
0
LINE
8
BLACK
6
CONTINUOUS
10
0.8997633464566929
20
0.415700748031496
11
0.90001968503937
21
0.4180851181102362
0
LINE
8
BLACK
6
CONTINUOUS
10
0.90001968503937
20
0.4180851181102362
11
0.90001968503937
21
0.4819148818897638
0
LINE
8
BLACK
6
CONTINUOUS
10
0.90001968503937
20
0.4819148818897638
11
0.8999851574803149
21
0.4822359842519685
0
LINE
8
BLACK
6
CONTINUOUS
10
0.8999851574803149
20
0.4822359842519685
11
0.8997633858267716
21
0.484299094488189
0
LINE
8
BLACK
6
CONTINUOUS
10
0.8997633858267716
20
0.484299094488189
11
0.8997633070866141
21
0.4842994094488189
0
LINE
8
BLACK
6
CONTINUOUS
10
0.8997633070866141
20
0.4842994094488189
11
0.8979400393700787
21
0.4891876377952756
0
LINE
8
BLACK
6
CONTINUOUS
10
0.8979400393700787
20
0.4891876377952756
11
0.8977515354330708
21
0.4896930708661417
0
LINE
8
BLACK
6
CONTINUOUS
10
0.8977515354330708
20
0.4896930708661417
11
0.8977514960629921
21
0.4896931496062992
0
LINE
8
BLACK
6
CONTINUOUS
10
0.8977514960629921
20
0.4896931496062992
11
0.8977514566929133
21
0.4896932283464567
0
LINE
8
BLACK
6
CONTINUOUS
10
0.8977514566929133
20
0.4896932283464567
11
0.8944373622047244
21
0.4941202755905512
0
LINE
8
BLACK
6
CONTINUOUS
10
0.8944373622047244
20
0.4941202755905512
11
0.8943016141732283
21
0.4943016141732283
0
LINE
8
BLACK
6
CONTINUOUS
10
0.8943016141732283
20
0.4943016141732283
11
0.8943015748031495
21
0.4943016535433071
0
LINE
8
BLACK
6
CONTINUOUS
10
0.8943015748031495
20
0.4943016535433071
11
0.8919779133858268
21
0.4960411811023622
0
LINE
8
BLACK
6
CONTINUOUS
10
0.8919779133858268
20
0.4960411811023622
11
0.890302874015748
21
0.4982788188976378
0
LINE
8
BLACK
6
CONTINUOUS
10
0.890302874015748
20
0.4982788188976378
11
0.8901035039370079
21
0.5010668503937008
0
LINE
8
BLACK
6
CONTINUOUS
10
0.8901035039370079
20
0.5010668503937008
11
0.8914430708661417
21
0.5035200393700787
0
LINE
8
BLACK
6
CONTINUOUS
10
0.8914430708661417
20
0.5035200393700787
11
0.8919779921259843
21
0.5039835433070866
0
LINE
8
BLACK
6
CONTINUOUS
10
0.8919779921259843
20
0.5039835433070866
11
0.8942875590551181
21
0.5057124803149606
0
LINE
8
BLACK
6
CONTINUOUS
10
0.8942875590551181
20
0.5057124803149606
11
0.8977340157480315
21
0.5103163385826771
0
LINE
8
BLACK
6
CONTINUOUS
10
0.8977340157480315
20
0.5103163385826771
11
0.8977340157480315
21
0.5103163779527559
0
LINE
8
BLACK
6
CONTINUOUS
10
0.8977340157480315
20
0.5103163779527559
11
0.8997438582677165
21
0.515705
0
LINE
8
BLACK
6
CONTINUOUS
10
0.8997438582677165
20
0.515705
11
0.8999999606299213
21
0.5180867322834646
0
LINE
8
BLACK
6
CONTINUOUS
10
0.8999999606299213
20
0.5180867322834646
11
0.9
21
0.5180872047244094
0
LINE
8
BLACK
6
CONTINUOUS
10
0.9
20
0.5180872047244094
11
0.9
21
0.54
0
LINE
8
BLACK
6
CONTINUOUS
10
0.9
20
0.54
11
0.88
21
0.54
0
LINE
8
BLACK
6
CONTINUOUS
10
0.88
20
0.54
11
0.88
21
0.52
0
LINE
8
BLACK
6
CONTINUOUS
10
0.88
20
0.52
11
0.82
21
0.52
0
LINE
8
BLACK
6
CONTINUOUS
10
0.82
20
0.52
11
0.82
21
0.54
0
LINE
8
BLACK
6
CONTINUOUS
10
0.82
20
0.54
11
0.78
21
0.54
0
LINE
8
BLACK
6
CONTINUOUS
10
0.78
20
0.54
11
0.78
21
0.52
0
LINE
8
BLACK
6
CONTINUOUS
10
0.78
20
0.52
11
0.72
21
0.52
0
LINE
8
BLACK
6
CONTINUOUS
10
0.72
20
0.52
11
0.72
21
0.54
0
LINE
8
BLACK
6
CONTINUOUS
10
0.72
20
0.54
11
0.7
21
0.54
0
LINE
8
BLACK
6
CONTINUOUS
10
0.7
20
0.54
11
0.7
21
0.5180867322834646
0
LINE
8
BLACK
6
CONTINUOUS
10
0.7
20
0.5180867322834646
11
0.7002561023622047
21
0.515705
0
LINE
8
BLACK
6
CONTINUOUS
10
0.7002561023622047
20
0.515705
11
0.7022659448818898
21
0.5103163779527559
0
LINE
8
BLACK
6
CONTINUOUS
10
0.7022659448818898
20
0.5103163779527559
11
0.7022659448818898
21
0.5103163385826771
0
LINE
8
BLACK
6
CONTINUOUS
10
0.7022659448818898
20
0.5103163385826771
11
0.7057124015748031
21
0.5057124409448819
0
LINE
8
BLACK
6
CONTINUOUS
10
0.7057124015748031
20
0.5057124409448819
11
0.7080220078740157
21
0.5039835039370079
0
LINE
8
BLACK
6
CONTINUOUS
10
0.7080220078740157
20
0.5039835039370079
11
0.7096970866141732
21
0.5017458661417322
0
LINE
8
BLACK
6
CONTINUOUS
10
0.7096970866141732
20
0.5017458661417322
11
0.7098964566929133
21
0.498957874015748
0
LINE
8
BLACK
6
CONTINUOUS
10
0.7098964566929133
20
0.498957874015748
11
0.7085568897637795
21
0.4965046062992126
0
LINE
8
BLACK
6
CONTINUOUS
10
0.7085568897637795
20
0.4965046062992126
11
0.7080220866141732
21
0.4960411811023622
0
LINE
8
BLACK
6
CONTINUOUS
10
0.7080220866141732
20
0.4960411811023622
11
0.7056983464566929
21
0.4943016141732283
0
LINE
8
BLACK
6
CONTINUOUS
10
0.7056983464566929
20
0.4943016141732283
11
0.7022485039370079
21
0.4896932283464567
0
LINE
8
BLACK
6
CONTINUOUS
10
0.7022485039370079
20
0.4896932283464567
11
0.7022484251968504
21
0.489693031496063
0
LINE
8
BLACK
6
CONTINUOUS
10
0.7022484251968504
20
0.489693031496063
11
0.7002366535433071
21
0.4842994094488189
0
LINE
8
BLACK
6
CONTINUOUS
10
0.7002366535433071
20
0.4842994094488189
11
0.7002365748031496
21
0.484299094488189
0
LINE
8
BLACK
6
CONTINUOUS
10
0.7002365748031496
20
0.484299094488189
11
0.69998031496063
21
0.4819153543307086
0
LINE
8
BLACK
6
CONTINUOUS
10
0.69998031496063
20
0.4819153543307086
11
0.69998031496063
21
0.4789173228346457
0
LINE
8
BLACK
6
CONTINUOUS
10
0.69998031496063
20
0.4789173228346457
11
0.6991928346456693
21
0.4762353937007874
0
LINE
8
BLACK
6
CONTINUOUS
10
0.6991928346456693
20
0.4762353937007874
11
0.6970803937007873
21
0.4744049606299213
0
LINE
8
BLACK
6
CONTINUOUS
10
0.6970803937007873
20
0.4744049606299213
11
0.6950196850393701
21
0.4739566929133858
0
LINE
8
BLACK
6
CONTINUOUS
10
0.6950196850393701
20
0.4739566929133858
11
0.6808705511811024
21
0.4739566929133858
0
LINE
8
BLACK
6
CONTINUOUS
10
0.6808705511811024
20
0.4739566929133858
11
0.6793102755905511
21
0.4742084645669291
0
LINE
8
BLACK
6
CONTINUOUS
10
0.6793102755905511
20
0.4742084645669291
11
0.6747962992125984
21
0.4757042125984252
0
LINE
8
BLACK
6
CONTINUOUS
10
0.6747962992125984
20
0.4757042125984252
11
0.6747962204724409
21
0.4757042519685039
0
LINE
8
BLACK
6
CONTINUOUS
10
0.6747962204724409
20
0.4757042519685039
11
0.6747961417322834
21
0.4757042519685039
0
LINE
8
BLACK
6
CONTINUOUS
10
0.6747961417322834
20
0.4757042519685039
11
0.6707068110236221
21
0.4761220472440945
0
LINE
8
BLACK
6
CONTINUOUS
10
0.6707068110236221
20
0.4761220472440945
11
0.6436091732283464
21
0.4761220472440945
0
LINE
8
BLACK
6
CONTINUOUS
10
0.6436091732283464
20
0.4761220472440945
11
0.6409272440944882
21
0.4769095275590551
0
LINE
8
BLACK
6
CONTINUOUS
10
0.6409272440944882
20
0.4769095275590551
11
0.639096811023622
21
0.479021968503937
0
LINE
8
BLACK
6
CONTINUOUS
10
0.639096811023622
20
0.479021968503937
11
0.6386990157480315
21
0.4817886614173228
0
LINE
8
BLACK
6
CONTINUOUS
10
0.6386990157480315
20
0.4817886614173228
11
0.6398601968503936
21
0.4843311811023622
0
LINE
8
BLACK
6
CONTINUOUS
10
0.6398601968503936
20
0.4843311811023622
11
0.6411809055118111
21
0.485327874015748
0
LINE
8
BLACK
6
CONTINUOUS
10
0.6411809055118111
20
0.485327874015748
11
0.641152716535433
21
0.4853736220472441
0
LINE
8
BLACK
6
CONTINUOUS
10
0.641152716535433
20
0.4853736220472441
11
0.6473361811023622
21
0.4891876377952756
0
LINE
8
BLACK
6
CONTINUOUS
10
0.6473361811023622
20
0.4891876377952756
11
0.6473364173228346
21
0.4891878346456693
0
LINE
8
BLACK
6
CONTINUOUS
10
0.6473364173228346
20
0.4891878346456693
11
0.6522688582677165
21
0.4941202755905512
0
LINE
8
BLACK
6
CONTINUOUS
10
0.6522688582677165
20
0.4941202755905512
11
0.6522690551181102
21
0.4941205118110236
0
LINE
8
BLACK
6
CONTINUOUS
10
0.6522690551181102
20
0.4941205118110236
11
0.6559313779527559
21
0.5000580708661417
0
LINE
8
BLACK
6
CONTINUOUS
10
0.6559313779527559
20
0.5000580708661417
11
0.6581257086614173
21
0.5066802755905512
0
LINE
8
BLACK
6
CONTINUOUS
10
0.6581257086614173
20
0.5066802755905512
11
0.658125748031496
21
0.5066803937007874
0
LINE
8
BLACK
6
CONTINUOUS
10
0.658125748031496
20
0.5066803937007874
11
0.6585432677165354
21
0.5107670866141732
0
LINE
8
BLACK
6
CONTINUOUS
10
0.6585432677165354
20
0.5107670866141732
11
0.6585433070866141
21
0.5107670866141732
0
LINE
8
BLACK
6
CONTINUOUS
10
0.6585433070866141
20
0.5107670866141732
11
0.6585433070866141
21
0.5125984251968504
0
LINE
8
BLACK
6
CONTINUOUS
10
0.6585433070866141
20
0.5125984251968504
11
0.638511968503937
21
0.5125984251968504
0
LINE
8
BLACK
6
CONTINUOUS
10
0.638511968503937
20
0.5125984251968504
11
0.6377940944881889
21
0.5089893307086614
0
LINE
8
BLACK
6
CONTINUOUS
10
0.6377940944881889
20
0.5089893307086614
11
0.6356605118110236
21
0.5057961811023622
0
LINE
8
BLACK
6
CONTINUOUS
10
0.6356605118110236
20
0.5057961811023622
11
0.6324673622047244
21
0.5036625984251968
0
LINE
8
BLACK
6
CONTINUOUS
10
0.6324673622047244
20
0.5036625984251968
11
0.6287007874015748
21
0.5029133858267717
0
LINE
8
BLACK
6
CONTINUOUS
10
0.6287007874015748
20
0.5029133858267717
11
0.62
21
0.5029133858267717
0
LINE
8
BLACK
6
CONTINUOUS
10
0.62
20
0.5029133858267717
11
0.62
21
0.4829133464566929
0
LINE
8
BLACK
6
CONTINUOUS
10
0.62
20
0.4829133464566929
11
0.6206773622047244
21
0.4822359842519685
0
LINE
8
BLACK
6
CONTINUOUS
10
0.6206773622047244
20
0.4822359842519685
11
0.6210521653543307
21
0.482125905511811
0
LINE
8
BLACK
6
CONTINUOUS
10
0.6210521653543307
20
0.482125905511811
11
0.6228825984251969
21
0.4800134645669291
0
LINE
8
BLACK
6
CONTINUOUS
10
0.6228825984251969
20
0.4800134645669291
11
0.6232803937007874
21
0.4772467716535433
0
LINE
8
BLACK
6
CONTINUOUS
10
0.6232803937007874
20
0.4772467716535433
11
0.6221192125984252
21
0.4747042519685039
0
LINE
8
BLACK
6
CONTINUOUS
10
0.6221192125984252
20
0.4747042519685039
11
0.6207953937007874
21
0.4737050787401575
0
LINE
8
BLACK
6
CONTINUOUS
10
0.6207953937007874
20
0.4737050787401575
11
0.6208231496062993
21
0.4736601181102362
0
LINE
8
BLACK
6
CONTINUOUS
10
0.6208231496062993
20
0.4736601181102362
11
0.6205772834645669
21
0.4735085039370079
0
LINE
8
BLACK
6
CONTINUOUS
10
0.6205772834645669
20
0.4735085039370079
11
0.6205772440944882
21
0.4735084645669291
0
LINE
8
BLACK
6
CONTINUOUS
10
0.6205772440944882
20
0.4735084645669291
11
0.6178130708661417
21
0.4718035433070866
0
LINE
8
BLACK
6
CONTINUOUS
10
0.6178130708661417
20
0.4718035433070866
11
0.6146357086614173
21
0.4698437007874016
0
LINE
8
BLACK
6
CONTINUOUS
10
0.6146357086614173
20
0.4698437007874016
11
0.6146354724409449
21
0.4698435039370079
0
LINE
8
BLACK
6
CONTINUOUS
10
0.6146354724409449
20
0.4698435039370079
11
0.6096998031496063
21
0.4649078346456693
0
LINE
8
BLACK
6
CONTINUOUS
10
0.6096998031496063
20
0.4649078346456693
11
0.6096996062992126
21
0.4649075984251969
0
LINE
8
BLACK
6
CONTINUOUS
10
0.6096996062992126
20
0.4649075984251969
11
0.606034842519685
21
0.458966062992126
0
LINE
8
BLACK
6
CONTINUOUS
10
0.606034842519685
20
0.458966062992126
11
0.603839094488189
21
0.4523396850393701
0
LINE
8
BLACK
6
CONTINUOUS
10
0.603839094488189
20
0.4523396850393701
11
0.6038390551181102
21
0.4523394094488189
0
LINE
8
BLACK
6
CONTINUOUS
10
0.6038390551181102
20
0.4523394094488189
11
0.6034212598425197
21
0.4482501574803149
0
LINE
8
BLACK
6
CONTINUOUS
10
0.6034212598425197
20
0.4482501574803149
11
0.6034212598425197
21
0.4242811417322834
0
LINE
8
BLACK
6
CONTINUOUS
10
0.6034212598425197
20
0.4242811417322834
11
0.602633779527559
21
0.4215992125984252
0
LINE
8
BLACK
6
CONTINUOUS
10
0.602633779527559
20
0.4215992125984252
11
0.6019683070866142
21
0.4207734645669291
0
LINE
8
BLACK
6
CONTINUOUS
10
0.6019683070866142
20
0.4207734645669291
11
0.4964628346456693
21
0.3152679133858268
0
LINE
8
BLACK
6
CONTINUOUS
10
0.4964628346456693
20
0.3152679133858268
11
0.4940096062992126
21
0.3139283464566929
0
LINE
8
BLACK
6
CONTINUOUS
10
0.4940096062992126
20
0.3139283464566929
11
0.4929551574803149
21
0.3138149606299213
0
LINE
8
BLACK
6
CONTINUOUS
10
0.4929551574803149
20
0.3138149606299213
11
0.4536708661417323
21
0.3138149606299213
0
LINE
8
BLACK
6
CONTINUOUS
10
0.4536708661417323
20
0.3138149606299213
11
0.450988937007874
21
0.3146024409448819
0
LINE
8
BLACK
6
CONTINUOUS
10
0.450988937007874
20
0.3146024409448819
11
0.4501633464566929
21
0.3152677559055118
0
LINE
8
BLACK
6
CONTINUOUS
10
0.4501633464566929
20
0.3152677559055118
11
0.429827874015748
21
0.3356032283464567
0
LINE
8
BLACK
6
CONTINUOUS
10
0.429827874015748
20
0.3356032283464567
11
0.4298277952755906
21
0.3356032677165354
0
LINE
8
BLACK
6
CONTINUOUS
10
0.4298277952755906
20
0.3356032677165354
11
0.4298277165354331
21
0.3356033464566929
0
LINE
8
BLACK
6
CONTINUOUS
10
0.4298277165354331
20
0.3356033464566929
11
0.4243652755905511
21
0.3387570866141732
0
LINE
8
BLACK
6
CONTINUOUS
10
0.4243652755905511
20
0.3387570866141732
11
0.4243651574803149
21
0.3387571259842519
0
LINE
8
BLACK
6
CONTINUOUS
10
0.4243651574803149
20
0.3387571259842519
11
0.4243651181102362
21
0.3387571653543307
0
LINE
8
BLACK
6
CONTINUOUS
10
0.4243651181102362
20
0.3387571653543307
11
0.4243650393700787
21
0.3387572047244095
0
LINE
8
BLACK
6
CONTINUOUS
10
0.4243650393700787
20
0.3387572047244095
11
0.424365
21
0.3387572047244095
0
LINE
8
BLACK
6
CONTINUOUS
10
0.424365
20
0.3387572047244095
11
0.4192859448818897
21
0.3401181102362205
0
LINE
8
BLACK
6
CONTINUOUS
10
0.4192859448818897
20
0.3401181102362205
11
0.4192859448818897
21
0.3401181496062992
0
LINE
8
BLACK
6
CONTINUOUS
10
0.4192859448818897
20
0.3401181496062992
11
0.418272125984252
21
0.3403897637795276
0
LINE
8
BLACK
6
CONTINUOUS
10
0.418272125984252
20
0.3403897637795276
11
0.4177326771653543
21
0.3403897637795276
0
LINE
8
BLACK
6
CONTINUOUS
10
0.4177326771653543
20
0.3403897637795276
11
0.4168133464566929
21
0.3406597244094488
0
LINE
8
BLACK
6
CONTINUOUS
10
0.4168133464566929
20
0.3406597244094488
11
0.4158603543307087
21
0.3407566929133858
0
LINE
8
BLACK
6
CONTINUOUS
10
0.4158603543307087
20
0.3407566929133858
11
0.4154967716535433
21
0.3410462992125984
0
LINE
8
BLACK
6
CONTINUOUS
10
0.4154967716535433
20
0.3410462992125984
11
0.4150507480314961
21
0.3411772440944882
0
LINE
8
BLACK
6
CONTINUOUS
10
0.4150507480314961
20
0.3411772440944882
11
0.4144233070866142
21
0.3419013779527559
0
LINE
8
BLACK
6
CONTINUOUS
10
0.4144233070866142
20
0.3419013779527559
11
0.4136740157480315
21
0.342498188976378
0
LINE
8
BLACK
6
CONTINUOUS
10
0.4136740157480315
20
0.342498188976378
11
0.4134022047244094
21
0.3430798031496063
0
LINE
8
BLACK
6
CONTINUOUS
10
0.4134022047244094
20
0.3430798031496063
11
0.4132203149606299
21
0.3432896850393701
0
LINE
8
BLACK
6
CONTINUOUS
10
0.4132203149606299
20
0.3432896850393701
11
0.413034842519685
21
0.3437571653543307
0
LINE
8
BLACK
6
CONTINUOUS
10
0.413034842519685
20
0.3437571653543307
11
0.4128870472440945
21
0.344192874015748
0
LINE
8
BLACK
6
CONTINUOUS
10
0.4128870472440945
20
0.344192874015748
11
0.4128676377952756
21
0.3443405511811024
0
LINE
8
BLACK
6
CONTINUOUS
10
0.4128676377952756
20
0.3443405511811024
11
0.4126985433070866
21
0.3447487795275591
0
LINE
8
BLACK
6
CONTINUOUS
10
0.4126985433070866
20
0.3447487795275591
11
0.4126462992125984
21
0.3449028346456693
0
LINE
8
BLACK
6
CONTINUOUS
10
0.4126462992125984
20
0.3449028346456693
11
0.4125949606299212
21
0.3461430708661417
0
LINE
8
BLACK
6
CONTINUOUS
10
0.4125949606299212
20
0.3461430708661417
11
0.4124623228346457
21
0.3473768503937008
0
LINE
8
BLACK
6
CONTINUOUS
10
0.4124623228346457
20
0.3473768503937008
11
0.4125376377952756
21
0.3475274015748032
0
LINE
8
BLACK
6
CONTINUOUS
10
0.4125376377952756
20
0.3475274015748032
11
0.4125307086614173
21
0.3476955905511811
0
LINE
8
BLACK
6
CONTINUOUS
10
0.4125307086614173
20
0.3476955905511811
11
0.413158031496063
21
0.3487667322834646
0
LINE
8
BLACK
6
CONTINUOUS
10
0.413158031496063
20
0.3487667322834646
11
0.4137135039370078
21
0.3498763385826771
0
LINE
8
BLACK
6
CONTINUOUS
10
0.4137135039370078
20
0.3498763385826771
11
0.4138582283464567
21
0.3499622440944882
0
LINE
8
BLACK
6
CONTINUOUS
10
0.4138582283464567
20
0.3499622440944882
11
0.4139433464566929
21
0.3501075196850393
0
LINE
8
BLACK
6
CONTINUOUS
10
0.4139433464566929
20
0.3501075196850393
11
0.4150501574803149
21
0.3506694488188976
0
LINE
8
BLACK
6
CONTINUOUS
10
0.4150501574803149
20
0.3506694488188976
11
0.4161173622047244
21
0.3513025984251968
0
LINE
8
BLACK
6
CONTINUOUS
10
0.4161173622047244
20
0.3513025984251968
11
0.4163566141732283
21
0.3513326771653543
0
LINE
8
BLACK
6
CONTINUOUS
10
0.4163566141732283
20
0.3513326771653543
11
0.4164357086614173
21
0.3513727952755906
0
LINE
8
BLACK
6
CONTINUOUS
10
0.4164357086614173
20
0.3513727952755906
11
0.4165685433070866
21
0.3513592913385827
0
LINE
8
BLACK
6
CONTINUOUS
10
0.4165685433070866
20
0.3513592913385827
11
0.4173441338582677
21
0.3514566929133858
0
LINE
8
BLACK
6
CONTINUOUS
10
0.4173441338582677
20
0.3514566929133858
11
0.4174015748031496
21
0.3514566929133858
0
LINE
8
BLACK
6
CONTINUOUS
10
0.4174015748031496
20
0.3514566929133858
11
0.4174015748031496
21
0.371488031496063
0
LINE
8
BLACK
6
CONTINUOUS
10
0.4174015748031496
20
0.371488031496063
11
0.4137924803149606
21
0.372205905511811
0
LINE
8
BLACK
6
CONTINUOUS
10
0.4137924803149606
20
0.372205905511811
11
0.4105993307086614
21
0.3743394881889764
0
LINE
8
BLACK
6
CONTINUOUS
10
0.4105993307086614
20
0.3743394881889764
11
0.408465748031496
21
0.3775326377952756
0
LINE
8
BLACK
6
CONTINUOUS
10
0.408465748031496
20
0.3775326377952756
11
0.4077165354330708
21
0.3812992125984252
0
LINE
8
BLACK
6
CONTINUOUS
10
0.4077165354330708
20
0.3812992125984252
11
0.4077165354330708
21
0.4057656299212598
0
LINE
8
BLACK
6
CONTINUOUS
10
0.4077165354330708
20
0.4057656299212598
11
0.3930402755905512
21
0.4204418503937008
0
LINE
8
BLACK
6
CONTINUOUS
10
0.3930402755905512
20
0.4204418503937008
11
0.3918164173228346
21
0.4219331889763779
0
LINE
8
BLACK
6
CONTINUOUS
10
0.3918164173228346
20
0.4219331889763779
11
0.3918162598425197
21
0.4219333464566929
0
LINE
8
BLACK
6
CONTINUOUS
10
0.3918162598425197
20
0.4219333464566929
11
0.3903466141732284
21
0.4254813779527559
0
LINE
8
BLACK
6
CONTINUOUS
10
0.3903466141732284
20
0.4254813779527559
11
0.3901574803149606
21
0.4274015748031496
0
LINE
8
BLACK
6
CONTINUOUS
10
0.3901574803149606
20
0.4274015748031496
11
0.3901574803149606
21
0.4353909448818897
0
LINE
8
BLACK
6
CONTINUOUS
10
0.3901574803149606
20
0.4353909448818897
11
0.3895881102362205
21
0.4355194488188976
0
LINE
8
BLACK
6
CONTINUOUS
10
0.3895881102362205
20
0.4355194488188976
11
0.3888303543307087
21
0.4354853543307087
0
LINE
8
BLACK
6
CONTINUOUS
10
0.3888303543307087
20
0.4354853543307087
11
0.388231968503937
21
0.4358255118110236
0
LINE
8
BLACK
6
CONTINUOUS
10
0.388231968503937
20
0.4358255118110236
11
0.3876014960629921
21
0.4359677952755905
0
LINE
8
BLACK
6
CONTINUOUS
10
0.3876014960629921
20
0.4359677952755905
11
0.3868347637795275
21
0.4366197637795275
0
LINE
8
BLACK
6
CONTINUOUS
10
0.3868347637795275
20
0.4366197637795275
11
0.3864777952755906
21
0.4368226771653543
0
LINE
8
BLACK
6
CONTINUOUS
10
0.3864777952755906
20
0.4368226771653543
11
0.3861333464566929
21
0.4371725196850393
0
LINE
8
BLACK
6
CONTINUOUS
10
0.3861333464566929
20
0.4371725196850393
11
0.3860248031496063
21
0.4373485039370079
0
LINE
8
BLACK
6
CONTINUOUS
10
0.3860248031496063
20
0.4373485039370079
11
0.3818270472440945
21
0.4415462598425197
0
LINE
8
BLACK
6
CONTINUOUS
10
0.3818270472440945
20
0.4415462598425197
11
0.3818144881889763
21
0.4415590157480315
0
LINE
8
BLACK
6
CONTINUOUS
10
0.3818144881889763
20
0.4415590157480315
11
0.381162125984252
21
0.442776062992126
0
LINE
8
BLACK
6
CONTINUOUS
10
0.381162125984252
20
0.442776062992126
11
0.3805020472440945
21
0.4439849212598425
0
LINE
8
BLACK
6
CONTINUOUS
10
0.3805020472440945
20
0.4439849212598425
11
0.3805034645669291
21
0.4440049606299212
0
LINE
8
BLACK
6
CONTINUOUS
10
0.3805034645669291
20
0.4440049606299212
11
0.3804940157480315
21
0.4440225984251968
0
LINE
8
BLACK
6
CONTINUOUS
10
0.3804940157480315
20
0.4440225984251968
11
0.3806029133858267
21
0.4453955511811024
0
LINE
8
BLACK
6
CONTINUOUS
10
0.3806029133858267
20
0.4453955511811024
11
0.3807014566929134
21
0.4467729133858268
0
LINE
8
BLACK
6
CONTINUOUS
10
0.3807014566929134
20
0.4467729133858268
11
0.3807134645669291
21
0.4467890157480315
0
LINE
8
BLACK
6
CONTINUOUS
10
0.3807134645669291
20
0.4467890157480315
11
0.3807150787401575
21
0.4468089763779527
0
LINE
8
BLACK
6
CONTINUOUS
10
0.3807150787401575
20
0.4468089763779527
11
0.3815500787401575
21
0.4479065748031496
0
LINE
8
BLACK
6
CONTINUOUS
10
0.3815500787401575
20
0.4479065748031496
11
0.3823765354330709
21
0.4490105511811023
0
LINE
8
BLACK
6
CONTINUOUS
10
0.3823765354330709
20
0.4490105511811023
11
0.3823953149606299
21
0.4490175590551181
0
LINE
8
BLACK
6
CONTINUOUS
10
0.3823953149606299
20
0.4490175590551181
11
0.3824074803149606
21
0.4490335433070866
0
LINE
8
BLACK
6
CONTINUOUS
10
0.3824074803149606
20
0.4490335433070866
11
0.383703779527559
21
0.4495056299212598
0
LINE
8
BLACK
6
CONTINUOUS
10
0.383703779527559
20
0.4495056299212598
11
0.3849954330708661
21
0.4499873622047244
0
LINE
8
BLACK
6
CONTINUOUS
10
0.3849954330708661
20
0.4499873622047244
11
0.3850301574803149
21
0.4499886220472441
0
LINE
8
BLACK
6
CONTINUOUS
10
0.3850301574803149
20
0.4499886220472441
11
0.3850338976377953
21
0.4499899606299212
0
LINE
8
BLACK
6
CONTINUOUS
10
0.3850338976377953
20
0.4499899606299212
11
0.3850385826771653
21
0.449988937007874
0
LINE
8
BLACK
6
CONTINUOUS
10
0.3850385826771653
20
0.449988937007874
11
0.3853493307086614
21
0.45
0
LINE
8
BLACK
6
CONTINUOUS
10
0.3853493307086614
20
0.45
11
0.39
21
0.45
0
LINE
8
BLACK
6
CONTINUOUS
10
0.39
20
0.45
11
0.39
21
0.47
0
LINE
8
BLACK
6
CONTINUOUS
10
0.39
20
0.47
11
0.37
21
0.47
0
LINE
8
BLACK
6
CONTINUOUS
10
0.37
20
0.47
11
0.37
21
0.53
0
LINE
8
BLACK
6
CONTINUOUS
10
0.37
20
0.53
11
0.43
21
0.53
0
LINE
8
BLACK
6
CONTINUOUS
10
0.43
20
0.53
11
0.43
21
0.51
0
LINE
8
BLACK
6
CONTINUOUS
10
0.43
20
0.51
11
0.47
21
0.51
0
LINE
8
BLACK
6
CONTINUOUS
10
0.47
20
0.51
11
0.47
21
0.53
0
LINE
8
BLACK
6
CONTINUOUS
10
0.47
20
0.53
11
0.53
21
0.53
0
LINE
8
BLACK
6
CONTINUOUS
10
0.53
20
0.53
11
0.53
21
0.51
0
LINE
8
BLACK
6
CONTINUOUS
10
0.53
20
0.51
11
0.5499999999999999
21
0.51
0
LINE
8
BLACK
6
CONTINUOUS
10
0.5499999999999999
20
0.51
11
0.5499999999999999
21
0.5107670866141732
0
LINE
8
BLACK
6
CONTINUOUS
10
0.5499999999999999
20
0.5107670866141732
11
0.5499999999999999
21
0.5319128346456693
0
LINE
8
BLACK
6
CONTINUOUS
10
0.5499999999999999
20
0.5319128346456693
11
0.5499999606299213
21
0.5319133070866141
0
LINE
8
BLACK
6
CONTINUOUS
10
0.5499999606299213
20
0.5319133070866141
11
0.5497438582677165
21
0.5342950393700787
0
LINE
8
BLACK
6
CONTINUOUS
10
0.5497438582677165
20
0.5342950393700787
11
0.5477340157480315
21
0.5396836614173228
0
LINE
8
BLACK
6
CONTINUOUS
10
0.5477340157480315
20
0.5396836614173228
11
0.5477340157480315
21
0.5396837007874016
0
LINE
8
BLACK
6
CONTINUOUS
10
0.5477340157480315
20
0.5396837007874016
11
0.5442875590551181
21
0.5442875984251968
0
LINE
8
BLACK
6
CONTINUOUS
10
0.5442875590551181
20
0.5442875984251968
11
0.5419779527559055
21
0.5460165354330708
0
LINE
8
BLACK
6
CONTINUOUS
10
0.5419779527559055
20
0.5460165354330708
11
0.5403028740157481
21
0.5482541732283465
0
LINE
8
BLACK
6
CONTINUOUS
10
0.5403028740157481
20
0.5482541732283465
11
0.5401035039370079
21
0.5510422047244095
0
LINE
8
BLACK
6
CONTINUOUS
10
0.5401035039370079
20
0.5510422047244095
11
0.5414430708661417
21
0.5534954330708661
0
LINE
8
BLACK
6
CONTINUOUS
10
0.5414430708661417
20
0.5534954330708661
11
0.5419779527559055
21
0.5539588976377953
0
LINE
8
BLACK
6
CONTINUOUS
10
0.5419779527559055
20
0.5539588976377953
11
0.5443016141732283
21
0.5556983858267717
0
LINE
8
BLACK
6
CONTINUOUS
10
0.5443016141732283
20
0.5556983858267717
11
0.5477514566929134
21
0.560306811023622
0
LINE
8
BLACK
6
CONTINUOUS
10
0.5477514566929134
20
0.560306811023622
11
0.5477514566929134
21
0.5603068503937008
0
LINE
8
BLACK
6
CONTINUOUS
10
0.5477514566929134
20
0.5603068503937008
11
0.5477515354330709
21
0.5603069291338583
0
LINE
8
BLACK
6
CONTINUOUS
10
0.5477515354330709
20
0.5603069291338583
11
0.5497633464566929
21
0.5657007480314961
0
LINE
8
BLACK
6
CONTINUOUS
10
0.5497633464566929
20
0.5657007480314961
11
0.5497683070866142
21
0.5657466535433071
0
LINE
8
BLACK
6
CONTINUOUS
10
0.5497683070866142
20
0.5657466535433071
11
0.5500196456692913
21
0.56808468503937
0
LINE
8
BLACK
6
CONTINUOUS
10
0.5500196456692913
20
0.56808468503937
11
0.55001968503937
21
0.5680853543307086
0
LINE
8
BLACK
6
CONTINUOUS
10
0.55001968503937
20
0.5680853543307086
11
0.55001968503937
21
0.5700984251968504
0
LINE
8
BLACK
6
CONTINUOUS
10
0.55001968503937
20
0.5700984251968504
11
0.5501216929133859
21
0.570445905511811
0
LINE
8
BLACK
6
CONTINUOUS
10
0.5501216929133859
20
0.570445905511811
11
0.550070157480315
21
0.5708044094488189
0
LINE
8
BLACK
6
CONTINUOUS
10
0.550070157480315
20
0.5708044094488189
11
0.5505093307086614
21
0.571766062992126
0
LINE
8
BLACK
6
CONTINUOUS
10
0.5505093307086614
20
0.571766062992126
11
0.5508071653543307
21
0.5727803543307086
0
LINE
8
BLACK
6
CONTINUOUS
10
0.5508071653543307
20
0.5727803543307086
11
0.551080905511811
21
0.5730175590551181
0
LINE
8
BLACK
6
CONTINUOUS
10
0.551080905511811
20
0.5730175590551181
11
0.5512313385826771
21
0.5733469291338582
0
LINE
8
BLACK
6
CONTINUOUS
10
0.5512313385826771
20
0.5733469291338582
11
0.5521205118110236
21
0.5739183858267717
0
LINE
8
BLACK
6
CONTINUOUS
10
0.5521205118110236
20
0.5739183858267717
11
0.5529196062992126
21
0.5746107874015748
0
LINE
8
BLACK
6
CONTINUOUS
10
0.5529196062992126
20
0.5746107874015748
11
0.5533403149606299
21
0.5747023228346456
0
LINE
8
BLACK
6
CONTINUOUS
10
0.5533403149606299
20
0.5747023228346456
11
0.5535827559055118
21
0.5748581102362205
0
LINE
8
BLACK
6
CONTINUOUS
10
0.5535827559055118
20
0.5748581102362205
11
0.5549803149606299
21
0.5750590551181102
0
LINE
8
BLACK
6
CONTINUOUS
10
0.5549803149606299
20
0.5750590551181102
11
0.5611548031496063
21
0.5750590551181102
0
LINE
8
BLACK
6
CONTINUOUS
10
0.5611548031496063
20
0.5750590551181102
11
0.5638367322834645
21
0.5742715748031496
0
LINE
8
BLACK
6
CONTINUOUS
10
0.5638367322834645
20
0.5742715748031496
11
0.5653767716535433
21
0.5727027559055118
0
LINE
8
BLACK
6
CONTINUOUS
10
0.5653767716535433
20
0.5727027559055118
11
0.5667688188976377
21
0.570445905511811
0
LINE
8
BLACK
6
CONTINUOUS
10
0.5667688188976377
20
0.570445905511811
11
0.5677153543307086
21
0.5689113385826772
0
LINE
8
BLACK
6
CONTINUOUS
10
0.5677153543307086
20
0.5689113385826772
11
0.5677155511811024
21
0.5689111023622047
0
LINE
8
BLACK
6
CONTINUOUS
10
0.5677155511811024
20
0.5689111023622047
11
0.5726513779527559
21
0.5639752755905512
0
LINE
8
BLACK
6
CONTINUOUS
10
0.5726513779527559
20
0.5639752755905512
11
0.5727736220472441
21
0.563878622047244
0
LINE
8
BLACK
6
CONTINUOUS
10
0.5727736220472441
20
0.563878622047244
11
0.5728357086614173
21
0.5637909448818897
0
LINE
8
BLACK
6
CONTINUOUS
10
0.5728357086614173
20
0.5637909448818897
11
0.5728557874015748
21
0.5637708661417322
0
LINE
8
BLACK
6
CONTINUOUS
10
0.5728557874015748
20
0.5637708661417322
11
0.5728523228346457
21
0.5637674409448818
0
LINE
8
BLACK
6
CONTINUOUS
10
0.5728523228346457
20
0.5637674409448818
11
0.5743890157480315
21
0.5615975590551181
0
LINE
8
BLACK
6
CONTINUOUS
10
0.5743890157480315
20
0.5615975590551181
11
0.5745146850393701
21
0.5588052362204724
0
LINE
8
BLACK
6
CONTINUOUS
10
0.5745146850393701
20
0.5588052362204724
11
0.5731107874015748
21
0.5563882283464566
0
LINE
8
BLACK
6
CONTINUOUS
10
0.5731107874015748
20
0.5563882283464566
11
0.572773779527559
21
0.5560961811023621
0
LINE
8
BLACK
6
CONTINUOUS
10
0.572773779527559
20
0.5560961811023621
11
0.5726635433070866
21
0.5560090551181103
0
LINE
8
BLACK
6
CONTINUOUS
10
0.5726635433070866
20
0.5560090551181103
11
0.5677311023622047
21
0.5510766141732283
0
LINE
8
BLACK
6
CONTINUOUS
10
0.5677311023622047
20
0.5510766141732283
11
0.567730905511811
21
0.5510763779527559
0
LINE
8
BLACK
6
CONTINUOUS
10
0.567730905511811
20
0.5510763779527559
11
0.5640685826771653
21
0.5451388188976378
0
LINE
8
BLACK
6
CONTINUOUS
10
0.5640685826771653
20
0.5451388188976378
11
0.5618742519685039
21
0.5385166141732284
0
LINE
8
BLACK
6
CONTINUOUS
10
0.5618742519685039
20
0.5385166141732284
11
0.5618742125984252
21
0.5385164960629921
0
LINE
8
BLACK
6
CONTINUOUS
10
0.5618742125984252
20
0.5385164960629921
11
0.5614566929133858
21
0.5344298031496063
0
LINE
8
BLACK
6
CONTINUOUS
10
0.5614566929133858
20
0.5344298031496063
11
0.5614566929133858
21
0.5325984251968504
0
LINE
8
BLACK
6
CONTINUOUS
10
0.5614566929133858
20
0.5325984251968504
11
0.581488031496063
21
0.5325984251968504
0
LINE
8
BLACK
6
CONTINUOUS
10
0.581488031496063
20
0.5325984251968504
11
0.5822059055118111
21
0.5362075196850393
0
LINE
8
BLACK
6
CONTINUOUS
10
0.5822059055118111
20
0.5362075196850393
11
0.5843394881889764
21
0.5394006692913386
0
LINE
8
BLACK
6
CONTINUOUS
10
0.5843394881889764
20
0.5394006692913386
11
0.5875326377952755
21
0.5415342519685039
0
LINE
8
BLACK
6
CONTINUOUS
10
0.5875326377952755
20
0.5415342519685039
11
0.5912992125984252
21
0.5422834645669291
0
LINE
8
BLACK
6
CONTINUOUS
10
0.5912992125984252
20
0.5422834645669291
11
0.6287007874015748
21
0.5422834645669291
0
LINE
8
BLACK
6
CONTINUOUS
10
0.6287007874015748
20
0.5422834645669291
11
0.6324673622047244
21
0.5415342519685039
0
LINE
8
BLACK
6
CONTINUOUS
10
0.6324673622047244
20
0.5415342519685039
11
0.6356605118110236
21
0.5394006692913386
0
LINE
8
BLACK
6
CONTINUOUS
10
0.6356605118110236
20
0.5394006692913386
11
0.6377940944881889
21
0.5362075196850393
0
LINE
8
BLACK
6
CONTINUOUS
10
0.6377940944881889
20
0.5362075196850393
11
0.638511968503937
21
0.5325984251968504
0
LINE
8
BLACK
6
CONTINUOUS
10
0.638511968503937
20
0.5325984251968504
11
0.6585433070866141
21
0.5325984251968504
0
LINE
8
BLACK
6
CONTINUOUS
10
0.6585433070866141
20
0.5325984251968504
11
0.6585433070866141
21
0.5344298031496063
0
LINE
8
BLACK
6
CONTINUOUS
10
0.6585433070866141
20
0.5344298031496063
11
0.658125748031496
21
0.5385164960629921
0
LINE
8
BLACK
6
CONTINUOUS
10
0.658125748031496
20
0.5385164960629921
11
0.6581257086614173
21
0.5385166141732284
0
LINE
8
BLACK
6
CONTINUOUS
10
0.6581257086614173
20
0.5385166141732284
11
0.6559313779527559
21
0.5451388188976378
0
LINE
8
BLACK
6
CONTINUOUS
10
0.6559313779527559
20
0.5451388188976378
11
0.6522690551181102
21
0.5510763779527559
0
LINE
8
BLACK
6
CONTINUOUS
10
0.6522690551181102
20
0.5510763779527559
11
0.6522688582677165
21
0.5510766141732283
0
LINE
8
BLACK
6
CONTINUOUS
10
0.6522688582677165
20
0.5510766141732283
11
0.6473363779527559
21
0.5560090944881889
0
LINE
8
BLACK
6
CONTINUOUS
10
0.6473363779527559
20
0.5560090944881889
11
0.6472264173228346
21
0.5560960236220472
0
LINE
8
BLACK
6
CONTINUOUS
10
0.6472264173228346
20
0.5560960236220472
11
0.6471705118110236
21
0.5561749606299212
0
LINE
8
BLACK
6
CONTINUOUS
10
0.6471705118110236
20
0.5561749606299212
11
0.6471318897637796
21
0.5562135826771654
0
LINE
8
BLACK
6
CONTINUOUS
10
0.6471318897637796
20
0.5562135826771654
11
0.6471384645669291
21
0.5562201968503937
0
LINE
8
BLACK
6
CONTINUOUS
10
0.6471384645669291
20
0.5562201968503937
11
0.6456109842519685
21
0.5583770866141732
0
LINE
8
BLACK
6
CONTINUOUS
10
0.6456109842519685
20
0.5583770866141732
11
0.6454852362204724
21
0.5611693700787401
0
LINE
8
BLACK
6
CONTINUOUS
10
0.6454852362204724
20
0.5611693700787401
11
0.646889094488189
21
0.5635864173228347
0
LINE
8
BLACK
6
CONTINUOUS
10
0.646889094488189
20
0.5635864173228347
11
0.6472265354330708
21
0.5638788188976378
0
LINE
8
BLACK
6
CONTINUOUS
10
0.6472265354330708
20
0.5638788188976378
11
0.6473479921259843
21
0.5639749212598425
0
LINE
8
BLACK
6
CONTINUOUS
10
0.6473479921259843
20
0.5639749212598425
11
0.6473485039370078
21
0.5639751968503937
0
LINE
8
BLACK
6
CONTINUOUS
10
0.6473485039370078
20
0.5639751968503937
11
0.6522846456692913
21
0.5689113385826772
0
LINE
8
BLACK
6
CONTINUOUS
10
0.6522846456692913
20
0.5689113385826772
11
0.6559494094488189
21
0.5748528346456693
0
LINE
8
BLACK
6
CONTINUOUS
10
0.6559494094488189
20
0.5748528346456693
11
0.658145157480315
21
0.5814792913385827
0
LINE
8
BLACK
6
CONTINUOUS
10
0.658145157480315
20
0.5814792913385827
11
0.6585629921259842
21
0.5855690944881889
0
LINE
8
BLACK
6
CONTINUOUS
10
0.6585629921259842
20
0.5855690944881889
11
0.6585629527559055
21
0.6092340157480315
0
LINE
8
BLACK
6
CONTINUOUS
10
0.6585629527559055
20
0.6092340157480315
11
0.6585349606299212
21
0.609507874015748
0
LINE
8
BLACK
6
CONTINUOUS
10
0.6585349606299212
20
0.609507874015748
11
0.658145157480315
21
0.6133238582677165
0
LINE
8
BLACK
6
CONTINUOUS
10
0.658145157480315
20
0.6133238582677165
11
0.6571918503937008
21
0.6162008267716536
0
LINE
8
BLACK
6
CONTINUOUS
10
0.6571918503937008
20
0.6162008267716536
11
0.6559494094488189
21
0.6199503149606299
0
LINE
8
BLACK
6
CONTINUOUS
10
0.6559494094488189
20
0.6199503149606299
11
0.6522846456692913
21
0.625891811023622
0
LINE
8
BLACK
6
CONTINUOUS
10
0.6522846456692913
20
0.625891811023622
11
0.6522846062992126
21
0.6258918503937008
0
LINE
8
BLACK
6
CONTINUOUS
10
0.6522846062992126
20
0.6258918503937008
11
0.6522844094488189
21
0.6258920866141732
0
LINE
8
BLACK
6
CONTINUOUS
10
0.6522844094488189
20
0.6258920866141732
11
0.6473487401574803
21
0.6308277559055118
0
LINE
8
BLACK
6
CONTINUOUS
10
0.6473487401574803
20
0.6308277559055118
11
0.6473485039370078
21
0.6308279527559055
0
LINE
8
BLACK
6
CONTINUOUS
10
0.6473485039370078
20
0.6308279527559055
11
0.6414070078740157
21
0.634492716535433
0
LINE
8
BLACK
6
CONTINUOUS
10
0.6414070078740157
20
0.634492716535433
11
0.6368688188976378
21
0.6359964960629921
0
LINE
8
BLACK
6
CONTINUOUS
10
0.6368688188976378
20
0.6359964960629921
11
0.6347805905511811
21
0.6366884645669291
0
LINE
8
BLACK
6
CONTINUOUS
10
0.6347805905511811
20
0.6366884645669291
11
0.6347803149606299
21
0.6366885039370078
0
LINE
8
BLACK
6
CONTINUOUS
10
0.6347803149606299
20
0.6366885039370078
11
0.630691062992126
21
0.6371062992125984
0
LINE
8
BLACK
6
CONTINUOUS
10
0.630691062992126
20
0.6371062992125984
11
0.5893092519685039
21
0.6371062992125984
0
LINE
8
BLACK
6
CONTINUOUS
10
0.5893092519685039
20
0.6371062992125984
11
0.5852194488188976
21
0.6366885039370078
0
LINE
8
BLACK
6
CONTINUOUS
10
0.5852194488188976
20
0.6366885039370078
11
0.5785929527559055
21
0.634492716535433
0
LINE
8
BLACK
6
CONTINUOUS
10
0.5785929527559055
20
0.634492716535433
11
0.5726514566929134
21
0.6308279527559055
0
LINE
8
BLACK
6
CONTINUOUS
10
0.5726514566929134
20
0.6308279527559055
11
0.5726512204724409
21
0.6308277559055118
0
LINE
8
BLACK
6
CONTINUOUS
10
0.5726512204724409
20
0.6308277559055118
11
0.5682174015748032
21
0.6263938976377953
0
LINE
8
BLACK
6
CONTINUOUS
10
0.5682174015748032
20
0.6263938976377953
11
0.5671398818897637
21
0.6258055511811024
0
LINE
8
BLACK
6
CONTINUOUS
10
0.5671398818897637
20
0.6258055511811024
11
0.566107283464567
21
0.6251418897637795
0
LINE
8
BLACK
6
CONTINUOUS
10
0.566107283464567
20
0.6251418897637795
11
0.5658592913385827
21
0.6251062598425197
0
LINE
8
BLACK
6
CONTINUOUS
10
0.5658592913385827
20
0.6251062598425197
11
0.5657641732283465
21
0.6250542913385827
0
LINE
8
BLACK
6
CONTINUOUS
10
0.5657641732283465
20
0.6250542913385827
11
0.5647097244094488
21
0.6249409448818898
0
LINE
8
BLACK
6
CONTINUOUS
10
0.5647097244094488
20
0.6249409448818898
11
0.5549803149606299
21
0.6249409448818898
0
LINE
8
BLACK
6
CONTINUOUS
10
0.5549803149606299
20
0.6249409448818898
11
0.5522983858267716
21
0.6257284251968503
0
LINE
8
BLACK
6
CONTINUOUS
10
0.5522983858267716
20
0.6257284251968503
11
0.5504679527559055
21
0.6278408661417323
0
LINE
8
BLACK
6
CONTINUOUS
10
0.5504679527559055
20
0.6278408661417323
11
0.55001968503937
21
0.6299015748031496
0
LINE
8
BLACK
6
CONTINUOUS
10
0.55001968503937
20
0.6299015748031496
11
0.55001968503937
21
0.6319146850393701
0
LINE
8
BLACK
6
CONTINUOUS
10
0.55001968503937
20
0.6319146850393701
11
0.5500196456692913
21
0.6319153543307087
0
LINE
8
BLACK
6
CONTINUOUS
10
0.5500196456692913
20
0.6319153543307087
11
0.5497633858267716
21
0.634299094488189
0
LINE
8
BLACK
6
CONTINUOUS
10
0.5497633858267716
20
0.634299094488189
11
0.5497633070866141
21
0.6342994094488189
0
LINE
8
BLACK
6
CONTINUOUS
10
0.5497633070866141
20
0.6342994094488189
11
0.5477515354330709
21
0.6396930314960629
0
LINE
8
BLACK
6
CONTINUOUS
10
0.5477515354330709
20
0.6396930314960629
11
0.5477514566929134
21
0.6396932283464567
0
LINE
8
BLACK
6
CONTINUOUS
10
0.5477514566929134
20
0.6396932283464567
11
0.5443015748031496
21
0.644301653543307
0
LINE
8
BLACK
6
CONTINUOUS
10
0.5443015748031496
20
0.644301653543307
11
0.5419779133858268
21
0.6460411811023622
0
LINE
8
BLACK
6
CONTINUOUS
10
0.5419779133858268
20
0.6460411811023622
11
0.5403028740157481
21
0.6482788188976378
0
LINE
8
BLACK
6
CONTINUOUS
10
0.5403028740157481
20
0.6482788188976378
11
0.5401035039370079
21
0.6510668503937008
0
LINE
8
BLACK
6
CONTINUOUS
10
0.5401035039370079
20
0.6510668503937008
11
0.5414430708661417
21
0.6535200393700787
0
LINE
8
BLACK
6
CONTINUOUS
10
0.5414430708661417
20
0.6535200393700787
11
0.5419779921259842
21
0.6539835433070866
0
LINE
8
BLACK
6
CONTINUOUS
10
0.5419779921259842
20
0.6539835433070866
11
0.5442875590551181
21
0.6557124803149607
0
LINE
8
BLACK
6
CONTINUOUS
10
0.5442875590551181
20
0.6557124803149607
11
0.5477340157480315
21
0.6603163385826771
0
LINE
8
BLACK
6
CONTINUOUS
10
0.5477340157480315
20
0.6603163385826771
11
0.5477340157480315
21
0.6603163779527559
0
LINE
8
BLACK
6
CONTINUOUS
10
0.5477340157480315
20
0.6603163779527559
11
0.5497438582677165
21
0.665705
0
LINE
8
BLACK
6
CONTINUOUS
10
0.5497438582677165
20
0.665705
11
0.5499999606299213
21
0.6680867322834646
0
LINE
8
BLACK
6
CONTINUOUS
10
0.5499999606299213
20
0.6680867322834646
11
0.5499999999999999
21
0.6680872047244094
0
LINE
8
BLACK
6
CONTINUOUS
10
0.5499999999999999
20
0.6680872047244094
11
0.5499999999999999
21
0.6899999999999999
0
LINE
8
BLACK
6
CONTINUOUS
10
0.5499999999999999
20
0.6899999999999999
11
0.53
21
0.6899999999999999
0
LINE
8
BLACK
6
CONTINUOUS
10
0.53
20
0.6899999999999999
11
0.53
21
0.67
0
LINE
8
BLACK
6
CONTINUOUS
10
0.53
20
0.67
11
0.47
21
0.67
0
LINE
8
BLACK
6
CONTINUOUS
10
0.47
20
0.67
11
0.47
21
0.73
0
LINE
8
BLACK
6
CONTINUOUS
10
0.47
20
0.73
11
0.49
21
0.73
0
LINE
8
BLACK
6
CONTINUOUS
10
0.49
20
0.73
11
0.49
21
0.75
0
LINE
8
BLACK
6
CONTINUOUS
10
0.49
20
0.75
11
0.4779015748031496
21
0.75
0
LINE
8
BLACK
6
CONTINUOUS
10
0.4779015748031496
20
0.75
11
0.477554094488189
21
0.7501020472440945
0
LINE
8
BLACK
6
CONTINUOUS
10
0.477554094488189
20
0.7501020472440945
11
0.4771955905511811
21
0.7500504724409449
0
LINE
8
BLACK
6
CONTINUOUS
10
0.4771955905511811
20
0.7500504724409449
11
0.476233937007874
21
0.7504896850393701
0
LINE
8
BLACK
6
CONTINUOUS
10
0.476233937007874
20
0.7504896850393701
11
0.4752196456692913
21
0.7507874803149606
0
LINE
8
BLACK
6
CONTINUOUS
10
0.4752196456692913
20
0.7507874803149606
11
0.4749824409448819
21
0.7510612598425197
0
LINE
8
BLACK
6
CONTINUOUS
10
0.4749824409448819
20
0.7510612598425197
11
0.4746530708661417
21
0.7512116535433071
0
LINE
8
BLACK
6
CONTINUOUS
10
0.4746530708661417
20
0.7512116535433071
11
0.4740816141732284
21
0.7521008661417322
0
LINE
8
BLACK
6
CONTINUOUS
10
0.4740816141732284
20
0.7521008661417322
11
0.4733892125984252
21
0.7528999212598425
0
LINE
8
BLACK
6
CONTINUOUS
10
0.4733892125984252
20
0.7528999212598425
11
0.4732976771653543
21
0.7533206692913386
0
LINE
8
BLACK
6
CONTINUOUS
10
0.4732976771653543
20
0.7533206692913386
11
0.4731418897637795
21
0.7535630708661417
0
LINE
8
BLACK
6
CONTINUOUS
10
0.4731418897637795
20
0.7535630708661417
11
0.4729409448818898
21
0.7549606299212598
0
LINE
8
BLACK
6
CONTINUOUS
10
0.4729409448818898
20
0.7549606299212598
11
0.4729409448818898
21
0.756496062992126
0
LINE
8
BLACK
6
CONTINUOUS
10
0.4729409448818898
20
0.756496062992126
11
0.4737284251968504
21
0.7591779921259842
0
LINE
8
BLACK
6
CONTINUOUS
10
0.4737284251968504
20
0.7591779921259842
11
0.4758408661417323
21
0.7610084251968504
0
LINE
8
BLACK
6
CONTINUOUS
10
0.4758408661417323
20
0.7610084251968504
11
0.4772625984251969
21
0.761317716535433
0
LINE
8
BLACK
6
CONTINUOUS
10
0.4772625984251969
20
0.761317716535433
11
0.4774015748031496
21
0.761456653543307
0
LINE
8
BLACK
6
CONTINUOUS
10
0.4774015748031496
20
0.761456653543307
11
0.4774015748031496
21
0.7614566929133858
0
LINE
8
BLACK
6
CONTINUOUS
10
0.4774015748031496
20
0.7614566929133858
11
0.4774015748031496
21
0.7814880314960629
0
LINE
8
BLACK
6
CONTINUOUS
10
0.4774015748031496
20
0.7814880314960629
11
0.4737924803149606
21
0.782205905511811
0
LINE
8
BLACK
6
CONTINUOUS
10
0.4737924803149606
20
0.782205905511811
11
0.4705993307086614
21
0.7843394881889764
0
LINE
8
BLACK
6
CONTINUOUS
10
0.4705993307086614
20
0.7843394881889764
11
0.468465748031496
21
0.7875326377952756
0
LINE
8
BLACK
6
CONTINUOUS
10
0.468465748031496
20
0.7875326377952756
11
0.4677165354330708
21
0.7912992125984252
0
LINE
8
BLACK
6
CONTINUOUS
10
0.4677165354330708
20
0.7912992125984252
11
0.4677165354330708
21
0.8287007874015748
0
LINE
8
BLACK
6
CONTINUOUS
10
0.4677165354330708
20
0.8287007874015748
11
0.468465748031496
21
0.8324673622047244
0
LINE
8
BLACK
6
CONTINUOUS
10
0.468465748031496
20
0.8324673622047244
11
0.4705993307086614
21
0.8356605118110236
0
LINE
8
BLACK
6
CONTINUOUS
10
0.4705993307086614
20
0.8356605118110236
11
0.4737924803149606
21
0.837794094488189
0
LINE
8
BLACK
6
CONTINUOUS
10
0.4737924803149606
20
0.837794094488189
11
0.4774015748031496
21
0.8385120078740157
0
LINE
8
BLACK
6
CONTINUOUS
10
0.4774015748031496
20
0.8385120078740157
11
0.4774015748031496
21
0.8585433070866142
0
LINE
8
BLACK
6
CONTINUOUS
10
0.4774015748031496
20
0.8585433070866142
11
0.4755701968503937
21
0.8585433070866142
0
LINE
8
BLACK
6
CONTINUOUS
10
0.4755701968503937
20
0.8585433070866142
11
0.4714835039370079
21
0.8581257874015747
0
LINE
8
BLACK
6
CONTINUOUS
10
0.4714835039370079
20
0.8581257874015747
11
0.4714833858267716
21
0.858125748031496
0
LINE
8
BLACK
6
CONTINUOUS
10
0.4714833858267716
20
0.858125748031496
11
0.4648611811023622
21
0.8559314173228346
0
LINE
8
BLACK
6
CONTINUOUS
10
0.4648611811023622
20
0.8559314173228346
11
0.4589236220472441
21
0.852269094488189
0
LINE
8
BLACK
6
CONTINUOUS
10
0.4589236220472441
20
0.852269094488189
11
0.4589233858267717
21
0.8522688976377952
0
LINE
8
BLACK
6
CONTINUOUS
10
0.4589233858267717
20
0.8522688976377952
11
0.4539909448818897
21
0.8473364566929134
0
LINE
8
BLACK
6
CONTINUOUS
10
0.4539909448818897
20
0.8473364566929134
11
0.4539038188976378
21
0.8472262204724409
0
LINE
8
BLACK
6
CONTINUOUS
10
0.4539038188976378
20
0.8472262204724409
11
0.4538247637795276
21
0.8471702755905511
0
LINE
8
BLACK
6
CONTINUOUS
10
0.4538247637795276
20
0.8471702755905511
11
0.4537864173228346
21
0.8471318897637795
0
LINE
8
BLACK
6
CONTINUOUS
10
0.4537864173228346
20
0.8471318897637795
11
0.453779842519685
21
0.8471384645669291
0
LINE
8
BLACK
6
CONTINUOUS
10
0.453779842519685
20
0.8471384645669291
11
0.4516226771653543
21
0.8456109448818897
0
LINE
8
BLACK
6
CONTINUOUS
10
0.4516226771653543
20
0.8456109448818897
11
0.4488303543307087
21
0.8454853543307086
0
LINE
8
BLACK
6
CONTINUOUS
10
0.4488303543307087
20
0.8454853543307086
11
0.4464133858267716
21
0.8468893307086613
0
LINE
8
BLACK
6
CONTINUOUS
10
0.4464133858267716
20
0.8468893307086613
11
0.4461213779527559
21
0.8472263779527559
0
LINE
8
BLACK
6
CONTINUOUS
10
0.4461213779527559
20
0.8472263779527559
11
0.4460247244094488
21
0.847348622047244
0
LINE
8
BLACK
6
CONTINUOUS
10
0.4460247244094488
20
0.847348622047244
11
0.4410888976377952
21
0.8522844488188976
0
LINE
8
BLACK
6
CONTINUOUS
10
0.4410888976377952
20
0.8522844488188976
11
0.4410886614173228
21
0.8522846456692913
0
LINE
8
BLACK
6
CONTINUOUS
10
0.4410886614173228
20
0.8522846456692913
11
0.4377196456692913
21
0.8543626771653543
0
LINE
8
BLACK
6
CONTINUOUS
10
0.4377196456692913
20
0.8543626771653543
11
0.4351471653543307
21
0.8559494094488189
0
LINE
8
BLACK
6
CONTINUOUS
10
0.4351471653543307
20
0.8559494094488189
11
0.431833937007874
21
0.8570472834645669
0
LINE
8
BLACK
6
CONTINUOUS
10
0.431833937007874
20
0.8570472834645669
11
0.428520748031496
21
0.8581451574803149
0
LINE
8
BLACK
6
CONTINUOUS
10
0.428520748031496
20
0.8581451574803149
11
0.4285204724409449
21
0.8581451968503937
0
LINE
8
BLACK
6
CONTINUOUS
10
0.4285204724409449
20
0.8581451968503937
11
0.4244312204724409
21
0.8585629921259842
0
LINE
8
BLACK
6
CONTINUOUS
10
0.4244312204724409
20
0.8585629921259842
11
0.4007659448818898
21
0.8585629921259842
0
LINE
8
BLACK
6
CONTINUOUS
10
0.4007659448818898
20
0.8585629921259842
11
0.3966761417322834
21
0.8581451968503937
0
LINE
8
BLACK
6
CONTINUOUS
10
0.3966761417322834
20
0.8581451968503937
11
0.3900496456692913
21
0.8559494094488189
0
LINE
8
BLACK
6
CONTINUOUS
10
0.3900496456692913
20
0.8559494094488189
11
0.3841081496062992
21
0.8522846456692913
0
LINE
8
BLACK
6
CONTINUOUS
10
0.3841081496062992
20
0.8522846456692913
11
0.3841079133858268
21
0.8522844488188976
0
LINE
8
BLACK
6
CONTINUOUS
10
0.3841079133858268
20
0.8522844488188976
11
0.3835076771653543
21
0.8516841732283464
0
LINE
8
BLACK
6
CONTINUOUS
10
0.3835076771653543
20
0.8516841732283464
11
0.3810544488188976
21
0.8503445669291338
0
LINE
8
BLACK
6
CONTINUOUS
10
0.3810544488188976
20
0.8503445669291338
11
0.3782664566929134
21
0.8505439763779528
0
LINE
8
BLACK
6
CONTINUOUS
10
0.3782664566929134
20
0.8505439763779528
11
0.3771854724409449
21
0.851106968503937
0
LINE
8
BLACK
6
CONTINUOUS
10
0.3771854724409449
20
0.851106968503937
11
0.3768125196850394
21
0.851363937007874
0
LINE
8
BLACK
6
CONTINUOUS
10
0.3768125196850394
20
0.851363937007874
11
0.375891811023622
21
0.8522846456692913
0
LINE
8
BLACK
6
CONTINUOUS
10
0.375891811023622
20
0.8522846456692913
11
0.3719260236220472
21
0.8547307874015748
0
LINE
8
BLACK
6
CONTINUOUS
10
0.3719260236220472
20
0.8547307874015748
11
0.3718227559055118
21
0.8548019291338582
0
LINE
8
BLACK
6
CONTINUOUS
10
0.3718227559055118
20
0.8548019291338582
11
0.3710179921259842
21
0.8557933070866142
0
LINE
8
BLACK
6
CONTINUOUS
10
0.3710179921259842
20
0.8557933070866142
11
0.3701638582677165
21
0.8567429133858268
0
LINE
8
BLACK
6
CONTINUOUS
10
0.3701638582677165
20
0.8567429133858268
11
0.3701429527559055
21
0.8568711811023622
0
LINE
8
BLACK
6
CONTINUOUS
10
0.3701429527559055
20
0.8568711811023622
11
0.3700611023622047
21
0.8569720472440945
0
LINE
8
BLACK
6
CONTINUOUS
10
0.3700611023622047
20
0.8569720472440945
11
0.3699200393700787
21
0.8582411417322835
0
LINE
8
BLACK
6
CONTINUOUS
10
0.3699200393700787
20
0.8582411417322835
11
0.3697149212598425
21
0.8595017716535432
0
LINE
8
BLACK
6
CONTINUOUS
10
0.3697149212598425
20
0.8595017716535432
11
0.3697639763779528
21
0.8596454330708662
0
LINE
8
BLACK
6
CONTINUOUS
10
0.3697639763779528
20
0.8596454330708662
11
0.3697523622047244
21
0.8597500787401574
0
LINE
8
BLACK
6
CONTINUOUS
10
0.3697523622047244
20
0.8597500787401574
11
0.3699044881889764
21
0.8600568110236221
0
LINE
8
BLACK
6
CONTINUOUS
10
0.3699044881889764
20
0.8600568110236221
11
0.3703673622047244
21
0.8614118503937007
0
LINE
8
BLACK
6
CONTINUOUS
10
0.3703673622047244
20
0.8614118503937007
11
0.3711318503937008
21
0.8627045275590551
0
LINE
8
BLACK
6
CONTINUOUS
10
0.3711318503937008
20
0.8627045275590551
11
0.373174842519685
21
0.8646120472440945
0
LINE
8
BLACK
6
CONTINUOUS
10
0.373174842519685
20
0.8646120472440945
11
0.3744338582677165
21
0.8650446062992125
0
LINE
8
BLACK
6
CONTINUOUS
10
0.3744338582677165
20
0.8650446062992125
11
0.3745064960629921
21
0.8650590551181102
0
LINE
8
BLACK
6
CONTINUOUS
10
0.3745064960629921
20
0.8650590551181102
11
0.3793250393700787
21
0.8660175196850394
0
LINE
8
BLACK
6
CONTINUOUS
10
0.3793250393700787
20
0.8660175196850394
11
0.3838640157480315
21
0.8678976377952756
0
LINE
8
BLACK
6
CONTINUOUS
10
0.3838640157480315
20
0.8678976377952756
11
0.3879489763779527
21
0.870627125984252
0
LINE
8
BLACK
6
CONTINUOUS
10
0.3879489763779527
20
0.870627125984252
11
0.4210854330708662
21
0.9037635826771654
0
LINE
8
BLACK
6
CONTINUOUS
10
0.4210854330708662
20
0.9037635826771654
11
0.4235386614173228
21
0.905103188976378
0
LINE
8
BLACK
6
CONTINUOUS
10
0.4235386614173228
20
0.905103188976378
11
0.4245931102362205
21
0.9052165354330708
0
LINE
8
BLACK
6
CONTINUOUS
10
0.4245931102362205
20
0.9052165354330708
11
0.4725317322834646
21
0.9052165354330708
0
LINE
8
BLACK
6
CONTINUOUS
10
0.4725317322834646
20
0.9052165354330708
11
0.4752136614173228
21
0.9044290551181102
0
LINE
8
BLACK
6
CONTINUOUS
10
0.4752136614173228
20
0.9044290551181102
11
0.4760394094488189
21
0.9037635826771654
0
LINE
8
BLACK
6
CONTINUOUS
10
0.4760394094488189
20
0.9037635826771654
11
0.5162835039370078
21
0.8635194881889764
0
LINE
8
BLACK
6
CONTINUOUS
10
0.5162835039370078
20
0.8635194881889764
11
0.5176231102362204
21
0.8610662598425196
0
LINE
8
BLACK
6
CONTINUOUS
10
0.5176231102362204
20
0.8610662598425196
11
0.5174237007874015
21
0.8582782677165354
0
LINE
8
BLACK
6
CONTINUOUS
10
0.5174237007874015
20
0.8582782677165354
11
0.515748622047244
21
0.8560406299212598
0
LINE
8
BLACK
6
CONTINUOUS
10
0.515748622047244
20
0.8560406299212598
11
0.5131297244094488
21
0.8550638188976378
0
LINE
8
BLACK
6
CONTINUOUS
10
0.5131297244094488
20
0.8550638188976378
11
0.5103984645669292
21
0.8556579527559055
0
LINE
8
BLACK
6
CONTINUOUS
10
0.5103984645669292
20
0.8556579527559055
11
0.5101716141732283
21
0.8557897244094488
0
LINE
8
BLACK
6
CONTINUOUS
10
0.5101716141732283
20
0.8557897244094488
11
0.5099419291338583
21
0.8559314173228346
0
LINE
8
BLACK
6
CONTINUOUS
10
0.5099419291338583
20
0.8559314173228346
11
0.5033197244094488
21
0.858125748031496
0
LINE
8
BLACK
6
CONTINUOUS
10
0.5033197244094488
20
0.858125748031496
11
0.5033196062992126
21
0.8581257874015747
0
LINE
8
BLACK
6
CONTINUOUS
10
0.5033196062992126
20
0.8581257874015747
11
0.4992329133858268
21
0.8585433070866142
0
LINE
8
BLACK
6
CONTINUOUS
10
0.4992329133858268
20
0.8585433070866142
11
0.4974015748031496
21
0.8585433070866142
0
LINE
8
BLACK
6
CONTINUOUS
10
0.4974015748031496
20
0.8585433070866142
11
0.4974015748031496
21
0.8385120078740157
0
LINE
8
BLACK
6
CONTINUOUS
10
0.4974015748031496
20
0.8385120078740157
11
0.5010106692913385
21
0.837794094488189
0
LINE
8
BLACK
6
CONTINUOUS
10
0.5010106692913385
20
0.837794094488189
11
0.5042038188976378
21
0.8356605118110236
0
LINE
8
BLACK
6
CONTINUOUS
10
0.5042038188976378
20
0.8356605118110236
11
0.5063374015748031
21
0.8324673622047244
0
LINE
8
BLACK
6
CONTINUOUS
10
0.5063374015748031
20
0.8324673622047244
11
0.5070866141732283
21
0.8287007874015748
0
LINE
8
BLACK
6
CONTINUOUS
10
0.5070866141732283
20
0.8287007874015748
11
0.5070866141732283
21
0.82
0
LINE
8
BLACK
6
CONTINUOUS
10
0.5070866141732283
20
0.82
11
0.5270866141732283
21
0.82
0
LINE
8
BLACK
6
CONTINUOUS
10
0.5270866141732283
20
0.82
11
0.5270866141732283
21
0.8306896456692913
0
LINE
8
BLACK
6
CONTINUOUS
10
0.5270866141732283
20
0.8306896456692913
11
0.5266690551181102
21
0.8347763385826772
0
LINE
8
BLACK
6
CONTINUOUS
10
0.5266690551181102
20
0.8347763385826772
11
0.5266690157480315
21
0.8347764566929133
0
LINE
8
BLACK
6
CONTINUOUS
10
0.5266690157480315
20
0.8347764566929133
11
0.5244746456692914
21
0.8413987401574803
0
LINE
8
BLACK
6
CONTINUOUS
10
0.5244746456692914
20
0.8413987401574803
11
0.5243330708661417
21
0.8416282677165354
0
LINE
8
BLACK
6
CONTINUOUS
10
0.5243330708661417
20
0.8416282677165354
11
0.5235953149606299
21
0.8443242913385827
0
LINE
8
BLACK
6
CONTINUOUS
10
0.5235953149606299
20
0.8443242913385827
11
0.5244322440944882
21
0.8469911811023622
0
LINE
8
BLACK
6
CONTINUOUS
10
0.5244322440944882
20
0.8469911811023622
11
0.5265781496062992
21
0.8487822440944882
0
LINE
8
BLACK
6
CONTINUOUS
10
0.5265781496062992
20
0.8487822440944882
11
0.5293517322834645
21
0.8491288188976378
0
LINE
8
BLACK
6
CONTINUOUS
10
0.5293517322834645
20
0.8491288188976378
11
0.5318723622047244
21
0.8479208267716535
0
LINE
8
BLACK
6
CONTINUOUS
10
0.5318723622047244
20
0.8479208267716535
11
0.5320627559055118
21
0.8477402362204725
0
LINE
8
BLACK
6
CONTINUOUS
10
0.5320627559055118
20
0.8477402362204725
11
0.6019683070866142
21
0.77783468503937
0
LINE
8
BLACK
6
CONTINUOUS
10
0.6019683070866142
20
0.77783468503937
11
0.6033079133858268
21
0.7753814566929134
0
LINE
8
BLACK
6
CONTINUOUS
10
0.6033079133858268
20
0.7753814566929134
11
0.6034212598425197
21
0.7743270078740158
0
LINE
8
BLACK
6
CONTINUOUS
10
0.6034212598425197
20
0.7743270078740158
11
0.6034212598425197
21
0.7517502362204724
0
LINE
8
BLACK
6
CONTINUOUS
10
0.6034212598425197
20
0.7517502362204724
11
0.6038390551181102
21
0.7476604330708662
0
LINE
8
BLACK
6
CONTINUOUS
10
0.6038390551181102
20
0.7476604330708662
11
0.606034842519685
21
0.741033937007874
0
LINE
8
BLACK
6
CONTINUOUS
10
0.606034842519685
20
0.741033937007874
11
0.6096996062992126
21
0.7350924409448819
0
LINE
8
BLACK
6
CONTINUOUS
10
0.6096996062992126
20
0.7350924409448819
11
0.6096998031496063
21
0.7350922047244094
0
LINE
8
BLACK
6
CONTINUOUS
10
0.6096998031496063
20
0.7350922047244094
11
0.6146354724409449
21
0.7301565354330708
0
LINE
8
BLACK
6
CONTINUOUS
10
0.6146354724409449
20
0.7301565354330708
11
0.6146357086614173
21
0.7301563385826771
0
LINE
8
BLACK
6
CONTINUOUS
10
0.6146357086614173
20
0.7301563385826771
11
0.614635748031496
21
0.7301562992125984
0
LINE
8
BLACK
6
CONTINUOUS
10
0.614635748031496
20
0.7301562992125984
11
0.6205772440944882
21
0.7264915354330709
0
LINE
8
BLACK
6
CONTINUOUS
10
0.6205772440944882
20
0.7264915354330709
11
0.6272037007874015
21
0.7242957874015747
0
LINE
8
BLACK
6
CONTINUOUS
10
0.6272037007874015
20
0.7242957874015747
11
0.6312935039370079
21
0.7238779527559055
0
LINE
8
BLACK
6
CONTINUOUS
10
0.6312935039370079
20
0.7238779527559055
11
0.6707064566929134
21
0.7238779921259842
0
LINE
8
BLACK
6
CONTINUOUS
10
0.6707064566929134
20
0.7238779921259842
11
0.6747962992125984
21
0.7242957874015747
0
LINE
8
BLACK
6
CONTINUOUS
10
0.6747962992125984
20
0.7242957874015747
11
0.6763399212598425
21
0.7248072834645669
0
LINE
8
BLACK
6
CONTINUOUS
10
0.6763399212598425
20
0.7248072834645669
11
0.6779001968503937
21
0.7250590551181102
0
LINE
8
BLACK
6
CONTINUOUS
10
0.6779001968503937
20
0.7250590551181102
11
0.6950196850393701
21
0.7250590551181102
0
LINE
8
BLACK
6
CONTINUOUS
10
0.6950196850393701
20
0.7250590551181102
11
0.6977016141732283
21
0.7242715748031496
0
LINE
8
BLACK
6
CONTINUOUS
10
0.6977016141732283
20
0.7242715748031496
11
0.6995320472440945
21
0.7221591338582677
0
LINE
8
BLACK
6
CONTINUOUS
10
0.6995320472440945
20
0.7221591338582677
11
0.69998031496063
21
0.7200984251968504
0
LINE
8
BLACK
6
CONTINUOUS
10
0.69998031496063
20
0.7200984251968504
11
0.69998031496063
21
0.7180846850393701
0
LINE
8
BLACK
6
CONTINUOUS
10
0.69998031496063
20
0.7180846850393701
11
0.7002365748031496
21
0.7157009448818897
0
LINE
8
BLACK
6
CONTINUOUS
10
0.7002365748031496
20
0.7157009448818897
11
0.7002366535433071
21
0.7157006299212598
0
LINE
8
BLACK
6
CONTINUOUS
10
0.7002366535433071
20
0.7157006299212598
11
0.7022484251968504
21
0.7103070078740157
0
LINE
8
BLACK
6
CONTINUOUS
10
0.7022484251968504
20
0.7103070078740157
11
0.7022485039370079
21
0.710306811023622
0
LINE
8
BLACK
6
CONTINUOUS
10
0.7022485039370079
20
0.710306811023622
11
0.7056983070866142
21
0.7056984645669291
0
LINE
8
BLACK
6
CONTINUOUS
10
0.7056983070866142
20
0.7056984645669291
11
0.7056983464566929
21
0.7056984645669291
0
LINE
8
BLACK
6
CONTINUOUS
10
0.7056983464566929
20
0.7056984645669291
11
0.7056983858267717
21
0.7056983858267717
0
LINE
8
BLACK
6
CONTINUOUS
10
0.7056983858267717
20
0.7056983858267717
11
0.70588
21
0.7055624409448819
0
LINE
8
BLACK
6
CONTINUOUS
10
0.70588
20
0.7055624409448819
11
0.7080220472440945
21
0.7039588976377953
0
LINE
8
BLACK
6
CONTINUOUS
10
0.7080220472440945
20
0.7039588976377953
11
0.7096970866141732
21
0.7017212598425197
0
LINE
8
BLACK
6
CONTINUOUS
10
0.7096970866141732
20
0.7017212598425197
11
0.7098964566929133
21
0.6989332283464567
0
LINE
8
BLACK
6
CONTINUOUS
10
0.7098964566929133
20
0.6989332283464567
11
0.7085568897637795
21
0.69648
0
LINE
8
BLACK
6
CONTINUOUS
10
0.7085568897637795
20
0.69648
11
0.7080220472440945
21
0.6960165748031496
0
LINE
8
BLACK
6
CONTINUOUS
10
0.7080220472440945
20
0.6960165748031496
11
0.7057124409448818
21
0.6942875984251968
0
LINE
8
BLACK
6
CONTINUOUS
10
0.7057124409448818
20
0.6942875984251968
11
0.7022659448818898
21
0.6896837007874016
0
LINE
8
BLACK
6
CONTINUOUS
10
0.7022659448818898
20
0.6896837007874016
11
0.7022659448818898
21
0.6896836614173228
0
LINE
8
BLACK
6
CONTINUOUS
10
0.7022659448818898
20
0.6896836614173228
11
0.7002561023622047
21
0.6842950393700787
0
LINE
8
BLACK
6
CONTINUOUS
10
0.7002561023622047
20
0.6842950393700787
11
0.7
21
0.6819133070866141
0
LINE
8
BLACK
6
CONTINUOUS
10
0.7
20
0.6819133070866141
11
0.7
21
0.66
0
LINE
8
BLACK
6
CONTINUOUS
10
0.7
20
0.66
11
0.72
21
0.66
0
LINE
8
BLACK
6
CONTINUOUS
10
0.72
20
0.66
11
0.72
21
0.6799999999999999
0
LINE
8
BLACK
6
CONTINUOUS
10
0.72
20
0.6799999999999999
11
0.78
21
0.6799999999999999
0
LINE
8
BLACK
6
CONTINUOUS
10
0.78
20
0.6799999999999999
11
0.78
21
0.66
0
LINE
8
BLACK
6
CONTINUOUS
10
0.78
20
0.66
11
0.82
21
0.66
0
LINE
8
BLACK
6
CONTINUOUS
10
0.82
20
0.66
11
0.82
21
0.6799999999999999
0
LINE
8
BLACK
6
CONTINUOUS
10
0.82
20
0.6799999999999999
11
0.88
21
0.6799999999999999
0
LINE
8
BLACK
6
CONTINUOUS
10
0.88
20
0.6799999999999999
11
0.88
21
0.66
0
LINE
8
BLACK
6
CONTINUOUS
10
0.88
20
0.66
11
0.9
21
0.66
0
LINE
8
BLACK
6
CONTINUOUS
10
0.9
20
0.66
11
0.9
21
0.6819128346456693
0
LINE
8
BLACK
6
CONTINUOUS
10
0.9
20
0.6819128346456693
11
0.8999999606299213
21
0.6819133070866141
0
LINE
8
BLACK
6
CONTINUOUS
10
0.8999999606299213
20
0.6819133070866141
11
0.8997438582677165
21
0.6842950393700787
0
LINE
8
BLACK
6
CONTINUOUS
10
0.8997438582677165
20
0.6842950393700787
11
0.8977340157480315
21
0.6896836614173228
0
LINE
8
BLACK
6
CONTINUOUS
10
0.8977340157480315
20
0.6896836614173228
11
0.8977340157480315
21
0.6896837007874016
0
LINE
8
BLACK
6
CONTINUOUS
10
0.8977340157480315
20
0.6896837007874016
11
0.8942875590551181
21
0.6942875984251968
0
LINE
8
BLACK
6
CONTINUOUS
10
0.8942875590551181
20
0.6942875984251968
11
0.8919779527559055
21
0.6960165354330708
0
LINE
8
BLACK
6
CONTINUOUS
10
0.8919779527559055
20
0.6960165354330708
11
0.890302874015748
21
0.6982541732283465
0
LINE
8
BLACK
6
CONTINUOUS
10
0.890302874015748
20
0.6982541732283465
11
0.8901035039370079
21
0.7010422047244095
0
LINE
8
BLACK
6
CONTINUOUS
10
0.8901035039370079
20
0.7010422047244095
11
0.8914430708661417
21
0.7034954330708661
0
LINE
8
BLACK
6
CONTINUOUS
10
0.8914430708661417
20
0.7034954330708661
11
0.8919779527559055
21
0.7039588976377953
0
LINE
8
BLACK
6
CONTINUOUS
10
0.8919779527559055
20
0.7039588976377953
11
0.8943016141732283
21
0.7056983858267717
0
LINE
8
BLACK
6
CONTINUOUS
10
0.8943016141732283
20
0.7056983858267717
11
0.8977514566929133
21
0.710306811023622
0
LINE
8
BLACK
6
CONTINUOUS
10
0.8977514566929133
20
0.710306811023622
11
0.8977514566929133
21
0.7103068503937008
0
LINE
8
BLACK
6
CONTINUOUS
10
0.8977514566929133
20
0.7103068503937008
11
0.8977515354330708
21
0.7103069291338583
0
LINE
8
BLACK
6
CONTINUOUS
10
0.8977515354330708
20
0.7103069291338583
11
0.8997633464566929
21
0.7157007480314961
0
LINE
8
BLACK
6
CONTINUOUS
10
0.8997633464566929
20
0.7157007480314961
11
0.8997795669291339
21
0.7158514173228346
0
LINE
8
BLACK
6
CONTINUOUS
10
0.8997795669291339
20
0.7158514173228346
11
0.9000196456692913
21
0.7180846850393701
0
LINE
8
BLACK
6
CONTINUOUS
10
0.9000196456692913
20
0.7180846850393701
11
0.90001968503937
21
0.7180853543307086
0
LINE
8
BLACK
6
CONTINUOUS
10
0.90001968503937
20
0.7180853543307086
11
0.90001968503937
21
0.78191468503937
0
LINE
8
BLACK
6
CONTINUOUS
10
0.90001968503937
20
0.78191468503937
11
0.9000196456692913
21
0.7819153543307087
0
LINE
8
BLACK
6
CONTINUOUS
10
0.9000196456692913
20
0.7819153543307087
11
0.8997633858267716
21
0.7842990944881889
0
LINE
8
BLACK
6
CONTINUOUS
10
0.8997633858267716
20
0.7842990944881889
11
0.8997633070866141
21
0.7842994094488189
0
LINE
8
BLACK
6
CONTINUOUS
10
0.8997633070866141
20
0.7842994094488189
11
0.8983509448818897
21
0.7880860236220473
0
LINE
8
BLACK
6
CONTINUOUS
10
0.8983509448818897
20
0.7880860236220473
11
0.8977515354330708
21
0.7896930708661417
0
LINE
8
BLACK
6
CONTINUOUS
10
0.8977515354330708
20
0.7896930708661417
11
0.8977514960629921
21
0.7896931496062992
0
LINE
8
BLACK
6
CONTINUOUS
10
0.8977514960629921
20
0.7896931496062992
11
0.8977514566929133
21
0.7896932283464567
0
LINE
8
BLACK
6
CONTINUOUS
10
0.8977514566929133
20
0.7896932283464567
11
0.8943016141732283
21
0.7943016535433071
0
LINE
8
BLACK
6
CONTINUOUS
10
0.8943016141732283
20
0.7943016535433071
11
0.8919943700787402
21
0.7960288188976378
0
LINE
8
BLACK
6
CONTINUOUS
10
0.8919943700787402
20
0.7960288188976378
11
0.8903192913385827
21
0.7982664566929134
0
LINE
8
BLACK
6
CONTINUOUS
10
0.8903192913385827
20
0.7982664566929134
11
0.8901199212598425
21
0.8010544881889764
0
LINE
8
BLACK
6
CONTINUOUS
10
0.8901199212598425
20
0.8010544881889764
11
0.8914594881889764
21
0.8035077165354331
0
LINE
8
BLACK
6
CONTINUOUS
10
0.8914594881889764
20
0.8035077165354331
11
0.8919943700787402
21
0.8039711811023622
0
LINE
8
BLACK
6
CONTINUOUS
10
0.8919943700787402
20
0.8039711811023622
11
0.8943016141732283
21
0.8056983858267717
0
LINE
8
BLACK
6
CONTINUOUS
10
0.8943016141732283
20
0.8056983858267717
11
0.8977514566929133
21
0.810306811023622
0
LINE
8
BLACK
6
CONTINUOUS
10
0.8977514566929133
20
0.810306811023622
11
0.8977514566929133
21
0.8103068503937008
0
LINE
8
BLACK
6
CONTINUOUS
10
0.8977514566929133
20
0.8103068503937008
11
0.8977515354330708
21
0.8103069291338583
0
LINE
8
BLACK
6
CONTINUOUS
10
0.8977515354330708
20
0.8103069291338583
11
0.8997633464566929
21
0.8157007480314961
0
LINE
8
BLACK
6
CONTINUOUS
10
0.8997633464566929
20
0.8157007480314961
11
0.90001968503937
21
0.8180851181102362
0
LINE
8
BLACK
6
CONTINUOUS
10
0.90001968503937
20
0.8180851181102362
11
0.90001968503937
21
0.8819148818897637
0
LINE
8
BLACK
6
CONTINUOUS
10
0.90001968503937
20
0.8819148818897637
11
0.9
21
0.8820979921259843
0
LINE
8
BLACK
6
CONTINUOUS
10
0.9
20
0.8820979921259843
11
0.8997633858267716
21
0.884299094488189
0
LINE
8
BLACK
6
CONTINUOUS
10
0.8997633858267716
20
0.884299094488189
11
0.8997633070866141
21
0.8842994094488189
0
LINE
8
BLACK
6
CONTINUOUS
10
0.8997633070866141
20
0.8842994094488189
11
0.8977515354330708
21
0.8896930314960629
0
LINE
8
BLACK
6
CONTINUOUS
10
0.8977515354330708
20
0.8896930314960629
11
0.8977514566929133
21
0.8896932283464567
0
LINE
8
BLACK
6
CONTINUOUS
10
0.8977514566929133
20
0.8896932283464567
11
0.8943015748031495
21
0.894301653543307
0
LINE
8
BLACK
6
CONTINUOUS
10
0.8943015748031495
20
0.894301653543307
11
0.8919779133858268
21
0.8960411811023622
0
LINE
8
BLACK
6
CONTINUOUS
10
0.8919779133858268
20
0.8960411811023622
11
0.890302874015748
21
0.8982788188976377
0
LINE
8
BLACK
6
CONTINUOUS
10
0.890302874015748
20
0.8982788188976377
11
0.8901035039370079
21
0.9010668503937007
0
LINE
8
BLACK
6
CONTINUOUS
10
0.8901035039370079
20
0.9010668503937007
11
0.8914430708661417
21
0.9035200393700787
0
LINE
8
BLACK
6
CONTINUOUS
10
0.8914430708661417
20
0.9035200393700787
11
0.8919779921259843
21
0.9039835433070866
0
LINE
8
BLACK
6
CONTINUOUS
10
0.8919779921259843
20
0.9039835433070866
11
0.8942875590551181
21
0.9057124803149607
0
LINE
8
BLACK
6
CONTINUOUS
10
0.8942875590551181
20
0.9057124803149607
11
0.8977340157480315
21
0.9103163385826771
0
LINE
8
BLACK
6
CONTINUOUS
10
0.8977340157480315
20
0.9103163385826771
11
0.8977340157480315
21
0.9103163779527559
0
LINE
8
BLACK
6
CONTINUOUS
10
0.8977340157480315
20
0.9103163779527559
11
0.8997438582677165
21
0.915705
0
LINE
8
BLACK
6
CONTINUOUS
10
0.8997438582677165
20
0.915705
11
0.8999999606299213
21
0.9180867322834645
0
LINE
8
BLACK
6
CONTINUOUS
10
0.8999999606299213
20
0.9180867322834645
11
0.9
21
0.9180872047244094
0
LINE
8
BLACK
6
CONTINUOUS
10
0.9
20
0.9180872047244094
11
0.9
21
0.9399999999999999
0
LINE
8
BLACK
6
CONTINUOUS
10
0.9
20
0.9399999999999999
11
0.88
21
0.9399999999999999
0
LINE
8
BLACK
6
CONTINUOUS
10
0.88
20
0.9399999999999999
11
0.88
21
0.9199999999999999
0
LINE
8
BLACK
6
CONTINUOUS
10
0.88
20
0.9199999999999999
11
0.82
21
0.9199999999999999
0
LINE
8
BLACK
6
CONTINUOUS
10
0.82
20
0.9199999999999999
11
0.82
21
0.9399999999999999
0
LINE
8
BLACK
6
CONTINUOUS
10
0.82
20
0.9399999999999999
11
0.78
21
0.9399999999999999
0
LINE
8
BLACK
6
CONTINUOUS
10
0.78
20
0.9399999999999999
11
0.78
21
0.9199999999999999
0
LINE
8
BLACK
6
CONTINUOUS
10
0.78
20
0.9199999999999999
11
0.72
21
0.9199999999999999
0
LINE
8
BLACK
6
CONTINUOUS
10
0.72
20
0.9199999999999999
11
0.72
21
0.9399999999999999
0
LINE
8
BLACK
6
CONTINUOUS
10
0.72
20
0.9399999999999999
11
0.7
21
0.9399999999999999
0
LINE
8
BLACK
6
CONTINUOUS
10
0.7
20
0.9399999999999999
11
0.7
21
0.9180867322834645
0
LINE
8
BLACK
6
CONTINUOUS
10
0.7
20
0.9180867322834645
11
0.7002561023622047
21
0.915705
0
LINE
8
BLACK
6
CONTINUOUS
10
0.7002561023622047
20
0.915705
11
0.7022659448818898
21
0.9103163779527559
0
LINE
8
BLACK
6
CONTINUOUS
10
0.7022659448818898
20
0.9103163779527559
11
0.7022659448818898
21
0.9103163385826771
0
LINE
8
BLACK
6
CONTINUOUS
10
0.7022659448818898
20
0.9103163385826771
11
0.7057124015748031
21
0.9057124409448819
0
LINE
8
BLACK
6
CONTINUOUS
10
0.7057124015748031
20
0.9057124409448819
11
0.7080220078740157
21
0.9039835039370079
0
LINE
8
BLACK
6
CONTINUOUS
10
0.7080220078740157
20
0.9039835039370079
11
0.7096970866141732
21
0.9017458661417322
0
LINE
8
BLACK
6
CONTINUOUS
10
0.7096970866141732
20
0.9017458661417322
11
0.7098964566929133
21
0.898957874015748
0
LINE
8
BLACK
6
CONTINUOUS
10
0.7098964566929133
20
0.898957874015748
11
0.7085568897637795
21
0.8965046062992126
0
LINE
8
BLACK
6
CONTINUOUS
10
0.7085568897637795
20
0.8965046062992126
11
0.7080220866141732
21
0.8960411811023622
0
LINE
8
BLACK
6
CONTINUOUS
10
0.7080220866141732
20
0.8960411811023622
11
0.7056983464566929
21
0.8943016141732283
0
LINE
8
BLACK
6
CONTINUOUS
10
0.7056983464566929
20
0.8943016141732283
11
0.7022485039370079
21
0.8896932283464567
0
LINE
8
BLACK
6
CONTINUOUS
10
0.7022485039370079
20
0.8896932283464567
11
0.7022484251968504
21
0.8896930314960629
0
LINE
8
BLACK
6
CONTINUOUS
10
0.7022484251968504
20
0.8896930314960629
11
0.7002366535433071
21
0.8842994094488189
0
LINE
8
BLACK
6
CONTINUOUS
10
0.7002366535433071
20
0.8842994094488189
11
0.7002365748031496
21
0.884299094488189
0
LINE
8
BLACK
6
CONTINUOUS
10
0.7002365748031496
20
0.884299094488189
11
0.69998031496063
21
0.8819153543307087
0
LINE
8
BLACK
6
CONTINUOUS
10
0.69998031496063
20
0.8819153543307087
11
0.69998031496063
21
0.8799015748031496
0
LINE
8
BLACK
6
CONTINUOUS
10
0.69998031496063
20
0.8799015748031496
11
0.6991928346456693
21
0.8772196456692913
0
LINE
8
BLACK
6
CONTINUOUS
10
0.6991928346456693
20
0.8772196456692913
11
0.6970803937007873
21
0.8753892125984252
0
LINE
8
BLACK
6
CONTINUOUS
10
0.6970803937007873
20
0.8753892125984252
11
0.6950196850393701
21
0.8749409448818898
0
LINE
8
BLACK
6
CONTINUOUS
10
0.6950196850393701
20
0.8749409448818898
11
0.6779001968503937
21
0.8749409448818898
0
LINE
8
BLACK
6
CONTINUOUS
10
0.6779001968503937
20
0.8749409448818898
11
0.6763399212598425
21
0.8751927165354331
0
LINE
8
BLACK
6
CONTINUOUS
10
0.6763399212598425
20
0.8751927165354331
11
0.6756224803149606
21
0.8754304724409449
0
LINE
8
BLACK
6
CONTINUOUS
10
0.6756224803149606
20
0.8754304724409449
11
0.6747963385826772
21
0.8757042125984251
0
LINE
8
BLACK
6
CONTINUOUS
10
0.6747963385826772
20
0.8757042125984251
11
0.674796062992126
21
0.8757042519685039
0
LINE
8
BLACK
6
CONTINUOUS
10
0.674796062992126
20
0.8757042519685039
11
0.6707068110236221
21
0.8761220472440945
0
LINE
8
BLACK
6
CONTINUOUS
10
0.6707068110236221
20
0.8761220472440945
11
0.6312935039370079
21
0.8761220472440945
0
LINE
8
BLACK
6
CONTINUOUS
10
0.6312935039370079
20
0.8761220472440945
11
0.6272037007874015
21
0.8757042519685039
0
LINE
8
BLACK
6
CONTINUOUS
10
0.6272037007874015
20
0.8757042519685039
11
0.6205772047244095
21
0.8735084645669291
0
LINE
8
BLACK
6
CONTINUOUS
10
0.6205772047244095
20
0.8735084645669291
11
0.6146355905511811
21
0.8698436220472441
0
LINE
8
BLACK
6
CONTINUOUS
10
0.6146355905511811
20
0.8698436220472441
11
0.6145835039370079
21
0.8698024015748032
0
LINE
8
BLACK
6
CONTINUOUS
10
0.6145835039370079
20
0.8698024015748032
11
0.614541062992126
21
0.8697853149606299
0
LINE
8
BLACK
6
CONTINUOUS
10
0.614541062992126
20
0.8697853149606299
11
0.6145143700787401
21
0.8697688582677165
0
LINE
8
BLACK
6
CONTINUOUS
10
0.6145143700787401
20
0.8697688582677165
11
0.6144798031496063
21
0.8697226377952756
0
LINE
8
BLACK
6
CONTINUOUS
10
0.6144798031496063
20
0.8697226377952756
11
0.6132292125984252
21
0.8692562204724409
0
LINE
8
BLACK
6
CONTINUOUS
10
0.6132292125984252
20
0.8692562204724409
11
0.6119912598425197
21
0.8687568897637795
0
LINE
8
BLACK
6
CONTINUOUS
10
0.6119912598425197
20
0.8687568897637795
11
0.6119245275590551
21
0.8687696062992126
0
LINE
8
BLACK
6
CONTINUOUS
10
0.6119245275590551
20
0.8687696062992126
11
0.611860905511811
21
0.8687458267716536
0
LINE
8
BLACK
6
CONTINUOUS
10
0.611860905511811
20
0.8687458267716536
11
0.6105565354330709
21
0.8690295669291338
0
LINE
8
BLACK
6
CONTINUOUS
10
0.6105565354330709
20
0.8690295669291338
11
0.6092452755905512
21
0.8692787795275591
0
LINE
8
BLACK
6
CONTINUOUS
10
0.6092452755905512
20
0.8692787795275591
11
0.6091747244094488
21
0.8693301574803149
0
LINE
8
BLACK
6
CONTINUOUS
10
0.6091747244094488
20
0.8693301574803149
11
0.6091296456692913
21
0.8693399606299212
0
LINE
8
BLACK
6
CONTINUOUS
10
0.6091296456692913
20
0.8693399606299212
11
0.6079993307086614
21
0.8701861417322835
0
LINE
8
BLACK
6
CONTINUOUS
10
0.6079993307086614
20
0.8701861417322835
11
0.6044362598425197
21
0.8737492125984252
0
LINE
8
BLACK
6
CONTINUOUS
10
0.6044362598425197
20
0.8737492125984252
11
0.6030966535433071
21
0.8762024409448819
0
LINE
8
BLACK
6
CONTINUOUS
10
0.6030966535433071
20
0.8762024409448819
11
0.6030787401574803
21
0.8782251574803149
0
LINE
8
BLACK
6
CONTINUOUS
10
0.6030787401574803
20
0.8782251574803149
11
0.603166811023622
21
0.8786675590551181
0
LINE
8
BLACK
6
CONTINUOUS
10
0.603166811023622
20
0.8786675590551181
11
0.604463188976378
21
0.885181653543307
0
LINE
8
BLACK
6
CONTINUOUS
10
0.604463188976378
20
0.885181653543307
11
0.6044639763779528
21
0.8921568897637795
0
LINE
8
BLACK
6
CONTINUOUS
10
0.6044639763779528
20
0.8921568897637795
11
0.6031040551181103
21
0.8989982283464567
0
LINE
8
BLACK
6
CONTINUOUS
10
0.6031040551181103
20
0.8989982283464567
11
0.6004356299212599
21
0.9054428346456693
0
LINE
8
BLACK
6
CONTINUOUS
10
0.6004356299212599
20
0.9054428346456693
11
0.5965612598425196
21
0.9112431102362204
0
LINE
8
BLACK
6
CONTINUOUS
10
0.5965612598425196
20
0.9112431102362204
11
0.5964386220472441
21
0.9113657874015748
0
LINE
8
BLACK
6
CONTINUOUS
10
0.5964386220472441
20
0.9113657874015748
11
0.5960096062992126
21
0.9117949606299213
0
LINE
8
BLACK
6
CONTINUOUS
10
0.5960096062992126
20
0.9117949606299213
11
0.5960095669291339
21
0.9117950393700788
0
LINE
8
BLACK
6
CONTINUOUS
10
0.5960095669291339
20
0.9117950393700788
11
0.5960047244094488
21
0.9118003937007874
0
LINE
8
BLACK
6
CONTINUOUS
10
0.5960047244094488
20
0.9118003937007874
11
0.5957027559055118
21
0.9121023622047244
0
LINE
8
BLACK
6
CONTINUOUS
10
0.5957027559055118
20
0.9121023622047244
11
0.5942078346456693
21
0.9135972834645669
0
LINE
8
BLACK
6
CONTINUOUS
10
0.5942078346456693
20
0.9135972834645669
11
0.5940955511811024
21
0.9137096062992126
0
LINE
8
BLACK
6
CONTINUOUS
10
0.5940955511811024
20
0.9137096062992126
11
0.5919544881889763
21
0.9158513385826772
0
LINE
8
BLACK
6
CONTINUOUS
10
0.5919544881889763
20
0.9158513385826772
11
0.5919543700787402
21
0.9158514173228346
0
LINE
8
BLACK
6
CONTINUOUS
10
0.5919543700787402
20
0.9158514173228346
11
0.5917524409448819
21
0.9160534251968504
0
LINE
8
BLACK
6
CONTINUOUS
10
0.5917524409448819
20
0.9160534251968504
11
0.5917453937007874
21
0.9160596850393701
0
LINE
8
BLACK
6
CONTINUOUS
10
0.5917453937007874
20
0.9160596850393701
11
0.5904622047244095
21
0.917342874015748
0
LINE
8
BLACK
6
CONTINUOUS
10
0.5904622047244095
20
0.917342874015748
11
0.5904592125984252
21
0.9173448818897637
0
LINE
8
BLACK
6
CONTINUOUS
10
0.5904592125984252
20
0.9173448818897637
11
0.5902864173228346
21
0.9175175590551181
0
LINE
8
BLACK
6
CONTINUOUS
10
0.5902864173228346
20
0.9175175590551181
11
0.5902862204724409
21
0.9175179133858268
0
LINE
8
BLACK
6
CONTINUOUS
10
0.5902862204724409
20
0.9175179133858268
11
0.5902845669291339
21
0.9175194094488188
0
LINE
8
BLACK
6
CONTINUOUS
10
0.5902845669291339
20
0.9175194094488188
11
0.5897353937007874
21
0.9180687795275591
0
LINE
8
BLACK
6
CONTINUOUS
10
0.5897353937007874
20
0.9180687795275591
11
0.5839352755905511
21
0.9219455511811023
0
LINE
8
BLACK
6
CONTINUOUS
10
0.5839352755905511
20
0.9219455511811023
11
0.5797920866141733
21
0.9236623228346457
0
LINE
8
BLACK
6
CONTINUOUS
10
0.5797920866141733
20
0.9236623228346457
11
0.5774902755905512
21
0.9246161023622047
0
LINE
8
BLACK
6
CONTINUOUS
10
0.5774902755905512
20
0.9246161023622047
11
0.5774901968503937
21
0.9246161417322835
0
LINE
8
BLACK
6
CONTINUOUS
10
0.5774901968503937
20
0.9246161417322835
11
0.577490157480315
21
0.9246161417322835
0
LINE
8
BLACK
6
CONTINUOUS
10
0.577490157480315
20
0.9246161417322835
11
0.570647874015748
21
0.9259777952755905
0
LINE
8
BLACK
6
CONTINUOUS
10
0.570647874015748
20
0.9259777952755905
11
0.5706476771653544
21
0.9259778346456693
0
LINE
8
BLACK
6
CONTINUOUS
10
0.5706476771653544
20
0.9259778346456693
11
0.5706477559055118
21
0.9259778346456693
0
LINE
8
BLACK
6
CONTINUOUS
10
0.5706477559055118
20
0.9259778346456693
11
0.5636714566929134
21
0.9259782283464567
0
LINE
8
BLACK
6
CONTINUOUS
10
0.5636714566929134
20
0.9259782283464567
11
0.5636714173228347
21
0.9259782283464567
0
LINE
8
BLACK
6
CONTINUOUS
10
0.5636714173228347
20
0.9259782283464567
11
0.5568289370078741
21
0.9246174015748031
0
LINE
8
BLACK
6
CONTINUOUS
10
0.5568289370078741
20
0.9246174015748031
11
0.5568288582677166
21
0.9246174015748031
0
LINE
8
BLACK
6
CONTINUOUS
10
0.5568288582677166
20
0.9246174015748031
11
0.5567094488188976
21
0.924593622047244
0
LINE
8
BLACK
6
CONTINUOUS
10
0.5567094488188976
20
0.924593622047244
11
0.5539254330708662
21
0.9248428740157481
0
LINE
8
BLACK
6
CONTINUOUS
10
0.5539254330708662
20
0.9248428740157481
11
0.5522341732283464
21
0.9259512992125984
0
LINE
8
BLACK
6
CONTINUOUS
10
0.5522341732283464
20
0.9259512992125984
11
0.5089701574803149
21
0.9692153149606298
0
LINE
8
BLACK
6
CONTINUOUS
10
0.5089701574803149
20
0.9692153149606298
11
0.5089700787401574
21
0.9692153937007874
0
LINE
8
BLACK
6
CONTINUOUS
10
0.5089700787401574
20
0.9692153937007874
11
0.5048851181102362
21
0.9719448818897638
0
LINE
8
BLACK
6
CONTINUOUS
10
0.5048851181102362
20
0.9719448818897638
11
0.5003461417322834
21
0.9738249999999999
0
LINE
8
BLACK
6
CONTINUOUS
10
0.5003461417322834
20
0.9738249999999999
11
0.4974446062992126
21
0.9744021653543307
0
LINE
8
BLACK
6
CONTINUOUS
10
0.4974446062992126
20
0.9744021653543307
11
0.4955276771653543
21
0.9747834645669291
0
LINE
8
BLACK
6
CONTINUOUS
10
0.4955276771653543
20
0.9747834645669291
11
0.4955275984251968
21
0.9747834645669291
0
LINE
8
BLACK
6
CONTINUOUS
10
0.4955275984251968
20
0.9747834645669291
11
0.4245931102362205
21
0.9747834645669291
0
LINE
8
BLACK
6
CONTINUOUS
10
0.4245931102362205
20
0.9747834645669291
11
0.4234153149606299
21
0.9751292913385826
0
LINE
8
BLACK
6
CONTINUOUS
10
0.4234153149606299
20
0.9751292913385826
11
0.422215748031496
21
0.9753902362204724
0
LINE
8
BLACK
6
CONTINUOUS
10
0.422215748031496
20
0.9753902362204724
11
0.4220151181102362
21
0.9755404330708661
0
LINE
8
BLACK
6
CONTINUOUS
10
0.4220151181102362
20
0.9755404330708661
11
0.4219111811023622
21
0.9755709448818898
0
LINE
8
BLACK
6
CONTINUOUS
10
0.4219111811023622
20
0.9755709448818898
11
0.4210854330708662
21
0.9762364173228346
0
LINE
8
BLACK
6
CONTINUOUS
10
0.4210854330708662
20
0.9762364173228346
11
0.3879490551181102
21
1.0093727952755904
0
LINE
8
BLACK
6
CONTINUOUS
10
0.3879490551181102
20
1.0093727952755904
11
0.3879489763779527
21
1.0093728740157479
0
LINE
8
BLACK
6
CONTINUOUS
10
0.3879489763779527
20
1.0093728740157479
11
0.3838640157480315
21
1.0121023622047245
0
LINE
8
BLACK
6
CONTINUOUS
10
0.3838640157480315
20
1.0121023622047245
11
0.3806546062992126
21
1.0134317716535433
0
LINE
8
BLACK
6
CONTINUOUS
10
0.3806546062992126
20
1.0134317716535433
11
0.379325157480315
21
1.0139824409448819
0
LINE
8
BLACK
6
CONTINUOUS
10
0.379325157480315
20
1.0139824409448819
11
0.3793250787401575
21
1.0139824803149606
0
LINE
8
BLACK
6
CONTINUOUS
10
0.3793250787401575
20
1.0139824803149606
11
0.3793250393700787
21
1.0139824803149606
0
LINE
8
BLACK
6
CONTINUOUS
10
0.3793250393700787
20
1.0139824803149606
11
0.3784510236220472
21
1.0141563385826771
0
LINE
8
BLACK
6
CONTINUOUS
10
0.3784510236220472
20
1.0141563385826771
11
0.3759743700787401
21
1.0154518897637794
0
LINE
8
BLACK
6
CONTINUOUS
10
0.3759743700787401
20
1.0154518897637794
11
0.3745912598425197
21
1.0178808661417322
0
LINE
8
BLACK
6
CONTINUOUS
10
0.3745912598425197
20
1.0178808661417322
11
0.374740905511811
21
1.0206720078740157
0
LINE
8
BLACK
6
CONTINUOUS
10
0.374740905511811
20
1.0206720078740157
11
0.3759111023622047
21
1.0225291338582676
0
LINE
8
BLACK
6
CONTINUOUS
10
0.3759111023622047
20
1.0225291338582676
11
0.419372874015748
21
1.0659908267716536
0
LINE
8
BLACK
6
CONTINUOUS
10
0.419372874015748
20
1.0659908267716536
11
0.4221023622047244
21
1.0700757874015747
0
LINE
8
BLACK
6
CONTINUOUS
10
0.4221023622047244
20
1.0700757874015747
11
0.4230774015748031
21
1.0724297637795275
0
LINE
8
BLACK
6
CONTINUOUS
10
0.4230774015748031
20
1.0724297637795275
11
0.4248312204724409
21
1.0746061023622047
0
LINE
8
BLACK
6
CONTINUOUS
10
0.4248312204724409
20
1.0746061023622047
11
0.4274833070866141
21
1.0754888188976377
0
LINE
8
BLACK
6
CONTINUOUS
10
0.4274833070866141
20
1.0754888188976377
11
0.4301916535433071
21
1.074797559055118
0
LINE
8
BLACK
6
CONTINUOUS
10
0.4301916535433071
20
1.074797559055118
11
0.4320962992125984
21
1.072751811023622
0
LINE
8
BLACK
6
CONTINUOUS
10
0.4320962992125984
20
1.072751811023622
11
0.4322434251968504
21
1.0724297244094487
0
LINE
8
BLACK
6
CONTINUOUS
10
0.4322434251968504
20
1.0724297244094487
11
0.4342534645669291
21
1.0675770866141732
0
LINE
8
BLACK
6
CONTINUOUS
10
0.4342534645669291
20
1.0675770866141732
11
0.4342535826771654
21
1.0675768503937009
0
LINE
8
BLACK
6
CONTINUOUS
10
0.4342535826771654
20
1.0675768503937009
11
0.4390476771653543
21
1.059273188976378
0
LINE
8
BLACK
6
CONTINUOUS
10
0.4390476771653543
20
1.059273188976378
11
0.4390478346456693
21
1.0592729527559055
0
LINE
8
BLACK
6
CONTINUOUS
10
0.4390478346456693
20
1.0592729527559055
11
0.4416888582677165
21
1.0558311417322834
0
LINE
8
BLACK
6
CONTINUOUS
10
0.4416888582677165
20
1.0558311417322834
11
0.4416888976377953
21
1.0558311023622047
0
LINE
8
BLACK
6
CONTINUOUS
10
0.4416888976377953
20
1.0558311023622047
11
0.4561151968503937
21
1.070257440944882
0
LINE
8
BLACK
6
CONTINUOUS
10
0.4561151968503937
20
1.070257440944882
11
0.4546825196850394
21
1.0722294094488189
0
LINE
8
BLACK
6
CONTINUOUS
10
0.4546825196850394
20
1.0722294094488189
11
0.4508961811023622
21
1.0796605118110236
0
LINE
8
BLACK
6
CONTINUOUS
10
0.4508961811023622
20
1.0796605118110236
11
0.448318937007874
21
1.0875924803149606
0
LINE
8
BLACK
6
CONTINUOUS
10
0.448318937007874
20
1.0875924803149606
11
0.4470142519685039
21
1.0958299212598426
0
LINE
8
BLACK
6
CONTINUOUS
10
0.4470142519685039
20
1.0958299212598426
11
0.4470142519685039
21
1.1041700787401574
0
LINE
8
BLACK
6
CONTINUOUS
10
0.4470142519685039
20
1.1041700787401574
11
0.448318937007874
21
1.1124075196850394
0
LINE
8
BLACK
6
CONTINUOUS
10
0.448318937007874
20
1.1124075196850394
11
0.4508961811023622
21
1.1203394881889763
0
LINE
8
BLACK
6
CONTINUOUS
10
0.4508961811023622
20
1.1203394881889763
11
0.4546825196850394
21
1.127770590551181
0
LINE
8
BLACK
6
CONTINUOUS
10
0.4546825196850394
20
1.127770590551181
11
0.4595847244094488
21
1.1345179133858267
0
LINE
8
BLACK
6
CONTINUOUS
10
0.4595847244094488
20
1.1345179133858267
11
0.4654820866141732
21
1.1404152755905512
0
LINE
8
BLACK
6
CONTINUOUS
10
0.4654820866141732
20
1.1404152755905512
11
0.4722294094488189
21
1.1453174803149606
0
LINE
8
BLACK
6
CONTINUOUS
10
0.4722294094488189
20
1.1453174803149606
11
0.4796605118110236
21
1.1491038188976377
0
LINE
8
BLACK
6
CONTINUOUS
10
0.4796605118110236
20
1.1491038188976377
11
0.4875924803149606
21
1.1516810629921259
0
LINE
8
BLACK
6
CONTINUOUS
10
0.4875924803149606
20
1.1516810629921259
11
0.4958299212598425
21
1.152985748031496
0
LINE
8
BLACK
6
CONTINUOUS
10
0.4958299212598425
20
1.152985748031496
11
0.5041700787401575
21
1.152985748031496
0
LINE
8
BLACK
6
CONTINUOUS
10
0.5041700787401575
20
1.152985748031496
11
0.5124075196850394
21
1.1516810629921259
0
LINE
8
BLACK
6
CONTINUOUS
10
0.5124075196850394
20
1.1516810629921259
11
0.5203394881889764
21
1.1491038188976377
0
LINE
8
BLACK
6
CONTINUOUS
10
0.5203394881889764
20
1.1491038188976377
11
0.5277705905511811
21
1.1453174803149606
0
LINE
8
BLACK
6
CONTINUOUS
10
0.5277705905511811
20
1.1453174803149606
11
0.5297425590551181
21
1.1438848031496063
0
LINE
8
BLACK
6
CONTINUOUS
10
0.5297425590551181
20
1.1438848031496063
11
0.5441688976377953
21
1.1583111023622048
0
LINE
8
BLACK
6
CONTINUOUS
10
0.5441688976377953
20
1.1583111023622048
11
0.5441688582677165
21
1.1583111417322833
0
LINE
8
BLACK
6
CONTINUOUS
10
0.5441688582677165
20
1.1583111417322833
11
0.5407270472440945
21
1.1609521653543307
0
LINE
8
BLACK
6
CONTINUOUS
10
0.5407270472440945
20
1.1609521653543307
11
0.5407268110236221
21
1.1609523228346457
0
LINE
8
BLACK
6
CONTINUOUS
10
0.5407268110236221
20
1.1609523228346457
11
0.5324231496062992
21
1.1657464173228347
0
LINE
8
BLACK
6
CONTINUOUS
10
0.5324231496062992
20
1.1657464173228347
11
0.532422716535433
21
1.165746653543307
0
LINE
8
BLACK
6
CONTINUOUS
10
0.532422716535433
20
1.165746653543307
11
0.5235635826771653
21
1.169416220472441
0
LINE
8
BLACK
6
CONTINUOUS
10
0.5235635826771653
20
1.169416220472441
11
0.5143011417322835
21
1.1718980708661417
0
LINE
8
BLACK
6
CONTINUOUS
10
0.5143011417322835
20
1.1718980708661417
11
0.5047945669291338
21
1.1731496062992126
0
LINE
8
BLACK
6
CONTINUOUS
10
0.5047945669291338
20
1.1731496062992126
11
0.4952053937007874
21
1.1731496062992126
0
LINE
8
BLACK
6
CONTINUOUS
10
0.4952053937007874
20
1.1731496062992126
11
0.4856988188976378
21
1.1718980708661417
0
LINE
8
BLACK
6
CONTINUOUS
10
0.4856988188976378
20
1.1718980708661417
11
0.4764363779527559
21
1.169416220472441
0
LINE
8
BLACK
6
CONTINUOUS
10
0.4764363779527559
20
1.169416220472441
11
0.4703982677165354
21
1.1669151574803149
0
LINE
8
BLACK
6
CONTINUOUS
10
0.4703982677165354
20
1.1669151574803149
11
0.4676191338582677
21
1.1666163779527559
0
LINE
8
BLACK
6
CONTINUOUS
10
0.4676191338582677
20
1.1666163779527559
11
0.4651196456692913
21
1.1678675590551182
0
LINE
8
BLACK
6
CONTINUOUS
10
0.4651196456692913
20
1.1678675590551182
11
0.4636933858267717
21
1.1702714173228346
0
LINE
8
BLACK
6
CONTINUOUS
10
0.4636933858267717
20
1.1702714173228346
11
0.4637931496062992
21
1.1730647637795275
0
LINE
8
BLACK
6
CONTINUOUS
10
0.4637931496062992
20
1.1730647637795275
11
0.4639161023622047
21
1.1733945669291339
0
LINE
8
BLACK
6
CONTINUOUS
10
0.4639161023622047
20
1.1733945669291339
11
0.4656987795275591
21
1.1776982677165353
0
LINE
8
BLACK
6
CONTINUOUS
10
0.4656987795275591
20
1.1776982677165353
11
0.4680476771653543
21
1.1864644881889763
0
LINE
8
BLACK
6
CONTINUOUS
10
0.4680476771653543
20
1.1864644881889763
11
0.4692322834645669
21
1.195462283464567
0
LINE
8
BLACK
6
CONTINUOUS
10
0.4692322834645669
20
1.195462283464567
11
0.4692322834645669
21
1.204537716535433
0
LINE
8
BLACK
6
CONTINUOUS
10
0.4692322834645669
20
1.204537716535433
11
0.4680476771653543
21
1.2135355118110236
0
LINE
8
BLACK
6
CONTINUOUS
10
0.4680476771653543
20
1.2135355118110236
11
0.4656987795275591
21
1.2223017322834646
0
LINE
8
BLACK
6
CONTINUOUS
10
0.4656987795275591
20
1.2223017322834646
11
0.4639168503937008
21
1.2266037007874016
0
LINE
8
BLACK
6
CONTINUOUS
10
0.4639168503937008
20
1.2266037007874016
11
0.4636181102362205
21
1.2293825984251969
0
LINE
8
BLACK
6
CONTINUOUS
10
0.4636181102362205
20
1.2293825984251969
11
0.4648692519685039
21
1.2318820866141733
0
LINE
8
BLACK
6
CONTINUOUS
10
0.4648692519685039
20
1.2318820866141733
11
0.4672731102362205
21
1.2333083858267717
0
LINE
8
BLACK
6
CONTINUOUS
10
0.4672731102362205
20
1.2333083858267717
11
0.4700664566929134
21
1.233208622047244
0
LINE
8
BLACK
6
CONTINUOUS
10
0.4700664566929134
20
1.233208622047244
11
0.4703982677165354
21
1.2330848818897637
0
LINE
8
BLACK
6
CONTINUOUS
10
0.4703982677165354
20
1.2330848818897637
11
0.4764363779527559
21
1.2305838188976377
0
LINE
8
BLACK
6
CONTINUOUS
10
0.4764363779527559
20
1.2305838188976377
11
0.4856988188976378
21
1.2281019685039369
0
LINE
8
BLACK
6
CONTINUOUS
10
0.4856988188976378
20
1.2281019685039369
11
0.4952053937007874
21
1.2268504330708661
0
LINE
8
BLACK
6
CONTINUOUS
10
0.4952053937007874
20
1.2268504330708661
11
0.4952057874015748
21
1.2268503937007873
0
LINE
8
BLACK
6
CONTINUOUS
10
0.4952057874015748
20
1.2268503937007873
11
0.5047942125984252
21
1.2268503937007873
0
LINE
8
BLACK
6
CONTINUOUS
10
0.5047942125984252
20
1.2268503937007873
11
0.5047945669291338
21
1.2268504330708661
0
LINE
8
BLACK
6
CONTINUOUS
10
0.5047945669291338
20
1.2268504330708661
11
0.5143011417322835
21
1.2281019685039369
0
LINE
8
BLACK
6
CONTINUOUS
10
0.5143011417322835
20
1.2281019685039369
11
0.5235635826771653
21
1.2305838188976377
0
LINE
8
BLACK
6
CONTINUOUS
10
0.5235635826771653
20
1.2305838188976377
11
0.532422716535433
21
1.2342533858267717
0
LINE
8
BLACK
6
CONTINUOUS
10
0.532422716535433
20
1.2342533858267717
11
0.5324231496062992
21
1.234253622047244
0
LINE
8
BLACK
6
CONTINUOUS
10
0.5324231496062992
20
1.234253622047244
11
0.5407267716535433
21
1.239047716535433
0
LINE
8
BLACK
6
CONTINUOUS
10
0.5407267716535433
20
1.239047716535433
11
0.5441688976377953
21
1.2416889763779528
0
LINE
8
BLACK
6
CONTINUOUS
10
0.5441688976377953
20
1.2416889763779528
11
0.5297425984251969
21
1.2561152755905511
0
LINE
8
BLACK
6
CONTINUOUS
10
0.5297425984251969
20
1.2561152755905511
11
0.5277705905511811
21
1.2546825196850393
0
LINE
8
BLACK
6
CONTINUOUS
10
0.5277705905511811
20
1.2546825196850393
11
0.5203394881889764
21
1.2508961811023622
0
LINE
8
BLACK
6
CONTINUOUS
10
0.5203394881889764
20
1.2508961811023622
11
0.5124075196850394
21
1.248318937007874
0
LINE
8
BLACK
6
CONTINUOUS
10
0.5124075196850394
20
1.248318937007874
11
0.5041700787401575
21
1.2470142519685039
0
LINE
8
BLACK
6
CONTINUOUS
10
0.5041700787401575
20
1.2470142519685039
11
0.4958299212598425
21
1.2470142519685039
0
LINE
8
BLACK
6
CONTINUOUS
10
0.4958299212598425
20
1.2470142519685039
11
0.4875924803149606
21
1.248318937007874
0
LINE
8
BLACK
6
CONTINUOUS
10
0.4875924803149606
20
1.248318937007874
11
0.4796605118110236
21
1.2508961811023622
0
LINE
8
BLACK
6
CONTINUOUS
10
0.4796605118110236
20
1.2508961811023622
11
0.4722294094488189
21
1.2546825196850393
0
LINE
8
BLACK
6
CONTINUOUS
10
0.4722294094488189
20
1.2546825196850393
11
0.4654820866141732
21
1.2595847244094487
0
LINE
8
BLACK
6
CONTINUOUS
10
0.4654820866141732
20
1.2595847244094487
11
0.4595847244094488
21
1.2654820866141732
0
LINE
8
BLACK
6
CONTINUOUS
10
0.4595847244094488
20
1.2654820866141732
11
0.4546825196850394
21
1.2722294094488189
0
LINE
8
BLACK
6
CONTINUOUS
10
0.4546825196850394
20
1.2722294094488189
11
0.4508961811023622
21
1.2796605118110236
0
LINE
8
BLACK
6
CONTINUOUS
10
0.4508961811023622
20
1.2796605118110236
11
0.448318937007874
21
1.2875924803149605
0
LINE
8
BLACK
6
CONTINUOUS
10
0.448318937007874
20
1.2875924803149605
11
0.4470142519685039
21
1.2958299212598425
0
LINE
8
BLACK
6
CONTINUOUS
10
0.4470142519685039
20
1.2958299212598425
11
0.4470142519685039
21
1.3041700787401576
0
LINE
8
BLACK
6
CONTINUOUS
10
0.4470142519685039
20
1.3041700787401576
11
0.448318937007874
21
1.3124075196850393
0
LINE
8
BLACK
6
CONTINUOUS
10
0.448318937007874
20
1.3124075196850393
11
0.4508961811023622
21
1.3203394881889763
0
LINE
8
BLACK
6
CONTINUOUS
10
0.4508961811023622
20
1.3203394881889763
11
0.4546825196850394
21
1.327770590551181
0
LINE
8
BLACK
6
CONTINUOUS
10
0.4546825196850394
20
1.327770590551181
11
0.4561152362204725
21
1.3297426377952755
0
LINE
8
BLACK
6
CONTINUOUS
10
0.4561152362204725
20
1.3297426377952755
11
0.4416888976377953
21
1.3441689763779527
0
LINE
8
BLACK
6
CONTINUOUS
10
0.4416888976377953
20
1.3441689763779527
11
0.4390476771653543
21
1.3407268503937007
0
LINE
8
BLACK
6
CONTINUOUS
10
0.54388468503937
20
-0.0702573228346457
11
0.5453174803149606
21
-0.0722294094488189
0
LINE
8
BLACK
6
CONTINUOUS
10
0.5453174803149606
20
-0.0722294094488189
11
0.5491038188976378
21
-0.0796605118110236
0
LINE
8
BLACK
6
CONTINUOUS
10
0.5491038188976378
20
-0.0796605118110236
11
0.5516810629921259
21
-0.0875924803149606
0
LINE
8
BLACK
6
CONTINUOUS
10
0.5516810629921259
20
-0.0875924803149606
11
0.552985748031496
21
-0.0958299212598425
0
LINE
8
BLACK
6
CONTINUOUS
10
0.552985748031496
20
-0.0958299212598425
11
0.552985748031496
21
-0.1041700787401575
0
LINE
8
BLACK
6
CONTINUOUS
10
0.552985748031496
20
-0.1041700787401575
11
0.5516810629921259
21
-0.1124075196850394
0
LINE
8
BLACK
6
CONTINUOUS
10
0.5516810629921259
20
-0.1124075196850394
11
0.5491038188976378
21
-0.1203394881889764
0
LINE
8
BLACK
6
CONTINUOUS
10
0.5491038188976378
20
-0.1203394881889764
11
0.5453174803149606
21
-0.1277705905511811
0
LINE
8
BLACK
6
CONTINUOUS
10
0.5453174803149606
20
-0.1277705905511811
11
0.5438847244094488
21
-0.1297425984251968
0
LINE
8
BLACK
6
CONTINUOUS
10
0.5438847244094488
20
-0.1297425984251968
11
0.5583110236220472
21
-0.1441688976377953
0
LINE
8
BLACK
6
CONTINUOUS
10
0.5583110236220472
20
-0.1441688976377953
11
0.5609522834645669
21
-0.1407267716535433
0
LINE
8
BLACK
6
CONTINUOUS
10
0.5609522834645669
20
-0.1407267716535433
11
0.5657463779527558
21
-0.1324231496062992
0
LINE
8
BLACK
6
CONTINUOUS
10
0.5657463779527558
20
-0.1324231496062992
11
0.5657466141732284
21
-0.1324227165354331
0
LINE
8
BLACK
6
CONTINUOUS
10
0.5657466141732284
20
-0.1324227165354331
11
0.5694161811023621
21
-0.1235635826771654
0
LINE
8
BLACK
6
CONTINUOUS
10
0.5694161811023621
20
-0.1235635826771654
11
0.571898031496063
21
-0.1143011417322835
0
LINE
8
BLACK
6
CONTINUOUS
10
0.571898031496063
20
-0.1143011417322835
11
0.5731495669291339
21
-0.1047945669291339
0
LINE
8
BLACK
6
CONTINUOUS
10
0.5731495669291339
20
-0.1047945669291339
11
0.5731496062992126
21
-0.1047942125984252
0
LINE
8
BLACK
6
CONTINUOUS
10
0.5731496062992126
20
-0.1047942125984252
11
0.5731496062992126
21
-0.0952057874015748
0
LINE
8
BLACK
6
CONTINUOUS
10
0.5731496062992126
20
-0.0952057874015748
11
0.5731495669291339
21
-0.0952053937007874
0
LINE
8
BLACK
6
CONTINUOUS
10
0.5731495669291339
20
-0.0952053937007874
11
0.571898031496063
21
-0.0856988188976378
0
LINE
8
BLACK
6
CONTINUOUS
10
0.571898031496063
20
-0.0856988188976378
11
0.5694161811023621
21
-0.0764363779527559
0
LINE
8
BLACK
6
CONTINUOUS
10
0.5694161811023621
20
-0.0764363779527559
11
0.5657466141732284
21
-0.0675772440944882
0
LINE
8
BLACK
6
CONTINUOUS
10
0.5657466141732284
20
-0.0675772440944882
11
0.5657463779527558
21
-0.067576811023622
0
LINE
8
BLACK
6
CONTINUOUS
10
0.5657463779527558
20
-0.067576811023622
11
0.5609522834645669
21
-0.0592731496062992
0
LINE
8
BLACK
6
CONTINUOUS
10
0.5609522834645669
20
-0.0592731496062992
11
0.5609520866141732
21
-0.059272874015748
0
LINE
8
BLACK
6
CONTINUOUS
10
0.5609520866141732
20
-0.059272874015748
11
0.5583110236220472
21
-0.0558310236220472
0
LINE
8
BLACK
6
CONTINUOUS
10
0.5583110236220472
20
-0.0558310236220472
11
0.54388468503937
21
-0.0702573228346457
0
LINE
8
BLACK
6
CONTINUOUS
10
0.2390476771653543
20
0.1407268503937008
11
0.2342535826771653
21
0.1324231889763779
0
LINE
8
BLACK
6
CONTINUOUS
10
0.2342535826771653
20
0.1324231889763779
11
0.2342533464566929
21
0.1324227559055118
0
LINE
8
BLACK
6
CONTINUOUS
10
0.2342533464566929
20
0.1324227559055118
11
0.230583779527559
21
0.1235636220472441
0
LINE
8
BLACK
6
CONTINUOUS
10
0.230583779527559
20
0.1235636220472441
11
0.2281019291338583
21
0.1143011811023622
0
LINE
8
BLACK
6
CONTINUOUS
10
0.2281019291338583
20
0.1143011811023622
11
0.2268503937007874
21
0.1047946062992126
0
LINE
8
BLACK
6
CONTINUOUS
10
0.2268503937007874
20
0.1047946062992126
11
0.2268503937007874
21
0.0952054330708661
0
LINE
8
BLACK
6
CONTINUOUS
10
0.2268503937007874
20
0.0952054330708661
11
0.2281019291338583
21
0.0856988582677165
0
LINE
8
BLACK
6
CONTINUOUS
10
0.2281019291338583
20
0.0856988582677165
11
0.230583779527559
21
0.0764364173228346
0
LINE
8
BLACK
6
CONTINUOUS
10
0.230583779527559
20
0.0764364173228346
11
0.2342533464566929
21
0.0675772834645669
0
LINE
8
BLACK
6
CONTINUOUS
10
0.2342533464566929
20
0.0675772834645669
11
0.2342535826771653
21
0.0675768503937008
0
LINE
8
BLACK
6
CONTINUOUS
10
0.2342535826771653
20
0.0675768503937008
11
0.2390476771653543
21
0.0592731889763779
0
LINE
8
BLACK
6
CONTINUOUS
10
0.2390476771653543
20
0.0592731889763779
11
0.2390478346456693
21
0.0592729527559055
0
LINE
8
BLACK
6
CONTINUOUS
10
0.2390478346456693
20
0.0592729527559055
11
0.2416888582677165
21
0.0558311417322835
0
LINE
8
BLACK
6
CONTINUOUS
10
0.2416888582677165
20
0.0558311417322835
11
0.241688937007874
21
0.0558311023622047
0
LINE
8
BLACK
6
CONTINUOUS
10
0.241688937007874
20
0.0558311023622047
11
0.2561152362204724
21
0.0702574409448819
0
LINE
8
BLACK
6
CONTINUOUS
10
0.2561152362204724
20
0.0702574409448819
11
0.2546825196850394
21
0.0722294094488189
0
LINE
8
BLACK
6
CONTINUOUS
10
0.2546825196850394
20
0.0722294094488189
11
0.2508961811023622
21
0.0796605118110236
0
LINE
8
BLACK
6
CONTINUOUS
10
0.2508961811023622
20
0.0796605118110236
11
0.248318937007874
21
0.0875924803149606
0
LINE
8
BLACK
6
CONTINUOUS
10
0.248318937007874
20
0.0875924803149606
11
0.2470142519685039
21
0.0958299212598425
0
LINE
8
BLACK
6
CONTINUOUS
10
0.2470142519685039
20
0.0958299212598425
11
0.2470142519685039
21
0.1041700787401575
0
LINE
8
BLACK
6
CONTINUOUS
10
0.2470142519685039
20
0.1041700787401575
11
0.248318937007874
21
0.1124075196850394
0
LINE
8
BLACK
6
CONTINUOUS
10
0.248318937007874
20
0.1124075196850394
11
0.2508961811023622
21
0.1203394881889764
0
LINE
8
BLACK
6
CONTINUOUS
10
0.2508961811023622
20
0.1203394881889764
11
0.2546825196850394
21
0.1277705905511811
0
LINE
8
BLACK
6
CONTINUOUS
10
0.2546825196850394
20
0.1277705905511811
11
0.2561152362204724
21
0.1297426377952756
0
LINE
8
BLACK
6
CONTINUOUS
10
0.2561152362204724
20
0.1297426377952756
11
0.2416888976377953
21
0.1441689763779528
0
LINE
8
BLACK
6
CONTINUOUS
10
0.2416888976377953
20
0.1441689763779528
11
0.2390476771653543
21
0.1407268503937008
0
LINE
8
BLACK
6
CONTINUOUS
10
0.54388468503937
20
0.1297426771653543
11
0.5453174803149606
21
0.1277705905511811
0
LINE
8
BLACK
6
CONTINUOUS
10
0.5453174803149606
20
0.1277705905511811
11
0.5491038188976378
21
0.1203394881889764
0
LINE
8
BLACK
6
CONTINUOUS
10
0.5491038188976378
20
0.1203394881889764
11
0.5516810629921259
21
0.1124075196850394
0
LINE
8
BLACK
6
CONTINUOUS
10
0.5516810629921259
20
0.1124075196850394
11
0.552985748031496
21
0.1041700787401575
0
LINE
8
BLACK
6
CONTINUOUS
10
0.552985748031496
20
0.1041700787401575
11
0.552985748031496
21
0.0958299212598425
0
LINE
8
BLACK
6
CONTINUOUS
10
0.552985748031496
20
0.0958299212598425
11
0.5516810629921259
21
0.0875924803149606
0
LINE
8
BLACK
6
CONTINUOUS
10
0.5516810629921259
20
0.0875924803149606
11
0.5491038188976378
21
0.0796605118110236
0
LINE
8
BLACK
6
CONTINUOUS
10
0.5491038188976378
20
0.0796605118110236
11
0.5453174803149606
21
0.0722294094488189
0
LINE
8
BLACK
6
CONTINUOUS
10
0.5453174803149606
20
0.0722294094488189
11
0.5438847244094488
21
0.0702574015748031
0
LINE
8
BLACK
6
CONTINUOUS
10
0.5438847244094488
20
0.0702574015748031
11
0.5583110236220472
21
0.0558311023622047
0
LINE
8
BLACK
6
CONTINUOUS
10
0.5583110236220472
20
0.0558311023622047
11
0.5609522834645669
21
0.0592732283464567
0
LINE
8
BLACK
6
CONTINUOUS
10
0.5609522834645669
20
0.0592732283464567
11
0.5657463779527558
21
0.0675768503937008
0
LINE
8
BLACK
6
CONTINUOUS
10
0.5657463779527558
20
0.0675768503937008
11
0.5657466141732284
21
0.0675772834645669
0
LINE
8
BLACK
6
CONTINUOUS
10
0.5657466141732284
20
0.0675772834645669
11
0.5694161811023621
21
0.0764364173228346
0
LINE
8
BLACK
6
CONTINUOUS
10
0.5694161811023621
20
0.0764364173228346
11
0.571898031496063
21
0.0856988582677165
0
LINE
8
BLACK
6
CONTINUOUS
10
0.571898031496063
20
0.0856988582677165
11
0.5731495669291339
21
0.0952054330708661
0
LINE
8
BLACK
6
CONTINUOUS
10
0.5731495669291339
20
0.0952054330708661
11
0.5731496062992126
21
0.0952057874015748
0
LINE
8
BLACK
6
CONTINUOUS
10
0.5731496062992126
20
0.0952057874015748
11
0.5731496062992126
21
0.1047942125984252
0
LINE
8
BLACK
6
CONTINUOUS
10
0.5731496062992126
20
0.1047942125984252
11
0.5731495669291339
21
0.1047946062992126
0
LINE
8
BLACK
6
CONTINUOUS
10
0.5731495669291339
20
0.1047946062992126
11
0.571898031496063
21
0.1143011811023622
0
LINE
8
BLACK
6
CONTINUOUS
10
0.571898031496063
20
0.1143011811023622
11
0.5694161811023621
21
0.1235636220472441
0
LINE
8
BLACK
6
CONTINUOUS
10
0.5694161811023621
20
0.1235636220472441
11
0.5657466141732284
21
0.1324227559055118
0
LINE
8
BLACK
6
CONTINUOUS
10
0.5657466141732284
20
0.1324227559055118
11
0.5657463779527558
21
0.1324231889763779
0
LINE
8
BLACK
6
CONTINUOUS
10
0.5657463779527558
20
0.1324231889763779
11
0.5609522834645669
21
0.1407268503937008
0
LINE
8
BLACK
6
CONTINUOUS
10
0.5609522834645669
20
0.1407268503937008
11
0.5609520866141732
21
0.140727125984252
0
LINE
8
BLACK
6
CONTINUOUS
10
0.5609520866141732
20
0.140727125984252
11
0.5583110236220472
21
0.1441689763779528
0
LINE
8
BLACK
6
CONTINUOUS
10
0.5583110236220472
20
0.1441689763779528
11
0.54388468503937
21
0.1297426771653543
0
LINE
8
BLACK
6
CONTINUOUS
10
0.4856988188976378
20
0.1718980708661417
11
0.4764363779527559
21
0.169416220472441
0
LINE
8
BLACK
6
CONTINUOUS
10
0.4764363779527559
20
0.169416220472441
11
0.4675772440944882
21
0.1657466535433071
0
LINE
8
BLACK
6
CONTINUOUS
10
0.4675772440944882
20
0.1657466535433071
11
0.467576811023622
21
0.1657464173228347
0
LINE
8
BLACK
6
CONTINUOUS
10
0.467576811023622
20
0.1657464173228347
11
0.4592731496062992
21
0.1609523228346457
0
LINE
8
BLACK
6
CONTINUOUS
10
0.4592731496062992
20
0.1609523228346457
11
0.4558310236220472
21
0.1583111023622047
0
LINE
8
BLACK
6
CONTINUOUS
10
0.4558310236220472
20
0.1583111023622047
11
0.4702573622047244
21
0.1438847637795276
0
LINE
8
BLACK
6
CONTINUOUS
10
0.4702573622047244
20
0.1438847637795276
11
0.4722294094488189
21
0.1453174803149606
0
LINE
8
BLACK
6
CONTINUOUS
10
0.4722294094488189
20
0.1453174803149606
11
0.4796605118110236
21
0.1491038188976378
0
LINE
8
BLACK
6
CONTINUOUS
10
0.4796605118110236
20
0.1491038188976378
11
0.4875924803149606
21
0.151681062992126
0
LINE
8
BLACK
6
CONTINUOUS
10
0.4875924803149606
20
0.151681062992126
11
0.4958299212598425
21
0.1529857480314961
0
LINE
8
BLACK
6
CONTINUOUS
10
0.4958299212598425
20
0.1529857480314961
11
0.5041700787401575
21
0.1529857480314961
0
LINE
8
BLACK
6
CONTINUOUS
10
0.5041700787401575
20
0.1529857480314961
11
0.5124075196850394
21
0.151681062992126
0
LINE
8
BLACK
6
CONTINUOUS
10
0.5124075196850394
20
0.151681062992126
11
0.5203394881889764
21
0.1491038188976378
0
LINE
8
BLACK
6
CONTINUOUS
10
0.5203394881889764
20
0.1491038188976378
11
0.5277705905511811
21
0.1453174803149606
0
LINE
8
BLACK
6
CONTINUOUS
10
0.5277705905511811
20
0.1453174803149606
11
0.5297425590551181
21
0.1438847637795276
0
LINE
8
BLACK
6
CONTINUOUS
10
0.5297425590551181
20
0.1438847637795276
11
0.5441688976377953
21
0.158311062992126
0
LINE
8
BLACK
6
CONTINUOUS
10
0.5441688976377953
20
0.158311062992126
11
0.5441688582677165
21
0.1583111417322835
0
LINE
8
BLACK
6
CONTINUOUS
10
0.5441688582677165
20
0.1583111417322835
11
0.5407270472440945
21
0.1609521653543307
0
LINE
8
BLACK
6
CONTINUOUS
10
0.5407270472440945
20
0.1609521653543307
11
0.5407268110236221
21
0.1609523228346457
0
LINE
8
BLACK
6
CONTINUOUS
10
0.5407268110236221
20
0.1609523228346457
11
0.5324231496062992
21
0.1657464173228347
0
LINE
8
BLACK
6
CONTINUOUS
10
0.5324231496062992
20
0.1657464173228347
11
0.532422716535433
21
0.1657466535433071
0
LINE
8
BLACK
6
CONTINUOUS
10
0.532422716535433
20
0.1657466535433071
11
0.5235635826771653
21
0.169416220472441
0
LINE
8
BLACK
6
CONTINUOUS
10
0.5235635826771653
20
0.169416220472441
11
0.5143011417322835
21
0.1718980708661417
0
LINE
8
BLACK
6
CONTINUOUS
10
0.5143011417322835
20
0.1718980708661417
11
0.5047945669291338
21
0.1731496062992126
0
LINE
8
BLACK
6
CONTINUOUS
10
0.5047945669291338
20
0.1731496062992126
11
0.4952053937007874
21
0.1731496062992126
0
LINE
8
BLACK
6
CONTINUOUS
10
0.4952053937007874
20
0.1731496062992126
11
0.4856988188976378
21
0.1718980708661417
0
LINE
8
BLACK
6
CONTINUOUS
10
-0.0599788188976378
20
0.1967579133858268
11
-0.061331811023622
21
0.1954049212598425
0
LINE
8
BLACK
6
CONTINUOUS
10
-0.061331811023622
20
0.1954049212598425
11
-0.061331811023622
21
0.1934915354330708
0
LINE
8
BLACK
6
CONTINUOUS
10
-0.061331811023622
20
0.1934915354330708
11
-0.0599788188976378
21
0.1921385433070866
0
LINE
8
BLACK
6
CONTINUOUS
10
-0.0599788188976378
20
0.1921385433070866
11
-0.059022125984252
21
0.1919482283464567
0
LINE
8
BLACK
6
CONTINUOUS
10
-0.059022125984252
20
0.1919482283464567
11
-0.0521132283464567
21
0.1919482283464567
0
LINE
8
BLACK
6
CONTINUOUS
10
-0.0521132283464567
20
0.1919482283464567
11
-0.0492544488188976
21
0.1905188582677165
0
LINE
8
BLACK
6
CONTINUOUS
10
-0.0492544488188976
20
0.1905188582677165
11
-0.0478415354330709
21
0.189105905511811
0
LINE
8
BLACK
6
CONTINUOUS
10
-0.0478415354330709
20
0.189105905511811
11
-0.0444696062992126
21
0.1840479527559055
0
LINE
8
BLACK
6
CONTINUOUS
10
-0.0444696062992126
20
0.1840479527559055
11
-0.0434825196850394
21
0.1800996850393701
0
LINE
8
BLACK
6
CONTINUOUS
10
-0.0434825196850394
20
0.1800996850393701
11
-0.0466555118110236
21
0.1816861811023622
0
LINE
8
BLACK
6
CONTINUOUS
10
-0.0466555118110236
20
0.1816861811023622
11
-0.0467763385826772
21
0.1817192913385827
0
LINE
8
BLACK
6
CONTINUOUS
10
-0.0467763385826772
20
0.1817192913385827
11
-0.0468168503937008
21
0.1817598031496063
0
LINE
8
BLACK
6
CONTINUOUS
10
-0.0468168503937008
20
0.1817598031496063
11
-0.0472098031496063
21
0.1818379921259843
0
LINE
8
BLACK
6
CONTINUOUS
10
-0.0472098031496063
20
0.1818379921259843
11
-0.0475962992125984
21
0.1819438188976378
0
LINE
8
BLACK
6
CONTINUOUS
10
-0.0475962992125984
20
0.1819438188976378
11
-0.0476507086614173
21
0.1819257086614173
0
LINE
8
BLACK
6
CONTINUOUS
10
-0.0476507086614173
20
0.1819257086614173
11
-0.0477735433070866
21
0.1819501181102362
0
LINE
8
BLACK
6
CONTINUOUS
10
-0.0477735433070866
20
0.1819501181102362
11
-0.0552725984251968
21
0.1819501181102362
0
LINE
8
BLACK
6
CONTINUOUS
10
-0.0552725984251968
20
0.1819501181102362
11
-0.0553954724409449
21
0.1819257086614173
0
LINE
8
BLACK
6
CONTINUOUS
10
-0.0553954724409449
20
0.1819257086614173
11
-0.055449842519685
21
0.1819438188976378
0
LINE
8
BLACK
6
CONTINUOUS
10
-0.055449842519685
20
0.1819438188976378
11
-0.0558363779527559
21
0.1818379921259843
0
LINE
8
BLACK
6
CONTINUOUS
10
-0.0558363779527559
20
0.1818379921259843
11
-0.0562292913385827
21
0.1817598031496063
0
LINE
8
BLACK
6
CONTINUOUS
10
-0.0562292913385827
20
0.1817598031496063
11
-0.056269842519685
21
0.1817192913385827
0
LINE
8
BLACK
6
CONTINUOUS
10
-0.056269842519685
20
0.1817192913385827
11
-0.0563906299212598
21
0.1816861811023622
0
LINE
8
BLACK
6
CONTINUOUS
10
-0.0563906299212598
20
0.1816861811023622
11
-0.060140157480315
21
0.1798114173228346
0
LINE
8
BLACK
6
CONTINUOUS
10
-0.060140157480315
20
0.1798114173228346
11
-0.0604565748031496
21
0.1795658661417323
0
LINE
8
BLACK
6
CONTINUOUS
10
-0.0604565748031496
20
0.1795658661417323
11
-0.0607899212598425
21
0.1793431102362205
0
LINE
8
BLACK
6
CONTINUOUS
10
-0.0607899212598425
20
0.1793431102362205
11
-0.0626646456692913
21
0.1774683464566929
0
LINE
8
BLACK
6
CONTINUOUS
10
-0.0626646456692913
20
0.1774683464566929
11
-0.0628872440944882
21
0.1771352755905512
0
LINE
8
BLACK
6
CONTINUOUS
10
-0.0628872440944882
20
0.1771352755905512
11
-0.0631329527559055
21
0.1768186220472441
0
LINE
8
BLACK
6
CONTINUOUS
10
-0.0631329527559055
20
0.1768186220472441
11
-0.0650077165354331
21
0.173069094488189
0
LINE
8
BLACK
6
CONTINUOUS
10
-0.0650077165354331
20
0.173069094488189
11
-0.0650408267716535
21
0.1729483070866142
0
LINE
8
BLACK
6
CONTINUOUS
10
-0.0650408267716535
20
0.1729483070866142
11
-0.0650813385826772
21
0.1729077559055118
0
LINE
8
BLACK
6
CONTINUOUS
10
-0.0650813385826772
20
0.1729077559055118
11
-0.0651595275590551
21
0.172514842519685
0
LINE
8
BLACK
6
CONTINUOUS
10
-0.0651595275590551
20
0.172514842519685
11
-0.0652653543307087
21
0.1721283070866142
0
LINE
8
BLACK
6
CONTINUOUS
10
-0.0652653543307087
20
0.1721283070866142
11
-0.0652472440944882
21
0.172073937007874
0
LINE
8
BLACK
6
CONTINUOUS
10
-0.0652472440944882
20
0.172073937007874
11
-0.0652716535433071
21
0.171951062992126
0
LINE
8
BLACK
6
CONTINUOUS
10
-0.0652716535433071
20
0.171951062992126
11
-0.0652716535433071
21
0.1625772440944882
0
LINE
8
BLACK
6
CONTINUOUS
10
-0.0652716535433071
20
0.1625772440944882
11
-0.0652472440944882
21
0.1624544094488189
0
LINE
8
BLACK
6
CONTINUOUS
10
-0.0652472440944882
20
0.1624544094488189
11
-0.0652653543307087
21
0.1624
0
LINE
8
BLACK
6
CONTINUOUS
10
-0.0652653543307087
20
0.1624
11
-0.0651595275590551
21
0.1620135039370079
0
LINE
8
BLACK
6
CONTINUOUS
10
-0.0651595275590551
20
0.1620135039370079
11
-0.0650813385826772
21
0.1616205511811024
0
LINE
8
BLACK
6
CONTINUOUS
10
-0.0650813385826772
20
0.1616205511811024
11
-0.0650408267716535
21
0.1615800393700787
0
LINE
8
BLACK
6
CONTINUOUS
10
-0.0650408267716535
20
0.1615800393700787
11
-0.0650077165354331
21
0.1614592125984252
0
LINE
8
BLACK
6
CONTINUOUS
10
-0.0650077165354331
20
0.1614592125984252
11
-0.0631329527559055
21
0.1577096850393701
0
LINE
8
BLACK
6
CONTINUOUS
10
-0.0631329527559055
20
0.1577096850393701
11
-0.0628874015748031
21
0.1573933070866142
0
LINE
8
BLACK
6
CONTINUOUS
10
-0.0628874015748031
20
0.1573933070866142
11
-0.0626646850393701
21
0.1570599606299213
0
LINE
8
BLACK
6
CONTINUOUS
10
-0.0626646850393701
20
0.1570599606299213
11
-0.0607899212598425
21
0.1551851574803149
0
LINE
8
BLACK
6
CONTINUOUS
10
-0.0607899212598425
20
0.1551851574803149
11
-0.0604567322834646
21
0.1549625590551181
0
LINE
8
BLACK
6
CONTINUOUS
10
-0.0604567322834646
20
0.1549625590551181
11
-0.060140157480315
21
0.1547168503937008
0
LINE
8
BLACK
6
CONTINUOUS
10
-0.060140157480315
20
0.1547168503937008
11
-0.0563906299212598
21
0.1528420866141732
0
LINE
8
BLACK
6
CONTINUOUS
10
-0.0563906299212598
20
0.1528420866141732
11
-0.056269842519685
21
0.1528090157480315
0
LINE
8
BLACK
6
CONTINUOUS
10
-0.056269842519685
20
0.1528090157480315
11
-0.0562292913385827
21
0.1527684645669291
0
LINE
8
BLACK
6
CONTINUOUS
10
-0.0562292913385827
20
0.1527684645669291
11
-0.0558363779527559
21
0.1526903149606299
0
LINE
8
BLACK
6
CONTINUOUS
10
-0.0558363779527559
20
0.1526903149606299
11
-0.055449842519685
21
0.1525844488188976
0
LINE
8
BLACK
6
CONTINUOUS
10
-0.055449842519685
20
0.1525844488188976
11
-0.0553954724409449
21
0.1526025984251969
0
LINE
8
BLACK
6
CONTINUOUS
10
-0.0553954724409449
20
0.1526025984251969
11
-0.0552725984251968
21
0.1525781496062992
0
LINE
8
BLACK
6
CONTINUOUS
10
-0.0552725984251968
20
0.1525781496062992
11
-0.0477735433070866
21
0.1525781496062992
0
LINE
8
BLACK
6
CONTINUOUS
10
-0.0477735433070866
20
0.1525781496062992
11
-0.0476507086614173
21
0.1526025984251969
0
LINE
8
BLACK
6
CONTINUOUS
10
-0.0476507086614173
20
0.1526025984251969
11
-0.0475962992125984
21
0.1525844488188976
0
LINE
8
BLACK
6
CONTINUOUS
10
-0.0475962992125984
20
0.1525844488188976
11
-0.0472098031496063
21
0.1526903149606299
0
LINE
8
BLACK
6
CONTINUOUS
10
-0.0472098031496063
20
0.1526903149606299
11
-0.0468168503937008
21
0.1527684645669291
0
LINE
8
BLACK
6
CONTINUOUS
10
-0.0468168503937008
20
0.1527684645669291
11
-0.0467763385826772
21
0.1528090157480315
0
LINE
8
BLACK
6
CONTINUOUS
10
-0.0467763385826772
20
0.1528090157480315
11
-0.0466555118110236
21
0.1528420866141732
0
LINE
8
BLACK
6
CONTINUOUS
10
-0.0466555118110236
20
0.1528420866141732
11
-0.0429059842519685
21
0.1547168503937008
0
LINE
8
BLACK
6
CONTINUOUS
10
-0.0429059842519685
20
0.1547168503937008
11
-0.0425896062992126
21
0.1549624409448819
0
LINE
8
BLACK
6
CONTINUOUS
10
-0.0425896062992126
20
0.1549624409448819
11
-0.0422562204724409
21
0.1551851574803149
0
LINE
8
BLACK
6
CONTINUOUS
10
-0.0422562204724409
20
0.1551851574803149
11
-0.0403814566929134
21
0.1570599606299213
0
LINE
8
BLACK
6
CONTINUOUS
10
-0.0403814566929134
20
0.1570599606299213
11
-0.0401587795275591
21
0.1573933070866142
0
LINE
8
BLACK
6
CONTINUOUS
10
-0.0401587795275591
20
0.1573933070866142
11
-0.039913188976378
21
0.1577096850393701
0
LINE
8
BLACK
6
CONTINUOUS
10
-0.039913188976378
20
0.1577096850393701
11
-0.0380384251968504
21
0.1614592125984252
0
LINE
8
BLACK
6
CONTINUOUS
10
-0.0380384251968504
20
0.1614592125984252
11
-0.0380053543307087
21
0.1615800393700787
0
LINE
8
BLACK
6
CONTINUOUS
10
-0.0380053543307087
20
0.1615800393700787
11
-0.0379648031496063
21
0.1616205511811024
0
LINE
8
BLACK
6
CONTINUOUS
10
-0.0379648031496063
20
0.1616205511811024
11
-0.0378866535433071
21
0.1620135039370079
0
LINE
8
BLACK
6
CONTINUOUS
10
-0.0378866535433071
20
0.1620135039370079
11
-0.0377807874015748
21
0.1624
0
LINE
8
BLACK
6
CONTINUOUS
10
-0.0377807874015748
20
0.1624
11
-0.037798937007874
21
0.1624544094488189
0
LINE
8
BLACK
6
CONTINUOUS
10
-0.037798937007874
20
0.1624544094488189
11
-0.0377744881889764
21
0.1625772440944882
0
LINE
8
BLACK
6
CONTINUOUS
10
-0.0377744881889764
20
0.1625772440944882
11
-0.0377744881889764
21
0.1775753543307086
0
LINE
8
BLACK
6
CONTINUOUS
10
-0.0377744881889764
20
0.1775753543307086
11
-0.0378342519685039
21
0.1778757874015748
0
LINE
8
BLACK
6
CONTINUOUS
10
-0.0378342519685039
20
0.1778757874015748
11
-0.0378491338582677
21
0.1781816929133858
0
LINE
8
BLACK
6
CONTINUOUS
10
-0.0378491338582677
20
0.1781816929133858
11
-0.0397238976377953
21
0.1856807480314961
0
LINE
8
BLACK
6
CONTINUOUS
10
-0.0397238976377953
20
0.1856807480314961
11
-0.0399063779527559
21
0.186066968503937
0
LINE
8
BLACK
6
CONTINUOUS
10
-0.0399063779527559
20
0.186066968503937
11
-0.0400691338582677
21
0.1864611417322835
0
LINE
8
BLACK
6
CONTINUOUS
10
-0.0400691338582677
20
0.1864611417322835
11
-0.0438186614173228
21
0.1920854330708661
0
LINE
8
BLACK
6
CONTINUOUS
10
-0.0438186614173228
20
0.1920854330708661
11
-0.0439934645669291
21
0.1922605905511811
0
LINE
8
BLACK
6
CONTINUOUS
10
-0.0439934645669291
20
0.1922605905511811
11
-0.0441310236220472
21
0.1924664960629921
0
LINE
8
BLACK
6
CONTINUOUS
10
-0.0441310236220472
20
0.1924664960629921
11
-0.0460057874015748
21
0.1943412204724409
0
LINE
8
BLACK
6
CONTINUOUS
10
-0.0460057874015748
20
0.1943412204724409
11
-0.0463388976377953
21
0.1945638188976378
0
LINE
8
BLACK
6
CONTINUOUS
10
-0.0463388976377953
20
0.1945638188976378
11
-0.0466555118110236
21
0.1948095275590551
0
LINE
8
BLACK
6
CONTINUOUS
10
-0.0466555118110236
20
0.1948095275590551
11
-0.0504050393700787
21
0.1966842913385827
0
LINE
8
BLACK
6
CONTINUOUS
10
-0.0504050393700787
20
0.1966842913385827
11
-0.0505258661417323
21
0.1967174015748031
0
LINE
8
BLACK
6
CONTINUOUS
10
-0.0505258661417323
20
0.1967174015748031
11
-0.0505663779527559
21
0.1967579133858268
0
LINE
8
BLACK
6
CONTINUOUS
10
-0.0505663779527559
20
0.1967579133858268
11
-0.0509593307086614
21
0.1968361023622047
0
LINE
8
BLACK
6
CONTINUOUS
10
-0.0509593307086614
20
0.1968361023622047
11
-0.0513458267716535
21
0.1969419291338583
0
LINE
8
BLACK
6
CONTINUOUS
10
-0.0513458267716535
20
0.1969419291338583
11
-0.0514002362204724
21
0.1969238188976378
0
LINE
8
BLACK
6
CONTINUOUS
10
-0.0514002362204724
20
0.1969238188976378
11
-0.0515230708661417
21
0.1969482283464567
0
LINE
8
BLACK
6
CONTINUOUS
10
-0.0515230708661417
20
0.1969482283464567
11
-0.059022125984252
21
0.1969482283464567
0
LINE
8
BLACK
6
CONTINUOUS
10
-0.059022125984252
20
0.1969482283464567
11
-0.0599788188976378
21
0.1967579133858268
0
LINE
8
BLACK
6
CONTINUOUS
10
-0.017900157480315
20
0.1969238188976378
11
-0.0179545275590551
21
0.1969419291338583
0
LINE
8
BLACK
6
CONTINUOUS
10
-0.0179545275590551
20
0.1969419291338583
11
-0.018341062992126
21
0.1968361023622047
0
LINE
8
BLACK
6
CONTINUOUS
10
-0.018341062992126
20
0.1968361023622047
11
-0.0187339763779528
21
0.1967579133858268
0
LINE
8
BLACK
6
CONTINUOUS
10
-0.0187339763779528
20
0.1967579133858268
11
-0.0187745275590551
21
0.1967174015748031
0
LINE
8
BLACK
6
CONTINUOUS
10
-0.0187745275590551
20
0.1967174015748031
11
-0.0188953149606299
21
0.1966842913385827
0
LINE
8
BLACK
6
CONTINUOUS
10
-0.0188953149606299
20
0.1966842913385827
11
-0.022644842519685
21
0.1948095275590551
0
LINE
8
BLACK
6
CONTINUOUS
10
-0.022644842519685
20
0.1948095275590551
11
-0.0229612598425197
21
0.1945639763779528
0
LINE
8
BLACK
6
CONTINUOUS
10
-0.0229612598425197
20
0.1945639763779528
11
-0.0232946062992126
21
0.1943412204724409
0
LINE
8
BLACK
6
CONTINUOUS
10
-0.0232946062992126
20
0.1943412204724409
11
-0.0251693307086614
21
0.1924664566929134
0
LINE
8
BLACK
6
CONTINUOUS
10
-0.0251693307086614
20
0.1924664566929134
11
-0.0253919291338583
21
0.1921333858267716
0
LINE
8
BLACK
6
CONTINUOUS
10
-0.0253919291338583
20
0.1921333858267716
11
-0.0256376377952756
21
0.1918167322834646
0
LINE
8
BLACK
6
CONTINUOUS
10
-0.0256376377952756
20
0.1918167322834646
11
-0.0275124015748031
21
0.1880672047244094
0
LINE
8
BLACK
6
CONTINUOUS
10
-0.0275124015748031
20
0.1880672047244094
11
-0.0275455118110236
21
0.1879464173228347
0
LINE
8
BLACK
6
CONTINUOUS
10
-0.0275455118110236
20
0.1879464173228347
11
-0.0275860236220472
21
0.1879058661417323
0
LINE
8
BLACK
6
CONTINUOUS
10
-0.0275860236220472
20
0.1879058661417323
11
-0.0276642125984252
21
0.1875129527559055
0
LINE
8
BLACK
6
CONTINUOUS
10
-0.0276642125984252
20
0.1875129527559055
11
-0.0277700393700787
21
0.1871264173228346
0
LINE
8
BLACK
6
CONTINUOUS
10
-0.0277700393700787
20
0.1871264173228346
11
-0.0277519291338583
21
0.1870720472440945
0
LINE
8
BLACK
6
CONTINUOUS
10
-0.0277519291338583
20
0.1870720472440945
11
-0.0277763385826772
21
0.1869491732283464
0
LINE
8
BLACK
6
CONTINUOUS
10
-0.0277763385826772
20
0.1869491732283464
11
-0.0277763385826772
21
0.1831996456692913
0
LINE
8
BLACK
6
CONTINUOUS
10
-0.0277763385826772
20
0.1831996456692913
11
-0.0276981496062992
21
0.1828065748031496
0
LINE
8
BLACK
6
CONTINUOUS
10
-0.0276981496062992
20
0.1828065748031496
11
-0.027648031496063
21
0.182409094488189
0
LINE
8
BLACK
6
CONTINUOUS
10
-0.027648031496063
20
0.182409094488189
11
-0.0257733070866142
21
0.1767848031496063
0
LINE
8
BLACK
6
CONTINUOUS
10
-0.0257733070866142
20
0.1767848031496063
11
-0.0257112598425197
21
0.1766759842519685
0
LINE
8
BLACK
6
CONTINUOUS
10
-0.0257112598425197
20
0.1766759842519685
11
-0.0257112598425197
21
0.1766186614173228
0
LINE
8
BLACK
6
CONTINUOUS
10
-0.0257112598425197
20
0.1766186614173228
11
-0.0254886614173228
21
0.1762855118110236
0
LINE
8
BLACK
6
CONTINUOUS
10
-0.0254886614173228
20
0.1762855118110236
11
-0.0252901968503937
21
0.1759374015748031
0
LINE
8
BLACK
6
CONTINUOUS
10
-0.0252901968503937
20
0.1759374015748031
11
-0.025238937007874
21
0.1759117716535433
0
LINE
8
BLACK
6
CONTINUOUS
10
-0.025238937007874
20
0.1759117716535433
11
-0.0251693307086614
21
0.1758075984251969
0
LINE
8
BLACK
6
CONTINUOUS
10
-0.0251693307086614
20
0.1758075984251969
11
-0.0069399212598425
21
0.1575781496062992
0
LINE
8
BLACK
6
CONTINUOUS
10
-0.0069399212598425
20
0.1575781496062992
11
-0.0252763385826772
21
0.1575781496062992
0
LINE
8
BLACK
6
CONTINUOUS
10
-0.0252763385826772
20
0.1575781496062992
11
-0.026233031496063
21
0.1573878346456693
0
LINE
8
BLACK
6
CONTINUOUS
10
-0.026233031496063
20
0.1573878346456693
11
-0.0275860236220472
21
0.156034842519685
0
LINE
8
BLACK
6
CONTINUOUS
10
-0.0275860236220472
20
0.156034842519685
11
-0.0275860236220472
21
0.1541214566929134
0
LINE
8
BLACK
6
CONTINUOUS
10
-0.0275860236220472
20
0.1541214566929134
11
-0.026233031496063
21
0.1527684645669291
0
LINE
8
BLACK
6
CONTINUOUS
10
-0.026233031496063
20
0.1527684645669291
11
-0.0252763385826772
21
0.1525781496062992
0
LINE
8
BLACK
6
CONTINUOUS
10
-0.0252763385826772
20
0.1525781496062992
11
-0.0009044094488189
21
0.1525781496062992
0
LINE
8
BLACK
6
CONTINUOUS
10
-0.0009044094488189
20
0.1525781496062992
11
0.0000522834645669
21
0.1527684645669291
0
LINE
8
BLACK
6
CONTINUOUS
10
0.0000522834645669
20
0.1527684645669291
11
0.0014052755905512
21
0.1541214173228346
0
LINE
8
BLACK
6
CONTINUOUS
10
0.0014052755905512
20
0.1541214173228346
11
0.0014052755905512
21
0.156034842519685
0
LINE
8
BLACK
6
CONTINUOUS
10
0.0014052755905512
20
0.156034842519685
11
0.0008633464566929
21
0.156845905511811
0
LINE
8
BLACK
6
CONTINUOUS
10
0.0008633464566929
20
0.156845905511811
11
-0.0212165354330709
21
0.1789258267716535
0
LINE
8
BLACK
6
CONTINUOUS
10
-0.0212165354330709
20
0.1789258267716535
11
-0.0227763385826772
21
0.1836053149606299
0
LINE
8
BLACK
6
CONTINUOUS
10
-0.0227763385826772
20
0.1836053149606299
11
-0.0227763385826772
21
0.1863590157480315
0
LINE
8
BLACK
6
CONTINUOUS
10
-0.0227763385826772
20
0.1863590157480315
11
-0.021346968503937
21
0.1892178346456693
0
LINE
8
BLACK
6
CONTINUOUS
10
-0.021346968503937
20
0.1892178346456693
11
-0.020045905511811
21
0.1905188582677165
0
LINE
8
BLACK
6
CONTINUOUS
10
-0.020045905511811
20
0.1905188582677165
11
-0.017187125984252
21
0.1919482283464567
0
LINE
8
BLACK
6
CONTINUOUS
10
-0.017187125984252
20
0.1919482283464567
11
-0.0089936220472441
21
0.1919482283464567
0
LINE
8
BLACK
6
CONTINUOUS
10
-0.0089936220472441
20
0.1919482283464567
11
-0.006134842519685
21
0.1905188582677165
0
LINE
8
BLACK
6
CONTINUOUS
10
-0.006134842519685
20
0.1905188582677165
11
-0.004546968503937
21
0.1889309448818898
0
LINE
8
BLACK
6
CONTINUOUS
10
-0.004546968503937
20
0.1889309448818898
11
-0.003735905511811
21
0.1883890157480315
0
LINE
8
BLACK
6
CONTINUOUS
10
-0.003735905511811
20
0.1883890157480315
11
-0.0018224803149606
21
0.1883890157480315
0
LINE
8
BLACK
6
CONTINUOUS
10
-0.0018224803149606
20
0.1883890157480315
11
-0.0004694881889764
21
0.1897420078740157
0
LINE
8
BLACK
6
CONTINUOUS
10
-0.0004694881889764
20
0.1897420078740157
11
-0.0004694881889764
21
0.1916554330708661
0
LINE
8
BLACK
6
CONTINUOUS
10
-0.0004694881889764
20
0.1916554330708661
11
-0.0010114173228346
21
0.1924664960629921
0
LINE
8
BLACK
6
CONTINUOUS
10
-0.0010114173228346
20
0.1924664960629921
11
-0.0028861811023622
21
0.1943412204724409
0
LINE
8
BLACK
6
CONTINUOUS
10
-0.0028861811023622
20
0.1943412204724409
11
-0.0032192913385827
21
0.1945638188976378
0
LINE
8
BLACK
6
CONTINUOUS
10
-0.0032192913385827
20
0.1945638188976378
11
-0.003535905511811
21
0.1948095275590551
0
LINE
8
BLACK
6
CONTINUOUS
10
-0.003535905511811
20
0.1948095275590551
11
-0.0072854330708661
21
0.1966842913385827
0
LINE
8
BLACK
6
CONTINUOUS
10
-0.0072854330708661
20
0.1966842913385827
11
-0.0074062598425197
21
0.1967174015748031
0
LINE
8
BLACK
6
CONTINUOUS
10
-0.0074062598425197
20
0.1967174015748031
11
-0.0074467716535433
21
0.1967579133858268
0
LINE
8
BLACK
6
CONTINUOUS
10
-0.0074467716535433
20
0.1967579133858268
11
-0.0078397244094488
21
0.1968361023622047
0
LINE
8
BLACK
6
CONTINUOUS
10
-0.0078397244094488
20
0.1968361023622047
11
-0.0082262204724409
21
0.1969419291338583
0
LINE
8
BLACK
6
CONTINUOUS
10
-0.0082262204724409
20
0.1969419291338583
11
-0.0082806299212598
21
0.1969238188976378
0
LINE
8
BLACK
6
CONTINUOUS
10
-0.0082806299212598
20
0.1969238188976378
11
-0.0084034645669291
21
0.1969482283464567
0
LINE
8
BLACK
6
CONTINUOUS
10
-0.0084034645669291
20
0.1969482283464567
11
-0.0177772834645669
21
0.1969482283464567
0
LINE
8
BLACK
6
CONTINUOUS
10
-0.0177772834645669
20
0.1969482283464567
11
-0.017900157480315
21
0.1969238188976378
0
LINE
8
BLACK
6
CONTINUOUS
10
0.0214699212598425
20
0.1969238188976378
11
0.0214155511811024
21
0.1969419291338583
0
LINE
8
BLACK
6
CONTINUOUS
10
0.0214155511811024
20
0.1969419291338583
11
0.0210290157480315
21
0.1968361023622047
0
LINE
8
BLACK
6
CONTINUOUS
10
0.0210290157480315
20
0.1968361023622047
11
0.0206361023622047
21
0.1967579133858268
0
LINE
8
BLACK
6
CONTINUOUS
10
0.0206361023622047
20
0.1967579133858268
11
0.0205955511811024
21
0.1967174015748031
0
LINE
8
BLACK
6
CONTINUOUS
10
0.0205955511811024
20
0.1967174015748031
11
0.0204747637795276
21
0.1966842913385827
0
LINE
8
BLACK
6
CONTINUOUS
10
0.0204747637795276
20
0.1966842913385827
11
0.0167252362204724
21
0.1948095275590551
0
LINE
8
BLACK
6
CONTINUOUS
10
0.0167252362204724
20
0.1948095275590551
11
0.0164088188976378
21
0.1945639763779528
0
LINE
8
BLACK
6
CONTINUOUS
10
0.0164088188976378
20
0.1945639763779528
11
0.0160754724409449
21
0.1943412204724409
0
LINE
8
BLACK
6
CONTINUOUS
10
0.0160754724409449
20
0.1943412204724409
11
0.0142007480314961
21
0.1924664566929134
0
LINE
8
BLACK
6
CONTINUOUS
10
0.0142007480314961
20
0.1924664566929134
11
0.0139781496062992
21
0.1921333858267716
0
LINE
8
BLACK
6
CONTINUOUS
10
0.0139781496062992
20
0.1921333858267716
11
0.0137324409448819
21
0.1918167322834646
0
LINE
8
BLACK
6
CONTINUOUS
10
0.0137324409448819
20
0.1918167322834646
11
0.0118576771653543
21
0.1880672047244094
0
LINE
8
BLACK
6
CONTINUOUS
10
0.0118576771653543
20
0.1880672047244094
11
0.0117853149606299
21
0.1878031102362205
0
LINE
8
BLACK
6
CONTINUOUS
10
0.0117853149606299
20
0.1878031102362205
11
0.0116683858267717
21
0.1875555118110236
0
LINE
8
BLACK
6
CONTINUOUS
10
0.0116683858267717
20
0.1875555118110236
11
0.0097936220472441
21
0.1800564566929134
0
LINE
8
BLACK
6
CONTINUOUS
10
0.0097936220472441
20
0.1800564566929134
11
0.0097787007874016
21
0.1797505511811024
0
LINE
8
BLACK
6
CONTINUOUS
10
0.0097787007874016
20
0.1797505511811024
11
0.0097189763779528
21
0.1794501181102362
0
LINE
8
BLACK
6
CONTINUOUS
10
0.0097189763779528
20
0.1794501181102362
11
0.0097189763779528
21
0.1700762992125984
0
LINE
8
BLACK
6
CONTINUOUS
10
0.0097189763779528
20
0.1700762992125984
11
0.0097787007874016
21
0.169775905511811
0
LINE
8
BLACK
6
CONTINUOUS
10
0.0097787007874016
20
0.169775905511811
11
0.0097936220472441
21
0.1694699606299213
0
LINE
8
BLACK
6
CONTINUOUS
10
0.0097936220472441
20
0.1694699606299213
11
0.0116683858267717
21
0.161970905511811
0
LINE
8
BLACK
6
CONTINUOUS
10
0.0116683858267717
20
0.161970905511811
11
0.0117853149606299
21
0.1617233464566929
0
LINE
8
BLACK
6
CONTINUOUS
10
0.0117853149606299
20
0.1617233464566929
11
0.0118576771653543
21
0.1614592125984252
0
LINE
8
BLACK
6
CONTINUOUS
10
0.0118576771653543
20
0.1614592125984252
11
0.0137324409448819
21
0.1577096850393701
0
LINE
8
BLACK
6
CONTINUOUS
10
0.0137324409448819
20
0.1577096850393701
11
0.0139779921259843
21
0.1573933070866142
0
LINE
8
BLACK
6
CONTINUOUS
10
0.0139779921259843
20
0.1573933070866142
11
0.0142007086614173
21
0.1570599606299213
0
LINE
8
BLACK
6
CONTINUOUS
10
0.0142007086614173
20
0.1570599606299213
11
0.0160754724409449
21
0.1551851574803149
0
LINE
8
BLACK
6
CONTINUOUS
10
0.0160754724409449
20
0.1551851574803149
11
0.0164086614173228
21
0.1549625590551181
0
LINE
8
BLACK
6
CONTINUOUS
10
0.0164086614173228
20
0.1549625590551181
11
0.0167252362204724
21
0.1547168503937008
0
LINE
8
BLACK
6
CONTINUOUS
10
0.0167252362204724
20
0.1547168503937008
11
0.0204747637795276
21
0.1528420866141732
0
LINE
8
BLACK
6
CONTINUOUS
10
0.0204747637795276
20
0.1528420866141732
11
0.0205955511811024
21
0.1528090157480315
0
LINE
8
BLACK
6
CONTINUOUS
10
0.0205955511811024
20
0.1528090157480315
11
0.0206361023622047
21
0.1527684645669291
0
LINE
8
BLACK
6
CONTINUOUS
10
0.0206361023622047
20
0.1527684645669291
11
0.0210290157480315
21
0.1526903149606299
0
LINE
8
BLACK
6
CONTINUOUS
10
0.0210290157480315
20
0.1526903149606299
11
0.0214155511811024
21
0.1525844488188976
0
LINE
8
BLACK
6
CONTINUOUS
10
0.0214155511811024
20
0.1525844488188976
11
0.0214699212598425
21
0.1526025984251969
0
LINE
8
BLACK
6
CONTINUOUS
10
0.0214699212598425
20
0.1526025984251969
11
0.0215927952755906
21
0.1525781496062992
0
LINE
8
BLACK
6
CONTINUOUS
10
0.0215927952755906
20
0.1525781496062992
11
0.0253423228346457
21
0.1525781496062992
0
LINE
8
BLACK
6
CONTINUOUS
10
0.0253423228346457
20
0.1525781496062992
11
0.025465157480315
21
0.1526025984251969
0
LINE
8
BLACK
6
CONTINUOUS
10
0.025465157480315
20
0.1526025984251969
11
0.0255195669291339
21
0.1525844488188976
0
LINE
8
BLACK
6
CONTINUOUS
10
0.0255195669291339
20
0.1525844488188976
11
0.025906062992126
21
0.1526903149606299
0
LINE
8
BLACK
6
CONTINUOUS
10
0.025906062992126
20
0.1526903149606299
11
0.0262990157480315
21
0.1527684645669291
0
LINE
8
BLACK
6
CONTINUOUS
10
0.0262990157480315
20
0.1527684645669291
11
0.0263395275590551
21
0.1528090157480315
0
LINE
8
BLACK
6
CONTINUOUS
10
0.0263395275590551
20
0.1528090157480315
11
0.0264603543307087
21
0.1528420866141732
0
LINE
8
BLACK
6
CONTINUOUS
10
0.0264603543307087
20
0.1528420866141732
11
0.0302098818897638
21
0.1547168503937008
0
LINE
8
BLACK
6
CONTINUOUS
10
0.0302098818897638
20
0.1547168503937008
11
0.0305262598425197
21
0.1549624409448819
0
LINE
8
BLACK
6
CONTINUOUS
10
0.0305262598425197
20
0.1549624409448819
11
0.0308596456692913
21
0.1551851574803149
0
LINE
8
BLACK
6
CONTINUOUS
10
0.0308596456692913
20
0.1551851574803149
11
0.0327344094488189
21
0.1570599606299213
0
LINE
8
BLACK
6
CONTINUOUS
10
0.0327344094488189
20
0.1570599606299213
11
0.0329570866141732
21
0.1573933070866142
0
LINE
8
BLACK
6
CONTINUOUS
10
0.0329570866141732
20
0.1573933070866142
11
0.0332026771653543
21
0.1577096850393701
0
LINE
8
BLACK
6
CONTINUOUS
10
0.0332026771653543
20
0.1577096850393701
11
0.0350774409448819
21
0.1614592125984252
0
LINE
8
BLACK
6
CONTINUOUS
10
0.0350774409448819
20
0.1614592125984252
11
0.0351497637795276
21
0.1617233464566929
0
LINE
8
BLACK
6
CONTINUOUS
10
0.0351497637795276
20
0.1617233464566929
11
0.0352667322834646
21
0.161970905511811
0
LINE
8
BLACK
6
CONTINUOUS
10
0.0352667322834646
20
0.161970905511811
11
0.0371414960629921
21
0.1694699606299213
0
LINE
8
BLACK
6
CONTINUOUS
10
0.0371414960629921
20
0.1694699606299213
11
0.0371563779527559
21
0.169775905511811
0
LINE
8
BLACK
6
CONTINUOUS
10
0.0371563779527559
20
0.169775905511811
11
0.0372161417322835
21
0.1700762992125984
0
LINE
8
BLACK
6
CONTINUOUS
10
0.0372161417322835
20
0.1700762992125984
11
0.0372161417322835
21
0.1794501181102362
0
LINE
8
BLACK
6
CONTINUOUS
10
0.0372161417322835
20
0.1794501181102362
11
0.0371563779527559
21
0.1797505511811024
0
LINE
8
BLACK
6
CONTINUOUS
10
0.0371563779527559
20
0.1797505511811024
11
0.0371414960629921
21
0.1800564566929134
0
LINE
8
BLACK
6
CONTINUOUS
10
0.0371414960629921
20
0.1800564566929134
11
0.0352667322834646
21
0.1875555118110236
0
LINE
8
BLACK
6
CONTINUOUS
10
0.0352667322834646
20
0.1875555118110236
11
0.0351497637795276
21
0.1878031102362205
0
LINE
8
BLACK
6
CONTINUOUS
10
0.0351497637795276
20
0.1878031102362205
11
0.0350774409448819
21
0.1880672047244094
0
LINE
8
BLACK
6
CONTINUOUS
10
0.0350774409448819
20
0.1880672047244094
11
0.0332026771653543
21
0.1918167322834646
0
LINE
8
BLACK
6
CONTINUOUS
10
0.0332026771653543
20
0.1918167322834646
11
0.0329570866141732
21
0.1921331496062992
0
LINE
8
BLACK
6
CONTINUOUS
10
0.0329570866141732
20
0.1921331496062992
11
0.0327343700787402
21
0.1924664960629921
0
LINE
8
BLACK
6
CONTINUOUS
10
0.0327343700787402
20
0.1924664960629921
11
0.0308596062992126
21
0.1943412204724409
0
LINE
8
BLACK
6
CONTINUOUS
10
0.0308596062992126
20
0.1943412204724409
11
0.0305264960629921
21
0.1945638188976378
0
LINE
8
BLACK
6
CONTINUOUS
10
0.0305264960629921
20
0.1945638188976378
11
0.0302098818897638
21
0.1948095275590551
0
LINE
8
BLACK
6
CONTINUOUS
10
0.0302098818897638
20
0.1948095275590551
11
0.0264603543307087
21
0.1966842913385827
0
LINE
8
BLACK
6
CONTINUOUS
10
0.0264603543307087
20
0.1966842913385827
11
0.0263395275590551
21
0.1967174015748031
0
LINE
8
BLACK
6
CONTINUOUS
10
0.0263395275590551
20
0.1967174015748031
11
0.0262990157480315
21
0.1967579133858268
0
LINE
8
BLACK
6
CONTINUOUS
10
0.0262990157480315
20
0.1967579133858268
11
0.025906062992126
21
0.1968361023622047
0
LINE
8
BLACK
6
CONTINUOUS
10
0.025906062992126
20
0.1968361023622047
11
0.0255195669291339
21
0.1969419291338583
0
LINE
8
BLACK
6
CONTINUOUS
10
0.0255195669291339
20
0.1969419291338583
11
0.025465157480315
21
0.1969238188976378
0
LINE
8
BLACK
6
CONTINUOUS
10
0.025465157480315
20
0.1969238188976378
11
0.0253423228346457
21
0.1969482283464567
0
LINE
8
BLACK
6
CONTINUOUS
10
0.0253423228346457
20
0.1969482283464567
11
0.0215927952755906
21
0.1969482283464567
0
LINE
8
BLACK
6
CONTINUOUS
10
0.0215927952755906
20
0.1969482283464567
11
0.0214699212598425
21
0.1969238188976378
0
LINE
8
BLACK
6
CONTINUOUS
10
0.0570904724409449
20
0.1969238188976378
11
0.0570361023622047
21
0.1969419291338583
0
LINE
8
BLACK
6
CONTINUOUS
10
0.0570361023622047
20
0.1969419291338583
11
0.0566495669291339
21
0.1968361023622047
0
LINE
8
BLACK
6
CONTINUOUS
10
0.0566495669291339
20
0.1968361023622047
11
0.0562566535433071
21
0.1967579133858268
0
LINE
8
BLACK
6
CONTINUOUS
10
0.0562566535433071
20
0.1967579133858268
11
0.0562161023622047
21
0.1967174015748031
0
LINE
8
BLACK
6
CONTINUOUS
10
0.0562161023622047
20
0.1967174015748031
11
0.0560953149606299
21
0.1966842913385827
0
LINE
8
BLACK
6
CONTINUOUS
10
0.0560953149606299
20
0.1966842913385827
11
0.0523457874015748
21
0.1948095275590551
0
LINE
8
BLACK
6
CONTINUOUS
10
0.0523457874015748
20
0.1948095275590551
11
0.0520293700787402
21
0.1945639763779528
0
LINE
8
BLACK
6
CONTINUOUS
10
0.0520293700787402
20
0.1945639763779528
11
0.0516960236220472
21
0.1943412204724409
0
LINE
8
BLACK
6
CONTINUOUS
10
0.0516960236220472
20
0.1943412204724409
11
0.0498212992125984
21
0.1924664566929134
0
LINE
8
BLACK
6
CONTINUOUS
10
0.0498212992125984
20
0.1924664566929134
11
0.0495987007874016
21
0.1921333858267716
0
LINE
8
BLACK
6
CONTINUOUS
10
0.0495987007874016
20
0.1921333858267716
11
0.0493529921259842
21
0.1918167322834646
0
LINE
8
BLACK
6
CONTINUOUS
10
0.0493529921259842
20
0.1918167322834646
11
0.0474782283464567
21
0.1880672047244094
0
LINE
8
BLACK
6
CONTINUOUS
10
0.0474782283464567
20
0.1880672047244094
11
0.0474451181102362
21
0.1879464173228347
0
LINE
8
BLACK
6
CONTINUOUS
10
0.0474451181102362
20
0.1879464173228347
11
0.0474046062992126
21
0.1879058661417323
0
LINE
8
BLACK
6
CONTINUOUS
10
0.0474046062992126
20
0.1879058661417323
11
0.0473264173228346
21
0.1875129527559055
0
LINE
8
BLACK
6
CONTINUOUS
10
0.0473264173228346
20
0.1875129527559055
11
0.0472205905511811
21
0.1871264173228346
0
LINE
8
BLACK
6
CONTINUOUS
10
0.0472205905511811
20
0.1871264173228346
11
0.0472387007874016
21
0.1870720472440945
0
LINE
8
BLACK
6
CONTINUOUS
10
0.0472387007874016
20
0.1870720472440945
11
0.0472142913385827
21
0.1869491732283464
0
LINE
8
BLACK
6
CONTINUOUS
10
0.0472142913385827
20
0.1869491732283464
11
0.0472142913385827
21
0.1831996456692913
0
LINE
8
BLACK
6
CONTINUOUS
10
0.0472142913385827
20
0.1831996456692913
11
0.0472924803149606
21
0.1828065748031496
0
LINE
8
BLACK
6
CONTINUOUS
10
0.0472924803149606
20
0.1828065748031496
11
0.0473425984251968
21
0.182409094488189
0
LINE
8
BLACK
6
CONTINUOUS
10
0.0473425984251968
20
0.182409094488189
11
0.0492173228346457
21
0.1767848031496063
0
LINE
8
BLACK
6
CONTINUOUS
10
0.0492173228346457
20
0.1767848031496063
11
0.0492793700787402
21
0.1766759842519685
0
LINE
8
BLACK
6
CONTINUOUS
10
0.0492793700787402
20
0.1766759842519685
11
0.0492793700787402
21
0.1766186614173228
0
LINE
8
BLACK
6
CONTINUOUS
10
0.0492793700787402
20
0.1766186614173228
11
0.049501968503937
21
0.1762855118110236
0
LINE
8
BLACK
6
CONTINUOUS
10
0.049501968503937
20
0.1762855118110236
11
0.0497004330708661
21
0.1759374015748031
0
LINE
8
BLACK
6
CONTINUOUS
10
0.0497004330708661
20
0.1759374015748031
11
0.0497516929133858
21
0.1759117716535433
0
LINE
8
BLACK
6
CONTINUOUS
10
0.0497516929133858
20
0.1759117716535433
11
0.0498212992125984
21
0.1758075984251969
0
LINE
8
BLACK
6
CONTINUOUS
10
0.0498212992125984
20
0.1758075984251969
11
0.0680507086614173
21
0.1575781496062992
0
LINE
8
BLACK
6
CONTINUOUS
10
0.0680507086614173
20
0.1575781496062992
11
0.0497142913385827
21
0.1575781496062992
0
LINE
8
BLACK
6
CONTINUOUS
10
0.0497142913385827
20
0.1575781496062992
11
0.0487575984251968
21
0.1573878346456693
0
LINE
8
BLACK
6
CONTINUOUS
10
0.0487575984251968
20
0.1573878346456693
11
0.0474046062992126
21
0.156034842519685
0
LINE
8
BLACK
6
CONTINUOUS
10
0.0474046062992126
20
0.156034842519685
11
0.0474046062992126
21
0.1541214566929134
0
LINE
8
BLACK
6
CONTINUOUS
10
0.0474046062992126
20
0.1541214566929134
11
0.0487575984251968
21
0.1527684645669291
0
LINE
8
BLACK
6
CONTINUOUS
10
0.0487575984251968
20
0.1527684645669291
11
0.0497142913385827
21
0.1525781496062992
0
LINE
8
BLACK
6
CONTINUOUS
10
0.0497142913385827
20
0.1525781496062992
11
0.0740862204724409
21
0.1525781496062992
0
LINE
8
BLACK
6
CONTINUOUS
10
0.0740862204724409
20
0.1525781496062992
11
0.0750429133858268
21
0.1527684645669291
0
LINE
8
BLACK
6
CONTINUOUS
10
0.0750429133858268
20
0.1527684645669291
11
0.076395905511811
21
0.1541214173228346
0
LINE
8
BLACK
6
CONTINUOUS
10
0.076395905511811
20
0.1541214173228346
11
0.076395905511811
21
0.156034842519685
0
LINE
8
BLACK
6
CONTINUOUS
10
0.076395905511811
20
0.156034842519685
11
0.0758539763779528
21
0.156845905511811
0
LINE
8
BLACK
6
CONTINUOUS
10
0.0758539763779528
20
0.156845905511811
11
0.053774094488189
21
0.1789258267716535
0
LINE
8
BLACK
6
CONTINUOUS
10
0.053774094488189
20
0.1789258267716535
11
0.0522142913385827
21
0.1836053149606299
0
LINE
8
BLACK
6
CONTINUOUS
10
0.0522142913385827
20
0.1836053149606299
11
0.0522142913385827
21
0.1863590157480315
0
LINE
8
BLACK
6
CONTINUOUS
10
0.0522142913385827
20
0.1863590157480315
11
0.0536436614173228
21
0.1892178346456693
0
LINE
8
BLACK
6
CONTINUOUS
10
0.0536436614173228
20
0.1892178346456693
11
0.0549447244094488
21
0.1905188582677165
0
LINE
8
BLACK
6
CONTINUOUS
10
0.0549447244094488
20
0.1905188582677165
11
0.0578035039370079
21
0.1919482283464567
0
LINE
8
BLACK
6
CONTINUOUS
10
0.0578035039370079
20
0.1919482283464567
11
0.0659970078740157
21
0.1919482283464567
0
LINE
8
BLACK
6
CONTINUOUS
10
0.0659970078740157
20
0.1919482283464567
11
0.0688557874015748
21
0.1905188582677165
0
LINE
8
BLACK
6
CONTINUOUS
10
0.0688557874015748
20
0.1905188582677165
11
0.0704436614173228
21
0.1889309448818898
0
LINE
8
BLACK
6
CONTINUOUS
10
0.0704436614173228
20
0.1889309448818898
11
0.0712547244094488
21
0.1883890157480315
0
LINE
8
BLACK
6
CONTINUOUS
10
0.0712547244094488
20
0.1883890157480315
11
0.0731681496062992
21
0.1883890157480315
0
LINE
8
BLACK
6
CONTINUOUS
10
0.0731681496062992
20
0.1883890157480315
11
0.0745211417322835
21
0.1897420078740157
0
LINE
8
BLACK
6
CONTINUOUS
10
0.0745211417322835
20
0.1897420078740157
11
0.0745211417322835
21
0.1916554330708661
0
LINE
8
BLACK
6
CONTINUOUS
10
0.0745211417322835
20
0.1916554330708661
11
0.0739792125984252
21
0.1924664960629921
0
LINE
8
BLACK
6
CONTINUOUS
10
0.0739792125984252
20
0.1924664960629921
11
0.0721044488188976
21
0.1943412204724409
0
LINE
8
BLACK
6
CONTINUOUS
10
0.0721044488188976
20
0.1943412204724409
11
0.0717713385826772
21
0.1945638188976378
0
LINE
8
BLACK
6
CONTINUOUS
10
0.0717713385826772
20
0.1945638188976378
11
0.0714547244094488
21
0.1948095275590551
0
LINE
8
BLACK
6
CONTINUOUS
10
0.0714547244094488
20
0.1948095275590551
11
0.0677051968503937
21
0.1966842913385827
0
LINE
8
BLACK
6
CONTINUOUS
10
0.0677051968503937
20
0.1966842913385827
11
0.0675843700787402
21
0.1967174015748031
0
LINE
8
BLACK
6
CONTINUOUS
10
0.0675843700787402
20
0.1967174015748031
11
0.0675438582677165
21
0.1967579133858268
0
LINE
8
BLACK
6
CONTINUOUS
10
0.0675438582677165
20
0.1967579133858268
11
0.067150905511811
21
0.1968361023622047
0
LINE
8
BLACK
6
CONTINUOUS
10
0.067150905511811
20
0.1968361023622047
11
0.0667644094488189
21
0.1969419291338583
0
LINE
8
BLACK
6
CONTINUOUS
10
0.0667644094488189
20
0.1969419291338583
11
0.06671
21
0.1969238188976378
0
LINE
8
BLACK
6
CONTINUOUS
10
0.06671
20
0.1969238188976378
11
0.0665871653543307
21
0.1969482283464567
0
LINE
8
BLACK
6
CONTINUOUS
10
0.0665871653543307
20
0.1969482283464567
11
0.0572133464566929
21
0.1969482283464567
0
LINE
8
BLACK
6
CONTINUOUS
10
0.0572133464566929
20
0.1969482283464567
11
0.0570904724409449
21
0.1969238188976378
0
LINE
8
BLACK
6
CONTINUOUS
10
0.7
20
0.24
11
0.7
21
0.2180867322834646
0
LINE
8
BLACK
6
CONTINUOUS
10
0.7
20
0.2180867322834646
11
0.7002561023622047
21
0.215705
0
LINE
8
BLACK
6
CONTINUOUS
10
0.7002561023622047
20
0.215705
11
0.7022659448818898
21
0.2103163779527559
0
LINE
8
BLACK
6
CONTINUOUS
10
0.7022659448818898
20
0.2103163779527559
11
0.7022659448818898
21
0.2103163385826771
0
LINE
8
BLACK
6
CONTINUOUS
10
0.7022659448818898
20
0.2103163385826771
11
0.7057124015748031
21
0.2057124409448819
0
LINE
8
BLACK
6
CONTINUOUS
10
0.7057124015748031
20
0.2057124409448819
11
0.7103162992125984
21
0.2022659842519685
0
LINE
8
BLACK
6
CONTINUOUS
10
0.7103162992125984
20
0.2022659842519685
11
0.7157049606299213
21
0.2002561417322835
0
LINE
8
BLACK
6
CONTINUOUS
10
0.7157049606299213
20
0.2002561417322835
11
0.7180866929133858
21
0.2000000393700787
0
LINE
8
BLACK
6
CONTINUOUS
10
0.7180866929133858
20
0.2000000393700787
11
0.7180872047244095
21
0.2
0
LINE
8
BLACK
6
CONTINUOUS
10
0.7180872047244095
20
0.2
11
0.74
21
0.2
0
LINE
8
BLACK
6
CONTINUOUS
10
0.74
20
0.2
11
0.74
21
0.22
0
LINE
8
BLACK
6
CONTINUOUS
10
0.74
20
0.22
11
0.72
21
0.22
0
LINE
8
BLACK
6
CONTINUOUS
10
0.72
20
0.22
11
0.72
21
0.24
0
LINE
8
BLACK
6
CONTINUOUS
10
0.72
20
0.24
11
0.7
21
0.24
0
LINE
8
BLACK
6
CONTINUOUS
10
0.78
20
0.24
11
0.78
21
0.22
0
LINE
8
BLACK
6
CONTINUOUS
10
0.78
20
0.22
11
0.76
21
0.22
0
LINE
8
BLACK
6
CONTINUOUS
10
0.76
20
0.22
11
0.76
21
0.2
0
LINE
8
BLACK
6
CONTINUOUS
10
0.76
20
0.2
11
0.7819127952755905
21
0.2
0
LINE
8
BLACK
6
CONTINUOUS
10
0.7819127952755905
20
0.2
11
0.7819132677165355
21
0.2000000393700787
0
LINE
8
BLACK
6
CONTINUOUS
10
0.7819132677165355
20
0.2000000393700787
11
0.784295
21
0.2002561417322835
0
LINE
8
BLACK
6
CONTINUOUS
10
0.784295
20
0.2002561417322835
11
0.7896836220472441
21
0.2022659842519685
0
LINE
8
BLACK
6
CONTINUOUS
10
0.7896836220472441
20
0.2022659842519685
11
0.7896836614173228
21
0.2022659842519685
0
LINE
8
BLACK
6
CONTINUOUS
10
0.7896836614173228
20
0.2022659842519685
11
0.7942875590551181
21
0.2057124409448819
0
LINE
8
BLACK
6
CONTINUOUS
10
0.7942875590551181
20
0.2057124409448819
11
0.7960288188976378
21
0.2080384645669291
0
LINE
8
BLACK
6
CONTINUOUS
10
0.7960288188976378
20
0.2080384645669291
11
0.7982664566929134
21
0.2097135433070866
0
LINE
8
BLACK
6
CONTINUOUS
10
0.7982664566929134
20
0.2097135433070866
11
0.8010544488188976
21
0.2099129133858268
0
LINE
8
BLACK
6
CONTINUOUS
10
0.8010544488188976
20
0.2099129133858268
11
0.8035077165354331
21
0.2085733464566929
0
LINE
8
BLACK
6
CONTINUOUS
10
0.8035077165354331
20
0.2085733464566929
11
0.8039711811023622
21
0.2080384645669291
0
LINE
8
BLACK
6
CONTINUOUS
10
0.8039711811023622
20
0.2080384645669291
11
0.8057124015748032
21
0.2057124409448819
0
LINE
8
BLACK
6
CONTINUOUS
10
0.8057124015748032
20
0.2057124409448819
11
0.8103162992125984
21
0.2022659842519685
0
LINE
8
BLACK
6
CONTINUOUS
10
0.8103162992125984
20
0.2022659842519685
11
0.8157049606299213
21
0.2002561417322835
0
LINE
8
BLACK
6
CONTINUOUS
10
0.8157049606299213
20
0.2002561417322835
11
0.8180866929133858
21
0.2000000393700787
0
LINE
8
BLACK
6
CONTINUOUS
10
0.8180866929133858
20
0.2000000393700787
11
0.8180872047244094
21
0.2
0
LINE
8
BLACK
6
CONTINUOUS
10
0.8180872047244094
20
0.2
11
0.84
21
0.2
0
LINE
8
BLACK
6
CONTINUOUS
10
0.84
20
0.2
11
0.84
21
0.22
0
LINE
8
BLACK
6
CONTINUOUS
10
0.84
20
0.22
11
0.82
21
0.22
0
LINE
8
BLACK
6
CONTINUOUS
10
0.82
20
0.22
11
0.82
21
0.24
0
LINE
8
BLACK
6
CONTINUOUS
10
0.82
20
0.24
11
0.78
21
0.24
0
LINE
8
BLACK
6
CONTINUOUS
10
0.88
20
0.22
11
0.86
21
0.22
0
LINE
8
BLACK
6
CONTINUOUS
10
0.86
20
0.22
11
0.86
21
0.2
0
LINE
8
BLACK
6
CONTINUOUS
10
0.86
20
0.2
11
0.8819127952755905
21
0.2
0
LINE
8
BLACK
6
CONTINUOUS
10
0.8819127952755905
20
0.2
11
0.8819132677165354
21
0.2000000393700787
0
LINE
8
BLACK
6
CONTINUOUS
10
0.8819132677165354
20
0.2000000393700787
11
0.8842949999999999
21
0.2002561417322835
0
LINE
8
BLACK
6
CONTINUOUS
10
0.8842949999999999
20
0.2002561417322835
11
0.889683622047244
21
0.2022659842519685
0
LINE
8
BLACK
6
CONTINUOUS
10
0.889683622047244
20
0.2022659842519685
11
0.8896836614173228
21
0.2022659842519685
0
LINE
8
BLACK
6
CONTINUOUS
10
0.8896836614173228
20
0.2022659842519685
11
0.8942875590551181
21
0.2057124409448819
0
LINE
8
BLACK
6
CONTINUOUS
10
0.8942875590551181
20
0.2057124409448819
11
0.8977340157480315
21
0.2103163385826771
0
LINE
8
BLACK
6
CONTINUOUS
10
0.8977340157480315
20
0.2103163385826771
11
0.8977340157480315
21
0.2103163779527559
0
LINE
8
BLACK
6
CONTINUOUS
10
0.8977340157480315
20
0.2103163779527559
11
0.8997438582677165
21
0.215705
0
LINE
8
BLACK
6
CONTINUOUS
10
0.8997438582677165
20
0.215705
11
0.8999999606299213
21
0.2180867322834646
0
LINE
8
BLACK
6
CONTINUOUS
10
0.8999999606299213
20
0.2180867322834646
11
0.9
21
0.2180872047244095
0
LINE
8
BLACK
6
CONTINUOUS
10
0.9
20
0.2180872047244095
11
0.9
21
0.24
0
LINE
8
BLACK
6
CONTINUOUS
10
0.9
20
0.24
11
0.88
21
0.24
0
LINE
8
BLACK
6
CONTINUOUS
10
0.88
20
0.24
11
0.88
21
0.22
0
LINE
8
BLACK
6
CONTINUOUS
10
-0.0722294094488189
20
0.2546825196850394
11
-0.0796605118110236
21
0.2508961811023622
0
LINE
8
BLACK
6
CONTINUOUS
10
-0.0796605118110236
20
0.2508961811023622
11
-0.0875924803149606
21
0.248318937007874
0
LINE
8
BLACK
6
CONTINUOUS
10
-0.0875924803149606
20
0.248318937007874
11
-0.0958299212598425
21
0.2470142519685039
0
LINE
8
BLACK
6
CONTINUOUS
10
-0.0958299212598425
20
0.2470142519685039
11
-0.1041700787401575
21
0.2470142519685039
0
LINE
8
BLACK
6
CONTINUOUS
10
-0.1041700787401575
20
0.2470142519685039
11
-0.1124075196850394
21
0.248318937007874
0
LINE
8
BLACK
6
CONTINUOUS
10
-0.1124075196850394
20
0.248318937007874
11
-0.1203394881889764
21
0.2508961811023622
0
LINE
8
BLACK
6
CONTINUOUS
10
-0.1203394881889764
20
0.2508961811023622
11
-0.1277705905511811
21
0.2546825196850394
0
LINE
8
BLACK
6
CONTINUOUS
10
-0.1277705905511811
20
0.2546825196850394
11
-0.1297426771653543
21
0.2561153149606299
0
LINE
8
BLACK
6
CONTINUOUS
10
-0.1297426771653543
20
0.2561153149606299
11
-0.1441689763779528
21
0.2416889763779528
0
LINE
8
BLACK
6
CONTINUOUS
10
-0.1441689763779528
20
0.2416889763779528
11
-0.1441689763779528
21
0.241688937007874
0
LINE
8
BLACK
6
CONTINUOUS
10
-0.1441689763779528
20
0.241688937007874
11
-0.140727125984252
21
0.2390479133858268
0
LINE
8
BLACK
6
CONTINUOUS
10
-0.140727125984252
20
0.2390479133858268
11
-0.1407268503937008
21
0.2390477165354331
0
LINE
8
BLACK
6
CONTINUOUS
10
-0.1407268503937008
20
0.2390477165354331
11
-0.1324231889763779
21
0.2342536220472441
0
LINE
8
BLACK
6
CONTINUOUS
10
-0.1324231889763779
20
0.2342536220472441
11
-0.1324227559055118
21
0.2342533858267717
0
LINE
8
BLACK
6
CONTINUOUS
10
-0.1324227559055118
20
0.2342533858267717
11
-0.1235636220472441
21
0.2305838188976378
0
LINE
8
BLACK
6
CONTINUOUS
10
-0.1235636220472441
20
0.2305838188976378
11
-0.1143011811023622
21
0.228101968503937
0
LINE
8
BLACK
6
CONTINUOUS
10
-0.1143011811023622
20
0.228101968503937
11
-0.1047946062992126
21
0.2268504330708661
0
LINE
8
BLACK
6
CONTINUOUS
10
-0.1047946062992126
20
0.2268504330708661
11
-0.1047942125984252
21
0.2268503937007874
0
LINE
8
BLACK
6
CONTINUOUS
10
-0.1047942125984252
20
0.2268503937007874
11
-0.0952057874015748
21
0.2268503937007874
0
LINE
8
BLACK
6
CONTINUOUS
10
-0.0952057874015748
20
0.2268503937007874
11
-0.0952054330708661
21
0.2268504330708661
0
LINE
8
BLACK
6
CONTINUOUS
10
-0.0952054330708661
20
0.2268504330708661
11
-0.0856988582677165
21
0.228101968503937
0
LINE
8
BLACK
6
CONTINUOUS
10
-0.0856988582677165
20
0.228101968503937
11
-0.0764364173228346
21
0.2305838188976378
0
LINE
8
BLACK
6
CONTINUOUS
10
-0.0764364173228346
20
0.2305838188976378
11
-0.0675772834645669
21
0.2342533858267717
0
LINE
8
BLACK
6
CONTINUOUS
10
-0.0675772834645669
20
0.2342533858267717
11
-0.0675768503937008
21
0.2342536220472441
0
LINE
8
BLACK
6
CONTINUOUS
10
-0.0675768503937008
20
0.2342536220472441
11
-0.0592732283464567
21
0.2390477165354331
0
LINE
8
BLACK
6
CONTINUOUS
10
-0.0592732283464567
20
0.2390477165354331
11
-0.0558311023622047
21
0.2416889763779528
0
LINE
8
BLACK
6
CONTINUOUS
10
-0.0558311023622047
20
0.2416889763779528
11
-0.0702574015748031
21
0.2561153149606299
0
LINE
8
BLACK
6
CONTINUOUS
10
-0.0702574015748031
20
0.2561153149606299
11
-0.0722294094488189
21
0.2546825196850394
0
LINE
8
BLACK
6
CONTINUOUS
10
0.1277705905511811
20
0.2546825196850394
11
0.1203394881889764
21
0.2508961811023622
0
LINE
8
BLACK
6
CONTINUOUS
10
0.1203394881889764
20
0.2508961811023622
11
0.1124075196850394
21
0.248318937007874
0
LINE
8
BLACK
6
CONTINUOUS
10
0.1124075196850394
20
0.248318937007874
11
0.1041700787401575
21
0.2470142519685039
0
LINE
8
BLACK
6
CONTINUOUS
10
0.1041700787401575
20
0.2470142519685039
11
0.0958299212598425
21
0.2470142519685039
0
LINE
8
BLACK
6
CONTINUOUS
10
0.0958299212598425
20
0.2470142519685039
11
0.0875924803149606
21
0.248318937007874
0
LINE
8
BLACK
6
CONTINUOUS
10
0.0875924803149606
20
0.248318937007874
11
0.0796605118110236
21
0.2508961811023622
0
LINE
8
BLACK
6
CONTINUOUS
10
0.0796605118110236
20
0.2508961811023622
11
0.0722294094488189
21
0.2546825196850394
0
LINE
8
BLACK
6
CONTINUOUS
10
0.0722294094488189
20
0.2546825196850394
11
0.0702573228346457
21
0.2561153149606299
0
LINE
8
BLACK
6
CONTINUOUS
10
0.0702573228346457
20
0.2561153149606299
11
0.0558310236220472
21
0.2416889763779528
0
LINE
8
BLACK
6
CONTINUOUS
10
0.0558310236220472
20
0.2416889763779528
11
0.0558310236220472
21
0.241688937007874
0
LINE
8
BLACK
6
CONTINUOUS
10
0.0558310236220472
20
0.241688937007874
11
0.059272874015748
21
0.2390479133858268
0
LINE
8
BLACK
6
CONTINUOUS
10
0.059272874015748
20
0.2390479133858268
11
0.0592731496062992
21
0.2390477165354331
0
LINE
8
BLACK
6
CONTINUOUS
10
0.0592731496062992
20
0.2390477165354331
11
0.067576811023622
21
0.2342536220472441
0
LINE
8
BLACK
6
CONTINUOUS
10
0.067576811023622
20
0.2342536220472441
11
0.0675772440944882
21
0.2342533858267717
0
LINE
8
BLACK
6
CONTINUOUS
10
0.0675772440944882
20
0.2342533858267717
11
0.0764363779527559
21
0.2305838188976378
0
LINE
8
BLACK
6
CONTINUOUS
10
0.0764363779527559
20
0.2305838188976378
11
0.0856988188976378
21
0.228101968503937
0
LINE
8
BLACK
6
CONTINUOUS
10
0.0856988188976378
20
0.228101968503937
11
0.0952053937007874
21
0.2268504330708661
0
LINE
8
BLACK
6
CONTINUOUS
10
0.0952053937007874
20
0.2268504330708661
11
0.0952057874015748
21
0.2268503937007874
0
LINE
8
BLACK
6
CONTINUOUS
10
0.0952057874015748
20
0.2268503937007874
11
0.1047942125984252
21
0.2268503937007874
0
LINE
8
BLACK
6
CONTINUOUS
10
0.1047942125984252
20
0.2268503937007874
11
0.1047945669291339
21
0.2268504330708661
0
LINE
8
BLACK
6
CONTINUOUS
10
0.1047945669291339
20
0.2268504330708661
11
0.1143011417322835
21
0.228101968503937
0
LINE
8
BLACK
6
CONTINUOUS
10
0.1143011417322835
20
0.228101968503937
11
0.1235635826771654
21
0.2305838188976378
0
LINE
8
BLACK
6
CONTINUOUS
10
0.1235635826771654
20
0.2305838188976378
11
0.1324227165354331
21
0.2342533858267717
0
LINE
8
BLACK
6
CONTINUOUS
10
0.1324227165354331
20
0.2342533858267717
11
0.1324231496062992
21
0.2342536220472441
0
LINE
8
BLACK
6
CONTINUOUS
10
0.1324231496062992
20
0.2342536220472441
11
0.1407267716535433
21
0.2390477165354331
0
LINE
8
BLACK
6
CONTINUOUS
10
0.1407267716535433
20
0.2390477165354331
11
0.1441688976377953
21
0.2416889763779528
0
LINE
8
BLACK
6
CONTINUOUS
10
0.1441688976377953
20
0.2416889763779528
11
0.1297425984251968
21
0.2561153149606299
0
LINE
8
BLACK
6
CONTINUOUS
10
0.1297425984251968
20
0.2561153149606299
11
0.1277705905511811
21
0.2546825196850394
0
LINE
8
BLACK
6
CONTINUOUS
10
-0.1609523228346457
20
0.3407268503937008
11
-0.1657464173228347
21
0.332423188976378
0
LINE
8
BLACK
6
CONTINUOUS
10
-0.1657464173228347
20
0.332423188976378
11
-0.1657466535433071
21
0.3324227559055118
0
LINE
8
BLACK
6
CONTINUOUS
10
-0.1657466535433071
20
0.3324227559055118
11
-0.169416220472441
21
0.3235636220472441
0
LINE
8
BLACK
6
CONTINUOUS
10
-0.169416220472441
20
0.3235636220472441
11
-0.1718980708661417
21
0.3143011811023622
0
LINE
8
BLACK
6
CONTINUOUS
10
-0.1718980708661417
20
0.3143011811023622
11
-0.1731496062992126
21
0.3047946062992126
0
LINE
8
BLACK
6
CONTINUOUS
10
-0.1731496062992126
20
0.3047946062992126
11
-0.1731496062992126
21
0.2952054330708661
0
LINE
8
BLACK
6
CONTINUOUS
10
-0.1731496062992126
20
0.2952054330708661
11
-0.1718980708661417
21
0.2856988582677165
0
LINE
8
BLACK
6
CONTINUOUS
10
-0.1718980708661417
20
0.2856988582677165
11
-0.169416220472441
21
0.2764364173228346
0
LINE
8
BLACK
6
CONTINUOUS
10
-0.169416220472441
20
0.2764364173228346
11
-0.1657466535433071
21
0.2675772834645669
0
LINE
8
BLACK
6
CONTINUOUS
10
-0.1657466535433071
20
0.2675772834645669
11
-0.1657464173228347
21
0.2675768503937008
0
LINE
8
BLACK
6
CONTINUOUS
10
-0.1657464173228347
20
0.2675768503937008
11
-0.1609523228346457
21
0.259273188976378
0
LINE
8
BLACK
6
CONTINUOUS
10
-0.1609523228346457
20
0.259273188976378
11
-0.1609521653543307
21
0.2592729527559055
0
LINE
8
BLACK
6
CONTINUOUS
10
-0.1609521653543307
20
0.2592729527559055
11
-0.1583111417322835
21
0.2558311417322834
0
LINE
8
BLACK
6
CONTINUOUS
10
-0.1583111417322835
20
0.2558311417322834
11
-0.158311062992126
21
0.2558311023622047
0
LINE
8
BLACK
6
CONTINUOUS
10
-0.158311062992126
20
0.2558311023622047
11
-0.1438847637795276
21
0.2702574409448819
0
LINE
8
BLACK
6
CONTINUOUS
10
-0.1438847637795276
20
0.2702574409448819
11
-0.1453174803149606
21
0.2722294094488189
0
LINE
8
BLACK
6
CONTINUOUS
10
-0.1453174803149606
20
0.2722294094488189
11
-0.1491038188976378
21
0.2796605118110236
0
LINE
8
BLACK
6
CONTINUOUS
10
-0.1491038188976378
20
0.2796605118110236
11
-0.151681062992126
21
0.2875924803149606
0
LINE
8
BLACK
6
CONTINUOUS
10
-0.151681062992126
20
0.2875924803149606
11
-0.1529857480314961
21
0.2958299212598425
0
LINE
8
BLACK
6
CONTINUOUS
10
-0.1529857480314961
20
0.2958299212598425
11
-0.1529857480314961
21
0.3041700787401574
0
LINE
8
BLACK
6
CONTINUOUS
10
-0.1529857480314961
20
0.3041700787401574
11
-0.151681062992126
21
0.3124075196850394
0
LINE
8
BLACK
6
CONTINUOUS
10
-0.151681062992126
20
0.3124075196850394
11
-0.1491038188976378
21
0.3203394881889764
0
LINE
8
BLACK
6
CONTINUOUS
10
-0.1491038188976378
20
0.3203394881889764
11
-0.1453174803149606
21
0.3277705905511811
0
LINE
8
BLACK
6
CONTINUOUS
10
-0.1453174803149606
20
0.3277705905511811
11
-0.1438847637795276
21
0.3297426377952756
0
LINE
8
BLACK
6
CONTINUOUS
10
-0.1438847637795276
20
0.3297426377952756
11
-0.1583111023622047
21
0.3441689763779527
0
LINE
8
BLACK
6
CONTINUOUS
10
-0.1583111023622047
20
0.3441689763779527
11
-0.1609523228346457
21
0.3407268503937008
0
LINE
8
BLACK
6
CONTINUOUS
10
0.1438846850393701
20
0.3297426771653543
11
0.1453174803149606
21
0.3277705905511811
0
LINE
8
BLACK
6
CONTINUOUS
10
0.1453174803149606
20
0.3277705905511811
11
0.1491038188976378
21
0.3203394881889764
0
LINE
8
BLACK
6
CONTINUOUS
10
0.1491038188976378
20
0.3203394881889764
11
0.151681062992126
21
0.3124075196850394
0
LINE
8
BLACK
6
CONTINUOUS
10
0.151681062992126
20
0.3124075196850394
11
0.1529857480314961
21
0.3041700787401574
0
LINE
8
BLACK
6
CONTINUOUS
10
0.1529857480314961
20
0.3041700787401574
11
0.1529857480314961
21
0.2958299212598425
0
LINE
8
BLACK
6
CONTINUOUS
10
0.1529857480314961
20
0.2958299212598425
11
0.151681062992126
21
0.2875924803149606
0
LINE
8
BLACK
6
CONTINUOUS
10
0.151681062992126
20
0.2875924803149606
11
0.1491038188976378
21
0.2796605118110236
0
LINE
8
BLACK
6
CONTINUOUS
10
0.1491038188976378
20
0.2796605118110236
11
0.1453174803149606
21
0.2722294094488189
0
LINE
8
BLACK
6
CONTINUOUS
10
0.1453174803149606
20
0.2722294094488189
11
0.1438847244094488
21
0.2702574015748032
0
LINE
8
BLACK
6
CONTINUOUS
10
0.1438847244094488
20
0.2702574015748032
11
0.1583110236220472
21
0.2558311023622047
0
LINE
8
BLACK
6
CONTINUOUS
10
0.1583110236220472
20
0.2558311023622047
11
0.1609522834645669
21
0.2592732283464567
0
LINE
8
BLACK
6
CONTINUOUS
10
0.1609522834645669
20
0.2592732283464567
11
0.1657463779527559
21
0.2675768503937008
0
LINE
8
BLACK
6
CONTINUOUS
10
0.1657463779527559
20
0.2675768503937008
11
0.1657466141732283
21
0.2675772834645669
0
LINE
8
BLACK
6
CONTINUOUS
10
0.1657466141732283
20
0.2675772834645669
11
0.1694161811023622
21
0.2764364173228346
0
LINE
8
BLACK
6
CONTINUOUS
10
0.1694161811023622
20
0.2764364173228346
11
0.171898031496063
21
0.2856988582677165
0
LINE
8
BLACK
6
CONTINUOUS
10
0.171898031496063
20
0.2856988582677165
11
0.1731495669291339
21
0.2952054330708661
0
LINE
8
BLACK
6
CONTINUOUS
10
0.1731495669291339
20
0.2952054330708661
11
0.1731496062992126
21
0.2952057874015748
0
LINE
8
BLACK
6
CONTINUOUS
10
0.1731496062992126
20
0.2952057874015748
11
0.1731496062992126
21
0.3047942125984252
0
LINE
8
BLACK
6
CONTINUOUS
10
0.1731496062992126
20
0.3047942125984252
11
0.1731495669291339
21
0.3047946062992126
0
LINE
8
BLACK
6
CONTINUOUS
10
0.1731495669291339
20
0.3047946062992126
11
0.171898031496063
21
0.3143011811023622
0
LINE
8
BLACK
6
CONTINUOUS
10
0.171898031496063
20
0.3143011811023622
11
0.1694161811023622
21
0.3235636220472441
0
LINE
8
BLACK
6
CONTINUOUS
10
0.1694161811023622
20
0.3235636220472441
11
0.1657466141732283
21
0.3324227559055118
0
LINE
8
BLACK
6
CONTINUOUS
10
0.1657466141732283
20
0.3324227559055118
11
0.1657463779527559
21
0.332423188976378
0
LINE
8
BLACK
6
CONTINUOUS
10
0.1657463779527559
20
0.332423188976378
11
0.1609522834645669
21
0.3407268503937008
0
LINE
8
BLACK
6
CONTINUOUS
10
0.1609522834645669
20
0.3407268503937008
11
0.1609520866141732
21
0.340727125984252
0
LINE
8
BLACK
6
CONTINUOUS
10
0.1609520866141732
20
0.340727125984252
11
0.1583110236220472
21
0.3441689763779527
0
LINE
8
BLACK
6
CONTINUOUS
10
0.1583110236220472
20
0.3441689763779527
11
0.1438846850393701
21
0.3297426771653543
0
LINE
8
BLACK
6
CONTINUOUS
10
0.43
20
0.49
11
0.43
21
0.47
0
LINE
8
BLACK
6
CONTINUOUS
10
0.43
20
0.47
11
0.41
21
0.47
0
LINE
8
BLACK
6
CONTINUOUS
10
0.41
20
0.47
11
0.41
21
0.449763779527559
0
LINE
8
BLACK
6
CONTINUOUS
10
0.41
20
0.449763779527559
11
0.4098425196850394
21
0.4492274803149606
0
LINE
8
BLACK
6
CONTINUOUS
10
0.4098425196850394
20
0.4492274803149606
11
0.4098425196850394
21
0.4314785039370079
0
LINE
8
BLACK
6
CONTINUOUS
10
0.4098425196850394
20
0.4314785039370079
11
0.4136332677165354
21
0.4276877559055118
0
LINE
8
BLACK
6
CONTINUOUS
10
0.4136332677165354
20
0.4276877559055118
11
0.4137924803149606
21
0.4277940944881889
0
LINE
8
BLACK
6
CONTINUOUS
10
0.4137924803149606
20
0.4277940944881889
11
0.4175590551181102
21
0.4285433070866141
0
LINE
8
BLACK
6
CONTINUOUS
10
0.4175590551181102
20
0.4285433070866141
11
0.437244094488189
21
0.4285433070866141
0
LINE
8
BLACK
6
CONTINUOUS
10
0.437244094488189
20
0.4285433070866141
11
0.4410106692913386
21
0.4277940944881889
0
LINE
8
BLACK
6
CONTINUOUS
10
0.4410106692913386
20
0.4277940944881889
11
0.4442038188976378
21
0.4256605118110236
0
LINE
8
BLACK
6
CONTINUOUS
10
0.4442038188976378
20
0.4256605118110236
11
0.4463374015748031
21
0.4224673622047244
0
LINE
8
BLACK
6
CONTINUOUS
10
0.4463374015748031
20
0.4224673622047244
11
0.4470866141732283
21
0.4187007874015748
0
LINE
8
BLACK
6
CONTINUOUS
10
0.4470866141732283
20
0.4187007874015748
11
0.4470866141732283
21
0.41
0
LINE
8
BLACK
6
CONTINUOUS
10
0.4470866141732283
20
0.41
11
0.4670866141732283
21
0.41
0
LINE
8
BLACK
6
CONTINUOUS
10
0.4670866141732283
20
0.41
11
0.4670866141732283
21
0.4206896456692913
0
LINE
8
BLACK
6
CONTINUOUS
10
0.4670866141732283
20
0.4206896456692913
11
0.4666690551181102
21
0.4247763385826772
0
LINE
8
BLACK
6
CONTINUOUS
10
0.4666690551181102
20
0.4247763385826772
11
0.4666690157480315
21
0.4247764566929134
0
LINE
8
BLACK
6
CONTINUOUS
10
0.4666690157480315
20
0.4247764566929134
11
0.4644746850393701
21
0.4313986614173228
0
LINE
8
BLACK
6
CONTINUOUS
10
0.4644746850393701
20
0.4313986614173228
11
0.4608123622047244
21
0.4373362204724409
0
LINE
8
BLACK
6
CONTINUOUS
10
0.4608123622047244
20
0.4373362204724409
11
0.4608121653543307
21
0.4373364566929134
0
LINE
8
BLACK
6
CONTINUOUS
10
0.4608121653543307
20
0.4373364566929134
11
0.4558797244094488
21
0.4422688976377953
0
LINE
8
BLACK
6
CONTINUOUS
10
0.4558797244094488
20
0.4422688976377953
11
0.4558794881889764
21
0.442269094488189
0
LINE
8
BLACK
6
CONTINUOUS
10
0.4558794881889764
20
0.442269094488189
11
0.4499417716535433
21
0.4459314960629921
0
LINE
8
BLACK
6
CONTINUOUS
10
0.4499417716535433
20
0.4459314960629921
11
0.449941811023622
21
0.4459314960629921
0
LINE
8
BLACK
6
CONTINUOUS
10
0.449941811023622
20
0.4459314960629921
11
0.4459820472440945
21
0.4472436220472441
0
LINE
8
BLACK
6
CONTINUOUS
10
0.4459820472440945
20
0.4472436220472441
11
0.443683937007874
21
0.4488347244094488
0
LINE
8
BLACK
6
CONTINUOUS
10
0.443683937007874
20
0.4488347244094488
11
0.442610905511811
21
0.4514156692913386
0
LINE
8
BLACK
6
CONTINUOUS
10
0.442610905511811
20
0.4514156692913386
11
0.4431035826771653
21
0.4541670866141732
0
LINE
8
BLACK
6
CONTINUOUS
10
0.4431035826771653
20
0.4541670866141732
11
0.4436487401574803
21
0.4550261023622047
0
LINE
8
BLACK
6
CONTINUOUS
10
0.4436487401574803
20
0.4550261023622047
11
0.4461063385826772
21
0.4581393307086614
0
LINE
8
BLACK
6
CONTINUOUS
10
0.4461063385826772
20
0.4581393307086614
11
0.4471965748031496
21
0.4589126771653543
0
LINE
8
BLACK
6
CONTINUOUS
10
0.4471965748031496
20
0.4589126771653543
11
0.4482664566929134
21
0.4597135433070866
0
LINE
8
BLACK
6
CONTINUOUS
10
0.4482664566929134
20
0.4597135433070866
11
0.4483323622047244
21
0.4597182677165354
0
LINE
8
BLACK
6
CONTINUOUS
10
0.4483323622047244
20
0.4597182677165354
11
0.4483862204724409
21
0.4597564566929134
0
LINE
8
BLACK
6
CONTINUOUS
10
0.4483862204724409
20
0.4597564566929134
11
0.4497212992125984
21
0.4598175984251968
0
LINE
8
BLACK
6
CONTINUOUS
10
0.4497212992125984
20
0.4598175984251968
11
0.4510544488188976
21
0.4599129133858267
0
LINE
8
BLACK
6
CONTINUOUS
10
0.4510544488188976
20
0.4599129133858267
11
0.4511124015748031
21
0.4598812992125984
0
LINE
8
BLACK
6
CONTINUOUS
10
0.4511124015748031
20
0.4598812992125984
11
0.4511784251968504
21
0.4598842913385827
0
LINE
8
BLACK
6
CONTINUOUS
10
0.4511784251968504
20
0.4598842913385827
11
0.4523348818897638
21
0.459213779527559
0
LINE
8
BLACK
6
CONTINUOUS
10
0.4523348818897638
20
0.459213779527559
11
0.453507716535433
21
0.4585733464566929
0
LINE
8
BLACK
6
CONTINUOUS
10
0.453507716535433
20
0.4585733464566929
11
0.4535766929133858
21
0.4584937401574803
0
LINE
8
BLACK
6
CONTINUOUS
10
0.4535766929133858
20
0.4584937401574803
11
0.4535964960629921
21
0.4584822440944882
0
LINE
8
BLACK
6
CONTINUOUS
10
0.4535964960629921
20
0.4584822440944882
11
0.4536107874015748
21
0.4584544094488189
0
LINE
8
BLACK
6
CONTINUOUS
10
0.4536107874015748
20
0.4584544094488189
11
0.4539711811023622
21
0.4580384645669291
0
LINE
8
BLACK
6
CONTINUOUS
10
0.4539711811023622
20
0.4580384645669291
11
0.4557124015748031
21
0.4557124409448819
0
LINE
8
BLACK
6
CONTINUOUS
10
0.4557124015748031
20
0.4557124409448819
11
0.4603162992125984
21
0.4522659842519685
0
LINE
8
BLACK
6
CONTINUOUS
10
0.4603162992125984
20
0.4522659842519685
11
0.4657049606299212
21
0.4502561417322835
0
LINE
8
BLACK
6
CONTINUOUS
10
0.4657049606299212
20
0.4502561417322835
11
0.4680866929133858
21
0.4500000393700787
0
LINE
8
BLACK
6
CONTINUOUS
10
0.4680866929133858
20
0.4500000393700787
11
0.4680872047244095
21
0.45
0
LINE
8
BLACK
6
CONTINUOUS
10
0.4680872047244095
20
0.45
11
0.49
21
0.45
0
LINE
8
BLACK
6
CONTINUOUS
10
0.49
20
0.45
11
0.49
21
0.47
0
LINE
8
BLACK
6
CONTINUOUS
10
0.49
20
0.47
11
0.47
21
0.47
0
LINE
8
BLACK
6
CONTINUOUS
10
0.47
20
0.47
11
0.47
21
0.49
0
LINE
8
BLACK
6
CONTINUOUS
10
0.47
20
0.49
11
0.43
21
0.49
0
LINE
8
BLACK
6
CONTINUOUS
10
0.53
20
0.47
11
0.51
21
0.47
0
LINE
8
BLACK
6
CONTINUOUS
10
0.51
20
0.47
11
0.51
21
0.45
0
LINE
8
BLACK
6
CONTINUOUS
10
0.51
20
0.45
11
0.5319127952755905
21
0.45
0
LINE
8
BLACK
6
CONTINUOUS
10
0.5319127952755905
20
0.45
11
0.5319132677165355
21
0.4500000393700787
0
LINE
8
BLACK
6
CONTINUOUS
10
0.5319132677165355
20
0.4500000393700787
11
0.534295
21
0.4502561417322835
0
LINE
8
BLACK
6
CONTINUOUS
10
0.534295
20
0.4502561417322835
11
0.5396836220472441
21
0.4522659842519685
0
LINE
8
BLACK
6
CONTINUOUS
10
0.5396836220472441
20
0.4522659842519685
11
0.5396836614173228
21
0.4522659842519685
0
LINE
8
BLACK
6
CONTINUOUS
10
0.5396836614173228
20
0.4522659842519685
11
0.5442875590551181
21
0.4557124409448819
0
LINE
8
BLACK
6
CONTINUOUS
10
0.5442875590551181
20
0.4557124409448819
11
0.5477340157480315
21
0.4603163385826772
0
LINE
8
BLACK
6
CONTINUOUS
10
0.5477340157480315
20
0.4603163385826772
11
0.5477340157480315
21
0.4603163779527559
0
LINE
8
BLACK
6
CONTINUOUS
10
0.5477340157480315
20
0.4603163779527559
11
0.5497438582677165
21
0.465705
0
LINE
8
BLACK
6
CONTINUOUS
10
0.5497438582677165
20
0.465705
11
0.5499999606299213
21
0.4680867322834645
0
LINE
8
BLACK
6
CONTINUOUS
10
0.5499999606299213
20
0.4680867322834645
11
0.5499999999999999
21
0.4680872047244095
0
LINE
8
BLACK
6
CONTINUOUS
10
0.5499999999999999
20
0.4680872047244095
11
0.5499999999999999
21
0.49
0
LINE
8
BLACK
6
CONTINUOUS
10
0.5499999999999999
20
0.49
11
0.53
21
0.49
0
LINE
8
BLACK
6
CONTINUOUS
10
0.53
20
0.49
11
0.53
21
0.47
0
LINE
8
BLACK
6
CONTINUOUS
10
0.1438846850393701
20
0.5297426771653543
11
0.1453174803149606
21
0.5277705905511811
0
LINE
8
BLACK
6
CONTINUOUS
10
0.1453174803149606
20
0.5277705905511811
11
0.1491038188976378
21
0.5203394881889764
0
LINE
8
BLACK
6
CONTINUOUS
10
0.1491038188976378
20
0.5203394881889764
11
0.151681062992126
21
0.5124075196850394
0
LINE
8
BLACK
6
CONTINUOUS
10
0.151681062992126
20
0.5124075196850394
11
0.1529857480314961
21
0.5041700787401575
0
LINE
8
BLACK
6
CONTINUOUS
10
0.1529857480314961
20
0.5041700787401575
11
0.1529857480314961
21
0.4958299212598425
0
LINE
8
BLACK
6
CONTINUOUS
10
0.1529857480314961
20
0.4958299212598425
11
0.151681062992126
21
0.4875924803149606
0
LINE
8
BLACK
6
CONTINUOUS
10
0.151681062992126
20
0.4875924803149606
11
0.1491038188976378
21
0.4796605118110236
0
LINE
8
BLACK
6
CONTINUOUS
10
0.1491038188976378
20
0.4796605118110236
11
0.1453174803149606
21
0.4722294094488189
0
LINE
8
BLACK
6
CONTINUOUS
10
0.1453174803149606
20
0.4722294094488189
11
0.1438847244094488
21
0.4702574015748031
0
LINE
8
BLACK
6
CONTINUOUS
10
0.1438847244094488
20
0.4702574015748031
11
0.1583110236220472
21
0.4558311023622047
0
LINE
8
BLACK
6
CONTINUOUS
10
0.1583110236220472
20
0.4558311023622047
11
0.1609522834645669
21
0.4592732283464567
0
LINE
8
BLACK
6
CONTINUOUS
10
0.1609522834645669
20
0.4592732283464567
11
0.1657463779527559
21
0.4675768503937008
0
LINE
8
BLACK
6
CONTINUOUS
10
0.1657463779527559
20
0.4675768503937008
11
0.1657466141732283
21
0.4675772834645669
0
LINE
8
BLACK
6
CONTINUOUS
10
0.1657466141732283
20
0.4675772834645669
11
0.1694161811023622
21
0.4764364173228346
0
LINE
8
BLACK
6
CONTINUOUS
10
0.1694161811023622
20
0.4764364173228346
11
0.1703444881889764
21
0.4799009448818898
0
LINE
8
BLACK
6
CONTINUOUS
10
0.1703444881889764
20
0.4799009448818898
11
0.171898031496063
21
0.4856988582677165
0
LINE
8
BLACK
6
CONTINUOUS
10
0.171898031496063
20
0.4856988582677165
11
0.1731495669291339
21
0.4952054330708661
0
LINE
8
BLACK
6
CONTINUOUS
10
0.1731495669291339
20
0.4952054330708661
11
0.1731496062992126
21
0.4952057874015748
0
LINE
8
BLACK
6
CONTINUOUS
10
0.1731496062992126
20
0.4952057874015748
11
0.1731496062992126
21
0.5047942125984252
0
LINE
8
BLACK
6
CONTINUOUS
10
0.1731496062992126
20
0.5047942125984252
11
0.1731495669291339
21
0.5047946062992126
0
LINE
8
BLACK
6
CONTINUOUS
10
0.1731495669291339
20
0.5047946062992126
11
0.1721131496062992
21
0.5126671259842519
0
LINE
8
BLACK
6
CONTINUOUS
10
0.1721131496062992
20
0.5126671259842519
11
0.1721131496062992
21
0.5126671653543307
0
LINE
8
BLACK
6
CONTINUOUS
10
0.1721131496062992
20
0.5126671653543307
11
0.171898031496063
21
0.5143011417322835
0
LINE
8
BLACK
6
CONTINUOUS
10
0.171898031496063
20
0.5143011417322835
11
0.1694161811023622
21
0.523563622047244
0
LINE
8
BLACK
6
CONTINUOUS
10
0.1694161811023622
20
0.523563622047244
11
0.1657466141732283
21
0.5324227559055118
0
LINE
8
BLACK
6
CONTINUOUS
10
0.1657466141732283
20
0.5324227559055118
11
0.1657463779527559
21
0.532423188976378
0
LINE
8
BLACK
6
CONTINUOUS
10
0.1657463779527559
20
0.532423188976378
11
0.1609522834645669
21
0.5407268503937007
0
LINE
8
BLACK
6
CONTINUOUS
10
0.1609522834645669
20
0.5407268503937007
11
0.1609520866141732
21
0.540727125984252
0
LINE
8
BLACK
6
CONTINUOUS
10
0.1609520866141732
20
0.540727125984252
11
0.1583110236220472
21
0.5441689763779527
0
LINE
8
BLACK
6
CONTINUOUS
10
0.1583110236220472
20
0.5441689763779527
11
0.1438846850393701
21
0.5297426771653543
0
LINE
8
BLACK
6
CONTINUOUS
10
-0.1609523228346457
20
0.5407268503937007
11
-0.1657464173228347
21
0.532423188976378
0
LINE
8
BLACK
6
CONTINUOUS
10
-0.1657464173228347
20
0.532423188976378
11
-0.1657466535433071
21
0.5324227559055118
0
LINE
8
BLACK
6
CONTINUOUS
10
-0.1657466535433071
20
0.5324227559055118
11
-0.169416220472441
21
0.523563622047244
0
LINE
8
BLACK
6
CONTINUOUS
10
-0.169416220472441
20
0.523563622047244
11
-0.1718980708661417
21
0.5143011811023622
0
LINE
8
BLACK
6
CONTINUOUS
10
-0.1718980708661417
20
0.5143011811023622
11
-0.1731496062992126
21
0.5047946062992126
0
LINE
8
BLACK
6
CONTINUOUS
10
-0.1731496062992126
20
0.5047946062992126
11
-0.1731496062992126
21
0.4952054330708661
0
LINE
8
BLACK
6
CONTINUOUS
10
-0.1731496062992126
20
0.4952054330708661
11
-0.1718980708661417
21
0.4856988582677165
0
LINE
8
BLACK
6
CONTINUOUS
10
-0.1718980708661417
20
0.4856988582677165
11
-0.169416220472441
21
0.4764364173228346
0
LINE
8
BLACK
6
CONTINUOUS
10
-0.169416220472441
20
0.4764364173228346
11
-0.1657466535433071
21
0.4675772834645669
0
LINE
8
BLACK
6
CONTINUOUS
10
-0.1657466535433071
20
0.4675772834645669
11
-0.1657464173228347
21
0.4675768503937008
0
LINE
8
BLACK
6
CONTINUOUS
10
-0.1657464173228347
20
0.4675768503937008
11
-0.1609523228346457
21
0.4592731889763779
0
LINE
8
BLACK
6
CONTINUOUS
10
-0.1609523228346457
20
0.4592731889763779
11
-0.1609521653543307
21
0.4592729527559055
0
LINE
8
BLACK
6
CONTINUOUS
10
-0.1609521653543307
20
0.4592729527559055
11
-0.1583111417322835
21
0.4558311417322835
0
LINE
8
BLACK
6
CONTINUOUS
10
-0.1583111417322835
20
0.4558311417322835
11
-0.158311062992126
21
0.4558311023622047
0
LINE
8
BLACK
6
CONTINUOUS
10
-0.158311062992126
20
0.4558311023622047
11
-0.1438847637795276
21
0.4702574409448819
0
LINE
8
BLACK
6
CONTINUOUS
10
-0.1438847637795276
20
0.4702574409448819
11
-0.1453174803149606
21
0.4722294094488189
0
LINE
8
BLACK
6
CONTINUOUS
10
-0.1453174803149606
20
0.4722294094488189
11
-0.1491038188976378
21
0.4796605118110236
0
LINE
8
BLACK
6
CONTINUOUS
10
-0.1491038188976378
20
0.4796605118110236
11
-0.151681062992126
21
0.4875924803149606
0
LINE
8
BLACK
6
CONTINUOUS
10
-0.151681062992126
20
0.4875924803149606
11
-0.1529857480314961
21
0.4958299212598425
0
LINE
8
BLACK
6
CONTINUOUS
10
-0.1529857480314961
20
0.4958299212598425
11
-0.1529857480314961
21
0.5041700787401575
0
LINE
8
BLACK
6
CONTINUOUS
10
-0.1529857480314961
20
0.5041700787401575
11
-0.151681062992126
21
0.5124075196850394
0
LINE
8
BLACK
6
CONTINUOUS
10
-0.151681062992126
20
0.5124075196850394
11
-0.1491038188976378
21
0.5203394881889764
0
LINE
8
BLACK
6
CONTINUOUS
10
-0.1491038188976378
20
0.5203394881889764
11
-0.1453174803149606
21
0.5277705905511811
0
LINE
8
BLACK
6
CONTINUOUS
10
-0.1453174803149606
20
0.5277705905511811
11
-0.1438847637795276
21
0.5297426377952755
0
LINE
8
BLACK
6
CONTINUOUS
10
-0.1438847637795276
20
0.5297426377952755
11
-0.1583111023622047
21
0.5441689763779527
0
LINE
8
BLACK
6
CONTINUOUS
10
-0.1583111023622047
20
0.5441689763779527
11
-0.1609523228346457
21
0.5407268503937007
0
LINE
8
BLACK
6
CONTINUOUS
10
0.1324231496062992
20
0.5657464173228346
11
0.1324227165354331
21
0.5657466535433071
0
LINE
8
BLACK
6
CONTINUOUS
10
0.1324227165354331
20
0.5657466535433071
11
0.1235635826771654
21
0.5694162204724409
0
LINE
8
BLACK
6
CONTINUOUS
10
0.1235635826771654
20
0.5694162204724409
11
0.1143011417322835
21
0.5718980708661418
0
LINE
8
BLACK
6
CONTINUOUS
10
0.1143011417322835
20
0.5718980708661418
11
0.1047945669291339
21
0.5731496062992126
0
LINE
8
BLACK
6
CONTINUOUS
10
0.1047945669291339
20
0.5731496062992126
11
0.0952053937007874
21
0.5731496062992126
0
LINE
8
BLACK
6
CONTINUOUS
10
0.0952053937007874
20
0.5731496062992126
11
0.0856988188976378
21
0.5718980708661418
0
LINE
8
BLACK
6
CONTINUOUS
10
0.0856988188976378
20
0.5718980708661418
11
0.0764363779527559
21
0.5694162204724409
0
LINE
8
BLACK
6
CONTINUOUS
10
0.0764363779527559
20
0.5694162204724409
11
0.0675772440944882
21
0.5657466535433071
0
LINE
8
BLACK
6
CONTINUOUS
10
0.0675772440944882
20
0.5657466535433071
11
0.067576811023622
21
0.5657464173228346
0
LINE
8
BLACK
6
CONTINUOUS
10
0.067576811023622
20
0.5657464173228346
11
0.0592731496062992
21
0.5609523228346457
0
LINE
8
BLACK
6
CONTINUOUS
10
0.0592731496062992
20
0.5609523228346457
11
0.0558310236220472
21
0.5583111023622047
0
LINE
8
BLACK
6
CONTINUOUS
10
0.0558310236220472
20
0.5583111023622047
11
0.0702573622047244
21
0.5438847637795275
0
LINE
8
BLACK
6
CONTINUOUS
10
0.0702573622047244
20
0.5438847637795275
11
0.0722294094488189
21
0.5453174803149606
0
LINE
8
BLACK
6
CONTINUOUS
10
0.0722294094488189
20
0.5453174803149606
11
0.0796605118110236
21
0.5491038188976378
0
LINE
8
BLACK
6
CONTINUOUS
10
0.0796605118110236
20
0.5491038188976378
11
0.0875924803149606
21
0.5516810629921259
0
LINE
8
BLACK
6
CONTINUOUS
10
0.0875924803149606
20
0.5516810629921259
11
0.0958299212598425
21
0.552985748031496
0
LINE
8
BLACK
6
CONTINUOUS
10
0.0958299212598425
20
0.552985748031496
11
0.1041700787401575
21
0.552985748031496
0
LINE
8
BLACK
6
CONTINUOUS
10
0.1041700787401575
20
0.552985748031496
11
0.1124075196850394
21
0.5516810629921259
0
LINE
8
BLACK
6
CONTINUOUS
10
0.1124075196850394
20
0.5516810629921259
11
0.1203394881889764
21
0.5491038188976378
0
LINE
8
BLACK
6
CONTINUOUS
10
0.1203394881889764
20
0.5491038188976378
11
0.1277705905511811
21
0.5453174803149606
0
LINE
8
BLACK
6
CONTINUOUS
10
0.1277705905511811
20
0.5453174803149606
11
0.1297425590551181
21
0.5438847637795275
0
LINE
8
BLACK
6
CONTINUOUS
10
0.1297425590551181
20
0.5438847637795275
11
0.1441688976377953
21
0.558311062992126
0
LINE
8
BLACK
6
CONTINUOUS
10
0.1441688976377953
20
0.558311062992126
11
0.1441688582677165
21
0.5583111417322835
0
LINE
8
BLACK
6
CONTINUOUS
10
0.1441688582677165
20
0.5583111417322835
11
0.1435197637795275
21
0.5588092125984252
0
LINE
8
BLACK
6
CONTINUOUS
10
0.1435197637795275
20
0.5588092125984252
11
0.1407270472440945
21
0.5609521653543307
0
LINE
8
BLACK
6
CONTINUOUS
10
0.1407270472440945
20
0.5609521653543307
11
0.1407268110236221
21
0.5609523228346457
0
LINE
8
BLACK
6
CONTINUOUS
10
0.1407268110236221
20
0.5609523228346457
11
0.1378403937007874
21
0.562618779527559
0
LINE
8
BLACK
6
CONTINUOUS
10
0.1378403937007874
20
0.562618779527559
11
0.1324231496062992
21
0.5657464173228346
0
LINE
8
BLACK
6
CONTINUOUS
10
-0.1143011811023622
20
0.5718980708661418
11
-0.1235636220472441
21
0.5694162204724409
0
LINE
8
BLACK
6
CONTINUOUS
10
-0.1235636220472441
20
0.5694162204724409
11
-0.1324227559055118
21
0.5657466535433071
0
LINE
8
BLACK
6
CONTINUOUS
10
-0.1324227559055118
20
0.5657466535433071
11
-0.1324231889763779
21
0.5657464173228346
0
LINE
8
BLACK
6
CONTINUOUS
10
-0.1324231889763779
20
0.5657464173228346
11
-0.1407268503937008
21
0.5609523228346457
0
LINE
8
BLACK
6
CONTINUOUS
10
-0.1407268503937008
20
0.5609523228346457
11
-0.1441689763779528
21
0.5583111023622047
0
LINE
8
BLACK
6
CONTINUOUS
10
-0.1441689763779528
20
0.5583111023622047
11
-0.1297426377952756
21
0.5438847637795275
0
LINE
8
BLACK
6
CONTINUOUS
10
-0.1297426377952756
20
0.5438847637795275
11
-0.1277705905511811
21
0.5453174803149606
0
LINE
8
BLACK
6
CONTINUOUS
10
-0.1277705905511811
20
0.5453174803149606
11
-0.1203394881889764
21
0.5491038188976378
0
LINE
8
BLACK
6
CONTINUOUS
10
-0.1203394881889764
20
0.5491038188976378
11
-0.1124075196850394
21
0.5516810629921259
0
LINE
8
BLACK
6
CONTINUOUS
10
-0.1124075196850394
20
0.5516810629921259
11
-0.1041700787401575
21
0.552985748031496
0
LINE
8
BLACK
6
CONTINUOUS
10
-0.1041700787401575
20
0.552985748031496
11
-0.0958299212598425
21
0.552985748031496
0
LINE
8
BLACK
6
CONTINUOUS
10
-0.0958299212598425
20
0.552985748031496
11
-0.0875924803149606
21
0.5516810629921259
0
LINE
8
BLACK
6
CONTINUOUS
10
-0.0875924803149606
20
0.5516810629921259
11
-0.0796605118110236
21
0.5491038188976378
0
LINE
8
BLACK
6
CONTINUOUS
10
-0.0796605118110236
20
0.5491038188976378
11
-0.0722294094488189
21
0.5453174803149606
0
LINE
8
BLACK
6
CONTINUOUS
10
-0.0722294094488189
20
0.5453174803149606
11
-0.0702574409448819
21
0.5438847637795275
0
LINE
8
BLACK
6
CONTINUOUS
10
-0.0702574409448819
20
0.5438847637795275
11
-0.0558311023622047
21
0.558311062992126
0
LINE
8
BLACK
6
CONTINUOUS
10
-0.0558311023622047
20
0.558311062992126
11
-0.0558311417322835
21
0.5583111417322835
0
LINE
8
BLACK
6
CONTINUOUS
10
-0.0558311417322835
20
0.5583111417322835
11
-0.0592729527559055
21
0.5609521653543307
0
LINE
8
BLACK
6
CONTINUOUS
10
-0.0592729527559055
20
0.5609521653543307
11
-0.0592731889763779
21
0.5609523228346457
0
LINE
8
BLACK
6
CONTINUOUS
10
-0.0592731889763779
20
0.5609523228346457
11
-0.0675768503937008
21
0.5657464173228346
0
LINE
8
BLACK
6
CONTINUOUS
10
-0.0675768503937008
20
0.5657464173228346
11
-0.0675772834645669
21
0.5657466535433071
0
LINE
8
BLACK
6
CONTINUOUS
10
-0.0675772834645669
20
0.5657466535433071
11
-0.0764364173228346
21
0.5694162204724409
0
LINE
8
BLACK
6
CONTINUOUS
10
-0.0764364173228346
20
0.5694162204724409
11
-0.0856988582677165
21
0.5718980708661418
0
LINE
8
BLACK
6
CONTINUOUS
10
-0.0856988582677165
20
0.5718980708661418
11
-0.0952054330708661
21
0.5731496062992126
0
LINE
8
BLACK
6
CONTINUOUS
10
-0.0952054330708661
20
0.5731496062992126
11
-0.1047946062992126
21
0.5731496062992126
0
LINE
8
BLACK
6
CONTINUOUS
10
-0.1047946062992126
20
0.5731496062992126
11
-0.1143011811023622
21
0.5718980708661418
0
LINE
8
BLACK
6
CONTINUOUS
10
0.88
20
0.62
11
0.86
21
0.62
0
LINE
8
BLACK
6
CONTINUOUS
10
0.86
20
0.62
11
0.86
21
0.58
0
LINE
8
BLACK
6
CONTINUOUS
10
0.86
20
0.58
11
0.88
21
0.58
0
LINE
8
BLACK
6
CONTINUOUS
10
0.88
20
0.58
11
0.88
21
0.5599999999999999
0
LINE
8
BLACK
6
CONTINUOUS
10
0.88
20
0.5599999999999999
11
0.9
21
0.5599999999999999
0
LINE
8
BLACK
6
CONTINUOUS
10
0.9
20
0.5599999999999999
11
0.9
21
0.5819128346456692
0
LINE
8
BLACK
6
CONTINUOUS
10
0.9
20
0.5819128346456692
11
0.8999999606299213
21
0.5819133070866142
0
LINE
8
BLACK
6
CONTINUOUS
10
0.8999999606299213
20
0.5819133070866142
11
0.8997438582677165
21
0.5842950393700788
0
LINE
8
BLACK
6
CONTINUOUS
10
0.8997438582677165
20
0.5842950393700788
11
0.8977340157480315
21
0.5896836614173229
0
LINE
8
BLACK
6
CONTINUOUS
10
0.8977340157480315
20
0.5896836614173229
11
0.8977340157480315
21
0.5896837007874015
0
LINE
8
BLACK
6
CONTINUOUS
10
0.8977340157480315
20
0.5896837007874015
11
0.8942875590551181
21
0.5942875984251969
0
LINE
8
BLACK
6
CONTINUOUS
10
0.8942875590551181
20
0.5942875984251969
11
0.8919615354330709
21
0.5960288188976378
0
LINE
8
BLACK
6
CONTINUOUS
10
0.8919615354330709
20
0.5960288188976378
11
0.8902864566929134
21
0.5982664566929133
0
LINE
8
BLACK
6
CONTINUOUS
10
0.8902864566929134
20
0.5982664566929133
11
0.8900870866141732
21
0.6010544488188976
0
LINE
8
BLACK
6
CONTINUOUS
10
0.8900870866141732
20
0.6010544488188976
11
0.8914266535433071
21
0.603507716535433
0
LINE
8
BLACK
6
CONTINUOUS
10
0.8914266535433071
20
0.603507716535433
11
0.8919615354330709
21
0.6039711811023621
0
LINE
8
BLACK
6
CONTINUOUS
10
0.8919615354330709
20
0.6039711811023621
11
0.8942875590551181
21
0.6057124409448819
0
LINE
8
BLACK
6
CONTINUOUS
10
0.8942875590551181
20
0.6057124409448819
11
0.8977340157480315
21
0.6103163385826772
0
LINE
8
BLACK
6
CONTINUOUS
10
0.8977340157480315
20
0.6103163385826772
11
0.8977340157480315
21
0.6103163779527558
0
LINE
8
BLACK
6
CONTINUOUS
10
0.8977340157480315
20
0.6103163779527558
11
0.8997438582677165
21
0.6157049999999999
0
LINE
8
BLACK
6
CONTINUOUS
10
0.8997438582677165
20
0.6157049999999999
11
0.8999999606299213
21
0.6180867322834646
0
LINE
8
BLACK
6
CONTINUOUS
10
0.8999999606299213
20
0.6180867322834646
11
0.9
21
0.6180872047244095
0
LINE
8
BLACK
6
CONTINUOUS
10
0.9
20
0.6180872047244095
11
0.9
21
0.64
0
LINE
8
BLACK
6
CONTINUOUS
10
0.9
20
0.64
11
0.88
21
0.64
0
LINE
8
BLACK
6
CONTINUOUS
10
0.88
20
0.64
11
0.88
21
0.62
0
LINE
8
BLACK
6
CONTINUOUS
10
0.78
20
0.64
11
0.78
21
0.62
0
LINE
8
BLACK
6
CONTINUOUS
10
0.78
20
0.62
11
0.76
21
0.62
0
LINE
8
BLACK
6
CONTINUOUS
10
0.76
20
0.62
11
0.76
21
0.58
0
LINE
8
BLACK
6
CONTINUOUS
10
0.76
20
0.58
11
0.78
21
0.58
0
LINE
8
BLACK
6
CONTINUOUS
10
0.78
20
0.58
11
0.78
21
0.5599999999999999
0
LINE
8
BLACK
6
CONTINUOUS
10
0.78
20
0.5599999999999999
11
0.82
21
0.5599999999999999
0
LINE
8
BLACK
6
CONTINUOUS
10
0.82
20
0.5599999999999999
11
0.82
21
0.58
0
LINE
8
BLACK
6
CONTINUOUS
10
0.82
20
0.58
11
0.84
21
0.58
0
LINE
8
BLACK
6
CONTINUOUS
10
0.84
20
0.58
11
0.84
21
0.62
0
LINE
8
BLACK
6
CONTINUOUS
10
0.84
20
0.62
11
0.82
21
0.62
0
LINE
8
BLACK
6
CONTINUOUS
10
0.82
20
0.62
11
0.82
21
0.64
0
LINE
8
BLACK
6
CONTINUOUS
10
0.82
20
0.64
11
0.78
21
0.64
0
LINE
8
BLACK
6
CONTINUOUS
10
0.7
20
0.64
11
0.7
21
0.6180867322834646
0
LINE
8
BLACK
6
CONTINUOUS
10
0.7
20
0.6180867322834646
11
0.7002561023622047
21
0.6157049999999999
0
LINE
8
BLACK
6
CONTINUOUS
10
0.7002561023622047
20
0.6157049999999999
11
0.7022659448818898
21
0.6103163779527558
0
LINE
8
BLACK
6
CONTINUOUS
10
0.7022659448818898
20
0.6103163779527558
11
0.7022659448818898
21
0.6103163385826772
0
LINE
8
BLACK
6
CONTINUOUS
10
0.7022659448818898
20
0.6103163385826772
11
0.7057123622047244
21
0.6057125196850394
0
LINE
8
BLACK
6
CONTINUOUS
10
0.7057123622047244
20
0.6057125196850394
11
0.7080384645669291
21
0.6039711811023621
0
LINE
8
BLACK
6
CONTINUOUS
10
0.7080384645669291
20
0.6039711811023621
11
0.7097135039370078
21
0.6017335039370079
0
LINE
8
BLACK
6
CONTINUOUS
10
0.7097135039370078
20
0.6017335039370079
11
0.709912874015748
21
0.5989455118110236
0
LINE
8
BLACK
6
CONTINUOUS
10
0.709912874015748
20
0.5989455118110236
11
0.7085733070866141
21
0.596492283464567
0
LINE
8
BLACK
6
CONTINUOUS
10
0.7085733070866141
20
0.596492283464567
11
0.7080384645669291
21
0.5960288188976378
0
LINE
8
BLACK
6
CONTINUOUS
10
0.7080384645669291
20
0.5960288188976378
11
0.7057123622047244
21
0.5942875196850393
0
LINE
8
BLACK
6
CONTINUOUS
10
0.7057123622047244
20
0.5942875196850393
11
0.7022659448818898
21
0.5896837007874015
0
LINE
8
BLACK
6
CONTINUOUS
10
0.7022659448818898
20
0.5896837007874015
11
0.7022659448818898
21
0.5896836614173229
0
LINE
8
BLACK
6
CONTINUOUS
10
0.7022659448818898
20
0.5896836614173229
11
0.7002561023622047
21
0.5842950393700788
0
LINE
8
BLACK
6
CONTINUOUS
10
0.7002561023622047
20
0.5842950393700788
11
0.7
21
0.5819133070866142
0
LINE
8
BLACK
6
CONTINUOUS
10
0.7
20
0.5819133070866142
11
0.7
21
0.5599999999999999
0
LINE
8
BLACK
6
CONTINUOUS
10
0.7
20
0.5599999999999999
11
0.72
21
0.5599999999999999
0
LINE
8
BLACK
6
CONTINUOUS
10
0.72
20
0.5599999999999999
11
0.72
21
0.58
0
LINE
8
BLACK
6
CONTINUOUS
10
0.72
20
0.58
11
0.74
21
0.58
0
LINE
8
BLACK
6
CONTINUOUS
10
0.74
20
0.58
11
0.74
21
0.62
0
LINE
8
BLACK
6
CONTINUOUS
10
0.74
20
0.62
11
0.72
21
0.62
0
LINE
8
BLACK
6
CONTINUOUS
10
0.72
20
0.62
11
0.72
21
0.64
0
LINE
8
BLACK
6
CONTINUOUS
10
0.72
20
0.64
11
0.7
21
0.64
0
LINE
8
BLACK
6
CONTINUOUS
10
-0.0722294094488189
20
0.6546825196850393
11
-0.0796605118110236
21
0.6508961811023621
0
LINE
8
BLACK
6
CONTINUOUS
10
-0.0796605118110236
20
0.6508961811023621
11
-0.0875924803149606
21
0.648318937007874
0
LINE
8
BLACK
6
CONTINUOUS
10
-0.0875924803149606
20
0.648318937007874
11
-0.0958299212598425
21
0.6470142519685039
0
LINE
8
BLACK
6
CONTINUOUS
10
-0.0958299212598425
20
0.6470142519685039
11
-0.1041700787401575
21
0.6470142519685039
0
LINE
8
BLACK
6
CONTINUOUS
10
-0.1041700787401575
20
0.6470142519685039
11
-0.1124075196850394
21
0.648318937007874
0
LINE
8
BLACK
6
CONTINUOUS
10
-0.1124075196850394
20
0.648318937007874
11
-0.1203394881889764
21
0.6508961811023621
0
LINE
8
BLACK
6
CONTINUOUS
10
-0.1203394881889764
20
0.6508961811023621
11
-0.1277705905511811
21
0.6546825196850393
0
LINE
8
BLACK
6
CONTINUOUS
10
-0.1277705905511811
20
0.6546825196850393
11
-0.1297426771653543
21
0.6561153149606299
0
LINE
8
BLACK
6
CONTINUOUS
10
-0.1297426771653543
20
0.6561153149606299
11
-0.1441689763779528
21
0.6416889763779527
0
LINE
8
BLACK
6
CONTINUOUS
10
-0.1441689763779528
20
0.6416889763779527
11
-0.1441689763779528
21
0.641688937007874
0
LINE
8
BLACK
6
CONTINUOUS
10
-0.1441689763779528
20
0.641688937007874
11
-0.140727125984252
21
0.6390479133858268
0
LINE
8
BLACK
6
CONTINUOUS
10
-0.140727125984252
20
0.6390479133858268
11
-0.1407268503937008
21
0.639047716535433
0
LINE
8
BLACK
6
CONTINUOUS
10
-0.1407268503937008
20
0.639047716535433
11
-0.1324231889763779
21
0.6342536220472441
0
LINE
8
BLACK
6
CONTINUOUS
10
-0.1324231889763779
20
0.6342536220472441
11
-0.1324227559055118
21
0.6342533858267716
0
LINE
8
BLACK
6
CONTINUOUS
10
-0.1324227559055118
20
0.6342533858267716
11
-0.1235636220472441
21
0.6305838188976378
0
LINE
8
BLACK
6
CONTINUOUS
10
-0.1235636220472441
20
0.6305838188976378
11
-0.1143011811023622
21
0.628101968503937
0
LINE
8
BLACK
6
CONTINUOUS
10
-0.1143011811023622
20
0.628101968503937
11
-0.1047946062992126
21
0.6268504330708661
0
LINE
8
BLACK
6
CONTINUOUS
10
-0.1047946062992126
20
0.6268504330708661
11
-0.1047942125984252
21
0.6268503937007874
0
LINE
8
BLACK
6
CONTINUOUS
10
-0.1047942125984252
20
0.6268503937007874
11
-0.0952057874015748
21
0.6268503937007874
0
LINE
8
BLACK
6
CONTINUOUS
10
-0.0952057874015748
20
0.6268503937007874
11
-0.0952054330708661
21
0.6268504330708661
0
LINE
8
BLACK
6
CONTINUOUS
10
-0.0952054330708661
20
0.6268504330708661
11
-0.0856988582677165
21
0.628101968503937
0
LINE
8
BLACK
6
CONTINUOUS
10
-0.0856988582677165
20
0.628101968503937
11
-0.0764364173228346
21
0.6305838188976378
0
LINE
8
BLACK
6
CONTINUOUS
10
-0.0764364173228346
20
0.6305838188976378
11
-0.0675772834645669
21
0.6342533858267716
0
LINE
8
BLACK
6
CONTINUOUS
10
-0.0675772834645669
20
0.6342533858267716
11
-0.0675768503937008
21
0.6342536220472441
0
LINE
8
BLACK
6
CONTINUOUS
10
-0.0675768503937008
20
0.6342536220472441
11
-0.0592732283464567
21
0.639047716535433
0
LINE
8
BLACK
6
CONTINUOUS
10
-0.0592732283464567
20
0.639047716535433
11
-0.0558311023622047
21
0.6416889763779527
0
LINE
8
BLACK
6
CONTINUOUS
10
-0.0558311023622047
20
0.6416889763779527
11
-0.0702574015748031
21
0.6561153149606299
0
LINE
8
BLACK
6
CONTINUOUS
10
-0.0702574015748031
20
0.6561153149606299
11
-0.0722294094488189
21
0.6546825196850393
0
LINE
8
BLACK
6
CONTINUOUS
10
0.1277705905511811
20
0.6546825196850393
11
0.1203394881889764
21
0.6508961811023621
0
LINE
8
BLACK
6
CONTINUOUS
10
0.1203394881889764
20
0.6508961811023621
11
0.1124075196850394
21
0.648318937007874
0
LINE
8
BLACK
6
CONTINUOUS
10
0.1124075196850394
20
0.648318937007874
11
0.1041700787401575
21
0.6470142519685039
0
LINE
8
BLACK
6
CONTINUOUS
10
0.1041700787401575
20
0.6470142519685039
11
0.0958299212598425
21
0.6470142519685039
0
LINE
8
BLACK
6
CONTINUOUS
10
0.0958299212598425
20
0.6470142519685039
11
0.0875924803149606
21
0.648318937007874
0
LINE
8
BLACK
6
CONTINUOUS
10
0.0875924803149606
20
0.648318937007874
11
0.0796605118110236
21
0.6508961811023621
0
LINE
8
BLACK
6
CONTINUOUS
10
0.0796605118110236
20
0.6508961811023621
11
0.0722294094488189
21
0.6546825196850393
0
LINE
8
BLACK
6
CONTINUOUS
10
0.0722294094488189
20
0.6546825196850393
11
0.0702573228346457
21
0.6561153149606299
0
LINE
8
BLACK
6
CONTINUOUS
10
0.0702573228346457
20
0.6561153149606299
11
0.0558310236220472
21
0.6416889763779527
0
LINE
8
BLACK
6
CONTINUOUS
10
0.0558310236220472
20
0.6416889763779527
11
0.0558310236220472
21
0.641688937007874
0
LINE
8
BLACK
6
CONTINUOUS
10
0.0558310236220472
20
0.641688937007874
11
0.059272874015748
21
0.6390479133858268
0
LINE
8
BLACK
6
CONTINUOUS
10
0.059272874015748
20
0.6390479133858268
11
0.0592731496062992
21
0.639047716535433
0
LINE
8
BLACK
6
CONTINUOUS
10
0.0592731496062992
20
0.639047716535433
11
0.067576811023622
21
0.6342536220472441
0
LINE
8
BLACK
6
CONTINUOUS
10
0.067576811023622
20
0.6342536220472441
11
0.0675772440944882
21
0.6342533858267716
0
LINE
8
BLACK
6
CONTINUOUS
10
0.0675772440944882
20
0.6342533858267716
11
0.0764363779527559
21
0.6305838188976378
0
LINE
8
BLACK
6
CONTINUOUS
10
0.0764363779527559
20
0.6305838188976378
11
0.0856988188976378
21
0.628101968503937
0
LINE
8
BLACK
6
CONTINUOUS
10
0.0856988188976378
20
0.628101968503937
11
0.0952053937007874
21
0.6268504330708661
0
LINE
8
BLACK
6
CONTINUOUS
10
0.0952053937007874
20
0.6268504330708661
11
0.0952057874015748
21
0.6268503937007874
0
LINE
8
BLACK
6
CONTINUOUS
10
0.0952057874015748
20
0.6268503937007874
11
0.1047942125984252
21
0.6268503937007874
0
LINE
8
BLACK
6
CONTINUOUS
10
0.1047942125984252
20
0.6268503937007874
11
0.1047945669291339
21
0.6268504330708661
0
LINE
8
BLACK
6
CONTINUOUS
10
0.1047945669291339
20
0.6268504330708661
11
0.1143011417322835
21
0.628101968503937
0
LINE
8
BLACK
6
CONTINUOUS
10
0.1143011417322835
20
0.628101968503937
11
0.1235635826771654
21
0.6305838188976378
0
LINE
8
BLACK
6
CONTINUOUS
10
0.1235635826771654
20
0.6305838188976378
11
0.1324227165354331
21
0.6342533858267716
0
LINE
8
BLACK
6
CONTINUOUS
10
0.1324227165354331
20
0.6342533858267716
11
0.1324231496062992
21
0.6342536220472441
0
LINE
8
BLACK
6
CONTINUOUS
10
0.1324231496062992
20
0.6342536220472441
11
0.1407267716535433
21
0.639047716535433
0
LINE
8
BLACK
6
CONTINUOUS
10
0.1407267716535433
20
0.639047716535433
11
0.1441688976377953
21
0.6416889763779527
0
LINE
8
BLACK
6
CONTINUOUS
10
0.1441688976377953
20
0.6416889763779527
11
0.1297425984251968
21
0.6561153149606299
0
LINE
8
BLACK
6
CONTINUOUS
10
0.1297425984251968
20
0.6561153149606299
11
0.1277705905511811
21
0.6546825196850393
0
LINE
8
BLACK
6
CONTINUOUS
10
-0.1609523228346457
20
0.7407268503937008
11
-0.1657464173228347
21
0.7324231889763779
0
LINE
8
BLACK
6
CONTINUOUS
10
-0.1657464173228347
20
0.7324231889763779
11
-0.1657466535433071
21
0.7324227559055118
0
LINE
8
BLACK
6
CONTINUOUS
10
-0.1657466535433071
20
0.7324227559055118
11
-0.169416220472441
21
0.7235636220472441
0
LINE
8
BLACK
6
CONTINUOUS
10
-0.169416220472441
20
0.7235636220472441
11
-0.1718980708661417
21
0.7143011811023622
0
LINE
8
BLACK
6
CONTINUOUS
10
-0.1718980708661417
20
0.7143011811023622
11
-0.1731496062992126
21
0.7047946062992125
0
LINE
8
BLACK
6
CONTINUOUS
10
-0.1731496062992126
20
0.7047946062992125
11
-0.1731496062992126
21
0.6952054330708661
0
LINE
8
BLACK
6
CONTINUOUS
10
-0.1731496062992126
20
0.6952054330708661
11
-0.1718980708661417
21
0.6856988582677165
0
LINE
8
BLACK
6
CONTINUOUS
10
-0.1718980708661417
20
0.6856988582677165
11
-0.169416220472441
21
0.6764364173228347
0
LINE
8
BLACK
6
CONTINUOUS
10
-0.169416220472441
20
0.6764364173228347
11
-0.1657466535433071
21
0.6675772834645669
0
LINE
8
BLACK
6
CONTINUOUS
10
-0.1657466535433071
20
0.6675772834645669
11
-0.1657464173228347
21
0.6675768503937007
0
LINE
8
BLACK
6
CONTINUOUS
10
-0.1657464173228347
20
0.6675768503937007
11
-0.1609523228346457
21
0.659273188976378
0
LINE
8
BLACK
6
CONTINUOUS
10
-0.1609523228346457
20
0.659273188976378
11
-0.1609521653543307
21
0.6592729527559055
0
LINE
8
BLACK
6
CONTINUOUS
10
-0.1609521653543307
20
0.6592729527559055
11
-0.1583111417322835
21
0.6558311417322834
0
LINE
8
BLACK
6
CONTINUOUS
10
-0.1583111417322835
20
0.6558311417322834
11
-0.158311062992126
21
0.6558311023622047
0
LINE
8
BLACK
6
CONTINUOUS
10
-0.158311062992126
20
0.6558311023622047
11
-0.1438847637795276
21
0.6702574409448818
0
LINE
8
BLACK
6
CONTINUOUS
10
-0.1438847637795276
20
0.6702574409448818
11
-0.1453174803149606
21
0.6722294094488189
0
LINE
8
BLACK
6
CONTINUOUS
10
-0.1453174803149606
20
0.6722294094488189
11
-0.1491038188976378
21
0.6796605118110236
0
LINE
8
BLACK
6
CONTINUOUS
10
-0.1491038188976378
20
0.6796605118110236
11
-0.151681062992126
21
0.6875924803149606
0
LINE
8
BLACK
6
CONTINUOUS
10
-0.151681062992126
20
0.6875924803149606
11
-0.1529857480314961
21
0.6958299212598426
0
LINE
8
BLACK
6
CONTINUOUS
10
-0.1529857480314961
20
0.6958299212598426
11
-0.1529857480314961
21
0.7041700787401575
0
LINE
8
BLACK
6
CONTINUOUS
10
-0.1529857480314961
20
0.7041700787401575
11
-0.151681062992126
21
0.7124075196850393
0
LINE
8
BLACK
6
CONTINUOUS
10
-0.151681062992126
20
0.7124075196850393
11
-0.1491038188976378
21
0.7203394881889763
0
LINE
8
BLACK
6
CONTINUOUS
10
-0.1491038188976378
20
0.7203394881889763
11
-0.1453174803149606
21
0.7277705905511811
0
LINE
8
BLACK
6
CONTINUOUS
10
-0.1453174803149606
20
0.7277705905511811
11
-0.1438847637795276
21
0.7297426377952756
0
LINE
8
BLACK
6
CONTINUOUS
10
-0.1438847637795276
20
0.7297426377952756
11
-0.1583111023622047
21
0.7441689763779528
0
LINE
8
BLACK
6
CONTINUOUS
10
-0.1583111023622047
20
0.7441689763779528
11
-0.1609523228346457
21
0.7407268503937008
0
LINE
8
BLACK
6
CONTINUOUS
10
0.1438846850393701
20
0.7297426771653543
11
0.1453174803149606
21
0.7277705905511811
0
LINE
8
BLACK
6
CONTINUOUS
10
0.1453174803149606
20
0.7277705905511811
11
0.1491038188976378
21
0.7203394881889763
0
LINE
8
BLACK
6
CONTINUOUS
10
0.1491038188976378
20
0.7203394881889763
11
0.151681062992126
21
0.7124075196850393
0
LINE
8
BLACK
6
CONTINUOUS
10
0.151681062992126
20
0.7124075196850393
11
0.1529857480314961
21
0.7041700787401575
0
LINE
8
BLACK
6
CONTINUOUS
10
0.1529857480314961
20
0.7041700787401575
11
0.1529857480314961
21
0.6958299212598426
0
LINE
8
BLACK
6
CONTINUOUS
10
0.1529857480314961
20
0.6958299212598426
11
0.151681062992126
21
0.6875924803149606
0
LINE
8
BLACK
6
CONTINUOUS
10
0.151681062992126
20
0.6875924803149606
11
0.1491038188976378
21
0.6796605118110236
0
LINE
8
BLACK
6
CONTINUOUS
10
0.1491038188976378
20
0.6796605118110236
11
0.1453174803149606
21
0.6722294094488189
0
LINE
8
BLACK
6
CONTINUOUS
10
0.1453174803149606
20
0.6722294094488189
11
0.1438847244094488
21
0.6702574015748032
0
LINE
8
BLACK
6
CONTINUOUS
10
0.1438847244094488
20
0.6702574015748032
11
0.1583110236220472
21
0.6558311023622047
0
LINE
8
BLACK
6
CONTINUOUS
10
0.1583110236220472
20
0.6558311023622047
11
0.1609522834645669
21
0.6592732283464566
0
LINE
8
BLACK
6
CONTINUOUS
10
0.1609522834645669
20
0.6592732283464566
11
0.1657463779527559
21
0.6675768503937007
0
LINE
8
BLACK
6
CONTINUOUS
10
0.1657463779527559
20
0.6675768503937007
11
0.1657466141732283
21
0.6675772834645669
0
LINE
8
BLACK
6
CONTINUOUS
10
0.1657466141732283
20
0.6675772834645669
11
0.1694161811023622
21
0.6764364173228347
0
LINE
8
BLACK
6
CONTINUOUS
10
0.1694161811023622
20
0.6764364173228347
11
0.171898031496063
21
0.6856988582677165
0
LINE
8
BLACK
6
CONTINUOUS
10
0.171898031496063
20
0.6856988582677165
11
0.1731495669291339
21
0.6952054330708661
0
LINE
8
BLACK
6
CONTINUOUS
10
0.1731495669291339
20
0.6952054330708661
11
0.1731496062992126
21
0.6952057874015748
0
LINE
8
BLACK
6
CONTINUOUS
10
0.1731496062992126
20
0.6952057874015748
11
0.1731496062992126
21
0.7047942125984252
0
LINE
8
BLACK
6
CONTINUOUS
10
0.1731496062992126
20
0.7047942125984252
11
0.1731495669291339
21
0.7047946062992125
0
LINE
8
BLACK
6
CONTINUOUS
10
0.1731495669291339
20
0.7047946062992125
11
0.171898031496063
21
0.7143011811023622
0
LINE
8
BLACK
6
CONTINUOUS
10
0.171898031496063
20
0.7143011811023622
11
0.1694161811023622
21
0.7235636220472441
0
LINE
8
BLACK
6
CONTINUOUS
10
0.1694161811023622
20
0.7235636220472441
11
0.1657466141732283
21
0.7324227559055118
0
LINE
8
BLACK
6
CONTINUOUS
10
0.1657466141732283
20
0.7324227559055118
11
0.1657463779527559
21
0.7324231889763779
0
LINE
8
BLACK
6
CONTINUOUS
10
0.1657463779527559
20
0.7324231889763779
11
0.1609522834645669
21
0.7407268503937008
0
LINE
8
BLACK
6
CONTINUOUS
10
0.1609522834645669
20
0.7407268503937008
11
0.1609520866141732
21
0.7407271259842519
0
LINE
8
BLACK
6
CONTINUOUS
10
0.1609520866141732
20
0.7407271259842519
11
0.1583110236220472
21
0.7441689763779528
0
LINE
8
BLACK
6
CONTINUOUS
10
0.1583110236220472
20
0.7441689763779528
11
0.1438846850393701
21
0.7297426771653543
0
LINE
8
BLACK
6
CONTINUOUS
10
0.51
20
0.73
11
0.53
21
0.73
0
LINE
8
BLACK
6
CONTINUOUS
10
0.53
20
0.73
11
0.53
21
0.71
0
LINE
8
BLACK
6
CONTINUOUS
10
0.53
20
0.71
11
0.5499999999999999
21
0.71
0
LINE
8
BLACK
6
CONTINUOUS
10
0.5499999999999999
20
0.71
11
0.5499999999999999
21
0.7319128346456693
0
LINE
8
BLACK
6
CONTINUOUS
10
0.5499999999999999
20
0.7319128346456693
11
0.5499999606299213
21
0.7319133070866142
0
LINE
8
BLACK
6
CONTINUOUS
10
0.5499999606299213
20
0.7319133070866142
11
0.5497438582677165
21
0.7342950393700787
0
LINE
8
BLACK
6
CONTINUOUS
10
0.5497438582677165
20
0.7342950393700787
11
0.5477340157480315
21
0.7396836614173228
0
LINE
8
BLACK
6
CONTINUOUS
10
0.5477340157480315
20
0.7396836614173228
11
0.5477340157480315
21
0.7396837007874015
0
LINE
8
BLACK
6
CONTINUOUS
10
0.5477340157480315
20
0.7396837007874015
11
0.5442875590551181
21
0.7442875984251969
0
LINE
8
BLACK
6
CONTINUOUS
10
0.5442875590551181
20
0.7442875984251969
11
0.5396836614173228
21
0.7477340551181102
0
LINE
8
BLACK
6
CONTINUOUS
10
0.5396836614173228
20
0.7477340551181102
11
0.534295
21
0.7497438976377953
0
LINE
8
BLACK
6
CONTINUOUS
10
0.534295
20
0.7497438976377953
11
0.5319132677165355
21
0.75
0
LINE
8
BLACK
6
CONTINUOUS
10
0.5319132677165355
20
0.75
11
0.51
21
0.75
0
LINE
8
BLACK
6
CONTINUOUS
10
0.51
20
0.75
11
0.51
21
0.73
0
LINE
8
BLACK
6
CONTINUOUS
10
0.3657049606299212
20
0.7497438976377953
11
0.3603163385826771
21
0.7477340551181102
0
LINE
8
BLACK
6
CONTINUOUS
10
0.3603163385826771
20
0.7477340551181102
11
0.3603162992125984
21
0.7477340551181102
0
LINE
8
BLACK
6
CONTINUOUS
10
0.3603162992125984
20
0.7477340551181102
11
0.3557124015748032
21
0.7442875984251969
0
LINE
8
BLACK
6
CONTINUOUS
10
0.3557124015748032
20
0.7442875984251969
11
0.3522659448818898
21
0.7396837007874015
0
LINE
8
BLACK
6
CONTINUOUS
10
0.3522659448818898
20
0.7396837007874015
11
0.3522659448818898
21
0.7396836614173228
0
LINE
8
BLACK
6
CONTINUOUS
10
0.3522659448818898
20
0.7396836614173228
11
0.3502561023622047
21
0.7342950393700787
0
LINE
8
BLACK
6
CONTINUOUS
10
0.3502561023622047
20
0.7342950393700787
11
0.35
21
0.7319133070866142
0
LINE
8
BLACK
6
CONTINUOUS
10
0.35
20
0.7319133070866142
11
0.35
21
0.71
0
LINE
8
BLACK
6
CONTINUOUS
10
0.35
20
0.71
11
0.37
21
0.71
0
LINE
8
BLACK
6
CONTINUOUS
10
0.37
20
0.71
11
0.37
21
0.73
0
LINE
8
BLACK
6
CONTINUOUS
10
0.37
20
0.73
11
0.39
21
0.73
0
LINE
8
BLACK
6
CONTINUOUS
10
0.39
20
0.73
11
0.39
21
0.75
0
LINE
8
BLACK
6
CONTINUOUS
10
0.39
20
0.75
11
0.3680866929133858
21
0.75
0
LINE
8
BLACK
6
CONTINUOUS
10
0.3680866929133858
20
0.75
11
0.3657049606299212
21
0.7497438976377953
0
LINE
8
BLACK
6
CONTINUOUS
10
0.2329133858267717
20
0.7893103937007874
11
0.233330905511811
21
0.7852237007874016
0
LINE
8
BLACK
6
CONTINUOUS
10
0.233330905511811
20
0.7852237007874016
11
0.2333309448818898
21
0.7852235826771653
0
LINE
8
BLACK
6
CONTINUOUS
10
0.2333309448818898
20
0.7852235826771653
11
0.2355252755905512
21
0.7786013779527559
0
LINE
8
BLACK
6
CONTINUOUS
10
0.2355252755905512
20
0.7786013779527559
11
0.2391875984251969
21
0.7726638188976378
0
LINE
8
BLACK
6
CONTINUOUS
10
0.2391875984251969
20
0.7726638188976378
11
0.2391877952755906
21
0.7726635826771653
0
LINE
8
BLACK
6
CONTINUOUS
10
0.2391877952755906
20
0.7726635826771653
11
0.2441202362204724
21
0.7677311417322834
0
LINE
8
BLACK
6
CONTINUOUS
10
0.2441202362204724
20
0.7677311417322834
11
0.2441204724409449
21
0.7677309448818898
0
LINE
8
BLACK
6
CONTINUOUS
10
0.2441204724409449
20
0.7677309448818898
11
0.250058031496063
21
0.7640686220472441
0
LINE
8
BLACK
6
CONTINUOUS
10
0.250058031496063
20
0.7640686220472441
11
0.2566802362204724
21
0.7618742913385826
0
LINE
8
BLACK
6
CONTINUOUS
10
0.2566802362204724
20
0.7618742913385826
11
0.2566803543307087
21
0.7618742519685039
0
LINE
8
BLACK
6
CONTINUOUS
10
0.2566803543307087
20
0.7618742519685039
11
0.2607670472440945
21
0.7614567322834646
0
LINE
8
BLACK
6
CONTINUOUS
10
0.2607670472440945
20
0.7614567322834646
11
0.2607670472440945
21
0.7614566929133858
0
LINE
8
BLACK
6
CONTINUOUS
10
0.2607670472440945
20
0.7614566929133858
11
0.2625984251968504
21
0.7614566929133858
0
LINE
8
BLACK
6
CONTINUOUS
10
0.2625984251968504
20
0.7614566929133858
11
0.2625984251968504
21
0.7814880314960629
0
LINE
8
BLACK
6
CONTINUOUS
10
0.2625984251968504
20
0.7814880314960629
11
0.2589893307086614
21
0.782205905511811
0
LINE
8
BLACK
6
CONTINUOUS
10
0.2589893307086614
20
0.782205905511811
11
0.2557961811023622
21
0.7843394881889764
0
LINE
8
BLACK
6
CONTINUOUS
10
0.2557961811023622
20
0.7843394881889764
11
0.2536625984251968
21
0.7875326377952756
0
LINE
8
BLACK
6
CONTINUOUS
10
0.2536625984251968
20
0.7875326377952756
11
0.2529133858267716
21
0.7912992125984252
0
LINE
8
BLACK
6
CONTINUOUS
10
0.2529133858267716
20
0.7912992125984252
11
0.2529133858267716
21
0.7999999999999999
0
LINE
8
BLACK
6
CONTINUOUS
10
0.2529133858267716
20
0.7999999999999999
11
0.2329133858267717
21
0.7999999999999999
0
LINE
8
BLACK
6
CONTINUOUS
10
0.2329133858267717
20
0.7999999999999999
11
0.2329133858267717
21
0.7893103937007874
0
LINE
8
BLACK
6
CONTINUOUS
10
-0.1143011811023622
20
0.9718980708661417
11
-0.1235636220472441
21
0.9694162204724409
0
LINE
8
BLACK
6
CONTINUOUS
10
-0.1235636220472441
20
0.9694162204724409
11
-0.1324227559055118
21
0.965746653543307
0
LINE
8
BLACK
6
CONTINUOUS
10
-0.1324227559055118
20
0.965746653543307
11
-0.1324231889763779
21
0.9657464173228346
0
LINE
8
BLACK
6
CONTINUOUS
10
-0.1324231889763779
20
0.9657464173228346
11
-0.1407268503937008
21
0.9609523228346456
0
LINE
8
BLACK
6
CONTINUOUS
10
-0.1407268503937008
20
0.9609523228346456
11
-0.1441689763779528
21
0.9583111023622047
0
LINE
8
BLACK
6
CONTINUOUS
10
-0.1441689763779528
20
0.9583111023622047
11
-0.1297426377952756
21
0.9438847637795276
0
LINE
8
BLACK
6
CONTINUOUS
10
-0.1297426377952756
20
0.9438847637795276
11
-0.1277705905511811
21
0.9453174803149607
0
LINE
8
BLACK
6
CONTINUOUS
10
-0.1277705905511811
20
0.9453174803149607
11
-0.1203394881889764
21
0.9491038188976377
0
LINE
8
BLACK
6
CONTINUOUS
10
-0.1203394881889764
20
0.9491038188976377
11
-0.1124075196850394
21
0.951681062992126
0
LINE
8
BLACK
6
CONTINUOUS
10
-0.1124075196850394
20
0.951681062992126
11
-0.1041700787401575
21
0.952985748031496
0
LINE
8
BLACK
6
CONTINUOUS
10
-0.1041700787401575
20
0.952985748031496
11
-0.0958299212598425
21
0.952985748031496
0
LINE
8
BLACK
6
CONTINUOUS
10
-0.0958299212598425
20
0.952985748031496
11
-0.0875924803149606
21
0.951681062992126
0
LINE
8
BLACK
6
CONTINUOUS
10
-0.0875924803149606
20
0.951681062992126
11
-0.0796605118110236
21
0.9491038188976377
0
LINE
8
BLACK
6
CONTINUOUS
10
-0.0796605118110236
20
0.9491038188976377
11
-0.0722294094488189
21
0.9453174803149607
0
LINE
8
BLACK
6
CONTINUOUS
10
-0.0722294094488189
20
0.9453174803149607
11
-0.0702574409448819
21
0.9438847637795276
0
LINE
8
BLACK
6
CONTINUOUS
10
-0.0702574409448819
20
0.9438847637795276
11
-0.0558311023622047
21
0.958311062992126
0
LINE
8
BLACK
6
CONTINUOUS
10
-0.0558311023622047
20
0.958311062992126
11
-0.0558311417322835
21
0.9583111417322835
0
LINE
8
BLACK
6
CONTINUOUS
10
-0.0558311417322835
20
0.9583111417322835
11
-0.0592729527559055
21
0.9609521653543307
0
LINE
8
BLACK
6
CONTINUOUS
10
-0.0592729527559055
20
0.9609521653543307
11
-0.0592731889763779
21
0.9609523228346456
0
LINE
8
BLACK
6
CONTINUOUS
10
-0.0592731889763779
20
0.9609523228346456
11
-0.0675768503937008
21
0.9657464173228346
0
LINE
8
BLACK
6
CONTINUOUS
10
-0.0675768503937008
20
0.9657464173228346
11
-0.0675772834645669
21
0.965746653543307
0
LINE
8
BLACK
6
CONTINUOUS
10
-0.0675772834645669
20
0.965746653543307
11
-0.0764364173228346
21
0.9694162204724409
0
LINE
8
BLACK
6
CONTINUOUS
10
-0.0764364173228346
20
0.9694162204724409
11
-0.0856988582677165
21
0.9718980708661417
0
LINE
8
BLACK
6
CONTINUOUS
10
-0.0856988582677165
20
0.9718980708661417
11
-0.0952054330708661
21
0.9731496062992125
0
LINE
8
BLACK
6
CONTINUOUS
10
-0.0952054330708661
20
0.9731496062992125
11
-0.1047946062992126
21
0.9731496062992125
0
LINE
8
BLACK
6
CONTINUOUS
10
-0.1047946062992126
20
0.9731496062992125
11
-0.1143011811023622
21
0.9718980708661417
0
LINE
8
BLACK
6
CONTINUOUS
10
0.0856988188976378
20
0.9718980708661417
11
0.0764363779527559
21
0.9694162204724409
0
LINE
8
BLACK
6
CONTINUOUS
10
0.0764363779527559
20
0.9694162204724409
11
0.0675772440944882
21
0.965746653543307
0
LINE
8
BLACK
6
CONTINUOUS
10
0.0675772440944882
20
0.965746653543307
11
0.067576811023622
21
0.9657464173228346
0
LINE
8
BLACK
6
CONTINUOUS
10
0.067576811023622
20
0.9657464173228346
11
0.0592731496062992
21
0.9609523228346456
0
LINE
8
BLACK
6
CONTINUOUS
10
0.0592731496062992
20
0.9609523228346456
11
0.0558310236220472
21
0.9583111023622047
0
LINE
8
BLACK
6
CONTINUOUS
10
0.0558310236220472
20
0.9583111023622047
11
0.0702573622047244
21
0.9438847637795276
0
LINE
8
BLACK
6
CONTINUOUS
10
0.0702573622047244
20
0.9438847637795276
11
0.0722294094488189
21
0.9453174803149607
0
LINE
8
BLACK
6
CONTINUOUS
10
0.0722294094488189
20
0.9453174803149607
11
0.0796605118110236
21
0.9491038188976377
0
LINE
8
BLACK
6
CONTINUOUS
10
0.0796605118110236
20
0.9491038188976377
11
0.0875924803149606
21
0.951681062992126
0
LINE
8
BLACK
6
CONTINUOUS
10
0.0875924803149606
20
0.951681062992126
11
0.0958299212598425
21
0.952985748031496
0
LINE
8
BLACK
6
CONTINUOUS
10
0.0958299212598425
20
0.952985748031496
11
0.1041700787401575
21
0.952985748031496
0
LINE
8
BLACK
6
CONTINUOUS
10
0.1041700787401575
20
0.952985748031496
11
0.1124075196850394
21
0.951681062992126
0
LINE
8
BLACK
6
CONTINUOUS
10
0.1124075196850394
20
0.951681062992126
11
0.1203394881889764
21
0.9491038188976377
0
LINE
8
BLACK
6
CONTINUOUS
10
0.1203394881889764
20
0.9491038188976377
11
0.1277705905511811
21
0.9453174803149607
0
LINE
8
BLACK
6
CONTINUOUS
10
0.1277705905511811
20
0.9453174803149607
11
0.1297425590551181
21
0.9438847637795276
0
LINE
8
BLACK
6
CONTINUOUS
10
0.1297425590551181
20
0.9438847637795276
11
0.1441688976377953
21
0.958311062992126
0
LINE
8
BLACK
6
CONTINUOUS
10
0.1441688976377953
20
0.958311062992126
11
0.1441688582677165
21
0.9583111417322835
0
LINE
8
BLACK
6
CONTINUOUS
10
0.1441688582677165
20
0.9583111417322835
11
0.1407270472440945
21
0.9609521653543307
0
LINE
8
BLACK
6
CONTINUOUS
10
0.1407270472440945
20
0.9609521653543307
11
0.1407268110236221
21
0.9609523228346456
0
LINE
8
BLACK
6
CONTINUOUS
10
0.1407268110236221
20
0.9609523228346456
11
0.1324231496062992
21
0.9657464173228346
0
LINE
8
BLACK
6
CONTINUOUS
10
0.1324231496062992
20
0.9657464173228346
11
0.1324227165354331
21
0.965746653543307
0
LINE
8
BLACK
6
CONTINUOUS
10
0.1324227165354331
20
0.965746653543307
11
0.1235635826771654
21
0.9694162204724409
0
LINE
8
BLACK
6
CONTINUOUS
10
0.1235635826771654
20
0.9694162204724409
11
0.1143011417322835
21
0.9718980708661417
0
LINE
8
BLACK
6
CONTINUOUS
10
0.1143011417322835
20
0.9718980708661417
11
0.1047945669291339
21
0.9731496062992125
0
LINE
8
BLACK
6
CONTINUOUS
10
0.1047945669291339
20
0.9731496062992125
11
0.0952053937007874
21
0.9731496062992125
0
LINE
8
BLACK
6
CONTINUOUS
10
0.0952053937007874
20
0.9731496062992125
11
0.0856988188976378
21
0.9718980708661417
0
LINE
8
BLACK
6
CONTINUOUS
10
0.86
20
0.98
11
0.88
21
0.98
0
LINE
8
BLACK
6
CONTINUOUS
10
0.88
20
0.98
11
0.88
21
0.96
0
LINE
8
BLACK
6
CONTINUOUS
10
0.88
20
0.96
11
0.9
21
0.96
0
LINE
8
BLACK
6
CONTINUOUS
10
0.9
20
0.96
11
0.9
21
0.9819128346456693
0
LINE
8
BLACK
6
CONTINUOUS
10
0.9
20
0.9819128346456693
11
0.8999999606299213
21
0.9819133070866142
0
LINE
8
BLACK
6
CONTINUOUS
10
0.8999999606299213
20
0.9819133070866142
11
0.8997438582677165
21
0.9842950393700787
0
LINE
8
BLACK
6
CONTINUOUS
10
0.8997438582677165
20
0.9842950393700787
11
0.8977340157480315
21
0.9896836614173228
0
LINE
8
BLACK
6
CONTINUOUS
10
0.8977340157480315
20
0.9896836614173228
11
0.8977340157480315
21
0.9896837007874015
0
LINE
8
BLACK
6
CONTINUOUS
10
0.8977340157480315
20
0.9896837007874015
11
0.8942875590551181
21
0.9942875984251969
0
LINE
8
BLACK
6
CONTINUOUS
10
0.8942875590551181
20
0.9942875984251969
11
0.8896836614173228
21
0.9977340551181102
0
LINE
8
BLACK
6
CONTINUOUS
10
0.8896836614173228
20
0.9977340551181102
11
0.8842949999999999
21
0.9997438976377953
0
LINE
8
BLACK
6
CONTINUOUS
10
0.8842949999999999
20
0.9997438976377953
11
0.8819132677165354
21
1.
0
LINE
8
BLACK
6
CONTINUOUS
10
0.8819132677165354
20
1.
11
0.86
21
1.
0
LINE
8
BLACK
6
CONTINUOUS
10
0.86
20
1.
11
0.86
21
0.98
0
LINE
8
BLACK
6
CONTINUOUS
10
0.76
20
0.98
11
0.78
21
0.98
0
LINE
8
BLACK
6
CONTINUOUS
10
0.78
20
0.98
11
0.78
21
0.96
0
LINE
8
BLACK
6
CONTINUOUS
10
0.78
20
0.96
11
0.82
21
0.96
0
LINE
8
BLACK
6
CONTINUOUS
10
0.82
20
0.96
11
0.82
21
0.98
0
LINE
8
BLACK
6
CONTINUOUS
10
0.82
20
0.98
11
0.84
21
0.98
0
LINE
8
BLACK
6
CONTINUOUS
10
0.84
20
0.98
11
0.84
21
1.
0
LINE
8
BLACK
6
CONTINUOUS
10
0.84
20
1.
11
0.8180866929133858
21
1.
0
LINE
8
BLACK
6
CONTINUOUS
10
0.8180866929133858
20
1.
11
0.8157049606299213
21
0.9997438976377953
0
LINE
8
BLACK
6
CONTINUOUS
10
0.8157049606299213
20
0.9997438976377953
11
0.8103163385826772
21
0.9977340551181102
0
LINE
8
BLACK
6
CONTINUOUS
10
0.8103163385826772
20
0.9977340551181102
11
0.8103162992125984
21
0.9977340551181102
0
LINE
8
BLACK
6
CONTINUOUS
10
0.8103162992125984
20
0.9977340551181102
11
0.8057124803149606
21
0.9942876377952755
0
LINE
8
BLACK
6
CONTINUOUS
10
0.8057124803149606
20
0.9942876377952755
11
0.8039711811023622
21
0.9919615354330709
0
LINE
8
BLACK
6
CONTINUOUS
10
0.8039711811023622
20
0.9919615354330709
11
0.8017335039370078
21
0.9902864960629921
0
LINE
8
BLACK
6
CONTINUOUS
10
0.8017335039370078
20
0.9902864960629921
11
0.7989455118110236
21
0.990087125984252
0
LINE
8
BLACK
6
CONTINUOUS
10
0.7989455118110236
20
0.990087125984252
11
0.7964922834645669
21
0.9914266929133858
0
LINE
8
BLACK
6
CONTINUOUS
10
0.7964922834645669
20
0.9914266929133858
11
0.7960288188976378
21
0.9919615354330709
0
LINE
8
BLACK
6
CONTINUOUS
10
0.7960288188976378
20
0.9919615354330709
11
0.7942874803149607
21
0.9942876377952755
0
LINE
8
BLACK
6
CONTINUOUS
10
0.7942874803149607
20
0.9942876377952755
11
0.7896836614173228
21
0.9977340551181102
0
LINE
8
BLACK
6
CONTINUOUS
10
0.7896836614173228
20
0.9977340551181102
11
0.784295
21
0.9997438976377953
0
LINE
8
BLACK
6
CONTINUOUS
10
0.784295
20
0.9997438976377953
11
0.7819132677165355
21
1.
0
LINE
8
BLACK
6
CONTINUOUS
10
0.7819132677165355
20
1.
11
0.76
21
1.
0
LINE
8
BLACK
6
CONTINUOUS
10
0.76
20
1.
11
0.76
21
0.98
0
LINE
8
BLACK
6
CONTINUOUS
10
0.7157049606299213
20
0.9997438976377953
11
0.7103163385826772
21
0.9977340551181102
0
LINE
8
BLACK
6
CONTINUOUS
10
0.7103163385826772
20
0.9977340551181102
11
0.7103162992125984
21
0.9977340551181102
0
LINE
8
BLACK
6
CONTINUOUS
10
0.7103162992125984
20
0.9977340551181102
11
0.7057124015748031
21
0.9942875984251969
0
LINE
8
BLACK
6
CONTINUOUS
10
0.7057124015748031
20
0.9942875984251969
11
0.7022659448818898
21
0.9896837007874015
0
LINE
8
BLACK
6
CONTINUOUS
10
0.7022659448818898
20
0.9896837007874015
11
0.7022659448818898
21
0.9896836614173228
0
LINE
8
BLACK
6
CONTINUOUS
10
0.7022659448818898
20
0.9896836614173228
11
0.7002561023622047
21
0.9842950393700787
0
LINE
8
BLACK
6
CONTINUOUS
10
0.7002561023622047
20
0.9842950393700787
11
0.7
21
0.9819133070866142
0
LINE
8
BLACK
6
CONTINUOUS
10
0.7
20
0.9819133070866142
11
0.7
21
0.96
0
LINE
8
BLACK
6
CONTINUOUS
10
0.7
20
0.96
11
0.72
21
0.96
0
LINE
8
BLACK
6
CONTINUOUS
10
0.72
20
0.96
11
0.72
21
0.98
0
LINE
8
BLACK
6
CONTINUOUS
10
0.72
20
0.98
11
0.74
21
0.98
0
LINE
8
BLACK
6
CONTINUOUS
10
0.74
20
0.98
11
0.74
21
1.
0
LINE
8
BLACK
6
CONTINUOUS
10
0.74
20
1.
11
0.7180866929133858
21
1.
0
LINE
8
BLACK
6
CONTINUOUS
10
0.7180866929133858
20
1.
11
0.7157049606299213
21
0.9997438976377953
0
LINE
8
BLACK
6
CONTINUOUS
10
0.5277705905511811
20
1.0546825196850393
11
0.5203394881889764
21
1.0508961811023623
0
LINE
8
BLACK
6
CONTINUOUS
10
0.5203394881889764
20
1.0508961811023623
11
0.5124075196850394
21
1.048318937007874
0
LINE
8
BLACK
6
CONTINUOUS
10
0.5124075196850394
20
1.048318937007874
11
0.5041700787401575
21
1.047014251968504
0
LINE
8
BLACK
6
CONTINUOUS
10
0.5041700787401575
20
1.047014251968504
11
0.4958299212598425
21
1.047014251968504
0
LINE
8
BLACK
6
CONTINUOUS
10
0.4958299212598425
20
1.047014251968504
11
0.4875924803149606
21
1.048318937007874
0
LINE
8
BLACK
6
CONTINUOUS
10
0.4875924803149606
20
1.048318937007874
11
0.4796605118110236
21
1.0508961811023623
0
LINE
8
BLACK
6
CONTINUOUS
10
0.4796605118110236
20
1.0508961811023623
11
0.4722294094488189
21
1.0546825196850393
0
LINE
8
BLACK
6
CONTINUOUS
10
0.4722294094488189
20
1.0546825196850393
11
0.4702573228346457
21
1.0561153149606299
0
LINE
8
BLACK
6
CONTINUOUS
10
0.4702573228346457
20
1.0561153149606299
11
0.4558310236220472
21
1.0416889763779527
0
LINE
8
BLACK
6
CONTINUOUS
10
0.4558310236220472
20
1.0416889763779527
11
0.4558310236220472
21
1.0416889370078739
0
LINE
8
BLACK
6
CONTINUOUS
10
0.4558310236220472
20
1.0416889370078739
11
0.459272874015748
21
1.0390479133858268
0
LINE
8
BLACK
6
CONTINUOUS
10
0.459272874015748
20
1.0390479133858268
11
0.4592731496062992
21
1.039047716535433
0
LINE
8
BLACK
6
CONTINUOUS
10
0.4592731496062992
20
1.039047716535433
11
0.467576811023622
21
1.034253622047244
0
LINE
8
BLACK
6
CONTINUOUS
10
0.467576811023622
20
1.034253622047244
11
0.4675772440944882
21
1.0342533858267717
0
LINE
8
BLACK
6
CONTINUOUS
10
0.4675772440944882
20
1.0342533858267717
11
0.4764363779527559
21
1.0305838188976377
0
LINE
8
BLACK
6
CONTINUOUS
10
0.4764363779527559
20
1.0305838188976377
11
0.4856988188976378
21
1.028101968503937
0
LINE
8
BLACK
6
CONTINUOUS
10
0.4856988188976378
20
1.028101968503937
11
0.4952053937007874
21
1.0268504330708661
0
LINE
8
BLACK
6
CONTINUOUS
10
0.4952053937007874
20
1.0268504330708661
11
0.4952057874015748
21
1.0268503937007873
0
LINE
8
BLACK
6
CONTINUOUS
10
0.4952057874015748
20
1.0268503937007873
11
0.5047942125984252
21
1.0268503937007873
0
LINE
8
BLACK
6
CONTINUOUS
10
0.5047942125984252
20
1.0268503937007873
11
0.5047945669291338
21
1.0268504330708661
0
LINE
8
BLACK
6
CONTINUOUS
10
0.5047945669291338
20
1.0268504330708661
11
0.5143011417322835
21
1.028101968503937
0
LINE
8
BLACK
6
CONTINUOUS
10
0.5143011417322835
20
1.028101968503937
11
0.5235635826771653
21
1.0305838188976377
0
LINE
8
BLACK
6
CONTINUOUS
10
0.5235635826771653
20
1.0305838188976377
11
0.532422716535433
21
1.0342533858267717
0
LINE
8
BLACK
6
CONTINUOUS
10
0.532422716535433
20
1.0342533858267717
11
0.5324231496062992
21
1.034253622047244
0
LINE
8
BLACK
6
CONTINUOUS
10
0.5324231496062992
20
1.034253622047244
11
0.5407267716535433
21
1.039047716535433
0
LINE
8
BLACK
6
CONTINUOUS
10
0.5407267716535433
20
1.039047716535433
11
0.5441688976377953
21
1.0416889763779527
0
LINE
8
BLACK
6
CONTINUOUS
10
0.5441688976377953
20
1.0416889763779527
11
0.5297425984251969
21
1.0561153149606299
0
LINE
8
BLACK
6
CONTINUOUS
10
0.5297425984251969
20
1.0561153149606299
11
0.5277705905511811
21
1.0546825196850393
0
LINE
8
BLACK
6
CONTINUOUS
10
0.2390476771653543
20
1.1407268503937007
11
0.2342535826771653
21
1.1324231889763778
0
LINE
8
BLACK
6
CONTINUOUS
10
0.2342535826771653
20
1.1324231889763778
11
0.2342533464566929
21
1.1324227559055118
0
LINE
8
BLACK
6
CONTINUOUS
10
0.2342533464566929
20
1.1324227559055118
11
0.230583779527559
21
1.123563622047244
0
LINE
8
BLACK
6
CONTINUOUS
10
0.230583779527559
20
1.123563622047244
11
0.2281019291338583
21
1.1143011811023622
0
LINE
8
BLACK
6
CONTINUOUS
10
0.2281019291338583
20
1.1143011811023622
11
0.2268503937007874
21
1.1047946062992127
0
LINE
8
BLACK
6
CONTINUOUS
10
0.2268503937007874
20
1.1047946062992127
11
0.2268503937007874
21
1.095205433070866
0
LINE
8
BLACK
6
CONTINUOUS
10
0.2268503937007874
20
1.095205433070866
11
0.2281019291338583
21
1.0856988582677165
0
LINE
8
BLACK
6
CONTINUOUS
10
0.2281019291338583
20
1.0856988582677165
11
0.230583779527559
21
1.0764364173228347
0
LINE
8
BLACK
6
CONTINUOUS
10
0.230583779527559
20
1.0764364173228347
11
0.2342533464566929
21
1.0675772834645669
0
LINE
8
BLACK
6
CONTINUOUS
10
0.2342533464566929
20
1.0675772834645669
11
0.2342535826771653
21
1.0675768503937009
0
LINE
8
BLACK
6
CONTINUOUS
10
0.2342535826771653
20
1.0675768503937009
11
0.2390476771653543
21
1.059273188976378
0
LINE
8
BLACK
6
CONTINUOUS
10
0.2390476771653543
20
1.059273188976378
11
0.2390478346456693
21
1.0592729527559055
0
LINE
8
BLACK
6
CONTINUOUS
10
0.2390478346456693
20
1.0592729527559055
11
0.2416888582677165
21
1.0558311417322834
0
LINE
8
BLACK
6
CONTINUOUS
10
0.2416888582677165
20
1.0558311417322834
11
0.241688937007874
21
1.0558311023622047
0
LINE
8
BLACK
6
CONTINUOUS
10
0.241688937007874
20
1.0558311023622047
11
0.2561152362204724
21
1.070257440944882
0
LINE
8
BLACK
6
CONTINUOUS
10
0.2561152362204724
20
1.070257440944882
11
0.2546825196850394
21
1.0722294094488189
0
LINE
8
BLACK
6
CONTINUOUS
10
0.2546825196850394
20
1.0722294094488189
11
0.2508961811023622
21
1.0796605118110236
0
LINE
8
BLACK
6
CONTINUOUS
10
0.2508961811023622
20
1.0796605118110236
11
0.248318937007874
21
1.0875924803149606
0
LINE
8
BLACK
6
CONTINUOUS
10
0.248318937007874
20
1.0875924803149606
11
0.2470142519685039
21
1.0958299212598426
0
LINE
8
BLACK
6
CONTINUOUS
10
0.2470142519685039
20
1.0958299212598426
11
0.2470142519685039
21
1.1041700787401574
0
LINE
8
BLACK
6
CONTINUOUS
10
0.2470142519685039
20
1.1041700787401574
11
0.248318937007874
21
1.1124075196850394
0
LINE
8
BLACK
6
CONTINUOUS
10
0.248318937007874
20
1.1124075196850394
11
0.2508961811023622
21
1.1203394881889763
0
LINE
8
BLACK
6
CONTINUOUS
10
0.2508961811023622
20
1.1203394881889763
11
0.2546825196850394
21
1.127770590551181
0
LINE
8
BLACK
6
CONTINUOUS
10
0.2546825196850394
20
1.127770590551181
11
0.2561152362204724
21
1.1297426377952755
0
LINE
8
BLACK
6
CONTINUOUS
10
0.2561152362204724
20
1.1297426377952755
11
0.2416888976377953
21
1.1441689763779528
0
LINE
8
BLACK
6
CONTINUOUS
10
0.2416888976377953
20
1.1441689763779528
11
0.2390476771653543
21
1.1407268503937007
0
LINE
8
BLACK
6
CONTINUOUS
10
0.54388468503937
20
1.1297426771653543
11
0.5453174803149606
21
1.127770590551181
0
LINE
8
BLACK
6
CONTINUOUS
10
0.5453174803149606
20
1.127770590551181
11
0.5491038188976378
21
1.1203394881889763
0
LINE
8
BLACK
6
CONTINUOUS
10
0.5491038188976378
20
1.1203394881889763
11
0.5516810629921259
21
1.1124075196850394
0
LINE
8
BLACK
6
CONTINUOUS
10
0.5516810629921259
20
1.1124075196850394
11
0.552985748031496
21
1.1041700787401574
0
LINE
8
BLACK
6
CONTINUOUS
10
0.552985748031496
20
1.1041700787401574
11
0.552985748031496
21
1.0958299212598426
0
LINE
8
BLACK
6
CONTINUOUS
10
0.552985748031496
20
1.0958299212598426
11
0.5516810629921259
21
1.0875924803149606
0
LINE
8
BLACK
6
CONTINUOUS
10
0.5516810629921259
20
1.0875924803149606
11
0.5491038188976378
21
1.0796605118110236
0
LINE
8
BLACK
6
CONTINUOUS
10
0.5491038188976378
20
1.0796605118110236
11
0.5453174803149606
21
1.0722294094488189
0
LINE
8
BLACK
6
CONTINUOUS
10
0.5453174803149606
20
1.0722294094488189
11
0.5438847244094488
21
1.0702574015748032
0
LINE
8
BLACK
6
CONTINUOUS
10
0.5438847244094488
20
1.0702574015748032
11
0.5583110236220472
21
1.0558311023622047
0
LINE
8
BLACK
6
CONTINUOUS
10
0.5583110236220472
20
1.0558311023622047
11
0.5609522834645669
21
1.0592732283464568
0
LINE
8
BLACK
6
CONTINUOUS
10
0.5609522834645669
20
1.0592732283464568
11
0.5657463779527558
21
1.0675768503937009
0
LINE
8
BLACK
6
CONTINUOUS
10
0.5657463779527558
20
1.0675768503937009
11
0.5657466141732284
21
1.0675772834645669
0
LINE
8
BLACK
6
CONTINUOUS
10
0.5657466141732284
20
1.0675772834645669
11
0.5694161811023621
21
1.0764364173228347
0
LINE
8
BLACK
6
CONTINUOUS
10
0.5694161811023621
20
1.0764364173228347
11
0.571898031496063
21
1.0856988582677165
0
LINE
8
BLACK
6
CONTINUOUS
10
0.571898031496063
20
1.0856988582677165
11
0.5731495669291339
21
1.095205433070866
0
LINE
8
BLACK
6
CONTINUOUS
10
0.5731495669291339
20
1.095205433070866
11
0.5731496062992126
21
1.0952057874015748
0
LINE
8
BLACK
6
CONTINUOUS
10
0.5731496062992126
20
1.0952057874015748
11
0.5731496062992126
21
1.1047942125984251
0
LINE
8
BLACK
6
CONTINUOUS
10
0.5731496062992126
20
1.1047942125984251
11
0.5731495669291339
21
1.1047946062992127
0
LINE
8
BLACK
6
CONTINUOUS
10
0.5731495669291339
20
1.1047946062992127
11
0.571898031496063
21
1.1143011811023622
0
LINE
8
BLACK
6
CONTINUOUS
10
0.571898031496063
20
1.1143011811023622
11
0.5694161811023621
21
1.123563622047244
0
LINE
8
BLACK
6
CONTINUOUS
10
0.5694161811023621
20
1.123563622047244
11
0.5657466141732284
21
1.1324227559055118
0
LINE
8
BLACK
6
CONTINUOUS
10
0.5657466141732284
20
1.1324227559055118
11
0.5657463779527558
21
1.1324231889763778
0
LINE
8
BLACK
6
CONTINUOUS
10
0.5657463779527558
20
1.1324231889763778
11
0.5609522834645669
21
1.1407268503937007
0
LINE
8
BLACK
6
CONTINUOUS
10
0.5609522834645669
20
1.1407268503937007
11
0.5609520866141732
21
1.140727125984252
0
LINE
8
BLACK
6
CONTINUOUS
10
0.5609520866141732
20
1.140727125984252
11
0.5583110236220472
21
1.1441689763779528
0
LINE
8
BLACK
6
CONTINUOUS
10
0.5583110236220472
20
1.1441689763779528
11
0.54388468503937
21
1.1297426771653543
0
LINE
8
BLACK
6
CONTINUOUS
10
0.2390476771653543
20
1.3407268503937007
11
0.2342535826771653
21
1.332423188976378
0
LINE
8
BLACK
6
CONTINUOUS
10
0.2342535826771653
20
1.332423188976378
11
0.2342533464566929
21
1.3324227559055117
0
LINE
8
BLACK
6
CONTINUOUS
10
0.2342533464566929
20
1.3324227559055117
11
0.230583779527559
21
1.323563622047244
0
LINE
8
BLACK
6
CONTINUOUS
10
0.230583779527559
20
1.323563622047244
11
0.2281019291338583
21
1.3143011811023622
0
LINE
8
BLACK
6
CONTINUOUS
10
0.2281019291338583
20
1.3143011811023622
11
0.2268503937007874
21
1.3047946062992126
0
LINE
8
BLACK
6
CONTINUOUS
10
0.2268503937007874
20
1.3047946062992126
11
0.2268503937007874
21
1.2952054330708662
0
LINE
8
BLACK
6
CONTINUOUS
10
0.2268503937007874
20
1.2952054330708662
11
0.2281019291338583
21
1.2856988582677165
0
LINE
8
BLACK
6
CONTINUOUS
10
0.2281019291338583
20
1.2856988582677165
11
0.230583779527559
21
1.2764364173228346
0
LINE
8
BLACK
6
CONTINUOUS
10
0.230583779527559
20
1.2764364173228346
11
0.2342533464566929
21
1.2675772834645669
0
LINE
8
BLACK
6
CONTINUOUS
10
0.2342533464566929
20
1.2675772834645669
11
0.2342535826771653
21
1.2675768503937008
0
LINE
8
BLACK
6
CONTINUOUS
10
0.2342535826771653
20
1.2675768503937008
11
0.2390476771653543
21
1.259273188976378
0
LINE
8
BLACK
6
CONTINUOUS
10
0.2390476771653543
20
1.259273188976378
11
0.2390478346456693
21
1.2592729527559055
0
LINE
8
BLACK
6
CONTINUOUS
10
0.2390478346456693
20
1.2592729527559055
11
0.2416888582677165
21
1.2558311417322834
0
LINE
8
BLACK
6
CONTINUOUS
10
0.2416888582677165
20
1.2558311417322834
11
0.241688937007874
21
1.2558311023622046
0
LINE
8
BLACK
6
CONTINUOUS
10
0.241688937007874
20
1.2558311023622046
11
0.2561152362204724
21
1.2702574409448819
0
LINE
8
BLACK
6
CONTINUOUS
10
0.2561152362204724
20
1.2702574409448819
11
0.2546825196850394
21
1.2722294094488189
0
LINE
8
BLACK
6
CONTINUOUS
10
0.2546825196850394
20
1.2722294094488189
11
0.2508961811023622
21
1.2796605118110236
0
LINE
8
BLACK
6
CONTINUOUS
10
0.2508961811023622
20
1.2796605118110236
11
0.248318937007874
21
1.2875924803149605
0
LINE
8
BLACK
6
CONTINUOUS
10
0.248318937007874
20
1.2875924803149605
11
0.2470142519685039
21
1.2958299212598425
0
LINE
8
BLACK
6
CONTINUOUS
10
0.2470142519685039
20
1.2958299212598425
11
0.2470142519685039
21
1.3041700787401576
0
LINE
8
BLACK
6
CONTINUOUS
10
0.2470142519685039
20
1.3041700787401576
11
0.248318937007874
21
1.3124075196850393
0
LINE
8
BLACK
6
CONTINUOUS
10
0.248318937007874
20
1.3124075196850393
11
0.2508961811023622
21
1.3203394881889763
0
LINE
8
BLACK
6
CONTINUOUS
10
0.2508961811023622
20
1.3203394881889763
11
0.2546825196850394
21
1.327770590551181
0
LINE
8
BLACK
6
CONTINUOUS
10
0.2546825196850394
20
1.327770590551181
11
0.2561152362204724
21
1.3297426377952755
0
LINE
8
BLACK
6
CONTINUOUS
10
0.2561152362204724
20
1.3297426377952755
11
0.2416888976377953
21
1.3441689763779527
0
LINE
8
BLACK
6
CONTINUOUS
10
0.2416888976377953
20
1.3441689763779527
11
0.2390476771653543
21
1.3407268503937007
0
LINE
8
BLACK
6
CONTINUOUS
10
0.54388468503937
20
1.3297426771653542
11
0.5453174803149606
21
1.327770590551181
0
LINE
8
BLACK
6
CONTINUOUS
10
0.5453174803149606
20
1.327770590551181
11
0.5491038188976378
21
1.3203394881889763
0
LINE
8
BLACK
6
CONTINUOUS
10
0.5491038188976378
20
1.3203394881889763
11
0.5516810629921259
21
1.3124075196850393
0
LINE
8
BLACK
6
CONTINUOUS
10
0.5516810629921259
20
1.3124075196850393
11
0.552985748031496
21
1.3041700787401576
0
LINE
8
BLACK
6
CONTINUOUS
10
0.552985748031496
20
1.3041700787401576
11
0.552985748031496
21
1.2958299212598425
0
LINE
8
BLACK
6
CONTINUOUS
10
0.552985748031496
20
1.2958299212598425
11
0.5516810629921259
21
1.2875924803149605
0
LINE
8
BLACK
6
CONTINUOUS
10
0.5516810629921259
20
1.2875924803149605
11
0.5491038188976378
21
1.2796605118110236
0
LINE
8
BLACK
6
CONTINUOUS
10
0.5491038188976378
20
1.2796605118110236
11
0.5453174803149606
21
1.2722294094488189
0
LINE
8
BLACK
6
CONTINUOUS
10
0.5453174803149606
20
1.2722294094488189
11
0.5438847244094488
21
1.2702574015748032
0
LINE
8
BLACK
6
CONTINUOUS
10
0.5438847244094488
20
1.2702574015748032
11
0.5583110236220472
21
1.2558311023622046
0
LINE
8
BLACK
6
CONTINUOUS
10
0.5583110236220472
20
1.2558311023622046
11
0.5609522834645669
21
1.2592732283464567
0
LINE
8
BLACK
6
CONTINUOUS
10
0.5609522834645669
20
1.2592732283464567
11
0.5657463779527558
21
1.2675768503937008
0
LINE
8
BLACK
6
CONTINUOUS
10
0.5657463779527558
20
1.2675768503937008
11
0.5657466141732284
21
1.2675772834645669
0
LINE
8
BLACK
6
CONTINUOUS
10
0.5657466141732284
20
1.2675772834645669
11
0.5694161811023621
21
1.2764364173228346
0
LINE
8
BLACK
6
CONTINUOUS
10
0.5694161811023621
20
1.2764364173228346
11
0.571898031496063
21
1.2856988582677165
0
LINE
8
BLACK
6
CONTINUOUS
10
0.571898031496063
20
1.2856988582677165
11
0.5731495669291339
21
1.2952054330708662
0
LINE
8
BLACK
6
CONTINUOUS
10
0.5731495669291339
20
1.2952054330708662
11
0.5731496062992126
21
1.2952057874015748
0
LINE
8
BLACK
6
CONTINUOUS
10
0.5731496062992126
20
1.2952057874015748
11
0.5731496062992126
21
1.3047942125984251
0
LINE
8
BLACK
6
CONTINUOUS
10
0.5731496062992126
20
1.3047942125984251
11
0.5731495669291339
21
1.3047946062992126
0
LINE
8
BLACK
6
CONTINUOUS
10
0.5731495669291339
20
1.3047946062992126
11
0.571898031496063
21
1.3143011811023622
0
LINE
8
BLACK
6
CONTINUOUS
10
0.571898031496063
20
1.3143011811023622
11
0.5694161811023621
21
1.323563622047244
0
LINE
8
BLACK
6
CONTINUOUS
10
0.5694161811023621
20
1.323563622047244
11
0.5657466141732284
21
1.3324227559055117
0
LINE
8
BLACK
6
CONTINUOUS
10
0.5657466141732284
20
1.3324227559055117
11
0.5657463779527558
21
1.332423188976378
0
LINE
8
BLACK
6
CONTINUOUS
10
0.5657463779527558
20
1.332423188976378
11
0.5609522834645669
21
1.3407268503937007
0
LINE
8
BLACK
6
CONTINUOUS
10
0.5609522834645669
20
1.3407268503937007
11
0.5609520866141732
21
1.3407271259842519
0
LINE
8
BLACK
6
CONTINUOUS
10
0.5609520866141732
20
1.3407271259842519
11
0.5583110236220472
21
1.3441689763779527
0
LINE
8
BLACK
6
CONTINUOUS
10
0.5583110236220472
20
1.3441689763779527
11
0.54388468503937
21
1.3297426771653542
0
LINE
8
BLACK
6
CONTINUOUS
10
0.2856988188976378
20
1.3718980708661417
11
0.2764363779527559
21
1.3694162204724409
0
LINE
8
BLACK
6
CONTINUOUS
10
0.2764363779527559
20
1.3694162204724409
11
0.2675772440944882
21
1.3657466535433072
0
LINE
8
BLACK
6
CONTINUOUS
10
0.2675772440944882
20
1.3657466535433072
11
0.267576811023622
21
1.3657464173228346
0
LINE
8
BLACK
6
CONTINUOUS
10
0.267576811023622
20
1.3657464173228346
11
0.2592731496062992
21
1.3609523228346456
0
LINE
8
BLACK
6
CONTINUOUS
10
0.2592731496062992
20
1.3609523228346456
11
0.2558310236220472
21
1.3583111023622048
0
LINE
8
BLACK
6
CONTINUOUS
10
0.2558310236220472
20
1.3583111023622048
11
0.2702573622047244
21
1.3438847637795275
0
LINE
8
BLACK
6
CONTINUOUS
10
0.2702573622047244
20
1.3438847637795275
11
0.2722294094488189
21
1.3453174803149606
0
LINE
8
BLACK
6
CONTINUOUS
10
0.2722294094488189
20
1.3453174803149606
11
0.2796605118110236
21
1.3491038188976379
0
LINE
8
BLACK
6
CONTINUOUS
10
0.2796605118110236
20
1.3491038188976379
11
0.2875924803149606
21
1.3516810629921259
0
LINE
8
BLACK
6
CONTINUOUS
10
0.2875924803149606
20
1.3516810629921259
11
0.2958299212598425
21
1.352985748031496
0
LINE
8
BLACK
6
CONTINUOUS
10
0.2958299212598425
20
1.352985748031496
11
0.3041700787401574
21
1.352985748031496
0
LINE
8
BLACK
6
CONTINUOUS
10
0.3041700787401574
20
1.352985748031496
11
0.3124075196850394
21
1.3516810629921259
0
LINE
8
BLACK
6
CONTINUOUS
10
0.3124075196850394
20
1.3516810629921259
11
0.3203394881889764
21
1.3491038188976379
0
LINE
8
BLACK
6
CONTINUOUS
10
0.3203394881889764
20
1.3491038188976379
11
0.3277705905511811
21
1.3453174803149606
0
LINE
8
BLACK
6
CONTINUOUS
10
0.3277705905511811
20
1.3453174803149606
11
0.3297425590551181
21
1.3438847637795275
0
LINE
8
BLACK
6
CONTINUOUS
10
0.3297425590551181
20
1.3438847637795275
11
0.3441688976377953
21
1.358311062992126
0
LINE
8
BLACK
6
CONTINUOUS
10
0.3441688976377953
20
1.358311062992126
11
0.3441688582677165
21
1.3583111417322835
0
LINE
8
BLACK
6
CONTINUOUS
10
0.3441688582677165
20
1.3583111417322835
11
0.3407270472440945
21
1.3609521653543306
0
LINE
8
BLACK
6
CONTINUOUS
10
0.3407270472440945
20
1.3609521653543306
11
0.3407268110236221
21
1.3609523228346456
0
LINE
8
BLACK
6
CONTINUOUS
10
0.3407268110236221
20
1.3609523228346456
11
0.3324231496062992
21
1.3657464173228346
0
LINE
8
BLACK
6
CONTINUOUS
10
0.3324231496062992
20
1.3657464173228346
11
0.332422716535433
21
1.3657466535433072
0
LINE
8
BLACK
6
CONTINUOUS
10
0.332422716535433
20
1.3657466535433072
11
0.3235635826771653
21
1.3694162204724409
0
LINE
8
BLACK
6
CONTINUOUS
10
0.3235635826771653
20
1.3694162204724409
11
0.3143011417322835
21
1.3718980708661417
0
LINE
8
BLACK
6
CONTINUOUS
10
0.3143011417322835
20
1.3718980708661417
11
0.3047945669291339
21
1.3731496062992126
0
LINE
8
BLACK
6
CONTINUOUS
10
0.3047945669291339
20
1.3731496062992126
11
0.2952053937007874
21
1.3731496062992126
0
LINE
8
BLACK
6
CONTINUOUS
10
0.2952053937007874
20
1.3731496062992126
11
0.2856988188976378
21
1.3718980708661417
0
LINE
8
BLACK
6
CONTINUOUS
10
0.4856988188976378
20
1.3718980708661417
11
0.4764363779527559
21
1.3694162204724409
0
LINE
8
BLACK
6
CONTINUOUS
10
0.4764363779527559
20
1.3694162204724409
11
0.4675772440944882
21
1.3657466535433072
0
LINE
8
BLACK
6
CONTINUOUS
10
0.4675772440944882
20
1.3657466535433072
11
0.467576811023622
21
1.3657464173228346
0
LINE
8
BLACK
6
CONTINUOUS
10
0.467576811023622
20
1.3657464173228346
11
0.4592731496062992
21
1.3609523228346456
0
LINE
8
BLACK
6
CONTINUOUS
10
0.4592731496062992
20
1.3609523228346456
11
0.4558310236220472
21
1.3583111023622048
0
LINE
8
BLACK
6
CONTINUOUS
10
0.4558310236220472
20
1.3583111023622048
11
0.4702573622047244
21
1.3438847637795275
0
LINE
8
BLACK
6
CONTINUOUS
10
0.4702573622047244
20
1.3438847637795275
11
0.4722294094488189
21
1.3453174803149606
0
LINE
8
BLACK
6
CONTINUOUS
10
0.4722294094488189
20
1.3453174803149606
11
0.4796605118110236
21
1.3491038188976379
0
LINE
8
BLACK
6
CONTINUOUS
10
0.4796605118110236
20
1.3491038188976379
11
0.4875924803149606
21
1.3516810629921259
0
LINE
8
BLACK
6
CONTINUOUS
10
0.4875924803149606
20
1.3516810629921259
11
0.4958299212598425
21
1.352985748031496
0
LINE
8
BLACK
6
CONTINUOUS
10
0.4958299212598425
20
1.352985748031496
11
0.5041700787401575
21
1.352985748031496
0
LINE
8
BLACK
6
CONTINUOUS
10
0.5041700787401575
20
1.352985748031496
11
0.5124075196850394
21
1.3516810629921259
0
LINE
8
BLACK
6
CONTINUOUS
10
0.5124075196850394
20
1.3516810629921259
11
0.5203394881889764
21
1.3491038188976379
0
LINE
8
BLACK
6
CONTINUOUS
10
0.5203394881889764
20
1.3491038188976379
11
0.5277705905511811
21
1.3453174803149606
0
LINE
8
BLACK
6
CONTINUOUS
10
0.5277705905511811
20
1.3453174803149606
11
0.5297425590551181
21
1.3438847637795275
0
LINE
8
BLACK
6
CONTINUOUS
10
0.5297425590551181
20
1.3438847637795275
11
0.5441688976377953
21
1.358311062992126
0
LINE
8
BLACK
6
CONTINUOUS
10
0.5441688976377953
20
1.358311062992126
11
0.5441688582677165
21
1.3583111417322835
0
LINE
8
BLACK
6
CONTINUOUS
10
0.5441688582677165
20
1.3583111417322835
11
0.5407270472440945
21
1.3609521653543306
0
LINE
8
BLACK
6
CONTINUOUS
10
0.5407270472440945
20
1.3609521653543306
11
0.5407268110236221
21
1.3609523228346456
0
LINE
8
BLACK
6
CONTINUOUS
10
0.5407268110236221
20
1.3609523228346456
11
0.5324231496062992
21
1.3657464173228346
0
LINE
8
BLACK
6
CONTINUOUS
10
0.5324231496062992
20
1.3657464173228346
11
0.532422716535433
21
1.3657466535433072
0
LINE
8
BLACK
6
CONTINUOUS
10
0.532422716535433
20
1.3657466535433072
11
0.5235635826771653
21
1.3694162204724409
0
LINE
8
BLACK
6
CONTINUOUS
10
0.5235635826771653
20
1.3694162204724409
11
0.5143011417322835
21
1.3718980708661417
0
LINE
8
BLACK
6
CONTINUOUS
10
0.5143011417322835
20
1.3718980708661417
11
0.5047945669291338
21
1.3731496062992126
0
LINE
8
BLACK
6
CONTINUOUS
10
0.5047945669291338
20
1.3731496062992126
11
0.4952053937007874
21
1.3731496062992126
0
LINE
8
BLACK
6
CONTINUOUS
10
0.4952053937007874
20
1.3731496062992126
11
0.4856988188976378
21
1.3718980708661417
0
LINE
8
BLACK
6
CONTINUOUS
10
0.4392329527559055
20
0.3514566929133858
11
0.4392329133858268
21
0.3514567322834646
0
LINE
8
BLACK
6
CONTINUOUS
10
0.4392329133858268
20
0.3514567322834646
11
0.4433196062992126
21
0.3518742519685039
0
LINE
8
BLACK
6
CONTINUOUS
10
0.4433196062992126
20
0.3518742519685039
11
0.4433197244094488
21
0.3518742913385827
0
LINE
8
BLACK
6
CONTINUOUS
10
0.4433197244094488
20
0.3518742913385827
11
0.4499419291338583
21
0.3540686220472441
0
LINE
8
BLACK
6
CONTINUOUS
10
0.4499419291338583
20
0.3540686220472441
11
0.4558794881889764
21
0.3577309448818898
0
LINE
8
BLACK
6
CONTINUOUS
10
0.4558794881889764
20
0.3577309448818898
11
0.4558797244094488
21
0.3577311417322834
0
LINE
8
BLACK
6
CONTINUOUS
10
0.4558797244094488
20
0.3577311417322834
11
0.4608121653543307
21
0.3626635826771654
0
LINE
8
BLACK
6
CONTINUOUS
10
0.4608121653543307
20
0.3626635826771654
11
0.4608123622047244
21
0.3626638188976378
0
LINE
8
BLACK
6
CONTINUOUS
10
0.4608123622047244
20
0.3626638188976378
11
0.4644746850393701
21
0.3686013779527559
0
LINE
8
BLACK
6
CONTINUOUS
10
0.4644746850393701
20
0.3686013779527559
11
0.4666690157480315
21
0.3752235826771653
0
LINE
8
BLACK
6
CONTINUOUS
10
0.4666690157480315
20
0.3752235826771653
11
0.4666690551181102
21
0.3752237007874016
0
LINE
8
BLACK
6
CONTINUOUS
10
0.4666690551181102
20
0.3752237007874016
11
0.4670865748031496
21
0.3793103937007874
0
LINE
8
BLACK
6
CONTINUOUS
10
0.4670865748031496
20
0.3793103937007874
11
0.4670866141732283
21
0.3793103937007874
0
LINE
8
BLACK
6
CONTINUOUS
10
0.4670866141732283
20
0.3793103937007874
11
0.4670866141732283
21
0.39
0
LINE
8
BLACK
6
CONTINUOUS
10
0.4670866141732283
20
0.39
11
0.4470866141732283
21
0.39
0
LINE
8
BLACK
6
CONTINUOUS
10
0.4470866141732283
20
0.39
11
0.4470866141732283
21
0.3812992125984252
0
LINE
8
BLACK
6
CONTINUOUS
10
0.4470866141732283
20
0.3812992125984252
11
0.4463374015748031
21
0.3775326377952756
0
LINE
8
BLACK
6
CONTINUOUS
10
0.4463374015748031
20
0.3775326377952756
11
0.4442038188976378
21
0.3743394881889764
0
LINE
8
BLACK
6
CONTINUOUS
10
0.4442038188976378
20
0.3743394881889764
11
0.4410106692913386
21
0.372205905511811
0
LINE
8
BLACK
6
CONTINUOUS
10
0.4410106692913386
20
0.372205905511811
11
0.4374015748031496
21
0.371488031496063
0
LINE
8
BLACK
6
CONTINUOUS
10
0.4374015748031496
20
0.371488031496063
11
0.4374015748031496
21
0.3514566929133858
0
LINE
8
BLACK
6
CONTINUOUS
10
0.4374015748031496
20
0.3514566929133858
11
0.4392329527559055
21
0.3514566929133858
0
LINE
8
BLACK
6
CONTINUOUS
10
0.2049844488188976
20
0.4758142519685039
11
0.2049844881889764
21
0.4758141338582677
0
LINE
8
BLACK
6
CONTINUOUS
10
0.2049844881889764
20
0.4758141338582677
11
0.2071788188976378
21
0.4691919291338583
0
LINE
8
BLACK
6
CONTINUOUS
10
0.2071788188976378
20
0.4691919291338583
11
0.2108411417322835
21
0.4632543700787402
0
LINE
8
BLACK
6
CONTINUOUS
10
0.2108411417322835
20
0.4632543700787402
11
0.2108413385826772
21
0.4632541338582677
0
LINE
8
BLACK
6
CONTINUOUS
10
0.2108413385826772
20
0.4632541338582677
11
0.2157737795275591
21
0.4583216929133858
0
LINE
8
BLACK
6
CONTINUOUS
10
0.2157737795275591
20
0.4583216929133858
11
0.2157740157480315
21
0.4583214960629921
0
LINE
8
BLACK
6
CONTINUOUS
10
0.2157740157480315
20
0.4583214960629921
11
0.2217115748031496
21
0.4546591732283464
0
LINE
8
BLACK
6
CONTINUOUS
10
0.2217115748031496
20
0.4546591732283464
11
0.228333779527559
21
0.4524648425196851
0
LINE
8
BLACK
6
CONTINUOUS
10
0.228333779527559
20
0.4524648425196851
11
0.2283338976377953
21
0.4524648031496063
0
LINE
8
BLACK
6
CONTINUOUS
10
0.2283338976377953
20
0.4524648031496063
11
0.2324205905511811
21
0.4520472834645669
0
LINE
8
BLACK
6
CONTINUOUS
10
0.2324205905511811
20
0.4520472834645669
11
0.2324205905511811
21
0.4520472440944882
0
LINE
8
BLACK
6
CONTINUOUS
10
0.2324205905511811
20
0.4520472440944882
11
0.25
21
0.4520472440944882
0
LINE
8
BLACK
6
CONTINUOUS
10
0.25
20
0.4520472440944882
11
0.25
21
0.4720472440944882
0
LINE
8
BLACK
6
CONTINUOUS
10
0.25
20
0.4720472440944882
11
0.2344094488188976
21
0.4720472440944882
0
LINE
8
BLACK
6
CONTINUOUS
10
0.2344094488188976
20
0.4720472440944882
11
0.230642874015748
21
0.4727964566929134
0
LINE
8
BLACK
6
CONTINUOUS
10
0.230642874015748
20
0.4727964566929134
11
0.2274497244094488
21
0.4749300393700787
0
LINE
8
BLACK
6
CONTINUOUS
10
0.2274497244094488
20
0.4749300393700787
11
0.2253161417322835
21
0.478123188976378
0
LINE
8
BLACK
6
CONTINUOUS
10
0.2253161417322835
20
0.478123188976378
11
0.2245669291338583
21
0.4818897637795275
0
LINE
8
BLACK
6
CONTINUOUS
10
0.2245669291338583
20
0.4818897637795275
11
0.2245669291338583
21
0.511259842519685
0
LINE
8
BLACK
6
CONTINUOUS
10
0.2245669291338583
20
0.511259842519685
11
0.2045669291338583
21
0.511259842519685
0
LINE
8
BLACK
6
CONTINUOUS
10
0.2045669291338583
20
0.511259842519685
11
0.2045669291338583
21
0.4799009448818898
0
LINE
8
BLACK
6
CONTINUOUS
10
0.2045669291338583
20
0.4799009448818898
11
0.2049844488188976
21
0.4758142519685039
0
LINE
8
BLACK
6
CONTINUOUS
10
0.5618742125984252
20
0.5066803937007874
11
0.5618742519685039
21
0.5066802755905512
0
LINE
8
BLACK
6
CONTINUOUS
10
0.5618742519685039
20
0.5066802755905512
11
0.5640685826771653
21
0.5000580708661417
0
LINE
8
BLACK
6
CONTINUOUS
10
0.5640685826771653
20
0.5000580708661417
11
0.567730905511811
21
0.4941205118110236
0
LINE
8
BLACK
6
CONTINUOUS
10
0.567730905511811
20
0.4941205118110236
11
0.5677311023622047
21
0.4941202755905512
0
LINE
8
BLACK
6
CONTINUOUS
10
0.5677311023622047
20
0.4941202755905512
11
0.5726635433070866
21
0.4891878346456693
0
LINE
8
BLACK
6
CONTINUOUS
10
0.5726635433070866
20
0.4891878346456693
11
0.5726637795275591
21
0.4891876377952756
0
LINE
8
BLACK
6
CONTINUOUS
10
0.5726637795275591
20
0.4891876377952756
11
0.5786013385826771
21
0.4855253149606299
0
LINE
8
BLACK
6
CONTINUOUS
10
0.5786013385826771
20
0.4855253149606299
11
0.5830886220472441
21
0.4840384251968504
0
LINE
8
BLACK
6
CONTINUOUS
10
0.5830886220472441
20
0.4840384251968504
11
0.5839735039370079
21
0.4845492913385827
0
LINE
8
BLACK
6
CONTINUOUS
10
0.5839735039370079
20
0.4845492913385827
11
0.5879444881889764
21
0.4856133070866142
0
LINE
8
BLACK
6
CONTINUOUS
10
0.5879444881889764
20
0.4856133070866142
11
0.5920555118110236
21
0.4856133070866142
0
LINE
8
BLACK
6
CONTINUOUS
10
0.5920555118110236
20
0.4856133070866142
11
0.5960264960629921
21
0.4845492913385827
0
LINE
8
BLACK
6
CONTINUOUS
10
0.5960264960629921
20
0.4845492913385827
11
0.5988599606299212
21
0.4829133858267716
0
LINE
8
BLACK
6
CONTINUOUS
10
0.5988599606299212
20
0.4829133858267716
11
0.6
21
0.4829133858267716
0
LINE
8
BLACK
6
CONTINUOUS
10
0.6
20
0.4829133858267716
11
0.6
21
0.5029133858267717
0
LINE
8
BLACK
6
CONTINUOUS
10
0.6
20
0.5029133858267717
11
0.5912992125984252
21
0.5029133858267717
0
LINE
8
BLACK
6
CONTINUOUS
10
0.5912992125984252
20
0.5029133858267717
11
0.5875326377952755
21
0.5036625984251968
0
LINE
8
BLACK
6
CONTINUOUS
10
0.5875326377952755
20
0.5036625984251968
11
0.5843394881889764
21
0.5057961811023622
0
LINE
8
BLACK
6
CONTINUOUS
10
0.5843394881889764
20
0.5057961811023622
11
0.5822059055118111
21
0.5089893307086614
0
LINE
8
BLACK
6
CONTINUOUS
10
0.5822059055118111
20
0.5089893307086614
11
0.581488031496063
21
0.5125984251968504
0
LINE
8
BLACK
6
CONTINUOUS
10
0.581488031496063
20
0.5125984251968504
11
0.5614566929133858
21
0.5125984251968504
0
LINE
8
BLACK
6
CONTINUOUS
10
0.5614566929133858
20
0.5125984251968504
11
0.5614566929133858
21
0.5107670866141732
0
LINE
8
BLACK
6
CONTINUOUS
10
0.5614566929133858
20
0.5107670866141732
11
0.5618742125984252
21
0.5066803937007874
0
LINE
8
BLACK
6
CONTINUOUS
10
0.2045669291338583
20
0.5312598425196851
11
0.2245669291338583
21
0.5312598425196851
0
LINE
8
BLACK
6
CONTINUOUS
10
0.2245669291338583
20
0.5312598425196851
11
0.2245669291338583
21
0.5606299212598425
0
LINE
8
BLACK
6
CONTINUOUS
10
0.2245669291338583
20
0.5606299212598425
11
0.2253161417322835
21
0.5643964960629921
0
LINE
8
BLACK
6
CONTINUOUS
10
0.2253161417322835
20
0.5643964960629921
11
0.2274497244094488
21
0.5675896456692914
0
LINE
8
BLACK
6
CONTINUOUS
10
0.2274497244094488
20
0.5675896456692914
11
0.230642874015748
21
0.5697232283464567
0
LINE
8
BLACK
6
CONTINUOUS
10
0.230642874015748
20
0.5697232283464567
11
0.2344094488188976
21
0.5704724409448819
0
LINE
8
BLACK
6
CONTINUOUS
10
0.2344094488188976
20
0.5704724409448819
11
0.25
21
0.5704724409448819
0
LINE
8
BLACK
6
CONTINUOUS
10
0.25
20
0.5704724409448819
11
0.25
21
0.5904724409448818
0
LINE
8
BLACK
6
CONTINUOUS
10
0.25
20
0.5904724409448818
11
0.2324205905511811
21
0.5904724409448818
0
LINE
8
BLACK
6
CONTINUOUS
10
0.2324205905511811
20
0.5904724409448818
11
0.2283338976377953
21
0.5900549212598425
0
LINE
8
BLACK
6
CONTINUOUS
10
0.2283338976377953
20
0.5900549212598425
11
0.228333779527559
21
0.5900548818897637
0
LINE
8
BLACK
6
CONTINUOUS
10
0.228333779527559
20
0.5900548818897637
11
0.2217115748031496
21
0.5878605511811024
0
LINE
8
BLACK
6
CONTINUOUS
10
0.2217115748031496
20
0.5878605511811024
11
0.2157740157480315
21
0.5841982283464566
0
LINE
8
BLACK
6
CONTINUOUS
10
0.2157740157480315
20
0.5841982283464566
11
0.2157737795275591
21
0.584198031496063
0
LINE
8
BLACK
6
CONTINUOUS
10
0.2157737795275591
20
0.584198031496063
11
0.2108413385826772
21
0.5792655905511811
0
LINE
8
BLACK
6
CONTINUOUS
10
0.2108413385826772
20
0.5792655905511811
11
0.2108411417322835
21
0.5792653543307087
0
LINE
8
BLACK
6
CONTINUOUS
10
0.2108411417322835
20
0.5792653543307087
11
0.2071788188976378
21
0.5733277952755905
0
LINE
8
BLACK
6
CONTINUOUS
10
0.2071788188976378
20
0.5733277952755905
11
0.2049844881889764
21
0.5667055905511811
0
LINE
8
BLACK
6
CONTINUOUS
10
0.2049844881889764
20
0.5667055905511811
11
0.2049844488188976
21
0.5667054724409448
0
LINE
8
BLACK
6
CONTINUOUS
10
0.2049844488188976
20
0.5667054724409448
11
0.2045669291338583
21
0.562618779527559
0
LINE
8
BLACK
6
CONTINUOUS
10
0.2045669291338583
20
0.562618779527559
11
0.2045669291338583
21
0.5312598425196851
0
LINE
8
BLACK
6
CONTINUOUS
10
0.4992329527559055
20
0.7614566929133858
11
0.4992329133858268
21
0.7614567322834646
0
LINE
8
BLACK
6
CONTINUOUS
10
0.4992329133858268
20
0.7614567322834646
11
0.5033196062992126
21
0.7618742519685039
0
LINE
8
BLACK
6
CONTINUOUS
10
0.5033196062992126
20
0.7618742519685039
11
0.5033197244094488
21
0.7618742913385826
0
LINE
8
BLACK
6
CONTINUOUS
10
0.5033197244094488
20
0.7618742913385826
11
0.5099419291338583
21
0.7640686220472441
0
LINE
8
BLACK
6
CONTINUOUS
10
0.5099419291338583
20
0.7640686220472441
11
0.5158794881889763
21
0.7677309448818898
0
LINE
8
BLACK
6
CONTINUOUS
10
0.5158794881889763
20
0.7677309448818898
11
0.5158797244094488
21
0.7677311417322834
0
LINE
8
BLACK
6
CONTINUOUS
10
0.5158797244094488
20
0.7677311417322834
11
0.5208121653543307
21
0.7726635826771653
0
LINE
8
BLACK
6
CONTINUOUS
10
0.5208121653543307
20
0.7726635826771653
11
0.5208123622047244
21
0.7726638188976378
0
LINE
8
BLACK
6
CONTINUOUS
10
0.5208123622047244
20
0.7726638188976378
11
0.5244746850393701
21
0.7786013779527559
0
LINE
8
BLACK
6
CONTINUOUS
10
0.5244746850393701
20
0.7786013779527559
11
0.5266690157480315
21
0.7852235826771653
0
LINE
8
BLACK
6
CONTINUOUS
10
0.5266690157480315
20
0.7852235826771653
11
0.5266690551181102
21
0.7852237007874016
0
LINE
8
BLACK
6
CONTINUOUS
10
0.5266690551181102
20
0.7852237007874016
11
0.5270865748031496
21
0.7893103937007874
0
LINE
8
BLACK
6
CONTINUOUS
10
0.5270865748031496
20
0.7893103937007874
11
0.5270866141732283
21
0.7893103937007874
0
LINE
8
BLACK
6
CONTINUOUS
10
0.5270866141732283
20
0.7893103937007874
11
0.5270866141732283
21
0.7999999999999999
0
LINE
8
BLACK
6
CONTINUOUS
10
0.5270866141732283
20
0.7999999999999999
11
0.5070866141732283
21
0.7999999999999999
0
LINE
8
BLACK
6
CONTINUOUS
10
0.5070866141732283
20
0.7999999999999999
11
0.5070866141732283
21
0.7912992125984252
0
LINE
8
BLACK
6
CONTINUOUS
10
0.5070866141732283
20
0.7912992125984252
11
0.5063374015748031
21
0.7875326377952756
0
LINE
8
BLACK
6
CONTINUOUS
10
0.5063374015748031
20
0.7875326377952756
11
0.5042038188976378
21
0.7843394881889764
0
LINE
8
BLACK
6
CONTINUOUS
10
0.5042038188976378
20
0.7843394881889764
11
0.5010106692913385
21
0.782205905511811
0
LINE
8
BLACK
6
CONTINUOUS
10
0.5010106692913385
20
0.782205905511811
11
0.4974015748031496
21
0.7814880314960629
0
LINE
8
BLACK
6
CONTINUOUS
10
0.4974015748031496
20
0.7814880314960629
11
0.4974015748031496
21
0.7614566929133858
0
LINE
8
BLACK
6
CONTINUOUS
10
0.4974015748031496
20
0.7614566929133858
11
0.4992329527559055
21
0.7614566929133858
0
LINE
8
BLACK
6
CONTINUOUS
10
-0.1731496062992126
20
0.8952054330708661
11
-0.1718980708661417
21
0.8856988582677165
0
LINE
8
BLACK
6
CONTINUOUS
10
-0.1718980708661417
20
0.8856988582677165
11
-0.169416220472441
21
0.8764364173228346
0
LINE
8
BLACK
6
CONTINUOUS
10
-0.169416220472441
20
0.8764364173228346
11
-0.1657466535433071
21
0.8675772834645669
0
LINE
8
BLACK
6
CONTINUOUS
10
-0.1657466535433071
20
0.8675772834645669
11
-0.1657464173228347
21
0.8675768503937008
0
LINE
8
BLACK
6
CONTINUOUS
10
-0.1657464173228347
20
0.8675768503937008
11
-0.1609523228346457
21
0.8592731889763779
0
LINE
8
BLACK
6
CONTINUOUS
10
-0.1609523228346457
20
0.8592731889763779
11
-0.1609521653543307
21
0.8592729527559055
0
LINE
8
BLACK
6
CONTINUOUS
10
-0.1609521653543307
20
0.8592729527559055
11
-0.1583111417322835
21
0.8558311417322835
0
LINE
8
BLACK
6
CONTINUOUS
10
-0.1583111417322835
20
0.8558311417322835
11
-0.158311062992126
21
0.8558311023622047
0
LINE
8
BLACK
6
CONTINUOUS
10
-0.158311062992126
20
0.8558311023622047
11
-0.1438847637795276
21
0.8702574409448819
0
LINE
8
BLACK
6
CONTINUOUS
10
-0.1438847637795276
20
0.8702574409448819
11
-0.1453174803149606
21
0.8722294094488189
0
LINE
8
BLACK
6
CONTINUOUS
10
-0.1453174803149606
20
0.8722294094488189
11
-0.1491038188976378
21
0.8796605118110236
0
LINE
8
BLACK
6
CONTINUOUS
10
-0.1491038188976378
20
0.8796605118110236
11
-0.151681062992126
21
0.8875924803149606
0
LINE
8
BLACK
6
CONTINUOUS
10
-0.151681062992126
20
0.8875924803149606
11
-0.1529857480314961
21
0.8958299212598425
0
LINE
8
BLACK
6
CONTINUOUS
10
-0.1529857480314961
20
0.8958299212598425
11
-0.1529857480314961
21
0.9041700787401574
0
LINE
8
BLACK
6
CONTINUOUS
10
-0.1529857480314961
20
0.9041700787401574
11
-0.151681062992126
21
0.9124075196850393
0
LINE
8
BLACK
6
CONTINUOUS
10
-0.151681062992126
20
0.9124075196850393
11
-0.1491038188976378
21
0.9203394881889764
0
LINE
8
BLACK
6
CONTINUOUS
10
-0.1491038188976378
20
0.9203394881889764
11
-0.1453174803149606
21
0.9277705905511811
0
LINE
8
BLACK
6
CONTINUOUS
10
-0.1453174803149606
20
0.9277705905511811
11
-0.1438847637795276
21
0.9297426377952756
0
LINE
8
BLACK
6
CONTINUOUS
10
-0.1438847637795276
20
0.9297426377952756
11
-0.1583111023622047
21
0.9441689763779527
0
LINE
8
BLACK
6
CONTINUOUS
10
-0.1583111023622047
20
0.9441689763779527
11
-0.1609523228346457
21
0.9407268503937007
0
LINE
8
BLACK
6
CONTINUOUS
10
-0.1609523228346457
20
0.9407268503937007
11
-0.1657464173228347
21
0.9324231889763779
0
LINE
8
BLACK
6
CONTINUOUS
10
-0.1657464173228347
20
0.9324231889763779
11
-0.1657466535433071
21
0.9324227559055118
0
LINE
8
BLACK
6
CONTINUOUS
10
-0.1657466535433071
20
0.9324227559055118
11
-0.169416220472441
21
0.9235636220472441
0
LINE
8
BLACK
6
CONTINUOUS
10
-0.169416220472441
20
0.9235636220472441
11
-0.1718980708661417
21
0.9143011811023621
0
LINE
8
BLACK
6
CONTINUOUS
10
-0.1718980708661417
20
0.9143011811023621
11
-0.1731496062992126
21
0.9047946062992126
0
LINE
8
BLACK
6
CONTINUOUS
10
-0.1731496062992126
20
0.9047946062992126
11
-0.1731496062992126
21
0.8952054330708661
0
CIRCLE
8
BLACK
10
0.85
20
0.25
40
0.0068897637795276
0
CIRCLE
8
BLACK
10
0.75
20
0.25
40
0.0068897637795276
0
CIRCLE
8
BLACK
10
0.85
20
0.35
40
0.0068897637795276
0
CIRCLE
8
BLACK
10
0.75
20
0.35
40
0.0068897637795276
0
CIRCLE
8
BLACK
10
0.85
20
0.45
40
0.0068897637795276
0
CIRCLE
8
BLACK
10
0.75
20
0.45
40
0.0068897637795276
0
CIRCLE
8
BLACK
10
0.85
20
0.5499999999999999
40
0.0068897637795276
0
CIRCLE
8
BLACK
10
0.75
20
0.5499999999999999
40
0.0068897637795276
0
CIRCLE
8
BLACK
10
0.
20
1.2
40
0.0068897637795276
0
CIRCLE
8
BLACK
10
0.7999999999999999
20
0.
40
0.0068897637795276
0
CIRCLE
8
BLACK
10
0.85
20
0.65
40
0.0068897637795276
0
CIRCLE
8
BLACK
10
0.75
20
0.65
40
0.0068897637795276
0
CIRCLE
8
BLACK
10
0.85
20
0.75
40
0.0068897637795276
0
CIRCLE
8
BLACK
10
0.75
20
0.75
40
0.0068897637795276
0
CIRCLE
8
BLACK
10
0.85
20
0.85
40
0.0068897637795276
0
CIRCLE
8
BLACK
10
0.75
20
0.85
40
0.0068897637795276
0
CIRCLE
8
BLACK
10
0.85
20
0.95
40
0.0068897637795276
0
CIRCLE
8
BLACK
10
0.75
20
0.95
40
0.0068897637795276
0
CIRCLE
8
BLACK
10
0.4
20
0.
40
0.0068897637795276
0
CIRCLE
8
BLACK
10
0.3
20
0.1
40
0.0068897637795276
0
CIRCLE
8
BLACK
10
0.3
20
-0.1
40
0.0068897637795276
0
CIRCLE
8
BLACK
10
0.5
20
0.1
40
0.0068897637795276
0
CIRCLE
8
BLACK
10
0.5
20
-0.1
40
0.0068897637795276
0
CIRCLE
8
BLACK
10
0.4
20
0.7
40
0.0068897637795276
0
CIRCLE
8
BLACK
10
0.5
20
0.7
40
0.0068897637795276
0
CIRCLE
8
BLACK
10
0.4
20
0.6
40
0.0068897637795276
0
CIRCLE
8
BLACK
10
0.5
20
0.6
40
0.0068897637795276
0
CIRCLE
8
BLACK
10
0.4
20
0.5
40
0.0068897637795276
0
CIRCLE
8
BLACK
10
0.5
20
0.5
40
0.0068897637795276
0
CIRCLE
8
BLACK
10
0.
20
0.7999999999999999
40
0.0068897637795276
0
CIRCLE
8
BLACK
10
-0.1
20
0.9
40
0.0068897637795276
0
CIRCLE
8
BLACK
10
-0.1
20
0.7
40
0.0068897637795276
0
CIRCLE
8
BLACK
10
0.1
20
0.9
40
0.0068897637795276
0
CIRCLE
8
BLACK
10
0.1
20
0.7
40
0.0068897637795276
0
CIRCLE
8
BLACK
10
0.
20
0.
40
0.0068897637795276
0
CIRCLE
8
BLACK
10
0.7999999999999999
20
1.2
40
0.0068897637795276
0
CIRCLE
8
BLACK
10
0.4
20
1.2
40
0.0068897637795276
0
CIRCLE
8
BLACK
10
0.3
20
1.3
40
0.0068897637795276
0
CIRCLE
8
BLACK
10
0.3
20
1.0999999999999999
40
0.0068897637795276
0
CIRCLE
8
BLACK
10
0.5
20
1.3
40
0.0068897637795276
0
CIRCLE
8
BLACK
10
0.5
20
1.0999999999999999
40
0.0068897637795276
0
CIRCLE
8
BLACK
10
0.
20
0.4
40
0.0068897637795276
0
CIRCLE
8
BLACK
10
-0.1
20
0.5
40
0.0068897637795276
0
CIRCLE
8
BLACK
10
-0.1
20
0.3
40
0.0068897637795276
0
CIRCLE
8
BLACK
10
0.1
20
0.5
40
0.0068897637795276
0
CIRCLE
8
BLACK
10
0.1
20
0.3
40
0.0068897637795276
0
CIRCLE
8
BLACK
10
0.369
20
0.9399999999999999
40
0.0078740157480315
0
CIRCLE
8
BLACK
10
0.21
20
0.82
40
0.0078740157480315
0
CIRCLE
8
BLACK
10
0.226
20
0.9399999999999999
40
0.0078740157480315
0
CIRCLE
8
BLACK
10
0.461
20
0.336
40
0.0078740157480315
0
CIRCLE
8
BLACK
10
0.49
20
0.38
40
0.0078740157480315
0
CIRCLE
8
BLACK
10
0.414
20
0.162
40
0.0078740157480315
0
CIRCLE
8
BLACK
10
0.21
20
0.78
40
0.0078740157480315
0
CIRCLE
8
BLACK
10
0.29
20
0.43
40
0.0078740157480315
0
CIRCLE
8
BLACK
10
0.262
20
0.274
40
0.0078740157480315
0
CIRCLE
8
BLACK
10
0.43
20
0.88
40
0.0078740157480315
0
CIRCLE
8
BLACK
10
0.25
20
0.43
40
0.0078740157480315
0
CIRCLE
8
BLACK
10
0.5499999999999999
20
0.7999999999999999
40
0.0078740157480315
0
CIRCLE
8
BLACK
10
0.3872282677165354
20
0.1820788188976378
40
0.0078740157480315
0
CIRCLE
8
BLACK
10
0.59
20
0.47
40
0.0078740157480315
0
CIRCLE
8
BLACK
10
0.609
20
0.205
40
0.0078740157480315
0
CIRCLE
8
BLACK
10
0.49
20
0.42
40
0.0078740157480315
0
CIRCLE
8
BLACK
10
0.47
20
0.88
40
0.0078740157480315
0
CIRCLE
8
BLACK
10
0.21
20
0.43
40
0.0078740157480315
0
CIRCLE
8
WHITE
10
0.369
20
0.9399999999999999
40
0.0068897637795276
0
CIRCLE
8
WHITE
10
0.21
20
0.82
40
0.0068897637795276
0
CIRCLE
8
WHITE
10
0.226
20
0.9399999999999999
40
0.0068897637795276
0
CIRCLE
8
WHITE
10
0.461
20
0.336
40
0.0068897637795276
0
CIRCLE
8
WHITE
10
0.49
20
0.38
40
0.0068897637795276
0
CIRCLE
8
WHITE
10
0.414
20
0.162
40
0.0068897637795276
0
CIRCLE
8
WHITE
10
0.21
20
0.78
40
0.0068897637795276
0
CIRCLE
8
WHITE
10
0.29
20
0.43
40
0.0068897637795276
0
CIRCLE
8
WHITE
10
0.262
20
0.274
40
0.0068897637795276
0
CIRCLE
8
WHITE
10
0.43
20
0.88
40
0.0068897637795276
0
CIRCLE
8
WHITE
10
0.25
20
0.43
40
0.0068897637795276
0
CIRCLE
8
WHITE
10
0.5499999999999999
20
0.7999999999999999
40
0.0068897637795276
0
CIRCLE
8
WHITE
10
0.3872282677165354
20
0.1820788188976378
40
0.0068897637795276
0
CIRCLE
8
WHITE
10
0.59
20
0.47
40
0.0068897637795276
0
CIRCLE
8
WHITE
10
0.609
20
0.205
40
0.0068897637795276
0
CIRCLE
8
WHITE
10
0.49
20
0.42
40
0.0068897637795276
0
CIRCLE
8
WHITE
10
0.47
20
0.88
40
0.0068897637795276
0
CIRCLE
8
WHITE
10
0.21
20
0.43
40
0.0068897637795276
0
CIRCLE
8
WHITE
10
0.85
20
0.25
40
0.0068897637795276
0
CIRCLE
8
WHITE
10
0.75
20
0.25
40
0.0068897637795276
0
CIRCLE
8
WHITE
10
0.85
20
0.35
40
0.0068897637795276
0
CIRCLE
8
WHITE
10
0.75
20
0.35
40
0.0068897637795276
0
CIRCLE
8
WHITE
10
0.85
20
0.45
40
0.0068897637795276
0
CIRCLE
8
WHITE
10
0.75
20
0.45
40
0.0068897637795276
0
CIRCLE
8
WHITE
10
0.85
20
0.5499999999999999
40
0.0068897637795276
0
CIRCLE
8
WHITE
10
0.75
20
0.5499999999999999
40
0.0068897637795276
0
CIRCLE
8
WHITE
10
0.
20
1.2
40
0.0068897637795276
0
CIRCLE
8
WHITE
10
0.7999999999999999
20
0.
40
0.0068897637795276
0
CIRCLE
8
WHITE
10
0.85
20
0.65
40
0.0068897637795276
0
CIRCLE
8
WHITE
10
0.75
20
0.65
40
0.0068897637795276
0
CIRCLE
8
WHITE
10
0.85
20
0.75
40
0.0068897637795276
0
CIRCLE
8
WHITE
10
0.75
20
0.75
40
0.0068897637795276
0
CIRCLE
8
WHITE
10
0.85
20
0.85
40
0.0068897637795276
0
CIRCLE
8
WHITE
10
0.75
20
0.85
40
0.0068897637795276
0
CIRCLE
8
WHITE
10
0.85
20
0.95
40
0.0068897637795276
0
CIRCLE
8
WHITE
10
0.75
20
0.95
40
0.0068897637795276
0
CIRCLE
8
WHITE
10
0.4
20
0.
40
0.0068897637795276
0
CIRCLE
8
WHITE
10
0.3
20
0.1
40
0.0068897637795276
0
CIRCLE
8
WHITE
10
0.3
20
-0.1
40
0.0068897637795276
0
CIRCLE
8
WHITE
10
0.5
20
0.1
40
0.0068897637795276
0
CIRCLE
8
WHITE
10
0.5
20
-0.1
40
0.0068897637795276
0
CIRCLE
8
WHITE
10
0.4
20
0.7
40
0.0068897637795276
0
CIRCLE
8
WHITE
10
0.5
20
0.7
40
0.0068897637795276
0
CIRCLE
8
WHITE
10
0.4
20
0.6
40
0.0068897637795276
0
CIRCLE
8
WHITE
10
0.5
20
0.6
40
0.0068897637795276
0
CIRCLE
8
WHITE
10
0.4
20
0.5
40
0.0068897637795276
0
CIRCLE
8
WHITE
10
0.5
20
0.5
40
0.0068897637795276
0
CIRCLE
8
WHITE
10
0.
20
0.7999999999999999
40
0.0068897637795276
0
CIRCLE
8
WHITE
10
-0.1
20
0.9
40
0.0068897637795276
0
CIRCLE
8
WHITE
10
-0.1
20
0.7
40
0.0068897637795276
0
CIRCLE
8
WHITE
10
0.1
20
0.9
40
0.0068897637795276
0
CIRCLE
8
WHITE
10
0.1
20
0.7
40
0.0068897637795276
0
CIRCLE
8
WHITE
10
0.
20
0.
40
0.0068897637795276
0
CIRCLE
8
WHITE
10
0.7999999999999999
20
1.2
40
0.0068897637795276
0
CIRCLE
8
WHITE
10
0.4
20
1.2
40
0.0068897637795276
0
CIRCLE
8
WHITE
10
0.3
20
1.3
40
0.0068897637795276
0
CIRCLE
8
WHITE
10
0.3
20
1.0999999999999999
40
0.0068897637795276
0
CIRCLE
8
WHITE
10
0.5
20
1.3
40
0.0068897637795276
0
CIRCLE
8
WHITE
10
0.5
20
1.0999999999999999
40
0.0068897637795276
0
CIRCLE
8
WHITE
10
0.
20
0.4
40
0.0068897637795276
0
CIRCLE
8
WHITE
10
-0.1
20
0.5
40
0.0068897637795276
0
CIRCLE
8
WHITE
10
-0.1
20
0.3
40
0.0068897637795276
0
CIRCLE
8
WHITE
10
0.1
20
0.5
40
0.0068897637795276
0
CIRCLE
8
WHITE
10
0.1
20
0.3
40
0.0068897637795276
  0
ENDSEC
  0
EOF
