  0
SECTION
  2
HEADER
  9
$ANGBASE
  50
0.0
  9
$ANGDIR
  70
1
  9
$MEASUREMENT
  70
0
  0
ENDSEC
  0
SECTION
  2
TABLES
  0
TABLE
  2
LTYPE
  70
4
  0
LTYPE
  5
40F
  2
CONTINUOUS
  70
0
  3
Solid line
  72
65
  73
0
  40
0.0
  0
LTYPE
  5
410
  2
DASHDOT
 70
0
  3
Dash Dot ____ _ ____ _
 72
65
 73
4
 40
2.0
 49
1.25
 49
-0.25
 49
0.25
 49
-0.25
  0
LTYPE
  5
411
  2
DASHED
 70
0
  3
Dashed __ __ __ __ __
 72
65
 73
2
 40
0.75
 49
0.5
 49
-0.25
  0
LTYPE
  5
43B
  2
DOTTED
 70
0
  3
Dotted .  .  .  .
 72
65
 73
2
 40
0.2
 49
0.0
 49
-0.2
  0
ENDTAB
  0
TABLE
  2
STYLE
  70
4
  0
STYLE
  2
KICAD
  70
0
  40
0
  41
1
  42
1
  50
0
  71
0
  3
isocp.shx
  0
STYLE
  2
KICADB
  70
0
  40
0
  41
1
  42
1
  50
0
  71
0
  3
isocp.shx
  0
STYLE
  2
KICADI
  70
0
  40
0
  41
1
  42
1
  50
15
  71
0
  3
isocp.shx
  0
STYLE
  2
KICADBI
  70
0
  40
0
  41
1
  42
1
  50
15
  71
0
  3
isocp.shx
  0
ENDTAB
  0
TABLE
  2
LAYER
  70
1
  0
LAYER
  2
BLACK
  70
0
  62
7
  6
CONTINUOUS
  0
ENDTAB
  0
ENDSEC
  0
SECTION
  2
ENTITIES
0
LINE
8
BLACK
6
CONTINUOUS
10
0.0016404724409449
20
-0.0172299212598425
11
0.0024551181102362
21
-0.0180445669291339
0
LINE
8
BLACK
6
CONTINUOUS
10
0.0024551181102362
20
-0.0180445669291339
11
0.0028960236220472
21
-0.0191089763779528
0
LINE
8
BLACK
6
CONTINUOUS
10
0.0028960236220472
20
-0.0191089763779528
11
0.0029527559055118
21
-0.0196850393700787
0
LINE
8
BLACK
6
CONTINUOUS
10
0.0029527559055118
20
-0.0196850393700787
11
0.0029527559055118
21
-0.2951339763779527
0
LINE
8
BLACK
6
CONTINUOUS
10
0.0029527559055118
20
-0.2951339763779527
11
0.042987125984252
21
-0.2742934251968504
0
LINE
8
BLACK
6
CONTINUOUS
10
0.042987125984252
20
-0.2742934251968504
11
0.0435242913385827
21
-0.2740777559055118
0
LINE
8
BLACK
6
CONTINUOUS
10
0.0435242913385827
20
-0.2740777559055118
11
0.0446720078740157
21
-0.2739773622047244
0
LINE
8
BLACK
6
CONTINUOUS
10
0.0446720078740157
20
-0.2739773622047244
11
0.0457707874015748
21
-0.2743238188976378
0
LINE
8
BLACK
6
CONTINUOUS
10
0.0457707874015748
20
-0.2743238188976378
11
0.0466533464566929
21
-0.2750643700787401
0
LINE
8
BLACK
6
CONTINUOUS
10
0.0466533464566929
20
-0.2750643700787401
11
0.0471853543307087
21
-0.2760862992125984
0
LINE
8
BLACK
6
CONTINUOUS
10
0.0471853543307087
20
-0.2760862992125984
11
0.0472857480314961
21
-0.2772340157480315
0
LINE
8
BLACK
6
CONTINUOUS
10
0.0472857480314961
20
-0.2772340157480315
11
0.0469392913385827
21
-0.2783327952755906
0
LINE
8
BLACK
6
CONTINUOUS
10
0.0469392913385827
20
-0.2783327952755906
11
0.0461987401574803
21
-0.2792153543307087
0
LINE
8
BLACK
6
CONTINUOUS
10
0.0461987401574803
20
-0.2792153543307087
11
0.0457139763779528
21
-0.2795316929133858
0
LINE
8
BLACK
6
CONTINUOUS
10
0.0457139763779528
20
-0.2795316929133858
11
0.0120669291338583
21
-0.2970472440944882
0
LINE
8
BLACK
6
CONTINUOUS
10
0.0120669291338583
20
-0.2970472440944882
11
0.7879330708661417
21
-0.2970472440944882
0
LINE
8
BLACK
6
CONTINUOUS
10
0.7879330708661417
20
-0.2970472440944882
11
0.7542860236220472
21
-0.2795316929133858
0
LINE
8
BLACK
6
CONTINUOUS
10
0.7542860236220472
20
-0.2795316929133858
11
0.7538012204724409
21
-0.2792153543307087
0
LINE
8
BLACK
6
CONTINUOUS
10
0.7538012204724409
20
-0.2792153543307087
11
0.7530606692913385
21
-0.2783327952755906
0
LINE
8
BLACK
6
CONTINUOUS
10
0.7530606692913385
20
-0.2783327952755906
11
0.7527142519685039
21
-0.2772340157480315
0
LINE
8
BLACK
6
CONTINUOUS
10
0.7527142519685039
20
-0.2772340157480315
11
0.7528146456692913
21
-0.2760862992125984
0
LINE
8
BLACK
6
CONTINUOUS
10
0.7528146456692913
20
-0.2760862992125984
11
0.7533466535433071
21
-0.2750643307086614
0
LINE
8
BLACK
6
CONTINUOUS
10
0.7533466535433071
20
-0.2750643307086614
11
0.7542292125984251
21
-0.274323779527559
0
LINE
8
BLACK
6
CONTINUOUS
10
0.7542292125984251
20
-0.274323779527559
11
0.7553279921259842
21
-0.2739773622047244
0
LINE
8
BLACK
6
CONTINUOUS
10
0.7553279921259842
20
-0.2739773622047244
11
0.7564757086614173
21
-0.2740777559055118
0
LINE
8
BLACK
6
CONTINUOUS
10
0.7564757086614173
20
-0.2740777559055118
11
0.757012874015748
21
-0.2742934251968504
0
LINE
8
BLACK
6
CONTINUOUS
10
0.757012874015748
20
-0.2742934251968504
11
0.7970472440944881
21
-0.2951339763779527
0
LINE
8
BLACK
6
CONTINUOUS
10
0.7970472440944881
20
-0.2951339763779527
11
0.7970472440944881
21
-0.0196850393700787
0
LINE
8
BLACK
6
CONTINUOUS
10
0.7970472440944881
20
-0.0196850393700787
11
0.7971039763779527
21
-0.0191089763779528
0
LINE
8
BLACK
6
CONTINUOUS
10
0.7971039763779527
20
-0.0191089763779528
11
0.7975448818897638
21
-0.0180445669291339
0
LINE
8
BLACK
6
CONTINUOUS
10
0.7975448818897638
20
-0.0180445669291339
11
0.7983595275590551
21
-0.0172299212598425
0
LINE
8
BLACK
6
CONTINUOUS
10
0.7983595275590551
20
-0.0172299212598425
11
0.799423937007874
21
-0.0167890157480315
0
LINE
8
BLACK
6
CONTINUOUS
10
0.799423937007874
20
-0.0167890157480315
11
0.8005760629921259
21
-0.0167890157480315
0
LINE
8
BLACK
6
CONTINUOUS
10
0.8005760629921259
20
-0.0167890157480315
11
0.8016404724409448
21
-0.0172299212598425
0
LINE
8
BLACK
6
CONTINUOUS
10
0.8016404724409448
20
-0.0172299212598425
11
0.8024551181102362
21
-0.0180445669291339
0
LINE
8
BLACK
6
CONTINUOUS
10
0.8024551181102362
20
-0.0180445669291339
11
0.8028960236220473
21
-0.0191089763779528
0
LINE
8
BLACK
6
CONTINUOUS
10
0.8028960236220473
20
-0.0191089763779528
11
0.8029527559055117
21
-0.0196850393700787
0
LINE
8
BLACK
6
CONTINUOUS
10
0.8029527559055117
20
-0.0196850393700787
11
0.8029527559055117
21
-0.3230874015748031
0
LINE
8
BLACK
6
CONTINUOUS
10
0.8029527559055117
20
-0.3230874015748031
11
0.8028960236220473
21
-0.3236634645669291
0
LINE
8
BLACK
6
CONTINUOUS
10
0.8028960236220473
20
-0.3236634645669291
11
0.8024551181102362
21
-0.324727874015748
0
LINE
8
BLACK
6
CONTINUOUS
10
0.8024551181102362
20
-0.324727874015748
11
0.8016404724409448
21
-0.3255425196850394
0
LINE
8
BLACK
6
CONTINUOUS
10
0.8016404724409448
20
-0.3255425196850394
11
0.8005760629921259
21
-0.3259834251968504
0
LINE
8
BLACK
6
CONTINUOUS
10
0.8005760629921259
20
-0.3259834251968504
11
0.799423937007874
21
-0.3259834251968504
0
LINE
8
BLACK
6
CONTINUOUS
10
0.799423937007874
20
-0.3259834251968504
11
0.7983595275590551
21
-0.3255425196850394
0
LINE
8
BLACK
6
CONTINUOUS
10
0.7983595275590551
20
-0.3255425196850394
11
0.7975448818897638
21
-0.324727874015748
0
LINE
8
BLACK
6
CONTINUOUS
10
0.7975448818897638
20
-0.324727874015748
11
0.7971039763779527
21
-0.3236634645669291
0
LINE
8
BLACK
6
CONTINUOUS
10
0.7971039763779527
20
-0.3236634645669291
11
0.7970472440944881
21
-0.3230874015748031
0
LINE
8
BLACK
6
CONTINUOUS
10
0.7970472440944881
20
-0.3230874015748031
11
0.7970472440944881
21
-0.3048659842519685
0
LINE
8
BLACK
6
CONTINUOUS
10
0.7970472440944881
20
-0.3048659842519685
11
0.757012874015748
21
-0.3257065748031496
0
LINE
8
BLACK
6
CONTINUOUS
10
0.757012874015748
20
-0.3257065748031496
11
0.7564757086614173
21
-0.3259222440944882
0
LINE
8
BLACK
6
CONTINUOUS
10
0.7564757086614173
20
-0.3259222440944882
11
0.7553279921259842
21
-0.3260226377952756
0
LINE
8
BLACK
6
CONTINUOUS
10
0.7553279921259842
20
-0.3260226377952756
11
0.7542292125984251
21
-0.3256762204724409
0
LINE
8
BLACK
6
CONTINUOUS
10
0.7542292125984251
20
-0.3256762204724409
11
0.7533466535433071
21
-0.3249356692913386
0
LINE
8
BLACK
6
CONTINUOUS
10
0.7533466535433071
20
-0.3249356692913386
11
0.7528146456692913
21
-0.3239137007874016
0
LINE
8
BLACK
6
CONTINUOUS
10
0.7528146456692913
20
-0.3239137007874016
11
0.7527142519685039
21
-0.3227659842519685
0
LINE
8
BLACK
6
CONTINUOUS
10
0.7527142519685039
20
-0.3227659842519685
11
0.7530606692913385
21
-0.3216672047244095
0
LINE
8
BLACK
6
CONTINUOUS
10
0.7530606692913385
20
-0.3216672047244095
11
0.7538012204724409
21
-0.3207846456692913
0
LINE
8
BLACK
6
CONTINUOUS
10
0.7538012204724409
20
-0.3207846456692913
11
0.7542860236220472
21
-0.3204683070866142
0
LINE
8
BLACK
6
CONTINUOUS
10
0.7542860236220472
20
-0.3204683070866142
11
0.7879330708661417
21
-0.3029527559055118
0
LINE
8
BLACK
6
CONTINUOUS
10
0.7879330708661417
20
-0.3029527559055118
11
0.0120669291338583
21
-0.3029527559055118
0
LINE
8
BLACK
6
CONTINUOUS
10
0.0120669291338583
20
-0.3029527559055118
11
0.0457139763779528
21
-0.3204683070866142
0
LINE
8
BLACK
6
CONTINUOUS
10
0.0457139763779528
20
-0.3204683070866142
11
0.0461987401574803
21
-0.3207846456692913
0
LINE
8
BLACK
6
CONTINUOUS
10
0.0461987401574803
20
-0.3207846456692913
11
0.0469392913385827
21
-0.3216672047244095
0
LINE
8
BLACK
6
CONTINUOUS
10
0.0469392913385827
20
-0.3216672047244095
11
0.0472857480314961
21
-0.3227659842519685
0
LINE
8
BLACK
6
CONTINUOUS
10
0.0472857480314961
20
-0.3227659842519685
11
0.0471853543307087
21
-0.3239137007874016
0
LINE
8
BLACK
6
CONTINUOUS
10
0.0471853543307087
20
-0.3239137007874016
11
0.0466533464566929
21
-0.3249356299212598
0
LINE
8
BLACK
6
CONTINUOUS
10
0.0466533464566929
20
-0.3249356299212598
11
0.0457707874015748
21
-0.3256761811023622
0
LINE
8
BLACK
6
CONTINUOUS
10
0.0457707874015748
20
-0.3256761811023622
11
0.0446720078740157
21
-0.3260226377952756
0
LINE
8
BLACK
6
CONTINUOUS
10
0.0446720078740157
20
-0.3260226377952756
11
0.0435242913385827
21
-0.3259222440944882
0
LINE
8
BLACK
6
CONTINUOUS
10
0.0435242913385827
20
-0.3259222440944882
11
0.042987125984252
21
-0.3257065748031496
0
LINE
8
BLACK
6
CONTINUOUS
10
0.042987125984252
20
-0.3257065748031496
11
0.0029527559055118
21
-0.3048659842519685
0
LINE
8
BLACK
6
CONTINUOUS
10
0.0029527559055118
20
-0.3048659842519685
11
0.0029527559055118
21
-0.3230874015748031
0
LINE
8
BLACK
6
CONTINUOUS
10
0.0029527559055118
20
-0.3230874015748031
11
0.0028960236220472
21
-0.3236634645669291
0
LINE
8
BLACK
6
CONTINUOUS
10
0.0028960236220472
20
-0.3236634645669291
11
0.0024551181102362
21
-0.324727874015748
0
LINE
8
BLACK
6
CONTINUOUS
10
0.0024551181102362
20
-0.324727874015748
11
0.0016404724409449
21
-0.3255425196850394
0
LINE
8
BLACK
6
CONTINUOUS
10
0.0016404724409449
20
-0.3255425196850394
11
0.000576062992126
21
-0.3259834251968504
0
LINE
8
BLACK
6
CONTINUOUS
10
0.000576062992126
20
-0.3259834251968504
11
-0.000576062992126
21
-0.3259834251968504
0
LINE
8
BLACK
6
CONTINUOUS
10
-0.000576062992126
20
-0.3259834251968504
11
-0.0016404724409449
21
-0.3255425196850394
0
LINE
8
BLACK
6
CONTINUOUS
10
-0.0016404724409449
20
-0.3255425196850394
11
-0.0024551181102362
21
-0.324727874015748
0
LINE
8
BLACK
6
CONTINUOUS
10
-0.0024551181102362
20
-0.324727874015748
11
-0.0028960236220472
21
-0.3236634645669291
0
LINE
8
BLACK
6
CONTINUOUS
10
-0.0028960236220472
20
-0.3236634645669291
11
-0.0029527559055118
21
-0.3230874015748031
0
LINE
8
BLACK
6
CONTINUOUS
10
-0.0029527559055118
20
-0.3230874015748031
11
-0.0029527559055118
21
-0.0196850393700787
0
LINE
8
BLACK
6
CONTINUOUS
10
-0.0029527559055118
20
-0.0196850393700787
11
-0.0028960236220472
21
-0.0191089763779528
0
LINE
8
BLACK
6
CONTINUOUS
10
-0.0028960236220472
20
-0.0191089763779528
11
-0.0024551181102362
21
-0.0180445669291339
0
LINE
8
BLACK
6
CONTINUOUS
10
-0.0024551181102362
20
-0.0180445669291339
11
-0.0016404724409449
21
-0.0172299212598425
0
LINE
8
BLACK
6
CONTINUOUS
10
-0.0016404724409449
20
-0.0172299212598425
11
-0.000576062992126
21
-0.0167890157480315
0
LINE
8
BLACK
6
CONTINUOUS
10
-0.000576062992126
20
-0.0167890157480315
11
0.000576062992126
21
-0.0167890157480315
0
LINE
8
BLACK
6
CONTINUOUS
10
0.000576062992126
20
-0.0167890157480315
11
0.0016404724409449
21
-0.0172299212598425
0
LINE
8
BLACK
6
CONTINUOUS
10
0.2337219291338583
20
-0.2303645669291338
11
0.2338199212598425
21
-0.230405157480315
0
LINE
8
BLACK
6
CONTINUOUS
10
0.2338199212598425
20
-0.230405157480315
11
0.233925748031496
21
-0.2304126771653543
0
LINE
8
BLACK
6
CONTINUOUS
10
0.233925748031496
20
-0.2304126771653543
11
0.2344663779527559
21
-0.2306195669291339
0
LINE
8
BLACK
6
CONTINUOUS
10
0.2344663779527559
20
-0.2306195669291339
11
0.238215905511811
21
-0.2324943307086614
0
LINE
8
BLACK
6
CONTINUOUS
10
0.238215905511811
20
-0.2324943307086614
11
0.2384638976377953
21
-0.2326503937007874
0
LINE
8
BLACK
6
CONTINUOUS
10
0.2384638976377953
20
-0.2326503937007874
11
0.2385358661417323
21
-0.2326802362204724
0
LINE
8
BLACK
6
CONTINUOUS
10
0.2385358661417323
20
-0.2326802362204724
11
0.238616811023622
21
-0.2327466929133858
0
LINE
8
BLACK
6
CONTINUOUS
10
0.238616811023622
20
-0.2327466929133858
11
0.2387057874015748
21
-0.2328026771653543
0
LINE
8
BLACK
6
CONTINUOUS
10
0.2387057874015748
20
-0.2328026771653543
11
0.2387569291338583
21
-0.2328616535433071
0
LINE
8
BLACK
6
CONTINUOUS
10
0.2387569291338583
20
-0.2328616535433071
11
0.2389833070866142
21
-0.2330474409448819
0
LINE
8
BLACK
6
CONTINUOUS
10
0.2389833070866142
20
-0.2330474409448819
11
0.2408580708661417
21
-0.2349222047244094
0
LINE
8
BLACK
6
CONTINUOUS
10
0.2408580708661417
20
-0.2349222047244094
11
0.2410438188976378
21
-0.2351485433070866
0
LINE
8
BLACK
6
CONTINUOUS
10
0.2410438188976378
20
-0.2351485433070866
11
0.2411028346456693
21
-0.2351997244094488
0
LINE
8
BLACK
6
CONTINUOUS
10
0.2411028346456693
20
-0.2351997244094488
11
0.241158779527559
21
-0.2352886614173228
0
LINE
8
BLACK
6
CONTINUOUS
10
0.241158779527559
20
-0.2352886614173228
11
0.2412252755905512
21
-0.2353696456692913
0
LINE
8
BLACK
6
CONTINUOUS
10
0.2412252755905512
20
-0.2353696456692913
11
0.2412550787401575
21
-0.2354415748031496
0
LINE
8
BLACK
6
CONTINUOUS
10
0.2412550787401575
20
-0.2354415748031496
11
0.2414111811023622
21
-0.2356896062992126
0
LINE
8
BLACK
6
CONTINUOUS
10
0.2414111811023622
20
-0.2356896062992126
11
0.2432859448818898
21
-0.2394391338582677
0
LINE
8
BLACK
6
CONTINUOUS
10
0.2432859448818898
20
-0.2394391338582677
11
0.2434928346456693
21
-0.2399797244094488
0
LINE
8
BLACK
6
CONTINUOUS
10
0.2434928346456693
20
-0.2399797244094488
11
0.2435003543307087
21
-0.2400855905511811
0
LINE
8
BLACK
6
CONTINUOUS
10
0.2435003543307087
20
-0.2400855905511811
11
0.2435409448818898
21
-0.2401835826771654
0
LINE
8
BLACK
6
CONTINUOUS
10
0.2435409448818898
20
-0.2401835826771654
11
0.2435976771653543
21
-0.2407596456692913
0
LINE
8
BLACK
6
CONTINUOUS
10
0.2435976771653543
20
-0.2407596456692913
11
0.2435976771653543
21
-0.2445091732283464
0
LINE
8
BLACK
6
CONTINUOUS
10
0.2435976771653543
20
-0.2445091732283464
11
0.243568937007874
21
-0.2448007480314961
0
LINE
8
BLACK
6
CONTINUOUS
10
0.243568937007874
20
-0.2448007480314961
11
0.2435744881889764
21
-0.2448785039370079
0
LINE
8
BLACK
6
CONTINUOUS
10
0.2435744881889764
20
-0.2448785039370079
11
0.2435512204724409
21
-0.2449807480314961
0
LINE
8
BLACK
6
CONTINUOUS
10
0.2435512204724409
20
-0.2449807480314961
11
0.2435409448818898
21
-0.2450852362204724
0
LINE
8
BLACK
6
CONTINUOUS
10
0.2435409448818898
20
-0.2450852362204724
11
0.243511062992126
21
-0.2451572834645669
0
LINE
8
BLACK
6
CONTINUOUS
10
0.243511062992126
20
-0.2451572834645669
11
0.2434461417322835
21
-0.2454429527559055
0
LINE
8
BLACK
6
CONTINUOUS
10
0.2434461417322835
20
-0.2454429527559055
11
0.2415713779527559
21
-0.2510672047244095
0
LINE
8
BLACK
6
CONTINUOUS
10
0.2415713779527559
20
-0.2510672047244095
11
0.2413353937007874
21
-0.2515957874015748
0
LINE
8
BLACK
6
CONTINUOUS
10
0.2413353937007874
20
-0.2515957874015748
11
0.241265905511811
21
-0.2516758661417323
0
LINE
8
BLACK
6
CONTINUOUS
10
0.241265905511811
20
-0.2516758661417323
11
0.2412253149606299
21
-0.251773937007874
0
LINE
8
BLACK
6
CONTINUOUS
10
0.2412253149606299
20
-0.251773937007874
11
0.2408580708661417
21
-0.2522213779527559
0
LINE
8
BLACK
6
CONTINUOUS
10
0.2408580708661417
20
-0.2522213779527559
11
0.2234015748031496
21
-0.2696779133858268
0
LINE
8
BLACK
6
CONTINUOUS
10
0.2234015748031496
20
-0.2696779133858268
11
0.2406449212598425
21
-0.2696779133858268
0
LINE
8
BLACK
6
CONTINUOUS
10
0.2406449212598425
20
-0.2696779133858268
11
0.2412209842519685
21
-0.2697346456692913
0
LINE
8
BLACK
6
CONTINUOUS
10
0.2412209842519685
20
-0.2697346456692913
11
0.2422853937007874
21
-0.2701755511811024
0
LINE
8
BLACK
6
CONTINUOUS
10
0.2422853937007874
20
-0.2701755511811024
11
0.2431000393700787
21
-0.2709901968503937
0
LINE
8
BLACK
6
CONTINUOUS
10
0.2431000393700787
20
-0.2709901968503937
11
0.2435409448818898
21
-0.2720546062992126
0
LINE
8
BLACK
6
CONTINUOUS
10
0.2435409448818898
20
-0.2720546062992126
11
0.2435409448818898
21
-0.2732067322834645
0
LINE
8
BLACK
6
CONTINUOUS
10
0.2435409448818898
20
-0.2732067322834645
11
0.2431000393700787
21
-0.2742711417322835
0
LINE
8
BLACK
6
CONTINUOUS
10
0.2431000393700787
20
-0.2742711417322835
11
0.2422853937007874
21
-0.2750857874015748
0
LINE
8
BLACK
6
CONTINUOUS
10
0.2422853937007874
20
-0.2750857874015748
11
0.2412209842519685
21
-0.2755266929133858
0
LINE
8
BLACK
6
CONTINUOUS
10
0.2412209842519685
20
-0.2755266929133858
11
0.2406449212598425
21
-0.2755834251968504
0
LINE
8
BLACK
6
CONTINUOUS
10
0.2406449212598425
20
-0.2755834251968504
11
0.2162729921259842
21
-0.2755834251968504
0
LINE
8
BLACK
6
CONTINUOUS
10
0.2162729921259842
20
-0.2755834251968504
11
0.2156969291338583
21
-0.2755266929133858
0
LINE
8
BLACK
6
CONTINUOUS
10
0.2156969291338583
20
-0.2755266929133858
11
0.2146325196850394
21
-0.2750857874015748
0
LINE
8
BLACK
6
CONTINUOUS
10
0.2146325196850394
20
-0.2750857874015748
11
0.213817874015748
21
-0.2742711417322835
0
LINE
8
BLACK
6
CONTINUOUS
10
0.213817874015748
20
-0.2742711417322835
11
0.213376968503937
21
-0.2732067322834645
0
LINE
8
BLACK
6
CONTINUOUS
10
0.213376968503937
20
-0.2732067322834645
11
0.213376968503937
21
-0.2720546062992126
0
LINE
8
BLACK
6
CONTINUOUS
10
0.213376968503937
20
-0.2720546062992126
11
0.213817874015748
21
-0.2709901968503937
0
LINE
8
BLACK
6
CONTINUOUS
10
0.213817874015748
20
-0.2709901968503937
11
0.2141850787401575
21
-0.2705427559055118
0
LINE
8
BLACK
6
CONTINUOUS
10
0.2141850787401575
20
-0.2705427559055118
11
0.2361893307086614
21
-0.2485384251968504
0
LINE
8
BLACK
6
CONTINUOUS
10
0.2361893307086614
20
-0.2485384251968504
11
0.2376921653543307
21
-0.2440300393700787
0
LINE
8
BLACK
6
CONTINUOUS
10
0.2376921653543307
20
-0.2440300393700787
11
0.2376921653543307
21
-0.2414566929133858
0
LINE
8
BLACK
6
CONTINUOUS
10
0.2376921653543307
20
-0.2414566929133858
11
0.2363434251968504
21
-0.2387592125984252
0
LINE
8
BLACK
6
CONTINUOUS
10
0.2363434251968504
20
-0.2387592125984252
11
0.2351462992125984
21
-0.2375620866141732
0
LINE
8
BLACK
6
CONTINUOUS
10
0.2351462992125984
20
-0.2375620866141732
11
0.2324488188976378
21
-0.2362133464566929
0
LINE
8
BLACK
6
CONTINUOUS
10
0.2324488188976378
20
-0.2362133464566929
11
0.224469094488189
21
-0.2362133464566929
0
LINE
8
BLACK
6
CONTINUOUS
10
0.224469094488189
20
-0.2362133464566929
11
0.2217716141732284
21
-0.2375620866141732
0
LINE
8
BLACK
6
CONTINUOUS
10
0.2217716141732284
20
-0.2375620866141732
11
0.2202356692913386
21
-0.239098031496063
0
LINE
8
BLACK
6
CONTINUOUS
10
0.2202356692913386
20
-0.239098031496063
11
0.2197882283464567
21
-0.2394652362204724
0
LINE
8
BLACK
6
CONTINUOUS
10
0.2197882283464567
20
-0.2394652362204724
11
0.2187237795275591
21
-0.2399061417322834
0
LINE
8
BLACK
6
CONTINUOUS
10
0.2187237795275591
20
-0.2399061417322834
11
0.2175717322834646
21
-0.2399061417322834
0
LINE
8
BLACK
6
CONTINUOUS
10
0.2175717322834646
20
-0.2399061417322834
11
0.2165072834645669
21
-0.2394652362204724
0
LINE
8
BLACK
6
CONTINUOUS
10
0.2165072834645669
20
-0.2394652362204724
11
0.2156926377952756
21
-0.2386505905511811
0
LINE
8
BLACK
6
CONTINUOUS
10
0.2156926377952756
20
-0.2386505905511811
11
0.2152517322834646
21
-0.2375861417322835
0
LINE
8
BLACK
6
CONTINUOUS
10
0.2152517322834646
20
-0.2375861417322835
11
0.2152517322834646
21
-0.236434094488189
0
LINE
8
BLACK
6
CONTINUOUS
10
0.2152517322834646
20
-0.236434094488189
11
0.2156926377952756
21
-0.2353696456692913
0
LINE
8
BLACK
6
CONTINUOUS
10
0.2156926377952756
20
-0.2353696456692913
11
0.216059842519685
21
-0.2349222047244094
0
LINE
8
BLACK
6
CONTINUOUS
10
0.216059842519685
20
-0.2349222047244094
11
0.2179346062992126
21
-0.2330474409448819
0
LINE
8
BLACK
6
CONTINUOUS
10
0.2179346062992126
20
-0.2330474409448819
11
0.2181609448818898
21
-0.2328616535433071
0
LINE
8
BLACK
6
CONTINUOUS
10
0.2181609448818898
20
-0.2328616535433071
11
0.218212125984252
21
-0.2328026771653543
0
LINE
8
BLACK
6
CONTINUOUS
10
0.218212125984252
20
-0.2328026771653543
11
0.218301062992126
21
-0.2327466929133858
0
LINE
8
BLACK
6
CONTINUOUS
10
0.218301062992126
20
-0.2327466929133858
11
0.2183820472440945
21
-0.2326802362204724
0
LINE
8
BLACK
6
CONTINUOUS
10
0.2183820472440945
20
-0.2326802362204724
11
0.2184539763779527
21
-0.2326503937007874
0
LINE
8
BLACK
6
CONTINUOUS
10
0.2184539763779527
20
-0.2326503937007874
11
0.2187020078740158
21
-0.2324943307086614
0
LINE
8
BLACK
6
CONTINUOUS
10
0.2187020078740158
20
-0.2324943307086614
11
0.2224515354330709
21
-0.2306195669291339
0
LINE
8
BLACK
6
CONTINUOUS
10
0.2224515354330709
20
-0.2306195669291339
11
0.222992125984252
21
-0.2304126771653543
0
LINE
8
BLACK
6
CONTINUOUS
10
0.222992125984252
20
-0.2304126771653543
11
0.2230979921259842
21
-0.2304051181102362
0
LINE
8
BLACK
6
CONTINUOUS
10
0.2230979921259842
20
-0.2304051181102362
11
0.2231959842519685
21
-0.2303645669291338
0
LINE
8
BLACK
6
CONTINUOUS
10
0.2231959842519685
20
-0.2303645669291338
11
0.2237720472440945
21
-0.2303078346456693
0
LINE
8
BLACK
6
CONTINUOUS
10
0.2237720472440945
20
-0.2303078346456693
11
0.2331458661417323
21
-0.2303078346456693
0
LINE
8
BLACK
6
CONTINUOUS
10
0.2331458661417323
20
-0.2303078346456693
11
0.2337219291338583
21
-0.2303645669291338
0
LINE
8
BLACK
6
CONTINUOUS
10
0.2693424803149606
20
-0.2303645669291338
11
0.2694404724409449
21
-0.230405157480315
0
LINE
8
BLACK
6
CONTINUOUS
10
0.2694404724409449
20
-0.230405157480315
11
0.2695462992125984
21
-0.2304126771653543
0
LINE
8
BLACK
6
CONTINUOUS
10
0.2695462992125984
20
-0.2304126771653543
11
0.2700869291338583
21
-0.2306195669291339
0
LINE
8
BLACK
6
CONTINUOUS
10
0.2700869291338583
20
-0.2306195669291339
11
0.2738364566929134
21
-0.2324943307086614
0
LINE
8
BLACK
6
CONTINUOUS
10
0.2738364566929134
20
-0.2324943307086614
11
0.2740844488188977
21
-0.2326503937007874
0
LINE
8
BLACK
6
CONTINUOUS
10
0.2740844488188977
20
-0.2326503937007874
11
0.2741564173228346
21
-0.2326802362204724
0
LINE
8
BLACK
6
CONTINUOUS
10
0.2741564173228346
20
-0.2326802362204724
11
0.2742373622047244
21
-0.2327466929133858
0
LINE
8
BLACK
6
CONTINUOUS
10
0.2742373622047244
20
-0.2327466929133858
11
0.2743263385826771
21
-0.2328026771653543
0
LINE
8
BLACK
6
CONTINUOUS
10
0.2743263385826771
20
-0.2328026771653543
11
0.2743774803149606
21
-0.2328616535433071
0
LINE
8
BLACK
6
CONTINUOUS
10
0.2743774803149606
20
-0.2328616535433071
11
0.2746038582677165
21
-0.2330474409448819
0
LINE
8
BLACK
6
CONTINUOUS
10
0.2746038582677165
20
-0.2330474409448819
11
0.2764786220472441
21
-0.2349222047244094
0
LINE
8
BLACK
6
CONTINUOUS
10
0.2764786220472441
20
-0.2349222047244094
11
0.2766643700787402
21
-0.2351485433070866
0
LINE
8
BLACK
6
CONTINUOUS
10
0.2766643700787402
20
-0.2351485433070866
11
0.2767233858267716
21
-0.2351997244094488
0
LINE
8
BLACK
6
CONTINUOUS
10
0.2767233858267716
20
-0.2351997244094488
11
0.2767793307086614
21
-0.2352886614173228
0
LINE
8
BLACK
6
CONTINUOUS
10
0.2767793307086614
20
-0.2352886614173228
11
0.2768458267716535
21
-0.2353696456692913
0
LINE
8
BLACK
6
CONTINUOUS
10
0.2768458267716535
20
-0.2353696456692913
11
0.2768756299212599
21
-0.2354415748031496
0
LINE
8
BLACK
6
CONTINUOUS
10
0.2768756299212599
20
-0.2354415748031496
11
0.2770317322834646
21
-0.2356896062992126
0
LINE
8
BLACK
6
CONTINUOUS
10
0.2770317322834646
20
-0.2356896062992126
11
0.2789064960629921
21
-0.2394391338582677
0
LINE
8
BLACK
6
CONTINUOUS
10
0.2789064960629921
20
-0.2394391338582677
11
0.2789225984251968
21
-0.2394812204724409
0
LINE
8
BLACK
6
CONTINUOUS
10
0.2789225984251968
20
-0.2394812204724409
11
0.2789353149606299
21
-0.2394983858267717
0
LINE
8
BLACK
6
CONTINUOUS
10
0.2789353149606299
20
-0.2394983858267717
11
0.2790216141732283
21
-0.2397399606299213
0
LINE
8
BLACK
6
CONTINUOUS
10
0.2790216141732283
20
-0.2397399606299213
11
0.2791133858267716
21
-0.2399797244094488
0
LINE
8
BLACK
6
CONTINUOUS
10
0.2791133858267716
20
-0.2399797244094488
11
0.2791148818897638
21
-0.2400009842519685
0
LINE
8
BLACK
6
CONTINUOUS
10
0.2791148818897638
20
-0.2400009842519685
11
0.2791300787401575
21
-0.2400435039370079
0
LINE
8
BLACK
6
CONTINUOUS
10
0.2791300787401575
20
-0.2400435039370079
11
0.281004842519685
21
-0.2475425590551181
0
LINE
8
BLACK
6
CONTINUOUS
10
0.281004842519685
20
-0.2475425590551181
11
0.2810196062992126
21
-0.2476424015748031
0
LINE
8
BLACK
6
CONTINUOUS
10
0.2810196062992126
20
-0.2476424015748031
11
0.2810362598425197
21
-0.2476826377952756
0
LINE
8
BLACK
6
CONTINUOUS
10
0.2810362598425197
20
-0.2476826377952756
11
0.2810575984251968
21
-0.2478996456692913
0
LINE
8
BLACK
6
CONTINUOUS
10
0.2810575984251968
20
-0.2478996456692913
11
0.2810894881889764
21
-0.248115157480315
0
LINE
8
BLACK
6
CONTINUOUS
10
0.2810894881889764
20
-0.248115157480315
11
0.2810830708661417
21
-0.2481581496062992
0
LINE
8
BLACK
6
CONTINUOUS
10
0.2810830708661417
20
-0.2481581496062992
11
0.2810929921259843
21
-0.2482587007874016
0
LINE
8
BLACK
6
CONTINUOUS
10
0.2810929921259843
20
-0.2482587007874016
11
0.2810929921259843
21
-0.2576325196850394
0
LINE
8
BLACK
6
CONTINUOUS
10
0.2810929921259843
20
-0.2576325196850394
11
0.2810830708661417
21
-0.257733031496063
0
LINE
8
BLACK
6
CONTINUOUS
10
0.2810830708661417
20
-0.257733031496063
11
0.2810894881889764
21
-0.257776062992126
0
LINE
8
BLACK
6
CONTINUOUS
10
0.2810894881889764
20
-0.257776062992126
11
0.2810575984251968
21
-0.2579915354330709
0
LINE
8
BLACK
6
CONTINUOUS
10
0.2810575984251968
20
-0.2579915354330709
11
0.2810362598425197
21
-0.2582085826771653
0
LINE
8
BLACK
6
CONTINUOUS
10
0.2810362598425197
20
-0.2582085826771653
11
0.2810196062992126
21
-0.258248779527559
0
LINE
8
BLACK
6
CONTINUOUS
10
0.2810196062992126
20
-0.258248779527559
11
0.281004842519685
21
-0.2583486614173228
0
LINE
8
BLACK
6
CONTINUOUS
10
0.281004842519685
20
-0.2583486614173228
11
0.2791300787401575
21
-0.265847716535433
0
LINE
8
BLACK
6
CONTINUOUS
10
0.2791300787401575
20
-0.265847716535433
11
0.2791148818897638
21
-0.2658901968503937
0
LINE
8
BLACK
6
CONTINUOUS
10
0.2791148818897638
20
-0.2658901968503937
11
0.2791133858267716
21
-0.2659114960629921
0
LINE
8
BLACK
6
CONTINUOUS
10
0.2791133858267716
20
-0.2659114960629921
11
0.2790216141732283
21
-0.2661512204724409
0
LINE
8
BLACK
6
CONTINUOUS
10
0.2790216141732283
20
-0.2661512204724409
11
0.2789353149606299
21
-0.2663928346456693
0
LINE
8
BLACK
6
CONTINUOUS
10
0.2789353149606299
20
-0.2663928346456693
11
0.2789225984251968
21
-0.2664099606299212
0
LINE
8
BLACK
6
CONTINUOUS
10
0.2789225984251968
20
-0.2664099606299212
11
0.2789064960629921
21
-0.2664520866141732
0
LINE
8
BLACK
6
CONTINUOUS
10
0.2789064960629921
20
-0.2664520866141732
11
0.2770317322834646
21
-0.2702016141732284
0
LINE
8
BLACK
6
CONTINUOUS
10
0.2770317322834646
20
-0.2702016141732284
11
0.2768756692913386
21
-0.2704494881889764
0
LINE
8
BLACK
6
CONTINUOUS
10
0.2768756692913386
20
-0.2704494881889764
11
0.2768458661417323
21
-0.2705215354330708
0
LINE
8
BLACK
6
CONTINUOUS
10
0.2768458661417323
20
-0.2705215354330708
11
0.2767793307086614
21
-0.2706025590551181
0
LINE
8
BLACK
6
CONTINUOUS
10
0.2767793307086614
20
-0.2706025590551181
11
0.2767233858267716
21
-0.2706914960629921
0
LINE
8
BLACK
6
CONTINUOUS
10
0.2767233858267716
20
-0.2706914960629921
11
0.2766643700787402
21
-0.2707426377952756
0
LINE
8
BLACK
6
CONTINUOUS
10
0.2766643700787402
20
-0.2707426377952756
11
0.2764786220472441
21
-0.2709690157480315
0
LINE
8
BLACK
6
CONTINUOUS
10
0.2764786220472441
20
-0.2709690157480315
11
0.2746038976377952
21
-0.2728437795275591
0
LINE
8
BLACK
6
CONTINUOUS
10
0.2746038976377952
20
-0.2728437795275591
11
0.2743775196850394
21
-0.2730295275590551
0
LINE
8
BLACK
6
CONTINUOUS
10
0.2743775196850394
20
-0.2730295275590551
11
0.2743263385826771
21
-0.2730885826771653
0
LINE
8
BLACK
6
CONTINUOUS
10
0.2743263385826771
20
-0.2730885826771653
11
0.2742373622047244
21
-0.2731445669291339
0
LINE
8
BLACK
6
CONTINUOUS
10
0.2742373622047244
20
-0.2731445669291339
11
0.2741564173228346
21
-0.2732110236220472
0
LINE
8
BLACK
6
CONTINUOUS
10
0.2741564173228346
20
-0.2732110236220472
11
0.2740844488188977
21
-0.2732408267716535
0
LINE
8
BLACK
6
CONTINUOUS
10
0.2740844488188977
20
-0.2732408267716535
11
0.2738364566929134
21
-0.2733969291338583
0
LINE
8
BLACK
6
CONTINUOUS
10
0.2738364566929134
20
-0.2733969291338583
11
0.2700869291338583
21
-0.2752716929133858
0
LINE
8
BLACK
6
CONTINUOUS
10
0.2700869291338583
20
-0.2752716929133858
11
0.2695462992125984
21
-0.2754785826771654
0
LINE
8
BLACK
6
CONTINUOUS
10
0.2695462992125984
20
-0.2754785826771654
11
0.2694404724409449
21
-0.275486062992126
0
LINE
8
BLACK
6
CONTINUOUS
10
0.2694404724409449
20
-0.275486062992126
11
0.2693424803149606
21
-0.2755266929133858
0
LINE
8
BLACK
6
CONTINUOUS
10
0.2693424803149606
20
-0.2755266929133858
11
0.2687664173228346
21
-0.2755834251968504
0
LINE
8
BLACK
6
CONTINUOUS
10
0.2687664173228346
20
-0.2755834251968504
11
0.2650168897637795
21
-0.2755834251968504
0
LINE
8
BLACK
6
CONTINUOUS
10
0.2650168897637795
20
-0.2755834251968504
11
0.2644408267716535
21
-0.2755266929133858
0
LINE
8
BLACK
6
CONTINUOUS
10
0.2644408267716535
20
-0.2755266929133858
11
0.2643428346456693
21
-0.2754861023622047
0
LINE
8
BLACK
6
CONTINUOUS
10
0.2643428346456693
20
-0.2754861023622047
11
0.264236968503937
21
-0.2754785826771654
0
LINE
8
BLACK
6
CONTINUOUS
10
0.264236968503937
20
-0.2754785826771654
11
0.2636963779527559
21
-0.2752716929133858
0
LINE
8
BLACK
6
CONTINUOUS
10
0.2636963779527559
20
-0.2752716929133858
11
0.2599468503937008
21
-0.2733969291338583
0
LINE
8
BLACK
6
CONTINUOUS
10
0.2599468503937008
20
-0.2733969291338583
11
0.2596988188976378
21
-0.2732408267716535
0
LINE
8
BLACK
6
CONTINUOUS
10
0.2596988188976378
20
-0.2732408267716535
11
0.2596268897637795
21
-0.2732110236220472
0
LINE
8
BLACK
6
CONTINUOUS
10
0.2596268897637795
20
-0.2732110236220472
11
0.259545905511811
21
-0.2731445669291339
0
LINE
8
BLACK
6
CONTINUOUS
10
0.259545905511811
20
-0.2731445669291339
11
0.259456968503937
21
-0.2730885826771653
0
LINE
8
BLACK
6
CONTINUOUS
10
0.259456968503937
20
-0.2730885826771653
11
0.2594057480314961
21
-0.2730295275590551
0
LINE
8
BLACK
6
CONTINUOUS
10
0.2594057480314961
20
-0.2730295275590551
11
0.2591794094488189
21
-0.2728437795275591
0
LINE
8
BLACK
6
CONTINUOUS
10
0.2591794094488189
20
-0.2728437795275591
11
0.2573046456692913
21
-0.2709689763779528
0
LINE
8
BLACK
6
CONTINUOUS
10
0.2573046456692913
20
-0.2709689763779528
11
0.2571188976377953
21
-0.2707426377952756
0
LINE
8
BLACK
6
CONTINUOUS
10
0.2571188976377953
20
-0.2707426377952756
11
0.2570599212598425
21
-0.2706914960629921
0
LINE
8
BLACK
6
CONTINUOUS
10
0.2570599212598425
20
-0.2706914960629921
11
0.257003937007874
21
-0.2706025590551181
0
LINE
8
BLACK
6
CONTINUOUS
10
0.257003937007874
20
-0.2706025590551181
11
0.2569374409448819
21
-0.2705215354330708
0
LINE
8
BLACK
6
CONTINUOUS
10
0.2569374409448819
20
-0.2705215354330708
11
0.2569075984251968
21
-0.2704494881889764
0
LINE
8
BLACK
6
CONTINUOUS
10
0.2569075984251968
20
-0.2704494881889764
11
0.2567515748031496
21
-0.2702016141732284
0
LINE
8
BLACK
6
CONTINUOUS
10
0.2567515748031496
20
-0.2702016141732284
11
0.254876811023622
21
-0.2664520866141732
0
LINE
8
BLACK
6
CONTINUOUS
10
0.254876811023622
20
-0.2664520866141732
11
0.2548606692913386
21
-0.2664099606299212
0
LINE
8
BLACK
6
CONTINUOUS
10
0.2548606692913386
20
-0.2664099606299212
11
0.2548479921259842
21
-0.2663928346456693
0
LINE
8
BLACK
6
CONTINUOUS
10
0.2548479921259842
20
-0.2663928346456693
11
0.2547615354330708
21
-0.2661508661417323
0
LINE
8
BLACK
6
CONTINUOUS
10
0.2547615354330708
20
-0.2661508661417323
11
0.2546699212598425
21
-0.2659114566929134
0
LINE
8
BLACK
6
CONTINUOUS
10
0.2546699212598425
20
-0.2659114566929134
11
0.2546683858267716
21
-0.2658901968503937
0
LINE
8
BLACK
6
CONTINUOUS
10
0.2546683858267716
20
-0.2658901968503937
11
0.2546532283464567
21
-0.265847716535433
0
LINE
8
BLACK
6
CONTINUOUS
10
0.2546532283464567
20
-0.265847716535433
11
0.2527784645669292
21
-0.2583486614173228
0
LINE
8
BLACK
6
CONTINUOUS
10
0.2527784645669292
20
-0.2583486614173228
11
0.2527636614173228
21
-0.258248779527559
0
LINE
8
BLACK
6
CONTINUOUS
10
0.2527636614173228
20
-0.258248779527559
11
0.2527470472440945
21
-0.2582085826771653
0
LINE
8
BLACK
6
CONTINUOUS
10
0.2527470472440945
20
-0.2582085826771653
11
0.2527256692913386
21
-0.2579915354330709
0
LINE
8
BLACK
6
CONTINUOUS
10
0.2527256692913386
20
-0.2579915354330709
11
0.2526938188976378
21
-0.257776062992126
0
LINE
8
BLACK
6
CONTINUOUS
10
0.2526938188976378
20
-0.257776062992126
11
0.2527001968503937
21
-0.257733031496063
0
LINE
8
BLACK
6
CONTINUOUS
10
0.2527001968503937
20
-0.257733031496063
11
0.2526903149606299
21
-0.2576325196850394
0
LINE
8
BLACK
6
CONTINUOUS
10
0.2526903149606299
20
-0.2576325196850394
11
0.2526903149606299
21
-0.2482587007874016
0
LINE
8
BLACK
6
CONTINUOUS
10
0.2526903149606299
20
-0.2482587007874016
11
0.2527001968503937
21
-0.2481581496062992
0
LINE
8
BLACK
6
CONTINUOUS
10
0.2527001968503937
20
-0.2481581496062992
11
0.2526938188976378
21
-0.248115157480315
0
LINE
8
BLACK
6
CONTINUOUS
10
0.2526938188976378
20
-0.248115157480315
11
0.2527256692913386
21
-0.2478996456692913
0
LINE
8
BLACK
6
CONTINUOUS
10
0.2527256692913386
20
-0.2478996456692913
11
0.2527470472440945
21
-0.2476826377952756
0
LINE
8
BLACK
6
CONTINUOUS
10
0.2527470472440945
20
-0.2476826377952756
11
0.2527636614173228
21
-0.2476424015748031
0
LINE
8
BLACK
6
CONTINUOUS
10
0.2527636614173228
20
-0.2476424015748031
11
0.2527784645669292
21
-0.2475425590551181
0
LINE
8
BLACK
6
CONTINUOUS
10
0.2527784645669292
20
-0.2475425590551181
11
0.2546532283464567
21
-0.2400435039370079
0
LINE
8
BLACK
6
CONTINUOUS
10
0.2546532283464567
20
-0.2400435039370079
11
0.2546683858267716
21
-0.2400009842519685
0
LINE
8
BLACK
6
CONTINUOUS
10
0.2546683858267716
20
-0.2400009842519685
11
0.2546699212598425
21
-0.2399797637795276
0
LINE
8
BLACK
6
CONTINUOUS
10
0.2546699212598425
20
-0.2399797637795276
11
0.2547615354330708
21
-0.2397403149606299
0
LINE
8
BLACK
6
CONTINUOUS
10
0.2547615354330708
20
-0.2397403149606299
11
0.2548479921259842
21
-0.2394983858267717
0
LINE
8
BLACK
6
CONTINUOUS
10
0.2548479921259842
20
-0.2394983858267717
11
0.2548606692913386
21
-0.2394812204724409
0
LINE
8
BLACK
6
CONTINUOUS
10
0.2548606692913386
20
-0.2394812204724409
11
0.254876811023622
21
-0.2394391338582677
0
LINE
8
BLACK
6
CONTINUOUS
10
0.254876811023622
20
-0.2394391338582677
11
0.2567515748031496
21
-0.2356896062992126
0
LINE
8
BLACK
6
CONTINUOUS
10
0.2567515748031496
20
-0.2356896062992126
11
0.2569076377952756
21
-0.2354415748031496
0
LINE
8
BLACK
6
CONTINUOUS
10
0.2569076377952756
20
-0.2354415748031496
11
0.2569374803149606
21
-0.2353696456692913
0
LINE
8
BLACK
6
CONTINUOUS
10
0.2569374803149606
20
-0.2353696456692913
11
0.257003937007874
21
-0.2352886614173228
0
LINE
8
BLACK
6
CONTINUOUS
10
0.257003937007874
20
-0.2352886614173228
11
0.2570599212598425
21
-0.2351997244094488
0
LINE
8
BLACK
6
CONTINUOUS
10
0.2570599212598425
20
-0.2351997244094488
11
0.2571188976377953
21
-0.2351485433070866
0
LINE
8
BLACK
6
CONTINUOUS
10
0.2571188976377953
20
-0.2351485433070866
11
0.2573046850393701
21
-0.2349222047244094
0
LINE
8
BLACK
6
CONTINUOUS
10
0.2573046850393701
20
-0.2349222047244094
11
0.2591794488188977
21
-0.2330474409448819
0
LINE
8
BLACK
6
CONTINUOUS
10
0.2591794488188977
20
-0.2330474409448819
11
0.2594057874015748
21
-0.2328616535433071
0
LINE
8
BLACK
6
CONTINUOUS
10
0.2594057874015748
20
-0.2328616535433071
11
0.259456968503937
21
-0.2328026771653543
0
LINE
8
BLACK
6
CONTINUOUS
10
0.259456968503937
20
-0.2328026771653543
11
0.259545905511811
21
-0.2327466929133858
0
LINE
8
BLACK
6
CONTINUOUS
10
0.259545905511811
20
-0.2327466929133858
11
0.2596268897637795
21
-0.2326802362204724
0
LINE
8
BLACK
6
CONTINUOUS
10
0.2596268897637795
20
-0.2326802362204724
11
0.2596988188976378
21
-0.2326503937007874
0
LINE
8
BLACK
6
CONTINUOUS
10
0.2596988188976378
20
-0.2326503937007874
11
0.2599468503937008
21
-0.2324943307086614
0
LINE
8
BLACK
6
CONTINUOUS
10
0.2599468503937008
20
-0.2324943307086614
11
0.2636963779527559
21
-0.2306195669291339
0
LINE
8
BLACK
6
CONTINUOUS
10
0.2636963779527559
20
-0.2306195669291339
11
0.264236968503937
21
-0.2304126771653543
0
LINE
8
BLACK
6
CONTINUOUS
10
0.264236968503937
20
-0.2304126771653543
11
0.2643428346456693
21
-0.2304051181102362
0
LINE
8
BLACK
6
CONTINUOUS
10
0.2643428346456693
20
-0.2304051181102362
11
0.2644408267716535
21
-0.2303645669291338
0
LINE
8
BLACK
6
CONTINUOUS
10
0.2644408267716535
20
-0.2303645669291338
11
0.2650168897637795
21
-0.2303078346456693
0
LINE
8
BLACK
6
CONTINUOUS
10
0.2650168897637795
20
-0.2303078346456693
11
0.2687664173228346
21
-0.2303078346456693
0
LINE
8
BLACK
6
CONTINUOUS
10
0.2687664173228346
20
-0.2303078346456693
11
0.2693424803149606
21
-0.2303645669291338
0
LINE
8
BLACK
6
CONTINUOUS
10
0.2630164566929134
20
-0.2375620866141732
11
0.2618193307086614
21
-0.2387592125984252
0
LINE
8
BLACK
6
CONTINUOUS
10
0.2618193307086614
20
-0.2387592125984252
11
0.2603038188976378
21
-0.2417901968503937
0
LINE
8
BLACK
6
CONTINUOUS
10
0.2603038188976378
20
-0.2417901968503937
11
0.2585958267716535
21
-0.2486222440944882
0
LINE
8
BLACK
6
CONTINUOUS
10
0.2585958267716535
20
-0.2486222440944882
11
0.2585958267716535
21
-0.2572689763779528
0
LINE
8
BLACK
6
CONTINUOUS
10
0.2585958267716535
20
-0.2572689763779528
11
0.2603038188976378
21
-0.2641010236220472
0
LINE
8
BLACK
6
CONTINUOUS
10
0.2603038188976378
20
-0.2641010236220472
11
0.2618193307086614
21
-0.2671320078740158
0
LINE
8
BLACK
6
CONTINUOUS
10
0.2618193307086614
20
-0.2671320078740158
11
0.2630164566929134
21
-0.2683291732283464
0
LINE
8
BLACK
6
CONTINUOUS
10
0.2630164566929134
20
-0.2683291732283464
11
0.265713937007874
21
-0.2696779133858268
0
LINE
8
BLACK
6
CONTINUOUS
10
0.265713937007874
20
-0.2696779133858268
11
0.2680693700787402
21
-0.2696779133858268
0
LINE
8
BLACK
6
CONTINUOUS
10
0.2680693700787402
20
-0.2696779133858268
11
0.270766811023622
21
-0.2683291732283464
0
LINE
8
BLACK
6
CONTINUOUS
10
0.270766811023622
20
-0.2683291732283464
11
0.271963937007874
21
-0.2671320078740158
0
LINE
8
BLACK
6
CONTINUOUS
10
0.271963937007874
20
-0.2671320078740158
11
0.2734794488188976
21
-0.2641010236220472
0
LINE
8
BLACK
6
CONTINUOUS
10
0.2734794488188976
20
-0.2641010236220472
11
0.2751874803149606
21
-0.2572689763779528
0
LINE
8
BLACK
6
CONTINUOUS
10
0.2751874803149606
20
-0.2572689763779528
11
0.2751874803149606
21
-0.2486222440944882
0
LINE
8
BLACK
6
CONTINUOUS
10
0.2751874803149606
20
-0.2486222440944882
11
0.2734794488188976
21
-0.2417901968503937
0
LINE
8
BLACK
6
CONTINUOUS
10
0.2734794488188976
20
-0.2417901968503937
11
0.2719639763779528
21
-0.2387592125984252
0
LINE
8
BLACK
6
CONTINUOUS
10
0.2719639763779528
20
-0.2387592125984252
11
0.2707668503937008
21
-0.2375620866141732
0
LINE
8
BLACK
6
CONTINUOUS
10
0.2707668503937008
20
-0.2375620866141732
11
0.2680693700787402
21
-0.2362133464566929
0
LINE
8
BLACK
6
CONTINUOUS
10
0.2680693700787402
20
-0.2362133464566929
11
0.265713937007874
21
-0.2362133464566929
0
LINE
8
BLACK
6
CONTINUOUS
10
0.265713937007874
20
-0.2362133464566929
11
0.2630164566929134
21
-0.2375620866141732
0
LINE
8
BLACK
6
CONTINUOUS
10
0.3346878346456693
20
-0.2303378346456693
11
0.3347653149606299
21
-0.2303326771653543
0
LINE
8
BLACK
6
CONTINUOUS
10
0.3347653149606299
20
-0.2303326771653543
11
0.3348186614173228
21
-0.2303507086614173
0
LINE
8
BLACK
6
CONTINUOUS
10
0.3348186614173228
20
-0.2303507086614173
11
0.334959251968504
21
-0.2303645669291338
0
LINE
8
BLACK
6
CONTINUOUS
10
0.334959251968504
20
-0.2303645669291338
11
0.3354024409448819
21
-0.2305481496062992
0
LINE
8
BLACK
6
CONTINUOUS
10
0.3354024409448819
20
-0.2305481496062992
11
0.3358566929133858
21
-0.2307017716535433
0
LINE
8
BLACK
6
CONTINUOUS
10
0.3358566929133858
20
-0.2307017716535433
11
0.3359316535433071
21
-0.2307673228346457
0
LINE
8
BLACK
6
CONTINUOUS
10
0.3359316535433071
20
-0.2307673228346457
11
0.3360236614173228
21
-0.2308054724409449
0
LINE
8
BLACK
6
CONTINUOUS
10
0.3360236614173228
20
-0.2308054724409449
11
0.3363626377952756
21
-0.2311444488188976
0
LINE
8
BLACK
6
CONTINUOUS
10
0.3363626377952756
20
-0.2311444488188976
11
0.3367237795275591
21
-0.2314604330708661
0
LINE
8
BLACK
6
CONTINUOUS
10
0.3367237795275591
20
-0.2314604330708661
11
0.3367679527559055
21
-0.2315497637795275
0
LINE
8
BLACK
6
CONTINUOUS
10
0.3367679527559055
20
-0.2315497637795275
11
0.3368383070866142
21
-0.2316201181102362
0
LINE
8
BLACK
6
CONTINUOUS
10
0.3368383070866142
20
-0.2316201181102362
11
0.3370217716535433
21
-0.232063031496063
0
LINE
8
BLACK
6
CONTINUOUS
10
0.3370217716535433
20
-0.232063031496063
11
0.3372344881889764
21
-0.2324931889763779
0
LINE
8
BLACK
6
CONTINUOUS
10
0.3372344881889764
20
-0.2324931889763779
11
0.3372411023622047
21
-0.2325925196850394
0
LINE
8
BLACK
6
CONTINUOUS
10
0.3372411023622047
20
-0.2325925196850394
11
0.3372792125984252
21
-0.2326845275590551
0
LINE
8
BLACK
6
CONTINUOUS
10
0.3372792125984252
20
-0.2326845275590551
11
0.3372792125984252
21
-0.2331642125984252
0
LINE
8
BLACK
6
CONTINUOUS
10
0.3372792125984252
20
-0.2331642125984252
11
0.3373111023622047
21
-0.2336427165354331
0
LINE
8
BLACK
6
CONTINUOUS
10
0.3373111023622047
20
-0.2336427165354331
11
0.3372792125984252
21
-0.2337370078740157
0
LINE
8
BLACK
6
CONTINUOUS
10
0.3372792125984252
20
-0.2337370078740157
11
0.3372792125984252
21
-0.2338366535433071
0
LINE
8
BLACK
6
CONTINUOUS
10
0.3372792125984252
20
-0.2338366535433071
11
0.3370955905511811
21
-0.234279842519685
0
LINE
8
BLACK
6
CONTINUOUS
10
0.3370955905511811
20
-0.234279842519685
11
0.3369420078740157
21
-0.234734094488189
0
LINE
8
BLACK
6
CONTINUOUS
10
0.3369420078740157
20
-0.234734094488189
11
0.3368598818897638
21
-0.234848937007874
0
LINE
8
BLACK
6
CONTINUOUS
10
0.3368598818897638
20
-0.234848937007874
11
0.3368383070866142
21
-0.234901062992126
0
LINE
8
BLACK
6
CONTINUOUS
10
0.3368383070866142
20
-0.234901062992126
11
0.3367833464566929
21
-0.2349559842519685
0
LINE
8
BLACK
6
CONTINUOUS
10
0.3367833464566929
20
-0.2349559842519685
11
0.3366053543307087
21
-0.235205
0
LINE
8
BLACK
6
CONTINUOUS
10
0.3366053543307087
20
-0.235205
11
0.3276724409448819
21
-0.2454140157480315
0
LINE
8
BLACK
6
CONTINUOUS
10
0.3276724409448819
20
-0.2454140157480315
11
0.3282046456692913
21
-0.2456176771653543
0
LINE
8
BLACK
6
CONTINUOUS
10
0.3282046456692913
20
-0.2456176771653543
11
0.3319541732283465
21
-0.2474924409448819
0
LINE
8
BLACK
6
CONTINUOUS
10
0.3319541732283465
20
-0.2474924409448819
11
0.3322021653543307
21
-0.2476485039370079
0
LINE
8
BLACK
6
CONTINUOUS
10
0.3322021653543307
20
-0.2476485039370079
11
0.3322741338582677
21
-0.2476783464566929
0
LINE
8
BLACK
6
CONTINUOUS
10
0.3322741338582677
20
-0.2476783464566929
11
0.3323550787401575
21
-0.2477448031496063
0
LINE
8
BLACK
6
CONTINUOUS
10
0.3323550787401575
20
-0.2477448031496063
11
0.3324440551181102
21
-0.2478007874015748
0
LINE
8
BLACK
6
CONTINUOUS
10
0.3324440551181102
20
-0.2478007874015748
11
0.3324951968503937
21
-0.2478597637795276
0
LINE
8
BLACK
6
CONTINUOUS
10
0.3324951968503937
20
-0.2478597637795276
11
0.3327215748031496
21
-0.2480455511811024
0
LINE
8
BLACK
6
CONTINUOUS
10
0.3327215748031496
20
-0.2480455511811024
11
0.3345963385826772
21
-0.2499203149606299
0
LINE
8
BLACK
6
CONTINUOUS
10
0.3345963385826772
20
-0.2499203149606299
11
0.3347820866141732
21
-0.2501466535433071
0
LINE
8
BLACK
6
CONTINUOUS
10
0.3347820866141732
20
-0.2501466535433071
11
0.3348411023622047
21
-0.2501978346456693
0
LINE
8
BLACK
6
CONTINUOUS
10
0.3348411023622047
20
-0.2501978346456693
11
0.3348970472440945
21
-0.2502867716535433
0
LINE
8
BLACK
6
CONTINUOUS
10
0.3348970472440945
20
-0.2502867716535433
11
0.3349635433070866
21
-0.2503677559055118
0
LINE
8
BLACK
6
CONTINUOUS
10
0.3349635433070866
20
-0.2503677559055118
11
0.3349933464566929
21
-0.2504396850393701
0
LINE
8
BLACK
6
CONTINUOUS
10
0.3349933464566929
20
-0.2504396850393701
11
0.3351494488188976
21
-0.2506877165354331
0
LINE
8
BLACK
6
CONTINUOUS
10
0.3351494488188976
20
-0.2506877165354331
11
0.3370242125984252
21
-0.2544372440944882
0
LINE
8
BLACK
6
CONTINUOUS
10
0.3370242125984252
20
-0.2544372440944882
11
0.3372311023622047
21
-0.2549778346456693
0
LINE
8
BLACK
6
CONTINUOUS
10
0.3372311023622047
20
-0.2549778346456693
11
0.3372386220472441
21
-0.2550837007874016
0
LINE
8
BLACK
6
CONTINUOUS
10
0.3372386220472441
20
-0.2550837007874016
11
0.3372792125984252
21
-0.2551816929133858
0
LINE
8
BLACK
6
CONTINUOUS
10
0.3372792125984252
20
-0.2551816929133858
11
0.3373359448818898
21
-0.2557577559055118
0
LINE
8
BLACK
6
CONTINUOUS
10
0.3373359448818898
20
-0.2557577559055118
11
0.3373359448818898
21
-0.2651315748031496
0
LINE
8
BLACK
6
CONTINUOUS
10
0.3373359448818898
20
-0.2651315748031496
11
0.3372792125984252
21
-0.2657076377952756
0
LINE
8
BLACK
6
CONTINUOUS
10
0.3372792125984252
20
-0.2657076377952756
11
0.3372386220472441
21
-0.2658055905511811
0
LINE
8
BLACK
6
CONTINUOUS
10
0.3372386220472441
20
-0.2658055905511811
11
0.3372311023622047
21
-0.2659114960629921
0
LINE
8
BLACK
6
CONTINUOUS
10
0.3372311023622047
20
-0.2659114960629921
11
0.3370242125984252
21
-0.2664520866141732
0
LINE
8
BLACK
6
CONTINUOUS
10
0.3370242125984252
20
-0.2664520866141732
11
0.3351494488188976
21
-0.2702016141732284
0
LINE
8
BLACK
6
CONTINUOUS
10
0.3351494488188976
20
-0.2702016141732284
11
0.3349933858267716
21
-0.2704494881889764
0
LINE
8
BLACK
6
CONTINUOUS
10
0.3349933858267716
20
-0.2704494881889764
11
0.3349635826771654
21
-0.2705215354330708
0
LINE
8
BLACK
6
CONTINUOUS
10
0.3349635826771654
20
-0.2705215354330708
11
0.3348970472440945
21
-0.2706025590551181
0
LINE
8
BLACK
6
CONTINUOUS
10
0.3348970472440945
20
-0.2706025590551181
11
0.3348411023622047
21
-0.2706914960629921
0
LINE
8
BLACK
6
CONTINUOUS
10
0.3348411023622047
20
-0.2706914960629921
11
0.3347820866141732
21
-0.2707426377952756
0
LINE
8
BLACK
6
CONTINUOUS
10
0.3347820866141732
20
-0.2707426377952756
11
0.3345963385826772
21
-0.2709690157480315
0
LINE
8
BLACK
6
CONTINUOUS
10
0.3345963385826772
20
-0.2709690157480315
11
0.3327216141732283
21
-0.2728437795275591
0
LINE
8
BLACK
6
CONTINUOUS
10
0.3327216141732283
20
-0.2728437795275591
11
0.3324952362204724
21
-0.2730295275590551
0
LINE
8
BLACK
6
CONTINUOUS
10
0.3324952362204724
20
-0.2730295275590551
11
0.3324440551181102
21
-0.2730885826771653
0
LINE
8
BLACK
6
CONTINUOUS
10
0.3324440551181102
20
-0.2730885826771653
11
0.3323550787401575
21
-0.2731445669291339
0
LINE
8
BLACK
6
CONTINUOUS
10
0.3323550787401575
20
-0.2731445669291339
11
0.3322741338582677
21
-0.2732110236220472
0
LINE
8
BLACK
6
CONTINUOUS
10
0.3322741338582677
20
-0.2732110236220472
11
0.3322021653543307
21
-0.2732408267716535
0
LINE
8
BLACK
6
CONTINUOUS
10
0.3322021653543307
20
-0.2732408267716535
11
0.3319541732283465
21
-0.2733969291338583
0
LINE
8
BLACK
6
CONTINUOUS
10
0.3319541732283465
20
-0.2733969291338583
11
0.3282046456692913
21
-0.2752716929133858
0
LINE
8
BLACK
6
CONTINUOUS
10
0.3282046456692913
20
-0.2752716929133858
11
0.3276640157480315
21
-0.2754785826771654
0
LINE
8
BLACK
6
CONTINUOUS
10
0.3276640157480315
20
-0.2754785826771654
11
0.327558188976378
21
-0.275486062992126
0
LINE
8
BLACK
6
CONTINUOUS
10
0.327558188976378
20
-0.275486062992126
11
0.3274601968503937
21
-0.2755266929133858
0
LINE
8
BLACK
6
CONTINUOUS
10
0.3274601968503937
20
-0.2755266929133858
11
0.3268841338582677
21
-0.2755834251968504
0
LINE
8
BLACK
6
CONTINUOUS
10
0.3268841338582677
20
-0.2755834251968504
11
0.3156355511811024
21
-0.2755834251968504
0
LINE
8
BLACK
6
CONTINUOUS
10
0.3156355511811024
20
-0.2755834251968504
11
0.3150594881889764
21
-0.2755266929133858
0
LINE
8
BLACK
6
CONTINUOUS
10
0.3150594881889764
20
-0.2755266929133858
11
0.3149614960629921
21
-0.2754861023622047
0
LINE
8
BLACK
6
CONTINUOUS
10
0.3149614960629921
20
-0.2754861023622047
11
0.3148556299212598
21
-0.2754785826771654
0
LINE
8
BLACK
6
CONTINUOUS
10
0.3148556299212598
20
-0.2754785826771654
11
0.3143150393700787
21
-0.2752716929133858
0
LINE
8
BLACK
6
CONTINUOUS
10
0.3143150393700787
20
-0.2752716929133858
11
0.3105655118110236
21
-0.2733969291338583
0
LINE
8
BLACK
6
CONTINUOUS
10
0.3105655118110236
20
-0.2733969291338583
11
0.3103174803149606
21
-0.2732408267716535
0
LINE
8
BLACK
6
CONTINUOUS
10
0.3103174803149606
20
-0.2732408267716535
11
0.3102455511811024
21
-0.2732110236220472
0
LINE
8
BLACK
6
CONTINUOUS
10
0.3102455511811024
20
-0.2732110236220472
11
0.3101645669291339
21
-0.2731445669291339
0
LINE
8
BLACK
6
CONTINUOUS
10
0.3101645669291339
20
-0.2731445669291339
11
0.3100756299212598
21
-0.2730885826771653
0
LINE
8
BLACK
6
CONTINUOUS
10
0.3100756299212598
20
-0.2730885826771653
11
0.3100244094488189
21
-0.2730295275590551
0
LINE
8
BLACK
6
CONTINUOUS
10
0.3100244094488189
20
-0.2730295275590551
11
0.3097980708661418
21
-0.2728437795275591
0
LINE
8
BLACK
6
CONTINUOUS
10
0.3097980708661418
20
-0.2728437795275591
11
0.3079233070866141
21
-0.2709689763779528
0
LINE
8
BLACK
6
CONTINUOUS
10
0.3079233070866141
20
-0.2709689763779528
11
0.3075561023622047
21
-0.2705215354330708
0
LINE
8
BLACK
6
CONTINUOUS
10
0.3075561023622047
20
-0.2705215354330708
11
0.3071152362204724
21
-0.269457125984252
0
LINE
8
BLACK
6
CONTINUOUS
10
0.3071152362204724
20
-0.269457125984252
11
0.3071152362204724
21
-0.2683050393700787
0
LINE
8
BLACK
6
CONTINUOUS
10
0.3071152362204724
20
-0.2683050393700787
11
0.3075561417322835
21
-0.2672406299212599
0
LINE
8
BLACK
6
CONTINUOUS
10
0.3075561417322835
20
-0.2672406299212599
11
0.3083708267716536
21
-0.2664259448818898
0
LINE
8
BLACK
6
CONTINUOUS
10
0.3083708267716536
20
-0.2664259448818898
11
0.3094352362204724
21
-0.2659850787401575
0
LINE
8
BLACK
6
CONTINUOUS
10
0.3094352362204724
20
-0.2659850787401575
11
0.3105873228346457
21
-0.2659850787401575
0
LINE
8
BLACK
6
CONTINUOUS
10
0.3105873228346457
20
-0.2659850787401575
11
0.3116517322834645
21
-0.2664259842519685
0
LINE
8
BLACK
6
CONTINUOUS
10
0.3116517322834645
20
-0.2664259842519685
11
0.3120992125984252
21
-0.2667932283464567
0
LINE
8
BLACK
6
CONTINUOUS
10
0.3120992125984252
20
-0.2667932283464567
11
0.3136351181102362
21
-0.2683291732283464
0
LINE
8
BLACK
6
CONTINUOUS
10
0.3136351181102362
20
-0.2683291732283464
11
0.3163325984251968
21
-0.2696779133858268
0
LINE
8
BLACK
6
CONTINUOUS
10
0.3163325984251968
20
-0.2696779133858268
11
0.3261870866141732
21
-0.2696779133858268
0
LINE
8
BLACK
6
CONTINUOUS
10
0.3261870866141732
20
-0.2696779133858268
11
0.3288845275590551
21
-0.2683291732283464
0
LINE
8
BLACK
6
CONTINUOUS
10
0.3288845275590551
20
-0.2683291732283464
11
0.3300816535433071
21
-0.2671320078740158
0
LINE
8
BLACK
6
CONTINUOUS
10
0.3300816535433071
20
-0.2671320078740158
11
0.3314304330708661
21
-0.2644345275590551
0
LINE
8
BLACK
6
CONTINUOUS
10
0.3314304330708661
20
-0.2644345275590551
11
0.3314304330708661
21
-0.2564548031496063
0
LINE
8
BLACK
6
CONTINUOUS
10
0.3314304330708661
20
-0.2564548031496063
11
0.3300816929133858
21
-0.2537573228346456
0
LINE
8
BLACK
6
CONTINUOUS
10
0.3300816929133858
20
-0.2537573228346456
11
0.3288845669291339
21
-0.2525601968503937
0
LINE
8
BLACK
6
CONTINUOUS
10
0.3288845669291339
20
-0.2525601968503937
11
0.3261870866141732
21
-0.2512114566929134
0
LINE
8
BLACK
6
CONTINUOUS
10
0.3261870866141732
20
-0.2512114566929134
11
0.321259842519685
21
-0.2512114566929134
0
LINE
8
BLACK
6
CONTINUOUS
10
0.321259842519685
20
-0.2512114566929134
11
0.3209551574803149
21
-0.2511814173228347
0
LINE
8
BLACK
6
CONTINUOUS
10
0.3209551574803149
20
-0.2511814173228347
11
0.3208777165354331
21
-0.2511866141732284
0
LINE
8
BLACK
6
CONTINUOUS
10
0.3208777165354331
20
-0.2511866141732284
11
0.3208243307086614
21
-0.2511685433070866
0
LINE
8
BLACK
6
CONTINUOUS
10
0.3208243307086614
20
-0.2511685433070866
11
0.3206837795275591
21
-0.2511547244094488
0
LINE
8
BLACK
6
CONTINUOUS
10
0.3206837795275591
20
-0.2511547244094488
11
0.3202405511811023
21
-0.2509711023622047
0
LINE
8
BLACK
6
CONTINUOUS
10
0.3202405511811023
20
-0.2509711023622047
11
0.3197863385826771
21
-0.2508175196850393
0
LINE
8
BLACK
6
CONTINUOUS
10
0.3197863385826771
20
-0.2508175196850393
11
0.3197113385826771
21
-0.2507519291338582
0
LINE
8
BLACK
6
CONTINUOUS
10
0.3197113385826771
20
-0.2507519291338582
11
0.3196193700787401
21
-0.2507138188976378
0
LINE
8
BLACK
6
CONTINUOUS
10
0.3196193700787401
20
-0.2507138188976378
11
0.3192803543307087
21
-0.2503748031496063
0
LINE
8
BLACK
6
CONTINUOUS
10
0.3192803543307087
20
-0.2503748031496063
11
0.3189192519685039
21
-0.2500588582677165
0
LINE
8
BLACK
6
CONTINUOUS
10
0.3189192519685039
20
-0.2500588582677165
11
0.3188750393700787
21
-0.2499694881889764
0
LINE
8
BLACK
6
CONTINUOUS
10
0.3188750393700787
20
-0.2499694881889764
11
0.3188047244094488
21
-0.2498991732283465
0
LINE
8
BLACK
6
CONTINUOUS
10
0.3188047244094488
20
-0.2498991732283465
11
0.318621220472441
21
-0.2494562204724409
0
LINE
8
BLACK
6
CONTINUOUS
10
0.318621220472441
20
-0.2494562204724409
11
0.3184085433070866
21
-0.2490261023622047
0
LINE
8
BLACK
6
CONTINUOUS
10
0.3184085433070866
20
-0.2490261023622047
11
0.3184018897637795
21
-0.2489267322834646
0
LINE
8
BLACK
6
CONTINUOUS
10
0.3184018897637795
20
-0.2489267322834646
11
0.3183638188976378
21
-0.2488347637795275
0
LINE
8
BLACK
6
CONTINUOUS
10
0.3183638188976378
20
-0.2488347637795275
11
0.3183638188976378
21
-0.2483550393700787
0
LINE
8
BLACK
6
CONTINUOUS
10
0.3183638188976378
20
-0.2483550393700787
11
0.3183319291338583
21
-0.2478765748031496
0
LINE
8
BLACK
6
CONTINUOUS
10
0.3183319291338583
20
-0.2478765748031496
11
0.3183638188976378
21
-0.2477822440944882
0
LINE
8
BLACK
6
CONTINUOUS
10
0.3183638188976378
20
-0.2477822440944882
11
0.3183638188976378
21
-0.2476826377952756
0
LINE
8
BLACK
6
CONTINUOUS
10
0.3183638188976378
20
-0.2476826377952756
11
0.3185474015748032
21
-0.2472394094488189
0
LINE
8
BLACK
6
CONTINUOUS
10
0.3185474015748032
20
-0.2472394094488189
11
0.3187010236220472
21
-0.2467851968503937
0
LINE
8
BLACK
6
CONTINUOUS
10
0.3187010236220472
20
-0.2467851968503937
11
0.3187831102362205
21
-0.2466703149606299
0
LINE
8
BLACK
6
CONTINUOUS
10
0.3187831102362205
20
-0.2466703149606299
11
0.3188047244094488
21
-0.2466182283464567
0
LINE
8
BLACK
6
CONTINUOUS
10
0.3188047244094488
20
-0.2466182283464567
11
0.3188596456692913
21
-0.2465632677165354
0
LINE
8
BLACK
6
CONTINUOUS
10
0.3188596456692913
20
-0.2465632677165354
11
0.3190376771653543
21
-0.2463142913385827
0
LINE
8
BLACK
6
CONTINUOUS
10
0.3190376771653543
20
-0.2463142913385827
11
0.3278760236220473
21
-0.2362133464566929
0
LINE
8
BLACK
6
CONTINUOUS
10
0.3278760236220473
20
-0.2362133464566929
11
0.3100112598425197
21
-0.2362133464566929
0
LINE
8
BLACK
6
CONTINUOUS
10
0.3100112598425197
20
-0.2362133464566929
11
0.3094351968503937
21
-0.2361566141732283
0
LINE
8
BLACK
6
CONTINUOUS
10
0.3094351968503937
20
-0.2361566141732283
11
0.3083707874015748
21
-0.2357157086614173
0
LINE
8
BLACK
6
CONTINUOUS
10
0.3083707874015748
20
-0.2357157086614173
11
0.3075561417322835
21
-0.234901062992126
0
LINE
8
BLACK
6
CONTINUOUS
10
0.3075561417322835
20
-0.234901062992126
11
0.3071152362204724
21
-0.2338366535433071
0
LINE
8
BLACK
6
CONTINUOUS
10
0.3071152362204724
20
-0.2338366535433071
11
0.3071152362204724
21
-0.2326845275590551
0
LINE
8
BLACK
6
CONTINUOUS
10
0.3071152362204724
20
-0.2326845275590551
11
0.3075561417322835
21
-0.2316201181102362
0
LINE
8
BLACK
6
CONTINUOUS
10
0.3075561417322835
20
-0.2316201181102362
11
0.3083707874015748
21
-0.2308054724409449
0
LINE
8
BLACK
6
CONTINUOUS
10
0.3083707874015748
20
-0.2308054724409449
11
0.3094351968503937
21
-0.2303645669291338
0
LINE
8
BLACK
6
CONTINUOUS
10
0.3094351968503937
20
-0.2303645669291338
11
0.3100112598425197
21
-0.2303078346456693
0
LINE
8
BLACK
6
CONTINUOUS
10
0.3100112598425197
20
-0.2303078346456693
11
0.3343831889763779
21
-0.2303078346456693
0
LINE
8
BLACK
6
CONTINUOUS
10
0.3343831889763779
20
-0.2303078346456693
11
0.3346878346456693
21
-0.2303378346456693
0
LINE
8
BLACK
6
CONTINUOUS
10
0.3649555118110236
20
-0.2303645669291338
11
0.3650535039370079
21
-0.230405157480315
0
LINE
8
BLACK
6
CONTINUOUS
10
0.3650535039370079
20
-0.230405157480315
11
0.3651593307086614
21
-0.2304126771653543
0
LINE
8
BLACK
6
CONTINUOUS
10
0.3651593307086614
20
-0.2304126771653543
11
0.3656999606299213
21
-0.2306195669291339
0
LINE
8
BLACK
6
CONTINUOUS
10
0.3656999606299213
20
-0.2306195669291339
11
0.3694494881889764
21
-0.2324943307086614
0
LINE
8
BLACK
6
CONTINUOUS
10
0.3694494881889764
20
-0.2324943307086614
11
0.3696974803149606
21
-0.2326503937007874
0
LINE
8
BLACK
6
CONTINUOUS
10
0.3696974803149606
20
-0.2326503937007874
11
0.3697694488188976
21
-0.2326802362204724
0
LINE
8
BLACK
6
CONTINUOUS
10
0.3697694488188976
20
-0.2326802362204724
11
0.3698503937007874
21
-0.2327466929133858
0
LINE
8
BLACK
6
CONTINUOUS
10
0.3698503937007874
20
-0.2327466929133858
11
0.3699393700787402
21
-0.2328026771653543
0
LINE
8
BLACK
6
CONTINUOUS
10
0.3699393700787402
20
-0.2328026771653543
11
0.3699905118110236
21
-0.2328616535433071
0
LINE
8
BLACK
6
CONTINUOUS
10
0.3699905118110236
20
-0.2328616535433071
11
0.3702168897637795
21
-0.2330474409448819
0
LINE
8
BLACK
6
CONTINUOUS
10
0.3702168897637795
20
-0.2330474409448819
11
0.3720916535433071
21
-0.2349222047244094
0
LINE
8
BLACK
6
CONTINUOUS
10
0.3720916535433071
20
-0.2349222047244094
11
0.3722774015748032
21
-0.2351485433070866
0
LINE
8
BLACK
6
CONTINUOUS
10
0.3722774015748032
20
-0.2351485433070866
11
0.3723364173228346
21
-0.2351997244094488
0
LINE
8
BLACK
6
CONTINUOUS
10
0.3723364173228346
20
-0.2351997244094488
11
0.3723923622047244
21
-0.2352886614173228
0
LINE
8
BLACK
6
CONTINUOUS
10
0.3723923622047244
20
-0.2352886614173228
11
0.3724588582677165
21
-0.2353696456692913
0
LINE
8
BLACK
6
CONTINUOUS
10
0.3724588582677165
20
-0.2353696456692913
11
0.3724886614173228
21
-0.2354415748031496
0
LINE
8
BLACK
6
CONTINUOUS
10
0.3724886614173228
20
-0.2354415748031496
11
0.3726447637795275
21
-0.2356896062992126
0
LINE
8
BLACK
6
CONTINUOUS
10
0.3726447637795275
20
-0.2356896062992126
11
0.3745195275590551
21
-0.2394391338582677
0
LINE
8
BLACK
6
CONTINUOUS
10
0.3745195275590551
20
-0.2394391338582677
11
0.3747264173228346
21
-0.2399797244094488
0
LINE
8
BLACK
6
CONTINUOUS
10
0.3747264173228346
20
-0.2399797244094488
11
0.374733937007874
21
-0.2400855905511811
0
LINE
8
BLACK
6
CONTINUOUS
10
0.374733937007874
20
-0.2400855905511811
11
0.3747745275590551
21
-0.2401835826771654
0
LINE
8
BLACK
6
CONTINUOUS
10
0.3747745275590551
20
-0.2401835826771654
11
0.3748312598425197
21
-0.2407596456692913
0
LINE
8
BLACK
6
CONTINUOUS
10
0.3748312598425197
20
-0.2407596456692913
11
0.3748312598425197
21
-0.2445091732283464
0
LINE
8
BLACK
6
CONTINUOUS
10
0.3748312598425197
20
-0.2445091732283464
11
0.3748025196850394
21
-0.2448007480314961
0
LINE
8
BLACK
6
CONTINUOUS
10
0.3748025196850394
20
-0.2448007480314961
11
0.3748080708661417
21
-0.2448785039370079
0
LINE
8
BLACK
6
CONTINUOUS
10
0.3748080708661417
20
-0.2448785039370079
11
0.3747848031496063
21
-0.2449807480314961
0
LINE
8
BLACK
6
CONTINUOUS
10
0.3747848031496063
20
-0.2449807480314961
11
0.3747745275590551
21
-0.2450852362204724
0
LINE
8
BLACK
6
CONTINUOUS
10
0.3747745275590551
20
-0.2450852362204724
11
0.3747446456692913
21
-0.2451572834645669
0
LINE
8
BLACK
6
CONTINUOUS
10
0.3747446456692913
20
-0.2451572834645669
11
0.3746797244094488
21
-0.2454429527559055
0
LINE
8
BLACK
6
CONTINUOUS
10
0.3746797244094488
20
-0.2454429527559055
11
0.3728049606299212
21
-0.2510672047244095
0
LINE
8
BLACK
6
CONTINUOUS
10
0.3728049606299212
20
-0.2510672047244095
11
0.3725689763779527
21
-0.2515957874015748
0
LINE
8
BLACK
6
CONTINUOUS
10
0.3725689763779527
20
-0.2515957874015748
11
0.3724994881889764
21
-0.2516758661417323
0
LINE
8
BLACK
6
CONTINUOUS
10
0.3724994881889764
20
-0.2516758661417323
11
0.3724588976377953
21
-0.251773937007874
0
LINE
8
BLACK
6
CONTINUOUS
10
0.3724588976377953
20
-0.251773937007874
11
0.3720916535433071
21
-0.2522213779527559
0
LINE
8
BLACK
6
CONTINUOUS
10
0.3720916535433071
20
-0.2522213779527559
11
0.3546351574803149
21
-0.2696779133858268
0
LINE
8
BLACK
6
CONTINUOUS
10
0.3546351574803149
20
-0.2696779133858268
11
0.3718785039370079
21
-0.2696779133858268
0
LINE
8
BLACK
6
CONTINUOUS
10
0.3718785039370079
20
-0.2696779133858268
11
0.3724545669291339
21
-0.2697346456692913
0
LINE
8
BLACK
6
CONTINUOUS
10
0.3724545669291339
20
-0.2697346456692913
11
0.3735189763779527
21
-0.2701755511811024
0
LINE
8
BLACK
6
CONTINUOUS
10
0.3735189763779527
20
-0.2701755511811024
11
0.3743336220472441
21
-0.2709901968503937
0
LINE
8
BLACK
6
CONTINUOUS
10
0.3743336220472441
20
-0.2709901968503937
11
0.3747745275590551
21
-0.2720546062992126
0
LINE
8
BLACK
6
CONTINUOUS
10
0.3747745275590551
20
-0.2720546062992126
11
0.3747745275590551
21
-0.2732067322834645
0
LINE
8
BLACK
6
CONTINUOUS
10
0.3747745275590551
20
-0.2732067322834645
11
0.3743336220472441
21
-0.2742711417322835
0
LINE
8
BLACK
6
CONTINUOUS
10
0.3743336220472441
20
-0.2742711417322835
11
0.3735189763779527
21
-0.2750857874015748
0
LINE
8
BLACK
6
CONTINUOUS
10
0.3735189763779527
20
-0.2750857874015748
11
0.3724545669291339
21
-0.2755266929133858
0
LINE
8
BLACK
6
CONTINUOUS
10
0.3724545669291339
20
-0.2755266929133858
11
0.3718785039370079
21
-0.2755834251968504
0
LINE
8
BLACK
6
CONTINUOUS
10
0.3718785039370079
20
-0.2755834251968504
11
0.3475065748031496
21
-0.2755834251968504
0
LINE
8
BLACK
6
CONTINUOUS
10
0.3475065748031496
20
-0.2755834251968504
11
0.3469305118110236
21
-0.2755266929133858
0
LINE
8
BLACK
6
CONTINUOUS
10
0.3469305118110236
20
-0.2755266929133858
11
0.3458661023622047
21
-0.2750857874015748
0
LINE
8
BLACK
6
CONTINUOUS
10
0.3458661023622047
20
-0.2750857874015748
11
0.3450514566929134
21
-0.2742711417322835
0
LINE
8
BLACK
6
CONTINUOUS
10
0.3450514566929134
20
-0.2742711417322835
11
0.3446105511811023
21
-0.2732067322834645
0
LINE
8
BLACK
6
CONTINUOUS
10
0.3446105511811023
20
-0.2732067322834645
11
0.3446105511811023
21
-0.2720546062992126
0
LINE
8
BLACK
6
CONTINUOUS
10
0.3446105511811023
20
-0.2720546062992126
11
0.3450514566929134
21
-0.2709901968503937
0
LINE
8
BLACK
6
CONTINUOUS
10
0.3450514566929134
20
-0.2709901968503937
11
0.3454186614173228
21
-0.2705427559055118
0
LINE
8
BLACK
6
CONTINUOUS
10
0.3454186614173228
20
-0.2705427559055118
11
0.3674229133858268
21
-0.2485384251968504
0
LINE
8
BLACK
6
CONTINUOUS
10
0.3674229133858268
20
-0.2485384251968504
11
0.3689257480314961
21
-0.2440300393700787
0
LINE
8
BLACK
6
CONTINUOUS
10
0.3689257480314961
20
-0.2440300393700787
11
0.3689257480314961
21
-0.2414566929133858
0
LINE
8
BLACK
6
CONTINUOUS
10
0.3689257480314961
20
-0.2414566929133858
11
0.3675770078740158
21
-0.2387592125984252
0
LINE
8
BLACK
6
CONTINUOUS
10
0.3675770078740158
20
-0.2387592125984252
11
0.3663798818897638
21
-0.2375620866141732
0
LINE
8
BLACK
6
CONTINUOUS
10
0.3663798818897638
20
-0.2375620866141732
11
0.3636824015748031
21
-0.2362133464566929
0
LINE
8
BLACK
6
CONTINUOUS
10
0.3636824015748031
20
-0.2362133464566929
11
0.3557026771653543
21
-0.2362133464566929
0
LINE
8
BLACK
6
CONTINUOUS
10
0.3557026771653543
20
-0.2362133464566929
11
0.3530051968503937
21
-0.2375620866141732
0
LINE
8
BLACK
6
CONTINUOUS
10
0.3530051968503937
20
-0.2375620866141732
11
0.3514692519685039
21
-0.239098031496063
0
LINE
8
BLACK
6
CONTINUOUS
10
0.3514692519685039
20
-0.239098031496063
11
0.3510218110236221
21
-0.2394652362204724
0
LINE
8
BLACK
6
CONTINUOUS
10
0.3510218110236221
20
-0.2394652362204724
11
0.3499573622047244
21
-0.2399061417322834
0
LINE
8
BLACK
6
CONTINUOUS
10
0.3499573622047244
20
-0.2399061417322834
11
0.3488053149606299
21
-0.2399061417322834
0
LINE
8
BLACK
6
CONTINUOUS
10
0.3488053149606299
20
-0.2399061417322834
11
0.3477408661417323
21
-0.2394652362204724
0
LINE
8
BLACK
6
CONTINUOUS
10
0.3477408661417323
20
-0.2394652362204724
11
0.3469262204724409
21
-0.2386505905511811
0
LINE
8
BLACK
6
CONTINUOUS
10
0.3469262204724409
20
-0.2386505905511811
11
0.3464853149606299
21
-0.2375861417322835
0
LINE
8
BLACK
6
CONTINUOUS
10
0.3464853149606299
20
-0.2375861417322835
11
0.3464853149606299
21
-0.236434094488189
0
LINE
8
BLACK
6
CONTINUOUS
10
0.3464853149606299
20
-0.236434094488189
11
0.3469262204724409
21
-0.2353696456692913
0
LINE
8
BLACK
6
CONTINUOUS
10
0.3469262204724409
20
-0.2353696456692913
11
0.3472934251968504
21
-0.2349222047244094
0
LINE
8
BLACK
6
CONTINUOUS
10
0.3472934251968504
20
-0.2349222047244094
11
0.349168188976378
21
-0.2330474409448819
0
LINE
8
BLACK
6
CONTINUOUS
10
0.349168188976378
20
-0.2330474409448819
11
0.3493945275590551
21
-0.2328616535433071
0
LINE
8
BLACK
6
CONTINUOUS
10
0.3493945275590551
20
-0.2328616535433071
11
0.3494457086614173
21
-0.2328026771653543
0
LINE
8
BLACK
6
CONTINUOUS
10
0.3494457086614173
20
-0.2328026771653543
11
0.3495346456692913
21
-0.2327466929133858
0
LINE
8
BLACK
6
CONTINUOUS
10
0.3495346456692913
20
-0.2327466929133858
11
0.3496156299212598
21
-0.2326802362204724
0
LINE
8
BLACK
6
CONTINUOUS
10
0.3496156299212598
20
-0.2326802362204724
11
0.3496875590551181
21
-0.2326503937007874
0
LINE
8
BLACK
6
CONTINUOUS
10
0.3496875590551181
20
-0.2326503937007874
11
0.3499355905511811
21
-0.2324943307086614
0
LINE
8
BLACK
6
CONTINUOUS
10
0.3499355905511811
20
-0.2324943307086614
11
0.3536851181102362
21
-0.2306195669291339
0
LINE
8
BLACK
6
CONTINUOUS
10
0.3536851181102362
20
-0.2306195669291339
11
0.3542257086614173
21
-0.2304126771653543
0
LINE
8
BLACK
6
CONTINUOUS
10
0.3542257086614173
20
-0.2304126771653543
11
0.3543315748031496
21
-0.2304051181102362
0
LINE
8
BLACK
6
CONTINUOUS
10
0.3543315748031496
20
-0.2304051181102362
11
0.3544295669291339
21
-0.2303645669291338
0
LINE
8
BLACK
6
CONTINUOUS
10
0.3544295669291339
20
-0.2303645669291338
11
0.3550056299212598
21
-0.2303078346456693
0
LINE
8
BLACK
6
CONTINUOUS
10
0.3550056299212598
20
-0.2303078346456693
11
0.3643794488188976
21
-0.2303078346456693
0
LINE
8
BLACK
6
CONTINUOUS
10
0.3643794488188976
20
-0.2303078346456693
11
0.3649555118110236
21
-0.2303645669291338
0
LINE
8
BLACK
6
CONTINUOUS
10
0.4005760629921259
20
-0.2303645669291338
11
0.4006740551181102
21
-0.230405157480315
0
LINE
8
BLACK
6
CONTINUOUS
10
0.4006740551181102
20
-0.230405157480315
11
0.4007798818897638
21
-0.2304126771653543
0
LINE
8
BLACK
6
CONTINUOUS
10
0.4007798818897638
20
-0.2304126771653543
11
0.4013205118110236
21
-0.2306195669291339
0
LINE
8
BLACK
6
CONTINUOUS
10
0.4013205118110236
20
-0.2306195669291339
11
0.4050700393700787
21
-0.2324943307086614
0
LINE
8
BLACK
6
CONTINUOUS
10
0.4050700393700787
20
-0.2324943307086614
11
0.405318031496063
21
-0.2326503937007874
0
LINE
8
BLACK
6
CONTINUOUS
10
0.405318031496063
20
-0.2326503937007874
11
0.40539
21
-0.2326802362204724
0
LINE
8
BLACK
6
CONTINUOUS
10
0.40539
20
-0.2326802362204724
11
0.4054709448818897
21
-0.2327466929133858
0
LINE
8
BLACK
6
CONTINUOUS
10
0.4054709448818897
20
-0.2327466929133858
11
0.4055599212598425
21
-0.2328026771653543
0
LINE
8
BLACK
6
CONTINUOUS
10
0.4055599212598425
20
-0.2328026771653543
11
0.405611062992126
21
-0.2328616535433071
0
LINE
8
BLACK
6
CONTINUOUS
10
0.405611062992126
20
-0.2328616535433071
11
0.4058374409448819
21
-0.2330474409448819
0
LINE
8
BLACK
6
CONTINUOUS
10
0.4058374409448819
20
-0.2330474409448819
11
0.4077122047244094
21
-0.2349222047244094
0
LINE
8
BLACK
6
CONTINUOUS
10
0.4077122047244094
20
-0.2349222047244094
11
0.4078979527559055
21
-0.2351485433070866
0
LINE
8
BLACK
6
CONTINUOUS
10
0.4078979527559055
20
-0.2351485433070866
11
0.407956968503937
21
-0.2351997244094488
0
LINE
8
BLACK
6
CONTINUOUS
10
0.407956968503937
20
-0.2351997244094488
11
0.4080129133858267
21
-0.2352886614173228
0
LINE
8
BLACK
6
CONTINUOUS
10
0.4080129133858267
20
-0.2352886614173228
11
0.4080794094488189
21
-0.2353696456692913
0
LINE
8
BLACK
6
CONTINUOUS
10
0.4080794094488189
20
-0.2353696456692913
11
0.4081092125984252
21
-0.2354415748031496
0
LINE
8
BLACK
6
CONTINUOUS
10
0.4081092125984252
20
-0.2354415748031496
11
0.4082653149606299
21
-0.2356896062992126
0
LINE
8
BLACK
6
CONTINUOUS
10
0.4082653149606299
20
-0.2356896062992126
11
0.4101400787401575
21
-0.2394391338582677
0
LINE
8
BLACK
6
CONTINUOUS
10
0.4101400787401575
20
-0.2394391338582677
11
0.4101561811023622
21
-0.2394812204724409
0
LINE
8
BLACK
6
CONTINUOUS
10
0.4101561811023622
20
-0.2394812204724409
11
0.4101688976377953
21
-0.2394983858267717
0
LINE
8
BLACK
6
CONTINUOUS
10
0.4101688976377953
20
-0.2394983858267717
11
0.4102551968503937
21
-0.2397399606299213
0
LINE
8
BLACK
6
CONTINUOUS
10
0.4102551968503937
20
-0.2397399606299213
11
0.410346968503937
21
-0.2399797244094488
0
LINE
8
BLACK
6
CONTINUOUS
10
0.410346968503937
20
-0.2399797244094488
11
0.4103484645669291
21
-0.2400009842519685
0
LINE
8
BLACK
6
CONTINUOUS
10
0.4103484645669291
20
-0.2400009842519685
11
0.4103636614173228
21
-0.2400435039370079
0
LINE
8
BLACK
6
CONTINUOUS
10
0.4103636614173228
20
-0.2400435039370079
11
0.4122384251968504
21
-0.2475425590551181
0
LINE
8
BLACK
6
CONTINUOUS
10
0.4122384251968504
20
-0.2475425590551181
11
0.412253188976378
21
-0.2476424015748031
0
LINE
8
BLACK
6
CONTINUOUS
10
0.412253188976378
20
-0.2476424015748031
11
0.412269842519685
21
-0.2476826377952756
0
LINE
8
BLACK
6
CONTINUOUS
10
0.412269842519685
20
-0.2476826377952756
11
0.4122911811023622
21
-0.2478996456692913
0
LINE
8
BLACK
6
CONTINUOUS
10
0.4122911811023622
20
-0.2478996456692913
11
0.4123230708661417
21
-0.248115157480315
0
LINE
8
BLACK
6
CONTINUOUS
10
0.4123230708661417
20
-0.248115157480315
11
0.4123166535433071
21
-0.2481581496062992
0
LINE
8
BLACK
6
CONTINUOUS
10
0.4123166535433071
20
-0.2481581496062992
11
0.4123265748031496
21
-0.2482587007874016
0
LINE
8
BLACK
6
CONTINUOUS
10
0.4123265748031496
20
-0.2482587007874016
11
0.4123265748031496
21
-0.2576325196850394
0
LINE
8
BLACK
6
CONTINUOUS
10
0.4123265748031496
20
-0.2576325196850394
11
0.4123166535433071
21
-0.257733031496063
0
LINE
8
BLACK
6
CONTINUOUS
10
0.4123166535433071
20
-0.257733031496063
11
0.4123230708661417
21
-0.257776062992126
0
LINE
8
BLACK
6
CONTINUOUS
10
0.4123230708661417
20
-0.257776062992126
11
0.4122911811023622
21
-0.2579915354330709
0
LINE
8
BLACK
6
CONTINUOUS
10
0.4122911811023622
20
-0.2579915354330709
11
0.412269842519685
21
-0.2582085826771653
0
LINE
8
BLACK
6
CONTINUOUS
10
0.412269842519685
20
-0.2582085826771653
11
0.412253188976378
21
-0.258248779527559
0
LINE
8
BLACK
6
CONTINUOUS
10
0.412253188976378
20
-0.258248779527559
11
0.4122384251968504
21
-0.2583486614173228
0
LINE
8
BLACK
6
CONTINUOUS
10
0.4122384251968504
20
-0.2583486614173228
11
0.4103636614173228
21
-0.265847716535433
0
LINE
8
BLACK
6
CONTINUOUS
10
0.4103636614173228
20
-0.265847716535433
11
0.4103484645669291
21
-0.2658901968503937
0
LINE
8
BLACK
6
CONTINUOUS
10
0.4103484645669291
20
-0.2658901968503937
11
0.410346968503937
21
-0.2659114960629921
0
LINE
8
BLACK
6
CONTINUOUS
10
0.410346968503937
20
-0.2659114960629921
11
0.4102551968503937
21
-0.2661512204724409
0
LINE
8
BLACK
6
CONTINUOUS
10
0.4102551968503937
20
-0.2661512204724409
11
0.4101688976377953
21
-0.2663928346456693
0
LINE
8
BLACK
6
CONTINUOUS
10
0.4101688976377953
20
-0.2663928346456693
11
0.4101561811023622
21
-0.2664099606299212
0
LINE
8
BLACK
6
CONTINUOUS
10
0.4101561811023622
20
-0.2664099606299212
11
0.4101400787401575
21
-0.2664520866141732
0
LINE
8
BLACK
6
CONTINUOUS
10
0.4101400787401575
20
-0.2664520866141732
11
0.4082653149606299
21
-0.2702016141732284
0
LINE
8
BLACK
6
CONTINUOUS
10
0.4082653149606299
20
-0.2702016141732284
11
0.4081092519685039
21
-0.2704494881889764
0
LINE
8
BLACK
6
CONTINUOUS
10
0.4081092519685039
20
-0.2704494881889764
11
0.4080794488188976
21
-0.2705215354330708
0
LINE
8
BLACK
6
CONTINUOUS
10
0.4080794488188976
20
-0.2705215354330708
11
0.4080129133858267
21
-0.2706025590551181
0
LINE
8
BLACK
6
CONTINUOUS
10
0.4080129133858267
20
-0.2706025590551181
11
0.407956968503937
21
-0.2706914960629921
0
LINE
8
BLACK
6
CONTINUOUS
10
0.407956968503937
20
-0.2706914960629921
11
0.4078979527559055
21
-0.2707426377952756
0
LINE
8
BLACK
6
CONTINUOUS
10
0.4078979527559055
20
-0.2707426377952756
11
0.4077122047244094
21
-0.2709690157480315
0
LINE
8
BLACK
6
CONTINUOUS
10
0.4077122047244094
20
-0.2709690157480315
11
0.4058374803149606
21
-0.2728437795275591
0
LINE
8
BLACK
6
CONTINUOUS
10
0.4058374803149606
20
-0.2728437795275591
11
0.4056111023622047
21
-0.2730295275590551
0
LINE
8
BLACK
6
CONTINUOUS
10
0.4056111023622047
20
-0.2730295275590551
11
0.4055599212598425
21
-0.2730885826771653
0
LINE
8
BLACK
6
CONTINUOUS
10
0.4055599212598425
20
-0.2730885826771653
11
0.4054709448818897
21
-0.2731445669291339
0
LINE
8
BLACK
6
CONTINUOUS
10
0.4054709448818897
20
-0.2731445669291339
11
0.40539
21
-0.2732110236220472
0
LINE
8
BLACK
6
CONTINUOUS
10
0.40539
20
-0.2732110236220472
11
0.405318031496063
21
-0.2732408267716535
0
LINE
8
BLACK
6
CONTINUOUS
10
0.405318031496063
20
-0.2732408267716535
11
0.4050700393700787
21
-0.2733969291338583
0
LINE
8
BLACK
6
CONTINUOUS
10
0.4050700393700787
20
-0.2733969291338583
11
0.4013205118110236
21
-0.2752716929133858
0
LINE
8
BLACK
6
CONTINUOUS
10
0.4013205118110236
20
-0.2752716929133858
11
0.4007798818897638
21
-0.2754785826771654
0
LINE
8
BLACK
6
CONTINUOUS
10
0.4007798818897638
20
-0.2754785826771654
11
0.4006740551181102
21
-0.275486062992126
0
LINE
8
BLACK
6
CONTINUOUS
10
0.4006740551181102
20
-0.275486062992126
11
0.4005760629921259
21
-0.2755266929133858
0
LINE
8
BLACK
6
CONTINUOUS
10
0.4005760629921259
20
-0.2755266929133858
11
0.4
21
-0.2755834251968504
0
LINE
8
BLACK
6
CONTINUOUS
10
0.4
20
-0.2755834251968504
11
0.3962504724409449
21
-0.2755834251968504
0
LINE
8
BLACK
6
CONTINUOUS
10
0.3962504724409449
20
-0.2755834251968504
11
0.3956744094488189
21
-0.2755266929133858
0
LINE
8
BLACK
6
CONTINUOUS
10
0.3956744094488189
20
-0.2755266929133858
11
0.3955764173228347
21
-0.2754861023622047
0
LINE
8
BLACK
6
CONTINUOUS
10
0.3955764173228347
20
-0.2754861023622047
11
0.3954705511811024
21
-0.2754785826771654
0
LINE
8
BLACK
6
CONTINUOUS
10
0.3954705511811024
20
-0.2754785826771654
11
0.3949299606299213
21
-0.2752716929133858
0
LINE
8
BLACK
6
CONTINUOUS
10
0.3949299606299213
20
-0.2752716929133858
11
0.3911804330708661
21
-0.2733969291338583
0
LINE
8
BLACK
6
CONTINUOUS
10
0.3911804330708661
20
-0.2733969291338583
11
0.3909324015748031
21
-0.2732408267716535
0
LINE
8
BLACK
6
CONTINUOUS
10
0.3909324015748031
20
-0.2732408267716535
11
0.3908604724409449
21
-0.2732110236220472
0
LINE
8
BLACK
6
CONTINUOUS
10
0.3908604724409449
20
-0.2732110236220472
11
0.3907794881889763
21
-0.2731445669291339
0
LINE
8
BLACK
6
CONTINUOUS
10
0.3907794881889763
20
-0.2731445669291339
11
0.3906905511811024
21
-0.2730885826771653
0
LINE
8
BLACK
6
CONTINUOUS
10
0.3906905511811024
20
-0.2730885826771653
11
0.3906393307086614
21
-0.2730295275590551
0
LINE
8
BLACK
6
CONTINUOUS
10
0.3906393307086614
20
-0.2730295275590551
11
0.3904129921259842
21
-0.2728437795275591
0
LINE
8
BLACK
6
CONTINUOUS
10
0.3904129921259842
20
-0.2728437795275591
11
0.3885382283464567
21
-0.2709689763779528
0
LINE
8
BLACK
6
CONTINUOUS
10
0.3885382283464567
20
-0.2709689763779528
11
0.3883524803149606
21
-0.2707426377952756
0
LINE
8
BLACK
6
CONTINUOUS
10
0.3883524803149606
20
-0.2707426377952756
11
0.3882935039370078
21
-0.2706914960629921
0
LINE
8
BLACK
6
CONTINUOUS
10
0.3882935039370078
20
-0.2706914960629921
11
0.3882375196850393
21
-0.2706025590551181
0
LINE
8
BLACK
6
CONTINUOUS
10
0.3882375196850393
20
-0.2706025590551181
11
0.3881710236220473
21
-0.2705215354330708
0
LINE
8
BLACK
6
CONTINUOUS
10
0.3881710236220473
20
-0.2705215354330708
11
0.3881411811023622
21
-0.2704494881889764
0
LINE
8
BLACK
6
CONTINUOUS
10
0.3881411811023622
20
-0.2704494881889764
11
0.387985157480315
21
-0.2702016141732284
0
LINE
8
BLACK
6
CONTINUOUS
10
0.387985157480315
20
-0.2702016141732284
11
0.3861103937007874
21
-0.2664520866141732
0
LINE
8
BLACK
6
CONTINUOUS
10
0.3861103937007874
20
-0.2664520866141732
11
0.3860942519685039
21
-0.2664099606299212
0
LINE
8
BLACK
6
CONTINUOUS
10
0.3860942519685039
20
-0.2664099606299212
11
0.3860815748031496
21
-0.2663928346456693
0
LINE
8
BLACK
6
CONTINUOUS
10
0.3860815748031496
20
-0.2663928346456693
11
0.3859951181102362
21
-0.2661508661417323
0
LINE
8
BLACK
6
CONTINUOUS
10
0.3859951181102362
20
-0.2661508661417323
11
0.3859035039370078
21
-0.2659114566929134
0
LINE
8
BLACK
6
CONTINUOUS
10
0.3859035039370078
20
-0.2659114566929134
11
0.385901968503937
21
-0.2658901968503937
0
LINE
8
BLACK
6
CONTINUOUS
10
0.385901968503937
20
-0.2658901968503937
11
0.385886811023622
21
-0.265847716535433
0
LINE
8
BLACK
6
CONTINUOUS
10
0.385886811023622
20
-0.265847716535433
11
0.3840120472440945
21
-0.2583486614173228
0
LINE
8
BLACK
6
CONTINUOUS
10
0.3840120472440945
20
-0.2583486614173228
11
0.3839972440944882
21
-0.258248779527559
0
LINE
8
BLACK
6
CONTINUOUS
10
0.3839972440944882
20
-0.258248779527559
11
0.3839806299212598
21
-0.2582085826771653
0
LINE
8
BLACK
6
CONTINUOUS
10
0.3839806299212598
20
-0.2582085826771653
11
0.3839592519685039
21
-0.2579915354330709
0
LINE
8
BLACK
6
CONTINUOUS
10
0.3839592519685039
20
-0.2579915354330709
11
0.3839274015748032
21
-0.257776062992126
0
LINE
8
BLACK
6
CONTINUOUS
10
0.3839274015748032
20
-0.257776062992126
11
0.383933779527559
21
-0.257733031496063
0
LINE
8
BLACK
6
CONTINUOUS
10
0.383933779527559
20
-0.257733031496063
11
0.3839238976377953
21
-0.2576325196850394
0
LINE
8
BLACK
6
CONTINUOUS
10
0.3839238976377953
20
-0.2576325196850394
11
0.3839238976377953
21
-0.2482587007874016
0
LINE
8
BLACK
6
CONTINUOUS
10
0.3839238976377953
20
-0.2482587007874016
11
0.383933779527559
21
-0.2481581496062992
0
LINE
8
BLACK
6
CONTINUOUS
10
0.383933779527559
20
-0.2481581496062992
11
0.3839274015748032
21
-0.248115157480315
0
LINE
8
BLACK
6
CONTINUOUS
10
0.3839274015748032
20
-0.248115157480315
11
0.3839592519685039
21
-0.2478996456692913
0
LINE
8
BLACK
6
CONTINUOUS
10
0.3839592519685039
20
-0.2478996456692913
11
0.3839806299212598
21
-0.2476826377952756
0
LINE
8
BLACK
6
CONTINUOUS
10
0.3839806299212598
20
-0.2476826377952756
11
0.3839972440944882
21
-0.2476424015748031
0
LINE
8
BLACK
6
CONTINUOUS
10
0.3839972440944882
20
-0.2476424015748031
11
0.3840120472440945
21
-0.2475425590551181
0
LINE
8
BLACK
6
CONTINUOUS
10
0.3840120472440945
20
-0.2475425590551181
11
0.385886811023622
21
-0.2400435039370079
0
LINE
8
BLACK
6
CONTINUOUS
10
0.385886811023622
20
-0.2400435039370079
11
0.385901968503937
21
-0.2400009842519685
0
LINE
8
BLACK
6
CONTINUOUS
10
0.385901968503937
20
-0.2400009842519685
11
0.3859035039370078
21
-0.2399797637795276
0
LINE
8
BLACK
6
CONTINUOUS
10
0.3859035039370078
20
-0.2399797637795276
11
0.3859951181102362
21
-0.2397403149606299
0
LINE
8
BLACK
6
CONTINUOUS
10
0.3859951181102362
20
-0.2397403149606299
11
0.3860815748031496
21
-0.2394983858267717
0
LINE
8
BLACK
6
CONTINUOUS
10
0.3860815748031496
20
-0.2394983858267717
11
0.3860942519685039
21
-0.2394812204724409
0
LINE
8
BLACK
6
CONTINUOUS
10
0.3860942519685039
20
-0.2394812204724409
11
0.3861103937007874
21
-0.2394391338582677
0
LINE
8
BLACK
6
CONTINUOUS
10
0.3861103937007874
20
-0.2394391338582677
11
0.387985157480315
21
-0.2356896062992126
0
LINE
8
BLACK
6
CONTINUOUS
10
0.387985157480315
20
-0.2356896062992126
11
0.3881412204724409
21
-0.2354415748031496
0
LINE
8
BLACK
6
CONTINUOUS
10
0.3881412204724409
20
-0.2354415748031496
11
0.3881710629921259
21
-0.2353696456692913
0
LINE
8
BLACK
6
CONTINUOUS
10
0.3881710629921259
20
-0.2353696456692913
11
0.3882375196850393
21
-0.2352886614173228
0
LINE
8
BLACK
6
CONTINUOUS
10
0.3882375196850393
20
-0.2352886614173228
11
0.3882935039370078
21
-0.2351997244094488
0
LINE
8
BLACK
6
CONTINUOUS
10
0.3882935039370078
20
-0.2351997244094488
11
0.3883524803149606
21
-0.2351485433070866
0
LINE
8
BLACK
6
CONTINUOUS
10
0.3883524803149606
20
-0.2351485433070866
11
0.3885382677165354
21
-0.2349222047244094
0
LINE
8
BLACK
6
CONTINUOUS
10
0.3885382677165354
20
-0.2349222047244094
11
0.390413031496063
21
-0.2330474409448819
0
LINE
8
BLACK
6
CONTINUOUS
10
0.390413031496063
20
-0.2330474409448819
11
0.3906393700787402
21
-0.2328616535433071
0
LINE
8
BLACK
6
CONTINUOUS
10
0.3906393700787402
20
-0.2328616535433071
11
0.3906905511811024
21
-0.2328026771653543
0
LINE
8
BLACK
6
CONTINUOUS
10
0.3906905511811024
20
-0.2328026771653543
11
0.3907794881889763
21
-0.2327466929133858
0
LINE
8
BLACK
6
CONTINUOUS
10
0.3907794881889763
20
-0.2327466929133858
11
0.3908604724409449
21
-0.2326802362204724
0
LINE
8
BLACK
6
CONTINUOUS
10
0.3908604724409449
20
-0.2326802362204724
11
0.3909324015748031
21
-0.2326503937007874
0
LINE
8
BLACK
6
CONTINUOUS
10
0.3909324015748031
20
-0.2326503937007874
11
0.3911804330708661
21
-0.2324943307086614
0
LINE
8
BLACK
6
CONTINUOUS
10
0.3911804330708661
20
-0.2324943307086614
11
0.3949299606299213
21
-0.2306195669291339
0
LINE
8
BLACK
6
CONTINUOUS
10
0.3949299606299213
20
-0.2306195669291339
11
0.3954705511811024
21
-0.2304126771653543
0
LINE
8
BLACK
6
CONTINUOUS
10
0.3954705511811024
20
-0.2304126771653543
11
0.3955764173228347
21
-0.2304051181102362
0
LINE
8
BLACK
6
CONTINUOUS
10
0.3955764173228347
20
-0.2304051181102362
11
0.3956744094488189
21
-0.2303645669291338
0
LINE
8
BLACK
6
CONTINUOUS
10
0.3956744094488189
20
-0.2303645669291338
11
0.3962504724409449
21
-0.2303078346456693
0
LINE
8
BLACK
6
CONTINUOUS
10
0.3962504724409449
20
-0.2303078346456693
11
0.4
21
-0.2303078346456693
0
LINE
8
BLACK
6
CONTINUOUS
10
0.4
20
-0.2303078346456693
11
0.4005760629921259
21
-0.2303645669291338
0
LINE
8
BLACK
6
CONTINUOUS
10
0.3942500393700787
20
-0.2375620866141732
11
0.3930529133858268
21
-0.2387592125984252
0
LINE
8
BLACK
6
CONTINUOUS
10
0.3930529133858268
20
-0.2387592125984252
11
0.3915374015748032
21
-0.2417901968503937
0
LINE
8
BLACK
6
CONTINUOUS
10
0.3915374015748032
20
-0.2417901968503937
11
0.3898294094488189
21
-0.2486222440944882
0
LINE
8
BLACK
6
CONTINUOUS
10
0.3898294094488189
20
-0.2486222440944882
11
0.3898294094488189
21
-0.2572689763779528
0
LINE
8
BLACK
6
CONTINUOUS
10
0.3898294094488189
20
-0.2572689763779528
11
0.3915374015748032
21
-0.2641010236220472
0
LINE
8
BLACK
6
CONTINUOUS
10
0.3915374015748032
20
-0.2641010236220472
11
0.3930529133858268
21
-0.2671320078740158
0
LINE
8
BLACK
6
CONTINUOUS
10
0.3930529133858268
20
-0.2671320078740158
11
0.3942500393700787
21
-0.2683291732283464
0
LINE
8
BLACK
6
CONTINUOUS
10
0.3942500393700787
20
-0.2683291732283464
11
0.3969475196850394
21
-0.2696779133858268
0
LINE
8
BLACK
6
CONTINUOUS
10
0.3969475196850394
20
-0.2696779133858268
11
0.3993029527559055
21
-0.2696779133858268
0
LINE
8
BLACK
6
CONTINUOUS
10
0.3993029527559055
20
-0.2696779133858268
11
0.4020003937007874
21
-0.2683291732283464
0
LINE
8
BLACK
6
CONTINUOUS
10
0.4020003937007874
20
-0.2683291732283464
11
0.4031975196850394
21
-0.2671320078740158
0
LINE
8
BLACK
6
CONTINUOUS
10
0.4031975196850394
20
-0.2671320078740158
11
0.404713031496063
21
-0.2641010236220472
0
LINE
8
BLACK
6
CONTINUOUS
10
0.404713031496063
20
-0.2641010236220472
11
0.406421062992126
21
-0.2572689763779528
0
LINE
8
BLACK
6
CONTINUOUS
10
0.406421062992126
20
-0.2572689763779528
11
0.406421062992126
21
-0.2486222440944882
0
LINE
8
BLACK
6
CONTINUOUS
10
0.406421062992126
20
-0.2486222440944882
11
0.404713031496063
21
-0.2417901968503937
0
LINE
8
BLACK
6
CONTINUOUS
10
0.404713031496063
20
-0.2417901968503937
11
0.4031975590551181
21
-0.2387592125984252
0
LINE
8
BLACK
6
CONTINUOUS
10
0.4031975590551181
20
-0.2387592125984252
11
0.4020004330708661
21
-0.2375620866141732
0
LINE
8
BLACK
6
CONTINUOUS
10
0.4020004330708661
20
-0.2375620866141732
11
0.3993029527559055
21
-0.2362133464566929
0
LINE
8
BLACK
6
CONTINUOUS
10
0.3993029527559055
20
-0.2362133464566929
11
0.3969475196850394
21
-0.2362133464566929
0
LINE
8
BLACK
6
CONTINUOUS
10
0.3969475196850394
20
-0.2362133464566929
11
0.3942500393700787
21
-0.2375620866141732
0
LINE
8
BLACK
6
CONTINUOUS
10
0.4380713779527559
20
-0.2303645669291338
11
0.4381693700787401
21
-0.230405157480315
0
LINE
8
BLACK
6
CONTINUOUS
10
0.4381693700787401
20
-0.230405157480315
11
0.4382751968503937
21
-0.2304126771653543
0
LINE
8
BLACK
6
CONTINUOUS
10
0.4382751968503937
20
-0.2304126771653543
11
0.4388158267716535
21
-0.2306195669291339
0
LINE
8
BLACK
6
CONTINUOUS
10
0.4388158267716535
20
-0.2306195669291339
11
0.4425653543307086
21
-0.2324943307086614
0
LINE
8
BLACK
6
CONTINUOUS
10
0.4425653543307086
20
-0.2324943307086614
11
0.4428133464566929
21
-0.2326503937007874
0
LINE
8
BLACK
6
CONTINUOUS
10
0.4428133464566929
20
-0.2326503937007874
11
0.4428853149606299
21
-0.2326802362204724
0
LINE
8
BLACK
6
CONTINUOUS
10
0.4428853149606299
20
-0.2326802362204724
11
0.4429662598425197
21
-0.2327466929133858
0
LINE
8
BLACK
6
CONTINUOUS
10
0.4429662598425197
20
-0.2327466929133858
11
0.4430552362204724
21
-0.2328026771653543
0
LINE
8
BLACK
6
CONTINUOUS
10
0.4430552362204724
20
-0.2328026771653543
11
0.4431063779527559
21
-0.2328616535433071
0
LINE
8
BLACK
6
CONTINUOUS
10
0.4431063779527559
20
-0.2328616535433071
11
0.4433327559055118
21
-0.2330474409448819
0
LINE
8
BLACK
6
CONTINUOUS
10
0.4433327559055118
20
-0.2330474409448819
11
0.4452075196850394
21
-0.2349222047244094
0
LINE
8
BLACK
6
CONTINUOUS
10
0.4452075196850394
20
-0.2349222047244094
11
0.4453932677165354
21
-0.2351485433070866
0
LINE
8
BLACK
6
CONTINUOUS
10
0.4453932677165354
20
-0.2351485433070866
11
0.4454522834645669
21
-0.2351997244094488
0
LINE
8
BLACK
6
CONTINUOUS
10
0.4454522834645669
20
-0.2351997244094488
11
0.4455082283464567
21
-0.2352886614173228
0
LINE
8
BLACK
6
CONTINUOUS
10
0.4455082283464567
20
-0.2352886614173228
11
0.4455747244094488
21
-0.2353696456692913
0
LINE
8
BLACK
6
CONTINUOUS
10
0.4455747244094488
20
-0.2353696456692913
11
0.4456045275590551
21
-0.2354415748031496
0
LINE
8
BLACK
6
CONTINUOUS
10
0.4456045275590551
20
-0.2354415748031496
11
0.4457606299212598
21
-0.2356896062992126
0
LINE
8
BLACK
6
CONTINUOUS
10
0.4457606299212598
20
-0.2356896062992126
11
0.4476353937007874
21
-0.2394391338582677
0
LINE
8
BLACK
6
CONTINUOUS
10
0.4476353937007874
20
-0.2394391338582677
11
0.4476514960629921
21
-0.2394812204724409
0
LINE
8
BLACK
6
CONTINUOUS
10
0.4476514960629921
20
-0.2394812204724409
11
0.4476642125984252
21
-0.2394983858267717
0
LINE
8
BLACK
6
CONTINUOUS
10
0.4476642125984252
20
-0.2394983858267717
11
0.4477505118110236
21
-0.2397399606299213
0
LINE
8
BLACK
6
CONTINUOUS
10
0.4477505118110236
20
-0.2397399606299213
11
0.4478422834645669
21
-0.2399797244094488
0
LINE
8
BLACK
6
CONTINUOUS
10
0.4478422834645669
20
-0.2399797244094488
11
0.447843779527559
21
-0.2400009842519685
0
LINE
8
BLACK
6
CONTINUOUS
10
0.447843779527559
20
-0.2400009842519685
11
0.4478589763779527
21
-0.2400435039370079
0
LINE
8
BLACK
6
CONTINUOUS
10
0.4478589763779527
20
-0.2400435039370079
11
0.4497337401574803
21
-0.2475425590551181
0
LINE
8
BLACK
6
CONTINUOUS
10
0.4497337401574803
20
-0.2475425590551181
11
0.4497485039370079
21
-0.2476424015748031
0
LINE
8
BLACK
6
CONTINUOUS
10
0.4497485039370079
20
-0.2476424015748031
11
0.4497651574803149
21
-0.2476826377952756
0
LINE
8
BLACK
6
CONTINUOUS
10
0.4497651574803149
20
-0.2476826377952756
11
0.4497864960629921
21
-0.2478996456692913
0
LINE
8
BLACK
6
CONTINUOUS
10
0.4497864960629921
20
-0.2478996456692913
11
0.4498183858267716
21
-0.248115157480315
0
LINE
8
BLACK
6
CONTINUOUS
10
0.4498183858267716
20
-0.248115157480315
11
0.449811968503937
21
-0.2481581496062992
0
LINE
8
BLACK
6
CONTINUOUS
10
0.449811968503937
20
-0.2481581496062992
11
0.4498218897637795
21
-0.2482587007874016
0
LINE
8
BLACK
6
CONTINUOUS
10
0.4498218897637795
20
-0.2482587007874016
11
0.4498218897637795
21
-0.2576325196850394
0
LINE
8
BLACK
6
CONTINUOUS
10
0.4498218897637795
20
-0.2576325196850394
11
0.449811968503937
21
-0.257733031496063
0
LINE
8
BLACK
6
CONTINUOUS
10
0.449811968503937
20
-0.257733031496063
11
0.4498183858267716
21
-0.257776062992126
0
LINE
8
BLACK
6
CONTINUOUS
10
0.4498183858267716
20
-0.257776062992126
11
0.4497864960629921
21
-0.2579915354330709
0
LINE
8
BLACK
6
CONTINUOUS
10
0.4497864960629921
20
-0.2579915354330709
11
0.4497651574803149
21
-0.2582085826771653
0
LINE
8
BLACK
6
CONTINUOUS
10
0.4497651574803149
20
-0.2582085826771653
11
0.4497485039370079
21
-0.258248779527559
0
LINE
8
BLACK
6
CONTINUOUS
10
0.4497485039370079
20
-0.258248779527559
11
0.4497337401574803
21
-0.2583486614173228
0
LINE
8
BLACK
6
CONTINUOUS
10
0.4497337401574803
20
-0.2583486614173228
11
0.4478589763779527
21
-0.265847716535433
0
LINE
8
BLACK
6
CONTINUOUS
10
0.4478589763779527
20
-0.265847716535433
11
0.447843779527559
21
-0.2658901968503937
0
LINE
8
BLACK
6
CONTINUOUS
10
0.447843779527559
20
-0.2658901968503937
11
0.4478422834645669
21
-0.2659114960629921
0
LINE
8
BLACK
6
CONTINUOUS
10
0.4478422834645669
20
-0.2659114960629921
11
0.4477505118110236
21
-0.2661512204724409
0
LINE
8
BLACK
6
CONTINUOUS
10
0.4477505118110236
20
-0.2661512204724409
11
0.4476642125984252
21
-0.2663928346456693
0
LINE
8
BLACK
6
CONTINUOUS
10
0.4476642125984252
20
-0.2663928346456693
11
0.4476514960629921
21
-0.2664099606299212
0
LINE
8
BLACK
6
CONTINUOUS
10
0.4476514960629921
20
-0.2664099606299212
11
0.4476353937007874
21
-0.2664520866141732
0
LINE
8
BLACK
6
CONTINUOUS
10
0.4476353937007874
20
-0.2664520866141732
11
0.4457606299212598
21
-0.2702016141732284
0
LINE
8
BLACK
6
CONTINUOUS
10
0.4457606299212598
20
-0.2702016141732284
11
0.4456045669291339
21
-0.2704494881889764
0
LINE
8
BLACK
6
CONTINUOUS
10
0.4456045669291339
20
-0.2704494881889764
11
0.4455747637795275
21
-0.2705215354330708
0
LINE
8
BLACK
6
CONTINUOUS
10
0.4455747637795275
20
-0.2705215354330708
11
0.4455082283464567
21
-0.2706025590551181
0
LINE
8
BLACK
6
CONTINUOUS
10
0.4455082283464567
20
-0.2706025590551181
11
0.4454522834645669
21
-0.2706914960629921
0
LINE
8
BLACK
6
CONTINUOUS
10
0.4454522834645669
20
-0.2706914960629921
11
0.4453932677165354
21
-0.2707426377952756
0
LINE
8
BLACK
6
CONTINUOUS
10
0.4453932677165354
20
-0.2707426377952756
11
0.4452075196850394
21
-0.2709690157480315
0
LINE
8
BLACK
6
CONTINUOUS
10
0.4452075196850394
20
-0.2709690157480315
11
0.4433327952755906
21
-0.2728437795275591
0
LINE
8
BLACK
6
CONTINUOUS
10
0.4433327952755906
20
-0.2728437795275591
11
0.4431064173228346
21
-0.2730295275590551
0
LINE
8
BLACK
6
CONTINUOUS
10
0.4431064173228346
20
-0.2730295275590551
11
0.4430552362204724
21
-0.2730885826771653
0
LINE
8
BLACK
6
CONTINUOUS
10
0.4430552362204724
20
-0.2730885826771653
11
0.4429662598425197
21
-0.2731445669291339
0
LINE
8
BLACK
6
CONTINUOUS
10
0.4429662598425197
20
-0.2731445669291339
11
0.4428853149606299
21
-0.2732110236220472
0
LINE
8
BLACK
6
CONTINUOUS
10
0.4428853149606299
20
-0.2732110236220472
11
0.4428133464566929
21
-0.2732408267716535
0
LINE
8
BLACK
6
CONTINUOUS
10
0.4428133464566929
20
-0.2732408267716535
11
0.4425653543307086
21
-0.2733969291338583
0
LINE
8
BLACK
6
CONTINUOUS
10
0.4425653543307086
20
-0.2733969291338583
11
0.4388158267716535
21
-0.2752716929133858
0
LINE
8
BLACK
6
CONTINUOUS
10
0.4388158267716535
20
-0.2752716929133858
11
0.4382751968503937
21
-0.2754785826771654
0
LINE
8
BLACK
6
CONTINUOUS
10
0.4382751968503937
20
-0.2754785826771654
11
0.4381693700787401
21
-0.275486062992126
0
LINE
8
BLACK
6
CONTINUOUS
10
0.4381693700787401
20
-0.275486062992126
11
0.4380713779527559
21
-0.2755266929133858
0
LINE
8
BLACK
6
CONTINUOUS
10
0.4380713779527559
20
-0.2755266929133858
11
0.4374953149606299
21
-0.2755834251968504
0
LINE
8
BLACK
6
CONTINUOUS
10
0.4374953149606299
20
-0.2755834251968504
11
0.4337457874015748
21
-0.2755834251968504
0
LINE
8
BLACK
6
CONTINUOUS
10
0.4337457874015748
20
-0.2755834251968504
11
0.4331697244094488
21
-0.2755266929133858
0
LINE
8
BLACK
6
CONTINUOUS
10
0.4331697244094488
20
-0.2755266929133858
11
0.4330717322834646
21
-0.2754861023622047
0
LINE
8
BLACK
6
CONTINUOUS
10
0.4330717322834646
20
-0.2754861023622047
11
0.4329658661417323
21
-0.2754785826771654
0
LINE
8
BLACK
6
CONTINUOUS
10
0.4329658661417323
20
-0.2754785826771654
11
0.4324252755905512
21
-0.2752716929133858
0
LINE
8
BLACK
6
CONTINUOUS
10
0.4324252755905512
20
-0.2752716929133858
11
0.4286757480314961
21
-0.2733969291338583
0
LINE
8
BLACK
6
CONTINUOUS
10
0.4286757480314961
20
-0.2733969291338583
11
0.428427716535433
21
-0.2732408267716535
0
LINE
8
BLACK
6
CONTINUOUS
10
0.428427716535433
20
-0.2732408267716535
11
0.4283557874015748
21
-0.2732110236220472
0
LINE
8
BLACK
6
CONTINUOUS
10
0.4283557874015748
20
-0.2732110236220472
11
0.4282748031496063
21
-0.2731445669291339
0
LINE
8
BLACK
6
CONTINUOUS
10
0.4282748031496063
20
-0.2731445669291339
11
0.4281858661417323
21
-0.2730885826771653
0
LINE
8
BLACK
6
CONTINUOUS
10
0.4281858661417323
20
-0.2730885826771653
11
0.4281346456692913
21
-0.2730295275590551
0
LINE
8
BLACK
6
CONTINUOUS
10
0.4281346456692913
20
-0.2730295275590551
11
0.4279083070866141
21
-0.2728437795275591
0
LINE
8
BLACK
6
CONTINUOUS
10
0.4279083070866141
20
-0.2728437795275591
11
0.4260335433070866
21
-0.2709689763779528
0
LINE
8
BLACK
6
CONTINUOUS
10
0.4260335433070866
20
-0.2709689763779528
11
0.4258477952755905
21
-0.2707426377952756
0
LINE
8
BLACK
6
CONTINUOUS
10
0.4258477952755905
20
-0.2707426377952756
11
0.4257888188976378
21
-0.2706914960629921
0
LINE
8
BLACK
6
CONTINUOUS
10
0.4257888188976378
20
-0.2706914960629921
11
0.4257328346456693
21
-0.2706025590551181
0
LINE
8
BLACK
6
CONTINUOUS
10
0.4257328346456693
20
-0.2706025590551181
11
0.4256663385826772
21
-0.2705215354330708
0
LINE
8
BLACK
6
CONTINUOUS
10
0.4256663385826772
20
-0.2705215354330708
11
0.4256364960629921
21
-0.2704494881889764
0
LINE
8
BLACK
6
CONTINUOUS
10
0.4256364960629921
20
-0.2704494881889764
11
0.4254804724409449
21
-0.2702016141732284
0
LINE
8
BLACK
6
CONTINUOUS
10
0.4254804724409449
20
-0.2702016141732284
11
0.4236057086614173
21
-0.2664520866141732
0
LINE
8
BLACK
6
CONTINUOUS
10
0.4236057086614173
20
-0.2664520866141732
11
0.4235895669291339
21
-0.2664099606299212
0
LINE
8
BLACK
6
CONTINUOUS
10
0.4235895669291339
20
-0.2664099606299212
11
0.4235768897637795
21
-0.2663928346456693
0
LINE
8
BLACK
6
CONTINUOUS
10
0.4235768897637795
20
-0.2663928346456693
11
0.4234904330708661
21
-0.2661508661417323
0
LINE
8
BLACK
6
CONTINUOUS
10
0.4234904330708661
20
-0.2661508661417323
11
0.4233988188976378
21
-0.2659114566929134
0
LINE
8
BLACK
6
CONTINUOUS
10
0.4233988188976378
20
-0.2659114566929134
11
0.4233972834645669
21
-0.2658901968503937
0
LINE
8
BLACK
6
CONTINUOUS
10
0.4233972834645669
20
-0.2658901968503937
11
0.423382125984252
21
-0.265847716535433
0
LINE
8
BLACK
6
CONTINUOUS
10
0.423382125984252
20
-0.265847716535433
11
0.4215073622047244
21
-0.2583486614173228
0
LINE
8
BLACK
6
CONTINUOUS
10
0.4215073622047244
20
-0.2583486614173228
11
0.4214925590551181
21
-0.258248779527559
0
LINE
8
BLACK
6
CONTINUOUS
10
0.4214925590551181
20
-0.258248779527559
11
0.4214759448818898
21
-0.2582085826771653
0
LINE
8
BLACK
6
CONTINUOUS
10
0.4214759448818898
20
-0.2582085826771653
11
0.4214545669291339
21
-0.2579915354330709
0
LINE
8
BLACK
6
CONTINUOUS
10
0.4214545669291339
20
-0.2579915354330709
11
0.4214227165354331
21
-0.257776062992126
0
LINE
8
BLACK
6
CONTINUOUS
10
0.4214227165354331
20
-0.257776062992126
11
0.421429094488189
21
-0.257733031496063
0
LINE
8
BLACK
6
CONTINUOUS
10
0.421429094488189
20
-0.257733031496063
11
0.4214192125984252
21
-0.2576325196850394
0
LINE
8
BLACK
6
CONTINUOUS
10
0.4214192125984252
20
-0.2576325196850394
11
0.4214192125984252
21
-0.2482587007874016
0
LINE
8
BLACK
6
CONTINUOUS
10
0.4214192125984252
20
-0.2482587007874016
11
0.421429094488189
21
-0.2481581496062992
0
LINE
8
BLACK
6
CONTINUOUS
10
0.421429094488189
20
-0.2481581496062992
11
0.4214227165354331
21
-0.248115157480315
0
LINE
8
BLACK
6
CONTINUOUS
10
0.4214227165354331
20
-0.248115157480315
11
0.4214545669291339
21
-0.2478996456692913
0
LINE
8
BLACK
6
CONTINUOUS
10
0.4214545669291339
20
-0.2478996456692913
11
0.4214759448818898
21
-0.2476826377952756
0
LINE
8
BLACK
6
CONTINUOUS
10
0.4214759448818898
20
-0.2476826377952756
11
0.4214925590551181
21
-0.2476424015748031
0
LINE
8
BLACK
6
CONTINUOUS
10
0.4214925590551181
20
-0.2476424015748031
11
0.4215073622047244
21
-0.2475425590551181
0
LINE
8
BLACK
6
CONTINUOUS
10
0.4215073622047244
20
-0.2475425590551181
11
0.423382125984252
21
-0.2400435039370079
0
LINE
8
BLACK
6
CONTINUOUS
10
0.423382125984252
20
-0.2400435039370079
11
0.4233972834645669
21
-0.2400009842519685
0
LINE
8
BLACK
6
CONTINUOUS
10
0.4233972834645669
20
-0.2400009842519685
11
0.4233988188976378
21
-0.2399797637795276
0
LINE
8
BLACK
6
CONTINUOUS
10
0.4233988188976378
20
-0.2399797637795276
11
0.4234904330708661
21
-0.2397403149606299
0
LINE
8
BLACK
6
CONTINUOUS
10
0.4234904330708661
20
-0.2397403149606299
11
0.4235768897637795
21
-0.2394983858267717
0
LINE
8
BLACK
6
CONTINUOUS
10
0.4235768897637795
20
-0.2394983858267717
11
0.4235895669291339
21
-0.2394812204724409
0
LINE
8
BLACK
6
CONTINUOUS
10
0.4235895669291339
20
-0.2394812204724409
11
0.4236057086614173
21
-0.2394391338582677
0
LINE
8
BLACK
6
CONTINUOUS
10
0.4236057086614173
20
-0.2394391338582677
11
0.4254804724409449
21
-0.2356896062992126
0
LINE
8
BLACK
6
CONTINUOUS
10
0.4254804724409449
20
-0.2356896062992126
11
0.4256365354330708
21
-0.2354415748031496
0
LINE
8
BLACK
6
CONTINUOUS
10
0.4256365354330708
20
-0.2354415748031496
11
0.4256663779527559
21
-0.2353696456692913
0
LINE
8
BLACK
6
CONTINUOUS
10
0.4256663779527559
20
-0.2353696456692913
11
0.4257328346456693
21
-0.2352886614173228
0
LINE
8
BLACK
6
CONTINUOUS
10
0.4257328346456693
20
-0.2352886614173228
11
0.4257888188976378
21
-0.2351997244094488
0
LINE
8
BLACK
6
CONTINUOUS
10
0.4257888188976378
20
-0.2351997244094488
11
0.4258477952755905
21
-0.2351485433070866
0
LINE
8
BLACK
6
CONTINUOUS
10
0.4258477952755905
20
-0.2351485433070866
11
0.4260335826771653
21
-0.2349222047244094
0
LINE
8
BLACK
6
CONTINUOUS
10
0.4260335826771653
20
-0.2349222047244094
11
0.4279083464566929
21
-0.2330474409448819
0
LINE
8
BLACK
6
CONTINUOUS
10
0.4279083464566929
20
-0.2330474409448819
11
0.4281346850393701
21
-0.2328616535433071
0
LINE
8
BLACK
6
CONTINUOUS
10
0.4281346850393701
20
-0.2328616535433071
11
0.4281858661417323
21
-0.2328026771653543
0
LINE
8
BLACK
6
CONTINUOUS
10
0.4281858661417323
20
-0.2328026771653543
11
0.4282748031496063
21
-0.2327466929133858
0
LINE
8
BLACK
6
CONTINUOUS
10
0.4282748031496063
20
-0.2327466929133858
11
0.4283557874015748
21
-0.2326802362204724
0
LINE
8
BLACK
6
CONTINUOUS
10
0.4283557874015748
20
-0.2326802362204724
11
0.428427716535433
21
-0.2326503937007874
0
LINE
8
BLACK
6
CONTINUOUS
10
0.428427716535433
20
-0.2326503937007874
11
0.4286757480314961
21
-0.2324943307086614
0
LINE
8
BLACK
6
CONTINUOUS
10
0.4286757480314961
20
-0.2324943307086614
11
0.4324252755905512
21
-0.2306195669291339
0
LINE
8
BLACK
6
CONTINUOUS
10
0.4324252755905512
20
-0.2306195669291339
11
0.4329658661417323
21
-0.2304126771653543
0
LINE
8
BLACK
6
CONTINUOUS
10
0.4329658661417323
20
-0.2304126771653543
11
0.4330717322834646
21
-0.2304051181102362
0
LINE
8
BLACK
6
CONTINUOUS
10
0.4330717322834646
20
-0.2304051181102362
11
0.4331697244094488
21
-0.2303645669291338
0
LINE
8
BLACK
6
CONTINUOUS
10
0.4331697244094488
20
-0.2303645669291338
11
0.4337457874015748
21
-0.2303078346456693
0
LINE
8
BLACK
6
CONTINUOUS
10
0.4337457874015748
20
-0.2303078346456693
11
0.4374953149606299
21
-0.2303078346456693
0
LINE
8
BLACK
6
CONTINUOUS
10
0.4374953149606299
20
-0.2303078346456693
11
0.4380713779527559
21
-0.2303645669291338
0
LINE
8
BLACK
6
CONTINUOUS
10
0.4317453543307087
20
-0.2375620866141732
11
0.4305482283464567
21
-0.2387592125984252
0
LINE
8
BLACK
6
CONTINUOUS
10
0.4305482283464567
20
-0.2387592125984252
11
0.4290327165354331
21
-0.2417901968503937
0
LINE
8
BLACK
6
CONTINUOUS
10
0.4290327165354331
20
-0.2417901968503937
11
0.4273247244094488
21
-0.2486222440944882
0
LINE
8
BLACK
6
CONTINUOUS
10
0.4273247244094488
20
-0.2486222440944882
11
0.4273247244094488
21
-0.2572689763779528
0
LINE
8
BLACK
6
CONTINUOUS
10
0.4273247244094488
20
-0.2572689763779528
11
0.4290327165354331
21
-0.2641010236220472
0
LINE
8
BLACK
6
CONTINUOUS
10
0.4290327165354331
20
-0.2641010236220472
11
0.4305482283464567
21
-0.2671320078740158
0
LINE
8
BLACK
6
CONTINUOUS
10
0.4305482283464567
20
-0.2671320078740158
11
0.4317453543307087
21
-0.2683291732283464
0
LINE
8
BLACK
6
CONTINUOUS
10
0.4317453543307087
20
-0.2683291732283464
11
0.4344428346456693
21
-0.2696779133858268
0
LINE
8
BLACK
6
CONTINUOUS
10
0.4344428346456693
20
-0.2696779133858268
11
0.4367982677165354
21
-0.2696779133858268
0
LINE
8
BLACK
6
CONTINUOUS
10
0.4367982677165354
20
-0.2696779133858268
11
0.4394957086614173
21
-0.2683291732283464
0
LINE
8
BLACK
6
CONTINUOUS
10
0.4394957086614173
20
-0.2683291732283464
11
0.4406928346456693
21
-0.2671320078740158
0
LINE
8
BLACK
6
CONTINUOUS
10
0.4406928346456693
20
-0.2671320078740158
11
0.4422083464566929
21
-0.2641010236220472
0
LINE
8
BLACK
6
CONTINUOUS
10
0.4422083464566929
20
-0.2641010236220472
11
0.4439163779527559
21
-0.2572689763779528
0
LINE
8
BLACK
6
CONTINUOUS
10
0.4439163779527559
20
-0.2572689763779528
11
0.4439163779527559
21
-0.2486222440944882
0
LINE
8
BLACK
6
CONTINUOUS
10
0.4439163779527559
20
-0.2486222440944882
11
0.4422083464566929
21
-0.2417901968503937
0
LINE
8
BLACK
6
CONTINUOUS
10
0.4422083464566929
20
-0.2417901968503937
11
0.440692874015748
21
-0.2387592125984252
0
LINE
8
BLACK
6
CONTINUOUS
10
0.440692874015748
20
-0.2387592125984252
11
0.439495748031496
21
-0.2375620866141732
0
LINE
8
BLACK
6
CONTINUOUS
10
0.439495748031496
20
-0.2375620866141732
11
0.4367982677165354
21
-0.2362133464566929
0
LINE
8
BLACK
6
CONTINUOUS
10
0.4367982677165354
20
-0.2362133464566929
11
0.4344428346456693
21
-0.2362133464566929
0
LINE
8
BLACK
6
CONTINUOUS
10
0.4344428346456693
20
-0.2362133464566929
11
0.4317453543307087
21
-0.2375620866141732
0
LINE
8
BLACK
6
CONTINUOUS
10
0.2959332677165354
20
-0.2661275984251968
11
0.2966535826771654
21
-0.2664259448818898
0
LINE
8
BLACK
6
CONTINUOUS
10
0.2966535826771654
20
-0.2664259448818898
11
0.2966536220472441
21
-0.2664259842519685
0
LINE
8
BLACK
6
CONTINUOUS
10
0.2966536220472441
20
-0.2664259842519685
11
0.2971011023622047
21
-0.2667932283464567
0
LINE
8
BLACK
6
CONTINUOUS
10
0.2971011023622047
20
-0.2667932283464567
11
0.2989758267716535
21
-0.2686679921259842
0
LINE
8
BLACK
6
CONTINUOUS
10
0.2989758267716535
20
-0.2686679921259842
11
0.2993430708661417
21
-0.2691154724409449
0
LINE
8
BLACK
6
CONTINUOUS
10
0.2993430708661417
20
-0.2691154724409449
11
0.299782125984252
21
-0.2701755511811024
0
LINE
8
BLACK
6
CONTINUOUS
10
0.299782125984252
20
-0.2701755511811024
11
0.299783937007874
21
-0.2701798818897638
0
LINE
8
BLACK
6
CONTINUOUS
10
0.299783937007874
20
-0.2701798818897638
11
0.299783937007874
21
-0.271331968503937
0
LINE
8
BLACK
6
CONTINUOUS
10
0.299783937007874
20
-0.271331968503937
11
0.299343031496063
21
-0.2723963779527559
0
LINE
8
BLACK
6
CONTINUOUS
10
0.299343031496063
20
-0.2723963779527559
11
0.2989758267716535
21
-0.2728438188976378
0
LINE
8
BLACK
6
CONTINUOUS
10
0.2989758267716535
20
-0.2728438188976378
11
0.297101062992126
21
-0.2747185826771654
0
LINE
8
BLACK
6
CONTINUOUS
10
0.297101062992126
20
-0.2747185826771654
11
0.2966536220472441
21
-0.2750857874015748
0
LINE
8
BLACK
6
CONTINUOUS
10
0.2966536220472441
20
-0.2750857874015748
11
0.2955892125984252
21
-0.2755266929133858
0
LINE
8
BLACK
6
CONTINUOUS
10
0.2955892125984252
20
-0.2755266929133858
11
0.2955891732283464
21
-0.2755266929133858
0
LINE
8
BLACK
6
CONTINUOUS
10
0.2955891732283464
20
-0.2755266929133858
11
0.294437125984252
21
-0.2755266929133858
0
LINE
8
BLACK
6
CONTINUOUS
10
0.294437125984252
20
-0.2755266929133858
11
0.2944370866141732
21
-0.2755266929133858
0
LINE
8
BLACK
6
CONTINUOUS
10
0.2944370866141732
20
-0.2755266929133858
11
0.2933726771653543
21
-0.2750857874015748
0
LINE
8
BLACK
6
CONTINUOUS
10
0.2933726771653543
20
-0.2750857874015748
11
0.2929252362204725
21
-0.2747185826771654
0
LINE
8
BLACK
6
CONTINUOUS
10
0.2929252362204725
20
-0.2747185826771654
11
0.2910504724409449
21
-0.2728438188976378
0
LINE
8
BLACK
6
CONTINUOUS
10
0.2910504724409449
20
-0.2728438188976378
11
0.2906832677165354
21
-0.2723963779527559
0
LINE
8
BLACK
6
CONTINUOUS
10
0.2906832677165354
20
-0.2723963779527559
11
0.2904406692913385
21
-0.2718106692913386
0
LINE
8
BLACK
6
CONTINUOUS
10
0.2904406692913385
20
-0.2718106692913386
11
0.2902423622047244
21
-0.271331968503937
0
LINE
8
BLACK
6
CONTINUOUS
10
0.2902423622047244
20
-0.271331968503937
11
0.2902423622047244
21
-0.2701798818897638
0
LINE
8
BLACK
6
CONTINUOUS
10
0.2902423622047244
20
-0.2701798818897638
11
0.2906832283464567
21
-0.2691154724409449
0
LINE
8
BLACK
6
CONTINUOUS
10
0.2906832283464567
20
-0.2691154724409449
11
0.2910504330708661
21
-0.268668031496063
0
LINE
8
BLACK
6
CONTINUOUS
10
0.2910504330708661
20
-0.268668031496063
11
0.2929251968503937
21
-0.2667932283464567
0
LINE
8
BLACK
6
CONTINUOUS
10
0.2929251968503937
20
-0.2667932283464567
11
0.2933726771653543
21
-0.2664259842519685
0
LINE
8
BLACK
6
CONTINUOUS
10
0.2933726771653543
20
-0.2664259842519685
11
0.2933727165354331
21
-0.2664259448818898
0
LINE
8
BLACK
6
CONTINUOUS
10
0.2933727165354331
20
-0.2664259448818898
11
0.294093031496063
21
-0.2661275984251968
0
LINE
8
BLACK
6
CONTINUOUS
10
0.294093031496063
20
-0.2661275984251968
11
0.2944370866141732
21
-0.2659850787401575
0
LINE
8
BLACK
6
CONTINUOUS
10
0.2944370866141732
20
-0.2659850787401575
11
0.2955891732283464
21
-0.2659850787401575
0
LINE
8
BLACK
6
CONTINUOUS
10
0.2955891732283464
20
-0.2659850787401575
11
0.2955892125984252
21
-0.2659850787401575
0
LINE
8
BLACK
6
CONTINUOUS
10
0.2955892125984252
20
-0.2659850787401575
11
0.2959332677165354
21
-0.2661275984251968
0
LINE
8
BLACK
6
CONTINUOUS
10
0.5055629527559055
20
-0.2434879133858268
11
0.5056609448818897
21
-0.2435285039370079
0
LINE
8
BLACK
6
CONTINUOUS
10
0.5056609448818897
20
-0.2435285039370079
11
0.5057667716535433
21
-0.2435360236220472
0
LINE
8
BLACK
6
CONTINUOUS
10
0.5057667716535433
20
-0.2435360236220472
11
0.5063074015748031
21
-0.2437429133858268
0
LINE
8
BLACK
6
CONTINUOUS
10
0.5063074015748031
20
-0.2437429133858268
11
0.5100569291338583
21
-0.2456176771653543
0
LINE
8
BLACK
6
CONTINUOUS
10
0.5100569291338583
20
-0.2456176771653543
11
0.5101532677165355
21
-0.2456783070866142
0
LINE
8
BLACK
6
CONTINUOUS
10
0.5101532677165355
20
-0.2456783070866142
11
0.5101987007874016
21
-0.2456934645669291
0
LINE
8
BLACK
6
CONTINUOUS
10
0.5101987007874016
20
-0.2456934645669291
11
0.5102552362204724
21
-0.2457424803149606
0
LINE
8
BLACK
6
CONTINUOUS
10
0.5102552362204724
20
-0.2457424803149606
11
0.510546811023622
21
-0.2459260236220472
0
LINE
8
BLACK
6
CONTINUOUS
10
0.510546811023622
20
-0.2459260236220472
11
0.5106111811023621
21
-0.2460002362204724
0
LINE
8
BLACK
6
CONTINUOUS
10
0.5106111811023621
20
-0.2460002362204724
11
0.5106755511811023
21
-0.2459260236220472
0
LINE
8
BLACK
6
CONTINUOUS
10
0.5106755511811023
20
-0.2459260236220472
11
0.5109670866141732
21
-0.2457424803149606
0
LINE
8
BLACK
6
CONTINUOUS
10
0.5109670866141732
20
-0.2457424803149606
11
0.5110236614173228
21
-0.2456934645669291
0
LINE
8
BLACK
6
CONTINUOUS
10
0.5110236614173228
20
-0.2456934645669291
11
0.5110690551181102
21
-0.2456783070866142
0
LINE
8
BLACK
6
CONTINUOUS
10
0.5110690551181102
20
-0.2456783070866142
11
0.5111654330708661
21
-0.2456176771653543
0
LINE
8
BLACK
6
CONTINUOUS
10
0.5111654330708661
20
-0.2456176771653543
11
0.5149149606299213
21
-0.2437429133858268
0
LINE
8
BLACK
6
CONTINUOUS
10
0.5149149606299213
20
-0.2437429133858268
11
0.5154555511811023
21
-0.2435360236220472
0
LINE
8
BLACK
6
CONTINUOUS
10
0.5154555511811023
20
-0.2435360236220472
11
0.5155614173228347
21
-0.2435284645669291
0
LINE
8
BLACK
6
CONTINUOUS
10
0.5155614173228347
20
-0.2435284645669291
11
0.5156594094488189
21
-0.2434879133858268
0
LINE
8
BLACK
6
CONTINUOUS
10
0.5156594094488189
20
-0.2434879133858268
11
0.5162354724409449
21
-0.2434311811023622
0
LINE
8
BLACK
6
CONTINUOUS
10
0.5162354724409449
20
-0.2434311811023622
11
0.5218597637795276
21
-0.2434311811023622
0
LINE
8
BLACK
6
CONTINUOUS
10
0.5218597637795276
20
-0.2434311811023622
11
0.5224358267716536
21
-0.2434879133858268
0
LINE
8
BLACK
6
CONTINUOUS
10
0.5224358267716536
20
-0.2434879133858268
11
0.5225338188976378
21
-0.2435285039370079
0
LINE
8
BLACK
6
CONTINUOUS
10
0.5225338188976378
20
-0.2435285039370079
11
0.5226396456692913
21
-0.2435360236220472
0
LINE
8
BLACK
6
CONTINUOUS
10
0.5226396456692913
20
-0.2435360236220472
11
0.5231802755905511
21
-0.2437429133858268
0
LINE
8
BLACK
6
CONTINUOUS
10
0.5231802755905511
20
-0.2437429133858268
11
0.526929842519685
21
-0.2456176771653543
0
LINE
8
BLACK
6
CONTINUOUS
10
0.526929842519685
20
-0.2456176771653543
11
0.5270261417322835
21
-0.2456783070866142
0
LINE
8
BLACK
6
CONTINUOUS
10
0.5270261417322835
20
-0.2456783070866142
11
0.5270716141732283
21
-0.2456934645669291
0
LINE
8
BLACK
6
CONTINUOUS
10
0.5270716141732283
20
-0.2456934645669291
11
0.5271281889763779
21
-0.2457425196850394
0
LINE
8
BLACK
6
CONTINUOUS
10
0.5271281889763779
20
-0.2457425196850394
11
0.5274196850393701
21
-0.2459260236220472
0
LINE
8
BLACK
6
CONTINUOUS
10
0.5274196850393701
20
-0.2459260236220472
11
0.5276621653543307
21
-0.2462056299212598
0
LINE
8
BLACK
6
CONTINUOUS
10
0.5276621653543307
20
-0.2462056299212598
11
0.5279420078740157
21
-0.2464483070866142
0
LINE
8
BLACK
6
CONTINUOUS
10
0.5279420078740157
20
-0.2464483070866142
11
0.5281255118110236
21
-0.246739842519685
0
LINE
8
BLACK
6
CONTINUOUS
10
0.5281255118110236
20
-0.246739842519685
11
0.5281745669291339
21
-0.2467964173228346
0
LINE
8
BLACK
6
CONTINUOUS
10
0.5281745669291339
20
-0.2467964173228346
11
0.52818968503937
21
-0.246841811023622
0
LINE
8
BLACK
6
CONTINUOUS
10
0.52818968503937
20
-0.246841811023622
11
0.5282503543307087
21
-0.246938188976378
0
LINE
8
BLACK
6
CONTINUOUS
10
0.5282503543307087
20
-0.246938188976378
11
0.5301251181102362
21
-0.2506877165354331
0
LINE
8
BLACK
6
CONTINUOUS
10
0.5301251181102362
20
-0.2506877165354331
11
0.5303320078740157
21
-0.2512283070866141
0
LINE
8
BLACK
6
CONTINUOUS
10
0.5303320078740157
20
-0.2512283070866141
11
0.5303395275590551
21
-0.2513341732283464
0
LINE
8
BLACK
6
CONTINUOUS
10
0.5303395275590551
20
-0.2513341732283464
11
0.5303801181102362
21
-0.2514321653543307
0
LINE
8
BLACK
6
CONTINUOUS
10
0.5303801181102362
20
-0.2514321653543307
11
0.5304368503937008
21
-0.2520082283464567
0
LINE
8
BLACK
6
CONTINUOUS
10
0.5304368503937008
20
-0.2520082283464567
11
0.5304368503937008
21
-0.2726306692913386
0
LINE
8
BLACK
6
CONTINUOUS
10
0.5304368503937008
20
-0.2726306692913386
11
0.5303801181102362
21
-0.2732067322834645
0
LINE
8
BLACK
6
CONTINUOUS
10
0.5303801181102362
20
-0.2732067322834645
11
0.5299392125984251
21
-0.2742711417322835
0
LINE
8
BLACK
6
CONTINUOUS
10
0.5299392125984251
20
-0.2742711417322835
11
0.5291245669291339
21
-0.2750857874015748
0
LINE
8
BLACK
6
CONTINUOUS
10
0.5291245669291339
20
-0.2750857874015748
11
0.528060157480315
21
-0.2755266929133858
0
LINE
8
BLACK
6
CONTINUOUS
10
0.528060157480315
20
-0.2755266929133858
11
0.526908031496063
21
-0.2755266929133858
0
LINE
8
BLACK
6
CONTINUOUS
10
0.526908031496063
20
-0.2755266929133858
11
0.5258436220472441
21
-0.2750857874015748
0
LINE
8
BLACK
6
CONTINUOUS
10
0.5258436220472441
20
-0.2750857874015748
11
0.5250289763779528
21
-0.2742711417322835
0
LINE
8
BLACK
6
CONTINUOUS
10
0.5250289763779528
20
-0.2742711417322835
11
0.5245880708661417
21
-0.2732067322834645
0
LINE
8
BLACK
6
CONTINUOUS
10
0.5245880708661417
20
-0.2732067322834645
11
0.5245313385826772
21
-0.2726306692913386
0
LINE
8
BLACK
6
CONTINUOUS
10
0.5245313385826772
20
-0.2726306692913386
11
0.5245313385826772
21
-0.2527052755905512
0
LINE
8
BLACK
6
CONTINUOUS
10
0.5245313385826772
20
-0.2527052755905512
11
0.5234084645669291
21
-0.2504595275590551
0
LINE
8
BLACK
6
CONTINUOUS
10
0.5234084645669291
20
-0.2504595275590551
11
0.5211627165354331
21
-0.2493366929133858
0
LINE
8
BLACK
6
CONTINUOUS
10
0.5211627165354331
20
-0.2493366929133858
11
0.5169325196850394
21
-0.2493366929133858
0
LINE
8
BLACK
6
CONTINUOUS
10
0.5169325196850394
20
-0.2493366929133858
11
0.5146867716535433
21
-0.2504595275590551
0
LINE
8
BLACK
6
CONTINUOUS
10
0.5146867716535433
20
-0.2504595275590551
11
0.5135639370078739
21
-0.2527052755905512
0
LINE
8
BLACK
6
CONTINUOUS
10
0.5135639370078739
20
-0.2527052755905512
11
0.5135639370078739
21
-0.2726306692913386
0
LINE
8
BLACK
6
CONTINUOUS
10
0.5135639370078739
20
-0.2726306692913386
11
0.5135072047244095
21
-0.2732067322834645
0
LINE
8
BLACK
6
CONTINUOUS
10
0.5135072047244095
20
-0.2732067322834645
11
0.5130662992125984
21
-0.2742711417322835
0
LINE
8
BLACK
6
CONTINUOUS
10
0.5130662992125984
20
-0.2742711417322835
11
0.512251653543307
21
-0.2750857874015748
0
LINE
8
BLACK
6
CONTINUOUS
10
0.512251653543307
20
-0.2750857874015748
11
0.5111872440944881
21
-0.2755266929133858
0
LINE
8
BLACK
6
CONTINUOUS
10
0.5111872440944881
20
-0.2755266929133858
11
0.5100351181102362
21
-0.2755266929133858
0
LINE
8
BLACK
6
CONTINUOUS
10
0.5100351181102362
20
-0.2755266929133858
11
0.5089707086614174
21
-0.2750857874015748
0
LINE
8
BLACK
6
CONTINUOUS
10
0.5089707086614174
20
-0.2750857874015748
11
0.508156062992126
21
-0.2742711417322835
0
LINE
8
BLACK
6
CONTINUOUS
10
0.508156062992126
20
-0.2742711417322835
11
0.5077151574803149
21
-0.2732067322834645
0
LINE
8
BLACK
6
CONTINUOUS
10
0.5077151574803149
20
-0.2732067322834645
11
0.5076584251968503
21
-0.2726306692913386
0
LINE
8
BLACK
6
CONTINUOUS
10
0.5076584251968503
20
-0.2726306692913386
11
0.5076584251968503
21
-0.2527052755905512
0
LINE
8
BLACK
6
CONTINUOUS
10
0.5076584251968503
20
-0.2527052755905512
11
0.5065355511811024
21
-0.2504595275590551
0
LINE
8
BLACK
6
CONTINUOUS
10
0.5065355511811024
20
-0.2504595275590551
11
0.504289842519685
21
-0.2493366929133858
0
LINE
8
BLACK
6
CONTINUOUS
10
0.504289842519685
20
-0.2493366929133858
11
0.5000596456692913
21
-0.2493366929133858
0
LINE
8
BLACK
6
CONTINUOUS
10
0.5000596456692913
20
-0.2493366929133858
11
0.4973621653543307
21
-0.2506854330708662
0
LINE
8
BLACK
6
CONTINUOUS
10
0.4973621653543307
20
-0.2506854330708662
11
0.496691062992126
21
-0.2513565354330708
0
LINE
8
BLACK
6
CONTINUOUS
10
0.496691062992126
20
-0.2513565354330708
11
0.496691062992126
21
-0.2726306692913386
0
LINE
8
BLACK
6
CONTINUOUS
10
0.496691062992126
20
-0.2726306692913386
11
0.4966343307086614
21
-0.2732067322834645
0
LINE
8
BLACK
6
CONTINUOUS
10
0.4966343307086614
20
-0.2732067322834645
11
0.4961934251968504
21
-0.2742711417322835
0
LINE
8
BLACK
6
CONTINUOUS
10
0.4961934251968504
20
-0.2742711417322835
11
0.495378779527559
21
-0.2750857874015748
0
LINE
8
BLACK
6
CONTINUOUS
10
0.495378779527559
20
-0.2750857874015748
11
0.4943143700787401
21
-0.2755266929133858
0
LINE
8
BLACK
6
CONTINUOUS
10
0.4943143700787401
20
-0.2755266929133858
11
0.4931622440944882
21
-0.2755266929133858
0
LINE
8
BLACK
6
CONTINUOUS
10
0.4931622440944882
20
-0.2755266929133858
11
0.4920978346456693
21
-0.2750857874015748
0
LINE
8
BLACK
6
CONTINUOUS
10
0.4920978346456693
20
-0.2750857874015748
11
0.491283188976378
21
-0.2742711417322835
0
LINE
8
BLACK
6
CONTINUOUS
10
0.491283188976378
20
-0.2742711417322835
11
0.4908422834645669
21
-0.2732067322834645
0
LINE
8
BLACK
6
CONTINUOUS
10
0.4908422834645669
20
-0.2732067322834645
11
0.4907855511811023
21
-0.2726306692913386
0
LINE
8
BLACK
6
CONTINUOUS
10
0.4907855511811023
20
-0.2726306692913386
11
0.4907855511811023
21
-0.246383937007874
0
LINE
8
BLACK
6
CONTINUOUS
10
0.4907855511811023
20
-0.246383937007874
11
0.4908422834645669
21
-0.245807874015748
0
LINE
8
BLACK
6
CONTINUOUS
10
0.4908422834645669
20
-0.245807874015748
11
0.491283188976378
21
-0.2447434645669291
0
LINE
8
BLACK
6
CONTINUOUS
10
0.491283188976378
20
-0.2447434645669291
11
0.4920978346456693
21
-0.2439288188976378
0
LINE
8
BLACK
6
CONTINUOUS
10
0.4920978346456693
20
-0.2439288188976378
11
0.4931622440944882
21
-0.2434879133858268
0
LINE
8
BLACK
6
CONTINUOUS
10
0.4931622440944882
20
-0.2434879133858268
11
0.4943143700787401
21
-0.2434879133858268
0
LINE
8
BLACK
6
CONTINUOUS
10
0.4943143700787401
20
-0.2434879133858268
11
0.495378779527559
21
-0.2439288188976378
0
LINE
8
BLACK
6
CONTINUOUS
10
0.495378779527559
20
-0.2439288188976378
11
0.4961425984251968
21
-0.2446926377952756
0
LINE
8
BLACK
6
CONTINUOUS
10
0.4961425984251968
20
-0.2446926377952756
11
0.4980420866141732
21
-0.2437429133858268
0
LINE
8
BLACK
6
CONTINUOUS
10
0.4980420866141732
20
-0.2437429133858268
11
0.4985826771653543
21
-0.2435360236220472
0
LINE
8
BLACK
6
CONTINUOUS
10
0.4985826771653543
20
-0.2435360236220472
11
0.4986885433070866
21
-0.2435284645669291
0
LINE
8
BLACK
6
CONTINUOUS
10
0.4986885433070866
20
-0.2435284645669291
11
0.4987865354330708
21
-0.2434879133858268
0
LINE
8
BLACK
6
CONTINUOUS
10
0.4987865354330708
20
-0.2434879133858268
11
0.4993625984251968
21
-0.2434311811023622
0
LINE
8
BLACK
6
CONTINUOUS
10
0.4993625984251968
20
-0.2434311811023622
11
0.5049868897637795
21
-0.2434311811023622
0
LINE
8
BLACK
6
CONTINUOUS
10
0.5049868897637795
20
-0.2434311811023622
11
0.5055629527559055
21
-0.2434879133858268
0
LINE
8
BLACK
6
CONTINUOUS
10
0.5580563779527559
20
-0.2434879133858268
11
0.5581543700787401
21
-0.2435285039370079
0
LINE
8
BLACK
6
CONTINUOUS
10
0.5581543700787401
20
-0.2435285039370079
11
0.5582601968503937
21
-0.2435360236220472
0
LINE
8
BLACK
6
CONTINUOUS
10
0.5582601968503937
20
-0.2435360236220472
11
0.5588008267716535
21
-0.2437429133858268
0
LINE
8
BLACK
6
CONTINUOUS
10
0.5588008267716535
20
-0.2437429133858268
11
0.5625503543307087
21
-0.2456176771653543
0
LINE
8
BLACK
6
CONTINUOUS
10
0.5625503543307087
20
-0.2456176771653543
11
0.5626466929133858
21
-0.2456783070866142
0
LINE
8
BLACK
6
CONTINUOUS
10
0.5626466929133858
20
-0.2456783070866142
11
0.562692125984252
21
-0.2456934645669291
0
LINE
8
BLACK
6
CONTINUOUS
10
0.562692125984252
20
-0.2456934645669291
11
0.5627486614173228
21
-0.2457424803149606
0
LINE
8
BLACK
6
CONTINUOUS
10
0.5627486614173228
20
-0.2457424803149606
11
0.5630402362204724
21
-0.2459260236220472
0
LINE
8
BLACK
6
CONTINUOUS
10
0.5630402362204724
20
-0.2459260236220472
11
0.5631046062992126
21
-0.2460002362204724
0
LINE
8
BLACK
6
CONTINUOUS
10
0.5631046062992126
20
-0.2460002362204724
11
0.5631689763779527
21
-0.2459260236220472
0
LINE
8
BLACK
6
CONTINUOUS
10
0.5631689763779527
20
-0.2459260236220472
11
0.5634605118110236
21
-0.2457424803149606
0
LINE
8
BLACK
6
CONTINUOUS
10
0.5634605118110236
20
-0.2457424803149606
11
0.5635170866141732
21
-0.2456934645669291
0
LINE
8
BLACK
6
CONTINUOUS
10
0.5635170866141732
20
-0.2456934645669291
11
0.5635624803149606
21
-0.2456783070866142
0
LINE
8
BLACK
6
CONTINUOUS
10
0.5635624803149606
20
-0.2456783070866142
11
0.5636588582677166
21
-0.2456176771653543
0
LINE
8
BLACK
6
CONTINUOUS
10
0.5636588582677166
20
-0.2456176771653543
11
0.5674083858267717
21
-0.2437429133858268
0
LINE
8
BLACK
6
CONTINUOUS
10
0.5674083858267717
20
-0.2437429133858268
11
0.5679489763779527
21
-0.2435360236220472
0
LINE
8
BLACK
6
CONTINUOUS
10
0.5679489763779527
20
-0.2435360236220472
11
0.5680548425196851
21
-0.2435284645669291
0
LINE
8
BLACK
6
CONTINUOUS
10
0.5680548425196851
20
-0.2435284645669291
11
0.5681528346456692
21
-0.2434879133858268
0
LINE
8
BLACK
6
CONTINUOUS
10
0.5681528346456692
20
-0.2434879133858268
11
0.5687288976377952
21
-0.2434311811023622
0
LINE
8
BLACK
6
CONTINUOUS
10
0.5687288976377952
20
-0.2434311811023622
11
0.574353188976378
21
-0.2434311811023622
0
LINE
8
BLACK
6
CONTINUOUS
10
0.574353188976378
20
-0.2434311811023622
11
0.574929251968504
21
-0.2434879133858268
0
LINE
8
BLACK
6
CONTINUOUS
10
0.574929251968504
20
-0.2434879133858268
11
0.5750272440944881
21
-0.2435285039370079
0
LINE
8
BLACK
6
CONTINUOUS
10
0.5750272440944881
20
-0.2435285039370079
11
0.5751330708661417
21
-0.2435360236220472
0
LINE
8
BLACK
6
CONTINUOUS
10
0.5751330708661417
20
-0.2435360236220472
11
0.5756737007874015
21
-0.2437429133858268
0
LINE
8
BLACK
6
CONTINUOUS
10
0.5756737007874015
20
-0.2437429133858268
11
0.5794232677165354
21
-0.2456176771653543
0
LINE
8
BLACK
6
CONTINUOUS
10
0.5794232677165354
20
-0.2456176771653543
11
0.5795195669291339
21
-0.2456783070866142
0
LINE
8
BLACK
6
CONTINUOUS
10
0.5795195669291339
20
-0.2456783070866142
11
0.5795650393700787
21
-0.2456934645669291
0
LINE
8
BLACK
6
CONTINUOUS
10
0.5795650393700787
20
-0.2456934645669291
11
0.5796216141732283
21
-0.2457425196850394
0
LINE
8
BLACK
6
CONTINUOUS
10
0.5796216141732283
20
-0.2457425196850394
11
0.5799131102362205
21
-0.2459260236220472
0
LINE
8
BLACK
6
CONTINUOUS
10
0.5799131102362205
20
-0.2459260236220472
11
0.580155590551181
21
-0.2462056299212598
0
LINE
8
BLACK
6
CONTINUOUS
10
0.580155590551181
20
-0.2462056299212598
11
0.5804354330708661
21
-0.2464483070866142
0
LINE
8
BLACK
6
CONTINUOUS
10
0.5804354330708661
20
-0.2464483070866142
11
0.580618937007874
21
-0.246739842519685
0
LINE
8
BLACK
6
CONTINUOUS
10
0.580618937007874
20
-0.246739842519685
11
0.5806679921259842
21
-0.2467964173228346
0
LINE
8
BLACK
6
CONTINUOUS
10
0.5806679921259842
20
-0.2467964173228346
11
0.5806831102362204
21
-0.246841811023622
0
LINE
8
BLACK
6
CONTINUOUS
10
0.5806831102362204
20
-0.246841811023622
11
0.5807437795275591
21
-0.246938188976378
0
LINE
8
BLACK
6
CONTINUOUS
10
0.5807437795275591
20
-0.246938188976378
11
0.5826185433070866
21
-0.2506877165354331
0
LINE
8
BLACK
6
CONTINUOUS
10
0.5826185433070866
20
-0.2506877165354331
11
0.5828254330708661
21
-0.2512283070866141
0
LINE
8
BLACK
6
CONTINUOUS
10
0.5828254330708661
20
-0.2512283070866141
11
0.5828329527559055
21
-0.2513341732283464
0
LINE
8
BLACK
6
CONTINUOUS
10
0.5828329527559055
20
-0.2513341732283464
11
0.5828735433070866
21
-0.2514321653543307
0
LINE
8
BLACK
6
CONTINUOUS
10
0.5828735433070866
20
-0.2514321653543307
11
0.5829302755905512
21
-0.2520082283464567
0
LINE
8
BLACK
6
CONTINUOUS
10
0.5829302755905512
20
-0.2520082283464567
11
0.5829302755905512
21
-0.2726306692913386
0
LINE
8
BLACK
6
CONTINUOUS
10
0.5829302755905512
20
-0.2726306692913386
11
0.5828735433070866
21
-0.2732067322834645
0
LINE
8
BLACK
6
CONTINUOUS
10
0.5828735433070866
20
-0.2732067322834645
11
0.5824326377952755
21
-0.2742711417322835
0
LINE
8
BLACK
6
CONTINUOUS
10
0.5824326377952755
20
-0.2742711417322835
11
0.5816179921259842
21
-0.2750857874015748
0
LINE
8
BLACK
6
CONTINUOUS
10
0.5816179921259842
20
-0.2750857874015748
11
0.5805535826771654
21
-0.2755266929133858
0
LINE
8
BLACK
6
CONTINUOUS
10
0.5805535826771654
20
-0.2755266929133858
11
0.5794014566929133
21
-0.2755266929133858
0
LINE
8
BLACK
6
CONTINUOUS
10
0.5794014566929133
20
-0.2755266929133858
11
0.5783370472440945
21
-0.2750857874015748
0
LINE
8
BLACK
6
CONTINUOUS
10
0.5783370472440945
20
-0.2750857874015748
11
0.5775224015748032
21
-0.2742711417322835
0
LINE
8
BLACK
6
CONTINUOUS
10
0.5775224015748032
20
-0.2742711417322835
11
0.5770814960629921
21
-0.2732067322834645
0
LINE
8
BLACK
6
CONTINUOUS
10
0.5770814960629921
20
-0.2732067322834645
11
0.5770247637795275
21
-0.2726306692913386
0
LINE
8
BLACK
6
CONTINUOUS
10
0.5770247637795275
20
-0.2726306692913386
11
0.5770247637795275
21
-0.2527052755905512
0
LINE
8
BLACK
6
CONTINUOUS
10
0.5770247637795275
20
-0.2527052755905512
11
0.5759018897637795
21
-0.2504595275590551
0
LINE
8
BLACK
6
CONTINUOUS
10
0.5759018897637795
20
-0.2504595275590551
11
0.5736561417322834
21
-0.2493366929133858
0
LINE
8
BLACK
6
CONTINUOUS
10
0.5736561417322834
20
-0.2493366929133858
11
0.5694259448818898
21
-0.2493366929133858
0
LINE
8
BLACK
6
CONTINUOUS
10
0.5694259448818898
20
-0.2493366929133858
11
0.5671801968503937
21
-0.2504595275590551
0
LINE
8
BLACK
6
CONTINUOUS
10
0.5671801968503937
20
-0.2504595275590551
11
0.5660573622047244
21
-0.2527052755905512
0
LINE
8
BLACK
6
CONTINUOUS
10
0.5660573622047244
20
-0.2527052755905512
11
0.5660573622047244
21
-0.2726306692913386
0
LINE
8
BLACK
6
CONTINUOUS
10
0.5660573622047244
20
-0.2726306692913386
11
0.5660006299212599
21
-0.2732067322834645
0
LINE
8
BLACK
6
CONTINUOUS
10
0.5660006299212599
20
-0.2732067322834645
11
0.5655597244094488
21
-0.2742711417322835
0
LINE
8
BLACK
6
CONTINUOUS
10
0.5655597244094488
20
-0.2742711417322835
11
0.5647450787401574
21
-0.2750857874015748
0
LINE
8
BLACK
6
CONTINUOUS
10
0.5647450787401574
20
-0.2750857874015748
11
0.5636806692913385
21
-0.2755266929133858
0
LINE
8
BLACK
6
CONTINUOUS
10
0.5636806692913385
20
-0.2755266929133858
11
0.5625285433070866
21
-0.2755266929133858
0
LINE
8
BLACK
6
CONTINUOUS
10
0.5625285433070866
20
-0.2755266929133858
11
0.5614641338582677
21
-0.2750857874015748
0
LINE
8
BLACK
6
CONTINUOUS
10
0.5614641338582677
20
-0.2750857874015748
11
0.5606494881889764
21
-0.2742711417322835
0
LINE
8
BLACK
6
CONTINUOUS
10
0.5606494881889764
20
-0.2742711417322835
11
0.5602085826771653
21
-0.2732067322834645
0
LINE
8
BLACK
6
CONTINUOUS
10
0.5602085826771653
20
-0.2732067322834645
11
0.5601518503937007
21
-0.2726306692913386
0
LINE
8
BLACK
6
CONTINUOUS
10
0.5601518503937007
20
-0.2726306692913386
11
0.5601518503937007
21
-0.2527052755905512
0
LINE
8
BLACK
6
CONTINUOUS
10
0.5601518503937007
20
-0.2527052755905512
11
0.5590289763779528
21
-0.2504595275590551
0
LINE
8
BLACK
6
CONTINUOUS
10
0.5590289763779528
20
-0.2504595275590551
11
0.5567832677165354
21
-0.2493366929133858
0
LINE
8
BLACK
6
CONTINUOUS
10
0.5567832677165354
20
-0.2493366929133858
11
0.5525530708661417
21
-0.2493366929133858
0
LINE
8
BLACK
6
CONTINUOUS
10
0.5525530708661417
20
-0.2493366929133858
11
0.5498555905511811
21
-0.2506854330708662
0
LINE
8
BLACK
6
CONTINUOUS
10
0.5498555905511811
20
-0.2506854330708662
11
0.5491844881889764
21
-0.2513565354330708
0
LINE
8
BLACK
6
CONTINUOUS
10
0.5491844881889764
20
-0.2513565354330708
11
0.5491844881889764
21
-0.2726306692913386
0
LINE
8
BLACK
6
CONTINUOUS
10
0.5491844881889764
20
-0.2726306692913386
11
0.5491277559055118
21
-0.2732067322834645
0
LINE
8
BLACK
6
CONTINUOUS
10
0.5491277559055118
20
-0.2732067322834645
11
0.5486868503937008
21
-0.2742711417322835
0
LINE
8
BLACK
6
CONTINUOUS
10
0.5486868503937008
20
-0.2742711417322835
11
0.5478722047244095
21
-0.2750857874015748
0
LINE
8
BLACK
6
CONTINUOUS
10
0.5478722047244095
20
-0.2750857874015748
11
0.5468077952755905
21
-0.2755266929133858
0
LINE
8
BLACK
6
CONTINUOUS
10
0.5468077952755905
20
-0.2755266929133858
11
0.5456556692913386
21
-0.2755266929133858
0
LINE
8
BLACK
6
CONTINUOUS
10
0.5456556692913386
20
-0.2755266929133858
11
0.5445912598425197
21
-0.2750857874015748
0
LINE
8
BLACK
6
CONTINUOUS
10
0.5445912598425197
20
-0.2750857874015748
11
0.5437766141732283
21
-0.2742711417322835
0
LINE
8
BLACK
6
CONTINUOUS
10
0.5437766141732283
20
-0.2742711417322835
11
0.5433357086614173
21
-0.2732067322834645
0
LINE
8
BLACK
6
CONTINUOUS
10
0.5433357086614173
20
-0.2732067322834645
11
0.5432789763779527
21
-0.2726306692913386
0
LINE
8
BLACK
6
CONTINUOUS
10
0.5432789763779527
20
-0.2726306692913386
11
0.5432789763779527
21
-0.246383937007874
0
LINE
8
BLACK
6
CONTINUOUS
10
0.5432789763779527
20
-0.246383937007874
11
0.5433357086614173
21
-0.245807874015748
0
LINE
8
BLACK
6
CONTINUOUS
10
0.5433357086614173
20
-0.245807874015748
11
0.5437766141732283
21
-0.2447434645669291
0
LINE
8
BLACK
6
CONTINUOUS
10
0.5437766141732283
20
-0.2447434645669291
11
0.5445912598425197
21
-0.2439288188976378
0
LINE
8
BLACK
6
CONTINUOUS
10
0.5445912598425197
20
-0.2439288188976378
11
0.5456556692913386
21
-0.2434879133858268
0
LINE
8
BLACK
6
CONTINUOUS
10
0.5456556692913386
20
-0.2434879133858268
11
0.5468077952755905
21
-0.2434879133858268
0
LINE
8
BLACK
6
CONTINUOUS
10
0.5468077952755905
20
-0.2434879133858268
11
0.5478722047244095
21
-0.2439288188976378
0
LINE
8
BLACK
6
CONTINUOUS
10
0.5478722047244095
20
-0.2439288188976378
11
0.5486360236220472
21
-0.2446926377952756
0
LINE
8
BLACK
6
CONTINUOUS
10
0.5486360236220472
20
-0.2446926377952756
11
0.5505355118110236
21
-0.2437429133858268
0
LINE
8
BLACK
6
CONTINUOUS
10
0.5505355118110236
20
-0.2437429133858268
11
0.5510761023622047
21
-0.2435360236220472
0
LINE
8
BLACK
6
CONTINUOUS
10
0.5510761023622047
20
-0.2435360236220472
11
0.551181968503937
21
-0.2435284645669291
0
LINE
8
BLACK
6
CONTINUOUS
10
0.551181968503937
20
-0.2435284645669291
11
0.5512799606299212
21
-0.2434879133858268
0
LINE
8
BLACK
6
CONTINUOUS
10
0.5512799606299212
20
-0.2434879133858268
11
0.5518560236220472
21
-0.2434311811023622
0
LINE
8
BLACK
6
CONTINUOUS
10
0.5518560236220472
20
-0.2434311811023622
11
0.5574803149606299
21
-0.2434311811023622
0
LINE
8
BLACK
6
CONTINUOUS
10
0.5574803149606299
20
-0.2434311811023622
11
0.5580563779527559
21
-0.2434879133858268
0
LINE
8
BLACK
6
CONTINUOUS
10
1.123663464566929
20
1.3928960236220471
11
1.124727874015748
21
1.3924551181102363
0
LINE
8
BLACK
6
CONTINUOUS
10
1.124727874015748
20
1.3924551181102363
11
1.1255425196850393
21
1.3916404724409448
0
LINE
8
BLACK
6
CONTINUOUS
10
1.1255425196850393
20
1.3916404724409448
11
1.1259834251968504
21
1.390576062992126
0
LINE
8
BLACK
6
CONTINUOUS
10
1.1259834251968504
20
1.390576062992126
11
1.1259834251968504
21
1.389423937007874
0
LINE
8
BLACK
6
CONTINUOUS
10
1.1259834251968504
20
1.389423937007874
11
1.1255425196850393
21
1.388359527559055
0
LINE
8
BLACK
6
CONTINUOUS
10
1.1255425196850393
20
1.388359527559055
11
1.124727874015748
21
1.3875448818897638
0
LINE
8
BLACK
6
CONTINUOUS
10
1.124727874015748
20
1.3875448818897638
11
1.123663464566929
21
1.3871039763779527
0
LINE
8
BLACK
6
CONTINUOUS
10
1.123663464566929
20
1.3871039763779527
11
1.1230874015748031
21
1.3870472440944881
0
LINE
8
BLACK
6
CONTINUOUS
10
1.1230874015748031
20
1.3870472440944881
11
1.1048659842519686
21
1.3870472440944881
0
LINE
8
BLACK
6
CONTINUOUS
10
1.1048659842519686
20
1.3870472440944881
11
1.1257065748031496
21
1.3470128740157481
0
LINE
8
BLACK
6
CONTINUOUS
10
1.1257065748031496
20
1.3470128740157481
11
1.1259222440944883
21
1.3464757086614172
0
LINE
8
BLACK
6
CONTINUOUS
10
1.1259222440944883
20
1.3464757086614172
11
1.1260226377952756
21
1.3453279921259842
0
LINE
8
BLACK
6
CONTINUOUS
10
1.1260226377952756
20
1.3453279921259842
11
1.1256761811023621
21
1.3442292125984252
0
LINE
8
BLACK
6
CONTINUOUS
10
1.1256761811023621
20
1.3442292125984252
11
1.1249356299212598
21
1.343346653543307
0
LINE
8
BLACK
6
CONTINUOUS
10
1.1249356299212598
20
1.343346653543307
11
1.1239137007874016
21
1.3428146456692913
0
LINE
8
BLACK
6
CONTINUOUS
10
1.1239137007874016
20
1.3428146456692913
11
1.1227659842519684
21
1.3427142519685038
0
LINE
8
BLACK
6
CONTINUOUS
10
1.1227659842519684
20
1.3427142519685038
11
1.1216672047244094
21
1.3430607086614172
0
LINE
8
BLACK
6
CONTINUOUS
10
1.1216672047244094
20
1.3430607086614172
11
1.1207846456692914
21
1.3438012598425197
0
LINE
8
BLACK
6
CONTINUOUS
10
1.1207846456692914
20
1.3438012598425197
11
1.1204683070866142
21
1.3442860236220473
0
LINE
8
BLACK
6
CONTINUOUS
10
1.1204683070866142
20
1.3442860236220473
11
1.1029527559055119
21
1.3779331102362204
0
LINE
8
BLACK
6
CONTINUOUS
10
1.1029527559055119
20
1.3779331102362204
11
1.1029527559055119
21
-0.1779330708661417
0
LINE
8
BLACK
6
CONTINUOUS
10
1.1029527559055119
20
-0.1779330708661417
11
1.1204683070866142
21
-0.1442860236220472
0
LINE
8
BLACK
6
CONTINUOUS
10
1.1204683070866142
20
-0.1442860236220472
11
1.1207846456692914
21
-0.1438012598425197
0
LINE
8
BLACK
6
CONTINUOUS
10
1.1207846456692914
20
-0.1438012598425197
11
1.1216672047244094
21
-0.1430607086614173
0
LINE
8
BLACK
6
CONTINUOUS
10
1.1216672047244094
20
-0.1430607086614173
11
1.1227659842519684
21
-0.1427142519685039
0
LINE
8
BLACK
6
CONTINUOUS
10
1.1227659842519684
20
-0.1427142519685039
11
1.1239137007874016
21
-0.1428146456692913
0
LINE
8
BLACK
6
CONTINUOUS
10
1.1239137007874016
20
-0.1428146456692913
11
1.1249356299212598
21
-0.1433466535433071
0
LINE
8
BLACK
6
CONTINUOUS
10
1.1249356299212598
20
-0.1433466535433071
11
1.1256761811023621
21
-0.1442292125984252
0
LINE
8
BLACK
6
CONTINUOUS
10
1.1256761811023621
20
-0.1442292125984252
11
1.1260226377952756
21
-0.1453279921259842
0
LINE
8
BLACK
6
CONTINUOUS
10
1.1260226377952756
20
-0.1453279921259842
11
1.1259222440944883
21
-0.1464757086614173
0
LINE
8
BLACK
6
CONTINUOUS
10
1.1259222440944883
20
-0.1464757086614173
11
1.1257065748031496
21
-0.147012874015748
0
LINE
8
BLACK
6
CONTINUOUS
10
1.1257065748031496
20
-0.147012874015748
11
1.1048659842519686
21
-0.1870472440944882
0
LINE
8
BLACK
6
CONTINUOUS
10
1.1048659842519686
20
-0.1870472440944882
11
1.1230874015748031
21
-0.1870472440944882
0
LINE
8
BLACK
6
CONTINUOUS
10
1.1230874015748031
20
-0.1870472440944882
11
1.123663464566929
21
-0.1871039763779528
0
LINE
8
BLACK
6
CONTINUOUS
10
1.123663464566929
20
-0.1871039763779528
11
1.124727874015748
21
-0.1875448818897638
0
LINE
8
BLACK
6
CONTINUOUS
10
1.124727874015748
20
-0.1875448818897638
11
1.1255425196850393
21
-0.1883595275590551
0
LINE
8
BLACK
6
CONTINUOUS
10
1.1255425196850393
20
-0.1883595275590551
11
1.1259834251968504
21
-0.189423937007874
0
LINE
8
BLACK
6
CONTINUOUS
10
1.1259834251968504
20
-0.189423937007874
11
1.1259834251968504
21
-0.190576062992126
0
LINE
8
BLACK
6
CONTINUOUS
10
1.1259834251968504
20
-0.190576062992126
11
1.1255425196850393
21
-0.1916404724409449
0
LINE
8
BLACK
6
CONTINUOUS
10
1.1255425196850393
20
-0.1916404724409449
11
1.124727874015748
21
-0.1924551181102362
0
LINE
8
BLACK
6
CONTINUOUS
10
1.124727874015748
20
-0.1924551181102362
11
1.123663464566929
21
-0.1928960236220472
0
LINE
8
BLACK
6
CONTINUOUS
10
1.123663464566929
20
-0.1928960236220472
11
1.1230874015748031
21
-0.1929527559055118
0
LINE
8
BLACK
6
CONTINUOUS
10
1.1230874015748031
20
-0.1929527559055118
11
1.0096850393700787
21
-0.1929527559055118
0
LINE
8
BLACK
6
CONTINUOUS
10
1.0096850393700787
20
-0.1929527559055118
11
1.0091089763779528
21
-0.1928960236220472
0
LINE
8
BLACK
6
CONTINUOUS
10
1.0091089763779528
20
-0.1928960236220472
11
1.0080445669291338
21
-0.1924551181102362
0
LINE
8
BLACK
6
CONTINUOUS
10
1.0080445669291338
20
-0.1924551181102362
11
1.0072299212598426
21
-0.1916404724409449
0
LINE
8
BLACK
6
CONTINUOUS
10
1.0072299212598426
20
-0.1916404724409449
11
1.0067890157480315
21
-0.190576062992126
0
LINE
8
BLACK
6
CONTINUOUS
10
1.0067890157480315
20
-0.190576062992126
11
1.0067890157480315
21
-0.189423937007874
0
LINE
8
BLACK
6
CONTINUOUS
10
1.0067890157480315
20
-0.189423937007874
11
1.0072299212598426
21
-0.1883595275590551
0
LINE
8
BLACK
6
CONTINUOUS
10
1.0072299212598426
20
-0.1883595275590551
11
1.0080445669291338
21
-0.1875448818897638
0
LINE
8
BLACK
6
CONTINUOUS
10
1.0080445669291338
20
-0.1875448818897638
11
1.0091089763779528
21
-0.1871039763779528
0
LINE
8
BLACK
6
CONTINUOUS
10
1.0091089763779528
20
-0.1871039763779528
11
1.0096850393700787
21
-0.1870472440944882
0
LINE
8
BLACK
6
CONTINUOUS
10
1.0096850393700787
20
-0.1870472440944882
11
1.0951340157480314
21
-0.1870472440944882
0
LINE
8
BLACK
6
CONTINUOUS
10
1.0951340157480314
20
-0.1870472440944882
11
1.0742934251968503
21
-0.147012874015748
0
LINE
8
BLACK
6
CONTINUOUS
10
1.0742934251968503
20
-0.147012874015748
11
1.0740777559055117
21
-0.1464757086614173
0
LINE
8
BLACK
6
CONTINUOUS
10
1.0740777559055117
20
-0.1464757086614173
11
1.0739773622047244
21
-0.1453279921259842
0
LINE
8
BLACK
6
CONTINUOUS
10
1.0739773622047244
20
-0.1453279921259842
11
1.0743237795275591
21
-0.1442292125984252
0
LINE
8
BLACK
6
CONTINUOUS
10
1.0743237795275591
20
-0.1442292125984252
11
1.0750643307086614
21
-0.1433466535433071
0
LINE
8
BLACK
6
CONTINUOUS
10
1.0750643307086614
20
-0.1433466535433071
11
1.0760862992125984
21
-0.1428146456692913
0
LINE
8
BLACK
6
CONTINUOUS
10
1.0760862992125984
20
-0.1428146456692913
11
1.0772340157480316
21
-0.1427142519685039
0
LINE
8
BLACK
6
CONTINUOUS
10
1.0772340157480316
20
-0.1427142519685039
11
1.0783327952755906
21
-0.1430606692913386
0
LINE
8
BLACK
6
CONTINUOUS
10
1.0783327952755906
20
-0.1430606692913386
11
1.0792153543307086
21
-0.143801220472441
0
LINE
8
BLACK
6
CONTINUOUS
10
1.0792153543307086
20
-0.143801220472441
11
1.0795316929133858
21
-0.1442860236220472
0
LINE
8
BLACK
6
CONTINUOUS
10
1.0795316929133858
20
-0.1442860236220472
11
1.0970472440944881
21
-0.1779330708661417
0
LINE
8
BLACK
6
CONTINUOUS
10
1.0970472440944881
20
-0.1779330708661417
11
1.0970472440944881
21
1.3779331102362204
0
LINE
8
BLACK
6
CONTINUOUS
10
1.0970472440944881
20
1.3779331102362204
11
1.0795316929133858
21
1.3442860236220473
0
LINE
8
BLACK
6
CONTINUOUS
10
1.0795316929133858
20
1.3442860236220473
11
1.0792153543307086
21
1.343801220472441
0
LINE
8
BLACK
6
CONTINUOUS
10
1.0792153543307086
20
1.343801220472441
11
1.0783327952755906
21
1.3430606692913385
0
LINE
8
BLACK
6
CONTINUOUS
10
1.0783327952755906
20
1.3430606692913385
11
1.0772340157480316
21
1.3427142519685038
0
LINE
8
BLACK
6
CONTINUOUS
10
1.0772340157480316
20
1.3427142519685038
11
1.0760862992125984
21
1.3428146456692913
0
LINE
8
BLACK
6
CONTINUOUS
10
1.0760862992125984
20
1.3428146456692913
11
1.0750643307086614
21
1.343346653543307
0
LINE
8
BLACK
6
CONTINUOUS
10
1.0750643307086614
20
1.343346653543307
11
1.0743237795275591
21
1.3442292125984252
0
LINE
8
BLACK
6
CONTINUOUS
10
1.0743237795275591
20
1.3442292125984252
11
1.0739773622047244
21
1.3453279921259842
0
LINE
8
BLACK
6
CONTINUOUS
10
1.0739773622047244
20
1.3453279921259842
11
1.0740777559055117
21
1.3464757086614172
0
LINE
8
BLACK
6
CONTINUOUS
10
1.0740777559055117
20
1.3464757086614172
11
1.0742934251968503
21
1.3470128740157481
0
LINE
8
BLACK
6
CONTINUOUS
10
1.0742934251968503
20
1.3470128740157481
11
1.0951340157480314
21
1.3870472440944881
0
LINE
8
BLACK
6
CONTINUOUS
10
1.0951340157480314
20
1.3870472440944881
11
1.0096850393700787
21
1.3870472440944881
0
LINE
8
BLACK
6
CONTINUOUS
10
1.0096850393700787
20
1.3870472440944881
11
1.0091089763779528
21
1.3871039763779527
0
LINE
8
BLACK
6
CONTINUOUS
10
1.0091089763779528
20
1.3871039763779527
11
1.0080445669291338
21
1.3875448818897638
0
LINE
8
BLACK
6
CONTINUOUS
10
1.0080445669291338
20
1.3875448818897638
11
1.0072299212598426
21
1.388359527559055
0
LINE
8
BLACK
6
CONTINUOUS
10
1.0072299212598426
20
1.388359527559055
11
1.0067890157480315
21
1.389423937007874
0
LINE
8
BLACK
6
CONTINUOUS
10
1.0067890157480315
20
1.389423937007874
11
1.0067890157480315
21
1.390576062992126
0
LINE
8
BLACK
6
CONTINUOUS
10
1.0067890157480315
20
1.390576062992126
11
1.0072299212598426
21
1.3916404724409448
0
LINE
8
BLACK
6
CONTINUOUS
10
1.0072299212598426
20
1.3916404724409448
11
1.0080445669291338
21
1.3924551181102363
0
LINE
8
BLACK
6
CONTINUOUS
10
1.0080445669291338
20
1.3924551181102363
11
1.0091089763779528
21
1.3928960236220471
0
LINE
8
BLACK
6
CONTINUOUS
10
1.0091089763779528
20
1.3928960236220471
11
1.0096850393700787
21
1.3929527559055117
0
LINE
8
BLACK
6
CONTINUOUS
10
1.0096850393700787
20
1.3929527559055117
11
1.1230874015748031
21
1.3929527559055117
0
LINE
8
BLACK
6
CONTINUOUS
10
1.1230874015748031
20
1.3929527559055117
11
1.123663464566929
21
1.3928960236220471
0
LINE
8
BLACK
6
CONTINUOUS
10
-0.0191089763779528
20
1.2028960236220472
11
-0.0180445669291339
21
1.2024551181102361
0
LINE
8
BLACK
6
CONTINUOUS
10
-0.0180445669291339
20
1.2024551181102361
11
-0.0172299212598425
21
1.2016404724409449
0
LINE
8
BLACK
6
CONTINUOUS
10
-0.0172299212598425
20
1.2016404724409449
11
-0.0167890157480315
21
1.200576062992126
0
LINE
8
BLACK
6
CONTINUOUS
10
-0.0167890157480315
20
1.200576062992126
11
-0.0167890157480315
21
1.1994239370078741
0
LINE
8
BLACK
6
CONTINUOUS
10
-0.0167890157480315
20
1.1994239370078741
11
-0.0172299212598425
21
1.1983595275590551
0
LINE
8
BLACK
6
CONTINUOUS
10
-0.0172299212598425
20
1.1983595275590551
11
-0.0180445669291339
21
1.1975448818897638
0
LINE
8
BLACK
6
CONTINUOUS
10
-0.0180445669291339
20
1.1975448818897638
11
-0.0191089763779528
21
1.1971039763779527
0
LINE
8
BLACK
6
CONTINUOUS
10
-0.0191089763779528
20
1.1971039763779527
11
-0.0196850393700787
21
1.1970472440944881
0
LINE
8
BLACK
6
CONTINUOUS
10
-0.0196850393700787
20
1.1970472440944881
11
-0.2951340157480315
21
1.1970472440944881
0
LINE
8
BLACK
6
CONTINUOUS
10
-0.2951340157480315
20
1.1970472440944881
11
-0.2742934251968504
21
1.1570128740157479
0
LINE
8
BLACK
6
CONTINUOUS
10
-0.2742934251968504
20
1.1570128740157479
11
-0.2740777559055118
21
1.1564757086614172
0
LINE
8
BLACK
6
CONTINUOUS
10
-0.2740777559055118
20
1.1564757086614172
11
-0.2739773622047244
21
1.1553279921259842
0
LINE
8
BLACK
6
CONTINUOUS
10
-0.2739773622047244
20
1.1553279921259842
11
-0.2743238188976378
21
1.1542292125984253
0
LINE
8
BLACK
6
CONTINUOUS
10
-0.2743238188976378
20
1.1542292125984253
11
-0.2750643700787401
21
1.153346653543307
0
LINE
8
BLACK
6
CONTINUOUS
10
-0.2750643700787401
20
1.153346653543307
11
-0.2760862992125984
21
1.1528146456692914
0
LINE
8
BLACK
6
CONTINUOUS
10
-0.2760862992125984
20
1.1528146456692914
11
-0.2772340157480315
21
1.1527142519685039
0
LINE
8
BLACK
6
CONTINUOUS
10
-0.2772340157480315
20
1.1527142519685039
11
-0.2783327952755906
21
1.1530607086614173
0
LINE
8
BLACK
6
CONTINUOUS
10
-0.2783327952755906
20
1.1530607086614173
11
-0.2792153543307087
21
1.1538012598425196
0
LINE
8
BLACK
6
CONTINUOUS
10
-0.2792153543307087
20
1.1538012598425196
11
-0.2795316929133858
21
1.1542860236220471
0
LINE
8
BLACK
6
CONTINUOUS
10
-0.2795316929133858
20
1.1542860236220471
11
-0.2970472440944882
21
1.1879331102362205
0
LINE
8
BLACK
6
CONTINUOUS
10
-0.2970472440944882
20
1.1879331102362205
11
-0.2970472440944882
21
0.0120669291338583
0
LINE
8
BLACK
6
CONTINUOUS
10
-0.2970472440944882
20
0.0120669291338583
11
-0.2795316929133858
21
0.0457139763779528
0
LINE
8
BLACK
6
CONTINUOUS
10
-0.2795316929133858
20
0.0457139763779528
11
-0.2792153543307087
21
0.0461987401574803
0
LINE
8
BLACK
6
CONTINUOUS
10
-0.2792153543307087
20
0.0461987401574803
11
-0.2783327952755906
21
0.0469392913385827
0
LINE
8
BLACK
6
CONTINUOUS
10
-0.2783327952755906
20
0.0469392913385827
11
-0.2772340157480315
21
0.0472857480314961
0
LINE
8
BLACK
6
CONTINUOUS
10
-0.2772340157480315
20
0.0472857480314961
11
-0.2760862992125984
21
0.0471853543307087
0
LINE
8
BLACK
6
CONTINUOUS
10
-0.2760862992125984
20
0.0471853543307087
11
-0.2750643700787401
21
0.0466533464566929
0
LINE
8
BLACK
6
CONTINUOUS
10
-0.2750643700787401
20
0.0466533464566929
11
-0.2743238188976378
21
0.0457707874015748
0
LINE
8
BLACK
6
CONTINUOUS
10
-0.2743238188976378
20
0.0457707874015748
11
-0.2739773622047244
21
0.0446720078740157
0
LINE
8
BLACK
6
CONTINUOUS
10
-0.2739773622047244
20
0.0446720078740157
11
-0.2740777559055118
21
0.0435242913385827
0
LINE
8
BLACK
6
CONTINUOUS
10
-0.2740777559055118
20
0.0435242913385827
11
-0.2742934251968504
21
0.042987125984252
0
LINE
8
BLACK
6
CONTINUOUS
10
-0.2742934251968504
20
0.042987125984252
11
-0.2951340157480315
21
0.0029527559055118
0
LINE
8
BLACK
6
CONTINUOUS
10
-0.2951340157480315
20
0.0029527559055118
11
-0.0196850393700787
21
0.0029527559055118
0
LINE
8
BLACK
6
CONTINUOUS
10
-0.0196850393700787
20
0.0029527559055118
11
-0.0191089763779528
21
0.0028960236220472
0
LINE
8
BLACK
6
CONTINUOUS
10
-0.0191089763779528
20
0.0028960236220472
11
-0.0180445669291339
21
0.0024551181102362
0
LINE
8
BLACK
6
CONTINUOUS
10
-0.0180445669291339
20
0.0024551181102362
11
-0.0172299212598425
21
0.0016404724409449
0
LINE
8
BLACK
6
CONTINUOUS
10
-0.0172299212598425
20
0.0016404724409449
11
-0.0167890157480315
21
0.000576062992126
0
LINE
8
BLACK
6
CONTINUOUS
10
-0.0167890157480315
20
0.000576062992126
11
-0.0167890157480315
21
-0.000576062992126
0
LINE
8
BLACK
6
CONTINUOUS
10
-0.0167890157480315
20
-0.000576062992126
11
-0.0172299212598425
21
-0.0016404724409449
0
LINE
8
BLACK
6
CONTINUOUS
10
-0.0172299212598425
20
-0.0016404724409449
11
-0.0180445669291339
21
-0.0024551181102362
0
LINE
8
BLACK
6
CONTINUOUS
10
-0.0180445669291339
20
-0.0024551181102362
11
-0.0191089763779528
21
-0.0028960236220472
0
LINE
8
BLACK
6
CONTINUOUS
10
-0.0191089763779528
20
-0.0028960236220472
11
-0.0196850393700787
21
-0.0029527559055118
0
LINE
8
BLACK
6
CONTINUOUS
10
-0.0196850393700787
20
-0.0029527559055118
11
-0.3230874015748031
21
-0.0029527559055118
0
LINE
8
BLACK
6
CONTINUOUS
10
-0.3230874015748031
20
-0.0029527559055118
11
-0.3236634645669291
21
-0.0028960236220472
0
LINE
8
BLACK
6
CONTINUOUS
10
-0.3236634645669291
20
-0.0028960236220472
11
-0.324727874015748
21
-0.0024551181102362
0
LINE
8
BLACK
6
CONTINUOUS
10
-0.324727874015748
20
-0.0024551181102362
11
-0.3255425196850394
21
-0.0016404724409449
0
LINE
8
BLACK
6
CONTINUOUS
10
-0.3255425196850394
20
-0.0016404724409449
11
-0.3259834251968504
21
-0.000576062992126
0
LINE
8
BLACK
6
CONTINUOUS
10
-0.3259834251968504
20
-0.000576062992126
11
-0.3259834251968504
21
0.000576062992126
0
LINE
8
BLACK
6
CONTINUOUS
10
-0.3259834251968504
20
0.000576062992126
11
-0.3255425196850394
21
0.0016404724409449
0
LINE
8
BLACK
6
CONTINUOUS
10
-0.3255425196850394
20
0.0016404724409449
11
-0.324727874015748
21
0.0024551181102362
0
LINE
8
BLACK
6
CONTINUOUS
10
-0.324727874015748
20
0.0024551181102362
11
-0.3236634645669291
21
0.0028960236220472
0
LINE
8
BLACK
6
CONTINUOUS
10
-0.3236634645669291
20
0.0028960236220472
11
-0.3230874015748031
21
0.0029527559055118
0
LINE
8
BLACK
6
CONTINUOUS
10
-0.3230874015748031
20
0.0029527559055118
11
-0.3048659842519685
21
0.0029527559055118
0
LINE
8
BLACK
6
CONTINUOUS
10
-0.3048659842519685
20
0.0029527559055118
11
-0.3257065748031496
21
0.042987125984252
0
LINE
8
BLACK
6
CONTINUOUS
10
-0.3257065748031496
20
0.042987125984252
11
-0.3259222440944882
21
0.0435242913385827
0
LINE
8
BLACK
6
CONTINUOUS
10
-0.3259222440944882
20
0.0435242913385827
11
-0.3260226377952756
21
0.0446720078740157
0
LINE
8
BLACK
6
CONTINUOUS
10
-0.3260226377952756
20
0.0446720078740157
11
-0.3256762204724409
21
0.0457707874015748
0
LINE
8
BLACK
6
CONTINUOUS
10
-0.3256762204724409
20
0.0457707874015748
11
-0.3249356692913386
21
0.0466533464566929
0
LINE
8
BLACK
6
CONTINUOUS
10
-0.3249356692913386
20
0.0466533464566929
11
-0.3239137007874016
21
0.0471853543307087
0
LINE
8
BLACK
6
CONTINUOUS
10
-0.3239137007874016
20
0.0471853543307087
11
-0.3227659842519685
21
0.0472857480314961
0
LINE
8
BLACK
6
CONTINUOUS
10
-0.3227659842519685
20
0.0472857480314961
11
-0.3216672047244095
21
0.0469393307086614
0
LINE
8
BLACK
6
CONTINUOUS
10
-0.3216672047244095
20
0.0469393307086614
11
-0.3207846456692913
21
0.0461987795275591
0
LINE
8
BLACK
6
CONTINUOUS
10
-0.3207846456692913
20
0.0461987795275591
11
-0.3204683070866142
21
0.0457139763779528
0
LINE
8
BLACK
6
CONTINUOUS
10
-0.3204683070866142
20
0.0457139763779528
11
-0.3029527559055118
21
0.0120669291338583
0
LINE
8
BLACK
6
CONTINUOUS
10
-0.3029527559055118
20
0.0120669291338583
11
-0.3029527559055118
21
1.1879331102362205
0
LINE
8
BLACK
6
CONTINUOUS
10
-0.3029527559055118
20
1.1879331102362205
11
-0.3204683070866142
21
1.1542860236220471
0
LINE
8
BLACK
6
CONTINUOUS
10
-0.3204683070866142
20
1.1542860236220471
11
-0.3207846456692913
21
1.1538012204724408
0
LINE
8
BLACK
6
CONTINUOUS
10
-0.3207846456692913
20
1.1538012204724408
11
-0.3216672047244095
21
1.1530606692913385
0
LINE
8
BLACK
6
CONTINUOUS
10
-0.3216672047244095
20
1.1530606692913385
11
-0.3227659842519685
21
1.1527142519685039
0
LINE
8
BLACK
6
CONTINUOUS
10
-0.3227659842519685
20
1.1527142519685039
11
-0.3239137007874016
21
1.1528146456692914
0
LINE
8
BLACK
6
CONTINUOUS
10
-0.3239137007874016
20
1.1528146456692914
11
-0.3249356692913386
21
1.153346653543307
0
LINE
8
BLACK
6
CONTINUOUS
10
-0.3249356692913386
20
1.153346653543307
11
-0.3256762204724409
21
1.1542292125984253
0
LINE
8
BLACK
6
CONTINUOUS
10
-0.3256762204724409
20
1.1542292125984253
11
-0.3260226377952756
21
1.1553279921259842
0
LINE
8
BLACK
6
CONTINUOUS
10
-0.3260226377952756
20
1.1553279921259842
11
-0.3259222440944882
21
1.1564757086614172
0
LINE
8
BLACK
6
CONTINUOUS
10
-0.3259222440944882
20
1.1564757086614172
11
-0.3257065748031496
21
1.1570128740157479
0
LINE
8
BLACK
6
CONTINUOUS
10
-0.3257065748031496
20
1.1570128740157479
11
-0.3048659842519685
21
1.1970472440944881
0
LINE
8
BLACK
6
CONTINUOUS
10
-0.3048659842519685
20
1.1970472440944881
11
-0.3230874015748031
21
1.1970472440944881
0
LINE
8
BLACK
6
CONTINUOUS
10
-0.3230874015748031
20
1.1970472440944881
11
-0.3236634645669291
21
1.1971039763779527
0
LINE
8
BLACK
6
CONTINUOUS
10
-0.3236634645669291
20
1.1971039763779527
11
-0.324727874015748
21
1.1975448818897638
0
LINE
8
BLACK
6
CONTINUOUS
10
-0.324727874015748
20
1.1975448818897638
11
-0.3255425196850394
21
1.1983595275590551
0
LINE
8
BLACK
6
CONTINUOUS
10
-0.3255425196850394
20
1.1983595275590551
11
-0.3259834251968504
21
1.1994239370078741
0
LINE
8
BLACK
6
CONTINUOUS
10
-0.3259834251968504
20
1.1994239370078741
11
-0.3259834251968504
21
1.200576062992126
0
LINE
8
BLACK
6
CONTINUOUS
10
-0.3259834251968504
20
1.200576062992126
11
-0.3255425196850394
21
1.2016404724409449
0
LINE
8
BLACK
6
CONTINUOUS
10
-0.3255425196850394
20
1.2016404724409449
11
-0.324727874015748
21
1.2024551181102361
0
LINE
8
BLACK
6
CONTINUOUS
10
-0.324727874015748
20
1.2024551181102361
11
-0.3236634645669291
21
1.2028960236220472
0
LINE
8
BLACK
6
CONTINUOUS
10
-0.3236634645669291
20
1.2028960236220472
11
-0.3230874015748031
21
1.2029527559055118
0
LINE
8
BLACK
6
CONTINUOUS
10
-0.3230874015748031
20
1.2029527559055118
11
-0.0196850393700787
21
1.2029527559055118
0
LINE
8
BLACK
6
CONTINUOUS
10
-0.0196850393700787
20
1.2029527559055118
11
-0.0191089763779528
21
1.2028960236220472
0
LINE
8
BLACK
6
CONTINUOUS
10
-0.3342923622047244
20
0.4435409842519685
11
-0.3341943700787401
21
0.4435003937007874
0
LINE
8
BLACK
6
CONTINUOUS
10
-0.3341943700787401
20
0.4435003937007874
11
-0.3340885433070866
21
0.443492874015748
0
LINE
8
BLACK
6
CONTINUOUS
10
-0.3340885433070866
20
0.443492874015748
11
-0.3335479133858268
21
0.4432859842519685
0
LINE
8
BLACK
6
CONTINUOUS
10
-0.3335479133858268
20
0.4432859842519685
11
-0.3297983858267716
21
0.4414112204724409
0
LINE
8
BLACK
6
CONTINUOUS
10
-0.3297983858267716
20
0.4414112204724409
11
-0.3295505118110236
21
0.4412551968503937
0
LINE
8
BLACK
6
CONTINUOUS
10
-0.3295505118110236
20
0.4412551968503937
11
-0.3294784645669291
21
0.4412253543307086
0
LINE
8
BLACK
6
CONTINUOUS
10
-0.3294784645669291
20
0.4412253543307086
11
-0.3293974409448819
21
0.4411588582677165
0
LINE
8
BLACK
6
CONTINUOUS
10
-0.3293974409448819
20
0.4411588582677165
11
-0.3293085039370079
21
0.441102874015748
0
LINE
8
BLACK
6
CONTINUOUS
10
-0.3293085039370079
20
0.441102874015748
11
-0.3292573622047244
21
0.4410438976377953
0
LINE
8
BLACK
6
CONTINUOUS
10
-0.3292573622047244
20
0.4410438976377953
11
-0.3290310236220472
21
0.4408581496062992
0
LINE
8
BLACK
6
CONTINUOUS
10
-0.3290310236220472
20
0.4408581496062992
11
-0.3271562204724409
21
0.4389833858267717
0
LINE
8
BLACK
6
CONTINUOUS
10
-0.3271562204724409
20
0.4389833858267717
11
-0.3269704724409448
21
0.4387570472440945
0
LINE
8
BLACK
6
CONTINUOUS
10
-0.3269704724409448
20
0.4387570472440945
11
-0.3269114173228346
21
0.4387058267716535
0
LINE
8
BLACK
6
CONTINUOUS
10
-0.3269114173228346
20
0.4387058267716535
11
-0.3268554330708661
21
0.4386168897637795
0
LINE
8
BLACK
6
CONTINUOUS
10
-0.3268554330708661
20
0.4386168897637795
11
-0.3267889763779527
21
0.438535905511811
0
LINE
8
BLACK
6
CONTINUOUS
10
-0.3267889763779527
20
0.438535905511811
11
-0.3267591732283465
21
0.4384639763779528
0
LINE
8
BLACK
6
CONTINUOUS
10
-0.3267591732283465
20
0.4384639763779528
11
-0.3266030708661417
21
0.4382159448818898
0
LINE
8
BLACK
6
CONTINUOUS
10
-0.3266030708661417
20
0.4382159448818898
11
-0.3247283070866142
21
0.4344664173228346
0
LINE
8
BLACK
6
CONTINUOUS
10
-0.3247283070866142
20
0.4344664173228346
11
-0.3245214173228346
21
0.4339258267716535
0
LINE
8
BLACK
6
CONTINUOUS
10
-0.3245214173228346
20
0.4339258267716535
11
-0.3245138976377953
21
0.4338199606299212
0
LINE
8
BLACK
6
CONTINUOUS
10
-0.3245138976377953
20
0.4338199606299212
11
-0.3244733070866141
21
0.433721968503937
0
LINE
8
BLACK
6
CONTINUOUS
10
-0.3244733070866141
20
0.433721968503937
11
-0.3244165748031496
21
0.433145905511811
0
LINE
8
BLACK
6
CONTINUOUS
10
-0.3244165748031496
20
0.433145905511811
11
-0.3244165748031496
21
0.4218973228346456
0
LINE
8
BLACK
6
CONTINUOUS
10
-0.3244165748031496
20
0.4218973228346456
11
-0.3244733070866141
21
0.4213212598425197
0
LINE
8
BLACK
6
CONTINUOUS
10
-0.3244733070866141
20
0.4213212598425197
11
-0.3245138976377953
21
0.4212233070866142
0
LINE
8
BLACK
6
CONTINUOUS
10
-0.3245138976377953
20
0.4212233070866142
11
-0.3245214173228346
21
0.4211174015748032
0
LINE
8
BLACK
6
CONTINUOUS
10
-0.3245214173228346
20
0.4211174015748032
11
-0.3247283070866142
21
0.420576811023622
0
LINE
8
BLACK
6
CONTINUOUS
10
-0.3247283070866142
20
0.420576811023622
11
-0.3266030708661417
21
0.4168272834645669
0
LINE
8
BLACK
6
CONTINUOUS
10
-0.3266030708661417
20
0.4168272834645669
11
-0.3267591732283465
21
0.4165792913385827
0
LINE
8
BLACK
6
CONTINUOUS
10
-0.3267591732283465
20
0.4165792913385827
11
-0.3267889763779527
21
0.4165073228346456
0
LINE
8
BLACK
6
CONTINUOUS
10
-0.3267889763779527
20
0.4165073228346456
11
-0.3268554330708661
21
0.4164263779527559
0
LINE
8
BLACK
6
CONTINUOUS
10
-0.3268554330708661
20
0.4164263779527559
11
-0.3269114173228346
21
0.4163374015748031
0
LINE
8
BLACK
6
CONTINUOUS
10
-0.3269114173228346
20
0.4163374015748031
11
-0.3269704724409448
21
0.416286220472441
0
LINE
8
BLACK
6
CONTINUOUS
10
-0.3269704724409448
20
0.416286220472441
11
-0.3271562204724409
21
0.416059842519685
0
LINE
8
BLACK
6
CONTINUOUS
10
-0.3271562204724409
20
0.416059842519685
11
-0.3290310236220472
21
0.4141850787401575
0
LINE
8
BLACK
6
CONTINUOUS
10
-0.3290310236220472
20
0.4141850787401575
11
-0.3294784645669291
21
0.413817874015748
0
LINE
8
BLACK
6
CONTINUOUS
10
-0.3294784645669291
20
0.413817874015748
11
-0.330542874015748
21
0.4133770078740157
0
LINE
8
BLACK
6
CONTINUOUS
10
-0.330542874015748
20
0.4133770078740157
11
-0.3316949606299213
21
0.4133770078740157
0
LINE
8
BLACK
6
CONTINUOUS
10
-0.3316949606299213
20
0.4133770078740157
11
-0.3327593700787401
21
0.4138179133858267
0
LINE
8
BLACK
6
CONTINUOUS
10
-0.3327593700787401
20
0.4138179133858267
11
-0.3335740551181102
21
0.4146325984251968
0
LINE
8
BLACK
6
CONTINUOUS
10
-0.3335740551181102
20
0.4146325984251968
11
-0.3340149212598425
21
0.4156970078740158
0
LINE
8
BLACK
6
CONTINUOUS
10
-0.3340149212598425
20
0.4156970078740158
11
-0.3340149212598425
21
0.416849094488189
0
LINE
8
BLACK
6
CONTINUOUS
10
-0.3340149212598425
20
0.416849094488189
11
-0.3335740157480315
21
0.4179135039370079
0
LINE
8
BLACK
6
CONTINUOUS
10
-0.3335740157480315
20
0.4179135039370079
11
-0.3332067716535433
21
0.4183609842519685
0
LINE
8
BLACK
6
CONTINUOUS
10
-0.3332067716535433
20
0.4183609842519685
11
-0.3316708267716535
21
0.4198969291338582
0
LINE
8
BLACK
6
CONTINUOUS
10
-0.3316708267716535
20
0.4198969291338582
11
-0.3303220866141732
21
0.4225943700787401
0
LINE
8
BLACK
6
CONTINUOUS
10
-0.3303220866141732
20
0.4225943700787401
11
-0.3303220866141732
21
0.4324488582677165
0
LINE
8
BLACK
6
CONTINUOUS
10
-0.3303220866141732
20
0.4324488582677165
11
-0.3316708267716535
21
0.4351463385826772
0
LINE
8
BLACK
6
CONTINUOUS
10
-0.3316708267716535
20
0.4351463385826772
11
-0.3328679921259842
21
0.4363434645669291
0
LINE
8
BLACK
6
CONTINUOUS
10
-0.3328679921259842
20
0.4363434645669291
11
-0.3355654724409449
21
0.4376922047244095
0
LINE
8
BLACK
6
CONTINUOUS
10
-0.3355654724409449
20
0.4376922047244095
11
-0.3435451968503937
21
0.4376922047244095
0
LINE
8
BLACK
6
CONTINUOUS
10
-0.3435451968503937
20
0.4376922047244095
11
-0.3462426771653543
21
0.4363434645669291
0
LINE
8
BLACK
6
CONTINUOUS
10
-0.3462426771653543
20
0.4363434645669291
11
-0.3474398031496063
21
0.4351463385826772
0
LINE
8
BLACK
6
CONTINUOUS
10
-0.3474398031496063
20
0.4351463385826772
11
-0.3487885433070866
21
0.4324488582677165
0
LINE
8
BLACK
6
CONTINUOUS
10
-0.3487885433070866
20
0.4324488582677165
11
-0.3487885433070866
21
0.4275216141732283
0
LINE
8
BLACK
6
CONTINUOUS
10
-0.3487885433070866
20
0.4275216141732283
11
-0.3488185826771654
21
0.427216968503937
0
LINE
8
BLACK
6
CONTINUOUS
10
-0.3488185826771654
20
0.427216968503937
11
-0.3488133858267716
21
0.4271394881889763
0
LINE
8
BLACK
6
CONTINUOUS
10
-0.3488133858267716
20
0.4271394881889763
11
-0.3488314566929134
21
0.4270861417322834
0
LINE
8
BLACK
6
CONTINUOUS
10
-0.3488314566929134
20
0.4270861417322834
11
-0.3488452755905512
21
0.4269455511811023
0
LINE
8
BLACK
6
CONTINUOUS
10
-0.3488452755905512
20
0.4269455511811023
11
-0.3490288976377953
21
0.4265023622047244
0
LINE
8
BLACK
6
CONTINUOUS
10
-0.3490288976377953
20
0.4265023622047244
11
-0.3491824803149606
21
0.4260481102362205
0
LINE
8
BLACK
6
CONTINUOUS
10
-0.3491824803149606
20
0.4260481102362205
11
-0.3492480708661417
21
0.4259731496062992
0
LINE
8
BLACK
6
CONTINUOUS
10
-0.3492480708661417
20
0.4259731496062992
11
-0.3492861811023622
21
0.4258811417322835
0
LINE
8
BLACK
6
CONTINUOUS
10
-0.3492861811023622
20
0.4258811417322835
11
-0.3496251968503937
21
0.4255421653543307
0
LINE
8
BLACK
6
CONTINUOUS
10
-0.3496251968503937
20
0.4255421653543307
11
-0.3499411417322835
21
0.4251810236220472
0
LINE
8
BLACK
6
CONTINUOUS
10
-0.3499411417322835
20
0.4251810236220472
11
-0.3500305118110236
21
0.4251368503937008
0
LINE
8
BLACK
6
CONTINUOUS
10
-0.3500305118110236
20
0.4251368503937008
11
-0.3501008267716536
21
0.4250664960629921
0
LINE
8
BLACK
6
CONTINUOUS
10
-0.3501008267716536
20
0.4250664960629921
11
-0.3505437795275591
21
0.424883031496063
0
LINE
8
BLACK
6
CONTINUOUS
10
-0.3505437795275591
20
0.424883031496063
11
-0.3509738976377952
21
0.4246703149606299
0
LINE
8
BLACK
6
CONTINUOUS
10
-0.3509738976377952
20
0.4246703149606299
11
-0.3510732677165354
21
0.4246637007874016
0
LINE
8
BLACK
6
CONTINUOUS
10
-0.3510732677165354
20
0.4246637007874016
11
-0.3511652362204724
21
0.4246255905511811
0
LINE
8
BLACK
6
CONTINUOUS
10
-0.3511652362204724
20
0.4246255905511811
11
-0.3516449606299212
21
0.4246255905511811
0
LINE
8
BLACK
6
CONTINUOUS
10
-0.3516449606299212
20
0.4246255905511811
11
-0.3521234251968504
21
0.4245937007874016
0
LINE
8
BLACK
6
CONTINUOUS
10
-0.3521234251968504
20
0.4245937007874016
11
-0.352217716535433
21
0.4246255905511811
0
LINE
8
BLACK
6
CONTINUOUS
10
-0.352217716535433
20
0.4246255905511811
11
-0.3523173622047244
21
0.4246255905511811
0
LINE
8
BLACK
6
CONTINUOUS
10
-0.3523173622047244
20
0.4246255905511811
11
-0.3527605905511811
21
0.4248092125984252
0
LINE
8
BLACK
6
CONTINUOUS
10
-0.3527605905511811
20
0.4248092125984252
11
-0.3532148031496063
21
0.4249627952755906
0
LINE
8
BLACK
6
CONTINUOUS
10
-0.3532148031496063
20
0.4249627952755906
11
-0.3533296850393701
21
0.4250449212598425
0
LINE
8
BLACK
6
CONTINUOUS
10
-0.3533296850393701
20
0.4250449212598425
11
-0.3533817716535433
21
0.4250664960629921
0
LINE
8
BLACK
6
CONTINUOUS
10
-0.3533817716535433
20
0.4250664960629921
11
-0.3534367322834646
21
0.4251214566929134
0
LINE
8
BLACK
6
CONTINUOUS
10
-0.3534367322834646
20
0.4251214566929134
11
-0.3536857086614173
21
0.4252994488188976
0
LINE
8
BLACK
6
CONTINUOUS
10
-0.3536857086614173
20
0.4252994488188976
11
-0.3637866535433071
21
0.4341377952755905
0
LINE
8
BLACK
6
CONTINUOUS
10
-0.3637866535433071
20
0.4341377952755905
11
-0.3637866535433071
21
0.416273031496063
0
LINE
8
BLACK
6
CONTINUOUS
10
-0.3637866535433071
20
0.416273031496063
11
-0.3638433858267717
21
0.415696968503937
0
LINE
8
BLACK
6
CONTINUOUS
10
-0.3638433858267717
20
0.415696968503937
11
-0.3642842913385826
21
0.4146325590551181
0
LINE
8
BLACK
6
CONTINUOUS
10
-0.3642842913385826
20
0.4146325590551181
11
-0.365098937007874
21
0.4138179133858267
0
LINE
8
BLACK
6
CONTINUOUS
10
-0.365098937007874
20
0.4138179133858267
11
-0.3661633464566929
21
0.4133770078740157
0
LINE
8
BLACK
6
CONTINUOUS
10
-0.3661633464566929
20
0.4133770078740157
11
-0.3673154724409449
21
0.4133770078740157
0
LINE
8
BLACK
6
CONTINUOUS
10
-0.3673154724409449
20
0.4133770078740157
11
-0.3683798818897638
21
0.4138179133858267
0
LINE
8
BLACK
6
CONTINUOUS
10
-0.3683798818897638
20
0.4138179133858267
11
-0.3691945275590551
21
0.4146325590551181
0
LINE
8
BLACK
6
CONTINUOUS
10
-0.3691945275590551
20
0.4146325590551181
11
-0.3696354330708662
21
0.415696968503937
0
LINE
8
BLACK
6
CONTINUOUS
10
-0.3696354330708662
20
0.415696968503937
11
-0.3696921653543307
21
0.416273031496063
0
LINE
8
BLACK
6
CONTINUOUS
10
-0.3696921653543307
20
0.416273031496063
11
-0.3696921653543307
21
0.4406449606299213
0
LINE
8
BLACK
6
CONTINUOUS
10
-0.3696921653543307
20
0.4406449606299213
11
-0.3696621653543307
21
0.4409496456692913
0
LINE
8
BLACK
6
CONTINUOUS
10
-0.3696621653543307
20
0.4409496456692913
11
-0.3696673228346457
21
0.4410270866141732
0
LINE
8
BLACK
6
CONTINUOUS
10
-0.3696673228346457
20
0.4410270866141732
11
-0.3696492913385827
21
0.4410804724409449
0
LINE
8
BLACK
6
CONTINUOUS
10
-0.3696492913385827
20
0.4410804724409449
11
-0.3696354330708662
21
0.4412210236220472
0
LINE
8
BLACK
6
CONTINUOUS
10
-0.3696354330708662
20
0.4412210236220472
11
-0.3694518503937008
21
0.441664251968504
0
LINE
8
BLACK
6
CONTINUOUS
10
-0.3694518503937008
20
0.441664251968504
11
-0.3692982283464567
21
0.4421184645669291
0
LINE
8
BLACK
6
CONTINUOUS
10
-0.3692982283464567
20
0.4421184645669291
11
-0.3692326771653543
21
0.4421934645669292
0
LINE
8
BLACK
6
CONTINUOUS
10
-0.3692326771653543
20
0.4421934645669292
11
-0.3691945275590551
21
0.4422854330708662
0
LINE
8
BLACK
6
CONTINUOUS
10
-0.3691945275590551
20
0.4422854330708662
11
-0.3688555511811024
21
0.4426244488188976
0
LINE
8
BLACK
6
CONTINUOUS
10
-0.3688555511811024
20
0.4426244488188976
11
-0.3685395669291339
21
0.4429855511811023
0
LINE
8
BLACK
6
CONTINUOUS
10
-0.3685395669291339
20
0.4429855511811023
11
-0.3684502362204725
21
0.4430297637795276
0
LINE
8
BLACK
6
CONTINUOUS
10
-0.3684502362204725
20
0.4430297637795276
11
-0.3683798818897638
21
0.4431000787401574
0
LINE
8
BLACK
6
CONTINUOUS
10
-0.3683798818897638
20
0.4431000787401574
11
-0.367936968503937
21
0.4432835826771653
0
LINE
8
BLACK
6
CONTINUOUS
10
-0.367936968503937
20
0.4432835826771653
11
-0.367506811023622
21
0.4434962598425197
0
LINE
8
BLACK
6
CONTINUOUS
10
-0.367506811023622
20
0.4434962598425197
11
-0.3674074803149606
21
0.4435029133858268
0
LINE
8
BLACK
6
CONTINUOUS
10
-0.3674074803149606
20
0.4435029133858268
11
-0.3673154724409449
21
0.4435409842519685
0
LINE
8
BLACK
6
CONTINUOUS
10
-0.3673154724409449
20
0.4435409842519685
11
-0.366835748031496
21
0.4435409842519685
0
LINE
8
BLACK
6
CONTINUOUS
10
-0.366835748031496
20
0.4435409842519685
11
-0.3663572834645669
21
0.443572874015748
0
LINE
8
BLACK
6
CONTINUOUS
10
-0.3663572834645669
20
0.443572874015748
11
-0.3662629921259842
21
0.4435409842519685
0
LINE
8
BLACK
6
CONTINUOUS
10
-0.3662629921259842
20
0.4435409842519685
11
-0.3661633464566929
21
0.4435409842519685
0
LINE
8
BLACK
6
CONTINUOUS
10
-0.3661633464566929
20
0.4435409842519685
11
-0.3657201574803149
21
0.4433574015748031
0
LINE
8
BLACK
6
CONTINUOUS
10
-0.3657201574803149
20
0.4433574015748031
11
-0.365265905511811
21
0.4432037795275591
0
LINE
8
BLACK
6
CONTINUOUS
10
-0.365265905511811
20
0.4432037795275591
11
-0.365151062992126
21
0.4431216929133858
0
LINE
8
BLACK
6
CONTINUOUS
10
-0.365151062992126
20
0.4431216929133858
11
-0.365098937007874
21
0.4431000787401574
0
LINE
8
BLACK
6
CONTINUOUS
10
-0.365098937007874
20
0.4431000787401574
11
-0.3650440157480315
21
0.443045157480315
0
LINE
8
BLACK
6
CONTINUOUS
10
-0.3650440157480315
20
0.443045157480315
11
-0.364795
21
0.442867125984252
0
LINE
8
BLACK
6
CONTINUOUS
10
-0.364795
20
0.442867125984252
11
-0.3545859842519685
21
0.4339342519685039
0
LINE
8
BLACK
6
CONTINUOUS
10
-0.3545859842519685
20
0.4339342519685039
11
-0.3543823228346457
21
0.4344664173228346
0
LINE
8
BLACK
6
CONTINUOUS
10
-0.3543823228346457
20
0.4344664173228346
11
-0.3525075590551181
21
0.4382159448818898
0
LINE
8
BLACK
6
CONTINUOUS
10
-0.3525075590551181
20
0.4382159448818898
11
-0.3523514960629921
21
0.4384639763779528
0
LINE
8
BLACK
6
CONTINUOUS
10
-0.3523514960629921
20
0.4384639763779528
11
-0.3523216535433071
21
0.438535905511811
0
LINE
8
BLACK
6
CONTINUOUS
10
-0.3523216535433071
20
0.438535905511811
11
-0.3522551968503937
21
0.4386168897637795
0
LINE
8
BLACK
6
CONTINUOUS
10
-0.3522551968503937
20
0.4386168897637795
11
-0.3521992125984252
21
0.4387058267716535
0
LINE
8
BLACK
6
CONTINUOUS
10
-0.3521992125984252
20
0.4387058267716535
11
-0.3521402362204724
21
0.4387570078740157
0
LINE
8
BLACK
6
CONTINUOUS
10
-0.3521402362204724
20
0.4387570078740157
11
-0.3519544488188976
21
0.4389833464566929
0
LINE
8
BLACK
6
CONTINUOUS
10
-0.3519544488188976
20
0.4389833464566929
11
-0.3500796850393701
21
0.4408581102362205
0
LINE
8
BLACK
6
CONTINUOUS
10
-0.3500796850393701
20
0.4408581102362205
11
-0.3498533464566929
21
0.4410438976377953
0
LINE
8
BLACK
6
CONTINUOUS
10
-0.3498533464566929
20
0.4410438976377953
11
-0.3498021653543307
21
0.441102874015748
0
LINE
8
BLACK
6
CONTINUOUS
10
-0.3498021653543307
20
0.441102874015748
11
-0.3497132283464567
21
0.4411588582677165
0
LINE
8
BLACK
6
CONTINUOUS
10
-0.3497132283464567
20
0.4411588582677165
11
-0.3496322440944882
21
0.4412253149606299
0
LINE
8
BLACK
6
CONTINUOUS
10
-0.3496322440944882
20
0.4412253149606299
11
-0.3495603149606299
21
0.441255157480315
0
LINE
8
BLACK
6
CONTINUOUS
10
-0.3495603149606299
20
0.441255157480315
11
-0.3493122834645669
21
0.4414112204724409
0
LINE
8
BLACK
6
CONTINUOUS
10
-0.3493122834645669
20
0.4414112204724409
11
-0.3455627559055118
21
0.4432859842519685
0
LINE
8
BLACK
6
CONTINUOUS
10
-0.3455627559055118
20
0.4432859842519685
11
-0.3450221653543307
21
0.443492874015748
0
LINE
8
BLACK
6
CONTINUOUS
10
-0.3450221653543307
20
0.443492874015748
11
-0.3449162992125984
21
0.4435004330708661
0
LINE
8
BLACK
6
CONTINUOUS
10
-0.3449162992125984
20
0.4435004330708661
11
-0.3448183070866142
21
0.4435409842519685
0
LINE
8
BLACK
6
CONTINUOUS
10
-0.3448183070866142
20
0.4435409842519685
11
-0.3442422440944882
21
0.4435977165354331
0
LINE
8
BLACK
6
CONTINUOUS
10
-0.3442422440944882
20
0.4435977165354331
11
-0.3348684251968504
21
0.4435977165354331
0
LINE
8
BLACK
6
CONTINUOUS
10
-0.3348684251968504
20
0.4435977165354331
11
-0.3342923622047244
21
0.4435409842519685
0
LINE
8
BLACK
6
CONTINUOUS
10
1.0611477559055118
20
0.4449748425196851
11
1.061962401574803
21
0.4441601968503937
0
LINE
8
BLACK
6
CONTINUOUS
10
1.061962401574803
20
0.4441601968503937
11
1.0624033070866141
21
0.4430957874015748
0
LINE
8
BLACK
6
CONTINUOUS
10
1.0624033070866141
20
0.4430957874015748
11
1.0624600393700787
21
0.4425197244094488
0
LINE
8
BLACK
6
CONTINUOUS
10
1.0624600393700787
20
0.4425197244094488
11
1.0624600393700787
21
0.439848188976378
0
LINE
8
BLACK
6
CONTINUOUS
10
1.0624600393700787
20
0.439848188976378
11
1.0726306692913385
21
0.439848188976378
0
LINE
8
BLACK
6
CONTINUOUS
10
1.0726306692913385
20
0.439848188976378
11
1.0732067322834646
21
0.4397914566929134
0
LINE
8
BLACK
6
CONTINUOUS
10
1.0732067322834646
20
0.4397914566929134
11
1.0742711417322834
21
0.4393505511811023
0
LINE
8
BLACK
6
CONTINUOUS
10
1.0742711417322834
20
0.4393505511811023
11
1.0750857874015747
21
0.438535905511811
0
LINE
8
BLACK
6
CONTINUOUS
10
1.0750857874015747
20
0.438535905511811
11
1.0755266929133858
21
0.4374714960629921
0
LINE
8
BLACK
6
CONTINUOUS
10
1.0755266929133858
20
0.4374714960629921
11
1.0755266929133858
21
0.4363193700787402
0
LINE
8
BLACK
6
CONTINUOUS
10
1.0755266929133858
20
0.4363193700787402
11
1.0750857874015747
21
0.4352549606299213
0
LINE
8
BLACK
6
CONTINUOUS
10
1.0750857874015747
20
0.4352549606299213
11
1.0742711417322834
21
0.4344403149606299
0
LINE
8
BLACK
6
CONTINUOUS
10
1.0742711417322834
20
0.4344403149606299
11
1.0732067322834646
21
0.4339994094488189
0
LINE
8
BLACK
6
CONTINUOUS
10
1.0732067322834646
20
0.4339994094488189
11
1.0726306692913385
21
0.4339426771653543
0
LINE
8
BLACK
6
CONTINUOUS
10
1.0726306692913385
20
0.4339426771653543
11
1.0624600393700787
21
0.4339426771653543
0
LINE
8
BLACK
6
CONTINUOUS
10
1.0624600393700787
20
0.4339426771653543
11
1.0624600393700787
21
0.4181477952755905
0
LINE
8
BLACK
6
CONTINUOUS
10
1.0624600393700787
20
0.4181477952755905
11
1.0624312992125984
21
0.4178562598425197
0
LINE
8
BLACK
6
CONTINUOUS
10
1.0624312992125984
20
0.4178562598425197
11
1.0624368503937007
21
0.4177785039370079
0
LINE
8
BLACK
6
CONTINUOUS
10
1.0624368503937007
20
0.4177785039370079
11
1.0624181102362205
21
0.4177224015748031
0
LINE
8
BLACK
6
CONTINUOUS
10
1.0624181102362205
20
0.4177224015748031
11
1.0624033070866141
21
0.4175717322834646
0
LINE
8
BLACK
6
CONTINUOUS
10
1.0624033070866141
20
0.4175717322834646
11
1.0622221259842519
21
0.4171343700787402
0
LINE
8
BLACK
6
CONTINUOUS
10
1.0622221259842519
20
0.4171343700787402
11
1.0620725196850394
21
0.4166855118110236
0
LINE
8
BLACK
6
CONTINUOUS
10
1.0620725196850394
20
0.4166855118110236
11
1.0620029921259841
21
0.4166053937007874
0
LINE
8
BLACK
6
CONTINUOUS
10
1.0620029921259841
20
0.4166053937007874
11
1.061962401574803
21
0.4165073228346456
0
LINE
8
BLACK
6
CONTINUOUS
10
1.061962401574803
20
0.4165073228346456
11
1.0616276377952756
21
0.4161725984251968
0
LINE
8
BLACK
6
CONTINUOUS
10
1.0616276377952756
20
0.4161725984251968
11
1.0613176377952755
21
0.4158151181102362
0
LINE
8
BLACK
6
CONTINUOUS
10
1.0613176377952755
20
0.4158151181102362
11
1.0612227559055118
21
0.415767716535433
0
LINE
8
BLACK
6
CONTINUOUS
10
1.0612227559055118
20
0.415767716535433
11
1.0611477559055118
21
0.4156926771653543
0
LINE
8
BLACK
6
CONTINUOUS
10
1.0611477559055118
20
0.4156926771653543
11
1.0607102755905511
21
0.4155114960629921
0
LINE
8
BLACK
6
CONTINUOUS
10
1.0607102755905511
20
0.4155114960629921
11
1.0602871653543307
21
0.4152999212598425
0
LINE
8
BLACK
6
CONTINUOUS
10
1.0602871653543307
20
0.4152999212598425
11
1.0601814173228346
21
0.4152924409448819
0
LINE
8
BLACK
6
CONTINUOUS
10
1.0601814173228346
20
0.4152924409448819
11
1.060083346456693
21
0.4152517716535433
0
LINE
8
BLACK
6
CONTINUOUS
10
1.060083346456693
20
0.4152517716535433
11
1.0596098031496062
21
0.4152517716535433
0
LINE
8
BLACK
6
CONTINUOUS
10
1.0596098031496062
20
0.4152517716535433
11
1.0591379527559055
21
0.4152182283464567
0
LINE
8
BLACK
6
CONTINUOUS
10
1.0591379527559055
20
0.4152182283464567
11
1.0589904330708662
21
0.4152517716535433
0
LINE
8
BLACK
6
CONTINUOUS
10
1.0589904330708662
20
0.4152517716535433
11
1.0589312204724408
21
0.4152517716535433
0
LINE
8
BLACK
6
CONTINUOUS
10
1.0589312204724408
20
0.4152517716535433
11
1.0588591338582678
21
0.4152816535433071
0
LINE
8
BLACK
6
CONTINUOUS
10
1.0588591338582678
20
0.4152816535433071
11
1.0585735039370079
21
0.4153465748031496
0
LINE
8
BLACK
6
CONTINUOUS
10
1.0585735039370079
20
0.4153465748031496
11
1.0304520866141733
21
0.4247203937007874
0
LINE
8
BLACK
6
CONTINUOUS
10
1.0304520866141733
20
0.4247203937007874
11
1.0299235039370078
21
0.4249563779527559
0
LINE
8
BLACK
6
CONTINUOUS
10
1.0299235039370078
20
0.4249563779527559
11
1.0290531496062991
21
0.4257112598425197
0
LINE
8
BLACK
6
CONTINUOUS
10
1.0290531496062991
20
0.4257112598425197
11
1.0285379527559055
21
0.4267416929133858
0
LINE
8
BLACK
6
CONTINUOUS
10
1.0285379527559055
20
0.4267416929133858
11
1.0284562598425198
21
0.427890905511811
0
LINE
8
BLACK
6
CONTINUOUS
10
1.0284562598425198
20
0.427890905511811
11
1.0288205905511811
21
0.428983937007874
0
LINE
8
BLACK
6
CONTINUOUS
10
1.0288205905511811
20
0.428983937007874
11
1.0295754724409449
21
0.4298542913385827
0
LINE
8
BLACK
6
CONTINUOUS
10
1.0295754724409449
20
0.4298542913385827
11
1.0306059055118111
21
0.4303694881889764
0
LINE
8
BLACK
6
CONTINUOUS
10
1.0306059055118111
20
0.4303694881889764
11
1.0317551181102362
21
0.4304511811023622
0
LINE
8
BLACK
6
CONTINUOUS
10
1.0317551181102362
20
0.4304511811023622
11
1.0323195669291338
21
0.4303228346456693
0
LINE
8
BLACK
6
CONTINUOUS
10
1.0323195669291338
20
0.4303228346456693
11
1.0565545275590551
21
0.4222445275590551
0
LINE
8
BLACK
6
CONTINUOUS
10
1.0565545275590551
20
0.4222445275590551
11
1.0565545275590551
21
0.4339426771653543
0
LINE
8
BLACK
6
CONTINUOUS
10
1.0565545275590551
20
0.4339426771653543
11
1.046383937007874
21
0.4339426771653543
0
LINE
8
BLACK
6
CONTINUOUS
10
1.046383937007874
20
0.4339426771653543
11
1.0458078740157479
21
0.4339994094488189
0
LINE
8
BLACK
6
CONTINUOUS
10
1.0458078740157479
20
0.4339994094488189
11
1.0447434645669291
21
0.4344403149606299
0
LINE
8
BLACK
6
CONTINUOUS
10
1.0447434645669291
20
0.4344403149606299
11
1.0439288188976377
21
0.4352549606299213
0
LINE
8
BLACK
6
CONTINUOUS
10
1.0439288188976377
20
0.4352549606299213
11
1.0434879133858268
21
0.4363193700787402
0
LINE
8
BLACK
6
CONTINUOUS
10
1.0434879133858268
20
0.4363193700787402
11
1.0434879133858268
21
0.4374714960629921
0
LINE
8
BLACK
6
CONTINUOUS
10
1.0434879133858268
20
0.4374714960629921
11
1.0439288188976377
21
0.438535905511811
0
LINE
8
BLACK
6
CONTINUOUS
10
1.0439288188976377
20
0.438535905511811
11
1.0447434645669291
21
0.4393505511811023
0
LINE
8
BLACK
6
CONTINUOUS
10
1.0447434645669291
20
0.4393505511811023
11
1.0458078740157479
21
0.4397914566929134
0
LINE
8
BLACK
6
CONTINUOUS
10
1.0458078740157479
20
0.4397914566929134
11
1.046383937007874
21
0.439848188976378
0
LINE
8
BLACK
6
CONTINUOUS
10
1.046383937007874
20
0.439848188976378
11
1.0565545275590551
21
0.439848188976378
0
LINE
8
BLACK
6
CONTINUOUS
10
1.0565545275590551
20
0.439848188976378
11
1.0565545275590551
21
0.4425197244094488
0
LINE
8
BLACK
6
CONTINUOUS
10
1.0565545275590551
20
0.4425197244094488
11
1.0566112598425197
21
0.4430957874015748
0
LINE
8
BLACK
6
CONTINUOUS
10
1.0566112598425197
20
0.4430957874015748
11
1.0570521653543308
21
0.4441601968503937
0
LINE
8
BLACK
6
CONTINUOUS
10
1.0570521653543308
20
0.4441601968503937
11
1.057866811023622
21
0.4449748425196851
0
LINE
8
BLACK
6
CONTINUOUS
10
1.057866811023622
20
0.4449748425196851
11
1.0589312204724408
21
0.445415748031496
0
LINE
8
BLACK
6
CONTINUOUS
10
1.0589312204724408
20
0.445415748031496
11
1.060083346456693
21
0.445415748031496
0
LINE
8
BLACK
6
CONTINUOUS
10
1.060083346456693
20
0.445415748031496
11
1.0611477559055118
21
0.4449748425196851
0
LINE
8
BLACK
6
CONTINUOUS
10
-0.342266968503937
20
0.4810831496062992
11
-0.342223937007874
21
0.4810895275590551
0
LINE
8
BLACK
6
CONTINUOUS
10
-0.342223937007874
20
0.4810895275590551
11
-0.3420084645669291
21
0.4810576771653543
0
LINE
8
BLACK
6
CONTINUOUS
10
-0.3420084645669291
20
0.4810576771653543
11
-0.3417914173228346
21
0.4810362992125984
0
LINE
8
BLACK
6
CONTINUOUS
10
-0.3417914173228346
20
0.4810362992125984
11
-0.3417512204724409
21
0.4810196850393701
0
LINE
8
BLACK
6
CONTINUOUS
10
-0.3417512204724409
20
0.4810196850393701
11
-0.3416513385826772
21
0.4810048818897638
0
LINE
8
BLACK
6
CONTINUOUS
10
-0.3416513385826772
20
0.4810048818897638
11
-0.3341522834645669
21
0.4791301181102362
0
LINE
8
BLACK
6
CONTINUOUS
10
-0.3341522834645669
20
0.4791301181102362
11
-0.3341098031496063
21
0.4791149606299213
0
LINE
8
BLACK
6
CONTINUOUS
10
-0.3341098031496063
20
0.4791149606299213
11
-0.3340885433070866
21
0.4791134251968504
0
LINE
8
BLACK
6
CONTINUOUS
10
-0.3340885433070866
20
0.4791134251968504
11
-0.3338491338582677
21
0.479021811023622
0
LINE
8
BLACK
6
CONTINUOUS
10
-0.3338491338582677
20
0.479021811023622
11
-0.3336071653543307
21
0.4789353543307087
0
LINE
8
BLACK
6
CONTINUOUS
10
-0.3336071653543307
20
0.4789353543307087
11
-0.3335900393700788
21
0.4789226771653543
0
LINE
8
BLACK
6
CONTINUOUS
10
-0.3335900393700788
20
0.4789226771653543
11
-0.3335479133858268
21
0.4789065354330709
0
LINE
8
BLACK
6
CONTINUOUS
10
-0.3335479133858268
20
0.4789065354330709
11
-0.3297983858267716
21
0.4770317716535433
0
LINE
8
BLACK
6
CONTINUOUS
10
-0.3297983858267716
20
0.4770317716535433
11
-0.3295505118110236
21
0.4768757480314961
0
LINE
8
BLACK
6
CONTINUOUS
10
-0.3295505118110236
20
0.4768757480314961
11
-0.3294784645669291
21
0.476845905511811
0
LINE
8
BLACK
6
CONTINUOUS
10
-0.3294784645669291
20
0.476845905511811
11
-0.3293974409448819
21
0.4767794094488189
0
LINE
8
BLACK
6
CONTINUOUS
10
-0.3293974409448819
20
0.4767794094488189
11
-0.3293085039370079
21
0.4767234251968504
0
LINE
8
BLACK
6
CONTINUOUS
10
-0.3293085039370079
20
0.4767234251968504
11
-0.3292573622047244
21
0.4766644488188976
0
LINE
8
BLACK
6
CONTINUOUS
10
-0.3292573622047244
20
0.4766644488188976
11
-0.3290310236220472
21
0.4764787007874016
0
LINE
8
BLACK
6
CONTINUOUS
10
-0.3290310236220472
20
0.4764787007874016
11
-0.3271562204724409
21
0.474603937007874
0
LINE
8
BLACK
6
CONTINUOUS
10
-0.3271562204724409
20
0.474603937007874
11
-0.3269704724409448
21
0.4743775984251968
0
LINE
8
BLACK
6
CONTINUOUS
10
-0.3269704724409448
20
0.4743775984251968
11
-0.3269114173228346
21
0.4743263779527559
0
LINE
8
BLACK
6
CONTINUOUS
10
-0.3269114173228346
20
0.4743263779527559
11
-0.3268554330708661
21
0.4742374409448819
0
LINE
8
BLACK
6
CONTINUOUS
10
-0.3268554330708661
20
0.4742374409448819
11
-0.3267889763779527
21
0.4741564566929134
0
LINE
8
BLACK
6
CONTINUOUS
10
-0.3267889763779527
20
0.4741564566929134
11
-0.3267591732283465
21
0.4740845275590551
0
LINE
8
BLACK
6
CONTINUOUS
10
-0.3267591732283465
20
0.4740845275590551
11
-0.3266030708661417
21
0.4738364960629921
0
LINE
8
BLACK
6
CONTINUOUS
10
-0.3266030708661417
20
0.4738364960629921
11
-0.3247283070866142
21
0.470086968503937
0
LINE
8
BLACK
6
CONTINUOUS
10
-0.3247283070866142
20
0.470086968503937
11
-0.3245214173228346
21
0.4695463779527559
0
LINE
8
BLACK
6
CONTINUOUS
10
-0.3245214173228346
20
0.4695463779527559
11
-0.3245138976377953
21
0.4694405118110236
0
LINE
8
BLACK
6
CONTINUOUS
10
-0.3245138976377953
20
0.4694405118110236
11
-0.3244733070866141
21
0.4693425196850394
0
LINE
8
BLACK
6
CONTINUOUS
10
-0.3244733070866141
20
0.4693425196850394
11
-0.3244165748031496
21
0.4687664566929134
0
LINE
8
BLACK
6
CONTINUOUS
10
-0.3244165748031496
20
0.4687664566929134
11
-0.3244165748031496
21
0.4650169291338583
0
LINE
8
BLACK
6
CONTINUOUS
10
-0.3244165748031496
20
0.4650169291338583
11
-0.3244733070866141
21
0.4644408661417323
0
LINE
8
BLACK
6
CONTINUOUS
10
-0.3244733070866141
20
0.4644408661417323
11
-0.3245138976377953
21
0.4643429133858268
0
LINE
8
BLACK
6
CONTINUOUS
10
-0.3245138976377953
20
0.4643429133858268
11
-0.3245214173228346
21
0.4642370078740157
0
LINE
8
BLACK
6
CONTINUOUS
10
-0.3245214173228346
20
0.4642370078740157
11
-0.3247283070866142
21
0.4636964173228346
0
LINE
8
BLACK
6
CONTINUOUS
10
-0.3247283070866142
20
0.4636964173228346
11
-0.3266030708661417
21
0.4599468897637795
0
LINE
8
BLACK
6
CONTINUOUS
10
-0.3266030708661417
20
0.4599468897637795
11
-0.3267591732283465
21
0.4596988976377953
0
LINE
8
BLACK
6
CONTINUOUS
10
-0.3267591732283465
20
0.4596988976377953
11
-0.3267889763779527
21
0.4596269291338583
0
LINE
8
BLACK
6
CONTINUOUS
10
-0.3267889763779527
20
0.4596269291338583
11
-0.3268554330708661
21
0.4595459842519685
0
LINE
8
BLACK
6
CONTINUOUS
10
-0.3268554330708661
20
0.4595459842519685
11
-0.3269114173228346
21
0.4594570078740157
0
LINE
8
BLACK
6
CONTINUOUS
10
-0.3269114173228346
20
0.4594570078740157
11
-0.3269704724409448
21
0.4594058267716535
0
LINE
8
BLACK
6
CONTINUOUS
10
-0.3269704724409448
20
0.4594058267716535
11
-0.3271562204724409
21
0.4591794488188976
0
LINE
8
BLACK
6
CONTINUOUS
10
-0.3271562204724409
20
0.4591794488188976
11
-0.3290310236220472
21
0.4573046850393701
0
LINE
8
BLACK
6
CONTINUOUS
10
-0.3290310236220472
20
0.4573046850393701
11
-0.3292573622047244
21
0.4571189763779527
0
LINE
8
BLACK
6
CONTINUOUS
10
-0.3292573622047244
20
0.4571189763779527
11
-0.3293085039370079
21
0.4570599606299213
0
LINE
8
BLACK
6
CONTINUOUS
10
-0.3293085039370079
20
0.4570599606299213
11
-0.3293974409448819
21
0.4570040157480315
0
LINE
8
BLACK
6
CONTINUOUS
10
-0.3293974409448819
20
0.4570040157480315
11
-0.3294784645669291
21
0.4569374803149606
0
LINE
8
BLACK
6
CONTINUOUS
10
-0.3294784645669291
20
0.4569374803149606
11
-0.3295505118110236
21
0.4569076771653543
0
LINE
8
BLACK
6
CONTINUOUS
10
-0.3295505118110236
20
0.4569076771653543
11
-0.3297983858267716
21
0.4567516141732283
0
LINE
8
BLACK
6
CONTINUOUS
10
-0.3297983858267716
20
0.4567516141732283
11
-0.3335479133858268
21
0.4548768503937008
0
LINE
8
BLACK
6
CONTINUOUS
10
-0.3335479133858268
20
0.4548768503937008
11
-0.3335900393700788
21
0.4548607480314961
0
LINE
8
BLACK
6
CONTINUOUS
10
-0.3335900393700788
20
0.4548607480314961
11
-0.3336071653543307
21
0.454848031496063
0
LINE
8
BLACK
6
CONTINUOUS
10
-0.3336071653543307
20
0.454848031496063
11
-0.3338491338582677
21
0.4547616141732284
0
LINE
8
BLACK
6
CONTINUOUS
10
-0.3338491338582677
20
0.4547616141732284
11
-0.3340885433070866
21
0.4546699606299213
0
LINE
8
BLACK
6
CONTINUOUS
10
-0.3340885433070866
20
0.4546699606299213
11
-0.3341098031496063
21
0.4546684645669291
0
LINE
8
BLACK
6
CONTINUOUS
10
-0.3341098031496063
20
0.4546684645669291
11
-0.3341522834645669
21
0.4546532677165354
0
LINE
8
BLACK
6
CONTINUOUS
10
-0.3341522834645669
20
0.4546532677165354
11
-0.3416513385826772
21
0.4527785039370079
0
LINE
8
BLACK
6
CONTINUOUS
10
-0.3416513385826772
20
0.4527785039370079
11
-0.3417512204724409
21
0.4527637401574803
0
LINE
8
BLACK
6
CONTINUOUS
10
-0.3417512204724409
20
0.4527637401574803
11
-0.3417914173228346
21
0.4527470866141732
0
LINE
8
BLACK
6
CONTINUOUS
10
-0.3417914173228346
20
0.4527470866141732
11
-0.3420084645669291
21
0.4527257480314961
0
LINE
8
BLACK
6
CONTINUOUS
10
-0.3420084645669291
20
0.4527257480314961
11
-0.342223937007874
21
0.4526938582677165
0
LINE
8
BLACK
6
CONTINUOUS
10
-0.342223937007874
20
0.4526938582677165
11
-0.342266968503937
21
0.4527002755905511
0
LINE
8
BLACK
6
CONTINUOUS
10
-0.342266968503937
20
0.4527002755905511
11
-0.3423674803149606
21
0.4526903543307086
0
LINE
8
BLACK
6
CONTINUOUS
10
-0.3423674803149606
20
0.4526903543307086
11
-0.3517412992125984
21
0.4526903543307086
0
LINE
8
BLACK
6
CONTINUOUS
10
-0.3517412992125984
20
0.4526903543307086
11
-0.3518418503937008
21
0.4527002755905511
0
LINE
8
BLACK
6
CONTINUOUS
10
-0.3518418503937008
20
0.4527002755905511
11
-0.351884842519685
21
0.4526938582677165
0
LINE
8
BLACK
6
CONTINUOUS
10
-0.351884842519685
20
0.4526938582677165
11
-0.3521003543307086
21
0.4527257480314961
0
LINE
8
BLACK
6
CONTINUOUS
10
-0.3521003543307086
20
0.4527257480314961
11
-0.3523173622047244
21
0.4527470866141732
0
LINE
8
BLACK
6
CONTINUOUS
10
-0.3523173622047244
20
0.4527470866141732
11
-0.3523575984251968
21
0.4527637401574803
0
LINE
8
BLACK
6
CONTINUOUS
10
-0.3523575984251968
20
0.4527637401574803
11
-0.3524574409448819
21
0.4527785039370079
0
LINE
8
BLACK
6
CONTINUOUS
10
-0.3524574409448819
20
0.4527785039370079
11
-0.3599564960629921
21
0.4546532677165354
0
LINE
8
BLACK
6
CONTINUOUS
10
-0.3599564960629921
20
0.4546532677165354
11
-0.3599990157480315
21
0.4546684645669291
0
LINE
8
BLACK
6
CONTINUOUS
10
-0.3599990157480315
20
0.4546684645669291
11
-0.3600202755905512
21
0.4546699606299213
0
LINE
8
BLACK
6
CONTINUOUS
10
-0.3600202755905512
20
0.4546699606299213
11
-0.3602600393700787
21
0.4547617322834646
0
LINE
8
BLACK
6
CONTINUOUS
10
-0.3602600393700787
20
0.4547617322834646
11
-0.3605016141732283
21
0.454848031496063
0
LINE
8
BLACK
6
CONTINUOUS
10
-0.3605016141732283
20
0.454848031496063
11
-0.3605187795275591
21
0.4548607480314961
0
LINE
8
BLACK
6
CONTINUOUS
10
-0.3605187795275591
20
0.4548607480314961
11
-0.3605608661417323
21
0.4548768503937008
0
LINE
8
BLACK
6
CONTINUOUS
10
-0.3605608661417323
20
0.4548768503937008
11
-0.3643103937007874
21
0.4567516141732283
0
LINE
8
BLACK
6
CONTINUOUS
10
-0.3643103937007874
20
0.4567516141732283
11
-0.3645584251968504
21
0.4569077165354331
0
LINE
8
BLACK
6
CONTINUOUS
10
-0.3645584251968504
20
0.4569077165354331
11
-0.3646303543307087
21
0.4569375196850394
0
LINE
8
BLACK
6
CONTINUOUS
10
-0.3646303543307087
20
0.4569375196850394
11
-0.3647113385826772
21
0.4570040157480315
0
LINE
8
BLACK
6
CONTINUOUS
10
-0.3647113385826772
20
0.4570040157480315
11
-0.3648002755905512
21
0.4570599606299213
0
LINE
8
BLACK
6
CONTINUOUS
10
-0.3648002755905512
20
0.4570599606299213
11
-0.3648514566929134
21
0.4571189763779527
0
LINE
8
BLACK
6
CONTINUOUS
10
-0.3648514566929134
20
0.4571189763779527
11
-0.3650777952755905
21
0.4573047244094488
0
LINE
8
BLACK
6
CONTINUOUS
10
-0.3650777952755905
20
0.4573047244094488
11
-0.3669525590551181
21
0.4591794881889764
0
LINE
8
BLACK
6
CONTINUOUS
10
-0.3669525590551181
20
0.4591794881889764
11
-0.3671383464566929
21
0.4594058661417323
0
LINE
8
BLACK
6
CONTINUOUS
10
-0.3671383464566929
20
0.4594058661417323
11
-0.3671973228346457
21
0.4594570078740157
0
LINE
8
BLACK
6
CONTINUOUS
10
-0.3671973228346457
20
0.4594570078740157
11
-0.3672533070866142
21
0.4595459842519685
0
LINE
8
BLACK
6
CONTINUOUS
10
-0.3672533070866142
20
0.4595459842519685
11
-0.3673197637795276
21
0.4596269291338583
0
LINE
8
BLACK
6
CONTINUOUS
10
-0.3673197637795276
20
0.4596269291338583
11
-0.3673496062992126
21
0.4596988976377953
0
LINE
8
BLACK
6
CONTINUOUS
10
-0.3673496062992126
20
0.4596988976377953
11
-0.3675056692913386
21
0.4599468897637795
0
LINE
8
BLACK
6
CONTINUOUS
10
-0.3675056692913386
20
0.4599468897637795
11
-0.3693804330708662
21
0.4636964173228346
0
LINE
8
BLACK
6
CONTINUOUS
10
-0.3693804330708662
20
0.4636964173228346
11
-0.3695873228346457
21
0.4642370472440945
0
LINE
8
BLACK
6
CONTINUOUS
10
-0.3695873228346457
20
0.4642370472440945
11
-0.3695948425196851
21
0.464342874015748
0
LINE
8
BLACK
6
CONTINUOUS
10
-0.3695948425196851
20
0.464342874015748
11
-0.3696354330708662
21
0.4644408661417323
0
LINE
8
BLACK
6
CONTINUOUS
10
-0.3696354330708662
20
0.4644408661417323
11
-0.3696921653543307
21
0.4650169291338583
0
LINE
8
BLACK
6
CONTINUOUS
10
-0.3696921653543307
20
0.4650169291338583
11
-0.3696921653543307
21
0.4687664566929134
0
LINE
8
BLACK
6
CONTINUOUS
10
-0.3696921653543307
20
0.4687664566929134
11
-0.3696354330708662
21
0.4693425196850394
0
LINE
8
BLACK
6
CONTINUOUS
10
-0.3696354330708662
20
0.4693425196850394
11
-0.3695948425196851
21
0.4694405511811023
0
LINE
8
BLACK
6
CONTINUOUS
10
-0.3695948425196851
20
0.4694405511811023
11
-0.3695873228346457
21
0.4695463385826771
0
LINE
8
BLACK
6
CONTINUOUS
10
-0.3695873228346457
20
0.4695463385826771
11
-0.3693804330708662
21
0.470086968503937
0
LINE
8
BLACK
6
CONTINUOUS
10
-0.3693804330708662
20
0.470086968503937
11
-0.3675056692913386
21
0.4738364960629921
0
LINE
8
BLACK
6
CONTINUOUS
10
-0.3675056692913386
20
0.4738364960629921
11
-0.3673496062992126
21
0.4740845275590551
0
LINE
8
BLACK
6
CONTINUOUS
10
-0.3673496062992126
20
0.4740845275590551
11
-0.3673197637795276
21
0.4741564566929134
0
LINE
8
BLACK
6
CONTINUOUS
10
-0.3673197637795276
20
0.4741564566929134
11
-0.3672533070866142
21
0.4742374409448819
0
LINE
8
BLACK
6
CONTINUOUS
10
-0.3672533070866142
20
0.4742374409448819
11
-0.3671973228346457
21
0.4743263779527559
0
LINE
8
BLACK
6
CONTINUOUS
10
-0.3671973228346457
20
0.4743263779527559
11
-0.3671383464566929
21
0.4743775590551181
0
LINE
8
BLACK
6
CONTINUOUS
10
-0.3671383464566929
20
0.4743775590551181
11
-0.3669525590551181
21
0.4746038976377953
0
LINE
8
BLACK
6
CONTINUOUS
10
-0.3669525590551181
20
0.4746038976377953
11
-0.3650777952755905
21
0.4764786614173228
0
LINE
8
BLACK
6
CONTINUOUS
10
-0.3650777952755905
20
0.4764786614173228
11
-0.3648514566929134
21
0.4766644488188976
0
LINE
8
BLACK
6
CONTINUOUS
10
-0.3648514566929134
20
0.4766644488188976
11
-0.3648002755905512
21
0.4767234251968504
0
LINE
8
BLACK
6
CONTINUOUS
10
-0.3648002755905512
20
0.4767234251968504
11
-0.3647113385826772
21
0.4767794094488189
0
LINE
8
BLACK
6
CONTINUOUS
10
-0.3647113385826772
20
0.4767794094488189
11
-0.3646303543307087
21
0.4768458661417323
0
LINE
8
BLACK
6
CONTINUOUS
10
-0.3646303543307087
20
0.4768458661417323
11
-0.3645584251968504
21
0.4768757086614173
0
LINE
8
BLACK
6
CONTINUOUS
10
-0.3645584251968504
20
0.4768757086614173
11
-0.3643103937007874
21
0.4770317716535433
0
LINE
8
BLACK
6
CONTINUOUS
10
-0.3643103937007874
20
0.4770317716535433
11
-0.3605608661417323
21
0.4789065354330709
0
LINE
8
BLACK
6
CONTINUOUS
10
-0.3605608661417323
20
0.4789065354330709
11
-0.3605187795275591
21
0.4789226771653543
0
LINE
8
BLACK
6
CONTINUOUS
10
-0.3605187795275591
20
0.4789226771653543
11
-0.3605016141732283
21
0.4789353543307087
0
LINE
8
BLACK
6
CONTINUOUS
10
-0.3605016141732283
20
0.4789353543307087
11
-0.3602600393700787
21
0.4790216929133858
0
LINE
8
BLACK
6
CONTINUOUS
10
-0.3602600393700787
20
0.4790216929133858
11
-0.3600202755905512
21
0.4791134251968504
0
LINE
8
BLACK
6
CONTINUOUS
10
-0.3600202755905512
20
0.4791134251968504
11
-0.3599990157480315
21
0.4791149606299213
0
LINE
8
BLACK
6
CONTINUOUS
10
-0.3599990157480315
20
0.4791149606299213
11
-0.3599564960629921
21
0.4791301181102362
0
LINE
8
BLACK
6
CONTINUOUS
10
-0.3599564960629921
20
0.4791301181102362
11
-0.3524574409448819
21
0.4810048818897638
0
LINE
8
BLACK
6
CONTINUOUS
10
-0.3524574409448819
20
0.4810048818897638
11
-0.3523575984251968
21
0.4810196850393701
0
LINE
8
BLACK
6
CONTINUOUS
10
-0.3523575984251968
20
0.4810196850393701
11
-0.3523173622047244
21
0.4810362992125984
0
LINE
8
BLACK
6
CONTINUOUS
10
-0.3523173622047244
20
0.4810362992125984
11
-0.3521003543307086
21
0.4810576771653543
0
LINE
8
BLACK
6
CONTINUOUS
10
-0.3521003543307086
20
0.4810576771653543
11
-0.351884842519685
21
0.4810895275590551
0
LINE
8
BLACK
6
CONTINUOUS
10
-0.351884842519685
20
0.4810895275590551
11
-0.3518418503937008
21
0.4810831496062992
0
LINE
8
BLACK
6
CONTINUOUS
10
-0.3518418503937008
20
0.4810831496062992
11
-0.3517412992125984
21
0.481093031496063
0
LINE
8
BLACK
6
CONTINUOUS
10
-0.3517412992125984
20
0.481093031496063
11
-0.3423674803149606
21
0.481093031496063
0
LINE
8
BLACK
6
CONTINUOUS
10
-0.3423674803149606
20
0.481093031496063
11
-0.342266968503937
21
0.4810831496062992
0
LINE
8
BLACK
6
CONTINUOUS
10
-0.3582098031496063
20
0.4734795275590551
11
-0.3612407874015748
21
0.4719640157480315
0
LINE
8
BLACK
6
CONTINUOUS
10
-0.3612407874015748
20
0.4719640157480315
11
-0.3624379133858268
21
0.4707668897637795
0
LINE
8
BLACK
6
CONTINUOUS
10
-0.3624379133858268
20
0.4707668897637795
11
-0.3637866535433071
21
0.4680694094488189
0
LINE
8
BLACK
6
CONTINUOUS
10
-0.3637866535433071
20
0.4680694094488189
11
-0.3637866535433071
21
0.4657139763779528
0
LINE
8
BLACK
6
CONTINUOUS
10
-0.3637866535433071
20
0.4657139763779528
11
-0.3624379133858268
21
0.4630164960629921
0
LINE
8
BLACK
6
CONTINUOUS
10
-0.3624379133858268
20
0.4630164960629921
11
-0.3612407874015748
21
0.4618193700787401
0
LINE
8
BLACK
6
CONTINUOUS
10
-0.3612407874015748
20
0.4618193700787401
11
-0.3582098031496063
21
0.4603038976377953
0
LINE
8
BLACK
6
CONTINUOUS
10
-0.3582098031496063
20
0.4603038976377953
11
-0.3513777559055118
21
0.4585958661417323
0
LINE
8
BLACK
6
CONTINUOUS
10
-0.3513777559055118
20
0.4585958661417323
11
-0.3427310236220472
21
0.4585958661417323
0
LINE
8
BLACK
6
CONTINUOUS
10
-0.3427310236220472
20
0.4585958661417323
11
-0.3358989763779527
21
0.4603038976377953
0
LINE
8
BLACK
6
CONTINUOUS
10
-0.3358989763779527
20
0.4603038976377953
11
-0.3328679921259842
21
0.4618194094488189
0
LINE
8
BLACK
6
CONTINUOUS
10
-0.3328679921259842
20
0.4618194094488189
11
-0.3316708267716535
21
0.4630165354330709
0
LINE
8
BLACK
6
CONTINUOUS
10
-0.3316708267716535
20
0.4630165354330709
11
-0.3303220866141732
21
0.4657139763779528
0
LINE
8
BLACK
6
CONTINUOUS
10
-0.3303220866141732
20
0.4657139763779528
11
-0.3303220866141732
21
0.4680694094488189
0
LINE
8
BLACK
6
CONTINUOUS
10
-0.3303220866141732
20
0.4680694094488189
11
-0.3316708267716535
21
0.4707668897637795
0
LINE
8
BLACK
6
CONTINUOUS
10
-0.3316708267716535
20
0.4707668897637795
11
-0.3328679921259842
21
0.4719640157480315
0
LINE
8
BLACK
6
CONTINUOUS
10
-0.3328679921259842
20
0.4719640157480315
11
-0.3358989763779527
21
0.4734795275590551
0
LINE
8
BLACK
6
CONTINUOUS
10
-0.3358989763779527
20
0.4734795275590551
11
-0.3427310236220472
21
0.4751875196850394
0
LINE
8
BLACK
6
CONTINUOUS
10
-0.3427310236220472
20
0.4751875196850394
11
-0.3513777559055118
21
0.4751875196850394
0
LINE
8
BLACK
6
CONTINUOUS
10
-0.3513777559055118
20
0.4751875196850394
11
-0.3582098031496063
21
0.4734795275590551
0
LINE
8
BLACK
6
CONTINUOUS
10
1.0577330314960629
20
0.4810831496062992
11
1.057776062992126
21
0.4810895275590551
0
LINE
8
BLACK
6
CONTINUOUS
10
1.057776062992126
20
0.4810895275590551
11
1.0579915354330709
21
0.4810576771653543
0
LINE
8
BLACK
6
CONTINUOUS
10
1.0579915354330709
20
0.4810576771653543
11
1.0582085826771652
21
0.4810362992125984
0
LINE
8
BLACK
6
CONTINUOUS
10
1.0582085826771652
20
0.4810362992125984
11
1.058248779527559
21
0.4810196850393701
0
LINE
8
BLACK
6
CONTINUOUS
10
1.058248779527559
20
0.4810196850393701
11
1.0583486614173228
21
0.4810048818897638
0
LINE
8
BLACK
6
CONTINUOUS
10
1.0583486614173228
20
0.4810048818897638
11
1.065847716535433
21
0.4791301181102362
0
LINE
8
BLACK
6
CONTINUOUS
10
1.065847716535433
20
0.4791301181102362
11
1.0658901968503938
21
0.4791149606299213
0
LINE
8
BLACK
6
CONTINUOUS
10
1.0658901968503938
20
0.4791149606299213
11
1.0659114566929133
21
0.4791134251968504
0
LINE
8
BLACK
6
CONTINUOUS
10
1.0659114566929133
20
0.4791134251968504
11
1.0661508661417323
21
0.479021811023622
0
LINE
8
BLACK
6
CONTINUOUS
10
1.0661508661417323
20
0.479021811023622
11
1.0663928346456693
21
0.4789353543307087
0
LINE
8
BLACK
6
CONTINUOUS
10
1.0663928346456693
20
0.4789353543307087
11
1.0664099606299213
21
0.4789226771653543
0
LINE
8
BLACK
6
CONTINUOUS
10
1.0664099606299213
20
0.4789226771653543
11
1.0664520866141731
21
0.4789065354330709
0
LINE
8
BLACK
6
CONTINUOUS
10
1.0664520866141731
20
0.4789065354330709
11
1.0702016141732282
21
0.4770317716535433
0
LINE
8
BLACK
6
CONTINUOUS
10
1.0702016141732282
20
0.4770317716535433
11
1.0704494881889763
21
0.4768757480314961
0
LINE
8
BLACK
6
CONTINUOUS
10
1.0704494881889763
20
0.4768757480314961
11
1.0705215354330708
21
0.476845905511811
0
LINE
8
BLACK
6
CONTINUOUS
10
1.0705215354330708
20
0.476845905511811
11
1.070602559055118
21
0.4767794094488189
0
LINE
8
BLACK
6
CONTINUOUS
10
1.070602559055118
20
0.4767794094488189
11
1.0706914960629921
21
0.4767234251968504
0
LINE
8
BLACK
6
CONTINUOUS
10
1.0706914960629921
20
0.4767234251968504
11
1.0707426377952756
21
0.4766644488188976
0
LINE
8
BLACK
6
CONTINUOUS
10
1.0707426377952756
20
0.4766644488188976
11
1.0709689763779526
21
0.4764787007874016
0
LINE
8
BLACK
6
CONTINUOUS
10
1.0709689763779526
20
0.4764787007874016
11
1.0728437795275589
21
0.474603937007874
0
LINE
8
BLACK
6
CONTINUOUS
10
1.0728437795275589
20
0.474603937007874
11
1.0730295275590551
21
0.4743775984251968
0
LINE
8
BLACK
6
CONTINUOUS
10
1.0730295275590551
20
0.4743775984251968
11
1.0730885826771652
21
0.4743263779527559
0
LINE
8
BLACK
6
CONTINUOUS
10
1.0730885826771652
20
0.4743263779527559
11
1.0731445669291337
21
0.4742374409448819
0
LINE
8
BLACK
6
CONTINUOUS
10
1.0731445669291337
20
0.4742374409448819
11
1.0732110236220471
21
0.4741564566929134
0
LINE
8
BLACK
6
CONTINUOUS
10
1.0732110236220471
20
0.4741564566929134
11
1.0732408267716536
21
0.4740845275590551
0
LINE
8
BLACK
6
CONTINUOUS
10
1.0732408267716536
20
0.4740845275590551
11
1.0733969291338583
21
0.4738364960629921
0
LINE
8
BLACK
6
CONTINUOUS
10
1.0733969291338583
20
0.4738364960629921
11
1.0752716929133859
21
0.470086968503937
0
LINE
8
BLACK
6
CONTINUOUS
10
1.0752716929133859
20
0.470086968503937
11
1.0754785826771653
21
0.4695463779527559
0
LINE
8
BLACK
6
CONTINUOUS
10
1.0754785826771653
20
0.4695463779527559
11
1.0754861023622047
21
0.4694405118110236
0
LINE
8
BLACK
6
CONTINUOUS
10
1.0754861023622047
20
0.4694405118110236
11
1.0755266929133858
21
0.4693425196850394
0
LINE
8
BLACK
6
CONTINUOUS
10
1.0755266929133858
20
0.4693425196850394
11
1.0755834251968504
21
0.4687664566929134
0
LINE
8
BLACK
6
CONTINUOUS
10
1.0755834251968504
20
0.4687664566929134
11
1.0755834251968504
21
0.4650169291338583
0
LINE
8
BLACK
6
CONTINUOUS
10
1.0755834251968504
20
0.4650169291338583
11
1.0755266929133858
21
0.4644408661417323
0
LINE
8
BLACK
6
CONTINUOUS
10
1.0755266929133858
20
0.4644408661417323
11
1.0754861023622047
21
0.4643429133858268
0
LINE
8
BLACK
6
CONTINUOUS
10
1.0754861023622047
20
0.4643429133858268
11
1.0754785826771653
21
0.4642370078740157
0
LINE
8
BLACK
6
CONTINUOUS
10
1.0754785826771653
20
0.4642370078740157
11
1.0752716929133859
21
0.4636964173228346
0
LINE
8
BLACK
6
CONTINUOUS
10
1.0752716929133859
20
0.4636964173228346
11
1.0733969291338583
21
0.4599468897637795
0
LINE
8
BLACK
6
CONTINUOUS
10
1.0733969291338583
20
0.4599468897637795
11
1.0732408267716536
21
0.4596988976377953
0
LINE
8
BLACK
6
CONTINUOUS
10
1.0732408267716536
20
0.4596988976377953
11
1.0732110236220471
21
0.4596269291338583
0
LINE
8
BLACK
6
CONTINUOUS
10
1.0732110236220471
20
0.4596269291338583
11
1.0731445669291337
21
0.4595459842519685
0
LINE
8
BLACK
6
CONTINUOUS
10
1.0731445669291337
20
0.4595459842519685
11
1.0730885826771652
21
0.4594570078740157
0
LINE
8
BLACK
6
CONTINUOUS
10
1.0730885826771652
20
0.4594570078740157
11
1.0730295275590551
21
0.4594058267716535
0
LINE
8
BLACK
6
CONTINUOUS
10
1.0730295275590551
20
0.4594058267716535
11
1.0728437795275589
21
0.4591794488188976
0
LINE
8
BLACK
6
CONTINUOUS
10
1.0728437795275589
20
0.4591794488188976
11
1.0709689763779526
21
0.4573046850393701
0
LINE
8
BLACK
6
CONTINUOUS
10
1.0709689763779526
20
0.4573046850393701
11
1.0707426377952756
21
0.4571189763779527
0
LINE
8
BLACK
6
CONTINUOUS
10
1.0707426377952756
20
0.4571189763779527
11
1.0706914960629921
21
0.4570599606299213
0
LINE
8
BLACK
6
CONTINUOUS
10
1.0706914960629921
20
0.4570599606299213
11
1.070602559055118
21
0.4570040157480315
0
LINE
8
BLACK
6
CONTINUOUS
10
1.070602559055118
20
0.4570040157480315
11
1.0705215354330708
21
0.4569374803149606
0
LINE
8
BLACK
6
CONTINUOUS
10
1.0705215354330708
20
0.4569374803149606
11
1.0704494881889763
21
0.4569076771653543
0
LINE
8
BLACK
6
CONTINUOUS
10
1.0704494881889763
20
0.4569076771653543
11
1.0702016141732282
21
0.4567516141732283
0
LINE
8
BLACK
6
CONTINUOUS
10
1.0702016141732282
20
0.4567516141732283
11
1.0664520866141731
21
0.4548768503937008
0
LINE
8
BLACK
6
CONTINUOUS
10
1.0664520866141731
20
0.4548768503937008
11
1.0664099606299213
21
0.4548607480314961
0
LINE
8
BLACK
6
CONTINUOUS
10
1.0664099606299213
20
0.4548607480314961
11
1.0663928346456693
21
0.454848031496063
0
LINE
8
BLACK
6
CONTINUOUS
10
1.0663928346456693
20
0.454848031496063
11
1.0661508661417323
21
0.4547616141732284
0
LINE
8
BLACK
6
CONTINUOUS
10
1.0661508661417323
20
0.4547616141732284
11
1.0659114566929133
21
0.4546699606299213
0
LINE
8
BLACK
6
CONTINUOUS
10
1.0659114566929133
20
0.4546699606299213
11
1.0658901968503938
21
0.4546684645669291
0
LINE
8
BLACK
6
CONTINUOUS
10
1.0658901968503938
20
0.4546684645669291
11
1.065847716535433
21
0.4546532677165354
0
LINE
8
BLACK
6
CONTINUOUS
10
1.065847716535433
20
0.4546532677165354
11
1.0583486614173228
21
0.4527785039370079
0
LINE
8
BLACK
6
CONTINUOUS
10
1.0583486614173228
20
0.4527785039370079
11
1.058248779527559
21
0.4527637401574803
0
LINE
8
BLACK
6
CONTINUOUS
10
1.058248779527559
20
0.4527637401574803
11
1.0582085826771652
21
0.4527470866141732
0
LINE
8
BLACK
6
CONTINUOUS
10
1.0582085826771652
20
0.4527470866141732
11
1.0579915354330709
21
0.4527257480314961
0
LINE
8
BLACK
6
CONTINUOUS
10
1.0579915354330709
20
0.4527257480314961
11
1.057776062992126
21
0.4526938582677165
0
LINE
8
BLACK
6
CONTINUOUS
10
1.057776062992126
20
0.4526938582677165
11
1.0577330314960629
21
0.4527002755905511
0
LINE
8
BLACK
6
CONTINUOUS
10
1.0577330314960629
20
0.4527002755905511
11
1.0576325196850394
21
0.4526903543307086
0
LINE
8
BLACK
6
CONTINUOUS
10
1.0576325196850394
20
0.4526903543307086
11
1.0482587007874016
21
0.4526903543307086
0
LINE
8
BLACK
6
CONTINUOUS
10
1.0482587007874016
20
0.4526903543307086
11
1.0481581496062993
21
0.4527002755905511
0
LINE
8
BLACK
6
CONTINUOUS
10
1.0481581496062993
20
0.4527002755905511
11
1.0481151574803149
21
0.4526938582677165
0
LINE
8
BLACK
6
CONTINUOUS
10
1.0481151574803149
20
0.4526938582677165
11
1.0478996456692913
21
0.4527257480314961
0
LINE
8
BLACK
6
CONTINUOUS
10
1.0478996456692913
20
0.4527257480314961
11
1.0476826377952755
21
0.4527470866141732
0
LINE
8
BLACK
6
CONTINUOUS
10
1.0476826377952755
20
0.4527470866141732
11
1.0476424015748032
21
0.4527637401574803
0
LINE
8
BLACK
6
CONTINUOUS
10
1.0476424015748032
20
0.4527637401574803
11
1.0475425590551182
21
0.4527785039370079
0
LINE
8
BLACK
6
CONTINUOUS
10
1.0475425590551182
20
0.4527785039370079
11
1.040043503937008
21
0.4546532677165354
0
LINE
8
BLACK
6
CONTINUOUS
10
1.040043503937008
20
0.4546532677165354
11
1.0400009842519684
21
0.4546684645669291
0
LINE
8
BLACK
6
CONTINUOUS
10
1.0400009842519684
20
0.4546684645669291
11
1.0399797244094489
21
0.4546699606299213
0
LINE
8
BLACK
6
CONTINUOUS
10
1.0399797244094489
20
0.4546699606299213
11
1.0397399606299211
21
0.4547617322834646
0
LINE
8
BLACK
6
CONTINUOUS
10
1.0397399606299211
20
0.4547617322834646
11
1.0394983858267717
21
0.454848031496063
0
LINE
8
BLACK
6
CONTINUOUS
10
1.0394983858267717
20
0.454848031496063
11
1.0394812204724408
21
0.4548607480314961
0
LINE
8
BLACK
6
CONTINUOUS
10
1.0394812204724408
20
0.4548607480314961
11
1.0394391338582676
21
0.4548768503937008
0
LINE
8
BLACK
6
CONTINUOUS
10
1.0394391338582676
20
0.4548768503937008
11
1.0356896062992125
21
0.4567516141732283
0
LINE
8
BLACK
6
CONTINUOUS
10
1.0356896062992125
20
0.4567516141732283
11
1.0354415748031496
21
0.4569077165354331
0
LINE
8
BLACK
6
CONTINUOUS
10
1.0354415748031496
20
0.4569077165354331
11
1.0353696456692913
21
0.4569375196850394
0
LINE
8
BLACK
6
CONTINUOUS
10
1.0353696456692913
20
0.4569375196850394
11
1.0352886614173229
21
0.4570040157480315
0
LINE
8
BLACK
6
CONTINUOUS
10
1.0352886614173229
20
0.4570040157480315
11
1.0351997244094489
21
0.4570599606299213
0
LINE
8
BLACK
6
CONTINUOUS
10
1.0351997244094489
20
0.4570599606299213
11
1.0351485433070866
21
0.4571189763779527
0
LINE
8
BLACK
6
CONTINUOUS
10
1.0351485433070866
20
0.4571189763779527
11
1.0349222047244093
21
0.4573047244094488
0
LINE
8
BLACK
6
CONTINUOUS
10
1.0349222047244093
20
0.4573047244094488
11
1.0330474409448818
21
0.4591794881889764
0
LINE
8
BLACK
6
CONTINUOUS
10
1.0330474409448818
20
0.4591794881889764
11
1.0328616535433071
21
0.4594058661417323
0
LINE
8
BLACK
6
CONTINUOUS
10
1.0328616535433071
20
0.4594058661417323
11
1.0328026771653542
21
0.4594570078740157
0
LINE
8
BLACK
6
CONTINUOUS
10
1.0328026771653542
20
0.4594570078740157
11
1.0327466929133857
21
0.4595459842519685
0
LINE
8
BLACK
6
CONTINUOUS
10
1.0327466929133857
20
0.4595459842519685
11
1.0326802362204723
21
0.4596269291338583
0
LINE
8
BLACK
6
CONTINUOUS
10
1.0326802362204723
20
0.4596269291338583
11
1.0326503937007874
21
0.4596988976377953
0
LINE
8
BLACK
6
CONTINUOUS
10
1.0326503937007874
20
0.4596988976377953
11
1.0324943307086614
21
0.4599468897637795
0
LINE
8
BLACK
6
CONTINUOUS
10
1.0324943307086614
20
0.4599468897637795
11
1.0306195669291338
21
0.4636964173228346
0
LINE
8
BLACK
6
CONTINUOUS
10
1.0306195669291338
20
0.4636964173228346
11
1.0304126771653543
21
0.4642370472440945
0
LINE
8
BLACK
6
CONTINUOUS
10
1.0304126771653543
20
0.4642370472440945
11
1.030405157480315
21
0.464342874015748
0
LINE
8
BLACK
6
CONTINUOUS
10
1.030405157480315
20
0.464342874015748
11
1.0303645669291339
21
0.4644408661417323
0
LINE
8
BLACK
6
CONTINUOUS
10
1.0303645669291339
20
0.4644408661417323
11
1.0303078346456693
21
0.4650169291338583
0
LINE
8
BLACK
6
CONTINUOUS
10
1.0303078346456693
20
0.4650169291338583
11
1.0303078346456693
21
0.4687664566929134
0
LINE
8
BLACK
6
CONTINUOUS
10
1.0303078346456693
20
0.4687664566929134
11
1.0303645669291339
21
0.4693425196850394
0
LINE
8
BLACK
6
CONTINUOUS
10
1.0303645669291339
20
0.4693425196850394
11
1.030405157480315
21
0.4694405511811023
0
LINE
8
BLACK
6
CONTINUOUS
10
1.030405157480315
20
0.4694405511811023
11
1.0304126771653543
21
0.4695463385826771
0
LINE
8
BLACK
6
CONTINUOUS
10
1.0304126771653543
20
0.4695463385826771
11
1.0306195669291338
21
0.470086968503937
0
LINE
8
BLACK
6
CONTINUOUS
10
1.0306195669291338
20
0.470086968503937
11
1.0324943307086614
21
0.4738364960629921
0
LINE
8
BLACK
6
CONTINUOUS
10
1.0324943307086614
20
0.4738364960629921
11
1.0326503937007874
21
0.4740845275590551
0
LINE
8
BLACK
6
CONTINUOUS
10
1.0326503937007874
20
0.4740845275590551
11
1.0326802362204723
21
0.4741564566929134
0
LINE
8
BLACK
6
CONTINUOUS
10
1.0326802362204723
20
0.4741564566929134
11
1.0327466929133857
21
0.4742374409448819
0
LINE
8
BLACK
6
CONTINUOUS
10
1.0327466929133857
20
0.4742374409448819
11
1.0328026771653542
21
0.4743263779527559
0
LINE
8
BLACK
6
CONTINUOUS
10
1.0328026771653542
20
0.4743263779527559
11
1.0328616535433071
21
0.4743775590551181
0
LINE
8
BLACK
6
CONTINUOUS
10
1.0328616535433071
20
0.4743775590551181
11
1.0330474409448818
21
0.4746038976377953
0
LINE
8
BLACK
6
CONTINUOUS
10
1.0330474409448818
20
0.4746038976377953
11
1.0349222047244093
21
0.4764786614173228
0
LINE
8
BLACK
6
CONTINUOUS
10
1.0349222047244093
20
0.4764786614173228
11
1.0351485433070866
21
0.4766644488188976
0
LINE
8
BLACK
6
CONTINUOUS
10
1.0351485433070866
20
0.4766644488188976
11
1.0351997244094489
21
0.4767234251968504
0
LINE
8
BLACK
6
CONTINUOUS
10
1.0351997244094489
20
0.4767234251968504
11
1.0352886614173229
21
0.4767794094488189
0
LINE
8
BLACK
6
CONTINUOUS
10
1.0352886614173229
20
0.4767794094488189
11
1.0353696456692913
21
0.4768458661417323
0
LINE
8
BLACK
6
CONTINUOUS
10
1.0353696456692913
20
0.4768458661417323
11
1.0354415748031496
21
0.4768757086614173
0
LINE
8
BLACK
6
CONTINUOUS
10
1.0354415748031496
20
0.4768757086614173
11
1.0356896062992125
21
0.4770317716535433
0
LINE
8
BLACK
6
CONTINUOUS
10
1.0356896062992125
20
0.4770317716535433
11
1.0394391338582676
21
0.4789065354330709
0
LINE
8
BLACK
6
CONTINUOUS
10
1.0394391338582676
20
0.4789065354330709
11
1.0394812204724408
21
0.4789226771653543
0
LINE
8
BLACK
6
CONTINUOUS
10
1.0394812204724408
20
0.4789226771653543
11
1.0394983858267717
21
0.4789353543307087
0
LINE
8
BLACK
6
CONTINUOUS
10
1.0394983858267717
20
0.4789353543307087
11
1.0397399606299211
21
0.4790216929133858
0
LINE
8
BLACK
6
CONTINUOUS
10
1.0397399606299211
20
0.4790216929133858
11
1.0399797244094489
21
0.4791134251968504
0
LINE
8
BLACK
6
CONTINUOUS
10
1.0399797244094489
20
0.4791134251968504
11
1.0400009842519684
21
0.4791149606299213
0
LINE
8
BLACK
6
CONTINUOUS
10
1.0400009842519684
20
0.4791149606299213
11
1.040043503937008
21
0.4791301181102362
0
LINE
8
BLACK
6
CONTINUOUS
10
1.040043503937008
20
0.4791301181102362
11
1.0475425590551182
21
0.4810048818897638
0
LINE
8
BLACK
6
CONTINUOUS
10
1.0475425590551182
20
0.4810048818897638
11
1.0476424015748032
21
0.4810196850393701
0
LINE
8
BLACK
6
CONTINUOUS
10
1.0476424015748032
20
0.4810196850393701
11
1.0476826377952755
21
0.4810362992125984
0
LINE
8
BLACK
6
CONTINUOUS
10
1.0476826377952755
20
0.4810362992125984
11
1.0478996456692913
21
0.4810576771653543
0
LINE
8
BLACK
6
CONTINUOUS
10
1.0478996456692913
20
0.4810576771653543
11
1.0481151574803149
21
0.4810895275590551
0
LINE
8
BLACK
6
CONTINUOUS
10
1.0481151574803149
20
0.4810895275590551
11
1.0481581496062993
21
0.4810831496062992
0
LINE
8
BLACK
6
CONTINUOUS
10
1.0481581496062993
20
0.4810831496062992
11
1.0482587007874016
21
0.481093031496063
0
LINE
8
BLACK
6
CONTINUOUS
10
1.0482587007874016
20
0.481093031496063
11
1.0576325196850394
21
0.481093031496063
0
LINE
8
BLACK
6
CONTINUOUS
10
1.0576325196850394
20
0.481093031496063
11
1.0577330314960629
21
0.4810831496062992
0
LINE
8
BLACK
6
CONTINUOUS
10
1.0417901968503938
20
0.4734795275590551
11
1.0387592125984251
21
0.4719640157480315
0
LINE
8
BLACK
6
CONTINUOUS
10
1.0387592125984251
20
0.4719640157480315
11
1.0375620866141733
21
0.4707668897637795
0
LINE
8
BLACK
6
CONTINUOUS
10
1.0375620866141733
20
0.4707668897637795
11
1.0362133464566929
21
0.4680694094488189
0
LINE
8
BLACK
6
CONTINUOUS
10
1.0362133464566929
20
0.4680694094488189
11
1.0362133464566929
21
0.4657139763779528
0
LINE
8
BLACK
6
CONTINUOUS
10
1.0362133464566929
20
0.4657139763779528
11
1.0375620866141733
21
0.4630164960629921
0
LINE
8
BLACK
6
CONTINUOUS
10
1.0375620866141733
20
0.4630164960629921
11
1.0387592125984251
21
0.4618193700787401
0
LINE
8
BLACK
6
CONTINUOUS
10
1.0387592125984251
20
0.4618193700787401
11
1.0417901968503938
21
0.4603038976377953
0
LINE
8
BLACK
6
CONTINUOUS
10
1.0417901968503938
20
0.4603038976377953
11
1.0486222440944881
21
0.4585958661417323
0
LINE
8
BLACK
6
CONTINUOUS
10
1.0486222440944881
20
0.4585958661417323
11
1.0572689763779528
21
0.4585958661417323
0
LINE
8
BLACK
6
CONTINUOUS
10
1.0572689763779528
20
0.4585958661417323
11
1.0641010236220472
21
0.4603038976377953
0
LINE
8
BLACK
6
CONTINUOUS
10
1.0641010236220472
20
0.4603038976377953
11
1.0671320078740156
21
0.4618194094488189
0
LINE
8
BLACK
6
CONTINUOUS
10
1.0671320078740156
20
0.4618194094488189
11
1.0683291732283464
21
0.4630165354330709
0
LINE
8
BLACK
6
CONTINUOUS
10
1.0683291732283464
20
0.4630165354330709
11
1.0696779133858267
21
0.4657139763779528
0
LINE
8
BLACK
6
CONTINUOUS
10
1.0696779133858267
20
0.4657139763779528
11
1.0696779133858267
21
0.4680694094488189
0
LINE
8
BLACK
6
CONTINUOUS
10
1.0696779133858267
20
0.4680694094488189
11
1.0683291732283464
21
0.4707668897637795
0
LINE
8
BLACK
6
CONTINUOUS
10
1.0683291732283464
20
0.4707668897637795
11
1.0671320078740156
21
0.4719640157480315
0
LINE
8
BLACK
6
CONTINUOUS
10
1.0671320078740156
20
0.4719640157480315
11
1.0641010236220472
21
0.4734795275590551
0
LINE
8
BLACK
6
CONTINUOUS
10
1.0641010236220472
20
0.4734795275590551
11
1.0572689763779528
21
0.4751875196850394
0
LINE
8
BLACK
6
CONTINUOUS
10
1.0572689763779528
20
0.4751875196850394
11
1.0486222440944881
21
0.4751875196850394
0
LINE
8
BLACK
6
CONTINUOUS
10
1.0486222440944881
20
0.4751875196850394
11
1.0417901968503938
21
0.4734795275590551
0
LINE
8
BLACK
6
CONTINUOUS
10
-0.3276037007874016
20
0.4993431102362205
11
-0.3276036220472441
21
0.4993430708661417
0
LINE
8
BLACK
6
CONTINUOUS
10
-0.3276036220472441
20
0.4993430708661417
11
-0.3271561811023622
21
0.4989758661417323
0
LINE
8
BLACK
6
CONTINUOUS
10
-0.3271561811023622
20
0.4989758661417323
11
-0.3252814173228347
21
0.4971011023622047
0
LINE
8
BLACK
6
CONTINUOUS
10
-0.3252814173228347
20
0.4971011023622047
11
-0.3249142125984252
21
0.4966536614173228
0
LINE
8
BLACK
6
CONTINUOUS
10
-0.3249142125984252
20
0.4966536614173228
11
-0.3247726377952756
21
0.4963118897637795
0
LINE
8
BLACK
6
CONTINUOUS
10
-0.3247726377952756
20
0.4963118897637795
11
-0.3244733070866141
21
0.4955892125984252
0
LINE
8
BLACK
6
CONTINUOUS
10
-0.3244733070866141
20
0.4955892125984252
11
-0.3244733070866141
21
0.4944371259842519
0
LINE
8
BLACK
6
CONTINUOUS
10
-0.3244733070866141
20
0.4944371259842519
11
-0.3249142125984252
21
0.4933727165354331
0
LINE
8
BLACK
6
CONTINUOUS
10
-0.3249142125984252
20
0.4933727165354331
11
-0.3252814173228347
21
0.4929252755905512
0
LINE
8
BLACK
6
CONTINUOUS
10
-0.3252814173228347
20
0.4929252755905512
11
-0.3271561811023622
21
0.4910505118110236
0
LINE
8
BLACK
6
CONTINUOUS
10
-0.3271561811023622
20
0.4910505118110236
11
-0.3276036220472441
21
0.4906833070866142
0
LINE
8
BLACK
6
CONTINUOUS
10
-0.3276036220472441
20
0.4906833070866142
11
-0.328668031496063
21
0.4902424015748031
0
LINE
8
BLACK
6
CONTINUOUS
10
-0.328668031496063
20
0.4902424015748031
11
-0.3298201181102362
21
0.4902424015748031
0
LINE
8
BLACK
6
CONTINUOUS
10
-0.3298201181102362
20
0.4902424015748031
11
-0.3308845275590551
21
0.4906832677165354
0
LINE
8
BLACK
6
CONTINUOUS
10
-0.3308845275590551
20
0.4906832677165354
11
-0.3313320078740157
21
0.4910505118110236
0
LINE
8
BLACK
6
CONTINUOUS
10
-0.3313320078740157
20
0.4910505118110236
11
-0.3332067716535433
21
0.4929252362204724
0
LINE
8
BLACK
6
CONTINUOUS
10
-0.3332067716535433
20
0.4929252362204724
11
-0.3335740157480315
21
0.4933727165354331
0
LINE
8
BLACK
6
CONTINUOUS
10
-0.3335740157480315
20
0.4933727165354331
11
-0.3335740551181102
21
0.4933727559055118
0
LINE
8
BLACK
6
CONTINUOUS
10
-0.3335740551181102
20
0.4933727559055118
11
-0.3340149212598425
21
0.4944371653543307
0
LINE
8
BLACK
6
CONTINUOUS
10
-0.3340149212598425
20
0.4944371653543307
11
-0.3340149212598425
21
0.495589251968504
0
LINE
8
BLACK
6
CONTINUOUS
10
-0.3340149212598425
20
0.495589251968504
11
-0.3337155905511811
21
0.4963118897637795
0
LINE
8
BLACK
6
CONTINUOUS
10
-0.3337155905511811
20
0.4963118897637795
11
-0.3335740551181102
21
0.4966536220472441
0
LINE
8
BLACK
6
CONTINUOUS
10
-0.3335740551181102
20
0.4966536220472441
11
-0.3335740157480315
21
0.4966536614173228
0
LINE
8
BLACK
6
CONTINUOUS
10
-0.3335740157480315
20
0.4966536614173228
11
-0.3332067716535433
21
0.4971011417322835
0
LINE
8
BLACK
6
CONTINUOUS
10
-0.3332067716535433
20
0.4971011417322835
11
-0.3313320078740157
21
0.4989758661417323
0
LINE
8
BLACK
6
CONTINUOUS
10
-0.3313320078740157
20
0.4989758661417323
11
-0.3308845275590551
21
0.4993431102362205
0
LINE
8
BLACK
6
CONTINUOUS
10
-0.3308845275590551
20
0.4993431102362205
11
-0.3298201181102362
21
0.4997839763779527
0
LINE
8
BLACK
6
CONTINUOUS
10
-0.3298201181102362
20
0.4997839763779527
11
-0.328668031496063
21
0.4997839763779527
0
LINE
8
BLACK
6
CONTINUOUS
10
-0.328668031496063
20
0.4997839763779527
11
-0.3276037007874016
21
0.4993431102362205
0
LINE
8
BLACK
6
CONTINUOUS
10
1.0723962992125984
20
0.4993431102362205
11
1.0723963779527559
21
0.4993430708661417
0
LINE
8
BLACK
6
CONTINUOUS
10
1.0723963779527559
20
0.4993430708661417
11
1.0728438188976377
21
0.4989758661417323
0
LINE
8
BLACK
6
CONTINUOUS
10
1.0728438188976377
20
0.4989758661417323
11
1.0747185826771652
21
0.4971011023622047
0
LINE
8
BLACK
6
CONTINUOUS
10
1.0747185826771652
20
0.4971011023622047
11
1.0750857874015747
21
0.4966536614173228
0
LINE
8
BLACK
6
CONTINUOUS
10
1.0750857874015747
20
0.4966536614173228
11
1.0752273622047244
21
0.4963118897637795
0
LINE
8
BLACK
6
CONTINUOUS
10
1.0752273622047244
20
0.4963118897637795
11
1.0755266929133858
21
0.4955892125984252
0
LINE
8
BLACK
6
CONTINUOUS
10
1.0755266929133858
20
0.4955892125984252
11
1.0755266929133858
21
0.4944371259842519
0
LINE
8
BLACK
6
CONTINUOUS
10
1.0755266929133858
20
0.4944371259842519
11
1.0750857874015747
21
0.4933727165354331
0
LINE
8
BLACK
6
CONTINUOUS
10
1.0750857874015747
20
0.4933727165354331
11
1.0747185826771652
21
0.4929252755905512
0
LINE
8
BLACK
6
CONTINUOUS
10
1.0747185826771652
20
0.4929252755905512
11
1.0728438188976377
21
0.4910505118110236
0
LINE
8
BLACK
6
CONTINUOUS
10
1.0728438188976377
20
0.4910505118110236
11
1.0723963779527559
21
0.4906833070866142
0
LINE
8
BLACK
6
CONTINUOUS
10
1.0723963779527559
20
0.4906833070866142
11
1.0713319685039371
21
0.4902424015748031
0
LINE
8
BLACK
6
CONTINUOUS
10
1.0713319685039371
20
0.4902424015748031
11
1.0701798818897637
21
0.4902424015748031
0
LINE
8
BLACK
6
CONTINUOUS
10
1.0701798818897637
20
0.4902424015748031
11
1.0691154724409448
21
0.4906832677165354
0
LINE
8
BLACK
6
CONTINUOUS
10
1.0691154724409448
20
0.4906832677165354
11
1.0686679921259843
21
0.4910505118110236
0
LINE
8
BLACK
6
CONTINUOUS
10
1.0686679921259843
20
0.4910505118110236
11
1.0667932283464567
21
0.4929252362204724
0
LINE
8
BLACK
6
CONTINUOUS
10
1.0667932283464567
20
0.4929252362204724
11
1.0664259842519686
21
0.4933727165354331
0
LINE
8
BLACK
6
CONTINUOUS
10
1.0664259842519686
20
0.4933727165354331
11
1.0664259448818898
21
0.4933727559055118
0
LINE
8
BLACK
6
CONTINUOUS
10
1.0664259448818898
20
0.4933727559055118
11
1.0659850787401575
21
0.4944371653543307
0
LINE
8
BLACK
6
CONTINUOUS
10
1.0659850787401575
20
0.4944371653543307
11
1.0659850787401575
21
0.495589251968504
0
LINE
8
BLACK
6
CONTINUOUS
10
1.0659850787401575
20
0.495589251968504
11
1.0662844094488189
21
0.4963118897637795
0
LINE
8
BLACK
6
CONTINUOUS
10
1.0662844094488189
20
0.4963118897637795
11
1.0664259448818898
21
0.4966536220472441
0
LINE
8
BLACK
6
CONTINUOUS
10
1.0664259448818898
20
0.4966536220472441
11
1.0664259842519686
21
0.4966536614173228
0
LINE
8
BLACK
6
CONTINUOUS
10
1.0664259842519686
20
0.4966536614173228
11
1.0667932283464567
21
0.4971011417322835
0
LINE
8
BLACK
6
CONTINUOUS
10
1.0667932283464567
20
0.4971011417322835
11
1.0686679921259843
21
0.4989758661417323
0
LINE
8
BLACK
6
CONTINUOUS
10
1.0686679921259843
20
0.4989758661417323
11
1.0691154724409448
21
0.4993431102362205
0
LINE
8
BLACK
6
CONTINUOUS
10
1.0691154724409448
20
0.4993431102362205
11
1.0701798818897637
21
0.4997839763779527
0
LINE
8
BLACK
6
CONTINUOUS
10
1.0701798818897637
20
0.4997839763779527
11
1.0713319685039371
21
0.4997839763779527
0
LINE
8
BLACK
6
CONTINUOUS
10
1.0713319685039371
20
0.4997839763779527
11
1.0723962992125984
21
0.4993431102362205
0
LINE
8
BLACK
6
CONTINUOUS
10
-0.3388522440944882
20
0.5387131102362205
11
-0.3380375984251968
21
0.5378984645669291
0
LINE
8
BLACK
6
CONTINUOUS
10
-0.3380375984251968
20
0.5378984645669291
11
-0.3375966929133858
21
0.5368340551181102
0
LINE
8
BLACK
6
CONTINUOUS
10
-0.3375966929133858
20
0.5368340551181102
11
-0.3375399606299213
21
0.5362579921259842
0
LINE
8
BLACK
6
CONTINUOUS
10
-0.3375399606299213
20
0.5362579921259842
11
-0.3375399606299213
21
0.5335864566929134
0
LINE
8
BLACK
6
CONTINUOUS
10
-0.3375399606299213
20
0.5335864566929134
11
-0.3273693307086614
21
0.5335864566929134
0
LINE
8
BLACK
6
CONTINUOUS
10
-0.3273693307086614
20
0.5335864566929134
11
-0.3267932677165354
21
0.5335297244094488
0
LINE
8
BLACK
6
CONTINUOUS
10
-0.3267932677165354
20
0.5335297244094488
11
-0.3257288582677165
21
0.5330888188976378
0
LINE
8
BLACK
6
CONTINUOUS
10
-0.3257288582677165
20
0.5330888188976378
11
-0.3249142125984252
21
0.5322741732283465
0
LINE
8
BLACK
6
CONTINUOUS
10
-0.3249142125984252
20
0.5322741732283465
11
-0.3244733070866141
21
0.5312097637795276
0
LINE
8
BLACK
6
CONTINUOUS
10
-0.3244733070866141
20
0.5312097637795276
11
-0.3244733070866141
21
0.5300576377952756
0
LINE
8
BLACK
6
CONTINUOUS
10
-0.3244733070866141
20
0.5300576377952756
11
-0.3249142125984252
21
0.5289932283464567
0
LINE
8
BLACK
6
CONTINUOUS
10
-0.3249142125984252
20
0.5289932283464567
11
-0.3257288582677165
21
0.5281785826771653
0
LINE
8
BLACK
6
CONTINUOUS
10
-0.3257288582677165
20
0.5281785826771653
11
-0.3267932677165354
21
0.5277376771653544
0
LINE
8
BLACK
6
CONTINUOUS
10
-0.3267932677165354
20
0.5277376771653544
11
-0.3273693307086614
21
0.5276809448818898
0
LINE
8
BLACK
6
CONTINUOUS
10
-0.3273693307086614
20
0.5276809448818898
11
-0.3375399606299213
21
0.5276809448818898
0
LINE
8
BLACK
6
CONTINUOUS
10
-0.3375399606299213
20
0.5276809448818898
11
-0.3375399606299213
21
0.511886062992126
0
LINE
8
BLACK
6
CONTINUOUS
10
-0.3375399606299213
20
0.511886062992126
11
-0.3375687007874016
21
0.5115945275590551
0
LINE
8
BLACK
6
CONTINUOUS
10
-0.3375687007874016
20
0.5115945275590551
11
-0.3375631496062992
21
0.5115167716535433
0
LINE
8
BLACK
6
CONTINUOUS
10
-0.3375631496062992
20
0.5115167716535433
11
-0.3375818897637795
21
0.5114606692913386
0
LINE
8
BLACK
6
CONTINUOUS
10
-0.3375818897637795
20
0.5114606692913386
11
-0.3375966929133858
21
0.51131
0
LINE
8
BLACK
6
CONTINUOUS
10
-0.3375966929133858
20
0.51131
11
-0.337777874015748
21
0.5108726377952756
0
LINE
8
BLACK
6
CONTINUOUS
10
-0.337777874015748
20
0.5108726377952756
11
-0.3379274803149606
21
0.510423779527559
0
LINE
8
BLACK
6
CONTINUOUS
10
-0.3379274803149606
20
0.510423779527559
11
-0.3379970078740158
21
0.5103436614173228
0
LINE
8
BLACK
6
CONTINUOUS
10
-0.3379970078740158
20
0.5103436614173228
11
-0.3380375984251968
21
0.5102455905511811
0
LINE
8
BLACK
6
CONTINUOUS
10
-0.3380375984251968
20
0.5102455905511811
11
-0.3383723622047244
21
0.5099108661417323
0
LINE
8
BLACK
6
CONTINUOUS
10
-0.3383723622047244
20
0.5099108661417323
11
-0.3386823622047244
21
0.5095533858267717
0
LINE
8
BLACK
6
CONTINUOUS
10
-0.3386823622047244
20
0.5095533858267717
11
-0.3387772440944882
21
0.5095059842519685
0
LINE
8
BLACK
6
CONTINUOUS
10
-0.3387772440944882
20
0.5095059842519685
11
-0.3388522440944882
21
0.5094309448818898
0
LINE
8
BLACK
6
CONTINUOUS
10
-0.3388522440944882
20
0.5094309448818898
11
-0.3392897244094488
21
0.5092497637795276
0
LINE
8
BLACK
6
CONTINUOUS
10
-0.3392897244094488
20
0.5092497637795276
11
-0.3397128346456693
21
0.509038188976378
0
LINE
8
BLACK
6
CONTINUOUS
10
-0.3397128346456693
20
0.509038188976378
11
-0.3398185826771654
21
0.5090307086614173
0
LINE
8
BLACK
6
CONTINUOUS
10
-0.3398185826771654
20
0.5090307086614173
11
-0.3399166535433071
21
0.5089900393700787
0
LINE
8
BLACK
6
CONTINUOUS
10
-0.3399166535433071
20
0.5089900393700787
11
-0.3403901968503937
21
0.5089900393700787
0
LINE
8
BLACK
6
CONTINUOUS
10
-0.3403901968503937
20
0.5089900393700787
11
-0.3408620472440945
21
0.5089564960629921
0
LINE
8
BLACK
6
CONTINUOUS
10
-0.3408620472440945
20
0.5089564960629921
11
-0.3410095669291339
21
0.5089900393700787
0
LINE
8
BLACK
6
CONTINUOUS
10
-0.3410095669291339
20
0.5089900393700787
11
-0.341068779527559
21
0.5089900393700787
0
LINE
8
BLACK
6
CONTINUOUS
10
-0.341068779527559
20
0.5089900393700787
11
-0.3411408661417323
21
0.5090199212598425
0
LINE
8
BLACK
6
CONTINUOUS
10
-0.3411408661417323
20
0.5090199212598425
11
-0.3414264960629921
21
0.509084842519685
0
LINE
8
BLACK
6
CONTINUOUS
10
-0.3414264960629921
20
0.509084842519685
11
-0.3695479133858268
21
0.5184586614173228
0
LINE
8
BLACK
6
CONTINUOUS
10
-0.3695479133858268
20
0.5184586614173228
11
-0.3700764960629921
21
0.5186946456692914
0
LINE
8
BLACK
6
CONTINUOUS
10
-0.3700764960629921
20
0.5186946456692914
11
-0.3709468503937008
21
0.5194495275590552
0
LINE
8
BLACK
6
CONTINUOUS
10
-0.3709468503937008
20
0.5194495275590552
11
-0.3714620472440945
21
0.5204799606299213
0
LINE
8
BLACK
6
CONTINUOUS
10
-0.3714620472440945
20
0.5204799606299213
11
-0.3715437401574803
21
0.5216291732283465
0
LINE
8
BLACK
6
CONTINUOUS
10
-0.3715437401574803
20
0.5216291732283465
11
-0.3711794094488189
21
0.5227222047244094
0
LINE
8
BLACK
6
CONTINUOUS
10
-0.3711794094488189
20
0.5227222047244094
11
-0.3704245275590551
21
0.5235925590551181
0
LINE
8
BLACK
6
CONTINUOUS
10
-0.3704245275590551
20
0.5235925590551181
11
-0.369394094488189
21
0.5241077559055118
0
LINE
8
BLACK
6
CONTINUOUS
10
-0.369394094488189
20
0.5241077559055118
11
-0.3682448818897638
21
0.5241894488188976
0
LINE
8
BLACK
6
CONTINUOUS
10
-0.3682448818897638
20
0.5241894488188976
11
-0.3676804330708661
21
0.5240611023622047
0
LINE
8
BLACK
6
CONTINUOUS
10
-0.3676804330708661
20
0.5240611023622047
11
-0.3434454724409449
21
0.5159827952755905
0
LINE
8
BLACK
6
CONTINUOUS
10
-0.3434454724409449
20
0.5159827952755905
11
-0.3434454724409449
21
0.5276809448818898
0
LINE
8
BLACK
6
CONTINUOUS
10
-0.3434454724409449
20
0.5276809448818898
11
-0.353616062992126
21
0.5276809448818898
0
LINE
8
BLACK
6
CONTINUOUS
10
-0.353616062992126
20
0.5276809448818898
11
-0.354192125984252
21
0.5277376771653544
0
LINE
8
BLACK
6
CONTINUOUS
10
-0.354192125984252
20
0.5277376771653544
11
-0.3552565354330708
21
0.5281785826771653
0
LINE
8
BLACK
6
CONTINUOUS
10
-0.3552565354330708
20
0.5281785826771653
11
-0.3560711811023622
21
0.5289932283464567
0
LINE
8
BLACK
6
CONTINUOUS
10
-0.3560711811023622
20
0.5289932283464567
11
-0.3565120866141732
21
0.5300576377952756
0
LINE
8
BLACK
6
CONTINUOUS
10
-0.3565120866141732
20
0.5300576377952756
11
-0.3565120866141732
21
0.5312097637795276
0
LINE
8
BLACK
6
CONTINUOUS
10
-0.3565120866141732
20
0.5312097637795276
11
-0.3560711811023622
21
0.5322741732283465
0
LINE
8
BLACK
6
CONTINUOUS
10
-0.3560711811023622
20
0.5322741732283465
11
-0.3552565354330708
21
0.5330888188976378
0
LINE
8
BLACK
6
CONTINUOUS
10
-0.3552565354330708
20
0.5330888188976378
11
-0.354192125984252
21
0.5335297244094488
0
LINE
8
BLACK
6
CONTINUOUS
10
-0.354192125984252
20
0.5335297244094488
11
-0.353616062992126
21
0.5335864566929134
0
LINE
8
BLACK
6
CONTINUOUS
10
-0.353616062992126
20
0.5335864566929134
11
-0.3434454724409449
21
0.5335864566929134
0
LINE
8
BLACK
6
CONTINUOUS
10
-0.3434454724409449
20
0.5335864566929134
11
-0.3434454724409449
21
0.5362579921259842
0
LINE
8
BLACK
6
CONTINUOUS
10
-0.3434454724409449
20
0.5362579921259842
11
-0.3433887401574803
21
0.5368340551181102
0
LINE
8
BLACK
6
CONTINUOUS
10
-0.3433887401574803
20
0.5368340551181102
11
-0.3429478346456693
21
0.5378984645669291
0
LINE
8
BLACK
6
CONTINUOUS
10
-0.3429478346456693
20
0.5378984645669291
11
-0.342133188976378
21
0.5387131102362205
0
LINE
8
BLACK
6
CONTINUOUS
10
-0.342133188976378
20
0.5387131102362205
11
-0.341068779527559
21
0.5391540157480315
0
LINE
8
BLACK
6
CONTINUOUS
10
-0.341068779527559
20
0.5391540157480315
11
-0.3399166535433071
21
0.5391540157480315
0
LINE
8
BLACK
6
CONTINUOUS
10
-0.3399166535433071
20
0.5391540157480315
11
-0.3388522440944882
21
0.5387131102362205
0
LINE
8
BLACK
6
CONTINUOUS
10
1.0742711417322834
20
0.5368383464566929
11
1.0750857874015747
21
0.5360237007874016
0
LINE
8
BLACK
6
CONTINUOUS
10
1.0750857874015747
20
0.5360237007874016
11
1.0755266929133858
21
0.5349592913385827
0
LINE
8
BLACK
6
CONTINUOUS
10
1.0755266929133858
20
0.5349592913385827
11
1.0755834251968504
21
0.5343832283464567
0
LINE
8
BLACK
6
CONTINUOUS
10
1.0755834251968504
20
0.5343832283464567
11
1.0755834251968504
21
0.511886062992126
0
LINE
8
BLACK
6
CONTINUOUS
10
1.0755834251968504
20
0.511886062992126
11
1.0755266929133858
21
0.51131
0
LINE
8
BLACK
6
CONTINUOUS
10
1.0755266929133858
20
0.51131
11
1.0750857874015747
21
0.5102455905511811
0
LINE
8
BLACK
6
CONTINUOUS
10
1.0750857874015747
20
0.5102455905511811
11
1.0742711417322834
21
0.5094309448818898
0
LINE
8
BLACK
6
CONTINUOUS
10
1.0742711417322834
20
0.5094309448818898
11
1.0732067322834646
21
0.5089900393700787
0
LINE
8
BLACK
6
CONTINUOUS
10
1.0732067322834646
20
0.5089900393700787
11
1.0720546062992127
21
0.5089900393700787
0
LINE
8
BLACK
6
CONTINUOUS
10
1.0720546062992127
20
0.5089900393700787
11
1.0709901968503936
21
0.5094309448818898
0
LINE
8
BLACK
6
CONTINUOUS
10
1.0709901968503936
20
0.5094309448818898
11
1.0701755511811024
21
0.5102455905511811
0
LINE
8
BLACK
6
CONTINUOUS
10
1.0701755511811024
20
0.5102455905511811
11
1.0697346456692913
21
0.51131
0
LINE
8
BLACK
6
CONTINUOUS
10
1.0697346456692913
20
0.51131
11
1.0696779133858267
21
0.511886062992126
0
LINE
8
BLACK
6
CONTINUOUS
10
1.0696779133858267
20
0.511886062992126
11
1.0696779133858267
21
0.5201818897637795
0
LINE
8
BLACK
6
CONTINUOUS
10
1.0696779133858267
20
0.5201818897637795
11
1.0422639370078739
21
0.5201818897637795
0
LINE
8
BLACK
6
CONTINUOUS
10
1.0422639370078739
20
0.5201818897637795
11
1.0447223228346456
21
0.5177235039370078
0
LINE
8
BLACK
6
CONTINUOUS
10
1.0447223228346456
20
0.5177235039370078
11
1.0449081496062993
21
0.5174971259842519
0
LINE
8
BLACK
6
CONTINUOUS
10
1.0449081496062993
20
0.5174971259842519
11
1.0449670866141731
21
0.5174459842519685
0
LINE
8
BLACK
6
CONTINUOUS
10
1.0449670866141731
20
0.5174459842519685
11
1.0450229527559054
21
0.5173572440944881
0
LINE
8
BLACK
6
CONTINUOUS
10
1.0450229527559054
20
0.5173572440944881
11
1.0450895669291338
21
0.5172760629921259
0
LINE
8
BLACK
6
CONTINUOUS
10
1.0450895669291338
20
0.5172760629921259
11
1.045119409448819
21
0.517203937007874
0
LINE
8
BLACK
6
CONTINUOUS
10
1.045119409448819
20
0.517203937007874
11
1.045275433070866
21
0.5169561023622047
0
LINE
8
BLACK
6
CONTINUOUS
10
1.045275433070866
20
0.5169561023622047
11
1.0471501968503936
21
0.5132065748031496
0
LINE
8
BLACK
6
CONTINUOUS
10
1.0471501968503936
20
0.5132065748031496
11
1.0473570866141733
21
0.5126659842519685
0
LINE
8
BLACK
6
CONTINUOUS
10
1.0473570866141733
20
0.5126659842519685
11
1.0474387401574803
21
0.5115167716535433
0
LINE
8
BLACK
6
CONTINUOUS
10
1.0474387401574803
20
0.5115167716535433
11
1.0470744094488189
21
0.510423779527559
0
LINE
8
BLACK
6
CONTINUOUS
10
1.0470744094488189
20
0.510423779527559
11
1.0463195669291339
21
0.5095534251968504
0
LINE
8
BLACK
6
CONTINUOUS
10
1.0463195669291339
20
0.5095534251968504
11
1.0452890551181102
21
0.5090381496062992
0
LINE
8
BLACK
6
CONTINUOUS
10
1.0452890551181102
20
0.5090381496062992
11
1.0441398425196851
21
0.5089564960629921
0
LINE
8
BLACK
6
CONTINUOUS
10
1.0441398425196851
20
0.5089564960629921
11
1.0430468897637795
21
0.5093208267716536
0
LINE
8
BLACK
6
CONTINUOUS
10
1.0430468897637795
20
0.5093208267716536
11
1.042176496062992
21
0.5100756692913385
0
LINE
8
BLACK
6
CONTINUOUS
10
1.042176496062992
20
0.5100756692913385
11
1.0418681496062991
21
0.5105655511811024
0
LINE
8
BLACK
6
CONTINUOUS
10
1.0418681496062991
20
0.5105655511811024
11
1.0402076771653543
21
0.5138864960629921
0
LINE
8
BLACK
6
CONTINUOUS
10
1.0402076771653543
20
0.5138864960629921
11
1.0370037007874016
21
0.5170904724409449
0
LINE
8
BLACK
6
CONTINUOUS
10
1.0370037007874016
20
0.5170904724409449
11
1.0316226771653543
21
0.5206777952755905
0
LINE
8
BLACK
6
CONTINUOUS
10
1.0316226771653543
20
0.5206777952755905
11
1.0316209842519686
21
0.5206791732283464
0
LINE
8
BLACK
6
CONTINUOUS
10
1.0316209842519686
20
0.5206791732283464
11
1.0316201181102362
21
0.5206795275590551
0
LINE
8
BLACK
6
CONTINUOUS
10
1.0316201181102362
20
0.5206795275590551
11
1.0316180708661418
21
0.5206815748031496
0
LINE
8
BLACK
6
CONTINUOUS
10
1.0316180708661418
20
0.5206815748031496
11
1.0311748425196849
21
0.5210445669291338
0
LINE
8
BLACK
6
CONTINUOUS
10
1.0311748425196849
20
0.5210445669291338
11
1.0310121653543307
21
0.5212874803149606
0
LINE
8
BLACK
6
CONTINUOUS
10
1.0310121653543307
20
0.5212874803149606
11
1.0308054724409448
21
0.5214941732283465
0
LINE
8
BLACK
6
CONTINUOUS
10
1.0308054724409448
20
0.5214941732283465
11
1.0306947244094489
21
0.5217614960629922
0
LINE
8
BLACK
6
CONTINUOUS
10
1.0306947244094489
20
0.5217614960629922
11
1.0305337795275591
21
0.5220018503937007
0
LINE
8
BLACK
6
CONTINUOUS
10
1.0305337795275591
20
0.5220018503937007
11
1.0304764173228347
21
0.5222885039370079
0
LINE
8
BLACK
6
CONTINUOUS
10
1.0304764173228347
20
0.5222885039370079
11
1.0303645669291339
21
0.5225585826771654
0
LINE
8
BLACK
6
CONTINUOUS
10
1.0303645669291339
20
0.5225585826771654
11
1.0303645669291339
21
0.5228479133858268
0
LINE
8
BLACK
6
CONTINUOUS
10
1.0303645669291339
20
0.5228479133858268
11
1.0303078346456693
21
0.5231315354330709
0
LINE
8
BLACK
6
CONTINUOUS
10
1.0303078346456693
20
0.5231315354330709
11
1.0303645669291339
21
0.5234183464566929
0
LINE
8
BLACK
6
CONTINUOUS
10
1.0303645669291339
20
0.5234183464566929
11
1.0303645669291339
21
0.5237107086614173
0
LINE
8
BLACK
6
CONTINUOUS
10
1.0303645669291339
20
0.5237107086614173
11
1.0304752755905511
21
0.5239779921259843
0
LINE
8
BLACK
6
CONTINUOUS
10
1.0304752755905511
20
0.5239779921259843
11
1.0305314173228346
21
0.5242617716535433
0
LINE
8
BLACK
6
CONTINUOUS
10
1.0305314173228346
20
0.5242617716535433
11
1.0306935826771653
21
0.5245050393700788
0
LINE
8
BLACK
6
CONTINUOUS
10
1.0306935826771653
20
0.5245050393700788
11
1.0308054724409448
21
0.5247751181102362
0
LINE
8
BLACK
6
CONTINUOUS
10
1.0308054724409448
20
0.5247751181102362
11
1.03101
21
0.5249796850393701
0
LINE
8
BLACK
6
CONTINUOUS
10
1.03101
20
0.5249796850393701
11
1.0311705118110237
21
0.5252203937007874
0
LINE
8
BLACK
6
CONTINUOUS
10
1.0311705118110237
20
0.5252203937007874
11
1.0314133858267716
21
0.5253830708661417
0
LINE
8
BLACK
6
CONTINUOUS
10
1.0314133858267716
20
0.5253830708661417
11
1.0316201181102362
21
0.5255897637795276
0
LINE
8
BLACK
6
CONTINUOUS
10
1.0316201181102362
20
0.5255897637795276
11
1.0318874015748032
21
0.5257005118110236
0
LINE
8
BLACK
6
CONTINUOUS
10
1.0318874015748032
20
0.5257005118110236
11
1.0321277952755905
21
0.5258614566929134
0
LINE
8
BLACK
6
CONTINUOUS
10
1.0321277952755905
20
0.5258614566929134
11
1.0324144094488188
21
0.5259188188976378
0
LINE
8
BLACK
6
CONTINUOUS
10
1.0324144094488188
20
0.5259188188976378
11
1.032684527559055
21
0.5260306692913386
0
LINE
8
BLACK
6
CONTINUOUS
10
1.032684527559055
20
0.5260306692913386
11
1.0332544488188977
21
0.526086811023622
0
LINE
8
BLACK
6
CONTINUOUS
10
1.0332544488188977
20
0.526086811023622
11
1.0332574803149606
21
0.5260874015748032
0
LINE
8
BLACK
6
CONTINUOUS
10
1.0332574803149606
20
0.5260874015748032
11
1.0332585039370079
21
0.5260872047244094
0
LINE
8
BLACK
6
CONTINUOUS
10
1.0332585039370079
20
0.5260872047244094
11
1.0332605905511811
21
0.5260874015748032
0
LINE
8
BLACK
6
CONTINUOUS
10
1.0332605905511811
20
0.5260874015748032
11
1.0696779133858267
21
0.5260874015748032
0
LINE
8
BLACK
6
CONTINUOUS
10
1.0696779133858267
20
0.5260874015748032
11
1.0696779133858267
21
0.5343832283464567
0
LINE
8
BLACK
6
CONTINUOUS
10
1.0696779133858267
20
0.5343832283464567
11
1.0697346456692913
21
0.5349592913385827
0
LINE
8
BLACK
6
CONTINUOUS
10
1.0697346456692913
20
0.5349592913385827
11
1.0701755511811024
21
0.5360237007874016
0
LINE
8
BLACK
6
CONTINUOUS
10
1.0701755511811024
20
0.5360237007874016
11
1.0709901968503936
21
0.5368383464566929
0
LINE
8
BLACK
6
CONTINUOUS
10
1.0709901968503936
20
0.5368383464566929
11
1.0720546062992127
21
0.5372792519685039
0
LINE
8
BLACK
6
CONTINUOUS
10
1.0720546062992127
20
0.5372792519685039
11
1.0732067322834646
21
0.5372792519685039
0
LINE
8
BLACK
6
CONTINUOUS
10
1.0732067322834646
20
0.5372792519685039
11
1.0742711417322834
21
0.5368383464566929
0
LINE
8
BLACK
6
CONTINUOUS
10
1.0657076377952757
20
0.5747745669291339
11
1.0658056299212597
21
0.5747339763779528
0
LINE
8
BLACK
6
CONTINUOUS
10
1.0658056299212597
20
0.5747339763779528
11
1.0659114566929133
21
0.5747264566929133
0
LINE
8
BLACK
6
CONTINUOUS
10
1.0659114566929133
20
0.5747264566929133
11
1.0664520866141731
21
0.5745195669291339
0
LINE
8
BLACK
6
CONTINUOUS
10
1.0664520866141731
20
0.5745195669291339
11
1.0702016141732282
21
0.5726448031496063
0
LINE
8
BLACK
6
CONTINUOUS
10
1.0702016141732282
20
0.5726448031496063
11
1.0704494881889763
21
0.5724887795275591
0
LINE
8
BLACK
6
CONTINUOUS
10
1.0704494881889763
20
0.5724887795275591
11
1.0705215354330708
21
0.572458937007874
0
LINE
8
BLACK
6
CONTINUOUS
10
1.0705215354330708
20
0.572458937007874
11
1.070602559055118
21
0.5723924409448818
0
LINE
8
BLACK
6
CONTINUOUS
10
1.070602559055118
20
0.5723924409448818
11
1.0706914960629921
21
0.5723364566929133
0
LINE
8
BLACK
6
CONTINUOUS
10
1.0706914960629921
20
0.5723364566929133
11
1.0707426377952756
21
0.5722774803149606
0
LINE
8
BLACK
6
CONTINUOUS
10
1.0707426377952756
20
0.5722774803149606
11
1.0709689763779526
21
0.5720917322834645
0
LINE
8
BLACK
6
CONTINUOUS
10
1.0709689763779526
20
0.5720917322834645
11
1.0728437795275589
21
0.570216968503937
0
LINE
8
BLACK
6
CONTINUOUS
10
1.0728437795275589
20
0.570216968503937
11
1.0730295275590551
21
0.5699906299212598
0
LINE
8
BLACK
6
CONTINUOUS
10
1.0730295275590551
20
0.5699906299212598
11
1.0730885826771652
21
0.5699394094488189
0
LINE
8
BLACK
6
CONTINUOUS
10
1.0730885826771652
20
0.5699394094488189
11
1.0731445669291337
21
0.5698504724409449
0
LINE
8
BLACK
6
CONTINUOUS
10
1.0731445669291337
20
0.5698504724409449
11
1.0732110236220471
21
0.5697694881889763
0
LINE
8
BLACK
6
CONTINUOUS
10
1.0732110236220471
20
0.5697694881889763
11
1.0732408267716536
21
0.5696975590551181
0
LINE
8
BLACK
6
CONTINUOUS
10
1.0732408267716536
20
0.5696975590551181
11
1.0733969291338583
21
0.5694495275590551
0
LINE
8
BLACK
6
CONTINUOUS
10
1.0733969291338583
20
0.5694495275590551
11
1.0752716929133859
21
0.5657
0
LINE
8
BLACK
6
CONTINUOUS
10
1.0752716929133859
20
0.5657
11
1.0754785826771653
21
0.5651594094488189
0
LINE
8
BLACK
6
CONTINUOUS
10
1.0754785826771653
20
0.5651594094488189
11
1.0754861023622047
21
0.5650535433070866
0
LINE
8
BLACK
6
CONTINUOUS
10
1.0754861023622047
20
0.5650535433070866
11
1.0755266929133858
21
0.5649555511811023
0
LINE
8
BLACK
6
CONTINUOUS
10
1.0755266929133858
20
0.5649555511811023
11
1.0755834251968504
21
0.5643794881889763
0
LINE
8
BLACK
6
CONTINUOUS
10
1.0755834251968504
20
0.5643794881889763
11
1.0755834251968504
21
0.553130905511811
0
LINE
8
BLACK
6
CONTINUOUS
10
1.0755834251968504
20
0.553130905511811
11
1.0755266929133858
21
0.552554842519685
0
LINE
8
BLACK
6
CONTINUOUS
10
1.0755266929133858
20
0.552554842519685
11
1.0754861023622047
21
0.5524568897637795
0
LINE
8
BLACK
6
CONTINUOUS
10
1.0754861023622047
20
0.5524568897637795
11
1.0754785826771653
21
0.5523509842519685
0
LINE
8
BLACK
6
CONTINUOUS
10
1.0754785826771653
20
0.5523509842519685
11
1.0752716929133859
21
0.5518103937007874
0
LINE
8
BLACK
6
CONTINUOUS
10
1.0752716929133859
20
0.5518103937007874
11
1.0733969291338583
21
0.5480608661417322
0
LINE
8
BLACK
6
CONTINUOUS
10
1.0733969291338583
20
0.5480608661417322
11
1.0732408267716536
21
0.547812874015748
0
LINE
8
BLACK
6
CONTINUOUS
10
1.0732408267716536
20
0.547812874015748
11
1.0732110236220471
21
0.547740905511811
0
LINE
8
BLACK
6
CONTINUOUS
10
1.0732110236220471
20
0.547740905511811
11
1.0731445669291337
21
0.5476599606299213
0
LINE
8
BLACK
6
CONTINUOUS
10
1.0731445669291337
20
0.5476599606299213
11
1.0730885826771652
21
0.5475709842519685
0
LINE
8
BLACK
6
CONTINUOUS
10
1.0730885826771652
20
0.5475709842519685
11
1.0730295275590551
21
0.5475198031496062
0
LINE
8
BLACK
6
CONTINUOUS
10
1.0730295275590551
20
0.5475198031496062
11
1.0728437795275589
21
0.5472934251968504
0
LINE
8
BLACK
6
CONTINUOUS
10
1.0728437795275589
20
0.5472934251968504
11
1.0709689763779526
21
0.5454186614173229
0
LINE
8
BLACK
6
CONTINUOUS
10
1.0709689763779526
20
0.5454186614173229
11
1.0705215354330708
21
0.5450514566929133
0
LINE
8
BLACK
6
CONTINUOUS
10
1.0705215354330708
20
0.5450514566929133
11
1.069457125984252
21
0.5446105905511811
0
LINE
8
BLACK
6
CONTINUOUS
10
1.069457125984252
20
0.5446105905511811
11
1.0683050393700788
21
0.5446105905511811
0
LINE
8
BLACK
6
CONTINUOUS
10
1.0683050393700788
20
0.5446105905511811
11
1.0672406299212598
21
0.5450514960629921
0
LINE
8
BLACK
6
CONTINUOUS
10
1.0672406299212598
20
0.5450514960629921
11
1.0664259448818898
21
0.5458661811023622
0
LINE
8
BLACK
6
CONTINUOUS
10
1.0664259448818898
20
0.5458661811023622
11
1.0659850787401575
21
0.5469305905511811
0
LINE
8
BLACK
6
CONTINUOUS
10
1.0659850787401575
20
0.5469305905511811
11
1.0659850787401575
21
0.5480826771653543
0
LINE
8
BLACK
6
CONTINUOUS
10
1.0659850787401575
20
0.5480826771653543
11
1.0664259842519686
21
0.5491470866141732
0
LINE
8
BLACK
6
CONTINUOUS
10
1.0664259842519686
20
0.5491470866141732
11
1.0667932283464567
21
0.5495945669291339
0
LINE
8
BLACK
6
CONTINUOUS
10
1.0667932283464567
20
0.5495945669291339
11
1.0683291732283464
21
0.5511305118110236
0
LINE
8
BLACK
6
CONTINUOUS
10
1.0683291732283464
20
0.5511305118110236
11
1.0696779133858267
21
0.5538279527559055
0
LINE
8
BLACK
6
CONTINUOUS
10
1.0696779133858267
20
0.5538279527559055
11
1.0696779133858267
21
0.5636824409448818
0
LINE
8
BLACK
6
CONTINUOUS
10
1.0696779133858267
20
0.5636824409448818
11
1.0683291732283464
21
0.5663799212598425
0
LINE
8
BLACK
6
CONTINUOUS
10
1.0683291732283464
20
0.5663799212598425
11
1.0671320078740156
21
0.5675770472440945
0
LINE
8
BLACK
6
CONTINUOUS
10
1.0671320078740156
20
0.5675770472440945
11
1.064434527559055
21
0.5689257874015748
0
LINE
8
BLACK
6
CONTINUOUS
10
1.064434527559055
20
0.5689257874015748
11
1.0564548031496064
21
0.5689257874015748
0
LINE
8
BLACK
6
CONTINUOUS
10
1.0564548031496064
20
0.5689257874015748
11
1.0537573228346457
21
0.5675770472440945
0
LINE
8
BLACK
6
CONTINUOUS
10
1.0537573228346457
20
0.5675770472440945
11
1.0525601968503937
21
0.5663799212598425
0
LINE
8
BLACK
6
CONTINUOUS
10
1.0525601968503937
20
0.5663799212598425
11
1.0512114566929134
21
0.5636824409448818
0
LINE
8
BLACK
6
CONTINUOUS
10
1.0512114566929134
20
0.5636824409448818
11
1.0512114566929134
21
0.5587551968503937
0
LINE
8
BLACK
6
CONTINUOUS
10
1.0512114566929134
20
0.5587551968503937
11
1.0511814173228347
21
0.5584505511811023
0
LINE
8
BLACK
6
CONTINUOUS
10
1.0511814173228347
20
0.5584505511811023
11
1.0511866141732282
21
0.5583730708661417
0
LINE
8
BLACK
6
CONTINUOUS
10
1.0511866141732282
20
0.5583730708661417
11
1.0511685433070865
21
0.5583197244094488
0
LINE
8
BLACK
6
CONTINUOUS
10
1.0511685433070865
20
0.5583197244094488
11
1.0511547244094488
21
0.5581791338582677
0
LINE
8
BLACK
6
CONTINUOUS
10
1.0511547244094488
20
0.5581791338582677
11
1.0509711023622046
21
0.5577359448818897
0
LINE
8
BLACK
6
CONTINUOUS
10
1.0509711023622046
20
0.5577359448818897
11
1.0508175196850393
21
0.5572816929133858
0
LINE
8
BLACK
6
CONTINUOUS
10
1.0508175196850393
20
0.5572816929133858
11
1.0507519291338583
21
0.5572067322834645
0
LINE
8
BLACK
6
CONTINUOUS
10
1.0507519291338583
20
0.5572067322834645
11
1.0507138188976377
21
0.5571147244094488
0
LINE
8
BLACK
6
CONTINUOUS
10
1.0507138188976377
20
0.5571147244094488
11
1.0503748031496063
21
0.5567757480314961
0
LINE
8
BLACK
6
CONTINUOUS
10
1.0503748031496063
20
0.5567757480314961
11
1.0500588582677166
21
0.5564146062992126
0
LINE
8
BLACK
6
CONTINUOUS
10
1.0500588582677166
20
0.5564146062992126
11
1.0499694881889763
21
0.5563704330708661
0
LINE
8
BLACK
6
CONTINUOUS
10
1.0499694881889763
20
0.5563704330708661
11
1.0498991732283465
21
0.5563000787401575
0
LINE
8
BLACK
6
CONTINUOUS
10
1.0498991732283465
20
0.5563000787401575
11
1.0494562204724409
21
0.5561166141732283
0
LINE
8
BLACK
6
CONTINUOUS
10
1.0494562204724409
20
0.5561166141732283
11
1.0490261023622047
21
0.5559038976377952
0
LINE
8
BLACK
6
CONTINUOUS
10
1.0490261023622047
20
0.5559038976377952
11
1.0489267322834646
21
0.5558972834645669
0
LINE
8
BLACK
6
CONTINUOUS
10
1.0489267322834646
20
0.5558972834645669
11
1.0488347637795274
21
0.5558591732283464
0
LINE
8
BLACK
6
CONTINUOUS
10
1.0488347637795274
20
0.5558591732283464
11
1.0483550393700787
21
0.5558591732283464
0
LINE
8
BLACK
6
CONTINUOUS
10
1.0483550393700787
20
0.5558591732283464
11
1.0478765748031496
21
0.5558272834645669
0
LINE
8
BLACK
6
CONTINUOUS
10
1.0478765748031496
20
0.5558272834645669
11
1.0477822834645669
21
0.5558591732283464
0
LINE
8
BLACK
6
CONTINUOUS
10
1.0477822834645669
20
0.5558591732283464
11
1.0476826377952755
21
0.5558591732283464
0
LINE
8
BLACK
6
CONTINUOUS
10
1.0476826377952755
20
0.5558591732283464
11
1.0472394094488189
21
0.5560427952755905
0
LINE
8
BLACK
6
CONTINUOUS
10
1.0472394094488189
20
0.5560427952755905
11
1.0467851968503936
21
0.5561963779527559
0
LINE
8
BLACK
6
CONTINUOUS
10
1.0467851968503936
20
0.5561963779527559
11
1.0466703149606298
21
0.5562785039370078
0
LINE
8
BLACK
6
CONTINUOUS
10
1.0466703149606298
20
0.5562785039370078
11
1.0466182283464567
21
0.5563000787401575
0
LINE
8
BLACK
6
CONTINUOUS
10
1.0466182283464567
20
0.5563000787401575
11
1.0465632677165355
21
0.5563550393700787
0
LINE
8
BLACK
6
CONTINUOUS
10
1.0465632677165355
20
0.5563550393700787
11
1.0463142913385826
21
0.5565330314960629
0
LINE
8
BLACK
6
CONTINUOUS
10
1.0463142913385826
20
0.5565330314960629
11
1.0362133464566929
21
0.5653713779527559
0
LINE
8
BLACK
6
CONTINUOUS
10
1.0362133464566929
20
0.5653713779527559
11
1.0362133464566929
21
0.5475066141732283
0
LINE
8
BLACK
6
CONTINUOUS
10
1.0362133464566929
20
0.5475066141732283
11
1.0361566141732284
21
0.5469305511811023
0
LINE
8
BLACK
6
CONTINUOUS
10
1.0361566141732284
20
0.5469305511811023
11
1.0357157086614173
21
0.5458661417322834
0
LINE
8
BLACK
6
CONTINUOUS
10
1.0357157086614173
20
0.5458661417322834
11
1.034901062992126
21
0.5450514960629921
0
LINE
8
BLACK
6
CONTINUOUS
10
1.034901062992126
20
0.5450514960629921
11
1.033836653543307
21
0.5446105905511811
0
LINE
8
BLACK
6
CONTINUOUS
10
1.033836653543307
20
0.5446105905511811
11
1.032684527559055
21
0.5446105905511811
0
LINE
8
BLACK
6
CONTINUOUS
10
1.032684527559055
20
0.5446105905511811
11
1.0316201181102362
21
0.5450514960629921
0
LINE
8
BLACK
6
CONTINUOUS
10
1.0316201181102362
20
0.5450514960629921
11
1.0308054724409448
21
0.5458661417322834
0
LINE
8
BLACK
6
CONTINUOUS
10
1.0308054724409448
20
0.5458661417322834
11
1.0303645669291339
21
0.5469305511811023
0
LINE
8
BLACK
6
CONTINUOUS
10
1.0303645669291339
20
0.5469305511811023
11
1.0303078346456693
21
0.5475066141732283
0
LINE
8
BLACK
6
CONTINUOUS
10
1.0303078346456693
20
0.5475066141732283
11
1.0303078346456693
21
0.5718785433070867
0
LINE
8
BLACK
6
CONTINUOUS
10
1.0303078346456693
20
0.5718785433070867
11
1.0303378346456693
21
0.5721832283464566
0
LINE
8
BLACK
6
CONTINUOUS
10
1.0303378346456693
20
0.5721832283464566
11
1.0303326771653543
21
0.5722606692913386
0
LINE
8
BLACK
6
CONTINUOUS
10
1.0303326771653543
20
0.5722606692913386
11
1.0303507086614172
21
0.5723140551181102
0
LINE
8
BLACK
6
CONTINUOUS
10
1.0303507086614172
20
0.5723140551181102
11
1.0303645669291339
21
0.5724546062992126
0
LINE
8
BLACK
6
CONTINUOUS
10
1.0303645669291339
20
0.5724546062992126
11
1.0305481496062991
21
0.5728978346456692
0
LINE
8
BLACK
6
CONTINUOUS
10
1.0305481496062991
20
0.5728978346456692
11
1.0307017716535434
21
0.5733520472440945
0
LINE
8
BLACK
6
CONTINUOUS
10
1.0307017716535434
20
0.5733520472440945
11
1.0307673228346457
21
0.5734270472440944
0
LINE
8
BLACK
6
CONTINUOUS
10
1.0307673228346457
20
0.5734270472440944
11
1.0308054724409448
21
0.5735190157480314
0
LINE
8
BLACK
6
CONTINUOUS
10
1.0308054724409448
20
0.5735190157480314
11
1.0311444488188977
21
0.573858031496063
0
LINE
8
BLACK
6
CONTINUOUS
10
1.0311444488188977
20
0.573858031496063
11
1.0314604330708661
21
0.5742191338582677
0
LINE
8
BLACK
6
CONTINUOUS
10
1.0314604330708661
20
0.5742191338582677
11
1.0315497637795275
21
0.5742633464566929
0
LINE
8
BLACK
6
CONTINUOUS
10
1.0315497637795275
20
0.5742633464566929
11
1.0316201181102362
21
0.5743336614173228
0
LINE
8
BLACK
6
CONTINUOUS
10
1.0316201181102362
20
0.5743336614173228
11
1.032063031496063
21
0.5745171653543307
0
LINE
8
BLACK
6
CONTINUOUS
10
1.032063031496063
20
0.5745171653543307
11
1.032493188976378
21
0.5747298425196851
0
LINE
8
BLACK
6
CONTINUOUS
10
1.032493188976378
20
0.5747298425196851
11
1.0325925196850394
21
0.5747364960629922
0
LINE
8
BLACK
6
CONTINUOUS
10
1.0325925196850394
20
0.5747364960629922
11
1.032684527559055
21
0.5747745669291339
0
LINE
8
BLACK
6
CONTINUOUS
10
1.032684527559055
20
0.5747745669291339
11
1.0331642519685038
21
0.5747745669291339
0
LINE
8
BLACK
6
CONTINUOUS
10
1.0331642519685038
20
0.5747745669291339
11
1.0336427165354329
21
0.5748064566929134
0
LINE
8
BLACK
6
CONTINUOUS
10
1.0336427165354329
20
0.5748064566929134
11
1.0337370078740158
21
0.5747745669291339
0
LINE
8
BLACK
6
CONTINUOUS
10
1.0337370078740158
20
0.5747745669291339
11
1.033836653543307
21
0.5747745669291339
0
LINE
8
BLACK
6
CONTINUOUS
10
1.033836653543307
20
0.5747745669291339
11
1.0342798425196851
21
0.5745909842519685
0
LINE
8
BLACK
6
CONTINUOUS
10
1.0342798425196851
20
0.5745909842519685
11
1.0347340944881889
21
0.5744373622047244
0
LINE
8
BLACK
6
CONTINUOUS
10
1.0347340944881889
20
0.5744373622047244
11
1.0348489370078739
21
0.5743552755905512
0
LINE
8
BLACK
6
CONTINUOUS
10
1.0348489370078739
20
0.5743552755905512
11
1.034901062992126
21
0.5743336614173228
0
LINE
8
BLACK
6
CONTINUOUS
10
1.034901062992126
20
0.5743336614173228
11
1.0349559842519684
21
0.5742787401574803
0
LINE
8
BLACK
6
CONTINUOUS
10
1.0349559842519684
20
0.5742787401574803
11
1.0352049999999999
21
0.5741007086614173
0
LINE
8
BLACK
6
CONTINUOUS
10
1.0352049999999999
20
0.5741007086614173
11
1.0454140157480314
21
0.5651678346456693
0
LINE
8
BLACK
6
CONTINUOUS
10
1.0454140157480314
20
0.5651678346456693
11
1.0456176771653543
21
0.5657
0
LINE
8
BLACK
6
CONTINUOUS
10
1.0456176771653543
20
0.5657
11
1.0474924409448818
21
0.5694495275590551
0
LINE
8
BLACK
6
CONTINUOUS
10
1.0474924409448818
20
0.5694495275590551
11
1.0476485039370078
21
0.5696975590551181
0
LINE
8
BLACK
6
CONTINUOUS
10
1.0476485039370078
20
0.5696975590551181
11
1.047678346456693
21
0.5697694881889763
0
LINE
8
BLACK
6
CONTINUOUS
10
1.047678346456693
20
0.5697694881889763
11
1.0477448031496064
21
0.5698504724409449
0
LINE
8
BLACK
6
CONTINUOUS
10
1.0477448031496064
20
0.5698504724409449
11
1.0478007874015747
21
0.5699394094488189
0
LINE
8
BLACK
6
CONTINUOUS
10
1.0478007874015747
20
0.5699394094488189
11
1.0478597637795275
21
0.5699905905511811
0
LINE
8
BLACK
6
CONTINUOUS
10
1.0478597637795275
20
0.5699905905511811
11
1.0480455511811024
21
0.5702169291338582
0
LINE
8
BLACK
6
CONTINUOUS
10
1.0480455511811024
20
0.5702169291338582
11
1.04992031496063
21
0.5720916929133858
0
LINE
8
BLACK
6
CONTINUOUS
10
1.04992031496063
20
0.5720916929133858
11
1.0501466535433071
21
0.5722774803149606
0
LINE
8
BLACK
6
CONTINUOUS
10
1.0501466535433071
20
0.5722774803149606
11
1.0501978346456693
21
0.5723364566929133
0
LINE
8
BLACK
6
CONTINUOUS
10
1.0501978346456693
20
0.5723364566929133
11
1.0502867716535433
21
0.5723924409448818
0
LINE
8
BLACK
6
CONTINUOUS
10
1.0502867716535433
20
0.5723924409448818
11
1.0503677559055118
21
0.5724588976377952
0
LINE
8
BLACK
6
CONTINUOUS
10
1.0503677559055118
20
0.5724588976377952
11
1.05043968503937
21
0.5724887401574803
0
LINE
8
BLACK
6
CONTINUOUS
10
1.05043968503937
20
0.5724887401574803
11
1.0506877165354331
21
0.5726448031496063
0
LINE
8
BLACK
6
CONTINUOUS
10
1.0506877165354331
20
0.5726448031496063
11
1.0544372440944882
21
0.5745195669291339
0
LINE
8
BLACK
6
CONTINUOUS
10
1.0544372440944882
20
0.5745195669291339
11
1.0549778346456693
21
0.5747264566929133
0
LINE
8
BLACK
6
CONTINUOUS
10
1.0549778346456693
20
0.5747264566929133
11
1.0550837007874017
21
0.5747340157480315
0
LINE
8
BLACK
6
CONTINUOUS
10
1.0550837007874017
20
0.5747340157480315
11
1.0551816929133857
21
0.5747745669291339
0
LINE
8
BLACK
6
CONTINUOUS
10
1.0551816929133857
20
0.5747745669291339
11
1.0557577559055118
21
0.5748312992125985
0
LINE
8
BLACK
6
CONTINUOUS
10
1.0557577559055118
20
0.5748312992125985
11
1.0651315748031496
21
0.5748312992125985
0
LINE
8
BLACK
6
CONTINUOUS
10
1.0651315748031496
20
0.5748312992125985
11
1.0657076377952757
21
0.5747745669291339
0
LINE
8
BLACK
6
CONTINUOUS
10
-0.3567895275590551
20
0.5747745669291339
11
-0.3566915354330709
21
0.5747339763779528
0
LINE
8
BLACK
6
CONTINUOUS
10
-0.3566915354330709
20
0.5747339763779528
11
-0.3565857086614173
21
0.5747264566929133
0
LINE
8
BLACK
6
CONTINUOUS
10
-0.3565857086614173
20
0.5747264566929133
11
-0.3560450787401575
21
0.5745195669291339
0
LINE
8
BLACK
6
CONTINUOUS
10
-0.3560450787401575
20
0.5745195669291339
11
-0.3522955511811023
21
0.5726448031496063
0
LINE
8
BLACK
6
CONTINUOUS
10
-0.3522955511811023
20
0.5726448031496063
11
-0.3520475590551181
21
0.5724887401574803
0
LINE
8
BLACK
6
CONTINUOUS
10
-0.3520475590551181
20
0.5724887401574803
11
-0.3519755905511811
21
0.5724588976377952
0
LINE
8
BLACK
6
CONTINUOUS
10
-0.3519755905511811
20
0.5724588976377952
11
-0.3518946456692914
21
0.5723924409448818
0
LINE
8
BLACK
6
CONTINUOUS
10
-0.3518946456692914
20
0.5723924409448818
11
-0.3518056692913386
21
0.5723364566929133
0
LINE
8
BLACK
6
CONTINUOUS
10
-0.3518056692913386
20
0.5723364566929133
11
-0.3517545275590551
21
0.5722774803149606
0
LINE
8
BLACK
6
CONTINUOUS
10
-0.3517545275590551
20
0.5722774803149606
11
-0.3515281496062992
21
0.5720916929133858
0
LINE
8
BLACK
6
CONTINUOUS
10
-0.3515281496062992
20
0.5720916929133858
11
-0.3498665354330708
21
0.5704300787401575
0
LINE
8
BLACK
6
CONTINUOUS
10
-0.3498665354330708
20
0.5704300787401575
11
-0.3482049212598425
21
0.5720916929133858
0
LINE
8
BLACK
6
CONTINUOUS
10
-0.3482049212598425
20
0.5720916929133858
11
-0.3479785826771654
21
0.5722774803149606
0
LINE
8
BLACK
6
CONTINUOUS
10
-0.3479785826771654
20
0.5722774803149606
11
-0.3479274015748031
21
0.5723364566929133
0
LINE
8
BLACK
6
CONTINUOUS
10
-0.3479274015748031
20
0.5723364566929133
11
-0.3478384645669291
21
0.5723924409448818
0
LINE
8
BLACK
6
CONTINUOUS
10
-0.3478384645669291
20
0.5723924409448818
11
-0.3477574803149606
21
0.5724588976377952
0
LINE
8
BLACK
6
CONTINUOUS
10
-0.3477574803149606
20
0.5724588976377952
11
-0.3476855511811023
21
0.5724887401574803
0
LINE
8
BLACK
6
CONTINUOUS
10
-0.3476855511811023
20
0.5724887401574803
11
-0.3474375196850394
21
0.5726448031496063
0
LINE
8
BLACK
6
CONTINUOUS
10
-0.3474375196850394
20
0.5726448031496063
11
-0.3436879921259842
21
0.5745195669291339
0
LINE
8
BLACK
6
CONTINUOUS
10
-0.3436879921259842
20
0.5745195669291339
11
-0.3431474015748032
21
0.5747264566929133
0
LINE
8
BLACK
6
CONTINUOUS
10
-0.3431474015748032
20
0.5747264566929133
11
-0.3430415354330709
21
0.5747340157480315
0
LINE
8
BLACK
6
CONTINUOUS
10
-0.3430415354330709
20
0.5747340157480315
11
-0.3429435433070866
21
0.5747745669291339
0
LINE
8
BLACK
6
CONTINUOUS
10
-0.3429435433070866
20
0.5747745669291339
11
-0.3423674803149606
21
0.5748312992125985
0
LINE
8
BLACK
6
CONTINUOUS
10
-0.3423674803149606
20
0.5748312992125985
11
-0.3348684251968504
21
0.5748312992125985
0
LINE
8
BLACK
6
CONTINUOUS
10
-0.3348684251968504
20
0.5748312992125985
11
-0.3342923622047244
21
0.5747745669291339
0
LINE
8
BLACK
6
CONTINUOUS
10
-0.3342923622047244
20
0.5747745669291339
11
-0.3341943700787401
21
0.5747339763779528
0
LINE
8
BLACK
6
CONTINUOUS
10
-0.3341943700787401
20
0.5747339763779528
11
-0.3340885433070866
21
0.5747264566929133
0
LINE
8
BLACK
6
CONTINUOUS
10
-0.3340885433070866
20
0.5747264566929133
11
-0.3335479133858268
21
0.5745195669291339
0
LINE
8
BLACK
6
CONTINUOUS
10
-0.3335479133858268
20
0.5745195669291339
11
-0.3297983858267716
21
0.5726448031496063
0
LINE
8
BLACK
6
CONTINUOUS
10
-0.3297983858267716
20
0.5726448031496063
11
-0.3295505118110236
21
0.5724887795275591
0
LINE
8
BLACK
6
CONTINUOUS
10
-0.3295505118110236
20
0.5724887795275591
11
-0.3294784645669291
21
0.572458937007874
0
LINE
8
BLACK
6
CONTINUOUS
10
-0.3294784645669291
20
0.572458937007874
11
-0.3293974409448819
21
0.5723924409448818
0
LINE
8
BLACK
6
CONTINUOUS
10
-0.3293974409448819
20
0.5723924409448818
11
-0.3293085039370079
21
0.5723364566929133
0
LINE
8
BLACK
6
CONTINUOUS
10
-0.3293085039370079
20
0.5723364566929133
11
-0.3292573622047244
21
0.5722774803149606
0
LINE
8
BLACK
6
CONTINUOUS
10
-0.3292573622047244
20
0.5722774803149606
11
-0.3290310236220472
21
0.5720917322834645
0
LINE
8
BLACK
6
CONTINUOUS
10
-0.3290310236220472
20
0.5720917322834645
11
-0.3271562204724409
21
0.570216968503937
0
LINE
8
BLACK
6
CONTINUOUS
10
-0.3271562204724409
20
0.570216968503937
11
-0.3269704724409448
21
0.5699906299212598
0
LINE
8
BLACK
6
CONTINUOUS
10
-0.3269704724409448
20
0.5699906299212598
11
-0.3269114173228346
21
0.5699394094488189
0
LINE
8
BLACK
6
CONTINUOUS
10
-0.3269114173228346
20
0.5699394094488189
11
-0.3268554330708661
21
0.5698504724409449
0
LINE
8
BLACK
6
CONTINUOUS
10
-0.3268554330708661
20
0.5698504724409449
11
-0.3267889763779527
21
0.5697694881889763
0
LINE
8
BLACK
6
CONTINUOUS
10
-0.3267889763779527
20
0.5697694881889763
11
-0.3267591732283465
21
0.5696975590551181
0
LINE
8
BLACK
6
CONTINUOUS
10
-0.3267591732283465
20
0.5696975590551181
11
-0.3266030708661417
21
0.5694495275590551
0
LINE
8
BLACK
6
CONTINUOUS
10
-0.3266030708661417
20
0.5694495275590551
11
-0.3247283070866142
21
0.5657
0
LINE
8
BLACK
6
CONTINUOUS
10
-0.3247283070866142
20
0.5657
11
-0.3245214173228346
21
0.5651594094488189
0
LINE
8
BLACK
6
CONTINUOUS
10
-0.3245214173228346
20
0.5651594094488189
11
-0.3245138976377953
21
0.5650535433070866
0
LINE
8
BLACK
6
CONTINUOUS
10
-0.3245138976377953
20
0.5650535433070866
11
-0.3244733070866141
21
0.5649555511811023
0
LINE
8
BLACK
6
CONTINUOUS
10
-0.3244733070866141
20
0.5649555511811023
11
-0.3244165748031496
21
0.5643794881889763
0
LINE
8
BLACK
6
CONTINUOUS
10
-0.3244165748031496
20
0.5643794881889763
11
-0.3244165748031496
21
0.5568804330708661
0
LINE
8
BLACK
6
CONTINUOUS
10
-0.3244165748031496
20
0.5568804330708661
11
-0.3244733070866141
21
0.5563043700787401
0
LINE
8
BLACK
6
CONTINUOUS
10
-0.3244733070866141
20
0.5563043700787401
11
-0.3245138976377953
21
0.5562064173228346
0
LINE
8
BLACK
6
CONTINUOUS
10
-0.3245138976377953
20
0.5562064173228346
11
-0.3245214173228346
21
0.5561005118110236
0
LINE
8
BLACK
6
CONTINUOUS
10
-0.3245214173228346
20
0.5561005118110236
11
-0.3247283070866142
21
0.5555599212598425
0
LINE
8
BLACK
6
CONTINUOUS
10
-0.3247283070866142
20
0.5555599212598425
11
-0.3266030708661417
21
0.5518103937007874
0
LINE
8
BLACK
6
CONTINUOUS
10
-0.3266030708661417
20
0.5518103937007874
11
-0.3267591732283465
21
0.5515624015748032
0
LINE
8
BLACK
6
CONTINUOUS
10
-0.3267591732283465
20
0.5515624015748032
11
-0.3267889763779527
21
0.5514904330708661
0
LINE
8
BLACK
6
CONTINUOUS
10
-0.3267889763779527
20
0.5514904330708661
11
-0.3268554330708661
21
0.5514094881889764
0
LINE
8
BLACK
6
CONTINUOUS
10
-0.3268554330708661
20
0.5514094881889764
11
-0.3269114173228346
21
0.5513205118110236
0
LINE
8
BLACK
6
CONTINUOUS
10
-0.3269114173228346
20
0.5513205118110236
11
-0.3269704724409448
21
0.5512693307086614
0
LINE
8
BLACK
6
CONTINUOUS
10
-0.3269704724409448
20
0.5512693307086614
11
-0.3271562204724409
21
0.5510429527559055
0
LINE
8
BLACK
6
CONTINUOUS
10
-0.3271562204724409
20
0.5510429527559055
11
-0.3290310236220472
21
0.549168188976378
0
LINE
8
BLACK
6
CONTINUOUS
10
-0.3290310236220472
20
0.549168188976378
11
-0.3292573622047244
21
0.5489824803149607
0
LINE
8
BLACK
6
CONTINUOUS
10
-0.3292573622047244
20
0.5489824803149607
11
-0.3293085039370079
21
0.5489234645669291
0
LINE
8
BLACK
6
CONTINUOUS
10
-0.3293085039370079
20
0.5489234645669291
11
-0.3293974409448819
21
0.5488675196850393
0
LINE
8
BLACK
6
CONTINUOUS
10
-0.3293974409448819
20
0.5488675196850393
11
-0.3294784645669291
21
0.5488009842519684
0
LINE
8
BLACK
6
CONTINUOUS
10
-0.3294784645669291
20
0.5488009842519684
11
-0.3295505118110236
21
0.5487711811023622
0
LINE
8
BLACK
6
CONTINUOUS
10
-0.3295505118110236
20
0.5487711811023622
11
-0.3297983858267716
21
0.5486151181102362
0
LINE
8
BLACK
6
CONTINUOUS
10
-0.3297983858267716
20
0.5486151181102362
11
-0.3335479133858268
21
0.5467403543307087
0
LINE
8
BLACK
6
CONTINUOUS
10
-0.3335479133858268
20
0.5467403543307087
11
-0.3340885433070866
21
0.5465334645669291
0
LINE
8
BLACK
6
CONTINUOUS
10
-0.3340885433070866
20
0.5465334645669291
11
-0.3341943700787401
21
0.5465259842519685
0
LINE
8
BLACK
6
CONTINUOUS
10
-0.3341943700787401
20
0.5465259842519685
11
-0.3342923622047244
21
0.5464853543307087
0
LINE
8
BLACK
6
CONTINUOUS
10
-0.3342923622047244
20
0.5464853543307087
11
-0.3348684251968504
21
0.5464286220472441
0
LINE
8
BLACK
6
CONTINUOUS
10
-0.3348684251968504
20
0.5464286220472441
11
-0.3423674803149606
21
0.5464286220472441
0
LINE
8
BLACK
6
CONTINUOUS
10
-0.3423674803149606
20
0.5464286220472441
11
-0.3429435433070866
21
0.5464853543307087
0
LINE
8
BLACK
6
CONTINUOUS
10
-0.3429435433070866
20
0.5464853543307087
11
-0.3430415354330709
21
0.5465259448818898
0
LINE
8
BLACK
6
CONTINUOUS
10
-0.3430415354330709
20
0.5465259448818898
11
-0.3431474015748032
21
0.5465334645669291
0
LINE
8
BLACK
6
CONTINUOUS
10
-0.3431474015748032
20
0.5465334645669291
11
-0.3436879921259842
21
0.5467403543307087
0
LINE
8
BLACK
6
CONTINUOUS
10
-0.3436879921259842
20
0.5467403543307087
11
-0.3474375196850394
21
0.5486151181102362
0
LINE
8
BLACK
6
CONTINUOUS
10
-0.3474375196850394
20
0.5486151181102362
11
-0.3476855511811023
21
0.548771220472441
0
LINE
8
BLACK
6
CONTINUOUS
10
-0.3476855511811023
20
0.548771220472441
11
-0.3477574803149606
21
0.5488010236220472
0
LINE
8
BLACK
6
CONTINUOUS
10
-0.3477574803149606
20
0.5488010236220472
11
-0.3478384645669291
21
0.5488675196850393
0
LINE
8
BLACK
6
CONTINUOUS
10
-0.3478384645669291
20
0.5488675196850393
11
-0.3479274015748031
21
0.5489234645669291
0
LINE
8
BLACK
6
CONTINUOUS
10
-0.3479274015748031
20
0.5489234645669291
11
-0.3479785826771654
21
0.5489824803149607
0
LINE
8
BLACK
6
CONTINUOUS
10
-0.3479785826771654
20
0.5489824803149607
11
-0.3482049212598425
21
0.5491682283464567
0
LINE
8
BLACK
6
CONTINUOUS
10
-0.3482049212598425
20
0.5491682283464567
11
-0.3498665354330708
21
0.550829842519685
0
LINE
8
BLACK
6
CONTINUOUS
10
-0.3498665354330708
20
0.550829842519685
11
-0.3515281496062992
21
0.5491682283464567
0
LINE
8
BLACK
6
CONTINUOUS
10
-0.3515281496062992
20
0.5491682283464567
11
-0.3517545275590551
21
0.5489824803149607
0
LINE
8
BLACK
6
CONTINUOUS
10
-0.3517545275590551
20
0.5489824803149607
11
-0.3518056692913386
21
0.5489234645669291
0
LINE
8
BLACK
6
CONTINUOUS
10
-0.3518056692913386
20
0.5489234645669291
11
-0.3518946456692914
21
0.5488675196850393
0
LINE
8
BLACK
6
CONTINUOUS
10
-0.3518946456692914
20
0.5488675196850393
11
-0.3519755905511811
21
0.5488010236220472
0
LINE
8
BLACK
6
CONTINUOUS
10
-0.3519755905511811
20
0.5488010236220472
11
-0.3520475590551181
21
0.548771220472441
0
LINE
8
BLACK
6
CONTINUOUS
10
-0.3520475590551181
20
0.548771220472441
11
-0.3522955511811023
21
0.5486151181102362
0
LINE
8
BLACK
6
CONTINUOUS
10
-0.3522955511811023
20
0.5486151181102362
11
-0.3560450787401575
21
0.5467403543307087
0
LINE
8
BLACK
6
CONTINUOUS
10
-0.3560450787401575
20
0.5467403543307087
11
-0.3565857086614173
21
0.5465334645669291
0
LINE
8
BLACK
6
CONTINUOUS
10
-0.3565857086614173
20
0.5465334645669291
11
-0.3566915354330709
21
0.5465259842519685
0
LINE
8
BLACK
6
CONTINUOUS
10
-0.3566915354330709
20
0.5465259842519685
11
-0.3567895275590551
21
0.5464853543307087
0
LINE
8
BLACK
6
CONTINUOUS
10
-0.3567895275590551
20
0.5464853543307087
11
-0.3573655905511811
21
0.5464286220472441
0
LINE
8
BLACK
6
CONTINUOUS
10
-0.3573655905511811
20
0.5464286220472441
11
-0.3592403543307087
21
0.5464286220472441
0
LINE
8
BLACK
6
CONTINUOUS
10
-0.3592403543307087
20
0.5464286220472441
11
-0.3598164173228346
21
0.5464853543307087
0
LINE
8
BLACK
6
CONTINUOUS
10
-0.3598164173228346
20
0.5464853543307087
11
-0.3599144094488189
21
0.5465259448818898
0
LINE
8
BLACK
6
CONTINUOUS
10
-0.3599144094488189
20
0.5465259448818898
11
-0.3600202755905512
21
0.5465334645669291
0
LINE
8
BLACK
6
CONTINUOUS
10
-0.3600202755905512
20
0.5465334645669291
11
-0.3605608661417323
21
0.5467403543307087
0
LINE
8
BLACK
6
CONTINUOUS
10
-0.3605608661417323
20
0.5467403543307087
11
-0.3643103937007874
21
0.5486151181102362
0
LINE
8
BLACK
6
CONTINUOUS
10
-0.3643103937007874
20
0.5486151181102362
11
-0.3645584251968504
21
0.548771220472441
0
LINE
8
BLACK
6
CONTINUOUS
10
-0.3645584251968504
20
0.548771220472441
11
-0.3646303543307087
21
0.5488010236220472
0
LINE
8
BLACK
6
CONTINUOUS
10
-0.3646303543307087
20
0.5488010236220472
11
-0.3647113385826772
21
0.5488675196850393
0
LINE
8
BLACK
6
CONTINUOUS
10
-0.3647113385826772
20
0.5488675196850393
11
-0.3648002755905512
21
0.5489234645669291
0
LINE
8
BLACK
6
CONTINUOUS
10
-0.3648002755905512
20
0.5489234645669291
11
-0.3648514566929134
21
0.5489824803149607
0
LINE
8
BLACK
6
CONTINUOUS
10
-0.3648514566929134
20
0.5489824803149607
11
-0.3650777952755905
21
0.5491682283464567
0
LINE
8
BLACK
6
CONTINUOUS
10
-0.3650777952755905
20
0.5491682283464567
11
-0.3669525590551181
21
0.5510429921259843
0
LINE
8
BLACK
6
CONTINUOUS
10
-0.3669525590551181
20
0.5510429921259843
11
-0.3671383464566929
21
0.5512693700787401
0
LINE
8
BLACK
6
CONTINUOUS
10
-0.3671383464566929
20
0.5512693700787401
11
-0.3671973228346457
21
0.5513205118110236
0
LINE
8
BLACK
6
CONTINUOUS
10
-0.3671973228346457
20
0.5513205118110236
11
-0.3672533070866142
21
0.5514094881889764
0
LINE
8
BLACK
6
CONTINUOUS
10
-0.3672533070866142
20
0.5514094881889764
11
-0.3673197637795276
21
0.5514904330708661
0
LINE
8
BLACK
6
CONTINUOUS
10
-0.3673197637795276
20
0.5514904330708661
11
-0.3673496062992126
21
0.5515624015748032
0
LINE
8
BLACK
6
CONTINUOUS
10
-0.3673496062992126
20
0.5515624015748032
11
-0.3675056692913386
21
0.5518103937007874
0
LINE
8
BLACK
6
CONTINUOUS
10
-0.3675056692913386
20
0.5518103937007874
11
-0.3693804330708662
21
0.5555599212598425
0
LINE
8
BLACK
6
CONTINUOUS
10
-0.3693804330708662
20
0.5555599212598425
11
-0.3695873228346457
21
0.5561005511811024
0
LINE
8
BLACK
6
CONTINUOUS
10
-0.3695873228346457
20
0.5561005511811024
11
-0.3695948425196851
21
0.5562063779527558
0
LINE
8
BLACK
6
CONTINUOUS
10
-0.3695948425196851
20
0.5562063779527558
11
-0.3696354330708662
21
0.5563043700787401
0
LINE
8
BLACK
6
CONTINUOUS
10
-0.3696354330708662
20
0.5563043700787401
11
-0.3696921653543307
21
0.5568804330708661
0
LINE
8
BLACK
6
CONTINUOUS
10
-0.3696921653543307
20
0.5568804330708661
11
-0.3696921653543307
21
0.5643794881889763
0
LINE
8
BLACK
6
CONTINUOUS
10
-0.3696921653543307
20
0.5643794881889763
11
-0.3696354330708662
21
0.5649555511811023
0
LINE
8
BLACK
6
CONTINUOUS
10
-0.3696354330708662
20
0.5649555511811023
11
-0.3695948425196851
21
0.5650535826771653
0
LINE
8
BLACK
6
CONTINUOUS
10
-0.3695948425196851
20
0.5650535826771653
11
-0.3695873228346457
21
0.5651593700787402
0
LINE
8
BLACK
6
CONTINUOUS
10
-0.3695873228346457
20
0.5651593700787402
11
-0.3693804330708662
21
0.5657
0
LINE
8
BLACK
6
CONTINUOUS
10
-0.3693804330708662
20
0.5657
11
-0.3675056692913386
21
0.5694495275590551
0
LINE
8
BLACK
6
CONTINUOUS
10
-0.3675056692913386
20
0.5694495275590551
11
-0.3673496062992126
21
0.5696975590551181
0
LINE
8
BLACK
6
CONTINUOUS
10
-0.3673496062992126
20
0.5696975590551181
11
-0.3673197637795276
21
0.5697694881889763
0
LINE
8
BLACK
6
CONTINUOUS
10
-0.3673197637795276
20
0.5697694881889763
11
-0.3672533070866142
21
0.5698504724409449
0
LINE
8
BLACK
6
CONTINUOUS
10
-0.3672533070866142
20
0.5698504724409449
11
-0.3671973228346457
21
0.5699394094488189
0
LINE
8
BLACK
6
CONTINUOUS
10
-0.3671973228346457
20
0.5699394094488189
11
-0.3671383464566929
21
0.5699905905511811
0
LINE
8
BLACK
6
CONTINUOUS
10
-0.3671383464566929
20
0.5699905905511811
11
-0.3669525590551181
21
0.5702169291338582
0
LINE
8
BLACK
6
CONTINUOUS
10
-0.3669525590551181
20
0.5702169291338582
11
-0.3650777952755905
21
0.5720916929133858
0
LINE
8
BLACK
6
CONTINUOUS
10
-0.3650777952755905
20
0.5720916929133858
11
-0.3648514566929134
21
0.5722774803149606
0
LINE
8
BLACK
6
CONTINUOUS
10
-0.3648514566929134
20
0.5722774803149606
11
-0.3648002755905512
21
0.5723364566929133
0
LINE
8
BLACK
6
CONTINUOUS
10
-0.3648002755905512
20
0.5723364566929133
11
-0.3647113385826772
21
0.5723924409448818
0
LINE
8
BLACK
6
CONTINUOUS
10
-0.3647113385826772
20
0.5723924409448818
11
-0.3646303543307087
21
0.5724588976377952
0
LINE
8
BLACK
6
CONTINUOUS
10
-0.3646303543307087
20
0.5724588976377952
11
-0.3645584251968504
21
0.5724887401574803
0
LINE
8
BLACK
6
CONTINUOUS
10
-0.3645584251968504
20
0.5724887401574803
11
-0.3643103937007874
21
0.5726448031496063
0
LINE
8
BLACK
6
CONTINUOUS
10
-0.3643103937007874
20
0.5726448031496063
11
-0.3605608661417323
21
0.5745195669291339
0
LINE
8
BLACK
6
CONTINUOUS
10
-0.3605608661417323
20
0.5745195669291339
11
-0.3600202755905512
21
0.5747264566929133
0
LINE
8
BLACK
6
CONTINUOUS
10
-0.3600202755905512
20
0.5747264566929133
11
-0.3599144094488189
21
0.5747340157480315
0
LINE
8
BLACK
6
CONTINUOUS
10
-0.3599144094488189
20
0.5747340157480315
11
-0.3598164173228346
21
0.5747745669291339
0
LINE
8
BLACK
6
CONTINUOUS
10
-0.3598164173228346
20
0.5747745669291339
11
-0.3592403543307087
21
0.5748312992125985
0
LINE
8
BLACK
6
CONTINUOUS
10
-0.3592403543307087
20
0.5748312992125985
11
-0.3573655905511811
21
0.5748312992125985
0
LINE
8
BLACK
6
CONTINUOUS
10
-0.3573655905511811
20
0.5748312992125985
11
-0.3567895275590551
21
0.5747745669291339
0
LINE
8
BLACK
6
CONTINUOUS
10
-0.3612407874015748
20
0.5675770472440945
11
-0.3624379133858268
21
0.5663799212598425
0
LINE
8
BLACK
6
CONTINUOUS
10
-0.3624379133858268
20
0.5663799212598425
11
-0.3637866535433071
21
0.5636824409448818
0
LINE
8
BLACK
6
CONTINUOUS
10
-0.3637866535433071
20
0.5636824409448818
11
-0.3637866535433071
21
0.5575774803149606
0
LINE
8
BLACK
6
CONTINUOUS
10
-0.3637866535433071
20
0.5575774803149606
11
-0.3624379133858268
21
0.55488
0
LINE
8
BLACK
6
CONTINUOUS
10
-0.3624379133858268
20
0.55488
11
-0.3612407874015748
21
0.553682874015748
0
LINE
8
BLACK
6
CONTINUOUS
10
-0.3612407874015748
20
0.553682874015748
11
-0.3585433070866141
21
0.5523341338582677
0
LINE
8
BLACK
6
CONTINUOUS
10
-0.3585433070866141
20
0.5523341338582677
11
-0.3580626377952756
21
0.5523341338582677
0
LINE
8
BLACK
6
CONTINUOUS
10
-0.3580626377952756
20
0.5523341338582677
11
-0.3553651574803149
21
0.553682874015748
0
LINE
8
BLACK
6
CONTINUOUS
10
-0.3553651574803149
20
0.553682874015748
11
-0.354168031496063
21
0.55488
0
LINE
8
BLACK
6
CONTINUOUS
10
-0.354168031496063
20
0.55488
11
-0.3528192913385827
21
0.5575774803149606
0
LINE
8
BLACK
6
CONTINUOUS
10
-0.3528192913385827
20
0.5575774803149606
11
-0.3528192913385827
21
0.5636824409448818
0
LINE
8
BLACK
6
CONTINUOUS
10
-0.3528192913385827
20
0.5636824409448818
11
-0.354168031496063
21
0.5663799212598425
0
LINE
8
BLACK
6
CONTINUOUS
10
-0.354168031496063
20
0.5663799212598425
11
-0.3553651574803149
21
0.5675770472440945
0
LINE
8
BLACK
6
CONTINUOUS
10
-0.3553651574803149
20
0.5675770472440945
11
-0.3580626377952756
21
0.5689257874015748
0
LINE
8
BLACK
6
CONTINUOUS
10
-0.3580626377952756
20
0.5689257874015748
11
-0.3585433070866141
21
0.5689257874015748
0
LINE
8
BLACK
6
CONTINUOUS
10
-0.3585433070866141
20
0.5689257874015748
11
-0.3612407874015748
21
0.5675770472440945
0
LINE
8
BLACK
6
CONTINUOUS
10
-0.3443679133858268
20
0.5675770472440945
11
-0.3455650393700787
21
0.5663799212598425
0
LINE
8
BLACK
6
CONTINUOUS
10
-0.3455650393700787
20
0.5663799212598425
11
-0.346913779527559
21
0.5636824409448818
0
LINE
8
BLACK
6
CONTINUOUS
10
-0.346913779527559
20
0.5636824409448818
11
-0.346913779527559
21
0.5575774803149606
0
LINE
8
BLACK
6
CONTINUOUS
10
-0.346913779527559
20
0.5575774803149606
11
-0.3455650393700787
21
0.55488
0
LINE
8
BLACK
6
CONTINUOUS
10
-0.3455650393700787
20
0.55488
11
-0.3443679133858268
21
0.553682874015748
0
LINE
8
BLACK
6
CONTINUOUS
10
-0.3443679133858268
20
0.553682874015748
11
-0.3416704330708661
21
0.5523341338582677
0
LINE
8
BLACK
6
CONTINUOUS
10
-0.3416704330708661
20
0.5523341338582677
11
-0.3355654724409449
21
0.5523341338582677
0
LINE
8
BLACK
6
CONTINUOUS
10
-0.3355654724409449
20
0.5523341338582677
11
-0.3328679921259842
21
0.5536829133858268
0
LINE
8
BLACK
6
CONTINUOUS
10
-0.3328679921259842
20
0.5536829133858268
11
-0.3316708267716535
21
0.5548800393700787
0
LINE
8
BLACK
6
CONTINUOUS
10
-0.3316708267716535
20
0.5548800393700787
11
-0.3303220866141732
21
0.5575774803149606
0
LINE
8
BLACK
6
CONTINUOUS
10
-0.3303220866141732
20
0.5575774803149606
11
-0.3303220866141732
21
0.5636824409448818
0
LINE
8
BLACK
6
CONTINUOUS
10
-0.3303220866141732
20
0.5636824409448818
11
-0.3316708267716535
21
0.5663799212598425
0
LINE
8
BLACK
6
CONTINUOUS
10
-0.3316708267716535
20
0.5663799212598425
11
-0.3328679921259842
21
0.5675770472440945
0
LINE
8
BLACK
6
CONTINUOUS
10
-0.3328679921259842
20
0.5675770472440945
11
-0.3355654724409449
21
0.5689257874015748
0
LINE
8
BLACK
6
CONTINUOUS
10
-0.3355654724409449
20
0.5689257874015748
11
-0.3416704330708661
21
0.5689257874015748
0
LINE
8
BLACK
6
CONTINUOUS
10
-0.3416704330708661
20
0.5689257874015748
11
-0.3443679133858268
21
0.5675770472440945
0
LINE
8
BLACK
6
CONTINUOUS
10
1.0448007086614173
20
0.6122979133858267
11
1.0448784645669291
21
0.6123034251968503
0
LINE
8
BLACK
6
CONTINUOUS
10
1.0448784645669291
20
0.6123034251968503
11
1.0449807086614173
21
0.6122801968503937
0
LINE
8
BLACK
6
CONTINUOUS
10
1.0449807086614173
20
0.6122801968503937
11
1.0450852362204723
21
0.6122698818897637
0
LINE
8
BLACK
6
CONTINUOUS
10
1.0450852362204723
20
0.6122698818897637
11
1.0451573228346456
21
0.6122400393700788
0
LINE
8
BLACK
6
CONTINUOUS
10
1.0451573228346456
20
0.6122400393700788
11
1.0454429133858267
21
0.6121750787401574
0
LINE
8
BLACK
6
CONTINUOUS
10
1.0454429133858267
20
0.6121750787401574
11
1.0510672047244094
21
0.6103003149606299
0
LINE
8
BLACK
6
CONTINUOUS
10
1.0510672047244094
20
0.6103003149606299
11
1.0515957480314961
21
0.6100643307086614
0
LINE
8
BLACK
6
CONTINUOUS
10
1.0515957480314961
20
0.6100643307086614
11
1.0516758661417323
21
0.6099948425196851
0
LINE
8
BLACK
6
CONTINUOUS
10
1.0516758661417323
20
0.6099948425196851
11
1.051773937007874
21
0.6099542125984252
0
LINE
8
BLACK
6
CONTINUOUS
10
1.051773937007874
20
0.6099542125984252
11
1.0522213779527558
21
0.6095870078740158
0
LINE
8
BLACK
6
CONTINUOUS
10
1.0522213779527558
20
0.6095870078740158
11
1.0696779133858267
21
0.5921305118110236
0
LINE
8
BLACK
6
CONTINUOUS
10
1.0696779133858267
20
0.5921305118110236
11
1.0696779133858267
21
0.6093738582677165
0
LINE
8
BLACK
6
CONTINUOUS
10
1.0696779133858267
20
0.6093738582677165
11
1.0697346456692913
21
0.6099499212598425
0
LINE
8
BLACK
6
CONTINUOUS
10
1.0697346456692913
20
0.6099499212598425
11
1.0701755511811024
21
0.6110143307086614
0
LINE
8
BLACK
6
CONTINUOUS
10
1.0701755511811024
20
0.6110143307086614
11
1.0709901968503936
21
0.6118289763779527
0
LINE
8
BLACK
6
CONTINUOUS
10
1.0709901968503936
20
0.6118289763779527
11
1.0720546062992127
21
0.6122698818897637
0
LINE
8
BLACK
6
CONTINUOUS
10
1.0720546062992127
20
0.6122698818897637
11
1.0732067322834646
21
0.6122698818897637
0
LINE
8
BLACK
6
CONTINUOUS
10
1.0732067322834646
20
0.6122698818897637
11
1.0742711417322834
21
0.6118289763779527
0
LINE
8
BLACK
6
CONTINUOUS
10
1.0742711417322834
20
0.6118289763779527
11
1.0750857874015747
21
0.6110143307086614
0
LINE
8
BLACK
6
CONTINUOUS
10
1.0750857874015747
20
0.6110143307086614
11
1.0755266929133858
21
0.6099499212598425
0
LINE
8
BLACK
6
CONTINUOUS
10
1.0755266929133858
20
0.6099499212598425
11
1.0755834251968504
21
0.6093738582677165
0
LINE
8
BLACK
6
CONTINUOUS
10
1.0755834251968504
20
0.6093738582677165
11
1.0755834251968504
21
0.5850019291338583
0
LINE
8
BLACK
6
CONTINUOUS
10
1.0755834251968504
20
0.5850019291338583
11
1.0755266929133858
21
0.5844258661417323
0
LINE
8
BLACK
6
CONTINUOUS
10
1.0755266929133858
20
0.5844258661417323
11
1.0753975590551181
21
0.5841141338582677
0
LINE
8
BLACK
6
CONTINUOUS
10
1.0753975590551181
20
0.5841141338582677
11
1.0750858267716534
21
0.5833614566929134
0
LINE
8
BLACK
6
CONTINUOUS
10
1.0750858267716534
20
0.5833614566929134
11
1.0742711417322834
21
0.582546811023622
0
LINE
8
BLACK
6
CONTINUOUS
10
1.0742711417322834
20
0.582546811023622
11
1.0732067322834646
21
0.582105905511811
0
LINE
8
BLACK
6
CONTINUOUS
10
1.0732067322834646
20
0.582105905511811
11
1.0720546456692912
21
0.582105905511811
0
LINE
8
BLACK
6
CONTINUOUS
10
1.0720546456692912
20
0.582105905511811
11
1.0720546062992127
21
0.582105905511811
0
LINE
8
BLACK
6
CONTINUOUS
10
1.0720546062992127
20
0.582105905511811
11
1.0717428346456692
21
0.5822350393700787
0
LINE
8
BLACK
6
CONTINUOUS
10
1.0717428346456692
20
0.5822350393700787
11
1.0709901968503936
21
0.5825467716535433
0
LINE
8
BLACK
6
CONTINUOUS
10
1.0709901968503936
20
0.5825467716535433
11
1.0705427559055118
21
0.5829140157480315
0
LINE
8
BLACK
6
CONTINUOUS
10
1.0705427559055118
20
0.5829140157480315
11
1.0485384251968504
21
0.6049183070866142
0
LINE
8
BLACK
6
CONTINUOUS
10
1.0485384251968504
20
0.6049183070866142
11
1.0440300393700788
21
0.6064211023622047
0
LINE
8
BLACK
6
CONTINUOUS
10
1.0440300393700788
20
0.6064211023622047
11
1.0414566929133857
21
0.6064211023622047
0
LINE
8
BLACK
6
CONTINUOUS
10
1.0414566929133857
20
0.6064211023622047
11
1.0387592125984251
21
0.6050723622047244
0
LINE
8
BLACK
6
CONTINUOUS
10
1.0387592125984251
20
0.6050723622047244
11
1.0375620866141733
21
0.6038752362204725
0
LINE
8
BLACK
6
CONTINUOUS
10
1.0375620866141733
20
0.6038752362204725
11
1.0362133464566929
21
0.6011777559055118
0
LINE
8
BLACK
6
CONTINUOUS
10
1.0362133464566929
20
0.6011777559055118
11
1.0362133464566929
21
0.593198031496063
0
LINE
8
BLACK
6
CONTINUOUS
10
1.0362133464566929
20
0.593198031496063
11
1.0375620866141733
21
0.5905005511811023
0
LINE
8
BLACK
6
CONTINUOUS
10
1.0375620866141733
20
0.5905005511811023
11
1.0390980314960629
21
0.5889646062992125
0
LINE
8
BLACK
6
CONTINUOUS
10
1.0390980314960629
20
0.5889646062992125
11
1.0394652362204724
21
0.5885171653543307
0
LINE
8
BLACK
6
CONTINUOUS
10
1.0394652362204724
20
0.5885171653543307
11
1.0399061417322835
21
0.5874527559055118
0
LINE
8
BLACK
6
CONTINUOUS
10
1.0399061417322835
20
0.5874527559055118
11
1.0399061417322835
21
0.5863006692913386
0
LINE
8
BLACK
6
CONTINUOUS
10
1.0399061417322835
20
0.5863006692913386
11
1.0394652362204724
21
0.5852362598425197
0
LINE
8
BLACK
6
CONTINUOUS
10
1.0394652362204724
20
0.5852362598425197
11
1.0386505511811024
21
0.5844215748031496
0
LINE
8
BLACK
6
CONTINUOUS
10
1.0386505511811024
20
0.5844215748031496
11
1.0375861417322834
21
0.5839806692913385
0
LINE
8
BLACK
6
CONTINUOUS
10
1.0375861417322834
20
0.5839806692913385
11
1.0364340551181102
21
0.5839806692913385
0
LINE
8
BLACK
6
CONTINUOUS
10
1.0364340551181102
20
0.5839806692913385
11
1.0353696456692913
21
0.5844215748031496
0
LINE
8
BLACK
6
CONTINUOUS
10
1.0353696456692913
20
0.5844215748031496
11
1.0349222047244093
21
0.584788779527559
0
LINE
8
BLACK
6
CONTINUOUS
10
1.0349222047244093
20
0.584788779527559
11
1.0330474409448818
21
0.5866635433070866
0
LINE
8
BLACK
6
CONTINUOUS
10
1.0330474409448818
20
0.5866635433070866
11
1.0328616535433071
21
0.5868899212598425
0
LINE
8
BLACK
6
CONTINUOUS
10
1.0328616535433071
20
0.5868899212598425
11
1.0328026771653542
21
0.586941062992126
0
LINE
8
BLACK
6
CONTINUOUS
10
1.0328026771653542
20
0.586941062992126
11
1.0327466929133857
21
0.5870300393700787
0
LINE
8
BLACK
6
CONTINUOUS
10
1.0327466929133857
20
0.5870300393700787
11
1.0326802362204723
21
0.5871109842519685
0
LINE
8
BLACK
6
CONTINUOUS
10
1.0326802362204723
20
0.5871109842519685
11
1.0326503937007874
21
0.5871829527559055
0
LINE
8
BLACK
6
CONTINUOUS
10
1.0326503937007874
20
0.5871829527559055
11
1.0324943307086614
21
0.5874309448818897
0
LINE
8
BLACK
6
CONTINUOUS
10
1.0324943307086614
20
0.5874309448818897
11
1.0306195669291338
21
0.5911804724409448
0
LINE
8
BLACK
6
CONTINUOUS
10
1.0306195669291338
20
0.5911804724409448
11
1.0304126771653543
21
0.5917211023622048
0
LINE
8
BLACK
6
CONTINUOUS
10
1.0304126771653543
20
0.5917211023622048
11
1.030405157480315
21
0.5918269291338583
0
LINE
8
BLACK
6
CONTINUOUS
10
1.030405157480315
20
0.5918269291338583
11
1.0303645669291339
21
0.5919249212598425
0
LINE
8
BLACK
6
CONTINUOUS
10
1.0303645669291339
20
0.5919249212598425
11
1.0303078346456693
21
0.5925009842519685
0
LINE
8
BLACK
6
CONTINUOUS
10
1.0303078346456693
20
0.5925009842519685
11
1.0303078346456693
21
0.6018748031496063
0
LINE
8
BLACK
6
CONTINUOUS
10
1.0303078346456693
20
0.6018748031496063
11
1.0303645669291339
21
0.6024508661417323
0
LINE
8
BLACK
6
CONTINUOUS
10
1.0303645669291339
20
0.6024508661417323
11
1.030405157480315
21
0.6025488976377953
0
LINE
8
BLACK
6
CONTINUOUS
10
1.030405157480315
20
0.6025488976377953
11
1.0304126771653543
21
0.60265468503937
0
LINE
8
BLACK
6
CONTINUOUS
10
1.0304126771653543
20
0.60265468503937
11
1.0306195669291338
21
0.6031953149606299
0
LINE
8
BLACK
6
CONTINUOUS
10
1.0306195669291338
20
0.6031953149606299
11
1.0324943307086614
21
0.6069448425196851
0
LINE
8
BLACK
6
CONTINUOUS
10
1.0324943307086614
20
0.6069448425196851
11
1.0326503937007874
21
0.6071928740157481
0
LINE
8
BLACK
6
CONTINUOUS
10
1.0326503937007874
20
0.6071928740157481
11
1.0326802362204723
21
0.6072648031496063
0
LINE
8
BLACK
6
CONTINUOUS
10
1.0326802362204723
20
0.6072648031496063
11
1.0327466929133857
21
0.6073457874015747
0
LINE
8
BLACK
6
CONTINUOUS
10
1.0327466929133857
20
0.6073457874015747
11
1.0328026771653542
21
0.6074347244094488
0
LINE
8
BLACK
6
CONTINUOUS
10
1.0328026771653542
20
0.6074347244094488
11
1.0328616535433071
21
0.607485905511811
0
LINE
8
BLACK
6
CONTINUOUS
10
1.0328616535433071
20
0.607485905511811
11
1.0330474409448818
21
0.6077122440944882
0
LINE
8
BLACK
6
CONTINUOUS
10
1.0330474409448818
20
0.6077122440944882
11
1.0349222047244093
21
0.6095870078740158
0
LINE
8
BLACK
6
CONTINUOUS
10
1.0349222047244093
20
0.6095870078740158
11
1.0351485433070866
21
0.6097727952755906
0
LINE
8
BLACK
6
CONTINUOUS
10
1.0351485433070866
20
0.6097727952755906
11
1.0351997244094489
21
0.6098317716535433
0
LINE
8
BLACK
6
CONTINUOUS
10
1.0351997244094489
20
0.6098317716535433
11
1.0352886614173229
21
0.6098877559055118
0
LINE
8
BLACK
6
CONTINUOUS
10
1.0352886614173229
20
0.6098877559055118
11
1.0353696456692913
21
0.6099542125984252
0
LINE
8
BLACK
6
CONTINUOUS
10
1.0353696456692913
20
0.6099542125984252
11
1.0354415748031496
21
0.6099840551181103
0
LINE
8
BLACK
6
CONTINUOUS
10
1.0354415748031496
20
0.6099840551181103
11
1.0356896062992125
21
0.6101401181102362
0
LINE
8
BLACK
6
CONTINUOUS
10
1.0356896062992125
20
0.6101401181102362
11
1.0394391338582676
21
0.6120148818897637
0
LINE
8
BLACK
6
CONTINUOUS
10
1.0394391338582676
20
0.6120148818897637
11
1.0399797244094489
21
0.6122217716535433
0
LINE
8
BLACK
6
CONTINUOUS
10
1.0399797244094489
20
0.6122217716535433
11
1.040085590551181
21
0.6122293307086614
0
LINE
8
BLACK
6
CONTINUOUS
10
1.040085590551181
20
0.6122293307086614
11
1.0401835826771653
21
0.6122698818897637
0
LINE
8
BLACK
6
CONTINUOUS
10
1.0401835826771653
20
0.6122698818897637
11
1.0407596456692914
21
0.6123266141732283
0
LINE
8
BLACK
6
CONTINUOUS
10
1.0407596456692914
20
0.6123266141732283
11
1.0445091732283465
21
0.6123266141732283
0
LINE
8
BLACK
6
CONTINUOUS
10
1.0445091732283465
20
0.6123266141732283
11
1.0448007086614173
21
0.6122979133858267
0
LINE
8
BLACK
6
CONTINUOUS
10
-0.342266968503937
20
0.6123167322834645
11
-0.342223937007874
21
0.6123231102362204
0
LINE
8
BLACK
6
CONTINUOUS
10
-0.342223937007874
20
0.6123231102362204
11
-0.3420084645669291
21
0.6122912598425196
0
LINE
8
BLACK
6
CONTINUOUS
10
-0.3420084645669291
20
0.6122912598425196
11
-0.3417914173228346
21
0.6122698818897637
0
LINE
8
BLACK
6
CONTINUOUS
10
-0.3417914173228346
20
0.6122698818897637
11
-0.3417512204724409
21
0.6122532677165354
0
LINE
8
BLACK
6
CONTINUOUS
10
-0.3417512204724409
20
0.6122532677165354
11
-0.3416513385826772
21
0.6122384645669291
0
LINE
8
BLACK
6
CONTINUOUS
10
-0.3416513385826772
20
0.6122384645669291
11
-0.3341522834645669
21
0.6103637007874015
0
LINE
8
BLACK
6
CONTINUOUS
10
-0.3341522834645669
20
0.6103637007874015
11
-0.3341098031496063
21
0.6103485433070867
0
LINE
8
BLACK
6
CONTINUOUS
10
-0.3341098031496063
20
0.6103485433070867
11
-0.3340885433070866
21
0.6103470078740157
0
LINE
8
BLACK
6
CONTINUOUS
10
-0.3340885433070866
20
0.6103470078740157
11
-0.3338491338582677
21
0.6102553937007874
0
LINE
8
BLACK
6
CONTINUOUS
10
-0.3338491338582677
20
0.6102553937007874
11
-0.3336071653543307
21
0.610168937007874
0
LINE
8
BLACK
6
CONTINUOUS
10
-0.3336071653543307
20
0.610168937007874
11
-0.3335900393700788
21
0.6101562598425196
0
LINE
8
BLACK
6
CONTINUOUS
10
-0.3335900393700788
20
0.6101562598425196
11
-0.3335479133858268
21
0.6101401181102362
0
LINE
8
BLACK
6
CONTINUOUS
10
-0.3335479133858268
20
0.6101401181102362
11
-0.3297983858267716
21
0.6082653543307086
0
LINE
8
BLACK
6
CONTINUOUS
10
-0.3297983858267716
20
0.6082653543307086
11
-0.3295505118110236
21
0.6081093307086614
0
LINE
8
BLACK
6
CONTINUOUS
10
-0.3295505118110236
20
0.6081093307086614
11
-0.3294784645669291
21
0.6080794881889764
0
LINE
8
BLACK
6
CONTINUOUS
10
-0.3294784645669291
20
0.6080794881889764
11
-0.3293974409448819
21
0.6080129921259843
0
LINE
8
BLACK
6
CONTINUOUS
10
-0.3293974409448819
20
0.6080129921259843
11
-0.3293085039370079
21
0.6079570078740157
0
LINE
8
BLACK
6
CONTINUOUS
10
-0.3293085039370079
20
0.6079570078740157
11
-0.3292573622047244
21
0.607898031496063
0
LINE
8
BLACK
6
CONTINUOUS
10
-0.3292573622047244
20
0.607898031496063
11
-0.3290310236220472
21
0.607712283464567
0
LINE
8
BLACK
6
CONTINUOUS
10
-0.3290310236220472
20
0.607712283464567
11
-0.3271562204724409
21
0.6058375196850394
0
LINE
8
BLACK
6
CONTINUOUS
10
-0.3271562204724409
20
0.6058375196850394
11
-0.3269704724409448
21
0.6056111811023622
0
LINE
8
BLACK
6
CONTINUOUS
10
-0.3269704724409448
20
0.6056111811023622
11
-0.3269114173228346
21
0.6055599606299212
0
LINE
8
BLACK
6
CONTINUOUS
10
-0.3269114173228346
20
0.6055599606299212
11
-0.3268554330708661
21
0.6054710236220472
0
LINE
8
BLACK
6
CONTINUOUS
10
-0.3268554330708661
20
0.6054710236220472
11
-0.3267889763779527
21
0.6053900393700787
0
LINE
8
BLACK
6
CONTINUOUS
10
-0.3267889763779527
20
0.6053900393700787
11
-0.3267591732283465
21
0.6053181102362205
0
LINE
8
BLACK
6
CONTINUOUS
10
-0.3267591732283465
20
0.6053181102362205
11
-0.3266030708661417
21
0.6050700787401575
0
LINE
8
BLACK
6
CONTINUOUS
10
-0.3266030708661417
20
0.6050700787401575
11
-0.3247283070866142
21
0.6013205511811024
0
LINE
8
BLACK
6
CONTINUOUS
10
-0.3247283070866142
20
0.6013205511811024
11
-0.3245214173228346
21
0.6007799606299212
0
LINE
8
BLACK
6
CONTINUOUS
10
-0.3245214173228346
20
0.6007799606299212
11
-0.3245138976377953
21
0.600674094488189
0
LINE
8
BLACK
6
CONTINUOUS
10
-0.3245138976377953
20
0.600674094488189
11
-0.3244733070866141
21
0.6005761023622047
0
LINE
8
BLACK
6
CONTINUOUS
10
-0.3244733070866141
20
0.6005761023622047
11
-0.3244165748031496
21
0.6000000393700787
0
LINE
8
BLACK
6
CONTINUOUS
10
-0.3244165748031496
20
0.6000000393700787
11
-0.3244165748031496
21
0.5962505118110236
0
LINE
8
BLACK
6
CONTINUOUS
10
-0.3244165748031496
20
0.5962505118110236
11
-0.3244733070866141
21
0.5956744488188976
0
LINE
8
BLACK
6
CONTINUOUS
10
-0.3244733070866141
20
0.5956744488188976
11
-0.3245138976377953
21
0.5955764960629921
0
LINE
8
BLACK
6
CONTINUOUS
10
-0.3245138976377953
20
0.5955764960629921
11
-0.3245214173228346
21
0.5954705905511811
0
LINE
8
BLACK
6
CONTINUOUS
10
-0.3245214173228346
20
0.5954705905511811
11
-0.3247283070866142
21
0.59493
0
LINE
8
BLACK
6
CONTINUOUS
10
-0.3247283070866142
20
0.59493
11
-0.3266030708661417
21
0.5911804724409448
0
LINE
8
BLACK
6
CONTINUOUS
10
-0.3266030708661417
20
0.5911804724409448
11
-0.3267591732283465
21
0.5909324803149606
0
LINE
8
BLACK
6
CONTINUOUS
10
-0.3267591732283465
20
0.5909324803149606
11
-0.3267889763779527
21
0.5908605118110236
0
LINE
8
BLACK
6
CONTINUOUS
10
-0.3267889763779527
20
0.5908605118110236
11
-0.3268554330708661
21
0.5907795669291338
0
LINE
8
BLACK
6
CONTINUOUS
10
-0.3268554330708661
20
0.5907795669291338
11
-0.3269114173228346
21
0.5906905905511811
0
LINE
8
BLACK
6
CONTINUOUS
10
-0.3269114173228346
20
0.5906905905511811
11
-0.3269704724409448
21
0.5906394094488189
0
LINE
8
BLACK
6
CONTINUOUS
10
-0.3269704724409448
20
0.5906394094488189
11
-0.3271562204724409
21
0.5904130314960629
0
LINE
8
BLACK
6
CONTINUOUS
10
-0.3271562204724409
20
0.5904130314960629
11
-0.3290310236220472
21
0.5885382677165354
0
LINE
8
BLACK
6
CONTINUOUS
10
-0.3290310236220472
20
0.5885382677165354
11
-0.3292573622047244
21
0.5883525590551181
0
LINE
8
BLACK
6
CONTINUOUS
10
-0.3292573622047244
20
0.5883525590551181
11
-0.3293085039370079
21
0.5882935433070866
0
LINE
8
BLACK
6
CONTINUOUS
10
-0.3293085039370079
20
0.5882935433070866
11
-0.3293974409448819
21
0.5882375984251969
0
LINE
8
BLACK
6
CONTINUOUS
10
-0.3293974409448819
20
0.5882375984251969
11
-0.3294784645669291
21
0.588171062992126
0
LINE
8
BLACK
6
CONTINUOUS
10
-0.3294784645669291
20
0.588171062992126
11
-0.3295505118110236
21
0.5881412598425196
0
LINE
8
BLACK
6
CONTINUOUS
10
-0.3295505118110236
20
0.5881412598425196
11
-0.3297983858267716
21
0.5879851968503936
0
LINE
8
BLACK
6
CONTINUOUS
10
-0.3297983858267716
20
0.5879851968503936
11
-0.3335479133858268
21
0.5861104330708661
0
LINE
8
BLACK
6
CONTINUOUS
10
-0.3335479133858268
20
0.5861104330708661
11
-0.3335900393700788
21
0.5860943307086613
0
LINE
8
BLACK
6
CONTINUOUS
10
-0.3335900393700788
20
0.5860943307086613
11
-0.3336071653543307
21
0.5860816141732283
0
LINE
8
BLACK
6
CONTINUOUS
10
-0.3336071653543307
20
0.5860816141732283
11
-0.3338491338582677
21
0.5859951968503937
0
LINE
8
BLACK
6
CONTINUOUS
10
-0.3338491338582677
20
0.5859951968503937
11
-0.3340885433070866
21
0.5859035433070866
0
LINE
8
BLACK
6
CONTINUOUS
10
-0.3340885433070866
20
0.5859035433070866
11
-0.3341098031496063
21
0.5859020472440944
0
LINE
8
BLACK
6
CONTINUOUS
10
-0.3341098031496063
20
0.5859020472440944
11
-0.3341522834645669
21
0.5858868503937008
0
LINE
8
BLACK
6
CONTINUOUS
10
-0.3341522834645669
20
0.5858868503937008
11
-0.3416513385826772
21
0.5840120866141733
0
LINE
8
BLACK
6
CONTINUOUS
10
-0.3416513385826772
20
0.5840120866141733
11
-0.3417512204724409
21
0.5839973228346457
0
LINE
8
BLACK
6
CONTINUOUS
10
-0.3417512204724409
20
0.5839973228346457
11
-0.3417914173228346
21
0.5839806692913385
0
LINE
8
BLACK
6
CONTINUOUS
10
-0.3417914173228346
20
0.5839806692913385
11
-0.3420084645669291
21
0.5839593307086614
0
LINE
8
BLACK
6
CONTINUOUS
10
-0.3420084645669291
20
0.5839593307086614
11
-0.342223937007874
21
0.5839274409448819
0
LINE
8
BLACK
6
CONTINUOUS
10
-0.342223937007874
20
0.5839274409448819
11
-0.342266968503937
21
0.5839338582677165
0
LINE
8
BLACK
6
CONTINUOUS
10
-0.342266968503937
20
0.5839338582677165
11
-0.3423674803149606
21
0.583923937007874
0
LINE
8
BLACK
6
CONTINUOUS
10
-0.3423674803149606
20
0.583923937007874
11
-0.3517412992125984
21
0.583923937007874
0
LINE
8
BLACK
6
CONTINUOUS
10
-0.3517412992125984
20
0.583923937007874
11
-0.3518418503937008
21
0.5839338582677165
0
LINE
8
BLACK
6
CONTINUOUS
10
-0.3518418503937008
20
0.5839338582677165
11
-0.351884842519685
21
0.5839274409448819
0
LINE
8
BLACK
6
CONTINUOUS
10
-0.351884842519685
20
0.5839274409448819
11
-0.3521003543307086
21
0.5839593307086614
0
LINE
8
BLACK
6
CONTINUOUS
10
-0.3521003543307086
20
0.5839593307086614
11
-0.3523173622047244
21
0.5839806692913385
0
LINE
8
BLACK
6
CONTINUOUS
10
-0.3523173622047244
20
0.5839806692913385
11
-0.3523575984251968
21
0.5839973228346457
0
LINE
8
BLACK
6
CONTINUOUS
10
-0.3523575984251968
20
0.5839973228346457
11
-0.3524574409448819
21
0.5840120866141733
0
LINE
8
BLACK
6
CONTINUOUS
10
-0.3524574409448819
20
0.5840120866141733
11
-0.3599564960629921
21
0.5858868503937008
0
LINE
8
BLACK
6
CONTINUOUS
10
-0.3599564960629921
20
0.5858868503937008
11
-0.3599990157480315
21
0.5859020472440944
0
LINE
8
BLACK
6
CONTINUOUS
10
-0.3599990157480315
20
0.5859020472440944
11
-0.3600202755905512
21
0.5859035433070866
0
LINE
8
BLACK
6
CONTINUOUS
10
-0.3600202755905512
20
0.5859035433070866
11
-0.3602600393700787
21
0.58599531496063
0
LINE
8
BLACK
6
CONTINUOUS
10
-0.3602600393700787
20
0.58599531496063
11
-0.3605016141732283
21
0.5860816141732283
0
LINE
8
BLACK
6
CONTINUOUS
10
-0.3605016141732283
20
0.5860816141732283
11
-0.3605187795275591
21
0.5860943307086613
0
LINE
8
BLACK
6
CONTINUOUS
10
-0.3605187795275591
20
0.5860943307086613
11
-0.3605608661417323
21
0.5861104330708661
0
LINE
8
BLACK
6
CONTINUOUS
10
-0.3605608661417323
20
0.5861104330708661
11
-0.3643103937007874
21
0.5879851968503936
0
LINE
8
BLACK
6
CONTINUOUS
10
-0.3643103937007874
20
0.5879851968503936
11
-0.3645584251968504
21
0.5881412992125984
0
LINE
8
BLACK
6
CONTINUOUS
10
-0.3645584251968504
20
0.5881412992125984
11
-0.3646303543307087
21
0.5881711023622047
0
LINE
8
BLACK
6
CONTINUOUS
10
-0.3646303543307087
20
0.5881711023622047
11
-0.3647113385826772
21
0.5882375984251969
0
LINE
8
BLACK
6
CONTINUOUS
10
-0.3647113385826772
20
0.5882375984251969
11
-0.3648002755905512
21
0.5882935433070866
0
LINE
8
BLACK
6
CONTINUOUS
10
-0.3648002755905512
20
0.5882935433070866
11
-0.3648514566929134
21
0.5883525590551181
0
LINE
8
BLACK
6
CONTINUOUS
10
-0.3648514566929134
20
0.5883525590551181
11
-0.3650777952755905
21
0.5885383070866141
0
LINE
8
BLACK
6
CONTINUOUS
10
-0.3650777952755905
20
0.5885383070866141
11
-0.3669525590551181
21
0.5904130708661417
0
LINE
8
BLACK
6
CONTINUOUS
10
-0.3669525590551181
20
0.5904130708661417
11
-0.3671383464566929
21
0.5906394488188976
0
LINE
8
BLACK
6
CONTINUOUS
10
-0.3671383464566929
20
0.5906394488188976
11
-0.3671973228346457
21
0.5906905905511811
0
LINE
8
BLACK
6
CONTINUOUS
10
-0.3671973228346457
20
0.5906905905511811
11
-0.3672533070866142
21
0.5907795669291338
0
LINE
8
BLACK
6
CONTINUOUS
10
-0.3672533070866142
20
0.5907795669291338
11
-0.3673197637795276
21
0.5908605118110236
0
LINE
8
BLACK
6
CONTINUOUS
10
-0.3673197637795276
20
0.5908605118110236
11
-0.3673496062992126
21
0.5909324803149606
0
LINE
8
BLACK
6
CONTINUOUS
10
-0.3673496062992126
20
0.5909324803149606
11
-0.3675056692913386
21
0.5911804724409448
0
LINE
8
BLACK
6
CONTINUOUS
10
-0.3675056692913386
20
0.5911804724409448
11
-0.3693804330708662
21
0.59493
0
LINE
8
BLACK
6
CONTINUOUS
10
-0.3693804330708662
20
0.59493
11
-0.3695873228346457
21
0.5954706299212599
0
LINE
8
BLACK
6
CONTINUOUS
10
-0.3695873228346457
20
0.5954706299212599
11
-0.3695948425196851
21
0.5955764566929134
0
LINE
8
BLACK
6
CONTINUOUS
10
-0.3695948425196851
20
0.5955764566929134
11
-0.3696354330708662
21
0.5956744488188976
0
LINE
8
BLACK
6
CONTINUOUS
10
-0.3696354330708662
20
0.5956744488188976
11
-0.3696921653543307
21
0.5962505118110236
0
LINE
8
BLACK
6
CONTINUOUS
10
-0.3696921653543307
20
0.5962505118110236
11
-0.3696921653543307
21
0.6000000393700787
0
LINE
8
BLACK
6
CONTINUOUS
10
-0.3696921653543307
20
0.6000000393700787
11
-0.3696354330708662
21
0.6005761023622047
0
LINE
8
BLACK
6
CONTINUOUS
10
-0.3696354330708662
20
0.6005761023622047
11
-0.3695948425196851
21
0.6006741338582677
0
LINE
8
BLACK
6
CONTINUOUS
10
-0.3695948425196851
20
0.6006741338582677
11
-0.3695873228346457
21
0.6007799212598425
0
LINE
8
BLACK
6
CONTINUOUS
10
-0.3695873228346457
20
0.6007799212598425
11
-0.3693804330708662
21
0.6013205511811024
0
LINE
8
BLACK
6
CONTINUOUS
10
-0.3693804330708662
20
0.6013205511811024
11
-0.3675056692913386
21
0.6050700787401575
0
LINE
8
BLACK
6
CONTINUOUS
10
-0.3675056692913386
20
0.6050700787401575
11
-0.3673496062992126
21
0.6053181102362205
0
LINE
8
BLACK
6
CONTINUOUS
10
-0.3673496062992126
20
0.6053181102362205
11
-0.3673197637795276
21
0.6053900393700787
0
LINE
8
BLACK
6
CONTINUOUS
10
-0.3673197637795276
20
0.6053900393700787
11
-0.3672533070866142
21
0.6054710236220472
0
LINE
8
BLACK
6
CONTINUOUS
10
-0.3672533070866142
20
0.6054710236220472
11
-0.3671973228346457
21
0.6055599606299212
0
LINE
8
BLACK
6
CONTINUOUS
10
-0.3671973228346457
20
0.6055599606299212
11
-0.3671383464566929
21
0.6056111417322835
0
LINE
8
BLACK
6
CONTINUOUS
10
-0.3671383464566929
20
0.6056111417322835
11
-0.3669525590551181
21
0.6058374803149607
0
LINE
8
BLACK
6
CONTINUOUS
10
-0.3669525590551181
20
0.6058374803149607
11
-0.3650777952755905
21
0.6077122440944882
0
LINE
8
BLACK
6
CONTINUOUS
10
-0.3650777952755905
20
0.6077122440944882
11
-0.3648514566929134
21
0.607898031496063
0
LINE
8
BLACK
6
CONTINUOUS
10
-0.3648514566929134
20
0.607898031496063
11
-0.3648002755905512
21
0.6079570078740157
0
LINE
8
BLACK
6
CONTINUOUS
10
-0.3648002755905512
20
0.6079570078740157
11
-0.3647113385826772
21
0.6080129921259843
0
LINE
8
BLACK
6
CONTINUOUS
10
-0.3647113385826772
20
0.6080129921259843
11
-0.3646303543307087
21
0.6080794488188976
0
LINE
8
BLACK
6
CONTINUOUS
10
-0.3646303543307087
20
0.6080794488188976
11
-0.3645584251968504
21
0.6081092913385827
0
LINE
8
BLACK
6
CONTINUOUS
10
-0.3645584251968504
20
0.6081092913385827
11
-0.3643103937007874
21
0.6082653543307086
0
LINE
8
BLACK
6
CONTINUOUS
10
-0.3643103937007874
20
0.6082653543307086
11
-0.3605608661417323
21
0.6101401181102362
0
LINE
8
BLACK
6
CONTINUOUS
10
-0.3605608661417323
20
0.6101401181102362
11
-0.3605187795275591
21
0.6101562598425196
0
LINE
8
BLACK
6
CONTINUOUS
10
-0.3605187795275591
20
0.6101562598425196
11
-0.3605016141732283
21
0.610168937007874
0
LINE
8
BLACK
6
CONTINUOUS
10
-0.3605016141732283
20
0.610168937007874
11
-0.3602600393700787
21
0.6102552755905511
0
LINE
8
BLACK
6
CONTINUOUS
10
-0.3602600393700787
20
0.6102552755905511
11
-0.3600202755905512
21
0.6103470078740157
0
LINE
8
BLACK
6
CONTINUOUS
10
-0.3600202755905512
20
0.6103470078740157
11
-0.3599990157480315
21
0.6103485433070867
0
LINE
8
BLACK
6
CONTINUOUS
10
-0.3599990157480315
20
0.6103485433070867
11
-0.3599564960629921
21
0.6103637007874015
0
LINE
8
BLACK
6
CONTINUOUS
10
-0.3599564960629921
20
0.6103637007874015
11
-0.3524574409448819
21
0.6122384645669291
0
LINE
8
BLACK
6
CONTINUOUS
10
-0.3524574409448819
20
0.6122384645669291
11
-0.3523575984251968
21
0.6122532677165354
0
LINE
8
BLACK
6
CONTINUOUS
10
-0.3523575984251968
20
0.6122532677165354
11
-0.3523173622047244
21
0.6122698818897637
0
LINE
8
BLACK
6
CONTINUOUS
10
-0.3523173622047244
20
0.6122698818897637
11
-0.3521003543307086
21
0.6122912598425196
0
LINE
8
BLACK
6
CONTINUOUS
10
-0.3521003543307086
20
0.6122912598425196
11
-0.351884842519685
21
0.6123231102362204
0
LINE
8
BLACK
6
CONTINUOUS
10
-0.351884842519685
20
0.6123231102362204
11
-0.3518418503937008
21
0.6123167322834645
0
LINE
8
BLACK
6
CONTINUOUS
10
-0.3518418503937008
20
0.6123167322834645
11
-0.3517412992125984
21
0.6123266141732283
0
LINE
8
BLACK
6
CONTINUOUS
10
-0.3517412992125984
20
0.6123266141732283
11
-0.3423674803149606
21
0.6123266141732283
0
LINE
8
BLACK
6
CONTINUOUS
10
-0.3423674803149606
20
0.6123266141732283
11
-0.342266968503937
21
0.6123167322834645
0
LINE
8
BLACK
6
CONTINUOUS
10
-0.3582098031496063
20
0.6047131102362204
11
-0.3612407874015748
21
0.6031975984251968
0
LINE
8
BLACK
6
CONTINUOUS
10
-0.3612407874015748
20
0.6031975984251968
11
-0.3624379133858268
21
0.6020004724409449
0
LINE
8
BLACK
6
CONTINUOUS
10
-0.3624379133858268
20
0.6020004724409449
11
-0.3637866535433071
21
0.5993029921259843
0
LINE
8
BLACK
6
CONTINUOUS
10
-0.3637866535433071
20
0.5993029921259843
11
-0.3637866535433071
21
0.5969475590551181
0
LINE
8
BLACK
6
CONTINUOUS
10
-0.3637866535433071
20
0.5969475590551181
11
-0.3624379133858268
21
0.5942500787401575
0
LINE
8
BLACK
6
CONTINUOUS
10
-0.3624379133858268
20
0.5942500787401575
11
-0.3612407874015748
21
0.5930529527559055
0
LINE
8
BLACK
6
CONTINUOUS
10
-0.3612407874015748
20
0.5930529527559055
11
-0.3582098031496063
21
0.5915374803149606
0
LINE
8
BLACK
6
CONTINUOUS
10
-0.3582098031496063
20
0.5915374803149606
11
-0.3513777559055118
21
0.5898294488188977
0
LINE
8
BLACK
6
CONTINUOUS
10
-0.3513777559055118
20
0.5898294488188977
11
-0.3427310236220472
21
0.5898294488188977
0
LINE
8
BLACK
6
CONTINUOUS
10
-0.3427310236220472
20
0.5898294488188977
11
-0.3358989763779527
21
0.5915374803149606
0
LINE
8
BLACK
6
CONTINUOUS
10
-0.3358989763779527
20
0.5915374803149606
11
-0.3328679921259842
21
0.5930529921259843
0
LINE
8
BLACK
6
CONTINUOUS
10
-0.3328679921259842
20
0.5930529921259843
11
-0.3316708267716535
21
0.5942501181102362
0
LINE
8
BLACK
6
CONTINUOUS
10
-0.3316708267716535
20
0.5942501181102362
11
-0.3303220866141732
21
0.5969475590551181
0
LINE
8
BLACK
6
CONTINUOUS
10
-0.3303220866141732
20
0.5969475590551181
11
-0.3303220866141732
21
0.5993029921259843
0
LINE
8
BLACK
6
CONTINUOUS
10
-0.3303220866141732
20
0.5993029921259843
11
-0.3316708267716535
21
0.6020004724409449
0
LINE
8
BLACK
6
CONTINUOUS
10
-0.3316708267716535
20
0.6020004724409449
11
-0.3328679921259842
21
0.6031975984251968
0
LINE
8
BLACK
6
CONTINUOUS
10
-0.3328679921259842
20
0.6031975984251968
11
-0.3358989763779527
21
0.6047131102362204
0
LINE
8
BLACK
6
CONTINUOUS
10
-0.3358989763779527
20
0.6047131102362204
11
-0.3427310236220472
21
0.6064211023622047
0
LINE
8
BLACK
6
CONTINUOUS
10
-0.3427310236220472
20
0.6064211023622047
11
-0.3513777559055118
21
0.6064211023622047
0
LINE
8
BLACK
6
CONTINUOUS
10
-0.3513777559055118
20
0.6064211023622047
11
-0.3582098031496063
21
0.6047131102362204
0
LINE
8
BLACK
6
CONTINUOUS
10
-0.342266968503937
20
0.6498120472440945
11
-0.342223937007874
21
0.6498184251968504
0
LINE
8
BLACK
6
CONTINUOUS
10
-0.342223937007874
20
0.6498184251968504
11
-0.3420084645669291
21
0.6497865748031496
0
LINE
8
BLACK
6
CONTINUOUS
10
-0.3420084645669291
20
0.6497865748031496
11
-0.3417914173228346
21
0.6497651968503937
0
LINE
8
BLACK
6
CONTINUOUS
10
-0.3417914173228346
20
0.6497651968503937
11
-0.3417512204724409
21
0.6497485826771653
0
LINE
8
BLACK
6
CONTINUOUS
10
-0.3417512204724409
20
0.6497485826771653
11
-0.3416513385826772
21
0.6497337795275591
0
LINE
8
BLACK
6
CONTINUOUS
10
-0.3416513385826772
20
0.6497337795275591
11
-0.3341522834645669
21
0.6478590157480315
0
LINE
8
BLACK
6
CONTINUOUS
10
-0.3341522834645669
20
0.6478590157480315
11
-0.3341098031496063
21
0.6478438582677165
0
LINE
8
BLACK
6
CONTINUOUS
10
-0.3341098031496063
20
0.6478438582677165
11
-0.3340885433070866
21
0.6478423228346456
0
LINE
8
BLACK
6
CONTINUOUS
10
-0.3340885433070866
20
0.6478423228346456
11
-0.3338491338582677
21
0.6477507086614173
0
LINE
8
BLACK
6
CONTINUOUS
10
-0.3338491338582677
20
0.6477507086614173
11
-0.3336071653543307
21
0.647664251968504
0
LINE
8
BLACK
6
CONTINUOUS
10
-0.3336071653543307
20
0.647664251968504
11
-0.3335900393700788
21
0.6476515748031496
0
LINE
8
BLACK
6
CONTINUOUS
10
-0.3335900393700788
20
0.6476515748031496
11
-0.3335479133858268
21
0.6476354330708661
0
LINE
8
BLACK
6
CONTINUOUS
10
-0.3335479133858268
20
0.6476354330708661
11
-0.3297983858267716
21
0.6457606692913386
0
LINE
8
BLACK
6
CONTINUOUS
10
-0.3297983858267716
20
0.6457606692913386
11
-0.3295505118110236
21
0.6456046456692913
0
LINE
8
BLACK
6
CONTINUOUS
10
-0.3295505118110236
20
0.6456046456692913
11
-0.3294784645669291
21
0.6455748031496062
0
LINE
8
BLACK
6
CONTINUOUS
10
-0.3294784645669291
20
0.6455748031496062
11
-0.3293974409448819
21
0.6455083070866141
0
LINE
8
BLACK
6
CONTINUOUS
10
-0.3293974409448819
20
0.6455083070866141
11
-0.3293085039370079
21
0.6454523228346457
0
LINE
8
BLACK
6
CONTINUOUS
10
-0.3293085039370079
20
0.6454523228346457
11
-0.3292573622047244
21
0.6453933464566929
0
LINE
8
BLACK
6
CONTINUOUS
10
-0.3292573622047244
20
0.6453933464566929
11
-0.3290310236220472
21
0.6452075984251968
0
LINE
8
BLACK
6
CONTINUOUS
10
-0.3290310236220472
20
0.6452075984251968
11
-0.3271562204724409
21
0.6433328346456693
0
LINE
8
BLACK
6
CONTINUOUS
10
-0.3271562204724409
20
0.6433328346456693
11
-0.3269704724409448
21
0.6431064960629921
0
LINE
8
BLACK
6
CONTINUOUS
10
-0.3269704724409448
20
0.6431064960629921
11
-0.3269114173228346
21
0.6430552755905512
0
LINE
8
BLACK
6
CONTINUOUS
10
-0.3269114173228346
20
0.6430552755905512
11
-0.3268554330708661
21
0.6429663385826772
0
LINE
8
BLACK
6
CONTINUOUS
10
-0.3268554330708661
20
0.6429663385826772
11
-0.3267889763779527
21
0.6428853543307086
0
LINE
8
BLACK
6
CONTINUOUS
10
-0.3267889763779527
20
0.6428853543307086
11
-0.3267591732283465
21
0.6428134251968504
0
LINE
8
BLACK
6
CONTINUOUS
10
-0.3267591732283465
20
0.6428134251968504
11
-0.3266030708661417
21
0.6425653937007874
0
LINE
8
BLACK
6
CONTINUOUS
10
-0.3266030708661417
20
0.6425653937007874
11
-0.3247283070866142
21
0.6388158661417322
0
LINE
8
BLACK
6
CONTINUOUS
10
-0.3247283070866142
20
0.6388158661417322
11
-0.3245214173228346
21
0.6382752755905512
0
LINE
8
BLACK
6
CONTINUOUS
10
-0.3245214173228346
20
0.6382752755905512
11
-0.3245138976377953
21
0.6381694094488188
0
LINE
8
BLACK
6
CONTINUOUS
10
-0.3245138976377953
20
0.6381694094488188
11
-0.3244733070866141
21
0.6380714173228347
0
LINE
8
BLACK
6
CONTINUOUS
10
-0.3244733070866141
20
0.6380714173228347
11
-0.3244165748031496
21
0.6374953543307087
0
LINE
8
BLACK
6
CONTINUOUS
10
-0.3244165748031496
20
0.6374953543307087
11
-0.3244165748031496
21
0.6337458267716535
0
LINE
8
BLACK
6
CONTINUOUS
10
-0.3244165748031496
20
0.6337458267716535
11
-0.3244733070866141
21
0.6331697637795275
0
LINE
8
BLACK
6
CONTINUOUS
10
-0.3244733070866141
20
0.6331697637795275
11
-0.3245138976377953
21
0.633071811023622
0
LINE
8
BLACK
6
CONTINUOUS
10
-0.3245138976377953
20
0.633071811023622
11
-0.3245214173228346
21
0.632965905511811
0
LINE
8
BLACK
6
CONTINUOUS
10
-0.3245214173228346
20
0.632965905511811
11
-0.3247283070866142
21
0.6324253149606299
0
LINE
8
BLACK
6
CONTINUOUS
10
-0.3247283070866142
20
0.6324253149606299
11
-0.3266030708661417
21
0.6286757874015748
0
LINE
8
BLACK
6
CONTINUOUS
10
-0.3266030708661417
20
0.6286757874015748
11
-0.3267591732283465
21
0.6284277952755906
0
LINE
8
BLACK
6
CONTINUOUS
10
-0.3267591732283465
20
0.6284277952755906
11
-0.3267889763779527
21
0.6283558267716536
0
LINE
8
BLACK
6
CONTINUOUS
10
-0.3267889763779527
20
0.6283558267716536
11
-0.3268554330708661
21
0.6282748818897638
0
LINE
8
BLACK
6
CONTINUOUS
10
-0.3268554330708661
20
0.6282748818897638
11
-0.3269114173228346
21
0.628185905511811
0
LINE
8
BLACK
6
CONTINUOUS
10
-0.3269114173228346
20
0.628185905511811
11
-0.3269704724409448
21
0.6281347244094488
0
LINE
8
BLACK
6
CONTINUOUS
10
-0.3269704724409448
20
0.6281347244094488
11
-0.3271562204724409
21
0.6279083464566929
0
LINE
8
BLACK
6
CONTINUOUS
10
-0.3271562204724409
20
0.6279083464566929
11
-0.3290310236220472
21
0.6260335826771654
0
LINE
8
BLACK
6
CONTINUOUS
10
-0.3290310236220472
20
0.6260335826771654
11
-0.3292573622047244
21
0.625847874015748
0
LINE
8
BLACK
6
CONTINUOUS
10
-0.3292573622047244
20
0.625847874015748
11
-0.3293085039370079
21
0.6257888582677166
0
LINE
8
BLACK
6
CONTINUOUS
10
-0.3293085039370079
20
0.6257888582677166
11
-0.3293974409448819
21
0.6257329133858267
0
LINE
8
BLACK
6
CONTINUOUS
10
-0.3293974409448819
20
0.6257329133858267
11
-0.3294784645669291
21
0.6256663779527559
0
LINE
8
BLACK
6
CONTINUOUS
10
-0.3294784645669291
20
0.6256663779527559
11
-0.3295505118110236
21
0.6256365748031496
0
LINE
8
BLACK
6
CONTINUOUS
10
-0.3295505118110236
20
0.6256365748031496
11
-0.3297983858267716
21
0.6254805118110236
0
LINE
8
BLACK
6
CONTINUOUS
10
-0.3297983858267716
20
0.6254805118110236
11
-0.3335479133858268
21
0.623605748031496
0
LINE
8
BLACK
6
CONTINUOUS
10
-0.3335479133858268
20
0.623605748031496
11
-0.3335900393700788
21
0.6235896456692913
0
LINE
8
BLACK
6
CONTINUOUS
10
-0.3335900393700788
20
0.6235896456692913
11
-0.3336071653543307
21
0.6235769291338582
0
LINE
8
BLACK
6
CONTINUOUS
10
-0.3336071653543307
20
0.6235769291338582
11
-0.3338491338582677
21
0.6234905118110237
0
LINE
8
BLACK
6
CONTINUOUS
10
-0.3338491338582677
20
0.6234905118110237
11
-0.3340885433070866
21
0.6233988582677166
0
LINE
8
BLACK
6
CONTINUOUS
10
-0.3340885433070866
20
0.6233988582677166
11
-0.3341098031496063
21
0.6233973622047244
0
LINE
8
BLACK
6
CONTINUOUS
10
-0.3341098031496063
20
0.6233973622047244
11
-0.3341522834645669
21
0.6233821653543307
0
LINE
8
BLACK
6
CONTINUOUS
10
-0.3341522834645669
20
0.6233821653543307
11
-0.3416513385826772
21
0.6215074015748031
0
LINE
8
BLACK
6
CONTINUOUS
10
-0.3416513385826772
20
0.6215074015748031
11
-0.3417512204724409
21
0.6214926377952755
0
LINE
8
BLACK
6
CONTINUOUS
10
-0.3417512204724409
20
0.6214926377952755
11
-0.3417914173228346
21
0.6214759842519685
0
LINE
8
BLACK
6
CONTINUOUS
10
-0.3417914173228346
20
0.6214759842519685
11
-0.3420084645669291
21
0.6214546456692913
0
LINE
8
BLACK
6
CONTINUOUS
10
-0.3420084645669291
20
0.6214546456692913
11
-0.342223937007874
21
0.6214227559055118
0
LINE
8
BLACK
6
CONTINUOUS
10
-0.342223937007874
20
0.6214227559055118
11
-0.342266968503937
21
0.6214291732283465
0
LINE
8
BLACK
6
CONTINUOUS
10
-0.342266968503937
20
0.6214291732283465
11
-0.3423674803149606
21
0.6214192519685039
0
LINE
8
BLACK
6
CONTINUOUS
10
-0.3423674803149606
20
0.6214192519685039
11
-0.3517412992125984
21
0.6214192519685039
0
LINE
8
BLACK
6
CONTINUOUS
10
-0.3517412992125984
20
0.6214192519685039
11
-0.3518418503937008
21
0.6214291732283465
0
LINE
8
BLACK
6
CONTINUOUS
10
-0.3518418503937008
20
0.6214291732283465
11
-0.351884842519685
21
0.6214227559055118
0
LINE
8
BLACK
6
CONTINUOUS
10
-0.351884842519685
20
0.6214227559055118
11
-0.3521003543307086
21
0.6214546456692913
0
LINE
8
BLACK
6
CONTINUOUS
10
-0.3521003543307086
20
0.6214546456692913
11
-0.3523173622047244
21
0.6214759842519685
0
LINE
8
BLACK
6
CONTINUOUS
10
-0.3523173622047244
20
0.6214759842519685
11
-0.3523575984251968
21
0.6214926377952755
0
LINE
8
BLACK
6
CONTINUOUS
10
-0.3523575984251968
20
0.6214926377952755
11
-0.3524574409448819
21
0.6215074015748031
0
LINE
8
BLACK
6
CONTINUOUS
10
-0.3524574409448819
20
0.6215074015748031
11
-0.3599564960629921
21
0.6233821653543307
0
LINE
8
BLACK
6
CONTINUOUS
10
-0.3599564960629921
20
0.6233821653543307
11
-0.3599990157480315
21
0.6233973622047244
0
LINE
8
BLACK
6
CONTINUOUS
10
-0.3599990157480315
20
0.6233973622047244
11
-0.3600202755905512
21
0.6233988582677166
0
LINE
8
BLACK
6
CONTINUOUS
10
-0.3600202755905512
20
0.6233988582677166
11
-0.3602600393700787
21
0.6234906299212598
0
LINE
8
BLACK
6
CONTINUOUS
10
-0.3602600393700787
20
0.6234906299212598
11
-0.3605016141732283
21
0.6235769291338582
0
LINE
8
BLACK
6
CONTINUOUS
10
-0.3605016141732283
20
0.6235769291338582
11
-0.3605187795275591
21
0.6235896456692913
0
LINE
8
BLACK
6
CONTINUOUS
10
-0.3605187795275591
20
0.6235896456692913
11
-0.3605608661417323
21
0.623605748031496
0
LINE
8
BLACK
6
CONTINUOUS
10
-0.3605608661417323
20
0.623605748031496
11
-0.3643103937007874
21
0.6254805118110236
0
LINE
8
BLACK
6
CONTINUOUS
10
-0.3643103937007874
20
0.6254805118110236
11
-0.3645584251968504
21
0.6256366141732284
0
LINE
8
BLACK
6
CONTINUOUS
10
-0.3645584251968504
20
0.6256366141732284
11
-0.3646303543307087
21
0.6256664173228347
0
LINE
8
BLACK
6
CONTINUOUS
10
-0.3646303543307087
20
0.6256664173228347
11
-0.3647113385826772
21
0.6257329133858267
0
LINE
8
BLACK
6
CONTINUOUS
10
-0.3647113385826772
20
0.6257329133858267
11
-0.3648002755905512
21
0.6257888582677166
0
LINE
8
BLACK
6
CONTINUOUS
10
-0.3648002755905512
20
0.6257888582677166
11
-0.3648514566929134
21
0.625847874015748
0
LINE
8
BLACK
6
CONTINUOUS
10
-0.3648514566929134
20
0.625847874015748
11
-0.3650777952755905
21
0.6260336220472441
0
LINE
8
BLACK
6
CONTINUOUS
10
-0.3650777952755905
20
0.6260336220472441
11
-0.3669525590551181
21
0.6279083858267717
0
LINE
8
BLACK
6
CONTINUOUS
10
-0.3669525590551181
20
0.6279083858267717
11
-0.3671383464566929
21
0.6281347637795276
0
LINE
8
BLACK
6
CONTINUOUS
10
-0.3671383464566929
20
0.6281347637795276
11
-0.3671973228346457
21
0.628185905511811
0
LINE
8
BLACK
6
CONTINUOUS
10
-0.3671973228346457
20
0.628185905511811
11
-0.3672533070866142
21
0.6282748818897638
0
LINE
8
BLACK
6
CONTINUOUS
10
-0.3672533070866142
20
0.6282748818897638
11
-0.3673197637795276
21
0.6283558267716536
0
LINE
8
BLACK
6
CONTINUOUS
10
-0.3673197637795276
20
0.6283558267716536
11
-0.3673496062992126
21
0.6284277952755906
0
LINE
8
BLACK
6
CONTINUOUS
10
-0.3673496062992126
20
0.6284277952755906
11
-0.3675056692913386
21
0.6286757874015748
0
LINE
8
BLACK
6
CONTINUOUS
10
-0.3675056692913386
20
0.6286757874015748
11
-0.3693804330708662
21
0.6324253149606299
0
LINE
8
BLACK
6
CONTINUOUS
10
-0.3693804330708662
20
0.6324253149606299
11
-0.3695873228346457
21
0.6329659448818897
0
LINE
8
BLACK
6
CONTINUOUS
10
-0.3695873228346457
20
0.6329659448818897
11
-0.3695948425196851
21
0.6330717716535433
0
LINE
8
BLACK
6
CONTINUOUS
10
-0.3695948425196851
20
0.6330717716535433
11
-0.3696354330708662
21
0.6331697637795275
0
LINE
8
BLACK
6
CONTINUOUS
10
-0.3696354330708662
20
0.6331697637795275
11
-0.3696921653543307
21
0.6337458267716535
0
LINE
8
BLACK
6
CONTINUOUS
10
-0.3696921653543307
20
0.6337458267716535
11
-0.3696921653543307
21
0.6374953543307087
0
LINE
8
BLACK
6
CONTINUOUS
10
-0.3696921653543307
20
0.6374953543307087
11
-0.3696354330708662
21
0.6380714173228347
0
LINE
8
BLACK
6
CONTINUOUS
10
-0.3696354330708662
20
0.6380714173228347
11
-0.3695948425196851
21
0.6381694488188976
0
LINE
8
BLACK
6
CONTINUOUS
10
-0.3695948425196851
20
0.6381694488188976
11
-0.3695873228346457
21
0.6382752362204724
0
LINE
8
BLACK
6
CONTINUOUS
10
-0.3695873228346457
20
0.6382752362204724
11
-0.3693804330708662
21
0.6388158661417322
0
LINE
8
BLACK
6
CONTINUOUS
10
-0.3693804330708662
20
0.6388158661417322
11
-0.3675056692913386
21
0.6425653937007874
0
LINE
8
BLACK
6
CONTINUOUS
10
-0.3675056692913386
20
0.6425653937007874
11
-0.3673496062992126
21
0.6428134251968504
0
LINE
8
BLACK
6
CONTINUOUS
10
-0.3673496062992126
20
0.6428134251968504
11
-0.3673197637795276
21
0.6428853543307086
0
LINE
8
BLACK
6
CONTINUOUS
10
-0.3673197637795276
20
0.6428853543307086
11
-0.3672533070866142
21
0.6429663385826772
0
LINE
8
BLACK
6
CONTINUOUS
10
-0.3672533070866142
20
0.6429663385826772
11
-0.3671973228346457
21
0.6430552755905512
0
LINE
8
BLACK
6
CONTINUOUS
10
-0.3671973228346457
20
0.6430552755905512
11
-0.3671383464566929
21
0.6431064566929133
0
LINE
8
BLACK
6
CONTINUOUS
10
-0.3671383464566929
20
0.6431064566929133
11
-0.3669525590551181
21
0.6433327952755905
0
LINE
8
BLACK
6
CONTINUOUS
10
-0.3669525590551181
20
0.6433327952755905
11
-0.3650777952755905
21
0.6452075590551181
0
LINE
8
BLACK
6
CONTINUOUS
10
-0.3650777952755905
20
0.6452075590551181
11
-0.3648514566929134
21
0.6453933464566929
0
LINE
8
BLACK
6
CONTINUOUS
10
-0.3648514566929134
20
0.6453933464566929
11
-0.3648002755905512
21
0.6454523228346457
0
LINE
8
BLACK
6
CONTINUOUS
10
-0.3648002755905512
20
0.6454523228346457
11
-0.3647113385826772
21
0.6455083070866141
0
LINE
8
BLACK
6
CONTINUOUS
10
-0.3647113385826772
20
0.6455083070866141
11
-0.3646303543307087
21
0.6455747637795275
0
LINE
8
BLACK
6
CONTINUOUS
10
-0.3646303543307087
20
0.6455747637795275
11
-0.3645584251968504
21
0.6456046062992126
0
LINE
8
BLACK
6
CONTINUOUS
10
-0.3645584251968504
20
0.6456046062992126
11
-0.3643103937007874
21
0.6457606692913386
0
LINE
8
BLACK
6
CONTINUOUS
10
-0.3643103937007874
20
0.6457606692913386
11
-0.3605608661417323
21
0.6476354330708661
0
LINE
8
BLACK
6
CONTINUOUS
10
-0.3605608661417323
20
0.6476354330708661
11
-0.3605187795275591
21
0.6476515748031496
0
LINE
8
BLACK
6
CONTINUOUS
10
-0.3605187795275591
20
0.6476515748031496
11
-0.3605016141732283
21
0.647664251968504
0
LINE
8
BLACK
6
CONTINUOUS
10
-0.3605016141732283
20
0.647664251968504
11
-0.3602600393700787
21
0.6477505905511811
0
LINE
8
BLACK
6
CONTINUOUS
10
-0.3602600393700787
20
0.6477505905511811
11
-0.3600202755905512
21
0.6478423228346456
0
LINE
8
BLACK
6
CONTINUOUS
10
-0.3600202755905512
20
0.6478423228346456
11
-0.3599990157480315
21
0.6478438582677165
0
LINE
8
BLACK
6
CONTINUOUS
10
-0.3599990157480315
20
0.6478438582677165
11
-0.3599564960629921
21
0.6478590157480315
0
LINE
8
BLACK
6
CONTINUOUS
10
-0.3599564960629921
20
0.6478590157480315
11
-0.3524574409448819
21
0.6497337795275591
0
LINE
8
BLACK
6
CONTINUOUS
10
-0.3524574409448819
20
0.6497337795275591
11
-0.3523575984251968
21
0.6497485826771653
0
LINE
8
BLACK
6
CONTINUOUS
10
-0.3523575984251968
20
0.6497485826771653
11
-0.3523173622047244
21
0.6497651968503937
0
LINE
8
BLACK
6
CONTINUOUS
10
-0.3523173622047244
20
0.6497651968503937
11
-0.3521003543307086
21
0.6497865748031496
0
LINE
8
BLACK
6
CONTINUOUS
10
-0.3521003543307086
20
0.6497865748031496
11
-0.351884842519685
21
0.6498184251968504
0
LINE
8
BLACK
6
CONTINUOUS
10
-0.351884842519685
20
0.6498184251968504
11
-0.3518418503937008
21
0.6498120472440945
0
LINE
8
BLACK
6
CONTINUOUS
10
-0.3518418503937008
20
0.6498120472440945
11
-0.3517412992125984
21
0.6498219291338583
0
LINE
8
BLACK
6
CONTINUOUS
10
-0.3517412992125984
20
0.6498219291338583
11
-0.3423674803149606
21
0.6498219291338583
0
LINE
8
BLACK
6
CONTINUOUS
10
-0.3423674803149606
20
0.6498219291338583
11
-0.342266968503937
21
0.6498120472440945
0
LINE
8
BLACK
6
CONTINUOUS
10
-0.3582098031496063
20
0.6422084251968504
11
-0.3612407874015748
21
0.6406929133858268
0
LINE
8
BLACK
6
CONTINUOUS
10
-0.3612407874015748
20
0.6406929133858268
11
-0.3624379133858268
21
0.6394957874015748
0
LINE
8
BLACK
6
CONTINUOUS
10
-0.3624379133858268
20
0.6394957874015748
11
-0.3637866535433071
21
0.6367983070866141
0
LINE
8
BLACK
6
CONTINUOUS
10
-0.3637866535433071
20
0.6367983070866141
11
-0.3637866535433071
21
0.6344428740157481
0
LINE
8
BLACK
6
CONTINUOUS
10
-0.3637866535433071
20
0.6344428740157481
11
-0.3624379133858268
21
0.6317453937007874
0
LINE
8
BLACK
6
CONTINUOUS
10
-0.3624379133858268
20
0.6317453937007874
11
-0.3612407874015748
21
0.6305482677165354
0
LINE
8
BLACK
6
CONTINUOUS
10
-0.3612407874015748
20
0.6305482677165354
11
-0.3582098031496063
21
0.6290327952755905
0
LINE
8
BLACK
6
CONTINUOUS
10
-0.3582098031496063
20
0.6290327952755905
11
-0.3513777559055118
21
0.6273247637795275
0
LINE
8
BLACK
6
CONTINUOUS
10
-0.3513777559055118
20
0.6273247637795275
11
-0.3427310236220472
21
0.6273247637795275
0
LINE
8
BLACK
6
CONTINUOUS
10
-0.3427310236220472
20
0.6273247637795275
11
-0.3358989763779527
21
0.6290327952755905
0
LINE
8
BLACK
6
CONTINUOUS
10
-0.3358989763779527
20
0.6290327952755905
11
-0.3328679921259842
21
0.6305483070866141
0
LINE
8
BLACK
6
CONTINUOUS
10
-0.3328679921259842
20
0.6305483070866141
11
-0.3316708267716535
21
0.6317454330708662
0
LINE
8
BLACK
6
CONTINUOUS
10
-0.3316708267716535
20
0.6317454330708662
11
-0.3303220866141732
21
0.6344428740157481
0
LINE
8
BLACK
6
CONTINUOUS
10
-0.3303220866141732
20
0.6344428740157481
11
-0.3303220866141732
21
0.6367983070866141
0
LINE
8
BLACK
6
CONTINUOUS
10
-0.3303220866141732
20
0.6367983070866141
11
-0.3316708267716535
21
0.6394957874015748
0
LINE
8
BLACK
6
CONTINUOUS
10
-0.3316708267716535
20
0.6394957874015748
11
-0.3328679921259842
21
0.6406929133858268
0
LINE
8
BLACK
6
CONTINUOUS
10
-0.3328679921259842
20
0.6406929133858268
11
-0.3358989763779527
21
0.6422084251968504
0
LINE
8
BLACK
6
CONTINUOUS
10
-0.3358989763779527
20
0.6422084251968504
11
-0.3427310236220472
21
0.6439164173228347
0
LINE
8
BLACK
6
CONTINUOUS
10
-0.3427310236220472
20
0.6439164173228347
11
-0.3513777559055118
21
0.6439164173228347
0
LINE
8
BLACK
6
CONTINUOUS
10
-0.3513777559055118
20
0.6439164173228347
11
-0.3582098031496063
21
0.6422084251968504
0
LINE
8
BLACK
6
CONTINUOUS
10
1.0577330314960629
20
0.6498120472440945
11
1.057776062992126
21
0.6498184251968504
0
LINE
8
BLACK
6
CONTINUOUS
10
1.057776062992126
20
0.6498184251968504
11
1.0579915354330709
21
0.6497865748031496
0
LINE
8
BLACK
6
CONTINUOUS
10
1.0579915354330709
20
0.6497865748031496
11
1.0582085826771652
21
0.6497651968503937
0
LINE
8
BLACK
6
CONTINUOUS
10
1.0582085826771652
20
0.6497651968503937
11
1.058248779527559
21
0.6497485826771653
0
LINE
8
BLACK
6
CONTINUOUS
10
1.058248779527559
20
0.6497485826771653
11
1.0583486614173228
21
0.6497337795275591
0
LINE
8
BLACK
6
CONTINUOUS
10
1.0583486614173228
20
0.6497337795275591
11
1.065847716535433
21
0.6478590157480315
0
LINE
8
BLACK
6
CONTINUOUS
10
1.065847716535433
20
0.6478590157480315
11
1.0658901968503938
21
0.6478438582677165
0
LINE
8
BLACK
6
CONTINUOUS
10
1.0658901968503938
20
0.6478438582677165
11
1.0659114566929133
21
0.6478423228346456
0
LINE
8
BLACK
6
CONTINUOUS
10
1.0659114566929133
20
0.6478423228346456
11
1.0661508661417323
21
0.6477507086614173
0
LINE
8
BLACK
6
CONTINUOUS
10
1.0661508661417323
20
0.6477507086614173
11
1.0663928346456693
21
0.647664251968504
0
LINE
8
BLACK
6
CONTINUOUS
10
1.0663928346456693
20
0.647664251968504
11
1.0664099606299213
21
0.6476515748031496
0
LINE
8
BLACK
6
CONTINUOUS
10
1.0664099606299213
20
0.6476515748031496
11
1.0664520866141731
21
0.6476354330708661
0
LINE
8
BLACK
6
CONTINUOUS
10
1.0664520866141731
20
0.6476354330708661
11
1.0702016141732282
21
0.6457606692913386
0
LINE
8
BLACK
6
CONTINUOUS
10
1.0702016141732282
20
0.6457606692913386
11
1.0704494881889763
21
0.6456046456692913
0
LINE
8
BLACK
6
CONTINUOUS
10
1.0704494881889763
20
0.6456046456692913
11
1.0705215354330708
21
0.6455748031496062
0
LINE
8
BLACK
6
CONTINUOUS
10
1.0705215354330708
20
0.6455748031496062
11
1.070602559055118
21
0.6455083070866141
0
LINE
8
BLACK
6
CONTINUOUS
10
1.070602559055118
20
0.6455083070866141
11
1.0706914960629921
21
0.6454523228346457
0
LINE
8
BLACK
6
CONTINUOUS
10
1.0706914960629921
20
0.6454523228346457
11
1.0707426377952756
21
0.6453933464566929
0
LINE
8
BLACK
6
CONTINUOUS
10
1.0707426377952756
20
0.6453933464566929
11
1.0709689763779526
21
0.6452075984251968
0
LINE
8
BLACK
6
CONTINUOUS
10
1.0709689763779526
20
0.6452075984251968
11
1.0728437795275589
21
0.6433328346456693
0
LINE
8
BLACK
6
CONTINUOUS
10
1.0728437795275589
20
0.6433328346456693
11
1.0730295275590551
21
0.6431064960629921
0
LINE
8
BLACK
6
CONTINUOUS
10
1.0730295275590551
20
0.6431064960629921
11
1.0730885826771652
21
0.6430552755905512
0
LINE
8
BLACK
6
CONTINUOUS
10
1.0730885826771652
20
0.6430552755905512
11
1.0731445669291337
21
0.6429663385826772
0
LINE
8
BLACK
6
CONTINUOUS
10
1.0731445669291337
20
0.6429663385826772
11
1.0732110236220471
21
0.6428853543307086
0
LINE
8
BLACK
6
CONTINUOUS
10
1.0732110236220471
20
0.6428853543307086
11
1.0732408267716536
21
0.6428134251968504
0
LINE
8
BLACK
6
CONTINUOUS
10
1.0732408267716536
20
0.6428134251968504
11
1.0733969291338583
21
0.6425653937007874
0
LINE
8
BLACK
6
CONTINUOUS
10
1.0733969291338583
20
0.6425653937007874
11
1.0752716929133859
21
0.6388158661417322
0
LINE
8
BLACK
6
CONTINUOUS
10
1.0752716929133859
20
0.6388158661417322
11
1.0754785826771653
21
0.6382752755905512
0
LINE
8
BLACK
6
CONTINUOUS
10
1.0754785826771653
20
0.6382752755905512
11
1.0754861023622047
21
0.6381694094488188
0
LINE
8
BLACK
6
CONTINUOUS
10
1.0754861023622047
20
0.6381694094488188
11
1.0755266929133858
21
0.6380714173228347
0
LINE
8
BLACK
6
CONTINUOUS
10
1.0755266929133858
20
0.6380714173228347
11
1.0755834251968504
21
0.6374953543307087
0
LINE
8
BLACK
6
CONTINUOUS
10
1.0755834251968504
20
0.6374953543307087
11
1.0755834251968504
21
0.6337458267716535
0
LINE
8
BLACK
6
CONTINUOUS
10
1.0755834251968504
20
0.6337458267716535
11
1.0755266929133858
21
0.6331697637795275
0
LINE
8
BLACK
6
CONTINUOUS
10
1.0755266929133858
20
0.6331697637795275
11
1.0754861023622047
21
0.633071811023622
0
LINE
8
BLACK
6
CONTINUOUS
10
1.0754861023622047
20
0.633071811023622
11
1.0754785826771653
21
0.632965905511811
0
LINE
8
BLACK
6
CONTINUOUS
10
1.0754785826771653
20
0.632965905511811
11
1.0752716929133859
21
0.6324253149606299
0
LINE
8
BLACK
6
CONTINUOUS
10
1.0752716929133859
20
0.6324253149606299
11
1.0733969291338583
21
0.6286757874015748
0
LINE
8
BLACK
6
CONTINUOUS
10
1.0733969291338583
20
0.6286757874015748
11
1.0732408267716536
21
0.6284277952755906
0
LINE
8
BLACK
6
CONTINUOUS
10
1.0732408267716536
20
0.6284277952755906
11
1.0732110236220471
21
0.6283558267716536
0
LINE
8
BLACK
6
CONTINUOUS
10
1.0732110236220471
20
0.6283558267716536
11
1.0731445669291337
21
0.6282748818897638
0
LINE
8
BLACK
6
CONTINUOUS
10
1.0731445669291337
20
0.6282748818897638
11
1.0730885826771652
21
0.628185905511811
0
LINE
8
BLACK
6
CONTINUOUS
10
1.0730885826771652
20
0.628185905511811
11
1.0730295275590551
21
0.6281347244094488
0
LINE
8
BLACK
6
CONTINUOUS
10
1.0730295275590551
20
0.6281347244094488
11
1.0728437795275589
21
0.6279083464566929
0
LINE
8
BLACK
6
CONTINUOUS
10
1.0728437795275589
20
0.6279083464566929
11
1.0709689763779526
21
0.6260335826771654
0
LINE
8
BLACK
6
CONTINUOUS
10
1.0709689763779526
20
0.6260335826771654
11
1.0707426377952756
21
0.625847874015748
0
LINE
8
BLACK
6
CONTINUOUS
10
1.0707426377952756
20
0.625847874015748
11
1.0706914960629921
21
0.6257888582677166
0
LINE
8
BLACK
6
CONTINUOUS
10
1.0706914960629921
20
0.6257888582677166
11
1.070602559055118
21
0.6257329133858267
0
LINE
8
BLACK
6
CONTINUOUS
10
1.070602559055118
20
0.6257329133858267
11
1.0705215354330708
21
0.6256663779527559
0
LINE
8
BLACK
6
CONTINUOUS
10
1.0705215354330708
20
0.6256663779527559
11
1.0704494881889763
21
0.6256365748031496
0
LINE
8
BLACK
6
CONTINUOUS
10
1.0704494881889763
20
0.6256365748031496
11
1.0702016141732282
21
0.6254805118110236
0
LINE
8
BLACK
6
CONTINUOUS
10
1.0702016141732282
20
0.6254805118110236
11
1.0664520866141731
21
0.623605748031496
0
LINE
8
BLACK
6
CONTINUOUS
10
1.0664520866141731
20
0.623605748031496
11
1.0664099606299213
21
0.6235896456692913
0
LINE
8
BLACK
6
CONTINUOUS
10
1.0664099606299213
20
0.6235896456692913
11
1.0663928346456693
21
0.6235769291338582
0
LINE
8
BLACK
6
CONTINUOUS
10
1.0663928346456693
20
0.6235769291338582
11
1.0661508661417323
21
0.6234905118110237
0
LINE
8
BLACK
6
CONTINUOUS
10
1.0661508661417323
20
0.6234905118110237
11
1.0659114566929133
21
0.6233988582677166
0
LINE
8
BLACK
6
CONTINUOUS
10
1.0659114566929133
20
0.6233988582677166
11
1.0658901968503938
21
0.6233973622047244
0
LINE
8
BLACK
6
CONTINUOUS
10
1.0658901968503938
20
0.6233973622047244
11
1.065847716535433
21
0.6233821653543307
0
LINE
8
BLACK
6
CONTINUOUS
10
1.065847716535433
20
0.6233821653543307
11
1.0583486614173228
21
0.6215074015748031
0
LINE
8
BLACK
6
CONTINUOUS
10
1.0583486614173228
20
0.6215074015748031
11
1.058248779527559
21
0.6214926377952755
0
LINE
8
BLACK
6
CONTINUOUS
10
1.058248779527559
20
0.6214926377952755
11
1.0582085826771652
21
0.6214759842519685
0
LINE
8
BLACK
6
CONTINUOUS
10
1.0582085826771652
20
0.6214759842519685
11
1.0579915354330709
21
0.6214546456692913
0
LINE
8
BLACK
6
CONTINUOUS
10
1.0579915354330709
20
0.6214546456692913
11
1.057776062992126
21
0.6214227559055118
0
LINE
8
BLACK
6
CONTINUOUS
10
1.057776062992126
20
0.6214227559055118
11
1.0577330314960629
21
0.6214291732283465
0
LINE
8
BLACK
6
CONTINUOUS
10
1.0577330314960629
20
0.6214291732283465
11
1.0576325196850394
21
0.6214192519685039
0
LINE
8
BLACK
6
CONTINUOUS
10
1.0576325196850394
20
0.6214192519685039
11
1.0482587007874016
21
0.6214192519685039
0
LINE
8
BLACK
6
CONTINUOUS
10
1.0482587007874016
20
0.6214192519685039
11
1.0481581496062993
21
0.6214291732283465
0
LINE
8
BLACK
6
CONTINUOUS
10
1.0481581496062993
20
0.6214291732283465
11
1.0481151574803149
21
0.6214227559055118
0
LINE
8
BLACK
6
CONTINUOUS
10
1.0481151574803149
20
0.6214227559055118
11
1.0478996456692913
21
0.6214546456692913
0
LINE
8
BLACK
6
CONTINUOUS
10
1.0478996456692913
20
0.6214546456692913
11
1.0476826377952755
21
0.6214759842519685
0
LINE
8
BLACK
6
CONTINUOUS
10
1.0476826377952755
20
0.6214759842519685
11
1.0476424015748032
21
0.6214926377952755
0
LINE
8
BLACK
6
CONTINUOUS
10
1.0476424015748032
20
0.6214926377952755
11
1.0475425590551182
21
0.6215074015748031
0
LINE
8
BLACK
6
CONTINUOUS
10
1.0475425590551182
20
0.6215074015748031
11
1.040043503937008
21
0.6233821653543307
0
LINE
8
BLACK
6
CONTINUOUS
10
1.040043503937008
20
0.6233821653543307
11
1.0400009842519684
21
0.6233973622047244
0
LINE
8
BLACK
6
CONTINUOUS
10
1.0400009842519684
20
0.6233973622047244
11
1.0399797244094489
21
0.6233988582677166
0
LINE
8
BLACK
6
CONTINUOUS
10
1.0399797244094489
20
0.6233988582677166
11
1.0397399606299211
21
0.6234906299212598
0
LINE
8
BLACK
6
CONTINUOUS
10
1.0397399606299211
20
0.6234906299212598
11
1.0394983858267717
21
0.6235769291338582
0
LINE
8
BLACK
6
CONTINUOUS
10
1.0394983858267717
20
0.6235769291338582
11
1.0394812204724408
21
0.6235896456692913
0
LINE
8
BLACK
6
CONTINUOUS
10
1.0394812204724408
20
0.6235896456692913
11
1.0394391338582676
21
0.623605748031496
0
LINE
8
BLACK
6
CONTINUOUS
10
1.0394391338582676
20
0.623605748031496
11
1.0356896062992125
21
0.6254805118110236
0
LINE
8
BLACK
6
CONTINUOUS
10
1.0356896062992125
20
0.6254805118110236
11
1.0354415748031496
21
0.6256366141732284
0
LINE
8
BLACK
6
CONTINUOUS
10
1.0354415748031496
20
0.6256366141732284
11
1.0353696456692913
21
0.6256664173228347
0
LINE
8
BLACK
6
CONTINUOUS
10
1.0353696456692913
20
0.6256664173228347
11
1.0352886614173229
21
0.6257329133858267
0
LINE
8
BLACK
6
CONTINUOUS
10
1.0352886614173229
20
0.6257329133858267
11
1.0351997244094489
21
0.6257888582677166
0
LINE
8
BLACK
6
CONTINUOUS
10
1.0351997244094489
20
0.6257888582677166
11
1.0351485433070866
21
0.625847874015748
0
LINE
8
BLACK
6
CONTINUOUS
10
1.0351485433070866
20
0.625847874015748
11
1.0349222047244093
21
0.6260336220472441
0
LINE
8
BLACK
6
CONTINUOUS
10
1.0349222047244093
20
0.6260336220472441
11
1.0330474409448818
21
0.6279083858267717
0
LINE
8
BLACK
6
CONTINUOUS
10
1.0330474409448818
20
0.6279083858267717
11
1.0328616535433071
21
0.6281347637795276
0
LINE
8
BLACK
6
CONTINUOUS
10
1.0328616535433071
20
0.6281347637795276
11
1.0328026771653542
21
0.628185905511811
0
LINE
8
BLACK
6
CONTINUOUS
10
1.0328026771653542
20
0.628185905511811
11
1.0327466929133857
21
0.6282748818897638
0
LINE
8
BLACK
6
CONTINUOUS
10
1.0327466929133857
20
0.6282748818897638
11
1.0326802362204723
21
0.6283558267716536
0
LINE
8
BLACK
6
CONTINUOUS
10
1.0326802362204723
20
0.6283558267716536
11
1.0326503937007874
21
0.6284277952755906
0
LINE
8
BLACK
6
CONTINUOUS
10
1.0326503937007874
20
0.6284277952755906
11
1.0324943307086614
21
0.6286757874015748
0
LINE
8
BLACK
6
CONTINUOUS
10
1.0324943307086614
20
0.6286757874015748
11
1.0306195669291338
21
0.6324253149606299
0
LINE
8
BLACK
6
CONTINUOUS
10
1.0306195669291338
20
0.6324253149606299
11
1.0304126771653543
21
0.6329659448818897
0
LINE
8
BLACK
6
CONTINUOUS
10
1.0304126771653543
20
0.6329659448818897
11
1.030405157480315
21
0.6330717716535433
0
LINE
8
BLACK
6
CONTINUOUS
10
1.030405157480315
20
0.6330717716535433
11
1.0303645669291339
21
0.6331697637795275
0
LINE
8
BLACK
6
CONTINUOUS
10
1.0303645669291339
20
0.6331697637795275
11
1.0303078346456693
21
0.6337458267716535
0
LINE
8
BLACK
6
CONTINUOUS
10
1.0303078346456693
20
0.6337458267716535
11
1.0303078346456693
21
0.6374953543307087
0
LINE
8
BLACK
6
CONTINUOUS
10
1.0303078346456693
20
0.6374953543307087
11
1.0303645669291339
21
0.6380714173228347
0
LINE
8
BLACK
6
CONTINUOUS
10
1.0303645669291339
20
0.6380714173228347
11
1.030405157480315
21
0.6381694488188976
0
LINE
8
BLACK
6
CONTINUOUS
10
1.030405157480315
20
0.6381694488188976
11
1.0304126771653543
21
0.6382752362204724
0
LINE
8
BLACK
6
CONTINUOUS
10
1.0304126771653543
20
0.6382752362204724
11
1.0306195669291338
21
0.6388158661417322
0
LINE
8
BLACK
6
CONTINUOUS
10
1.0306195669291338
20
0.6388158661417322
11
1.0324943307086614
21
0.6425653937007874
0
LINE
8
BLACK
6
CONTINUOUS
10
1.0324943307086614
20
0.6425653937007874
11
1.0326503937007874
21
0.6428134251968504
0
LINE
8
BLACK
6
CONTINUOUS
10
1.0326503937007874
20
0.6428134251968504
11
1.0326802362204723
21
0.6428853543307086
0
LINE
8
BLACK
6
CONTINUOUS
10
1.0326802362204723
20
0.6428853543307086
11
1.0327466929133857
21
0.6429663385826772
0
LINE
8
BLACK
6
CONTINUOUS
10
1.0327466929133857
20
0.6429663385826772
11
1.0328026771653542
21
0.6430552755905512
0
LINE
8
BLACK
6
CONTINUOUS
10
1.0328026771653542
20
0.6430552755905512
11
1.0328616535433071
21
0.6431064566929133
0
LINE
8
BLACK
6
CONTINUOUS
10
1.0328616535433071
20
0.6431064566929133
11
1.0330474409448818
21
0.6433327952755905
0
LINE
8
BLACK
6
CONTINUOUS
10
1.0330474409448818
20
0.6433327952755905
11
1.0349222047244093
21
0.6452075590551181
0
LINE
8
BLACK
6
CONTINUOUS
10
1.0349222047244093
20
0.6452075590551181
11
1.0351485433070866
21
0.6453933464566929
0
LINE
8
BLACK
6
CONTINUOUS
10
1.0351485433070866
20
0.6453933464566929
11
1.0351997244094489
21
0.6454523228346457
0
LINE
8
BLACK
6
CONTINUOUS
10
1.0351997244094489
20
0.6454523228346457
11
1.0352886614173229
21
0.6455083070866141
0
LINE
8
BLACK
6
CONTINUOUS
10
1.0352886614173229
20
0.6455083070866141
11
1.0353696456692913
21
0.6455747637795275
0
LINE
8
BLACK
6
CONTINUOUS
10
1.0353696456692913
20
0.6455747637795275
11
1.0354415748031496
21
0.6456046062992126
0
LINE
8
BLACK
6
CONTINUOUS
10
1.0354415748031496
20
0.6456046062992126
11
1.0356896062992125
21
0.6457606692913386
0
LINE
8
BLACK
6
CONTINUOUS
10
1.0356896062992125
20
0.6457606692913386
11
1.0394391338582676
21
0.6476354330708661
0
LINE
8
BLACK
6
CONTINUOUS
10
1.0394391338582676
20
0.6476354330708661
11
1.0394812204724408
21
0.6476515748031496
0
LINE
8
BLACK
6
CONTINUOUS
10
1.0394812204724408
20
0.6476515748031496
11
1.0394983858267717
21
0.647664251968504
0
LINE
8
BLACK
6
CONTINUOUS
10
1.0394983858267717
20
0.647664251968504
11
1.0397399606299211
21
0.6477505905511811
0
LINE
8
BLACK
6
CONTINUOUS
10
1.0397399606299211
20
0.6477505905511811
11
1.0399797244094489
21
0.6478423228346456
0
LINE
8
BLACK
6
CONTINUOUS
10
1.0399797244094489
20
0.6478423228346456
11
1.0400009842519684
21
0.6478438582677165
0
LINE
8
BLACK
6
CONTINUOUS
10
1.0400009842519684
20
0.6478438582677165
11
1.040043503937008
21
0.6478590157480315
0
LINE
8
BLACK
6
CONTINUOUS
10
1.040043503937008
20
0.6478590157480315
11
1.0475425590551182
21
0.6497337795275591
0
LINE
8
BLACK
6
CONTINUOUS
10
1.0475425590551182
20
0.6497337795275591
11
1.0476424015748032
21
0.6497485826771653
0
LINE
8
BLACK
6
CONTINUOUS
10
1.0476424015748032
20
0.6497485826771653
11
1.0476826377952755
21
0.6497651968503937
0
LINE
8
BLACK
6
CONTINUOUS
10
1.0476826377952755
20
0.6497651968503937
11
1.0478996456692913
21
0.6497865748031496
0
LINE
8
BLACK
6
CONTINUOUS
10
1.0478996456692913
20
0.6497865748031496
11
1.0481151574803149
21
0.6498184251968504
0
LINE
8
BLACK
6
CONTINUOUS
10
1.0481151574803149
20
0.6498184251968504
11
1.0481581496062993
21
0.6498120472440945
0
LINE
8
BLACK
6
CONTINUOUS
10
1.0481581496062993
20
0.6498120472440945
11
1.0482587007874016
21
0.6498219291338583
0
LINE
8
BLACK
6
CONTINUOUS
10
1.0482587007874016
20
0.6498219291338583
11
1.0576325196850394
21
0.6498219291338583
0
LINE
8
BLACK
6
CONTINUOUS
10
1.0576325196850394
20
0.6498219291338583
11
1.0577330314960629
21
0.6498120472440945
0
LINE
8
BLACK
6
CONTINUOUS
10
1.0417901968503938
20
0.6422084251968504
11
1.0387592125984251
21
0.6406929133858268
0
LINE
8
BLACK
6
CONTINUOUS
10
1.0387592125984251
20
0.6406929133858268
11
1.0375620866141733
21
0.6394957874015748
0
LINE
8
BLACK
6
CONTINUOUS
10
1.0375620866141733
20
0.6394957874015748
11
1.0362133464566929
21
0.6367983070866141
0
LINE
8
BLACK
6
CONTINUOUS
10
1.0362133464566929
20
0.6367983070866141
11
1.0362133464566929
21
0.6344428740157481
0
LINE
8
BLACK
6
CONTINUOUS
10
1.0362133464566929
20
0.6344428740157481
11
1.0375620866141733
21
0.6317453937007874
0
LINE
8
BLACK
6
CONTINUOUS
10
1.0375620866141733
20
0.6317453937007874
11
1.0387592125984251
21
0.6305482677165354
0
LINE
8
BLACK
6
CONTINUOUS
10
1.0387592125984251
20
0.6305482677165354
11
1.0417901968503938
21
0.6290327952755905
0
LINE
8
BLACK
6
CONTINUOUS
10
1.0417901968503938
20
0.6290327952755905
11
1.0486222440944881
21
0.6273247637795275
0
LINE
8
BLACK
6
CONTINUOUS
10
1.0486222440944881
20
0.6273247637795275
11
1.0572689763779528
21
0.6273247637795275
0
LINE
8
BLACK
6
CONTINUOUS
10
1.0572689763779528
20
0.6273247637795275
11
1.0641010236220472
21
0.6290327952755905
0
LINE
8
BLACK
6
CONTINUOUS
10
1.0641010236220472
20
0.6290327952755905
11
1.0671320078740156
21
0.6305483070866141
0
LINE
8
BLACK
6
CONTINUOUS
10
1.0671320078740156
20
0.6305483070866141
11
1.0683291732283464
21
0.6317454330708662
0
LINE
8
BLACK
6
CONTINUOUS
10
1.0683291732283464
20
0.6317454330708662
11
1.0696779133858267
21
0.6344428740157481
0
LINE
8
BLACK
6
CONTINUOUS
10
1.0696779133858267
20
0.6344428740157481
11
1.0696779133858267
21
0.6367983070866141
0
LINE
8
BLACK
6
CONTINUOUS
10
1.0696779133858267
20
0.6367983070866141
11
1.0683291732283464
21
0.6394957874015748
0
LINE
8
BLACK
6
CONTINUOUS
10
1.0683291732283464
20
0.6394957874015748
11
1.0671320078740156
21
0.6406929133858268
0
LINE
8
BLACK
6
CONTINUOUS
10
1.0671320078740156
20
0.6406929133858268
11
1.0641010236220472
21
0.6422084251968504
0
LINE
8
BLACK
6
CONTINUOUS
10
1.0641010236220472
20
0.6422084251968504
11
1.0572689763779528
21
0.6439164173228347
0
LINE
8
BLACK
6
CONTINUOUS
10
1.0572689763779528
20
0.6439164173228347
11
1.0486222440944881
21
0.6439164173228347
0
LINE
8
BLACK
6
CONTINUOUS
10
1.0486222440944881
20
0.6439164173228347
11
1.0417901968503938
21
0.6422084251968504
0
LINE
8
BLACK
6
CONTINUOUS
10
-0.3267932677165354
20
0.7303801574803149
11
-0.3257288582677165
21
0.729939251968504
0
LINE
8
BLACK
6
CONTINUOUS
10
-0.3257288582677165
20
0.729939251968504
11
-0.3249142125984252
21
0.7291246062992126
0
LINE
8
BLACK
6
CONTINUOUS
10
-0.3249142125984252
20
0.7291246062992126
11
-0.3244733070866141
21
0.7280601968503937
0
LINE
8
BLACK
6
CONTINUOUS
10
-0.3244733070866141
20
0.7280601968503937
11
-0.3244733070866141
21
0.7269080708661417
0
LINE
8
BLACK
6
CONTINUOUS
10
-0.3244733070866141
20
0.7269080708661417
11
-0.3249142125984252
21
0.7258436614173228
0
LINE
8
BLACK
6
CONTINUOUS
10
-0.3249142125984252
20
0.7258436614173228
11
-0.3257288582677165
21
0.7250290157480315
0
LINE
8
BLACK
6
CONTINUOUS
10
-0.3257288582677165
20
0.7250290157480315
11
-0.3267932677165354
21
0.7245881102362205
0
LINE
8
BLACK
6
CONTINUOUS
10
-0.3267932677165354
20
0.7245881102362205
11
-0.3273693307086614
21
0.7245313779527559
0
LINE
8
BLACK
6
CONTINUOUS
10
-0.3273693307086614
20
0.7245313779527559
11
-0.3472947244094488
21
0.7245313779527559
0
LINE
8
BLACK
6
CONTINUOUS
10
-0.3472947244094488
20
0.7245313779527559
11
-0.3495404724409449
21
0.7234085433070866
0
LINE
8
BLACK
6
CONTINUOUS
10
-0.3495404724409449
20
0.7234085433070866
11
-0.3506633070866141
21
0.7211627952755906
0
LINE
8
BLACK
6
CONTINUOUS
10
-0.3506633070866141
20
0.7211627952755906
11
-0.3506633070866141
21
0.7169325590551181
0
LINE
8
BLACK
6
CONTINUOUS
10
-0.3506633070866141
20
0.7169325590551181
11
-0.3495404724409449
21
0.7146868503937007
0
LINE
8
BLACK
6
CONTINUOUS
10
-0.3495404724409449
20
0.7146868503937007
11
-0.3472947244094488
21
0.7135639763779528
0
LINE
8
BLACK
6
CONTINUOUS
10
-0.3472947244094488
20
0.7135639763779528
11
-0.3273693307086614
21
0.7135639763779528
0
LINE
8
BLACK
6
CONTINUOUS
10
-0.3273693307086614
20
0.7135639763779528
11
-0.3267932677165354
21
0.7135072440944882
0
LINE
8
BLACK
6
CONTINUOUS
10
-0.3267932677165354
20
0.7135072440944882
11
-0.3257288582677165
21
0.7130663385826771
0
LINE
8
BLACK
6
CONTINUOUS
10
-0.3257288582677165
20
0.7130663385826771
11
-0.3249142125984252
21
0.7122516929133859
0
LINE
8
BLACK
6
CONTINUOUS
10
-0.3249142125984252
20
0.7122516929133859
11
-0.3244733070866141
21
0.7111872834645669
0
LINE
8
BLACK
6
CONTINUOUS
10
-0.3244733070866141
20
0.7111872834645669
11
-0.3244733070866141
21
0.710035157480315
0
LINE
8
BLACK
6
CONTINUOUS
10
-0.3244733070866141
20
0.710035157480315
11
-0.3249142125984252
21
0.7089707480314961
0
LINE
8
BLACK
6
CONTINUOUS
10
-0.3249142125984252
20
0.7089707480314961
11
-0.3257288582677165
21
0.7081561023622047
0
LINE
8
BLACK
6
CONTINUOUS
10
-0.3257288582677165
20
0.7081561023622047
11
-0.3267932677165354
21
0.7077151968503936
0
LINE
8
BLACK
6
CONTINUOUS
10
-0.3267932677165354
20
0.7077151968503936
11
-0.3273693307086614
21
0.7076584645669292
0
LINE
8
BLACK
6
CONTINUOUS
10
-0.3273693307086614
20
0.7076584645669292
11
-0.3472947244094488
21
0.7076584645669292
0
LINE
8
BLACK
6
CONTINUOUS
10
-0.3472947244094488
20
0.7076584645669292
11
-0.3495404724409449
21
0.7065356299212598
0
LINE
8
BLACK
6
CONTINUOUS
10
-0.3495404724409449
20
0.7065356299212598
11
-0.3506633070866141
21
0.7042898818897637
0
LINE
8
BLACK
6
CONTINUOUS
10
-0.3506633070866141
20
0.7042898818897637
11
-0.3506633070866141
21
0.7000596850393701
0
LINE
8
BLACK
6
CONTINUOUS
10
-0.3506633070866141
20
0.7000596850393701
11
-0.3493145669291339
21
0.6973622047244095
0
LINE
8
BLACK
6
CONTINUOUS
10
-0.3493145669291339
20
0.6973622047244095
11
-0.3486434645669291
21
0.6966911023622047
0
LINE
8
BLACK
6
CONTINUOUS
10
-0.3486434645669291
20
0.6966911023622047
11
-0.3273693307086614
21
0.6966911023622047
0
LINE
8
BLACK
6
CONTINUOUS
10
-0.3273693307086614
20
0.6966911023622047
11
-0.3267932677165354
21
0.6966343700787402
0
LINE
8
BLACK
6
CONTINUOUS
10
-0.3267932677165354
20
0.6966343700787402
11
-0.3257288582677165
21
0.6961934645669291
0
LINE
8
BLACK
6
CONTINUOUS
10
-0.3257288582677165
20
0.6961934645669291
11
-0.3249142125984252
21
0.6953788188976378
0
LINE
8
BLACK
6
CONTINUOUS
10
-0.3249142125984252
20
0.6953788188976378
11
-0.3244733070866141
21
0.6943144094488188
0
LINE
8
BLACK
6
CONTINUOUS
10
-0.3244733070866141
20
0.6943144094488188
11
-0.3244733070866141
21
0.6931622834645669
0
LINE
8
BLACK
6
CONTINUOUS
10
-0.3244733070866141
20
0.6931622834645669
11
-0.3249142125984252
21
0.692097874015748
0
LINE
8
BLACK
6
CONTINUOUS
10
-0.3249142125984252
20
0.692097874015748
11
-0.3257288582677165
21
0.6912832283464567
0
LINE
8
BLACK
6
CONTINUOUS
10
-0.3257288582677165
20
0.6912832283464567
11
-0.3267932677165354
21
0.6908423228346456
0
LINE
8
BLACK
6
CONTINUOUS
10
-0.3267932677165354
20
0.6908423228346456
11
-0.3273693307086614
21
0.6907855905511811
0
LINE
8
BLACK
6
CONTINUOUS
10
-0.3273693307086614
20
0.6907855905511811
11
-0.353616062992126
21
0.6907855905511811
0
LINE
8
BLACK
6
CONTINUOUS
10
-0.353616062992126
20
0.6907855905511811
11
-0.354192125984252
21
0.6908423228346456
0
LINE
8
BLACK
6
CONTINUOUS
10
-0.354192125984252
20
0.6908423228346456
11
-0.3552565354330708
21
0.6912832283464567
0
LINE
8
BLACK
6
CONTINUOUS
10
-0.3552565354330708
20
0.6912832283464567
11
-0.3560711811023622
21
0.692097874015748
0
LINE
8
BLACK
6
CONTINUOUS
10
-0.3560711811023622
20
0.692097874015748
11
-0.3565120866141732
21
0.6931622834645669
0
LINE
8
BLACK
6
CONTINUOUS
10
-0.3565120866141732
20
0.6931622834645669
11
-0.3565120866141732
21
0.6943144094488188
0
LINE
8
BLACK
6
CONTINUOUS
10
-0.3565120866141732
20
0.6943144094488188
11
-0.3560711811023622
21
0.6953788188976378
0
LINE
8
BLACK
6
CONTINUOUS
10
-0.3560711811023622
20
0.6953788188976378
11
-0.3553073622047244
21
0.6961426771653543
0
LINE
8
BLACK
6
CONTINUOUS
10
-0.3553073622047244
20
0.6961426771653543
11
-0.3562570866141732
21
0.698042125984252
0
LINE
8
BLACK
6
CONTINUOUS
10
-0.3562570866141732
20
0.698042125984252
11
-0.3564639763779527
21
0.6985827559055118
0
LINE
8
BLACK
6
CONTINUOUS
10
-0.3564639763779527
20
0.6985827559055118
11
-0.3564714960629921
21
0.6986885826771654
0
LINE
8
BLACK
6
CONTINUOUS
10
-0.3564714960629921
20
0.6986885826771654
11
-0.3565120866141732
21
0.6987865748031495
0
LINE
8
BLACK
6
CONTINUOUS
10
-0.3565120866141732
20
0.6987865748031495
11
-0.3565688188976378
21
0.6993626377952755
0
LINE
8
BLACK
6
CONTINUOUS
10
-0.3565688188976378
20
0.6993626377952755
11
-0.3565688188976378
21
0.7049869291338583
0
LINE
8
BLACK
6
CONTINUOUS
10
-0.3565688188976378
20
0.7049869291338583
11
-0.3565120866141732
21
0.7055629921259843
0
LINE
8
BLACK
6
CONTINUOUS
10
-0.3565120866141732
20
0.7055629921259843
11
-0.3564714960629921
21
0.7056610236220472
0
LINE
8
BLACK
6
CONTINUOUS
10
-0.3564714960629921
20
0.7056610236220472
11
-0.3564639763779527
21
0.705766811023622
0
LINE
8
BLACK
6
CONTINUOUS
10
-0.3564639763779527
20
0.705766811023622
11
-0.3562570866141732
21
0.7063074409448818
0
LINE
8
BLACK
6
CONTINUOUS
10
-0.3562570866141732
20
0.7063074409448818
11
-0.3543823228346457
21
0.710056968503937
0
LINE
8
BLACK
6
CONTINUOUS
10
-0.3543823228346457
20
0.710056968503937
11
-0.3543216929133858
21
0.7101533464566929
0
LINE
8
BLACK
6
CONTINUOUS
10
-0.3543216929133858
20
0.7101533464566929
11
-0.3543065354330708
21
0.7101987401574803
0
LINE
8
BLACK
6
CONTINUOUS
10
-0.3543065354330708
20
0.7101987401574803
11
-0.3542575196850394
21
0.7102553149606299
0
LINE
8
BLACK
6
CONTINUOUS
10
-0.3542575196850394
20
0.7102553149606299
11
-0.3540739763779527
21
0.7105468503937008
0
LINE
8
BLACK
6
CONTINUOUS
10
-0.3540739763779527
20
0.7105468503937008
11
-0.3539997637795276
21
0.710611220472441
0
LINE
8
BLACK
6
CONTINUOUS
10
-0.3539997637795276
20
0.710611220472441
11
-0.3540739763779527
21
0.7106755905511811
0
LINE
8
BLACK
6
CONTINUOUS
10
-0.3540739763779527
20
0.7106755905511811
11
-0.3542575196850394
21
0.7109671653543307
0
LINE
8
BLACK
6
CONTINUOUS
10
-0.3542575196850394
20
0.7109671653543307
11
-0.3543065354330708
21
0.7110237007874015
0
LINE
8
BLACK
6
CONTINUOUS
10
-0.3543065354330708
20
0.7110237007874015
11
-0.3543216929133858
21
0.7110691338582678
0
LINE
8
BLACK
6
CONTINUOUS
10
-0.3543216929133858
20
0.7110691338582678
11
-0.3543823228346457
21
0.7111654724409449
0
LINE
8
BLACK
6
CONTINUOUS
10
-0.3543823228346457
20
0.7111654724409449
11
-0.3562570866141732
21
0.714915
0
LINE
8
BLACK
6
CONTINUOUS
10
-0.3562570866141732
20
0.714915
11
-0.3564639763779527
21
0.7154556299212598
0
LINE
8
BLACK
6
CONTINUOUS
10
-0.3564639763779527
20
0.7154556299212598
11
-0.3564714960629921
21
0.7155614566929134
0
LINE
8
BLACK
6
CONTINUOUS
10
-0.3564714960629921
20
0.7155614566929134
11
-0.3565120866141732
21
0.7156594488188976
0
LINE
8
BLACK
6
CONTINUOUS
10
-0.3565120866141732
20
0.7156594488188976
11
-0.3565688188976378
21
0.7162355118110236
0
LINE
8
BLACK
6
CONTINUOUS
10
-0.3565688188976378
20
0.7162355118110236
11
-0.3565688188976378
21
0.7218598031496063
0
LINE
8
BLACK
6
CONTINUOUS
10
-0.3565688188976378
20
0.7218598031496063
11
-0.3565120866141732
21
0.7224358661417323
0
LINE
8
BLACK
6
CONTINUOUS
10
-0.3565120866141732
20
0.7224358661417323
11
-0.3564714960629921
21
0.7225338976377953
0
LINE
8
BLACK
6
CONTINUOUS
10
-0.3564714960629921
20
0.7225338976377953
11
-0.3564639763779527
21
0.72263968503937
0
LINE
8
BLACK
6
CONTINUOUS
10
-0.3564639763779527
20
0.72263968503937
11
-0.3562570866141732
21
0.72318031496063
0
LINE
8
BLACK
6
CONTINUOUS
10
-0.3562570866141732
20
0.72318031496063
11
-0.3543823228346457
21
0.7269298818897638
0
LINE
8
BLACK
6
CONTINUOUS
10
-0.3543823228346457
20
0.7269298818897638
11
-0.3543216929133858
21
0.7270262204724409
0
LINE
8
BLACK
6
CONTINUOUS
10
-0.3543216929133858
20
0.7270262204724409
11
-0.3543065354330708
21
0.7270716535433071
0
LINE
8
BLACK
6
CONTINUOUS
10
-0.3543065354330708
20
0.7270716535433071
11
-0.3542574803149606
21
0.7271282677165354
0
LINE
8
BLACK
6
CONTINUOUS
10
-0.3542574803149606
20
0.7271282677165354
11
-0.3540739763779527
21
0.7274197244094488
0
LINE
8
BLACK
6
CONTINUOUS
10
-0.3540739763779527
20
0.7274197244094488
11
-0.3537943700787402
21
0.7276622440944882
0
LINE
8
BLACK
6
CONTINUOUS
10
-0.3537943700787402
20
0.7276622440944882
11
-0.3535516929133858
21
0.7279420472440945
0
LINE
8
BLACK
6
CONTINUOUS
10
-0.3535516929133858
20
0.7279420472440945
11
-0.353260157480315
21
0.7281255905511811
0
LINE
8
BLACK
6
CONTINUOUS
10
-0.353260157480315
20
0.7281255905511811
11
-0.3532035826771653
21
0.7281746062992126
0
LINE
8
BLACK
6
CONTINUOUS
10
-0.3532035826771653
20
0.7281746062992126
11
-0.353158188976378
21
0.7281897637795275
0
LINE
8
BLACK
6
CONTINUOUS
10
-0.353158188976378
20
0.7281897637795275
11
-0.3530618110236221
21
0.7282503937007874
0
LINE
8
BLACK
6
CONTINUOUS
10
-0.3530618110236221
20
0.7282503937007874
11
-0.3493122834645669
21
0.7301251574803149
0
LINE
8
BLACK
6
CONTINUOUS
10
-0.3493122834645669
20
0.7301251574803149
11
-0.3487716929133858
21
0.7303320472440945
0
LINE
8
BLACK
6
CONTINUOUS
10
-0.3487716929133858
20
0.7303320472440945
11
-0.3486658267716535
21
0.7303396062992126
0
LINE
8
BLACK
6
CONTINUOUS
10
-0.3486658267716535
20
0.7303396062992126
11
-0.3485678346456693
21
0.7303801574803149
0
LINE
8
BLACK
6
CONTINUOUS
10
-0.3485678346456693
20
0.7303801574803149
11
-0.3479917716535433
21
0.7304368897637795
0
LINE
8
BLACK
6
CONTINUOUS
10
-0.3479917716535433
20
0.7304368897637795
11
-0.3273693307086614
21
0.7304368897637795
0
LINE
8
BLACK
6
CONTINUOUS
10
-0.3273693307086614
20
0.7304368897637795
11
-0.3267932677165354
21
0.7303801574803149
0
LINE
8
BLACK
6
CONTINUOUS
10
1.0732067322834646
20
0.7303801574803149
11
1.0742711417322834
21
0.729939251968504
0
LINE
8
BLACK
6
CONTINUOUS
10
1.0742711417322834
20
0.729939251968504
11
1.0750857874015747
21
0.7291246062992126
0
LINE
8
BLACK
6
CONTINUOUS
10
1.0750857874015747
20
0.7291246062992126
11
1.0755266929133858
21
0.7280601968503937
0
LINE
8
BLACK
6
CONTINUOUS
10
1.0755266929133858
20
0.7280601968503937
11
1.0755266929133858
21
0.7269080708661417
0
LINE
8
BLACK
6
CONTINUOUS
10
1.0755266929133858
20
0.7269080708661417
11
1.0750857874015747
21
0.7258436614173228
0
LINE
8
BLACK
6
CONTINUOUS
10
1.0750857874015747
20
0.7258436614173228
11
1.0742711417322834
21
0.7250290157480315
0
LINE
8
BLACK
6
CONTINUOUS
10
1.0742711417322834
20
0.7250290157480315
11
1.0732067322834646
21
0.7245881102362205
0
LINE
8
BLACK
6
CONTINUOUS
10
1.0732067322834646
20
0.7245881102362205
11
1.0726306692913385
21
0.7245313779527559
0
LINE
8
BLACK
6
CONTINUOUS
10
1.0726306692913385
20
0.7245313779527559
11
1.052705275590551
21
0.7245313779527559
0
LINE
8
BLACK
6
CONTINUOUS
10
1.052705275590551
20
0.7245313779527559
11
1.0504595275590551
21
0.7234085433070866
0
LINE
8
BLACK
6
CONTINUOUS
10
1.0504595275590551
20
0.7234085433070866
11
1.0493366929133858
21
0.7211627952755906
0
LINE
8
BLACK
6
CONTINUOUS
10
1.0493366929133858
20
0.7211627952755906
11
1.0493366929133858
21
0.7169325590551181
0
LINE
8
BLACK
6
CONTINUOUS
10
1.0493366929133858
20
0.7169325590551181
11
1.0504595275590551
21
0.7146868503937007
0
LINE
8
BLACK
6
CONTINUOUS
10
1.0504595275590551
20
0.7146868503937007
11
1.052705275590551
21
0.7135639763779528
0
LINE
8
BLACK
6
CONTINUOUS
10
1.052705275590551
20
0.7135639763779528
11
1.0726306692913385
21
0.7135639763779528
0
LINE
8
BLACK
6
CONTINUOUS
10
1.0726306692913385
20
0.7135639763779528
11
1.0732067322834646
21
0.7135072440944882
0
LINE
8
BLACK
6
CONTINUOUS
10
1.0732067322834646
20
0.7135072440944882
11
1.0742711417322834
21
0.7130663385826771
0
LINE
8
BLACK
6
CONTINUOUS
10
1.0742711417322834
20
0.7130663385826771
11
1.0750857874015747
21
0.7122516929133859
0
LINE
8
BLACK
6
CONTINUOUS
10
1.0750857874015747
20
0.7122516929133859
11
1.0755266929133858
21
0.7111872834645669
0
LINE
8
BLACK
6
CONTINUOUS
10
1.0755266929133858
20
0.7111872834645669
11
1.0755266929133858
21
0.710035157480315
0
LINE
8
BLACK
6
CONTINUOUS
10
1.0755266929133858
20
0.710035157480315
11
1.0750857874015747
21
0.7089707480314961
0
LINE
8
BLACK
6
CONTINUOUS
10
1.0750857874015747
20
0.7089707480314961
11
1.0742711417322834
21
0.7081561023622047
0
LINE
8
BLACK
6
CONTINUOUS
10
1.0742711417322834
20
0.7081561023622047
11
1.0732067322834646
21
0.7077151968503936
0
LINE
8
BLACK
6
CONTINUOUS
10
1.0732067322834646
20
0.7077151968503936
11
1.0726306692913385
21
0.7076584645669292
0
LINE
8
BLACK
6
CONTINUOUS
10
1.0726306692913385
20
0.7076584645669292
11
1.052705275590551
21
0.7076584645669292
0
LINE
8
BLACK
6
CONTINUOUS
10
1.052705275590551
20
0.7076584645669292
11
1.0504595275590551
21
0.7065356299212598
0
LINE
8
BLACK
6
CONTINUOUS
10
1.0504595275590551
20
0.7065356299212598
11
1.0493366929133858
21
0.7042898818897637
0
LINE
8
BLACK
6
CONTINUOUS
10
1.0493366929133858
20
0.7042898818897637
11
1.0493366929133858
21
0.7000596850393701
0
LINE
8
BLACK
6
CONTINUOUS
10
1.0493366929133858
20
0.7000596850393701
11
1.0506854330708661
21
0.6973622047244095
0
LINE
8
BLACK
6
CONTINUOUS
10
1.0506854330708661
20
0.6973622047244095
11
1.0513565354330709
21
0.6966911023622047
0
LINE
8
BLACK
6
CONTINUOUS
10
1.0513565354330709
20
0.6966911023622047
11
1.0726306692913385
21
0.6966911023622047
0
LINE
8
BLACK
6
CONTINUOUS
10
1.0726306692913385
20
0.6966911023622047
11
1.0732067322834646
21
0.6966343700787402
0
LINE
8
BLACK
6
CONTINUOUS
10
1.0732067322834646
20
0.6966343700787402
11
1.0742711417322834
21
0.6961934645669291
0
LINE
8
BLACK
6
CONTINUOUS
10
1.0742711417322834
20
0.6961934645669291
11
1.0750857874015747
21
0.6953788188976378
0
LINE
8
BLACK
6
CONTINUOUS
10
1.0750857874015747
20
0.6953788188976378
11
1.0755266929133858
21
0.6943144094488188
0
LINE
8
BLACK
6
CONTINUOUS
10
1.0755266929133858
20
0.6943144094488188
11
1.0755266929133858
21
0.6931622834645669
0
LINE
8
BLACK
6
CONTINUOUS
10
1.0755266929133858
20
0.6931622834645669
11
1.0750857874015747
21
0.692097874015748
0
LINE
8
BLACK
6
CONTINUOUS
10
1.0750857874015747
20
0.692097874015748
11
1.0742711417322834
21
0.6912832283464567
0
LINE
8
BLACK
6
CONTINUOUS
10
1.0742711417322834
20
0.6912832283464567
11
1.0732067322834646
21
0.6908423228346456
0
LINE
8
BLACK
6
CONTINUOUS
10
1.0732067322834646
20
0.6908423228346456
11
1.0726306692913385
21
0.6907855905511811
0
LINE
8
BLACK
6
CONTINUOUS
10
1.0726306692913385
20
0.6907855905511811
11
1.046383937007874
21
0.6907855905511811
0
LINE
8
BLACK
6
CONTINUOUS
10
1.046383937007874
20
0.6907855905511811
11
1.0458078740157479
21
0.6908423228346456
0
LINE
8
BLACK
6
CONTINUOUS
10
1.0458078740157479
20
0.6908423228346456
11
1.0447434645669291
21
0.6912832283464567
0
LINE
8
BLACK
6
CONTINUOUS
10
1.0447434645669291
20
0.6912832283464567
11
1.0439288188976377
21
0.692097874015748
0
LINE
8
BLACK
6
CONTINUOUS
10
1.0439288188976377
20
0.692097874015748
11
1.0434879133858268
21
0.6931622834645669
0
LINE
8
BLACK
6
CONTINUOUS
10
1.0434879133858268
20
0.6931622834645669
11
1.0434879133858268
21
0.6943144094488188
0
LINE
8
BLACK
6
CONTINUOUS
10
1.0434879133858268
20
0.6943144094488188
11
1.0439288188976377
21
0.6953788188976378
0
LINE
8
BLACK
6
CONTINUOUS
10
1.0439288188976377
20
0.6953788188976378
11
1.0446926377952757
21
0.6961426771653543
0
LINE
8
BLACK
6
CONTINUOUS
10
1.0446926377952757
20
0.6961426771653543
11
1.0437429133858267
21
0.698042125984252
0
LINE
8
BLACK
6
CONTINUOUS
10
1.0437429133858267
20
0.698042125984252
11
1.0435360236220472
21
0.6985827559055118
0
LINE
8
BLACK
6
CONTINUOUS
10
1.0435360236220472
20
0.6985827559055118
11
1.0435285039370079
21
0.6986885826771654
0
LINE
8
BLACK
6
CONTINUOUS
10
1.0435285039370079
20
0.6986885826771654
11
1.0434879133858268
21
0.6987865748031495
0
LINE
8
BLACK
6
CONTINUOUS
10
1.0434879133858268
20
0.6987865748031495
11
1.0434311811023622
21
0.6993626377952755
0
LINE
8
BLACK
6
CONTINUOUS
10
1.0434311811023622
20
0.6993626377952755
11
1.0434311811023622
21
0.7049869291338583
0
LINE
8
BLACK
6
CONTINUOUS
10
1.0434311811023622
20
0.7049869291338583
11
1.0434879133858268
21
0.7055629921259843
0
LINE
8
BLACK
6
CONTINUOUS
10
1.0434879133858268
20
0.7055629921259843
11
1.0435285039370079
21
0.7056610236220472
0
LINE
8
BLACK
6
CONTINUOUS
10
1.0435285039370079
20
0.7056610236220472
11
1.0435360236220472
21
0.705766811023622
0
LINE
8
BLACK
6
CONTINUOUS
10
1.0435360236220472
20
0.705766811023622
11
1.0437429133858267
21
0.7063074409448818
0
LINE
8
BLACK
6
CONTINUOUS
10
1.0437429133858267
20
0.7063074409448818
11
1.0456176771653543
21
0.710056968503937
0
LINE
8
BLACK
6
CONTINUOUS
10
1.0456176771653543
20
0.710056968503937
11
1.0456783070866142
21
0.7101533464566929
0
LINE
8
BLACK
6
CONTINUOUS
10
1.0456783070866142
20
0.7101533464566929
11
1.0456934645669291
21
0.7101987401574803
0
LINE
8
BLACK
6
CONTINUOUS
10
1.0456934645669291
20
0.7101987401574803
11
1.0457424803149606
21
0.7102553149606299
0
LINE
8
BLACK
6
CONTINUOUS
10
1.0457424803149606
20
0.7102553149606299
11
1.0459260236220471
21
0.7105468503937008
0
LINE
8
BLACK
6
CONTINUOUS
10
1.0459260236220471
20
0.7105468503937008
11
1.0460002362204723
21
0.710611220472441
0
LINE
8
BLACK
6
CONTINUOUS
10
1.0460002362204723
20
0.710611220472441
11
1.0459260236220471
21
0.7106755905511811
0
LINE
8
BLACK
6
CONTINUOUS
10
1.0459260236220471
20
0.7106755905511811
11
1.0457424803149606
21
0.7109671653543307
0
LINE
8
BLACK
6
CONTINUOUS
10
1.0457424803149606
20
0.7109671653543307
11
1.0456934645669291
21
0.7110237007874015
0
LINE
8
BLACK
6
CONTINUOUS
10
1.0456934645669291
20
0.7110237007874015
11
1.0456783070866142
21
0.7110691338582678
0
LINE
8
BLACK
6
CONTINUOUS
10
1.0456783070866142
20
0.7110691338582678
11
1.0456176771653543
21
0.7111654724409449
0
LINE
8
BLACK
6
CONTINUOUS
10
1.0456176771653543
20
0.7111654724409449
11
1.0437429133858267
21
0.714915
0
LINE
8
BLACK
6
CONTINUOUS
10
1.0437429133858267
20
0.714915
11
1.0435360236220472
21
0.7154556299212598
0
LINE
8
BLACK
6
CONTINUOUS
10
1.0435360236220472
20
0.7154556299212598
11
1.0435285039370079
21
0.7155614566929134
0
LINE
8
BLACK
6
CONTINUOUS
10
1.0435285039370079
20
0.7155614566929134
11
1.0434879133858268
21
0.7156594488188976
0
LINE
8
BLACK
6
CONTINUOUS
10
1.0434879133858268
20
0.7156594488188976
11
1.0434311811023622
21
0.7162355118110236
0
LINE
8
BLACK
6
CONTINUOUS
10
1.0434311811023622
20
0.7162355118110236
11
1.0434311811023622
21
0.7218598031496063
0
LINE
8
BLACK
6
CONTINUOUS
10
1.0434311811023622
20
0.7218598031496063
11
1.0434879133858268
21
0.7224358661417323
0
LINE
8
BLACK
6
CONTINUOUS
10
1.0434879133858268
20
0.7224358661417323
11
1.0435285039370079
21
0.7225338976377953
0
LINE
8
BLACK
6
CONTINUOUS
10
1.0435285039370079
20
0.7225338976377953
11
1.0435360236220472
21
0.72263968503937
0
LINE
8
BLACK
6
CONTINUOUS
10
1.0435360236220472
20
0.72263968503937
11
1.0437429133858267
21
0.72318031496063
0
LINE
8
BLACK
6
CONTINUOUS
10
1.0437429133858267
20
0.72318031496063
11
1.0456176771653543
21
0.7269298818897638
0
LINE
8
BLACK
6
CONTINUOUS
10
1.0456176771653543
20
0.7269298818897638
11
1.0456783070866142
21
0.7270262204724409
0
LINE
8
BLACK
6
CONTINUOUS
10
1.0456783070866142
20
0.7270262204724409
11
1.0456934645669291
21
0.7270716535433071
0
LINE
8
BLACK
6
CONTINUOUS
10
1.0456934645669291
20
0.7270716535433071
11
1.0457425196850394
21
0.7271282677165354
0
LINE
8
BLACK
6
CONTINUOUS
10
1.0457425196850394
20
0.7271282677165354
11
1.0459260236220471
21
0.7274197244094488
0
LINE
8
BLACK
6
CONTINUOUS
10
1.0459260236220471
20
0.7274197244094488
11
1.0462056299212599
21
0.7276622440944882
0
LINE
8
BLACK
6
CONTINUOUS
10
1.0462056299212599
20
0.7276622440944882
11
1.0464483070866142
21
0.7279420472440945
0
LINE
8
BLACK
6
CONTINUOUS
10
1.0464483070866142
20
0.7279420472440945
11
1.046739842519685
21
0.7281255905511811
0
LINE
8
BLACK
6
CONTINUOUS
10
1.046739842519685
20
0.7281255905511811
11
1.0467964173228346
21
0.7281746062992126
0
LINE
8
BLACK
6
CONTINUOUS
10
1.0467964173228346
20
0.7281746062992126
11
1.0468418110236219
21
0.7281897637795275
0
LINE
8
BLACK
6
CONTINUOUS
10
1.0468418110236219
20
0.7281897637795275
11
1.046938188976378
21
0.7282503937007874
0
LINE
8
BLACK
6
CONTINUOUS
10
1.046938188976378
20
0.7282503937007874
11
1.0506877165354331
21
0.7301251574803149
0
LINE
8
BLACK
6
CONTINUOUS
10
1.0506877165354331
20
0.7301251574803149
11
1.0512283070866142
21
0.7303320472440945
0
LINE
8
BLACK
6
CONTINUOUS
10
1.0512283070866142
20
0.7303320472440945
11
1.0513341732283463
21
0.7303396062992126
0
LINE
8
BLACK
6
CONTINUOUS
10
1.0513341732283463
20
0.7303396062992126
11
1.0514321653543306
21
0.7303801574803149
0
LINE
8
BLACK
6
CONTINUOUS
10
1.0514321653543306
20
0.7303801574803149
11
1.0520082283464567
21
0.7304368897637795
0
LINE
8
BLACK
6
CONTINUOUS
10
1.0520082283464567
20
0.7304368897637795
11
1.0726306692913385
21
0.7304368897637795
0
LINE
8
BLACK
6
CONTINUOUS
10
1.0726306692913385
20
0.7304368897637795
11
1.0732067322834646
21
0.7303801574803149
0
LINE
8
BLACK
6
CONTINUOUS
10
-0.3267932677165354
20
0.7828735826771653
11
-0.3257288582677165
21
0.7824326771653544
0
LINE
8
BLACK
6
CONTINUOUS
10
-0.3257288582677165
20
0.7824326771653544
11
-0.3249142125984252
21
0.781618031496063
0
LINE
8
BLACK
6
CONTINUOUS
10
-0.3249142125984252
20
0.781618031496063
11
-0.3244733070866141
21
0.7805536220472441
0
LINE
8
BLACK
6
CONTINUOUS
10
-0.3244733070866141
20
0.7805536220472441
11
-0.3244733070866141
21
0.7794014960629921
0
LINE
8
BLACK
6
CONTINUOUS
10
-0.3244733070866141
20
0.7794014960629921
11
-0.3249142125984252
21
0.7783370866141732
0
LINE
8
BLACK
6
CONTINUOUS
10
-0.3249142125984252
20
0.7783370866141732
11
-0.3257288582677165
21
0.7775224409448819
0
LINE
8
BLACK
6
CONTINUOUS
10
-0.3257288582677165
20
0.7775224409448819
11
-0.3267932677165354
21
0.7770815354330709
0
LINE
8
BLACK
6
CONTINUOUS
10
-0.3267932677165354
20
0.7770815354330709
11
-0.3273693307086614
21
0.7770248031496063
0
LINE
8
BLACK
6
CONTINUOUS
10
-0.3273693307086614
20
0.7770248031496063
11
-0.3472947244094488
21
0.7770248031496063
0
LINE
8
BLACK
6
CONTINUOUS
10
-0.3472947244094488
20
0.7770248031496063
11
-0.3495404724409449
21
0.775901968503937
0
LINE
8
BLACK
6
CONTINUOUS
10
-0.3495404724409449
20
0.775901968503937
11
-0.3506633070866141
21
0.773656220472441
0
LINE
8
BLACK
6
CONTINUOUS
10
-0.3506633070866141
20
0.773656220472441
11
-0.3506633070866141
21
0.7694259842519685
0
LINE
8
BLACK
6
CONTINUOUS
10
-0.3506633070866141
20
0.7694259842519685
11
-0.3495404724409449
21
0.7671802755905511
0
LINE
8
BLACK
6
CONTINUOUS
10
-0.3495404724409449
20
0.7671802755905511
11
-0.3472947244094488
21
0.7660574015748032
0
LINE
8
BLACK
6
CONTINUOUS
10
-0.3472947244094488
20
0.7660574015748032
11
-0.3273693307086614
21
0.7660574015748032
0
LINE
8
BLACK
6
CONTINUOUS
10
-0.3273693307086614
20
0.7660574015748032
11
-0.3267932677165354
21
0.7660006692913386
0
LINE
8
BLACK
6
CONTINUOUS
10
-0.3267932677165354
20
0.7660006692913386
11
-0.3257288582677165
21
0.7655597637795275
0
LINE
8
BLACK
6
CONTINUOUS
10
-0.3257288582677165
20
0.7655597637795275
11
-0.3249142125984252
21
0.7647451181102362
0
LINE
8
BLACK
6
CONTINUOUS
10
-0.3249142125984252
20
0.7647451181102362
11
-0.3244733070866141
21
0.7636807086614174
0
LINE
8
BLACK
6
CONTINUOUS
10
-0.3244733070866141
20
0.7636807086614174
11
-0.3244733070866141
21
0.7625285826771654
0
LINE
8
BLACK
6
CONTINUOUS
10
-0.3244733070866141
20
0.7625285826771654
11
-0.3249142125984252
21
0.7614641732283465
0
LINE
8
BLACK
6
CONTINUOUS
10
-0.3249142125984252
20
0.7614641732283465
11
-0.3257288582677165
21
0.7606495275590551
0
LINE
8
BLACK
6
CONTINUOUS
10
-0.3257288582677165
20
0.7606495275590551
11
-0.3267932677165354
21
0.760208622047244
0
LINE
8
BLACK
6
CONTINUOUS
10
-0.3267932677165354
20
0.760208622047244
11
-0.3273693307086614
21
0.7601518897637796
0
LINE
8
BLACK
6
CONTINUOUS
10
-0.3273693307086614
20
0.7601518897637796
11
-0.3472947244094488
21
0.7601518897637796
0
LINE
8
BLACK
6
CONTINUOUS
10
-0.3472947244094488
20
0.7601518897637796
11
-0.3495404724409449
21
0.7590290551181103
0
LINE
8
BLACK
6
CONTINUOUS
10
-0.3495404724409449
20
0.7590290551181103
11
-0.3506633070866141
21
0.7567833070866141
0
LINE
8
BLACK
6
CONTINUOUS
10
-0.3506633070866141
20
0.7567833070866141
11
-0.3506633070866141
21
0.7525531102362204
0
LINE
8
BLACK
6
CONTINUOUS
10
-0.3506633070866141
20
0.7525531102362204
11
-0.3493145669291339
21
0.7498556299212599
0
LINE
8
BLACK
6
CONTINUOUS
10
-0.3493145669291339
20
0.7498556299212599
11
-0.3486434645669291
21
0.7491845275590551
0
LINE
8
BLACK
6
CONTINUOUS
10
-0.3486434645669291
20
0.7491845275590551
11
-0.3273693307086614
21
0.7491845275590551
0
LINE
8
BLACK
6
CONTINUOUS
10
-0.3273693307086614
20
0.7491845275590551
11
-0.3267932677165354
21
0.7491277952755905
0
LINE
8
BLACK
6
CONTINUOUS
10
-0.3267932677165354
20
0.7491277952755905
11
-0.3257288582677165
21
0.7486868897637795
0
LINE
8
BLACK
6
CONTINUOUS
10
-0.3257288582677165
20
0.7486868897637795
11
-0.3249142125984252
21
0.7478722440944882
0
LINE
8
BLACK
6
CONTINUOUS
10
-0.3249142125984252
20
0.7478722440944882
11
-0.3244733070866141
21
0.7468078346456692
0
LINE
8
BLACK
6
CONTINUOUS
10
-0.3244733070866141
20
0.7468078346456692
11
-0.3244733070866141
21
0.7456557086614173
0
LINE
8
BLACK
6
CONTINUOUS
10
-0.3244733070866141
20
0.7456557086614173
11
-0.3249142125984252
21
0.7445912992125984
0
LINE
8
BLACK
6
CONTINUOUS
10
-0.3249142125984252
20
0.7445912992125984
11
-0.3257288582677165
21
0.743776653543307
0
LINE
8
BLACK
6
CONTINUOUS
10
-0.3257288582677165
20
0.743776653543307
11
-0.3267932677165354
21
0.743335748031496
0
LINE
8
BLACK
6
CONTINUOUS
10
-0.3267932677165354
20
0.743335748031496
11
-0.3273693307086614
21
0.7432790157480315
0
LINE
8
BLACK
6
CONTINUOUS
10
-0.3273693307086614
20
0.7432790157480315
11
-0.353616062992126
21
0.7432790157480315
0
LINE
8
BLACK
6
CONTINUOUS
10
-0.353616062992126
20
0.7432790157480315
11
-0.354192125984252
21
0.743335748031496
0
LINE
8
BLACK
6
CONTINUOUS
10
-0.354192125984252
20
0.743335748031496
11
-0.3552565354330708
21
0.743776653543307
0
LINE
8
BLACK
6
CONTINUOUS
10
-0.3552565354330708
20
0.743776653543307
11
-0.3560711811023622
21
0.7445912992125984
0
LINE
8
BLACK
6
CONTINUOUS
10
-0.3560711811023622
20
0.7445912992125984
11
-0.3565120866141732
21
0.7456557086614173
0
LINE
8
BLACK
6
CONTINUOUS
10
-0.3565120866141732
20
0.7456557086614173
11
-0.3565120866141732
21
0.7468078346456692
0
LINE
8
BLACK
6
CONTINUOUS
10
-0.3565120866141732
20
0.7468078346456692
11
-0.3560711811023622
21
0.7478722440944882
0
LINE
8
BLACK
6
CONTINUOUS
10
-0.3560711811023622
20
0.7478722440944882
11
-0.3553073622047244
21
0.7486361023622047
0
LINE
8
BLACK
6
CONTINUOUS
10
-0.3553073622047244
20
0.7486361023622047
11
-0.3562570866141732
21
0.7505355511811024
0
LINE
8
BLACK
6
CONTINUOUS
10
-0.3562570866141732
20
0.7505355511811024
11
-0.3564639763779527
21
0.7510761811023622
0
LINE
8
BLACK
6
CONTINUOUS
10
-0.3564639763779527
20
0.7510761811023622
11
-0.3564714960629921
21
0.7511820078740157
0
LINE
8
BLACK
6
CONTINUOUS
10
-0.3564714960629921
20
0.7511820078740157
11
-0.3565120866141732
21
0.7512799999999999
0
LINE
8
BLACK
6
CONTINUOUS
10
-0.3565120866141732
20
0.7512799999999999
11
-0.3565688188976378
21
0.7518560629921259
0
LINE
8
BLACK
6
CONTINUOUS
10
-0.3565688188976378
20
0.7518560629921259
11
-0.3565688188976378
21
0.7574803543307086
0
LINE
8
BLACK
6
CONTINUOUS
10
-0.3565688188976378
20
0.7574803543307086
11
-0.3565120866141732
21
0.7580564173228346
0
LINE
8
BLACK
6
CONTINUOUS
10
-0.3565120866141732
20
0.7580564173228346
11
-0.3564714960629921
21
0.7581544488188976
0
LINE
8
BLACK
6
CONTINUOUS
10
-0.3564714960629921
20
0.7581544488188976
11
-0.3564639763779527
21
0.7582602362204724
0
LINE
8
BLACK
6
CONTINUOUS
10
-0.3564639763779527
20
0.7582602362204724
11
-0.3562570866141732
21
0.7588008661417323
0
LINE
8
BLACK
6
CONTINUOUS
10
-0.3562570866141732
20
0.7588008661417323
11
-0.3543823228346457
21
0.7625503937007874
0
LINE
8
BLACK
6
CONTINUOUS
10
-0.3543823228346457
20
0.7625503937007874
11
-0.3543216929133858
21
0.7626467716535433
0
LINE
8
BLACK
6
CONTINUOUS
10
-0.3543216929133858
20
0.7626467716535433
11
-0.3543065354330708
21
0.7626921653543307
0
LINE
8
BLACK
6
CONTINUOUS
10
-0.3543065354330708
20
0.7626921653543307
11
-0.3542575196850394
21
0.7627487401574803
0
LINE
8
BLACK
6
CONTINUOUS
10
-0.3542575196850394
20
0.7627487401574803
11
-0.3540739763779527
21
0.7630402755905512
0
LINE
8
BLACK
6
CONTINUOUS
10
-0.3540739763779527
20
0.7630402755905512
11
-0.3539997637795276
21
0.7631046456692914
0
LINE
8
BLACK
6
CONTINUOUS
10
-0.3539997637795276
20
0.7631046456692914
11
-0.3540739763779527
21
0.7631690157480315
0
LINE
8
BLACK
6
CONTINUOUS
10
-0.3540739763779527
20
0.7631690157480315
11
-0.3542575196850394
21
0.7634605905511811
0
LINE
8
BLACK
6
CONTINUOUS
10
-0.3542575196850394
20
0.7634605905511811
11
-0.3543065354330708
21
0.7635171259842519
0
LINE
8
BLACK
6
CONTINUOUS
10
-0.3543065354330708
20
0.7635171259842519
11
-0.3543216929133858
21
0.7635625590551181
0
LINE
8
BLACK
6
CONTINUOUS
10
-0.3543216929133858
20
0.7635625590551181
11
-0.3543823228346457
21
0.7636588976377953
0
LINE
8
BLACK
6
CONTINUOUS
10
-0.3543823228346457
20
0.7636588976377953
11
-0.3562570866141732
21
0.7674084251968504
0
LINE
8
BLACK
6
CONTINUOUS
10
-0.3562570866141732
20
0.7674084251968504
11
-0.3564639763779527
21
0.7679490551181102
0
LINE
8
BLACK
6
CONTINUOUS
10
-0.3564639763779527
20
0.7679490551181102
11
-0.3564714960629921
21
0.7680548818897638
0
LINE
8
BLACK
6
CONTINUOUS
10
-0.3564714960629921
20
0.7680548818897638
11
-0.3565120866141732
21
0.7681528740157481
0
LINE
8
BLACK
6
CONTINUOUS
10
-0.3565120866141732
20
0.7681528740157481
11
-0.3565688188976378
21
0.768728937007874
0
LINE
8
BLACK
6
CONTINUOUS
10
-0.3565688188976378
20
0.768728937007874
11
-0.3565688188976378
21
0.7743532283464567
0
LINE
8
BLACK
6
CONTINUOUS
10
-0.3565688188976378
20
0.7743532283464567
11
-0.3565120866141732
21
0.7749292913385827
0
LINE
8
BLACK
6
CONTINUOUS
10
-0.3565120866141732
20
0.7749292913385827
11
-0.3564714960629921
21
0.7750273228346457
0
LINE
8
BLACK
6
CONTINUOUS
10
-0.3564714960629921
20
0.7750273228346457
11
-0.3564639763779527
21
0.7751331102362204
0
LINE
8
BLACK
6
CONTINUOUS
10
-0.3564639763779527
20
0.7751331102362204
11
-0.3562570866141732
21
0.7756737401574803
0
LINE
8
BLACK
6
CONTINUOUS
10
-0.3562570866141732
20
0.7756737401574803
11
-0.3543823228346457
21
0.7794233070866141
0
LINE
8
BLACK
6
CONTINUOUS
10
-0.3543823228346457
20
0.7794233070866141
11
-0.3543216929133858
21
0.7795196456692913
0
LINE
8
BLACK
6
CONTINUOUS
10
-0.3543216929133858
20
0.7795196456692913
11
-0.3543065354330708
21
0.7795650787401575
0
LINE
8
BLACK
6
CONTINUOUS
10
-0.3543065354330708
20
0.7795650787401575
11
-0.3542574803149606
21
0.7796216929133858
0
LINE
8
BLACK
6
CONTINUOUS
10
-0.3542574803149606
20
0.7796216929133858
11
-0.3540739763779527
21
0.7799131496062992
0
LINE
8
BLACK
6
CONTINUOUS
10
-0.3540739763779527
20
0.7799131496062992
11
-0.3537943700787402
21
0.7801556692913386
0
LINE
8
BLACK
6
CONTINUOUS
10
-0.3537943700787402
20
0.7801556692913386
11
-0.3535516929133858
21
0.7804354724409449
0
LINE
8
BLACK
6
CONTINUOUS
10
-0.3535516929133858
20
0.7804354724409449
11
-0.353260157480315
21
0.7806190157480315
0
LINE
8
BLACK
6
CONTINUOUS
10
-0.353260157480315
20
0.7806190157480315
11
-0.3532035826771653
21
0.780668031496063
0
LINE
8
BLACK
6
CONTINUOUS
10
-0.3532035826771653
20
0.780668031496063
11
-0.353158188976378
21
0.7806831889763779
0
LINE
8
BLACK
6
CONTINUOUS
10
-0.353158188976378
20
0.7806831889763779
11
-0.3530618110236221
21
0.7807438188976378
0
LINE
8
BLACK
6
CONTINUOUS
10
-0.3530618110236221
20
0.7807438188976378
11
-0.3493122834645669
21
0.7826185826771653
0
LINE
8
BLACK
6
CONTINUOUS
10
-0.3493122834645669
20
0.7826185826771653
11
-0.3487716929133858
21
0.7828254724409449
0
LINE
8
BLACK
6
CONTINUOUS
10
-0.3487716929133858
20
0.7828254724409449
11
-0.3486658267716535
21
0.782833031496063
0
LINE
8
BLACK
6
CONTINUOUS
10
-0.3486658267716535
20
0.782833031496063
11
-0.3485678346456693
21
0.7828735826771653
0
LINE
8
BLACK
6
CONTINUOUS
10
-0.3485678346456693
20
0.7828735826771653
11
-0.3479917716535433
21
0.7829303149606299
0
LINE
8
BLACK
6
CONTINUOUS
10
-0.3479917716535433
20
0.7829303149606299
11
-0.3273693307086614
21
0.7829303149606299
0
LINE
8
BLACK
6
CONTINUOUS
10
-0.3273693307086614
20
0.7829303149606299
11
-0.3267932677165354
21
0.7828735826771653
0
LINE
8
BLACK
6
CONTINUOUS
10
1.0732067322834646
20
0.7828735826771653
11
1.0742711417322834
21
0.7824326771653544
0
LINE
8
BLACK
6
CONTINUOUS
10
1.0742711417322834
20
0.7824326771653544
11
1.0750857874015747
21
0.781618031496063
0
LINE
8
BLACK
6
CONTINUOUS
10
1.0750857874015747
20
0.781618031496063
11
1.0755266929133858
21
0.7805536220472441
0
LINE
8
BLACK
6
CONTINUOUS
10
1.0755266929133858
20
0.7805536220472441
11
1.0755266929133858
21
0.7794014960629921
0
LINE
8
BLACK
6
CONTINUOUS
10
1.0755266929133858
20
0.7794014960629921
11
1.0750857874015747
21
0.7783370866141732
0
LINE
8
BLACK
6
CONTINUOUS
10
1.0750857874015747
20
0.7783370866141732
11
1.0742711417322834
21
0.7775224409448819
0
LINE
8
BLACK
6
CONTINUOUS
10
1.0742711417322834
20
0.7775224409448819
11
1.0732067322834646
21
0.7770815354330709
0
LINE
8
BLACK
6
CONTINUOUS
10
1.0732067322834646
20
0.7770815354330709
11
1.0726306692913385
21
0.7770248031496063
0
LINE
8
BLACK
6
CONTINUOUS
10
1.0726306692913385
20
0.7770248031496063
11
1.052705275590551
21
0.7770248031496063
0
LINE
8
BLACK
6
CONTINUOUS
10
1.052705275590551
20
0.7770248031496063
11
1.0504595275590551
21
0.775901968503937
0
LINE
8
BLACK
6
CONTINUOUS
10
1.0504595275590551
20
0.775901968503937
11
1.0493366929133858
21
0.773656220472441
0
LINE
8
BLACK
6
CONTINUOUS
10
1.0493366929133858
20
0.773656220472441
11
1.0493366929133858
21
0.7694259842519685
0
LINE
8
BLACK
6
CONTINUOUS
10
1.0493366929133858
20
0.7694259842519685
11
1.0504595275590551
21
0.7671802755905511
0
LINE
8
BLACK
6
CONTINUOUS
10
1.0504595275590551
20
0.7671802755905511
11
1.052705275590551
21
0.7660574015748032
0
LINE
8
BLACK
6
CONTINUOUS
10
1.052705275590551
20
0.7660574015748032
11
1.0726306692913385
21
0.7660574015748032
0
LINE
8
BLACK
6
CONTINUOUS
10
1.0726306692913385
20
0.7660574015748032
11
1.0732067322834646
21
0.7660006692913386
0
LINE
8
BLACK
6
CONTINUOUS
10
1.0732067322834646
20
0.7660006692913386
11
1.0742711417322834
21
0.7655597637795275
0
LINE
8
BLACK
6
CONTINUOUS
10
1.0742711417322834
20
0.7655597637795275
11
1.0750857874015747
21
0.7647451181102362
0
LINE
8
BLACK
6
CONTINUOUS
10
1.0750857874015747
20
0.7647451181102362
11
1.0755266929133858
21
0.7636807086614174
0
LINE
8
BLACK
6
CONTINUOUS
10
1.0755266929133858
20
0.7636807086614174
11
1.0755266929133858
21
0.7625285826771654
0
LINE
8
BLACK
6
CONTINUOUS
10
1.0755266929133858
20
0.7625285826771654
11
1.0750857874015747
21
0.7614641732283465
0
LINE
8
BLACK
6
CONTINUOUS
10
1.0750857874015747
20
0.7614641732283465
11
1.0742711417322834
21
0.7606495275590551
0
LINE
8
BLACK
6
CONTINUOUS
10
1.0742711417322834
20
0.7606495275590551
11
1.0732067322834646
21
0.760208622047244
0
LINE
8
BLACK
6
CONTINUOUS
10
1.0732067322834646
20
0.760208622047244
11
1.0726306692913385
21
0.7601518897637796
0
LINE
8
BLACK
6
CONTINUOUS
10
1.0726306692913385
20
0.7601518897637796
11
1.052705275590551
21
0.7601518897637796
0
LINE
8
BLACK
6
CONTINUOUS
10
1.052705275590551
20
0.7601518897637796
11
1.0504595275590551
21
0.7590290551181103
0
LINE
8
BLACK
6
CONTINUOUS
10
1.0504595275590551
20
0.7590290551181103
11
1.0493366929133858
21
0.7567833070866141
0
LINE
8
BLACK
6
CONTINUOUS
10
1.0493366929133858
20
0.7567833070866141
11
1.0493366929133858
21
0.7525531102362204
0
LINE
8
BLACK
6
CONTINUOUS
10
1.0493366929133858
20
0.7525531102362204
11
1.0506854330708661
21
0.7498556299212599
0
LINE
8
BLACK
6
CONTINUOUS
10
1.0506854330708661
20
0.7498556299212599
11
1.0513565354330709
21
0.7491845275590551
0
LINE
8
BLACK
6
CONTINUOUS
10
1.0513565354330709
20
0.7491845275590551
11
1.0726306692913385
21
0.7491845275590551
0
LINE
8
BLACK
6
CONTINUOUS
10
1.0726306692913385
20
0.7491845275590551
11
1.0732067322834646
21
0.7491277952755905
0
LINE
8
BLACK
6
CONTINUOUS
10
1.0732067322834646
20
0.7491277952755905
11
1.0742711417322834
21
0.7486868897637795
0
LINE
8
BLACK
6
CONTINUOUS
10
1.0742711417322834
20
0.7486868897637795
11
1.0750857874015747
21
0.7478722440944882
0
LINE
8
BLACK
6
CONTINUOUS
10
1.0750857874015747
20
0.7478722440944882
11
1.0755266929133858
21
0.7468078346456692
0
LINE
8
BLACK
6
CONTINUOUS
10
1.0755266929133858
20
0.7468078346456692
11
1.0755266929133858
21
0.7456557086614173
0
LINE
8
BLACK
6
CONTINUOUS
10
1.0755266929133858
20
0.7456557086614173
11
1.0750857874015747
21
0.7445912992125984
0
LINE
8
BLACK
6
CONTINUOUS
10
1.0750857874015747
20
0.7445912992125984
11
1.0742711417322834
21
0.743776653543307
0
LINE
8
BLACK
6
CONTINUOUS
10
1.0742711417322834
20
0.743776653543307
11
1.0732067322834646
21
0.743335748031496
0
LINE
8
BLACK
6
CONTINUOUS
10
1.0732067322834646
20
0.743335748031496
11
1.0726306692913385
21
0.7432790157480315
0
LINE
8
BLACK
6
CONTINUOUS
10
1.0726306692913385
20
0.7432790157480315
11
1.046383937007874
21
0.7432790157480315
0
LINE
8
BLACK
6
CONTINUOUS
10
1.046383937007874
20
0.7432790157480315
11
1.0458078740157479
21
0.743335748031496
0
LINE
8
BLACK
6
CONTINUOUS
10
1.0458078740157479
20
0.743335748031496
11
1.0447434645669291
21
0.743776653543307
0
LINE
8
BLACK
6
CONTINUOUS
10
1.0447434645669291
20
0.743776653543307
11
1.0439288188976377
21
0.7445912992125984
0
LINE
8
BLACK
6
CONTINUOUS
10
1.0439288188976377
20
0.7445912992125984
11
1.0434879133858268
21
0.7456557086614173
0
LINE
8
BLACK
6
CONTINUOUS
10
1.0434879133858268
20
0.7456557086614173
11
1.0434879133858268
21
0.7468078346456692
0
LINE
8
BLACK
6
CONTINUOUS
10
1.0434879133858268
20
0.7468078346456692
11
1.0439288188976377
21
0.7478722440944882
0
LINE
8
BLACK
6
CONTINUOUS
10
1.0439288188976377
20
0.7478722440944882
11
1.0446926377952757
21
0.7486361023622047
0
LINE
8
BLACK
6
CONTINUOUS
10
1.0446926377952757
20
0.7486361023622047
11
1.0437429133858267
21
0.7505355511811024
0
LINE
8
BLACK
6
CONTINUOUS
10
1.0437429133858267
20
0.7505355511811024
11
1.0435360236220472
21
0.7510761811023622
0
LINE
8
BLACK
6
CONTINUOUS
10
1.0435360236220472
20
0.7510761811023622
11
1.0435285039370079
21
0.7511820078740157
0
LINE
8
BLACK
6
CONTINUOUS
10
1.0435285039370079
20
0.7511820078740157
11
1.0434879133858268
21
0.7512799999999999
0
LINE
8
BLACK
6
CONTINUOUS
10
1.0434879133858268
20
0.7512799999999999
11
1.0434311811023622
21
0.7518560629921259
0
LINE
8
BLACK
6
CONTINUOUS
10
1.0434311811023622
20
0.7518560629921259
11
1.0434311811023622
21
0.7574803543307086
0
LINE
8
BLACK
6
CONTINUOUS
10
1.0434311811023622
20
0.7574803543307086
11
1.0434879133858268
21
0.7580564173228346
0
LINE
8
BLACK
6
CONTINUOUS
10
1.0434879133858268
20
0.7580564173228346
11
1.0435285039370079
21
0.7581544488188976
0
LINE
8
BLACK
6
CONTINUOUS
10
1.0435285039370079
20
0.7581544488188976
11
1.0435360236220472
21
0.7582602362204724
0
LINE
8
BLACK
6
CONTINUOUS
10
1.0435360236220472
20
0.7582602362204724
11
1.0437429133858267
21
0.7588008661417323
0
LINE
8
BLACK
6
CONTINUOUS
10
1.0437429133858267
20
0.7588008661417323
11
1.0456176771653543
21
0.7625503937007874
0
LINE
8
BLACK
6
CONTINUOUS
10
1.0456176771653543
20
0.7625503937007874
11
1.0456783070866142
21
0.7626467716535433
0
LINE
8
BLACK
6
CONTINUOUS
10
1.0456783070866142
20
0.7626467716535433
11
1.0456934645669291
21
0.7626921653543307
0
LINE
8
BLACK
6
CONTINUOUS
10
1.0456934645669291
20
0.7626921653543307
11
1.0457424803149606
21
0.7627487401574803
0
LINE
8
BLACK
6
CONTINUOUS
10
1.0457424803149606
20
0.7627487401574803
11
1.0459260236220471
21
0.7630402755905512
0
LINE
8
BLACK
6
CONTINUOUS
10
1.0459260236220471
20
0.7630402755905512
11
1.0460002362204723
21
0.7631046456692914
0
LINE
8
BLACK
6
CONTINUOUS
10
1.0460002362204723
20
0.7631046456692914
11
1.0459260236220471
21
0.7631690157480315
0
LINE
8
BLACK
6
CONTINUOUS
10
1.0459260236220471
20
0.7631690157480315
11
1.0457424803149606
21
0.7634605905511811
0
LINE
8
BLACK
6
CONTINUOUS
10
1.0457424803149606
20
0.7634605905511811
11
1.0456934645669291
21
0.7635171259842519
0
LINE
8
BLACK
6
CONTINUOUS
10
1.0456934645669291
20
0.7635171259842519
11
1.0456783070866142
21
0.7635625590551181
0
LINE
8
BLACK
6
CONTINUOUS
10
1.0456783070866142
20
0.7635625590551181
11
1.0456176771653543
21
0.7636588976377953
0
LINE
8
BLACK
6
CONTINUOUS
10
1.0456176771653543
20
0.7636588976377953
11
1.0437429133858267
21
0.7674084251968504
0
LINE
8
BLACK
6
CONTINUOUS
10
1.0437429133858267
20
0.7674084251968504
11
1.0435360236220472
21
0.7679490551181102
0
LINE
8
BLACK
6
CONTINUOUS
10
1.0435360236220472
20
0.7679490551181102
11
1.0435285039370079
21
0.7680548818897638
0
LINE
8
BLACK
6
CONTINUOUS
10
1.0435285039370079
20
0.7680548818897638
11
1.0434879133858268
21
0.7681528740157481
0
LINE
8
BLACK
6
CONTINUOUS
10
1.0434879133858268
20
0.7681528740157481
11
1.0434311811023622
21
0.768728937007874
0
LINE
8
BLACK
6
CONTINUOUS
10
1.0434311811023622
20
0.768728937007874
11
1.0434311811023622
21
0.7743532283464567
0
LINE
8
BLACK
6
CONTINUOUS
10
1.0434311811023622
20
0.7743532283464567
11
1.0434879133858268
21
0.7749292913385827
0
LINE
8
BLACK
6
CONTINUOUS
10
1.0434879133858268
20
0.7749292913385827
11
1.0435285039370079
21
0.7750273228346457
0
LINE
8
BLACK
6
CONTINUOUS
10
1.0435285039370079
20
0.7750273228346457
11
1.0435360236220472
21
0.7751331102362204
0
LINE
8
BLACK
6
CONTINUOUS
10
1.0435360236220472
20
0.7751331102362204
11
1.0437429133858267
21
0.7756737401574803
0
LINE
8
BLACK
6
CONTINUOUS
10
1.0437429133858267
20
0.7756737401574803
11
1.0456176771653543
21
0.7794233070866141
0
LINE
8
BLACK
6
CONTINUOUS
10
1.0456176771653543
20
0.7794233070866141
11
1.0456783070866142
21
0.7795196456692913
0
LINE
8
BLACK
6
CONTINUOUS
10
1.0456783070866142
20
0.7795196456692913
11
1.0456934645669291
21
0.7795650787401575
0
LINE
8
BLACK
6
CONTINUOUS
10
1.0456934645669291
20
0.7795650787401575
11
1.0457425196850394
21
0.7796216929133858
0
LINE
8
BLACK
6
CONTINUOUS
10
1.0457425196850394
20
0.7796216929133858
11
1.0459260236220471
21
0.7799131496062992
0
LINE
8
BLACK
6
CONTINUOUS
10
1.0459260236220471
20
0.7799131496062992
11
1.0462056299212599
21
0.7801556692913386
0
LINE
8
BLACK
6
CONTINUOUS
10
1.0462056299212599
20
0.7801556692913386
11
1.0464483070866142
21
0.7804354724409449
0
LINE
8
BLACK
6
CONTINUOUS
10
1.0464483070866142
20
0.7804354724409449
11
1.046739842519685
21
0.7806190157480315
0
LINE
8
BLACK
6
CONTINUOUS
10
1.046739842519685
20
0.7806190157480315
11
1.0467964173228346
21
0.780668031496063
0
LINE
8
BLACK
6
CONTINUOUS
10
1.0467964173228346
20
0.780668031496063
11
1.0468418110236219
21
0.7806831889763779
0
LINE
8
BLACK
6
CONTINUOUS
10
1.0468418110236219
20
0.7806831889763779
11
1.046938188976378
21
0.7807438188976378
0
LINE
8
BLACK
6
CONTINUOUS
10
1.046938188976378
20
0.7807438188976378
11
1.0506877165354331
21
0.7826185826771653
0
LINE
8
BLACK
6
CONTINUOUS
10
1.0506877165354331
20
0.7826185826771653
11
1.0512283070866142
21
0.7828254724409449
0
LINE
8
BLACK
6
CONTINUOUS
10
1.0512283070866142
20
0.7828254724409449
11
1.0513341732283463
21
0.782833031496063
0
LINE
8
BLACK
6
CONTINUOUS
10
1.0513341732283463
20
0.782833031496063
11
1.0514321653543306
21
0.7828735826771653
0
LINE
8
BLACK
6
CONTINUOUS
10
1.0514321653543306
20
0.7828735826771653
11
1.0520082283464567
21
0.7829303149606299
0
LINE
8
BLACK
6
CONTINUOUS
10
1.0520082283464567
20
0.7829303149606299
11
1.0726306692913385
21
0.7829303149606299
0
LINE
8
BLACK
6
CONTINUOUS
10
1.0726306692913385
20
0.7829303149606299
11
1.0732067322834646
21
0.7828735826771653
0
LINE
8
BLACK
6
CONTINUOUS
10
0.9464757086614173
20
1.5259222440944882
11
0.947012874015748
21
1.5257065748031495
0
LINE
8
BLACK
6
CONTINUOUS
10
0.947012874015748
20
1.5257065748031495
11
0.9870472440944882
21
1.5048660236220472
0
LINE
8
BLACK
6
CONTINUOUS
10
0.9870472440944882
20
1.5048660236220472
11
0.9870472440944882
21
1.523087401574803
0
LINE
8
BLACK
6
CONTINUOUS
10
0.9870472440944882
20
1.523087401574803
11
0.9871039763779528
21
1.5236634645669291
0
LINE
8
BLACK
6
CONTINUOUS
10
0.9871039763779528
20
1.5236634645669291
11
0.9875448818897637
21
1.5247278740157479
0
LINE
8
BLACK
6
CONTINUOUS
10
0.9875448818897637
20
1.5247278740157479
11
0.9883595275590551
21
1.5255425196850394
0
LINE
8
BLACK
6
CONTINUOUS
10
0.9883595275590551
20
1.5255425196850394
11
0.989423937007874
21
1.5259834251968503
0
LINE
8
BLACK
6
CONTINUOUS
10
0.989423937007874
20
1.5259834251968503
11
0.990576062992126
21
1.5259834251968503
0
LINE
8
BLACK
6
CONTINUOUS
10
0.990576062992126
20
1.5259834251968503
11
0.9916404724409449
21
1.5255425196850394
0
LINE
8
BLACK
6
CONTINUOUS
10
0.9916404724409449
20
1.5255425196850394
11
0.9924551181102362
21
1.5247278740157479
0
LINE
8
BLACK
6
CONTINUOUS
10
0.9924551181102362
20
1.5247278740157479
11
0.9928960236220472
21
1.5236634645669291
0
LINE
8
BLACK
6
CONTINUOUS
10
0.9928960236220472
20
1.5236634645669291
11
0.9929527559055118
21
1.523087401574803
0
LINE
8
BLACK
6
CONTINUOUS
10
0.9929527559055118
20
1.523087401574803
11
0.9929527559055118
21
1.4096850393700786
0
LINE
8
BLACK
6
CONTINUOUS
10
0.9929527559055118
20
1.4096850393700786
11
0.9928960236220472
21
1.4091089763779527
0
LINE
8
BLACK
6
CONTINUOUS
10
0.9928960236220472
20
1.4091089763779527
11
0.9924551181102362
21
1.4080445669291339
0
LINE
8
BLACK
6
CONTINUOUS
10
0.9924551181102362
20
1.4080445669291339
11
0.9916404724409449
21
1.4072299212598425
0
LINE
8
BLACK
6
CONTINUOUS
10
0.9916404724409449
20
1.4072299212598425
11
0.990576062992126
21
1.4067890157480314
0
LINE
8
BLACK
6
CONTINUOUS
10
0.990576062992126
20
1.4067890157480314
11
0.989423937007874
21
1.4067890157480314
0
LINE
8
BLACK
6
CONTINUOUS
10
0.989423937007874
20
1.4067890157480314
11
0.9883595275590551
21
1.4072299212598425
0
LINE
8
BLACK
6
CONTINUOUS
10
0.9883595275590551
20
1.4072299212598425
11
0.9875448818897637
21
1.4080445669291339
0
LINE
8
BLACK
6
CONTINUOUS
10
0.9875448818897637
20
1.4080445669291339
11
0.9871039763779528
21
1.4091089763779527
0
LINE
8
BLACK
6
CONTINUOUS
10
0.9871039763779528
20
1.4091089763779527
11
0.9870472440944882
21
1.4096850393700786
0
LINE
8
BLACK
6
CONTINUOUS
10
0.9870472440944882
20
1.4096850393700786
11
0.9870472440944882
21
1.4951340157480315
0
LINE
8
BLACK
6
CONTINUOUS
10
0.9870472440944882
20
1.4951340157480315
11
0.947012874015748
21
1.4742934251968505
0
LINE
8
BLACK
6
CONTINUOUS
10
0.947012874015748
20
1.4742934251968505
11
0.9464757086614173
21
1.4740777559055118
0
LINE
8
BLACK
6
CONTINUOUS
10
0.9464757086614173
20
1.4740777559055118
11
0.9453279921259843
21
1.4739773622047243
0
LINE
8
BLACK
6
CONTINUOUS
10
0.9453279921259843
20
1.4739773622047243
11
0.9442292125984252
21
1.474323779527559
0
LINE
8
BLACK
6
CONTINUOUS
10
0.9442292125984252
20
1.474323779527559
11
0.943346653543307
21
1.4750643307086613
0
LINE
8
BLACK
6
CONTINUOUS
10
0.943346653543307
20
1.4750643307086613
11
0.9428146456692913
21
1.4760862992125985
0
LINE
8
BLACK
6
CONTINUOUS
10
0.9428146456692913
20
1.4760862992125985
11
0.9427142519685039
21
1.4772340157480315
0
LINE
8
BLACK
6
CONTINUOUS
10
0.9427142519685039
20
1.4772340157480315
11
0.9430606692913386
21
1.4783327952755905
0
LINE
8
BLACK
6
CONTINUOUS
10
0.9430606692913386
20
1.4783327952755905
11
0.943801220472441
21
1.4792153543307087
0
LINE
8
BLACK
6
CONTINUOUS
10
0.943801220472441
20
1.4792153543307087
11
0.9442860236220473
21
1.4795316929133857
0
LINE
8
BLACK
6
CONTINUOUS
10
0.9442860236220473
20
1.4795316929133857
11
0.9779330708661417
21
1.4970472440944882
0
LINE
8
BLACK
6
CONTINUOUS
10
0.9779330708661417
20
1.4970472440944882
11
-0.1779330708661417
21
1.4970472440944882
0
LINE
8
BLACK
6
CONTINUOUS
10
-0.1779330708661417
20
1.4970472440944882
11
-0.1442860236220472
21
1.4795316929133857
0
LINE
8
BLACK
6
CONTINUOUS
10
-0.1442860236220472
20
1.4795316929133857
11
-0.1438012598425197
21
1.4792153543307087
0
LINE
8
BLACK
6
CONTINUOUS
10
-0.1438012598425197
20
1.4792153543307087
11
-0.1430607086614173
21
1.4783327952755905
0
LINE
8
BLACK
6
CONTINUOUS
10
-0.1430607086614173
20
1.4783327952755905
11
-0.1427142519685039
21
1.4772340157480315
0
LINE
8
BLACK
6
CONTINUOUS
10
-0.1427142519685039
20
1.4772340157480315
11
-0.1428146456692913
21
1.4760862992125985
0
LINE
8
BLACK
6
CONTINUOUS
10
-0.1428146456692913
20
1.4760862992125985
11
-0.1433466535433071
21
1.47506437007874
0
LINE
8
BLACK
6
CONTINUOUS
10
-0.1433466535433071
20
1.47506437007874
11
-0.1442292125984252
21
1.4743238188976378
0
LINE
8
BLACK
6
CONTINUOUS
10
-0.1442292125984252
20
1.4743238188976378
11
-0.1453279921259842
21
1.4739773622047243
0
LINE
8
BLACK
6
CONTINUOUS
10
-0.1453279921259842
20
1.4739773622047243
11
-0.1464757086614173
21
1.4740777559055118
0
LINE
8
BLACK
6
CONTINUOUS
10
-0.1464757086614173
20
1.4740777559055118
11
-0.147012874015748
21
1.4742934251968505
0
LINE
8
BLACK
6
CONTINUOUS
10
-0.147012874015748
20
1.4742934251968505
11
-0.1870472440944882
21
1.4951340157480315
0
LINE
8
BLACK
6
CONTINUOUS
10
-0.1870472440944882
20
1.4951340157480315
11
-0.1870472440944882
21
1.4096850393700786
0
LINE
8
BLACK
6
CONTINUOUS
10
-0.1870472440944882
20
1.4096850393700786
11
-0.1871039763779528
21
1.4091089763779527
0
LINE
8
BLACK
6
CONTINUOUS
10
-0.1871039763779528
20
1.4091089763779527
11
-0.1875448818897638
21
1.4080445669291339
0
LINE
8
BLACK
6
CONTINUOUS
10
-0.1875448818897638
20
1.4080445669291339
11
-0.1883595275590551
21
1.4072299212598425
0
LINE
8
BLACK
6
CONTINUOUS
10
-0.1883595275590551
20
1.4072299212598425
11
-0.189423937007874
21
1.4067890157480314
0
LINE
8
BLACK
6
CONTINUOUS
10
-0.189423937007874
20
1.4067890157480314
11
-0.190576062992126
21
1.4067890157480314
0
LINE
8
BLACK
6
CONTINUOUS
10
-0.190576062992126
20
1.4067890157480314
11
-0.1916404724409449
21
1.4072299212598425
0
LINE
8
BLACK
6
CONTINUOUS
10
-0.1916404724409449
20
1.4072299212598425
11
-0.1924551181102362
21
1.4080445669291339
0
LINE
8
BLACK
6
CONTINUOUS
10
-0.1924551181102362
20
1.4080445669291339
11
-0.1928960236220472
21
1.4091089763779527
0
LINE
8
BLACK
6
CONTINUOUS
10
-0.1928960236220472
20
1.4091089763779527
11
-0.1929527559055118
21
1.4096850393700786
0
LINE
8
BLACK
6
CONTINUOUS
10
-0.1929527559055118
20
1.4096850393700786
11
-0.1929527559055118
21
1.523087401574803
0
LINE
8
BLACK
6
CONTINUOUS
10
-0.1929527559055118
20
1.523087401574803
11
-0.1928960236220472
21
1.5236634645669291
0
LINE
8
BLACK
6
CONTINUOUS
10
-0.1928960236220472
20
1.5236634645669291
11
-0.1924551181102362
21
1.5247278740157479
0
LINE
8
BLACK
6
CONTINUOUS
10
-0.1924551181102362
20
1.5247278740157479
11
-0.1916404724409449
21
1.5255425196850394
0
LINE
8
BLACK
6
CONTINUOUS
10
-0.1916404724409449
20
1.5255425196850394
11
-0.190576062992126
21
1.5259834251968503
0
LINE
8
BLACK
6
CONTINUOUS
10
-0.190576062992126
20
1.5259834251968503
11
-0.189423937007874
21
1.5259834251968503
0
LINE
8
BLACK
6
CONTINUOUS
10
-0.189423937007874
20
1.5259834251968503
11
-0.1883595275590551
21
1.5255425196850394
0
LINE
8
BLACK
6
CONTINUOUS
10
-0.1883595275590551
20
1.5255425196850394
11
-0.1875448818897638
21
1.5247278740157479
0
LINE
8
BLACK
6
CONTINUOUS
10
-0.1875448818897638
20
1.5247278740157479
11
-0.1871039763779528
21
1.5236634645669291
0
LINE
8
BLACK
6
CONTINUOUS
10
-0.1871039763779528
20
1.5236634645669291
11
-0.1870472440944882
21
1.523087401574803
0
LINE
8
BLACK
6
CONTINUOUS
10
-0.1870472440944882
20
1.523087401574803
11
-0.1870472440944882
21
1.5048660236220472
0
LINE
8
BLACK
6
CONTINUOUS
10
-0.1870472440944882
20
1.5048660236220472
11
-0.147012874015748
21
1.5257065748031495
0
LINE
8
BLACK
6
CONTINUOUS
10
-0.147012874015748
20
1.5257065748031495
11
-0.1464757086614173
21
1.5259222440944882
0
LINE
8
BLACK
6
CONTINUOUS
10
-0.1464757086614173
20
1.5259222440944882
11
-0.1453279921259842
21
1.5260226377952755
0
LINE
8
BLACK
6
CONTINUOUS
10
-0.1453279921259842
20
1.5260226377952755
11
-0.1442292125984252
21
1.5256761811023622
0
LINE
8
BLACK
6
CONTINUOUS
10
-0.1442292125984252
20
1.5256761811023622
11
-0.1433466535433071
21
1.5249356299212597
0
LINE
8
BLACK
6
CONTINUOUS
10
-0.1433466535433071
20
1.5249356299212597
11
-0.1428146456692913
21
1.5239137007874015
0
LINE
8
BLACK
6
CONTINUOUS
10
-0.1428146456692913
20
1.5239137007874015
11
-0.1427142519685039
21
1.5227659842519685
0
LINE
8
BLACK
6
CONTINUOUS
10
-0.1427142519685039
20
1.5227659842519685
11
-0.1430607086614173
21
1.5216672047244093
0
LINE
8
BLACK
6
CONTINUOUS
10
-0.1430607086614173
20
1.5216672047244093
11
-0.1438012598425197
21
1.5207846456692913
0
LINE
8
BLACK
6
CONTINUOUS
10
-0.1438012598425197
20
1.5207846456692913
11
-0.1442860236220472
21
1.5204683070866141
0
LINE
8
BLACK
6
CONTINUOUS
10
-0.1442860236220472
20
1.5204683070866141
11
-0.1779330708661417
21
1.5029527559055118
0
LINE
8
BLACK
6
CONTINUOUS
10
-0.1779330708661417
20
1.5029527559055118
11
0.9779330708661417
21
1.5029527559055118
0
LINE
8
BLACK
6
CONTINUOUS
10
0.9779330708661417
20
1.5029527559055118
11
0.9442860236220473
21
1.5204683070866141
0
LINE
8
BLACK
6
CONTINUOUS
10
0.9442860236220473
20
1.5204683070866141
11
0.943801220472441
21
1.5207846456692913
0
LINE
8
BLACK
6
CONTINUOUS
10
0.943801220472441
20
1.5207846456692913
11
0.9430606692913386
21
1.5216672047244093
0
LINE
8
BLACK
6
CONTINUOUS
10
0.9430606692913386
20
1.5216672047244093
11
0.9427142519685039
21
1.5227659842519685
0
LINE
8
BLACK
6
CONTINUOUS
10
0.9427142519685039
20
1.5227659842519685
11
0.9428146456692913
21
1.5239137007874015
0
LINE
8
BLACK
6
CONTINUOUS
10
0.9428146456692913
20
1.5239137007874015
11
0.943346653543307
21
1.5249356692913385
0
LINE
8
BLACK
6
CONTINUOUS
10
0.943346653543307
20
1.5249356692913385
11
0.9442292125984252
21
1.525676220472441
0
LINE
8
BLACK
6
CONTINUOUS
10
0.9442292125984252
20
1.525676220472441
11
0.9453279921259843
21
1.5260226377952755
0
LINE
8
BLACK
6
CONTINUOUS
10
0.9453279921259843
20
1.5260226377952755
11
0.9464757086614173
21
1.5259222440944882
0
LINE
8
BLACK
6
CONTINUOUS
10
0.2337219291338583
20
1.5696354330708662
11
0.2338199212598425
21
1.5695948425196851
0
LINE
8
BLACK
6
CONTINUOUS
10
0.2338199212598425
20
1.5695948425196851
11
0.233925748031496
21
1.5695873228346455
0
LINE
8
BLACK
6
CONTINUOUS
10
0.233925748031496
20
1.5695873228346455
11
0.2344663779527559
21
1.5693804330708661
0
LINE
8
BLACK
6
CONTINUOUS
10
0.2344663779527559
20
1.5693804330708661
11
0.238215905511811
21
1.5675056692913385
0
LINE
8
BLACK
6
CONTINUOUS
10
0.238215905511811
20
1.5675056692913385
11
0.2384638976377953
21
1.5673496062992125
0
LINE
8
BLACK
6
CONTINUOUS
10
0.2384638976377953
20
1.5673496062992125
11
0.2385358661417323
21
1.5673197637795275
0
LINE
8
BLACK
6
CONTINUOUS
10
0.2385358661417323
20
1.5673197637795275
11
0.238616811023622
21
1.5672533070866141
0
LINE
8
BLACK
6
CONTINUOUS
10
0.238616811023622
20
1.5672533070866141
11
0.2387057874015748
21
1.5671973228346456
0
LINE
8
BLACK
6
CONTINUOUS
10
0.2387057874015748
20
1.5671973228346456
11
0.2387569291338583
21
1.5671383464566928
0
LINE
8
BLACK
6
CONTINUOUS
10
0.2387569291338583
20
1.5671383464566928
11
0.2389833070866142
21
1.5669525590551181
0
LINE
8
BLACK
6
CONTINUOUS
10
0.2389833070866142
20
1.5669525590551181
11
0.2408580708661417
21
1.5650777952755905
0
LINE
8
BLACK
6
CONTINUOUS
10
0.2408580708661417
20
1.5650777952755905
11
0.2410438188976378
21
1.5648514566929133
0
LINE
8
BLACK
6
CONTINUOUS
10
0.2410438188976378
20
1.5648514566929133
11
0.2411028346456693
21
1.5648002755905512
0
LINE
8
BLACK
6
CONTINUOUS
10
0.2411028346456693
20
1.5648002755905512
11
0.241158779527559
21
1.5647113385826772
0
LINE
8
BLACK
6
CONTINUOUS
10
0.241158779527559
20
1.5647113385826772
11
0.2412252755905512
21
1.5646303543307085
0
LINE
8
BLACK
6
CONTINUOUS
10
0.2412252755905512
20
1.5646303543307085
11
0.2412550787401575
21
1.5645584251968503
0
LINE
8
BLACK
6
CONTINUOUS
10
0.2412550787401575
20
1.5645584251968503
11
0.2414111811023622
21
1.5643103937007874
0
LINE
8
BLACK
6
CONTINUOUS
10
0.2414111811023622
20
1.5643103937007874
11
0.2432859448818898
21
1.5605608661417323
0
LINE
8
BLACK
6
CONTINUOUS
10
0.2432859448818898
20
1.5605608661417323
11
0.2434928346456693
21
1.5600202755905512
0
LINE
8
BLACK
6
CONTINUOUS
10
0.2434928346456693
20
1.5600202755905512
11
0.2435003543307087
21
1.5599144094488189
0
LINE
8
BLACK
6
CONTINUOUS
10
0.2435003543307087
20
1.5599144094488189
11
0.2435409448818898
21
1.5598164173228346
0
LINE
8
BLACK
6
CONTINUOUS
10
0.2435409448818898
20
1.5598164173228346
11
0.2435976771653543
21
1.5592403543307087
0
LINE
8
BLACK
6
CONTINUOUS
10
0.2435976771653543
20
1.5592403543307087
11
0.2435976771653543
21
1.5554908267716534
0
LINE
8
BLACK
6
CONTINUOUS
10
0.2435976771653543
20
1.5554908267716534
11
0.243568937007874
21
1.5551992519685038
0
LINE
8
BLACK
6
CONTINUOUS
10
0.243568937007874
20
1.5551992519685038
11
0.2435744881889764
21
1.555121496062992
0
LINE
8
BLACK
6
CONTINUOUS
10
0.2435744881889764
20
1.555121496062992
11
0.2435512204724409
21
1.555019251968504
0
LINE
8
BLACK
6
CONTINUOUS
10
0.2435512204724409
20
1.555019251968504
11
0.2435409448818898
21
1.5549147637795275
0
LINE
8
BLACK
6
CONTINUOUS
10
0.2435409448818898
20
1.5549147637795275
11
0.243511062992126
21
1.554842716535433
0
LINE
8
BLACK
6
CONTINUOUS
10
0.243511062992126
20
1.554842716535433
11
0.2434461417322835
21
1.5545570472440944
0
LINE
8
BLACK
6
CONTINUOUS
10
0.2434461417322835
20
1.5545570472440944
11
0.2415713779527559
21
1.5489327952755905
0
LINE
8
BLACK
6
CONTINUOUS
10
0.2415713779527559
20
1.5489327952755905
11
0.2413353937007874
21
1.5484042125984252
0
LINE
8
BLACK
6
CONTINUOUS
10
0.2413353937007874
20
1.5484042125984252
11
0.241265905511811
21
1.5483241338582676
0
LINE
8
BLACK
6
CONTINUOUS
10
0.241265905511811
20
1.5483241338582676
11
0.2412253149606299
21
1.5482260629921258
0
LINE
8
BLACK
6
CONTINUOUS
10
0.2412253149606299
20
1.5482260629921258
11
0.2408580708661417
21
1.547778622047244
0
LINE
8
BLACK
6
CONTINUOUS
10
0.2408580708661417
20
1.547778622047244
11
0.2234015748031496
21
1.5303220866141731
0
LINE
8
BLACK
6
CONTINUOUS
10
0.2234015748031496
20
1.5303220866141731
11
0.2406449212598425
21
1.5303220866141731
0
LINE
8
BLACK
6
CONTINUOUS
10
0.2406449212598425
20
1.5303220866141731
11
0.2412209842519685
21
1.5302653543307085
0
LINE
8
BLACK
6
CONTINUOUS
10
0.2412209842519685
20
1.5302653543307085
11
0.2422853937007874
21
1.5298244488188977
0
LINE
8
BLACK
6
CONTINUOUS
10
0.2422853937007874
20
1.5298244488188977
11
0.2431000393700787
21
1.5290098031496062
0
LINE
8
BLACK
6
CONTINUOUS
10
0.2431000393700787
20
1.5290098031496062
11
0.2435409448818898
21
1.5279453937007874
0
LINE
8
BLACK
6
CONTINUOUS
10
0.2435409448818898
20
1.5279453937007874
11
0.2435409448818898
21
1.5267932677165355
0
LINE
8
BLACK
6
CONTINUOUS
10
0.2435409448818898
20
1.5267932677165355
11
0.2431000393700787
21
1.5257288582677164
0
LINE
8
BLACK
6
CONTINUOUS
10
0.2431000393700787
20
1.5257288582677164
11
0.2422853937007874
21
1.5249142125984252
0
LINE
8
BLACK
6
CONTINUOUS
10
0.2422853937007874
20
1.5249142125984252
11
0.2412209842519685
21
1.5244733070866141
0
LINE
8
BLACK
6
CONTINUOUS
10
0.2412209842519685
20
1.5244733070866141
11
0.2406449212598425
21
1.5244165748031495
0
LINE
8
BLACK
6
CONTINUOUS
10
0.2406449212598425
20
1.5244165748031495
11
0.2162729921259842
21
1.5244165748031495
0
LINE
8
BLACK
6
CONTINUOUS
10
0.2162729921259842
20
1.5244165748031495
11
0.2156969291338583
21
1.5244733070866141
0
LINE
8
BLACK
6
CONTINUOUS
10
0.2156969291338583
20
1.5244733070866141
11
0.2146325196850394
21
1.5249142125984252
0
LINE
8
BLACK
6
CONTINUOUS
10
0.2146325196850394
20
1.5249142125984252
11
0.213817874015748
21
1.5257288582677164
0
LINE
8
BLACK
6
CONTINUOUS
10
0.213817874015748
20
1.5257288582677164
11
0.213376968503937
21
1.5267932677165355
0
LINE
8
BLACK
6
CONTINUOUS
10
0.213376968503937
20
1.5267932677165355
11
0.213376968503937
21
1.5279453937007874
0
LINE
8
BLACK
6
CONTINUOUS
10
0.213376968503937
20
1.5279453937007874
11
0.213817874015748
21
1.5290098031496062
0
LINE
8
BLACK
6
CONTINUOUS
10
0.213817874015748
20
1.5290098031496062
11
0.2141850787401575
21
1.5294572440944882
0
LINE
8
BLACK
6
CONTINUOUS
10
0.2141850787401575
20
1.5294572440944882
11
0.2361893307086614
21
1.5514615748031495
0
LINE
8
BLACK
6
CONTINUOUS
10
0.2361893307086614
20
1.5514615748031495
11
0.2376921653543307
21
1.5559699606299213
0
LINE
8
BLACK
6
CONTINUOUS
10
0.2376921653543307
20
1.5559699606299213
11
0.2376921653543307
21
1.5585433070866141
0
LINE
8
BLACK
6
CONTINUOUS
10
0.2376921653543307
20
1.5585433070866141
11
0.2363434251968504
21
1.5612407874015748
0
LINE
8
BLACK
6
CONTINUOUS
10
0.2363434251968504
20
1.5612407874015748
11
0.2351462992125984
21
1.5624379133858268
0
LINE
8
BLACK
6
CONTINUOUS
10
0.2351462992125984
20
1.5624379133858268
11
0.2324488188976378
21
1.5637866535433071
0
LINE
8
BLACK
6
CONTINUOUS
10
0.2324488188976378
20
1.5637866535433071
11
0.224469094488189
21
1.5637866535433071
0
LINE
8
BLACK
6
CONTINUOUS
10
0.224469094488189
20
1.5637866535433071
11
0.2217716141732284
21
1.5624379133858268
0
LINE
8
BLACK
6
CONTINUOUS
10
0.2217716141732284
20
1.5624379133858268
11
0.2202356692913386
21
1.5609019685039369
0
LINE
8
BLACK
6
CONTINUOUS
10
0.2202356692913386
20
1.5609019685039369
11
0.2197882283464567
21
1.5605347637795275
0
LINE
8
BLACK
6
CONTINUOUS
10
0.2197882283464567
20
1.5605347637795275
11
0.2187237795275591
21
1.5600938582677164
0
LINE
8
BLACK
6
CONTINUOUS
10
0.2187237795275591
20
1.5600938582677164
11
0.2175717322834646
21
1.5600938582677164
0
LINE
8
BLACK
6
CONTINUOUS
10
0.2175717322834646
20
1.5600938582677164
11
0.2165072834645669
21
1.5605347637795275
0
LINE
8
BLACK
6
CONTINUOUS
10
0.2165072834645669
20
1.5605347637795275
11
0.2156926377952756
21
1.5613494094488189
0
LINE
8
BLACK
6
CONTINUOUS
10
0.2156926377952756
20
1.5613494094488189
11
0.2152517322834646
21
1.5624138582677165
0
LINE
8
BLACK
6
CONTINUOUS
10
0.2152517322834646
20
1.5624138582677165
11
0.2152517322834646
21
1.563565905511811
0
LINE
8
BLACK
6
CONTINUOUS
10
0.2152517322834646
20
1.563565905511811
11
0.2156926377952756
21
1.5646303543307085
0
LINE
8
BLACK
6
CONTINUOUS
10
0.2156926377952756
20
1.5646303543307085
11
0.216059842519685
21
1.5650777952755905
0
LINE
8
BLACK
6
CONTINUOUS
10
0.216059842519685
20
1.5650777952755905
11
0.2179346062992126
21
1.5669525590551181
0
LINE
8
BLACK
6
CONTINUOUS
10
0.2179346062992126
20
1.5669525590551181
11
0.2181609448818898
21
1.5671383464566928
0
LINE
8
BLACK
6
CONTINUOUS
10
0.2181609448818898
20
1.5671383464566928
11
0.218212125984252
21
1.5671973228346456
0
LINE
8
BLACK
6
CONTINUOUS
10
0.218212125984252
20
1.5671973228346456
11
0.218301062992126
21
1.5672533070866141
0
LINE
8
BLACK
6
CONTINUOUS
10
0.218301062992126
20
1.5672533070866141
11
0.2183820472440945
21
1.5673197637795275
0
LINE
8
BLACK
6
CONTINUOUS
10
0.2183820472440945
20
1.5673197637795275
11
0.2184539763779527
21
1.5673496062992125
0
LINE
8
BLACK
6
CONTINUOUS
10
0.2184539763779527
20
1.5673496062992125
11
0.2187020078740158
21
1.5675056692913385
0
LINE
8
BLACK
6
CONTINUOUS
10
0.2187020078740158
20
1.5675056692913385
11
0.2224515354330709
21
1.5693804330708661
0
LINE
8
BLACK
6
CONTINUOUS
10
0.2224515354330709
20
1.5693804330708661
11
0.222992125984252
21
1.5695873228346455
0
LINE
8
BLACK
6
CONTINUOUS
10
0.222992125984252
20
1.5695873228346455
11
0.2230979921259842
21
1.5695948818897638
0
LINE
8
BLACK
6
CONTINUOUS
10
0.2230979921259842
20
1.5695948818897638
11
0.2231959842519685
21
1.5696354330708662
0
LINE
8
BLACK
6
CONTINUOUS
10
0.2231959842519685
20
1.5696354330708662
11
0.2237720472440945
21
1.5696921653543308
0
LINE
8
BLACK
6
CONTINUOUS
10
0.2237720472440945
20
1.5696921653543308
11
0.2331458661417323
21
1.5696921653543308
0
LINE
8
BLACK
6
CONTINUOUS
10
0.2331458661417323
20
1.5696921653543308
11
0.2337219291338583
21
1.5696354330708662
0
LINE
8
BLACK
6
CONTINUOUS
10
0.2712172440944882
20
1.5696354330708662
11
0.2713152362204724
21
1.5695948425196851
0
LINE
8
BLACK
6
CONTINUOUS
10
0.2713152362204724
20
1.5695948425196851
11
0.271421062992126
21
1.5695873228346455
0
LINE
8
BLACK
6
CONTINUOUS
10
0.271421062992126
20
1.5695873228346455
11
0.2719616929133858
21
1.5693804330708661
0
LINE
8
BLACK
6
CONTINUOUS
10
0.2719616929133858
20
1.5693804330708661
11
0.275711220472441
21
1.5675056692913385
0
LINE
8
BLACK
6
CONTINUOUS
10
0.275711220472441
20
1.5675056692913385
11
0.2759592125984252
21
1.5673496062992125
0
LINE
8
BLACK
6
CONTINUOUS
10
0.2759592125984252
20
1.5673496062992125
11
0.2760311811023622
21
1.5673197637795275
0
LINE
8
BLACK
6
CONTINUOUS
10
0.2760311811023622
20
1.5673197637795275
11
0.2761121259842519
21
1.5672533070866141
0
LINE
8
BLACK
6
CONTINUOUS
10
0.2761121259842519
20
1.5672533070866141
11
0.2762011023622047
21
1.5671973228346456
0
LINE
8
BLACK
6
CONTINUOUS
10
0.2762011023622047
20
1.5671973228346456
11
0.2762522440944882
21
1.5671383464566928
0
LINE
8
BLACK
6
CONTINUOUS
10
0.2762522440944882
20
1.5671383464566928
11
0.2764786220472441
21
1.5669525590551181
0
LINE
8
BLACK
6
CONTINUOUS
10
0.2764786220472441
20
1.5669525590551181
11
0.2783533858267717
21
1.5650777952755905
0
LINE
8
BLACK
6
CONTINUOUS
10
0.2783533858267717
20
1.5650777952755905
11
0.2785391338582677
21
1.5648514566929133
0
LINE
8
BLACK
6
CONTINUOUS
10
0.2785391338582677
20
1.5648514566929133
11
0.2785981496062992
21
1.5648002755905512
0
LINE
8
BLACK
6
CONTINUOUS
10
0.2785981496062992
20
1.5648002755905512
11
0.278654094488189
21
1.5647113385826772
0
LINE
8
BLACK
6
CONTINUOUS
10
0.278654094488189
20
1.5647113385826772
11
0.2787205905511811
21
1.5646303543307085
0
LINE
8
BLACK
6
CONTINUOUS
10
0.2787205905511811
20
1.5646303543307085
11
0.2787503937007874
21
1.5645584251968503
0
LINE
8
BLACK
6
CONTINUOUS
10
0.2787503937007874
20
1.5645584251968503
11
0.2789064960629921
21
1.5643103937007874
0
LINE
8
BLACK
6
CONTINUOUS
10
0.2789064960629921
20
1.5643103937007874
11
0.2807812598425197
21
1.5605608661417323
0
LINE
8
BLACK
6
CONTINUOUS
10
0.2807812598425197
20
1.5605608661417323
11
0.2809881496062992
21
1.5600202755905512
0
LINE
8
BLACK
6
CONTINUOUS
10
0.2809881496062992
20
1.5600202755905512
11
0.2809956692913386
21
1.5599144094488189
0
LINE
8
BLACK
6
CONTINUOUS
10
0.2809956692913386
20
1.5599144094488189
11
0.2810362598425197
21
1.5598164173228346
0
LINE
8
BLACK
6
CONTINUOUS
10
0.2810362598425197
20
1.5598164173228346
11
0.2810929921259843
21
1.5592403543307087
0
LINE
8
BLACK
6
CONTINUOUS
10
0.2810929921259843
20
1.5592403543307087
11
0.2810929921259843
21
1.5442422440944881
0
LINE
8
BLACK
6
CONTINUOUS
10
0.2810929921259843
20
1.5442422440944881
11
0.2810830708661417
21
1.5441417322834645
0
LINE
8
BLACK
6
CONTINUOUS
10
0.2810830708661417
20
1.5441417322834645
11
0.2810894881889764
21
1.5440987007874016
0
LINE
8
BLACK
6
CONTINUOUS
10
0.2810894881889764
20
1.5440987007874016
11
0.2810575984251968
21
1.5438832283464567
0
LINE
8
BLACK
6
CONTINUOUS
10
0.2810575984251968
20
1.5438832283464567
11
0.2810362598425197
21
1.5436661811023622
0
LINE
8
BLACK
6
CONTINUOUS
10
0.2810362598425197
20
1.5436661811023622
11
0.2810196062992126
21
1.5436259842519684
0
LINE
8
BLACK
6
CONTINUOUS
10
0.2810196062992126
20
1.5436259842519684
11
0.281004842519685
21
1.5435261023622047
0
LINE
8
BLACK
6
CONTINUOUS
10
0.281004842519685
20
1.5435261023622047
11
0.2791300787401575
21
1.5360270472440944
0
LINE
8
BLACK
6
CONTINUOUS
10
0.2791300787401575
20
1.5360270472440944
11
0.2790087401574803
21
1.535687559055118
0
LINE
8
BLACK
6
CONTINUOUS
10
0.2790087401574803
20
1.535687559055118
11
0.2789946456692913
21
1.5356161023622046
0
LINE
8
BLACK
6
CONTINUOUS
10
0.2789946456692913
20
1.5356161023622046
11
0.2789600787401575
21
1.5355513385826771
0
LINE
8
BLACK
6
CONTINUOUS
10
0.2789600787401575
20
1.5355513385826771
11
0.2789353149606299
21
1.5354819291338582
0
LINE
8
BLACK
6
CONTINUOUS
10
0.2789353149606299
20
1.5354819291338582
11
0.2788917716535433
21
1.5354232283464566
0
LINE
8
BLACK
6
CONTINUOUS
10
0.2788917716535433
20
1.5354232283464566
11
0.2787223228346457
21
1.53510531496063
0
LINE
8
BLACK
6
CONTINUOUS
10
0.2787223228346457
20
1.53510531496063
11
0.2749727952755905
21
1.5294809842519685
0
LINE
8
BLACK
6
CONTINUOUS
10
0.2749727952755905
20
1.5294809842519685
11
0.2749714566929134
21
1.5294794094488189
0
LINE
8
BLACK
6
CONTINUOUS
10
0.2749714566929134
20
1.5294794094488189
11
0.2749711023622047
21
1.529478464566929
0
LINE
8
BLACK
6
CONTINUOUS
10
0.2749711023622047
20
1.529478464566929
11
0.2747925984251968
21
1.5292609842519684
0
LINE
8
BLACK
6
CONTINUOUS
10
0.2747925984251968
20
1.5292609842519684
11
0.2746060236220472
21
1.5290331496062992
0
LINE
8
BLACK
6
CONTINUOUS
10
0.2746060236220472
20
1.5290331496062992
11
0.2746051574803149
21
1.5290325984251969
0
LINE
8
BLACK
6
CONTINUOUS
10
0.2746051574803149
20
1.5290325984251969
11
0.2746038582677165
21
1.5290309842519685
0
LINE
8
BLACK
6
CONTINUOUS
10
0.2746038582677165
20
1.5290309842519685
11
0.2727291338582677
21
1.5271562204724409
0
LINE
8
BLACK
6
CONTINUOUS
10
0.2727291338582677
20
1.5271562204724409
11
0.2725027559055118
21
1.5269704724409447
0
LINE
8
BLACK
6
CONTINUOUS
10
0.2725027559055118
20
1.5269704724409447
11
0.2724515748031496
21
1.5269114173228346
0
LINE
8
BLACK
6
CONTINUOUS
10
0.2724515748031496
20
1.5269114173228346
11
0.2723625984251968
21
1.5268554330708661
0
LINE
8
BLACK
6
CONTINUOUS
10
0.2723625984251968
20
1.5268554330708661
11
0.2722816535433071
21
1.5267889763779527
0
LINE
8
BLACK
6
CONTINUOUS
10
0.2722816535433071
20
1.5267889763779527
11
0.2722096850393701
21
1.5267591732283463
0
LINE
8
BLACK
6
CONTINUOUS
10
0.2722096850393701
20
1.5267591732283463
11
0.2719616929133858
21
1.5266030708661418
0
LINE
8
BLACK
6
CONTINUOUS
10
0.2719616929133858
20
1.5266030708661418
11
0.2682121653543307
21
1.5247283070866142
0
LINE
8
BLACK
6
CONTINUOUS
10
0.2682121653543307
20
1.5247283070866142
11
0.2676715354330709
21
1.5245214173228345
0
LINE
8
BLACK
6
CONTINUOUS
10
0.2676715354330709
20
1.5245214173228345
11
0.2675657086614173
21
1.524513937007874
0
LINE
8
BLACK
6
CONTINUOUS
10
0.2675657086614173
20
1.524513937007874
11
0.2674677165354331
21
1.5244733070866141
0
LINE
8
BLACK
6
CONTINUOUS
10
0.2674677165354331
20
1.5244733070866141
11
0.2668916535433071
21
1.5244165748031495
0
LINE
8
BLACK
6
CONTINUOUS
10
0.2668916535433071
20
1.5244165748031495
11
0.2593925984251969
21
1.5244165748031495
0
LINE
8
BLACK
6
CONTINUOUS
10
0.2593925984251969
20
1.5244165748031495
11
0.2588165354330709
21
1.5244733070866141
0
LINE
8
BLACK
6
CONTINUOUS
10
0.2588165354330709
20
1.5244733070866141
11
0.257752125984252
21
1.5249142125984252
0
LINE
8
BLACK
6
CONTINUOUS
10
0.257752125984252
20
1.5249142125984252
11
0.2569374803149606
21
1.5257288582677164
0
LINE
8
BLACK
6
CONTINUOUS
10
0.2569374803149606
20
1.5257288582677164
11
0.2564965748031496
21
1.5267932677165355
0
LINE
8
BLACK
6
CONTINUOUS
10
0.2564965748031496
20
1.5267932677165355
11
0.2564965748031496
21
1.5279453937007874
0
LINE
8
BLACK
6
CONTINUOUS
10
0.2564965748031496
20
1.5279453937007874
11
0.2569374803149606
21
1.5290098031496062
0
LINE
8
BLACK
6
CONTINUOUS
10
0.2569374803149606
20
1.5290098031496062
11
0.257752125984252
21
1.5298244488188977
0
LINE
8
BLACK
6
CONTINUOUS
10
0.257752125984252
20
1.5298244488188977
11
0.2588165354330709
21
1.5302653543307085
0
LINE
8
BLACK
6
CONTINUOUS
10
0.2588165354330709
20
1.5302653543307085
11
0.2593925984251969
21
1.5303220866141731
0
LINE
8
BLACK
6
CONTINUOUS
10
0.2593925984251969
20
1.5303220866141731
11
0.2661946062992126
21
1.5303220866141731
0
LINE
8
BLACK
6
CONTINUOUS
10
0.2661946062992126
20
1.5303220866141731
11
0.2688920472440945
21
1.5316708267716534
0
LINE
8
BLACK
6
CONTINUOUS
10
0.2688920472440945
20
1.5316708267716534
11
0.2702211811023622
21
1.5329999999999999
0
LINE
8
BLACK
6
CONTINUOUS
10
0.2702211811023622
20
1.5329999999999999
11
0.2735249212598425
21
1.5379555511811023
0
LINE
8
BLACK
6
CONTINUOUS
10
0.2735249212598425
20
1.5379555511811023
11
0.2742542125984252
21
1.540872716535433
0
LINE
8
BLACK
6
CONTINUOUS
10
0.2742542125984252
20
1.540872716535433
11
0.2719616929133858
21
1.5397264566929134
0
LINE
8
BLACK
6
CONTINUOUS
10
0.2719616929133858
20
1.5397264566929134
11
0.271421062992126
21
1.5395195669291337
0
LINE
8
BLACK
6
CONTINUOUS
10
0.271421062992126
20
1.5395195669291337
11
0.2713152362204724
21
1.5395120866141732
0
LINE
8
BLACK
6
CONTINUOUS
10
0.2713152362204724
20
1.5395120866141732
11
0.2712172440944882
21
1.5394714566929133
0
LINE
8
BLACK
6
CONTINUOUS
10
0.2712172440944882
20
1.5394714566929133
11
0.2706411811023622
21
1.5394147244094487
0
LINE
8
BLACK
6
CONTINUOUS
10
0.2706411811023622
20
1.5394147244094487
11
0.263142125984252
21
1.5394147244094487
0
LINE
8
BLACK
6
CONTINUOUS
10
0.263142125984252
20
1.5394147244094487
11
0.262566062992126
21
1.5394714566929133
0
LINE
8
BLACK
6
CONTINUOUS
10
0.262566062992126
20
1.5394714566929133
11
0.2624680708661417
21
1.5395120472440944
0
LINE
8
BLACK
6
CONTINUOUS
10
0.2624680708661417
20
1.5395120472440944
11
0.2623622047244095
21
1.5395195669291337
0
LINE
8
BLACK
6
CONTINUOUS
10
0.2623622047244095
20
1.5395195669291337
11
0.2618216141732284
21
1.5397264566929134
0
LINE
8
BLACK
6
CONTINUOUS
10
0.2618216141732284
20
1.5397264566929134
11
0.2580720866141732
21
1.541601220472441
0
LINE
8
BLACK
6
CONTINUOUS
10
0.2580720866141732
20
1.541601220472441
11
0.2578240551181102
21
1.5417573228346457
0
LINE
8
BLACK
6
CONTINUOUS
10
0.2578240551181102
20
1.5417573228346457
11
0.257752125984252
21
1.5417871259842519
0
LINE
8
BLACK
6
CONTINUOUS
10
0.257752125984252
20
1.5417871259842519
11
0.2576711417322834
21
1.5418536220472441
0
LINE
8
BLACK
6
CONTINUOUS
10
0.2576711417322834
20
1.5418536220472441
11
0.2575822047244095
21
1.5419095669291338
0
LINE
8
BLACK
6
CONTINUOUS
10
0.2575822047244095
20
1.5419095669291338
11
0.2575310236220472
21
1.5419685826771654
0
LINE
8
BLACK
6
CONTINUOUS
10
0.2575310236220472
20
1.5419685826771654
11
0.2573046850393701
21
1.5421543307086614
0
LINE
8
BLACK
6
CONTINUOUS
10
0.2573046850393701
20
1.5421543307086614
11
0.2554299212598425
21
1.5440290944881889
0
LINE
8
BLACK
6
CONTINUOUS
10
0.2554299212598425
20
1.5440290944881889
11
0.2552441338582677
21
1.5442554724409447
0
LINE
8
BLACK
6
CONTINUOUS
10
0.2552441338582677
20
1.5442554724409447
11
0.255185157480315
21
1.5443066141732282
0
LINE
8
BLACK
6
CONTINUOUS
10
0.255185157480315
20
1.5443066141732282
11
0.2551291732283464
21
1.544395590551181
0
LINE
8
BLACK
6
CONTINUOUS
10
0.2551291732283464
20
1.544395590551181
11
0.2550627165354331
21
1.5444765354330707
0
LINE
8
BLACK
6
CONTINUOUS
10
0.2550627165354331
20
1.5444765354330707
11
0.255032874015748
21
1.5445485039370079
0
LINE
8
BLACK
6
CONTINUOUS
10
0.255032874015748
20
1.5445485039370079
11
0.254876811023622
21
1.5447964960629921
0
LINE
8
BLACK
6
CONTINUOUS
10
0.254876811023622
20
1.5447964960629921
11
0.2530020472440945
21
1.5485460236220472
0
LINE
8
BLACK
6
CONTINUOUS
10
0.2530020472440945
20
1.5485460236220472
11
0.2527951574803149
21
1.549086653543307
0
LINE
8
BLACK
6
CONTINUOUS
10
0.2527951574803149
20
1.549086653543307
11
0.2527876377952756
21
1.5491924803149606
0
LINE
8
BLACK
6
CONTINUOUS
10
0.2527876377952756
20
1.5491924803149606
11
0.2527470472440945
21
1.5492904724409449
0
LINE
8
BLACK
6
CONTINUOUS
10
0.2527470472440945
20
1.5492904724409449
11
0.2526903149606299
21
1.5498665354330707
0
LINE
8
BLACK
6
CONTINUOUS
10
0.2526903149606299
20
1.5498665354330707
11
0.2526903149606299
21
1.5592403543307087
0
LINE
8
BLACK
6
CONTINUOUS
10
0.2526903149606299
20
1.5592403543307087
11
0.2527470472440945
21
1.5598164173228346
0
LINE
8
BLACK
6
CONTINUOUS
10
0.2527470472440945
20
1.5598164173228346
11
0.2527876377952756
21
1.5599144488188976
0
LINE
8
BLACK
6
CONTINUOUS
10
0.2527876377952756
20
1.5599144488188976
11
0.2527951574803149
21
1.5600202362204725
0
LINE
8
BLACK
6
CONTINUOUS
10
0.2527951574803149
20
1.5600202362204725
11
0.2530020472440945
21
1.5605608661417323
0
LINE
8
BLACK
6
CONTINUOUS
10
0.2530020472440945
20
1.5605608661417323
11
0.254876811023622
21
1.5643103937007874
0
LINE
8
BLACK
6
CONTINUOUS
10
0.254876811023622
20
1.5643103937007874
11
0.255032874015748
21
1.5645584251968503
0
LINE
8
BLACK
6
CONTINUOUS
10
0.255032874015748
20
1.5645584251968503
11
0.2550627165354331
21
1.5646303543307085
0
LINE
8
BLACK
6
CONTINUOUS
10
0.2550627165354331
20
1.5646303543307085
11
0.2551291732283464
21
1.5647113385826772
0
LINE
8
BLACK
6
CONTINUOUS
10
0.2551291732283464
20
1.5647113385826772
11
0.255185157480315
21
1.5648002755905512
0
LINE
8
BLACK
6
CONTINUOUS
10
0.255185157480315
20
1.5648002755905512
11
0.2552441338582677
21
1.5648514566929133
0
LINE
8
BLACK
6
CONTINUOUS
10
0.2552441338582677
20
1.5648514566929133
11
0.2554299212598425
21
1.5650777952755905
0
LINE
8
BLACK
6
CONTINUOUS
10
0.2554299212598425
20
1.5650777952755905
11
0.2573046850393701
21
1.5669525590551181
0
LINE
8
BLACK
6
CONTINUOUS
10
0.2573046850393701
20
1.5669525590551181
11
0.2575310236220472
21
1.5671383464566928
0
LINE
8
BLACK
6
CONTINUOUS
10
0.2575310236220472
20
1.5671383464566928
11
0.2575822047244095
21
1.5671973228346456
0
LINE
8
BLACK
6
CONTINUOUS
10
0.2575822047244095
20
1.5671973228346456
11
0.2576711417322834
21
1.5672533070866141
0
LINE
8
BLACK
6
CONTINUOUS
10
0.2576711417322834
20
1.5672533070866141
11
0.257752125984252
21
1.5673197637795275
0
LINE
8
BLACK
6
CONTINUOUS
10
0.257752125984252
20
1.5673197637795275
11
0.2578240551181102
21
1.5673496062992125
0
LINE
8
BLACK
6
CONTINUOUS
10
0.2578240551181102
20
1.5673496062992125
11
0.2580720866141732
21
1.5675056692913385
0
LINE
8
BLACK
6
CONTINUOUS
10
0.2580720866141732
20
1.5675056692913385
11
0.2618216141732284
21
1.5693804330708661
0
LINE
8
BLACK
6
CONTINUOUS
10
0.2618216141732284
20
1.5693804330708661
11
0.2623622047244095
21
1.5695873228346455
0
LINE
8
BLACK
6
CONTINUOUS
10
0.2623622047244095
20
1.5695873228346455
11
0.2624680708661417
21
1.5695948818897638
0
LINE
8
BLACK
6
CONTINUOUS
10
0.2624680708661417
20
1.5695948818897638
11
0.262566062992126
21
1.5696354330708662
0
LINE
8
BLACK
6
CONTINUOUS
10
0.262566062992126
20
1.5696354330708662
11
0.263142125984252
21
1.5696921653543308
0
LINE
8
BLACK
6
CONTINUOUS
10
0.263142125984252
20
1.5696921653543308
11
0.2706411811023622
21
1.5696921653543308
0
LINE
8
BLACK
6
CONTINUOUS
10
0.2706411811023622
20
1.5696921653543308
11
0.2712172440944882
21
1.5696354330708662
0
LINE
8
BLACK
6
CONTINUOUS
10
0.2611416929133858
20
1.5624379133858268
11
0.2599445669291339
21
1.5612407874015748
0
LINE
8
BLACK
6
CONTINUOUS
10
0.2599445669291339
20
1.5612407874015748
11
0.2585958267716535
21
1.5585433070866141
0
LINE
8
BLACK
6
CONTINUOUS
10
0.2585958267716535
20
1.5585433070866141
11
0.2585958267716535
21
1.5505635826771653
0
LINE
8
BLACK
6
CONTINUOUS
10
0.2585958267716535
20
1.5505635826771653
11
0.2599445669291339
21
1.5478661023622047
0
LINE
8
BLACK
6
CONTINUOUS
10
0.2599445669291339
20
1.5478661023622047
11
0.2611416929133858
21
1.5466689763779526
0
LINE
8
BLACK
6
CONTINUOUS
10
0.2611416929133858
20
1.5466689763779526
11
0.2638391732283464
21
1.5453202362204723
0
LINE
8
BLACK
6
CONTINUOUS
10
0.2638391732283464
20
1.5453202362204723
11
0.2699441338582677
21
1.5453202362204723
0
LINE
8
BLACK
6
CONTINUOUS
10
0.2699441338582677
20
1.5453202362204723
11
0.2726416141732284
21
1.5466689763779526
0
LINE
8
BLACK
6
CONTINUOUS
10
0.2726416141732284
20
1.5466689763779526
11
0.2738387401574803
21
1.5478661023622047
0
LINE
8
BLACK
6
CONTINUOUS
10
0.2738387401574803
20
1.5478661023622047
11
0.2751874803149606
21
1.5505635826771653
0
LINE
8
BLACK
6
CONTINUOUS
10
0.2751874803149606
20
1.5505635826771653
11
0.2751874803149606
21
1.5585433070866141
0
LINE
8
BLACK
6
CONTINUOUS
10
0.2751874803149606
20
1.5585433070866141
11
0.2738387401574803
21
1.5612407874015748
0
LINE
8
BLACK
6
CONTINUOUS
10
0.2738387401574803
20
1.5612407874015748
11
0.2726416141732284
21
1.5624379133858268
0
LINE
8
BLACK
6
CONTINUOUS
10
0.2726416141732284
20
1.5624379133858268
11
0.2699441338582677
21
1.5637866535433071
0
LINE
8
BLACK
6
CONTINUOUS
10
0.2699441338582677
20
1.5637866535433071
11
0.2638391732283464
21
1.5637866535433071
0
LINE
8
BLACK
6
CONTINUOUS
10
0.2638391732283464
20
1.5637866535433071
11
0.2611416929133858
21
1.5624379133858268
0
LINE
8
BLACK
6
CONTINUOUS
10
0.3274601968503937
20
1.5696354330708662
11
0.327558188976378
21
1.5695948425196851
0
LINE
8
BLACK
6
CONTINUOUS
10
0.327558188976378
20
1.5695948425196851
11
0.3276640157480315
21
1.5695873228346455
0
LINE
8
BLACK
6
CONTINUOUS
10
0.3276640157480315
20
1.5695873228346455
11
0.3282046456692913
21
1.5693804330708661
0
LINE
8
BLACK
6
CONTINUOUS
10
0.3282046456692913
20
1.5693804330708661
11
0.3319541732283465
21
1.5675056692913385
0
LINE
8
BLACK
6
CONTINUOUS
10
0.3319541732283465
20
1.5675056692913385
11
0.3322021653543307
21
1.5673496062992125
0
LINE
8
BLACK
6
CONTINUOUS
10
0.3322021653543307
20
1.5673496062992125
11
0.3322741338582677
21
1.5673197637795275
0
LINE
8
BLACK
6
CONTINUOUS
10
0.3322741338582677
20
1.5673197637795275
11
0.3323550787401575
21
1.5672533070866141
0
LINE
8
BLACK
6
CONTINUOUS
10
0.3323550787401575
20
1.5672533070866141
11
0.3324440551181102
21
1.5671973228346456
0
LINE
8
BLACK
6
CONTINUOUS
10
0.3324440551181102
20
1.5671973228346456
11
0.3324951968503937
21
1.5671383464566928
0
LINE
8
BLACK
6
CONTINUOUS
10
0.3324951968503937
20
1.5671383464566928
11
0.3327215748031496
21
1.5669525590551181
0
LINE
8
BLACK
6
CONTINUOUS
10
0.3327215748031496
20
1.5669525590551181
11
0.3345963385826772
21
1.5650777952755905
0
LINE
8
BLACK
6
CONTINUOUS
10
0.3345963385826772
20
1.5650777952755905
11
0.3347820866141732
21
1.5648514566929133
0
LINE
8
BLACK
6
CONTINUOUS
10
0.3347820866141732
20
1.5648514566929133
11
0.3348411023622047
21
1.5648002755905512
0
LINE
8
BLACK
6
CONTINUOUS
10
0.3348411023622047
20
1.5648002755905512
11
0.3348970472440945
21
1.5647113385826772
0
LINE
8
BLACK
6
CONTINUOUS
10
0.3348970472440945
20
1.5647113385826772
11
0.3349635433070866
21
1.5646303543307085
0
LINE
8
BLACK
6
CONTINUOUS
10
0.3349635433070866
20
1.5646303543307085
11
0.3349933464566929
21
1.5645584251968503
0
LINE
8
BLACK
6
CONTINUOUS
10
0.3349933464566929
20
1.5645584251968503
11
0.3351494488188976
21
1.5643103937007874
0
LINE
8
BLACK
6
CONTINUOUS
10
0.3351494488188976
20
1.5643103937007874
11
0.3370242125984252
21
1.5605608661417323
0
LINE
8
BLACK
6
CONTINUOUS
10
0.3370242125984252
20
1.5605608661417323
11
0.3372311023622047
21
1.5600202755905512
0
LINE
8
BLACK
6
CONTINUOUS
10
0.3372311023622047
20
1.5600202755905512
11
0.3372386220472441
21
1.5599144094488189
0
LINE
8
BLACK
6
CONTINUOUS
10
0.3372386220472441
20
1.5599144094488189
11
0.3372792125984252
21
1.5598164173228346
0
LINE
8
BLACK
6
CONTINUOUS
10
0.3372792125984252
20
1.5598164173228346
11
0.3373359448818898
21
1.5592403543307087
0
LINE
8
BLACK
6
CONTINUOUS
10
0.3373359448818898
20
1.5592403543307087
11
0.3373359448818898
21
1.5442422440944881
0
LINE
8
BLACK
6
CONTINUOUS
10
0.3373359448818898
20
1.5442422440944881
11
0.3373260236220472
21
1.5441417322834645
0
LINE
8
BLACK
6
CONTINUOUS
10
0.3373260236220472
20
1.5441417322834645
11
0.3373324409448819
21
1.5440987007874016
0
LINE
8
BLACK
6
CONTINUOUS
10
0.3373324409448819
20
1.5440987007874016
11
0.3373005511811024
21
1.5438832283464567
0
LINE
8
BLACK
6
CONTINUOUS
10
0.3373005511811024
20
1.5438832283464567
11
0.3372792125984252
21
1.5436661811023622
0
LINE
8
BLACK
6
CONTINUOUS
10
0.3372792125984252
20
1.5436661811023622
11
0.3372625590551181
21
1.5436259842519684
0
LINE
8
BLACK
6
CONTINUOUS
10
0.3372625590551181
20
1.5436259842519684
11
0.3372477952755906
21
1.5435261023622047
0
LINE
8
BLACK
6
CONTINUOUS
10
0.3372477952755906
20
1.5435261023622047
11
0.335373031496063
21
1.5360270472440944
0
LINE
8
BLACK
6
CONTINUOUS
10
0.335373031496063
20
1.5360270472440944
11
0.3352516929133858
21
1.535687559055118
0
LINE
8
BLACK
6
CONTINUOUS
10
0.3352516929133858
20
1.535687559055118
11
0.3352375984251968
21
1.5356161023622046
0
LINE
8
BLACK
6
CONTINUOUS
10
0.3352375984251968
20
1.5356161023622046
11
0.335203031496063
21
1.5355513385826771
0
LINE
8
BLACK
6
CONTINUOUS
10
0.335203031496063
20
1.5355513385826771
11
0.3351782677165354
21
1.5354819291338582
0
LINE
8
BLACK
6
CONTINUOUS
10
0.3351782677165354
20
1.5354819291338582
11
0.3351347244094488
21
1.5354232283464566
0
LINE
8
BLACK
6
CONTINUOUS
10
0.3351347244094488
20
1.5354232283464566
11
0.3349652755905512
21
1.53510531496063
0
LINE
8
BLACK
6
CONTINUOUS
10
0.3349652755905512
20
1.53510531496063
11
0.3312157480314961
21
1.5294809842519685
0
LINE
8
BLACK
6
CONTINUOUS
10
0.3312157480314961
20
1.5294809842519685
11
0.3312144094488189
21
1.5294794094488189
0
LINE
8
BLACK
6
CONTINUOUS
10
0.3312144094488189
20
1.5294794094488189
11
0.3312140551181103
21
1.529478464566929
0
LINE
8
BLACK
6
CONTINUOUS
10
0.3312140551181103
20
1.529478464566929
11
0.3310355511811023
21
1.5292609842519684
0
LINE
8
BLACK
6
CONTINUOUS
10
0.3310355511811023
20
1.5292609842519684
11
0.3308489763779527
21
1.5290331496062992
0
LINE
8
BLACK
6
CONTINUOUS
10
0.3308489763779527
20
1.5290331496062992
11
0.3308481102362205
21
1.5290325984251969
0
LINE
8
BLACK
6
CONTINUOUS
10
0.3308481102362205
20
1.5290325984251969
11
0.3308468110236221
21
1.5290309842519685
0
LINE
8
BLACK
6
CONTINUOUS
10
0.3308468110236221
20
1.5290309842519685
11
0.3289720866141732
21
1.5271562204724409
0
LINE
8
BLACK
6
CONTINUOUS
10
0.3289720866141732
20
1.5271562204724409
11
0.3287457086614173
21
1.5269704724409447
0
LINE
8
BLACK
6
CONTINUOUS
10
0.3287457086614173
20
1.5269704724409447
11
0.3286945275590551
21
1.5269114173228346
0
LINE
8
BLACK
6
CONTINUOUS
10
0.3286945275590551
20
1.5269114173228346
11
0.3286055511811024
21
1.5268554330708661
0
LINE
8
BLACK
6
CONTINUOUS
10
0.3286055511811024
20
1.5268554330708661
11
0.3285246062992126
21
1.5267889763779527
0
LINE
8
BLACK
6
CONTINUOUS
10
0.3285246062992126
20
1.5267889763779527
11
0.3284526377952756
21
1.5267591732283463
0
LINE
8
BLACK
6
CONTINUOUS
10
0.3284526377952756
20
1.5267591732283463
11
0.3282046456692913
21
1.5266030708661418
0
LINE
8
BLACK
6
CONTINUOUS
10
0.3282046456692913
20
1.5266030708661418
11
0.3244551181102362
21
1.5247283070866142
0
LINE
8
BLACK
6
CONTINUOUS
10
0.3244551181102362
20
1.5247283070866142
11
0.3239144881889764
21
1.5245214173228345
0
LINE
8
BLACK
6
CONTINUOUS
10
0.3239144881889764
20
1.5245214173228345
11
0.3238086614173228
21
1.524513937007874
0
LINE
8
BLACK
6
CONTINUOUS
10
0.3238086614173228
20
1.524513937007874
11
0.3237106692913386
21
1.5244733070866141
0
LINE
8
BLACK
6
CONTINUOUS
10
0.3237106692913386
20
1.5244733070866141
11
0.3231346062992126
21
1.5244165748031495
0
LINE
8
BLACK
6
CONTINUOUS
10
0.3231346062992126
20
1.5244165748031495
11
0.3156355511811024
21
1.5244165748031495
0
LINE
8
BLACK
6
CONTINUOUS
10
0.3156355511811024
20
1.5244165748031495
11
0.3150594881889764
21
1.5244733070866141
0
LINE
8
BLACK
6
CONTINUOUS
10
0.3150594881889764
20
1.5244733070866141
11
0.3139950787401575
21
1.5249142125984252
0
LINE
8
BLACK
6
CONTINUOUS
10
0.3139950787401575
20
1.5249142125984252
11
0.3131804330708661
21
1.5257288582677164
0
LINE
8
BLACK
6
CONTINUOUS
10
0.3131804330708661
20
1.5257288582677164
11
0.3127395275590551
21
1.5267932677165355
0
LINE
8
BLACK
6
CONTINUOUS
10
0.3127395275590551
20
1.5267932677165355
11
0.3127395275590551
21
1.5279453937007874
0
LINE
8
BLACK
6
CONTINUOUS
10
0.3127395275590551
20
1.5279453937007874
11
0.3131804330708661
21
1.5290098031496062
0
LINE
8
BLACK
6
CONTINUOUS
10
0.3131804330708661
20
1.5290098031496062
11
0.3139950787401575
21
1.5298244488188977
0
LINE
8
BLACK
6
CONTINUOUS
10
0.3139950787401575
20
1.5298244488188977
11
0.3150594881889764
21
1.5302653543307085
0
LINE
8
BLACK
6
CONTINUOUS
10
0.3150594881889764
20
1.5302653543307085
11
0.3156355511811024
21
1.5303220866141731
0
LINE
8
BLACK
6
CONTINUOUS
10
0.3156355511811024
20
1.5303220866141731
11
0.3224375590551181
21
1.5303220866141731
0
LINE
8
BLACK
6
CONTINUOUS
10
0.3224375590551181
20
1.5303220866141731
11
0.325135
21
1.5316708267716534
0
LINE
8
BLACK
6
CONTINUOUS
10
0.325135
20
1.5316708267716534
11
0.3264641338582677
21
1.5329999999999999
0
LINE
8
BLACK
6
CONTINUOUS
10
0.3264641338582677
20
1.5329999999999999
11
0.329767874015748
21
1.5379555511811023
0
LINE
8
BLACK
6
CONTINUOUS
10
0.329767874015748
20
1.5379555511811023
11
0.3304971653543307
21
1.540872716535433
0
LINE
8
BLACK
6
CONTINUOUS
10
0.3304971653543307
20
1.540872716535433
11
0.3282046456692913
21
1.5397264566929134
0
LINE
8
BLACK
6
CONTINUOUS
10
0.3282046456692913
20
1.5397264566929134
11
0.3276640157480315
21
1.5395195669291337
0
LINE
8
BLACK
6
CONTINUOUS
10
0.3276640157480315
20
1.5395195669291337
11
0.327558188976378
21
1.5395120866141732
0
LINE
8
BLACK
6
CONTINUOUS
10
0.327558188976378
20
1.5395120866141732
11
0.3274601968503937
21
1.5394714566929133
0
LINE
8
BLACK
6
CONTINUOUS
10
0.3274601968503937
20
1.5394714566929133
11
0.3268841338582677
21
1.5394147244094487
0
LINE
8
BLACK
6
CONTINUOUS
10
0.3268841338582677
20
1.5394147244094487
11
0.3193850787401575
21
1.5394147244094487
0
LINE
8
BLACK
6
CONTINUOUS
10
0.3193850787401575
20
1.5394147244094487
11
0.3188090157480315
21
1.5394714566929133
0
LINE
8
BLACK
6
CONTINUOUS
10
0.3188090157480315
20
1.5394714566929133
11
0.3187110236220472
21
1.5395120472440944
0
LINE
8
BLACK
6
CONTINUOUS
10
0.3187110236220472
20
1.5395120472440944
11
0.3186051574803149
21
1.5395195669291337
0
LINE
8
BLACK
6
CONTINUOUS
10
0.3186051574803149
20
1.5395195669291337
11
0.3180645669291339
21
1.5397264566929134
0
LINE
8
BLACK
6
CONTINUOUS
10
0.3180645669291339
20
1.5397264566929134
11
0.3143150393700787
21
1.541601220472441
0
LINE
8
BLACK
6
CONTINUOUS
10
0.3143150393700787
20
1.541601220472441
11
0.3140670078740158
21
1.5417573228346457
0
LINE
8
BLACK
6
CONTINUOUS
10
0.3140670078740158
20
1.5417573228346457
11
0.3139950787401575
21
1.5417871259842519
0
LINE
8
BLACK
6
CONTINUOUS
10
0.3139950787401575
20
1.5417871259842519
11
0.313914094488189
21
1.5418536220472441
0
LINE
8
BLACK
6
CONTINUOUS
10
0.313914094488189
20
1.5418536220472441
11
0.313825157480315
21
1.5419095669291338
0
LINE
8
BLACK
6
CONTINUOUS
10
0.313825157480315
20
1.5419095669291338
11
0.3137739763779527
21
1.5419685826771654
0
LINE
8
BLACK
6
CONTINUOUS
10
0.3137739763779527
20
1.5419685826771654
11
0.3135476377952756
21
1.5421543307086614
0
LINE
8
BLACK
6
CONTINUOUS
10
0.3135476377952756
20
1.5421543307086614
11
0.311672874015748
21
1.5440290944881889
0
LINE
8
BLACK
6
CONTINUOUS
10
0.311672874015748
20
1.5440290944881889
11
0.3114870866141732
21
1.5442554724409447
0
LINE
8
BLACK
6
CONTINUOUS
10
0.3114870866141732
20
1.5442554724409447
11
0.3114281102362205
21
1.5443066141732282
0
LINE
8
BLACK
6
CONTINUOUS
10
0.3114281102362205
20
1.5443066141732282
11
0.311372125984252
21
1.544395590551181
0
LINE
8
BLACK
6
CONTINUOUS
10
0.311372125984252
20
1.544395590551181
11
0.3113056692913386
21
1.5444765354330707
0
LINE
8
BLACK
6
CONTINUOUS
10
0.3113056692913386
20
1.5444765354330707
11
0.3112758267716536
21
1.5445485039370079
0
LINE
8
BLACK
6
CONTINUOUS
10
0.3112758267716536
20
1.5445485039370079
11
0.3111197637795275
21
1.5447964960629921
0
LINE
8
BLACK
6
CONTINUOUS
10
0.3111197637795275
20
1.5447964960629921
11
0.309245
21
1.5485460236220472
0
LINE
8
BLACK
6
CONTINUOUS
10
0.309245
20
1.5485460236220472
11
0.3090381102362205
21
1.549086653543307
0
LINE
8
BLACK
6
CONTINUOUS
10
0.3090381102362205
20
1.549086653543307
11
0.3090305905511811
21
1.5491924803149606
0
LINE
8
BLACK
6
CONTINUOUS
10
0.3090305905511811
20
1.5491924803149606
11
0.30899
21
1.5492904724409449
0
LINE
8
BLACK
6
CONTINUOUS
10
0.30899
20
1.5492904724409449
11
0.3089332677165355
21
1.5498665354330707
0
LINE
8
BLACK
6
CONTINUOUS
10
0.3089332677165355
20
1.5498665354330707
11
0.3089332677165355
21
1.5592403543307087
0
LINE
8
BLACK
6
CONTINUOUS
10
0.3089332677165355
20
1.5592403543307087
11
0.30899
21
1.5598164173228346
0
LINE
8
BLACK
6
CONTINUOUS
10
0.30899
20
1.5598164173228346
11
0.3090305905511811
21
1.5599144488188976
0
LINE
8
BLACK
6
CONTINUOUS
10
0.3090305905511811
20
1.5599144488188976
11
0.3090381102362205
21
1.5600202362204725
0
LINE
8
BLACK
6
CONTINUOUS
10
0.3090381102362205
20
1.5600202362204725
11
0.309245
21
1.5605608661417323
0
LINE
8
BLACK
6
CONTINUOUS
10
0.309245
20
1.5605608661417323
11
0.3111197637795275
21
1.5643103937007874
0
LINE
8
BLACK
6
CONTINUOUS
10
0.3111197637795275
20
1.5643103937007874
11
0.3112758267716536
21
1.5645584251968503
0
LINE
8
BLACK
6
CONTINUOUS
10
0.3112758267716536
20
1.5645584251968503
11
0.3113056692913386
21
1.5646303543307085
0
LINE
8
BLACK
6
CONTINUOUS
10
0.3113056692913386
20
1.5646303543307085
11
0.311372125984252
21
1.5647113385826772
0
LINE
8
BLACK
6
CONTINUOUS
10
0.311372125984252
20
1.5647113385826772
11
0.3114281102362205
21
1.5648002755905512
0
LINE
8
BLACK
6
CONTINUOUS
10
0.3114281102362205
20
1.5648002755905512
11
0.3114870866141732
21
1.5648514566929133
0
LINE
8
BLACK
6
CONTINUOUS
10
0.3114870866141732
20
1.5648514566929133
11
0.311672874015748
21
1.5650777952755905
0
LINE
8
BLACK
6
CONTINUOUS
10
0.311672874015748
20
1.5650777952755905
11
0.3135476377952756
21
1.5669525590551181
0
LINE
8
BLACK
6
CONTINUOUS
10
0.3135476377952756
20
1.5669525590551181
11
0.3137739763779527
21
1.5671383464566928
0
LINE
8
BLACK
6
CONTINUOUS
10
0.3137739763779527
20
1.5671383464566928
11
0.313825157480315
21
1.5671973228346456
0
LINE
8
BLACK
6
CONTINUOUS
10
0.313825157480315
20
1.5671973228346456
11
0.313914094488189
21
1.5672533070866141
0
LINE
8
BLACK
6
CONTINUOUS
10
0.313914094488189
20
1.5672533070866141
11
0.3139950787401575
21
1.5673197637795275
0
LINE
8
BLACK
6
CONTINUOUS
10
0.3139950787401575
20
1.5673197637795275
11
0.3140670078740158
21
1.5673496062992125
0
LINE
8
BLACK
6
CONTINUOUS
10
0.3140670078740158
20
1.5673496062992125
11
0.3143150393700787
21
1.5675056692913385
0
LINE
8
BLACK
6
CONTINUOUS
10
0.3143150393700787
20
1.5675056692913385
11
0.3180645669291339
21
1.5693804330708661
0
LINE
8
BLACK
6
CONTINUOUS
10
0.3180645669291339
20
1.5693804330708661
11
0.3186051574803149
21
1.5695873228346455
0
LINE
8
BLACK
6
CONTINUOUS
10
0.3186051574803149
20
1.5695873228346455
11
0.3187110236220472
21
1.5695948818897638
0
LINE
8
BLACK
6
CONTINUOUS
10
0.3187110236220472
20
1.5695948818897638
11
0.3188090157480315
21
1.5696354330708662
0
LINE
8
BLACK
6
CONTINUOUS
10
0.3188090157480315
20
1.5696354330708662
11
0.3193850787401575
21
1.5696921653543308
0
LINE
8
BLACK
6
CONTINUOUS
10
0.3193850787401575
20
1.5696921653543308
11
0.3268841338582677
21
1.5696921653543308
0
LINE
8
BLACK
6
CONTINUOUS
10
0.3268841338582677
20
1.5696921653543308
11
0.3274601968503937
21
1.5696354330708662
0
LINE
8
BLACK
6
CONTINUOUS
10
0.3173846456692913
20
1.5624379133858268
11
0.3161875196850394
21
1.5612407874015748
0
LINE
8
BLACK
6
CONTINUOUS
10
0.3161875196850394
20
1.5612407874015748
11
0.3148387795275591
21
1.5585433070866141
0
LINE
8
BLACK
6
CONTINUOUS
10
0.3148387795275591
20
1.5585433070866141
11
0.3148387795275591
21
1.5505635826771653
0
LINE
8
BLACK
6
CONTINUOUS
10
0.3148387795275591
20
1.5505635826771653
11
0.3161875196850394
21
1.5478661023622047
0
LINE
8
BLACK
6
CONTINUOUS
10
0.3161875196850394
20
1.5478661023622047
11
0.3173846456692913
21
1.5466689763779526
0
LINE
8
BLACK
6
CONTINUOUS
10
0.3173846456692913
20
1.5466689763779526
11
0.320082125984252
21
1.5453202362204723
0
LINE
8
BLACK
6
CONTINUOUS
10
0.320082125984252
20
1.5453202362204723
11
0.3261870866141732
21
1.5453202362204723
0
LINE
8
BLACK
6
CONTINUOUS
10
0.3261870866141732
20
1.5453202362204723
11
0.3288845669291339
21
1.5466689763779526
0
LINE
8
BLACK
6
CONTINUOUS
10
0.3288845669291339
20
1.5466689763779526
11
0.3300816929133858
21
1.5478661023622047
0
LINE
8
BLACK
6
CONTINUOUS
10
0.3300816929133858
20
1.5478661023622047
11
0.3314304330708661
21
1.5505635826771653
0
LINE
8
BLACK
6
CONTINUOUS
10
0.3314304330708661
20
1.5505635826771653
11
0.3314304330708661
21
1.5585433070866141
0
LINE
8
BLACK
6
CONTINUOUS
10
0.3314304330708661
20
1.5585433070866141
11
0.3300816929133858
21
1.5612407874015748
0
LINE
8
BLACK
6
CONTINUOUS
10
0.3300816929133858
20
1.5612407874015748
11
0.3288845669291339
21
1.5624379133858268
0
LINE
8
BLACK
6
CONTINUOUS
10
0.3288845669291339
20
1.5624379133858268
11
0.3261870866141732
21
1.5637866535433071
0
LINE
8
BLACK
6
CONTINUOUS
10
0.3261870866141732
20
1.5637866535433071
11
0.320082125984252
21
1.5637866535433071
0
LINE
8
BLACK
6
CONTINUOUS
10
0.320082125984252
20
1.5637866535433071
11
0.3173846456692913
21
1.5624379133858268
0
LINE
8
BLACK
6
CONTINUOUS
10
0.4024508267716536
20
1.5696354330708662
11
0.4025488188976378
21
1.5695948425196851
0
LINE
8
BLACK
6
CONTINUOUS
10
0.4025488188976378
20
1.5695948425196851
11
0.4026546456692913
21
1.5695873228346455
0
LINE
8
BLACK
6
CONTINUOUS
10
0.4026546456692913
20
1.5695873228346455
11
0.4031952755905512
21
1.5693804330708661
0
LINE
8
BLACK
6
CONTINUOUS
10
0.4031952755905512
20
1.5693804330708661
11
0.4069448031496063
21
1.5675056692913385
0
LINE
8
BLACK
6
CONTINUOUS
10
0.4069448031496063
20
1.5675056692913385
11
0.4071927952755905
21
1.5673496062992125
0
LINE
8
BLACK
6
CONTINUOUS
10
0.4071927952755905
20
1.5673496062992125
11
0.4072647637795275
21
1.5673197637795275
0
LINE
8
BLACK
6
CONTINUOUS
10
0.4072647637795275
20
1.5673197637795275
11
0.4073457086614173
21
1.5672533070866141
0
LINE
8
BLACK
6
CONTINUOUS
10
0.4073457086614173
20
1.5672533070866141
11
0.4074346850393701
21
1.5671973228346456
0
LINE
8
BLACK
6
CONTINUOUS
10
0.4074346850393701
20
1.5671973228346456
11
0.4074858267716535
21
1.5671383464566928
0
LINE
8
BLACK
6
CONTINUOUS
10
0.4074858267716535
20
1.5671383464566928
11
0.4077122047244094
21
1.5669525590551181
0
LINE
8
BLACK
6
CONTINUOUS
10
0.4077122047244094
20
1.5669525590551181
11
0.409586968503937
21
1.5650777952755905
0
LINE
8
BLACK
6
CONTINUOUS
10
0.409586968503937
20
1.5650777952755905
11
0.4097727165354331
21
1.5648514566929133
0
LINE
8
BLACK
6
CONTINUOUS
10
0.4097727165354331
20
1.5648514566929133
11
0.4098317322834645
21
1.5648002755905512
0
LINE
8
BLACK
6
CONTINUOUS
10
0.4098317322834645
20
1.5648002755905512
11
0.4098876771653543
21
1.5647113385826772
0
LINE
8
BLACK
6
CONTINUOUS
10
0.4098876771653543
20
1.5647113385826772
11
0.4099541732283464
21
1.5646303543307085
0
LINE
8
BLACK
6
CONTINUOUS
10
0.4099541732283464
20
1.5646303543307085
11
0.4099839763779528
21
1.5645584251968503
0
LINE
8
BLACK
6
CONTINUOUS
10
0.4099839763779528
20
1.5645584251968503
11
0.4101400787401575
21
1.5643103937007874
0
LINE
8
BLACK
6
CONTINUOUS
10
0.4101400787401575
20
1.5643103937007874
11
0.412014842519685
21
1.5605608661417323
0
LINE
8
BLACK
6
CONTINUOUS
10
0.412014842519685
20
1.5605608661417323
11
0.4122217322834645
21
1.5600202755905512
0
LINE
8
BLACK
6
CONTINUOUS
10
0.4122217322834645
20
1.5600202755905512
11
0.4122292519685039
21
1.5599144094488189
0
LINE
8
BLACK
6
CONTINUOUS
10
0.4122292519685039
20
1.5599144094488189
11
0.412269842519685
21
1.5598164173228346
0
LINE
8
BLACK
6
CONTINUOUS
10
0.412269842519685
20
1.5598164173228346
11
0.4123265748031496
21
1.5592403543307087
0
LINE
8
BLACK
6
CONTINUOUS
10
0.4123265748031496
20
1.5592403543307087
11
0.4123265748031496
21
1.5554908267716534
0
LINE
8
BLACK
6
CONTINUOUS
10
0.4123265748031496
20
1.5554908267716534
11
0.4122978346456693
21
1.5551992519685038
0
LINE
8
BLACK
6
CONTINUOUS
10
0.4122978346456693
20
1.5551992519685038
11
0.4123033858267716
21
1.555121496062992
0
LINE
8
BLACK
6
CONTINUOUS
10
0.4123033858267716
20
1.555121496062992
11
0.4122801181102362
21
1.555019251968504
0
LINE
8
BLACK
6
CONTINUOUS
10
0.4122801181102362
20
1.555019251968504
11
0.412269842519685
21
1.5549147637795275
0
LINE
8
BLACK
6
CONTINUOUS
10
0.412269842519685
20
1.5549147637795275
11
0.4122399606299212
21
1.554842716535433
0
LINE
8
BLACK
6
CONTINUOUS
10
0.4122399606299212
20
1.554842716535433
11
0.4121750393700787
21
1.5545570472440944
0
LINE
8
BLACK
6
CONTINUOUS
10
0.4121750393700787
20
1.5545570472440944
11
0.4103002755905512
21
1.5489327952755905
0
LINE
8
BLACK
6
CONTINUOUS
10
0.4103002755905512
20
1.5489327952755905
11
0.4100642913385827
21
1.5484042125984252
0
LINE
8
BLACK
6
CONTINUOUS
10
0.4100642913385827
20
1.5484042125984252
11
0.4099948031496063
21
1.5483241338582676
0
LINE
8
BLACK
6
CONTINUOUS
10
0.4099948031496063
20
1.5483241338582676
11
0.4099542125984252
21
1.5482260629921258
0
LINE
8
BLACK
6
CONTINUOUS
10
0.4099542125984252
20
1.5482260629921258
11
0.409586968503937
21
1.547778622047244
0
LINE
8
BLACK
6
CONTINUOUS
10
0.409586968503937
20
1.547778622047244
11
0.3921304724409449
21
1.5303220866141731
0
LINE
8
BLACK
6
CONTINUOUS
10
0.3921304724409449
20
1.5303220866141731
11
0.4093738188976378
21
1.5303220866141731
0
LINE
8
BLACK
6
CONTINUOUS
10
0.4093738188976378
20
1.5303220866141731
11
0.4099498818897638
21
1.5302653543307085
0
LINE
8
BLACK
6
CONTINUOUS
10
0.4099498818897638
20
1.5302653543307085
11
0.4110142913385827
21
1.5298244488188977
0
LINE
8
BLACK
6
CONTINUOUS
10
0.4110142913385827
20
1.5298244488188977
11
0.411828937007874
21
1.5290098031496062
0
LINE
8
BLACK
6
CONTINUOUS
10
0.411828937007874
20
1.5290098031496062
11
0.412269842519685
21
1.5279453937007874
0
LINE
8
BLACK
6
CONTINUOUS
10
0.412269842519685
20
1.5279453937007874
11
0.412269842519685
21
1.5267932677165355
0
LINE
8
BLACK
6
CONTINUOUS
10
0.412269842519685
20
1.5267932677165355
11
0.411828937007874
21
1.5257288582677164
0
LINE
8
BLACK
6
CONTINUOUS
10
0.411828937007874
20
1.5257288582677164
11
0.4110142913385827
21
1.5249142125984252
0
LINE
8
BLACK
6
CONTINUOUS
10
0.4110142913385827
20
1.5249142125984252
11
0.4099498818897638
21
1.5244733070866141
0
LINE
8
BLACK
6
CONTINUOUS
10
0.4099498818897638
20
1.5244733070866141
11
0.4093738188976378
21
1.5244165748031495
0
LINE
8
BLACK
6
CONTINUOUS
10
0.4093738188976378
20
1.5244165748031495
11
0.3850018897637795
21
1.5244165748031495
0
LINE
8
BLACK
6
CONTINUOUS
10
0.3850018897637795
20
1.5244165748031495
11
0.3844258267716535
21
1.5244733070866141
0
LINE
8
BLACK
6
CONTINUOUS
10
0.3844258267716535
20
1.5244733070866141
11
0.3833614173228346
21
1.5249142125984252
0
LINE
8
BLACK
6
CONTINUOUS
10
0.3833614173228346
20
1.5249142125984252
11
0.3825467716535433
21
1.5257288582677164
0
LINE
8
BLACK
6
CONTINUOUS
10
0.3825467716535433
20
1.5257288582677164
11
0.3821058661417323
21
1.5267932677165355
0
LINE
8
BLACK
6
CONTINUOUS
10
0.3821058661417323
20
1.5267932677165355
11
0.3821058661417323
21
1.5279453937007874
0
LINE
8
BLACK
6
CONTINUOUS
10
0.3821058661417323
20
1.5279453937007874
11
0.3825467716535433
21
1.5290098031496062
0
LINE
8
BLACK
6
CONTINUOUS
10
0.3825467716535433
20
1.5290098031496062
11
0.3829139763779528
21
1.5294572440944882
0
LINE
8
BLACK
6
CONTINUOUS
10
0.3829139763779528
20
1.5294572440944882
11
0.4049182283464567
21
1.5514615748031495
0
LINE
8
BLACK
6
CONTINUOUS
10
0.4049182283464567
20
1.5514615748031495
11
0.406421062992126
21
1.5559699606299213
0
LINE
8
BLACK
6
CONTINUOUS
10
0.406421062992126
20
1.5559699606299213
11
0.406421062992126
21
1.5585433070866141
0
LINE
8
BLACK
6
CONTINUOUS
10
0.406421062992126
20
1.5585433070866141
11
0.4050723228346457
21
1.5612407874015748
0
LINE
8
BLACK
6
CONTINUOUS
10
0.4050723228346457
20
1.5612407874015748
11
0.4038751968503937
21
1.5624379133858268
0
LINE
8
BLACK
6
CONTINUOUS
10
0.4038751968503937
20
1.5624379133858268
11
0.401177716535433
21
1.5637866535433071
0
LINE
8
BLACK
6
CONTINUOUS
10
0.401177716535433
20
1.5637866535433071
11
0.3931979921259842
21
1.5637866535433071
0
LINE
8
BLACK
6
CONTINUOUS
10
0.3931979921259842
20
1.5637866535433071
11
0.3905005118110236
21
1.5624379133858268
0
LINE
8
BLACK
6
CONTINUOUS
10
0.3905005118110236
20
1.5624379133858268
11
0.3889645669291338
21
1.5609019685039369
0
LINE
8
BLACK
6
CONTINUOUS
10
0.3889645669291338
20
1.5609019685039369
11
0.388517125984252
21
1.5605347637795275
0
LINE
8
BLACK
6
CONTINUOUS
10
0.388517125984252
20
1.5605347637795275
11
0.3874526771653543
21
1.5600938582677164
0
LINE
8
BLACK
6
CONTINUOUS
10
0.3874526771653543
20
1.5600938582677164
11
0.3863006299212599
21
1.5600938582677164
0
LINE
8
BLACK
6
CONTINUOUS
10
0.3863006299212599
20
1.5600938582677164
11
0.3852361811023622
21
1.5605347637795275
0
LINE
8
BLACK
6
CONTINUOUS
10
0.3852361811023622
20
1.5605347637795275
11
0.3844215354330708
21
1.5613494094488189
0
LINE
8
BLACK
6
CONTINUOUS
10
0.3844215354330708
20
1.5613494094488189
11
0.3839806299212598
21
1.5624138582677165
0
LINE
8
BLACK
6
CONTINUOUS
10
0.3839806299212598
20
1.5624138582677165
11
0.3839806299212598
21
1.563565905511811
0
LINE
8
BLACK
6
CONTINUOUS
10
0.3839806299212598
20
1.563565905511811
11
0.3844215354330708
21
1.5646303543307085
0
LINE
8
BLACK
6
CONTINUOUS
10
0.3844215354330708
20
1.5646303543307085
11
0.3847887401574803
21
1.5650777952755905
0
LINE
8
BLACK
6
CONTINUOUS
10
0.3847887401574803
20
1.5650777952755905
11
0.3866635039370079
21
1.5669525590551181
0
LINE
8
BLACK
6
CONTINUOUS
10
0.3866635039370079
20
1.5669525590551181
11
0.3868898425196851
21
1.5671383464566928
0
LINE
8
BLACK
6
CONTINUOUS
10
0.3868898425196851
20
1.5671383464566928
11
0.3869410236220472
21
1.5671973228346456
0
LINE
8
BLACK
6
CONTINUOUS
10
0.3869410236220472
20
1.5671973228346456
11
0.3870299606299212
21
1.5672533070866141
0
LINE
8
BLACK
6
CONTINUOUS
10
0.3870299606299212
20
1.5672533070866141
11
0.3871109448818897
21
1.5673197637795275
0
LINE
8
BLACK
6
CONTINUOUS
10
0.3871109448818897
20
1.5673197637795275
11
0.387182874015748
21
1.5673496062992125
0
LINE
8
BLACK
6
CONTINUOUS
10
0.387182874015748
20
1.5673496062992125
11
0.387430905511811
21
1.5675056692913385
0
LINE
8
BLACK
6
CONTINUOUS
10
0.387430905511811
20
1.5675056692913385
11
0.3911804330708661
21
1.5693804330708661
0
LINE
8
BLACK
6
CONTINUOUS
10
0.3911804330708661
20
1.5693804330708661
11
0.3917210236220472
21
1.5695873228346455
0
LINE
8
BLACK
6
CONTINUOUS
10
0.3917210236220472
20
1.5695873228346455
11
0.3918268897637795
21
1.5695948818897638
0
LINE
8
BLACK
6
CONTINUOUS
10
0.3918268897637795
20
1.5695948818897638
11
0.3919248818897638
21
1.5696354330708662
0
LINE
8
BLACK
6
CONTINUOUS
10
0.3919248818897638
20
1.5696354330708662
11
0.3925009448818897
21
1.5696921653543308
0
LINE
8
BLACK
6
CONTINUOUS
10
0.3925009448818897
20
1.5696921653543308
11
0.4018747637795276
21
1.5696921653543308
0
LINE
8
BLACK
6
CONTINUOUS
10
0.4018747637795276
20
1.5696921653543308
11
0.4024508267716536
21
1.5696354330708662
0
LINE
8
BLACK
6
CONTINUOUS
10
0.4380713779527559
20
1.5696354330708662
11
0.4381693700787401
21
1.5695948425196851
0
LINE
8
BLACK
6
CONTINUOUS
10
0.4381693700787401
20
1.5695948425196851
11
0.4382751968503937
21
1.5695873228346455
0
LINE
8
BLACK
6
CONTINUOUS
10
0.4382751968503937
20
1.5695873228346455
11
0.4388158267716535
21
1.5693804330708661
0
LINE
8
BLACK
6
CONTINUOUS
10
0.4388158267716535
20
1.5693804330708661
11
0.4425653543307086
21
1.5675056692913385
0
LINE
8
BLACK
6
CONTINUOUS
10
0.4425653543307086
20
1.5675056692913385
11
0.4428133464566929
21
1.5673496062992125
0
LINE
8
BLACK
6
CONTINUOUS
10
0.4428133464566929
20
1.5673496062992125
11
0.4428853149606299
21
1.5673197637795275
0
LINE
8
BLACK
6
CONTINUOUS
10
0.4428853149606299
20
1.5673197637795275
11
0.4429662598425197
21
1.5672533070866141
0
LINE
8
BLACK
6
CONTINUOUS
10
0.4429662598425197
20
1.5672533070866141
11
0.4430552362204724
21
1.5671973228346456
0
LINE
8
BLACK
6
CONTINUOUS
10
0.4430552362204724
20
1.5671973228346456
11
0.4431063779527559
21
1.5671383464566928
0
LINE
8
BLACK
6
CONTINUOUS
10
0.4431063779527559
20
1.5671383464566928
11
0.4433327559055118
21
1.5669525590551181
0
LINE
8
BLACK
6
CONTINUOUS
10
0.4433327559055118
20
1.5669525590551181
11
0.4452075196850394
21
1.5650777952755905
0
LINE
8
BLACK
6
CONTINUOUS
10
0.4452075196850394
20
1.5650777952755905
11
0.4453932677165354
21
1.5648514566929133
0
LINE
8
BLACK
6
CONTINUOUS
10
0.4453932677165354
20
1.5648514566929133
11
0.4454522834645669
21
1.5648002755905512
0
LINE
8
BLACK
6
CONTINUOUS
10
0.4454522834645669
20
1.5648002755905512
11
0.4455082283464567
21
1.5647113385826772
0
LINE
8
BLACK
6
CONTINUOUS
10
0.4455082283464567
20
1.5647113385826772
11
0.4455747244094488
21
1.5646303543307085
0
LINE
8
BLACK
6
CONTINUOUS
10
0.4455747244094488
20
1.5646303543307085
11
0.4456045275590551
21
1.5645584251968503
0
LINE
8
BLACK
6
CONTINUOUS
10
0.4456045275590551
20
1.5645584251968503
11
0.4457606299212598
21
1.5643103937007874
0
LINE
8
BLACK
6
CONTINUOUS
10
0.4457606299212598
20
1.5643103937007874
11
0.4476353937007874
21
1.5605608661417323
0
LINE
8
BLACK
6
CONTINUOUS
10
0.4476353937007874
20
1.5605608661417323
11
0.4476514960629921
21
1.560518779527559
0
LINE
8
BLACK
6
CONTINUOUS
10
0.4476514960629921
20
1.560518779527559
11
0.4476642125984252
21
1.5605016141732284
0
LINE
8
BLACK
6
CONTINUOUS
10
0.4476642125984252
20
1.5605016141732284
11
0.4477505118110236
21
1.5602600393700787
0
LINE
8
BLACK
6
CONTINUOUS
10
0.4477505118110236
20
1.5602600393700787
11
0.4478422834645669
21
1.5600202755905512
0
LINE
8
BLACK
6
CONTINUOUS
10
0.4478422834645669
20
1.5600202755905512
11
0.447843779527559
21
1.5599990157480315
0
LINE
8
BLACK
6
CONTINUOUS
10
0.447843779527559
20
1.5599990157480315
11
0.4478589763779527
21
1.5599564960629921
0
LINE
8
BLACK
6
CONTINUOUS
10
0.4478589763779527
20
1.5599564960629921
11
0.4497337401574803
21
1.5524574409448819
0
LINE
8
BLACK
6
CONTINUOUS
10
0.4497337401574803
20
1.5524574409448819
11
0.4497485039370079
21
1.5523575984251967
0
LINE
8
BLACK
6
CONTINUOUS
10
0.4497485039370079
20
1.5523575984251967
11
0.4497651574803149
21
1.5523173622047244
0
LINE
8
BLACK
6
CONTINUOUS
10
0.4497651574803149
20
1.5523173622047244
11
0.4497864960629921
21
1.5521003543307086
0
LINE
8
BLACK
6
CONTINUOUS
10
0.4497864960629921
20
1.5521003543307086
11
0.4498183858267716
21
1.5518848425196849
0
LINE
8
BLACK
6
CONTINUOUS
10
0.4498183858267716
20
1.5518848425196849
11
0.449811968503937
21
1.5518418503937008
0
LINE
8
BLACK
6
CONTINUOUS
10
0.449811968503937
20
1.5518418503937008
11
0.4498218897637795
21
1.5517412992125983
0
LINE
8
BLACK
6
CONTINUOUS
10
0.4498218897637795
20
1.5517412992125983
11
0.4498218897637795
21
1.5423674803149605
0
LINE
8
BLACK
6
CONTINUOUS
10
0.4498218897637795
20
1.5423674803149605
11
0.449811968503937
21
1.542266968503937
0
LINE
8
BLACK
6
CONTINUOUS
10
0.449811968503937
20
1.542266968503937
11
0.4498183858267716
21
1.5422239370078741
0
LINE
8
BLACK
6
CONTINUOUS
10
0.4498183858267716
20
1.5422239370078741
11
0.4497864960629921
21
1.5420084645669292
0
LINE
8
BLACK
6
CONTINUOUS
10
0.4497864960629921
20
1.5420084645669292
11
0.4497651574803149
21
1.5417914173228346
0
LINE
8
BLACK
6
CONTINUOUS
10
0.4497651574803149
20
1.5417914173228346
11
0.4497485039370079
21
1.5417512204724408
0
LINE
8
BLACK
6
CONTINUOUS
10
0.4497485039370079
20
1.5417512204724408
11
0.4497337401574803
21
1.5416513385826771
0
LINE
8
BLACK
6
CONTINUOUS
10
0.4497337401574803
20
1.5416513385826771
11
0.4478589763779527
21
1.5341522834645669
0
LINE
8
BLACK
6
CONTINUOUS
10
0.4478589763779527
20
1.5341522834645669
11
0.447843779527559
21
1.5341098031496063
0
LINE
8
BLACK
6
CONTINUOUS
10
0.447843779527559
20
1.5341098031496063
11
0.4478422834645669
21
1.5340885039370078
0
LINE
8
BLACK
6
CONTINUOUS
10
0.4478422834645669
20
1.5340885039370078
11
0.4477505118110236
21
1.533848779527559
0
LINE
8
BLACK
6
CONTINUOUS
10
0.4477505118110236
20
1.533848779527559
11
0.4476642125984252
21
1.5336071653543306
0
LINE
8
BLACK
6
CONTINUOUS
10
0.4476642125984252
20
1.5336071653543306
11
0.4476514960629921
21
1.5335900393700788
0
LINE
8
BLACK
6
CONTINUOUS
10
0.4476514960629921
20
1.5335900393700788
11
0.4476353937007874
21
1.5335479133858267
0
LINE
8
BLACK
6
CONTINUOUS
10
0.4476353937007874
20
1.5335479133858267
11
0.4457606299212598
21
1.5297983858267716
0
LINE
8
BLACK
6
CONTINUOUS
10
0.4457606299212598
20
1.5297983858267716
11
0.4456045669291339
21
1.5295505118110235
0
LINE
8
BLACK
6
CONTINUOUS
10
0.4456045669291339
20
1.5295505118110235
11
0.4455747637795275
21
1.529478464566929
0
LINE
8
BLACK
6
CONTINUOUS
10
0.4455747637795275
20
1.529478464566929
11
0.4455082283464567
21
1.5293974409448818
0
LINE
8
BLACK
6
CONTINUOUS
10
0.4455082283464567
20
1.5293974409448818
11
0.4454522834645669
21
1.5293085039370078
0
LINE
8
BLACK
6
CONTINUOUS
10
0.4454522834645669
20
1.5293085039370078
11
0.4453932677165354
21
1.5292573622047243
0
LINE
8
BLACK
6
CONTINUOUS
10
0.4453932677165354
20
1.5292573622047243
11
0.4452075196850394
21
1.5290309842519685
0
LINE
8
BLACK
6
CONTINUOUS
10
0.4452075196850394
20
1.5290309842519685
11
0.4433327952755906
21
1.5271562204724409
0
LINE
8
BLACK
6
CONTINUOUS
10
0.4433327952755906
20
1.5271562204724409
11
0.4431064173228346
21
1.5269704724409447
0
LINE
8
BLACK
6
CONTINUOUS
10
0.4431064173228346
20
1.5269704724409447
11
0.4430552362204724
21
1.5269114173228346
0
LINE
8
BLACK
6
CONTINUOUS
10
0.4430552362204724
20
1.5269114173228346
11
0.4429662598425197
21
1.5268554330708661
0
LINE
8
BLACK
6
CONTINUOUS
10
0.4429662598425197
20
1.5268554330708661
11
0.4428853149606299
21
1.5267889763779527
0
LINE
8
BLACK
6
CONTINUOUS
10
0.4428853149606299
20
1.5267889763779527
11
0.4428133464566929
21
1.5267591732283463
0
LINE
8
BLACK
6
CONTINUOUS
10
0.4428133464566929
20
1.5267591732283463
11
0.4425653543307086
21
1.5266030708661418
0
LINE
8
BLACK
6
CONTINUOUS
10
0.4425653543307086
20
1.5266030708661418
11
0.4388158267716535
21
1.5247283070866142
0
LINE
8
BLACK
6
CONTINUOUS
10
0.4388158267716535
20
1.5247283070866142
11
0.4382751968503937
21
1.5245214173228345
0
LINE
8
BLACK
6
CONTINUOUS
10
0.4382751968503937
20
1.5245214173228345
11
0.4381693700787401
21
1.524513937007874
0
LINE
8
BLACK
6
CONTINUOUS
10
0.4381693700787401
20
1.524513937007874
11
0.4380713779527559
21
1.5244733070866141
0
LINE
8
BLACK
6
CONTINUOUS
10
0.4380713779527559
20
1.5244733070866141
11
0.4374953149606299
21
1.5244165748031495
0
LINE
8
BLACK
6
CONTINUOUS
10
0.4374953149606299
20
1.5244165748031495
11
0.4337457874015748
21
1.5244165748031495
0
LINE
8
BLACK
6
CONTINUOUS
10
0.4337457874015748
20
1.5244165748031495
11
0.4331697244094488
21
1.5244733070866141
0
LINE
8
BLACK
6
CONTINUOUS
10
0.4331697244094488
20
1.5244733070866141
11
0.4330717322834646
21
1.5245138976377952
0
LINE
8
BLACK
6
CONTINUOUS
10
0.4330717322834646
20
1.5245138976377952
11
0.4329658661417323
21
1.5245214173228345
0
LINE
8
BLACK
6
CONTINUOUS
10
0.4329658661417323
20
1.5245214173228345
11
0.4324252755905512
21
1.5247283070866142
0
LINE
8
BLACK
6
CONTINUOUS
10
0.4324252755905512
20
1.5247283070866142
11
0.4286757480314961
21
1.5266030708661418
0
LINE
8
BLACK
6
CONTINUOUS
10
0.4286757480314961
20
1.5266030708661418
11
0.428427716535433
21
1.5267591732283463
0
LINE
8
BLACK
6
CONTINUOUS
10
0.428427716535433
20
1.5267591732283463
11
0.4283557874015748
21
1.5267889763779527
0
LINE
8
BLACK
6
CONTINUOUS
10
0.4283557874015748
20
1.5267889763779527
11
0.4282748031496063
21
1.5268554330708661
0
LINE
8
BLACK
6
CONTINUOUS
10
0.4282748031496063
20
1.5268554330708661
11
0.4281858661417323
21
1.5269114173228346
0
LINE
8
BLACK
6
CONTINUOUS
10
0.4281858661417323
20
1.5269114173228346
11
0.4281346456692913
21
1.5269704724409447
0
LINE
8
BLACK
6
CONTINUOUS
10
0.4281346456692913
20
1.5269704724409447
11
0.4279083070866141
21
1.5271562204724409
0
LINE
8
BLACK
6
CONTINUOUS
10
0.4279083070866141
20
1.5271562204724409
11
0.4260335433070866
21
1.5290310236220472
0
LINE
8
BLACK
6
CONTINUOUS
10
0.4260335433070866
20
1.5290310236220472
11
0.4258477952755905
21
1.5292573622047243
0
LINE
8
BLACK
6
CONTINUOUS
10
0.4258477952755905
20
1.5292573622047243
11
0.4257888188976378
21
1.5293085039370078
0
LINE
8
BLACK
6
CONTINUOUS
10
0.4257888188976378
20
1.5293085039370078
11
0.4257328346456693
21
1.5293974409448818
0
LINE
8
BLACK
6
CONTINUOUS
10
0.4257328346456693
20
1.5293974409448818
11
0.4256663385826772
21
1.529478464566929
0
LINE
8
BLACK
6
CONTINUOUS
10
0.4256663385826772
20
1.529478464566929
11
0.4256364960629921
21
1.5295505118110235
0
LINE
8
BLACK
6
CONTINUOUS
10
0.4256364960629921
20
1.5295505118110235
11
0.4254804724409449
21
1.5297983858267716
0
LINE
8
BLACK
6
CONTINUOUS
10
0.4254804724409449
20
1.5297983858267716
11
0.4236057086614173
21
1.5335479133858267
0
LINE
8
BLACK
6
CONTINUOUS
10
0.4236057086614173
20
1.5335479133858267
11
0.4235895669291339
21
1.5335900393700788
0
LINE
8
BLACK
6
CONTINUOUS
10
0.4235895669291339
20
1.5335900393700788
11
0.4235768897637795
21
1.5336071653543306
0
LINE
8
BLACK
6
CONTINUOUS
10
0.4235768897637795
20
1.5336071653543306
11
0.4234904330708661
21
1.5338491338582676
0
LINE
8
BLACK
6
CONTINUOUS
10
0.4234904330708661
20
1.5338491338582676
11
0.4233988188976378
21
1.5340885433070865
0
LINE
8
BLACK
6
CONTINUOUS
10
0.4233988188976378
20
1.5340885433070865
11
0.4233972834645669
21
1.5341098031496063
0
LINE
8
BLACK
6
CONTINUOUS
10
0.4233972834645669
20
1.5341098031496063
11
0.423382125984252
21
1.5341522834645669
0
LINE
8
BLACK
6
CONTINUOUS
10
0.423382125984252
20
1.5341522834645669
11
0.4215073622047244
21
1.5416513385826771
0
LINE
8
BLACK
6
CONTINUOUS
10
0.4215073622047244
20
1.5416513385826771
11
0.4214925590551181
21
1.5417512204724408
0
LINE
8
BLACK
6
CONTINUOUS
10
0.4214925590551181
20
1.5417512204724408
11
0.4214759448818898
21
1.5417914173228346
0
LINE
8
BLACK
6
CONTINUOUS
10
0.4214759448818898
20
1.5417914173228346
11
0.4214545669291339
21
1.5420084645669292
0
LINE
8
BLACK
6
CONTINUOUS
10
0.4214545669291339
20
1.5420084645669292
11
0.4214227165354331
21
1.5422239370078741
0
LINE
8
BLACK
6
CONTINUOUS
10
0.4214227165354331
20
1.5422239370078741
11
0.421429094488189
21
1.542266968503937
0
LINE
8
BLACK
6
CONTINUOUS
10
0.421429094488189
20
1.542266968503937
11
0.4214192125984252
21
1.5423674803149605
0
LINE
8
BLACK
6
CONTINUOUS
10
0.4214192125984252
20
1.5423674803149605
11
0.4214192125984252
21
1.5517412992125983
0
LINE
8
BLACK
6
CONTINUOUS
10
0.4214192125984252
20
1.5517412992125983
11
0.421429094488189
21
1.5518418503937008
0
LINE
8
BLACK
6
CONTINUOUS
10
0.421429094488189
20
1.5518418503937008
11
0.4214227165354331
21
1.5518848425196849
0
LINE
8
BLACK
6
CONTINUOUS
10
0.4214227165354331
20
1.5518848425196849
11
0.4214545669291339
21
1.5521003543307086
0
LINE
8
BLACK
6
CONTINUOUS
10
0.4214545669291339
20
1.5521003543307086
11
0.4214759448818898
21
1.5523173622047244
0
LINE
8
BLACK
6
CONTINUOUS
10
0.4214759448818898
20
1.5523173622047244
11
0.4214925590551181
21
1.5523575984251967
0
LINE
8
BLACK
6
CONTINUOUS
10
0.4214925590551181
20
1.5523575984251967
11
0.4215073622047244
21
1.5524574409448819
0
LINE
8
BLACK
6
CONTINUOUS
10
0.4215073622047244
20
1.5524574409448819
11
0.423382125984252
21
1.5599564960629921
0
LINE
8
BLACK
6
CONTINUOUS
10
0.423382125984252
20
1.5599564960629921
11
0.4233972834645669
21
1.5599990157480315
0
LINE
8
BLACK
6
CONTINUOUS
10
0.4233972834645669
20
1.5599990157480315
11
0.4233988188976378
21
1.5600202362204725
0
LINE
8
BLACK
6
CONTINUOUS
10
0.4233988188976378
20
1.5600202362204725
11
0.4234904330708661
21
1.56025968503937
0
LINE
8
BLACK
6
CONTINUOUS
10
0.4234904330708661
20
1.56025968503937
11
0.4235768897637795
21
1.5605016141732284
0
LINE
8
BLACK
6
CONTINUOUS
10
0.4235768897637795
20
1.5605016141732284
11
0.4235895669291339
21
1.560518779527559
0
LINE
8
BLACK
6
CONTINUOUS
10
0.4235895669291339
20
1.560518779527559
11
0.4236057086614173
21
1.5605608661417323
0
LINE
8
BLACK
6
CONTINUOUS
10
0.4236057086614173
20
1.5605608661417323
11
0.4254804724409449
21
1.5643103937007874
0
LINE
8
BLACK
6
CONTINUOUS
10
0.4254804724409449
20
1.5643103937007874
11
0.4256365354330708
21
1.5645584251968503
0
LINE
8
BLACK
6
CONTINUOUS
10
0.4256365354330708
20
1.5645584251968503
11
0.4256663779527559
21
1.5646303543307085
0
LINE
8
BLACK
6
CONTINUOUS
10
0.4256663779527559
20
1.5646303543307085
11
0.4257328346456693
21
1.5647113385826772
0
LINE
8
BLACK
6
CONTINUOUS
10
0.4257328346456693
20
1.5647113385826772
11
0.4257888188976378
21
1.5648002755905512
0
LINE
8
BLACK
6
CONTINUOUS
10
0.4257888188976378
20
1.5648002755905512
11
0.4258477952755905
21
1.5648514566929133
0
LINE
8
BLACK
6
CONTINUOUS
10
0.4258477952755905
20
1.5648514566929133
11
0.4260335826771653
21
1.5650777952755905
0
LINE
8
BLACK
6
CONTINUOUS
10
0.4260335826771653
20
1.5650777952755905
11
0.4279083464566929
21
1.5669525590551181
0
LINE
8
BLACK
6
CONTINUOUS
10
0.4279083464566929
20
1.5669525590551181
11
0.4281346850393701
21
1.5671383464566928
0
LINE
8
BLACK
6
CONTINUOUS
10
0.4281346850393701
20
1.5671383464566928
11
0.4281858661417323
21
1.5671973228346456
0
LINE
8
BLACK
6
CONTINUOUS
10
0.4281858661417323
20
1.5671973228346456
11
0.4282748031496063
21
1.5672533070866141
0
LINE
8
BLACK
6
CONTINUOUS
10
0.4282748031496063
20
1.5672533070866141
11
0.4283557874015748
21
1.5673197637795275
0
LINE
8
BLACK
6
CONTINUOUS
10
0.4283557874015748
20
1.5673197637795275
11
0.428427716535433
21
1.5673496062992125
0
LINE
8
BLACK
6
CONTINUOUS
10
0.428427716535433
20
1.5673496062992125
11
0.4286757480314961
21
1.5675056692913385
0
LINE
8
BLACK
6
CONTINUOUS
10
0.4286757480314961
20
1.5675056692913385
11
0.4324252755905512
21
1.5693804330708661
0
LINE
8
BLACK
6
CONTINUOUS
10
0.4324252755905512
20
1.5693804330708661
11
0.4329658661417323
21
1.5695873228346455
0
LINE
8
BLACK
6
CONTINUOUS
10
0.4329658661417323
20
1.5695873228346455
11
0.4330717322834646
21
1.5695948818897638
0
LINE
8
BLACK
6
CONTINUOUS
10
0.4330717322834646
20
1.5695948818897638
11
0.4331697244094488
21
1.5696354330708662
0
LINE
8
BLACK
6
CONTINUOUS
10
0.4331697244094488
20
1.5696354330708662
11
0.4337457874015748
21
1.5696921653543308
0
LINE
8
BLACK
6
CONTINUOUS
10
0.4337457874015748
20
1.5696921653543308
11
0.4374953149606299
21
1.5696921653543308
0
LINE
8
BLACK
6
CONTINUOUS
10
0.4374953149606299
20
1.5696921653543308
11
0.4380713779527559
21
1.5696354330708662
0
LINE
8
BLACK
6
CONTINUOUS
10
0.4317453543307087
20
1.5624379133858268
11
0.4305482283464567
21
1.5612407874015748
0
LINE
8
BLACK
6
CONTINUOUS
10
0.4305482283464567
20
1.5612407874015748
11
0.4290327165354331
21
1.5582098031496063
0
LINE
8
BLACK
6
CONTINUOUS
10
0.4290327165354331
20
1.5582098031496063
11
0.4273247244094488
21
1.5513777559055117
0
LINE
8
BLACK
6
CONTINUOUS
10
0.4273247244094488
20
1.5513777559055117
11
0.4273247244094488
21
1.5427310236220473
0
LINE
8
BLACK
6
CONTINUOUS
10
0.4273247244094488
20
1.5427310236220473
11
0.4290327165354331
21
1.5358989763779527
0
LINE
8
BLACK
6
CONTINUOUS
10
0.4290327165354331
20
1.5358989763779527
11
0.4305482283464567
21
1.5328679921259842
0
LINE
8
BLACK
6
CONTINUOUS
10
0.4305482283464567
20
1.5328679921259842
11
0.4317453543307087
21
1.5316708267716534
0
LINE
8
BLACK
6
CONTINUOUS
10
0.4317453543307087
20
1.5316708267716534
11
0.4344428346456693
21
1.5303220866141731
0
LINE
8
BLACK
6
CONTINUOUS
10
0.4344428346456693
20
1.5303220866141731
11
0.4367982677165354
21
1.5303220866141731
0
LINE
8
BLACK
6
CONTINUOUS
10
0.4367982677165354
20
1.5303220866141731
11
0.4394957086614173
21
1.5316708267716534
0
LINE
8
BLACK
6
CONTINUOUS
10
0.4394957086614173
20
1.5316708267716534
11
0.4406928346456693
21
1.5328679921259842
0
LINE
8
BLACK
6
CONTINUOUS
10
0.4406928346456693
20
1.5328679921259842
11
0.4422083464566929
21
1.5358989763779527
0
LINE
8
BLACK
6
CONTINUOUS
10
0.4422083464566929
20
1.5358989763779527
11
0.4439163779527559
21
1.5427310236220473
0
LINE
8
BLACK
6
CONTINUOUS
10
0.4439163779527559
20
1.5427310236220473
11
0.4439163779527559
21
1.5513777559055117
0
LINE
8
BLACK
6
CONTINUOUS
10
0.4439163779527559
20
1.5513777559055117
11
0.4422083464566929
21
1.5582098031496063
0
LINE
8
BLACK
6
CONTINUOUS
10
0.4422083464566929
20
1.5582098031496063
11
0.440692874015748
21
1.5612407874015748
0
LINE
8
BLACK
6
CONTINUOUS
10
0.440692874015748
20
1.5612407874015748
11
0.439495748031496
21
1.5624379133858268
0
LINE
8
BLACK
6
CONTINUOUS
10
0.439495748031496
20
1.5624379133858268
11
0.4367982677165354
21
1.5637866535433071
0
LINE
8
BLACK
6
CONTINUOUS
10
0.4367982677165354
20
1.5637866535433071
11
0.4344428346456693
21
1.5637866535433071
0
LINE
8
BLACK
6
CONTINUOUS
10
0.4344428346456693
20
1.5637866535433071
11
0.4317453543307087
21
1.5624379133858268
0
LINE
8
BLACK
6
CONTINUOUS
10
0.3743293307086614
20
1.5696354330708662
11
0.3743462598425197
21
1.5696284251968504
0
LINE
8
BLACK
6
CONTINUOUS
10
0.3743462598425197
20
1.5696284251968504
11
0.3743645669291338
21
1.5696281889763779
0
LINE
8
BLACK
6
CONTINUOUS
10
0.3743645669291338
20
1.5696281889763779
11
0.3748766141732283
21
1.5694087401574803
0
LINE
8
BLACK
6
CONTINUOUS
10
0.3748766141732283
20
1.5694087401574803
11
0.3753937401574803
21
1.5691945275590551
0
LINE
8
BLACK
6
CONTINUOUS
10
0.3753937401574803
20
1.5691945275590551
11
0.3754066929133858
21
1.5691815748031497
0
LINE
8
BLACK
6
CONTINUOUS
10
0.3754066929133858
20
1.5691815748031497
11
0.3754235433070866
21
1.5691743307086614
0
LINE
8
BLACK
6
CONTINUOUS
10
0.3754235433070866
20
1.5691743307086614
11
0.3758131102362204
21
1.5687751574803148
0
LINE
8
BLACK
6
CONTINUOUS
10
0.3758131102362204
20
1.5687751574803148
11
0.3762083858267716
21
1.5683798818897638
0
LINE
8
BLACK
6
CONTINUOUS
10
0.3762083858267716
20
1.5683798818897638
11
0.3762153937007874
21
1.5683629527559055
0
LINE
8
BLACK
6
CONTINUOUS
10
0.3762153937007874
20
1.5683629527559055
11
0.3762282283464567
21
1.5683498031496064
0
LINE
8
BLACK
6
CONTINUOUS
10
0.3762282283464567
20
1.5683498031496064
11
0.3764358267716535
21
1.5678308267716534
0
LINE
8
BLACK
6
CONTINUOUS
10
0.3764358267716535
20
1.5678308267716534
11
0.3766492913385827
21
1.5673154724409448
0
LINE
8
BLACK
6
CONTINUOUS
10
0.3766492913385827
20
1.5673154724409448
11
0.3766492913385827
21
1.5672971653543306
0
LINE
8
BLACK
6
CONTINUOUS
10
0.3766492913385827
20
1.5672971653543306
11
0.3766561023622047
21
1.5672801181102363
0
LINE
8
BLACK
6
CONTINUOUS
10
0.3766561023622047
20
1.5672801181102363
11
0.3766492913385827
21
1.5667218503937008
0
LINE
8
BLACK
6
CONTINUOUS
10
0.3766492913385827
20
1.5667218503937008
11
0.3766492913385827
21
1.5661633464566929
0
LINE
8
BLACK
6
CONTINUOUS
10
0.3766492913385827
20
1.5661633464566929
11
0.3766422440944882
21
1.5661464173228345
0
LINE
8
BLACK
6
CONTINUOUS
10
0.3766422440944882
20
1.5661464173228345
11
0.3766420472440945
21
1.5661280708661416
0
LINE
8
BLACK
6
CONTINUOUS
10
0.3766420472440945
20
1.5661280708661416
11
0.3764672834645669
21
1.5655762598425196
0
LINE
8
BLACK
6
CONTINUOUS
10
0.3764672834645669
20
1.5655762598425196
11
0.3595944094488189
21
1.5262061811023622
0
LINE
8
BLACK
6
CONTINUOUS
10
0.3595944094488189
20
1.5262061811023622
11
0.3593153543307087
21
1.5256990551181102
0
LINE
8
BLACK
6
CONTINUOUS
10
0.3593153543307087
20
1.5256990551181102
11
0.3584907874015748
21
1.5248943700787401
0
LINE
8
BLACK
6
CONTINUOUS
10
0.3584907874015748
20
1.5248943700787401
11
0.3574211023622047
21
1.5244664960629921
0
LINE
8
BLACK
6
CONTINUOUS
10
0.3574211023622047
20
1.5244664960629921
11
0.3562690944881889
21
1.5244805511811024
0
LINE
8
BLACK
6
CONTINUOUS
10
0.3562690944881889
20
1.5244805511811024
11
0.3552101181102362
21
1.5249343700787401
0
LINE
8
BLACK
6
CONTINUOUS
10
0.3552101181102362
20
1.5249343700787401
11
0.3544054330708661
21
1.5257589370078739
0
LINE
8
BLACK
6
CONTINUOUS
10
0.3544054330708661
20
1.5257589370078739
11
0.3539775590551181
21
1.526828622047244
0
LINE
8
BLACK
6
CONTINUOUS
10
0.3539775590551181
20
1.526828622047244
11
0.3539916141732283
21
1.5279806299212597
0
LINE
8
BLACK
6
CONTINUOUS
10
0.3539916141732283
20
1.5279806299212597
11
0.3541663779527559
21
1.5285324803149607
0
LINE
8
BLACK
6
CONTINUOUS
10
0.3541663779527559
20
1.5285324803149607
11
0.3692752755905512
21
1.5637866535433071
0
LINE
8
BLACK
6
CONTINUOUS
10
0.3692752755905512
20
1.5637866535433071
11
0.3475065748031496
21
1.5637866535433071
0
LINE
8
BLACK
6
CONTINUOUS
10
0.3475065748031496
20
1.5637866535433071
11
0.3469305118110236
21
1.5638433858267715
0
LINE
8
BLACK
6
CONTINUOUS
10
0.3469305118110236
20
1.5638433858267715
11
0.3458661023622047
21
1.5642842913385826
0
LINE
8
BLACK
6
CONTINUOUS
10
0.3458661023622047
20
1.5642842913385826
11
0.3450514566929134
21
1.5650989370078741
0
LINE
8
BLACK
6
CONTINUOUS
10
0.3450514566929134
20
1.5650989370078741
11
0.3446105511811023
21
1.5661633464566929
0
LINE
8
BLACK
6
CONTINUOUS
10
0.3446105511811023
20
1.5661633464566929
11
0.3446105511811023
21
1.5673154724409448
0
LINE
8
BLACK
6
CONTINUOUS
10
0.3446105511811023
20
1.5673154724409448
11
0.3450514566929134
21
1.5683798818897638
0
LINE
8
BLACK
6
CONTINUOUS
10
0.3450514566929134
20
1.5683798818897638
11
0.3458661023622047
21
1.5691945275590551
0
LINE
8
BLACK
6
CONTINUOUS
10
0.3458661023622047
20
1.5691945275590551
11
0.3469305118110236
21
1.5696354330708662
0
LINE
8
BLACK
6
CONTINUOUS
10
0.3469305118110236
20
1.5696354330708662
11
0.3475065748031496
21
1.5696921653543308
0
LINE
8
BLACK
6
CONTINUOUS
10
0.3475065748031496
20
1.5696921653543308
11
0.3737532677165354
21
1.5696921653543308
0
LINE
8
BLACK
6
CONTINUOUS
10
0.3737532677165354
20
1.5696921653543308
11
0.3743293307086614
21
1.5696354330708662
0
LINE
8
BLACK
6
CONTINUOUS
10
0.2959332677165354
20
1.5338724015748031
11
0.2966535826771654
21
1.5335740551181103
0
LINE
8
BLACK
6
CONTINUOUS
10
0.2966535826771654
20
1.5335740551181103
11
0.2966536220472441
21
1.5335740157480315
0
LINE
8
BLACK
6
CONTINUOUS
10
0.2966536220472441
20
1.5335740157480315
11
0.2971011023622047
21
1.5332067716535434
0
LINE
8
BLACK
6
CONTINUOUS
10
0.2971011023622047
20
1.5332067716535434
11
0.2989758267716535
21
1.5313320078740158
0
LINE
8
BLACK
6
CONTINUOUS
10
0.2989758267716535
20
1.5313320078740158
11
0.2993430708661417
21
1.530884527559055
0
LINE
8
BLACK
6
CONTINUOUS
10
0.2993430708661417
20
1.530884527559055
11
0.2997151968503937
21
1.5299861023622048
0
LINE
8
BLACK
6
CONTINUOUS
10
0.2997151968503937
20
1.5299861023622048
11
0.299783937007874
21
1.5298201181102362
0
LINE
8
BLACK
6
CONTINUOUS
10
0.299783937007874
20
1.5298201181102362
11
0.299783937007874
21
1.528668031496063
0
LINE
8
BLACK
6
CONTINUOUS
10
0.299783937007874
20
1.528668031496063
11
0.299343031496063
21
1.527603622047244
0
LINE
8
BLACK
6
CONTINUOUS
10
0.299343031496063
20
1.527603622047244
11
0.2989758267716535
21
1.5271561811023622
0
LINE
8
BLACK
6
CONTINUOUS
10
0.2989758267716535
20
1.5271561811023622
11
0.297101062992126
21
1.5252814173228346
0
LINE
8
BLACK
6
CONTINUOUS
10
0.297101062992126
20
1.5252814173228346
11
0.2966536220472441
21
1.5249142125984252
0
LINE
8
BLACK
6
CONTINUOUS
10
0.2966536220472441
20
1.5249142125984252
11
0.2955892125984252
21
1.5244733070866141
0
LINE
8
BLACK
6
CONTINUOUS
10
0.2955892125984252
20
1.5244733070866141
11
0.2955891732283464
21
1.5244733070866141
0
LINE
8
BLACK
6
CONTINUOUS
10
0.2955891732283464
20
1.5244733070866141
11
0.294437125984252
21
1.5244733070866141
0
LINE
8
BLACK
6
CONTINUOUS
10
0.294437125984252
20
1.5244733070866141
11
0.2944370866141732
21
1.5244733070866141
0
LINE
8
BLACK
6
CONTINUOUS
10
0.2944370866141732
20
1.5244733070866141
11
0.2933726771653543
21
1.5249142125984252
0
LINE
8
BLACK
6
CONTINUOUS
10
0.2933726771653543
20
1.5249142125984252
11
0.2929252362204725
21
1.5252814173228346
0
LINE
8
BLACK
6
CONTINUOUS
10
0.2929252362204725
20
1.5252814173228346
11
0.2910504724409449
21
1.5271561811023622
0
LINE
8
BLACK
6
CONTINUOUS
10
0.2910504724409449
20
1.5271561811023622
11
0.2906832677165354
21
1.527603622047244
0
LINE
8
BLACK
6
CONTINUOUS
10
0.2906832677165354
20
1.527603622047244
11
0.2905416929133858
21
1.5279453937007874
0
LINE
8
BLACK
6
CONTINUOUS
10
0.2905416929133858
20
1.5279453937007874
11
0.2902423622047244
21
1.528668031496063
0
LINE
8
BLACK
6
CONTINUOUS
10
0.2902423622047244
20
1.528668031496063
11
0.2902423622047244
21
1.5298201181102362
0
LINE
8
BLACK
6
CONTINUOUS
10
0.2902423622047244
20
1.5298201181102362
11
0.2906832283464567
21
1.530884527559055
0
LINE
8
BLACK
6
CONTINUOUS
10
0.2906832283464567
20
1.530884527559055
11
0.2910504330708661
21
1.531331968503937
0
LINE
8
BLACK
6
CONTINUOUS
10
0.2910504330708661
20
1.531331968503937
11
0.2929251968503937
21
1.5332067716535434
0
LINE
8
BLACK
6
CONTINUOUS
10
0.2929251968503937
20
1.5332067716535434
11
0.2933726771653543
21
1.5335740157480315
0
LINE
8
BLACK
6
CONTINUOUS
10
0.2933726771653543
20
1.5335740157480315
11
0.2933727165354331
21
1.5335740551181103
0
LINE
8
BLACK
6
CONTINUOUS
10
0.2933727165354331
20
1.5335740551181103
11
0.294093031496063
21
1.5338724015748031
0
LINE
8
BLACK
6
CONTINUOUS
10
0.294093031496063
20
1.5338724015748031
11
0.2944370866141732
21
1.5340149212598424
0
LINE
8
BLACK
6
CONTINUOUS
10
0.2944370866141732
20
1.5340149212598424
11
0.2955891732283464
21
1.5340149212598424
0
LINE
8
BLACK
6
CONTINUOUS
10
0.2955891732283464
20
1.5340149212598424
11
0.2955892125984252
21
1.5340149212598424
0
LINE
8
BLACK
6
CONTINUOUS
10
0.2955892125984252
20
1.5340149212598424
11
0.2959332677165354
21
1.5338724015748031
0
LINE
8
BLACK
6
CONTINUOUS
10
0.5055629527559055
20
1.5565120866141733
11
0.5056609448818897
21
1.5564714960629922
0
LINE
8
BLACK
6
CONTINUOUS
10
0.5056609448818897
20
1.5564714960629922
11
0.5057667716535433
21
1.5564639763779526
0
LINE
8
BLACK
6
CONTINUOUS
10
0.5057667716535433
20
1.5564639763779526
11
0.5063074015748031
21
1.5562570866141732
0
LINE
8
BLACK
6
CONTINUOUS
10
0.5063074015748031
20
1.5562570866141732
11
0.5100569291338583
21
1.5543823228346456
0
LINE
8
BLACK
6
CONTINUOUS
10
0.5100569291338583
20
1.5543823228346456
11
0.5101532677165355
21
1.5543216929133858
0
LINE
8
BLACK
6
CONTINUOUS
10
0.5101532677165355
20
1.5543216929133858
11
0.5101987007874016
21
1.5543065354330707
0
LINE
8
BLACK
6
CONTINUOUS
10
0.5101987007874016
20
1.5543065354330707
11
0.5102552362204724
21
1.5542575196850392
0
LINE
8
BLACK
6
CONTINUOUS
10
0.5102552362204724
20
1.5542575196850392
11
0.510546811023622
21
1.5540739763779527
0
LINE
8
BLACK
6
CONTINUOUS
10
0.510546811023622
20
1.5540739763779527
11
0.5106111811023621
21
1.5539997637795275
0
LINE
8
BLACK
6
CONTINUOUS
10
0.5106111811023621
20
1.5539997637795275
11
0.5106755511811023
21
1.5540739763779527
0
LINE
8
BLACK
6
CONTINUOUS
10
0.5106755511811023
20
1.5540739763779527
11
0.5109670866141732
21
1.5542575196850392
0
LINE
8
BLACK
6
CONTINUOUS
10
0.5109670866141732
20
1.5542575196850392
11
0.5110236614173228
21
1.5543065354330707
0
LINE
8
BLACK
6
CONTINUOUS
10
0.5110236614173228
20
1.5543065354330707
11
0.5110690551181102
21
1.5543216929133858
0
LINE
8
BLACK
6
CONTINUOUS
10
0.5110690551181102
20
1.5543216929133858
11
0.5111654330708661
21
1.5543823228346456
0
LINE
8
BLACK
6
CONTINUOUS
10
0.5111654330708661
20
1.5543823228346456
11
0.5149149606299213
21
1.5562570866141732
0
LINE
8
BLACK
6
CONTINUOUS
10
0.5149149606299213
20
1.5562570866141732
11
0.5154555511811023
21
1.5564639763779526
0
LINE
8
BLACK
6
CONTINUOUS
10
0.5154555511811023
20
1.5564639763779526
11
0.5155614173228347
21
1.5564715354330709
0
LINE
8
BLACK
6
CONTINUOUS
10
0.5155614173228347
20
1.5564715354330709
11
0.5156594094488189
21
1.5565120866141733
0
LINE
8
BLACK
6
CONTINUOUS
10
0.5156594094488189
20
1.5565120866141733
11
0.5162354724409449
21
1.5565688188976377
0
LINE
8
BLACK
6
CONTINUOUS
10
0.5162354724409449
20
1.5565688188976377
11
0.5218597637795276
21
1.5565688188976377
0
LINE
8
BLACK
6
CONTINUOUS
10
0.5218597637795276
20
1.5565688188976377
11
0.5224358267716536
21
1.5565120866141733
0
LINE
8
BLACK
6
CONTINUOUS
10
0.5224358267716536
20
1.5565120866141733
11
0.5225338188976378
21
1.5564714960629922
0
LINE
8
BLACK
6
CONTINUOUS
10
0.5225338188976378
20
1.5564714960629922
11
0.5226396456692913
21
1.5564639763779526
0
LINE
8
BLACK
6
CONTINUOUS
10
0.5226396456692913
20
1.5564639763779526
11
0.5231802755905511
21
1.5562570866141732
0
LINE
8
BLACK
6
CONTINUOUS
10
0.5231802755905511
20
1.5562570866141732
11
0.526929842519685
21
1.5543823228346456
0
LINE
8
BLACK
6
CONTINUOUS
10
0.526929842519685
20
1.5543823228346456
11
0.5270261417322835
21
1.5543216929133858
0
LINE
8
BLACK
6
CONTINUOUS
10
0.5270261417322835
20
1.5543216929133858
11
0.5270716141732283
21
1.5543065354330707
0
LINE
8
BLACK
6
CONTINUOUS
10
0.5270716141732283
20
1.5543065354330707
11
0.5271281889763779
21
1.5542574803149607
0
LINE
8
BLACK
6
CONTINUOUS
10
0.5271281889763779
20
1.5542574803149607
11
0.5274196850393701
21
1.5540739763779527
0
LINE
8
BLACK
6
CONTINUOUS
10
0.5274196850393701
20
1.5540739763779527
11
0.5276621653543307
21
1.5537943700787402
0
LINE
8
BLACK
6
CONTINUOUS
10
0.5276621653543307
20
1.5537943700787402
11
0.5279420078740157
21
1.5535516929133857
0
LINE
8
BLACK
6
CONTINUOUS
10
0.5279420078740157
20
1.5535516929133857
11
0.5281255118110236
21
1.5532601574803149
0
LINE
8
BLACK
6
CONTINUOUS
10
0.5281255118110236
20
1.5532601574803149
11
0.5281745669291339
21
1.5532035826771653
0
LINE
8
BLACK
6
CONTINUOUS
10
0.5281745669291339
20
1.5532035826771653
11
0.52818968503937
21
1.5531581889763779
0
LINE
8
BLACK
6
CONTINUOUS
10
0.52818968503937
20
1.5531581889763779
11
0.5282503543307087
21
1.5530618110236221
0
LINE
8
BLACK
6
CONTINUOUS
10
0.5282503543307087
20
1.5530618110236221
11
0.5301251181102362
21
1.549312283464567
0
LINE
8
BLACK
6
CONTINUOUS
10
0.5301251181102362
20
1.549312283464567
11
0.5303320078740157
21
1.5487716929133859
0
LINE
8
BLACK
6
CONTINUOUS
10
0.5303320078740157
20
1.5487716929133859
11
0.5303395275590551
21
1.5486658267716535
0
LINE
8
BLACK
6
CONTINUOUS
10
0.5303395275590551
20
1.5486658267716535
11
0.5303801181102362
21
1.5485678346456693
0
LINE
8
BLACK
6
CONTINUOUS
10
0.5303801181102362
20
1.5485678346456693
11
0.5304368503937008
21
1.5479917716535432
0
LINE
8
BLACK
6
CONTINUOUS
10
0.5304368503937008
20
1.5479917716535432
11
0.5304368503937008
21
1.5273693307086613
0
LINE
8
BLACK
6
CONTINUOUS
10
0.5304368503937008
20
1.5273693307086613
11
0.5303801181102362
21
1.5267932677165355
0
LINE
8
BLACK
6
CONTINUOUS
10
0.5303801181102362
20
1.5267932677165355
11
0.5299392125984251
21
1.5257288582677164
0
LINE
8
BLACK
6
CONTINUOUS
10
0.5299392125984251
20
1.5257288582677164
11
0.5291245669291339
21
1.5249142125984252
0
LINE
8
BLACK
6
CONTINUOUS
10
0.5291245669291339
20
1.5249142125984252
11
0.528060157480315
21
1.5244733070866141
0
LINE
8
BLACK
6
CONTINUOUS
10
0.528060157480315
20
1.5244733070866141
11
0.526908031496063
21
1.5244733070866141
0
LINE
8
BLACK
6
CONTINUOUS
10
0.526908031496063
20
1.5244733070866141
11
0.5258436220472441
21
1.5249142125984252
0
LINE
8
BLACK
6
CONTINUOUS
10
0.5258436220472441
20
1.5249142125984252
11
0.5250289763779528
21
1.5257288582677164
0
LINE
8
BLACK
6
CONTINUOUS
10
0.5250289763779528
20
1.5257288582677164
11
0.5245880708661417
21
1.5267932677165355
0
LINE
8
BLACK
6
CONTINUOUS
10
0.5245880708661417
20
1.5267932677165355
11
0.5245313385826772
21
1.5273693307086613
0
LINE
8
BLACK
6
CONTINUOUS
10
0.5245313385826772
20
1.5273693307086613
11
0.5245313385826772
21
1.5472947244094488
0
LINE
8
BLACK
6
CONTINUOUS
10
0.5245313385826772
20
1.5472947244094488
11
0.5234084645669291
21
1.5495404724409449
0
LINE
8
BLACK
6
CONTINUOUS
10
0.5234084645669291
20
1.5495404724409449
11
0.5211627165354331
21
1.550663307086614
0
LINE
8
BLACK
6
CONTINUOUS
10
0.5211627165354331
20
1.550663307086614
11
0.5169325196850394
21
1.550663307086614
0
LINE
8
BLACK
6
CONTINUOUS
10
0.5169325196850394
20
1.550663307086614
11
0.5146867716535433
21
1.5495404724409449
0
LINE
8
BLACK
6
CONTINUOUS
10
0.5146867716535433
20
1.5495404724409449
11
0.5135639370078739
21
1.5472947244094488
0
LINE
8
BLACK
6
CONTINUOUS
10
0.5135639370078739
20
1.5472947244094488
11
0.5135639370078739
21
1.5273693307086613
0
LINE
8
BLACK
6
CONTINUOUS
10
0.5135639370078739
20
1.5273693307086613
11
0.5135072047244095
21
1.5267932677165355
0
LINE
8
BLACK
6
CONTINUOUS
10
0.5135072047244095
20
1.5267932677165355
11
0.5130662992125984
21
1.5257288582677164
0
LINE
8
BLACK
6
CONTINUOUS
10
0.5130662992125984
20
1.5257288582677164
11
0.512251653543307
21
1.5249142125984252
0
LINE
8
BLACK
6
CONTINUOUS
10
0.512251653543307
20
1.5249142125984252
11
0.5111872440944881
21
1.5244733070866141
0
LINE
8
BLACK
6
CONTINUOUS
10
0.5111872440944881
20
1.5244733070866141
11
0.5100351181102362
21
1.5244733070866141
0
LINE
8
BLACK
6
CONTINUOUS
10
0.5100351181102362
20
1.5244733070866141
11
0.5089707086614174
21
1.5249142125984252
0
LINE
8
BLACK
6
CONTINUOUS
10
0.5089707086614174
20
1.5249142125984252
11
0.508156062992126
21
1.5257288582677164
0
LINE
8
BLACK
6
CONTINUOUS
10
0.508156062992126
20
1.5257288582677164
11
0.5077151574803149
21
1.5267932677165355
0
LINE
8
BLACK
6
CONTINUOUS
10
0.5077151574803149
20
1.5267932677165355
11
0.5076584251968503
21
1.5273693307086613
0
LINE
8
BLACK
6
CONTINUOUS
10
0.5076584251968503
20
1.5273693307086613
11
0.5076584251968503
21
1.5472947244094488
0
LINE
8
BLACK
6
CONTINUOUS
10
0.5076584251968503
20
1.5472947244094488
11
0.5065355511811024
21
1.5495404724409449
0
LINE
8
BLACK
6
CONTINUOUS
10
0.5065355511811024
20
1.5495404724409449
11
0.504289842519685
21
1.550663307086614
0
LINE
8
BLACK
6
CONTINUOUS
10
0.504289842519685
20
1.550663307086614
11
0.5000596456692913
21
1.550663307086614
0
LINE
8
BLACK
6
CONTINUOUS
10
0.5000596456692913
20
1.550663307086614
11
0.4973621653543307
21
1.5493145669291337
0
LINE
8
BLACK
6
CONTINUOUS
10
0.4973621653543307
20
1.5493145669291337
11
0.496691062992126
21
1.5486434645669291
0
LINE
8
BLACK
6
CONTINUOUS
10
0.496691062992126
20
1.5486434645669291
11
0.496691062992126
21
1.5273693307086613
0
LINE
8
BLACK
6
CONTINUOUS
10
0.496691062992126
20
1.5273693307086613
11
0.4966343307086614
21
1.5267932677165355
0
LINE
8
BLACK
6
CONTINUOUS
10
0.4966343307086614
20
1.5267932677165355
11
0.4961934251968504
21
1.5257288582677164
0
LINE
8
BLACK
6
CONTINUOUS
10
0.4961934251968504
20
1.5257288582677164
11
0.495378779527559
21
1.5249142125984252
0
LINE
8
BLACK
6
CONTINUOUS
10
0.495378779527559
20
1.5249142125984252
11
0.4943143700787401
21
1.5244733070866141
0
LINE
8
BLACK
6
CONTINUOUS
10
0.4943143700787401
20
1.5244733070866141
11
0.4931622440944882
21
1.5244733070866141
0
LINE
8
BLACK
6
CONTINUOUS
10
0.4931622440944882
20
1.5244733070866141
11
0.4920978346456693
21
1.5249142125984252
0
LINE
8
BLACK
6
CONTINUOUS
10
0.4920978346456693
20
1.5249142125984252
11
0.491283188976378
21
1.5257288582677164
0
LINE
8
BLACK
6
CONTINUOUS
10
0.491283188976378
20
1.5257288582677164
11
0.4908422834645669
21
1.5267932677165355
0
LINE
8
BLACK
6
CONTINUOUS
10
0.4908422834645669
20
1.5267932677165355
11
0.4907855511811023
21
1.5273693307086613
0
LINE
8
BLACK
6
CONTINUOUS
10
0.4907855511811023
20
1.5273693307086613
11
0.4907855511811023
21
1.5536160629921258
0
LINE
8
BLACK
6
CONTINUOUS
10
0.4907855511811023
20
1.5536160629921258
11
0.4908422834645669
21
1.5541921259842519
0
LINE
8
BLACK
6
CONTINUOUS
10
0.4908422834645669
20
1.5541921259842519
11
0.491283188976378
21
1.5552565354330707
0
LINE
8
BLACK
6
CONTINUOUS
10
0.491283188976378
20
1.5552565354330707
11
0.4920978346456693
21
1.5560711811023622
0
LINE
8
BLACK
6
CONTINUOUS
10
0.4920978346456693
20
1.5560711811023622
11
0.4931622440944882
21
1.5565120866141733
0
LINE
8
BLACK
6
CONTINUOUS
10
0.4931622440944882
20
1.5565120866141733
11
0.4943143700787401
21
1.5565120866141733
0
LINE
8
BLACK
6
CONTINUOUS
10
0.4943143700787401
20
1.5565120866141733
11
0.495378779527559
21
1.5560711811023622
0
LINE
8
BLACK
6
CONTINUOUS
10
0.495378779527559
20
1.5560711811023622
11
0.4961425984251968
21
1.5553073622047244
0
LINE
8
BLACK
6
CONTINUOUS
10
0.4961425984251968
20
1.5553073622047244
11
0.4980420866141732
21
1.5562570866141732
0
LINE
8
BLACK
6
CONTINUOUS
10
0.4980420866141732
20
1.5562570866141732
11
0.4985826771653543
21
1.5564639763779526
0
LINE
8
BLACK
6
CONTINUOUS
10
0.4985826771653543
20
1.5564639763779526
11
0.4986885433070866
21
1.5564715354330709
0
LINE
8
BLACK
6
CONTINUOUS
10
0.4986885433070866
20
1.5564715354330709
11
0.4987865354330708
21
1.5565120866141733
0
LINE
8
BLACK
6
CONTINUOUS
10
0.4987865354330708
20
1.5565120866141733
11
0.4993625984251968
21
1.5565688188976377
0
LINE
8
BLACK
6
CONTINUOUS
10
0.4993625984251968
20
1.5565688188976377
11
0.5049868897637795
21
1.5565688188976377
0
LINE
8
BLACK
6
CONTINUOUS
10
0.5049868897637795
20
1.5565688188976377
11
0.5055629527559055
21
1.5565120866141733
0
LINE
8
BLACK
6
CONTINUOUS
10
0.5580563779527559
20
1.5565120866141733
11
0.5581543700787401
21
1.5564714960629922
0
LINE
8
BLACK
6
CONTINUOUS
10
0.5581543700787401
20
1.5564714960629922
11
0.5582601968503937
21
1.5564639763779526
0
LINE
8
BLACK
6
CONTINUOUS
10
0.5582601968503937
20
1.5564639763779526
11
0.5588008267716535
21
1.5562570866141732
0
LINE
8
BLACK
6
CONTINUOUS
10
0.5588008267716535
20
1.5562570866141732
11
0.5625503543307087
21
1.5543823228346456
0
LINE
8
BLACK
6
CONTINUOUS
10
0.5625503543307087
20
1.5543823228346456
11
0.5626466929133858
21
1.5543216929133858
0
LINE
8
BLACK
6
CONTINUOUS
10
0.5626466929133858
20
1.5543216929133858
11
0.562692125984252
21
1.5543065354330707
0
LINE
8
BLACK
6
CONTINUOUS
10
0.562692125984252
20
1.5543065354330707
11
0.5627486614173228
21
1.5542575196850392
0
LINE
8
BLACK
6
CONTINUOUS
10
0.5627486614173228
20
1.5542575196850392
11
0.5630402362204724
21
1.5540739763779527
0
LINE
8
BLACK
6
CONTINUOUS
10
0.5630402362204724
20
1.5540739763779527
11
0.5631046062992126
21
1.5539997637795275
0
LINE
8
BLACK
6
CONTINUOUS
10
0.5631046062992126
20
1.5539997637795275
11
0.5631689763779527
21
1.5540739763779527
0
LINE
8
BLACK
6
CONTINUOUS
10
0.5631689763779527
20
1.5540739763779527
11
0.5634605118110236
21
1.5542575196850392
0
LINE
8
BLACK
6
CONTINUOUS
10
0.5634605118110236
20
1.5542575196850392
11
0.5635170866141732
21
1.5543065354330707
0
LINE
8
BLACK
6
CONTINUOUS
10
0.5635170866141732
20
1.5543065354330707
11
0.5635624803149606
21
1.5543216929133858
0
LINE
8
BLACK
6
CONTINUOUS
10
0.5635624803149606
20
1.5543216929133858
11
0.5636588582677166
21
1.5543823228346456
0
LINE
8
BLACK
6
CONTINUOUS
10
0.5636588582677166
20
1.5543823228346456
11
0.5674083858267717
21
1.5562570866141732
0
LINE
8
BLACK
6
CONTINUOUS
10
0.5674083858267717
20
1.5562570866141732
11
0.5679489763779527
21
1.5564639763779526
0
LINE
8
BLACK
6
CONTINUOUS
10
0.5679489763779527
20
1.5564639763779526
11
0.5680548425196851
21
1.5564715354330709
0
LINE
8
BLACK
6
CONTINUOUS
10
0.5680548425196851
20
1.5564715354330709
11
0.5681528346456692
21
1.5565120866141733
0
LINE
8
BLACK
6
CONTINUOUS
10
0.5681528346456692
20
1.5565120866141733
11
0.5687288976377952
21
1.5565688188976377
0
LINE
8
BLACK
6
CONTINUOUS
10
0.5687288976377952
20
1.5565688188976377
11
0.574353188976378
21
1.5565688188976377
0
LINE
8
BLACK
6
CONTINUOUS
10
0.574353188976378
20
1.5565688188976377
11
0.574929251968504
21
1.5565120866141733
0
LINE
8
BLACK
6
CONTINUOUS
10
0.574929251968504
20
1.5565120866141733
11
0.5750272440944881
21
1.5564714960629922
0
LINE
8
BLACK
6
CONTINUOUS
10
0.5750272440944881
20
1.5564714960629922
11
0.5751330708661417
21
1.5564639763779526
0
LINE
8
BLACK
6
CONTINUOUS
10
0.5751330708661417
20
1.5564639763779526
11
0.5756737007874015
21
1.5562570866141732
0
LINE
8
BLACK
6
CONTINUOUS
10
0.5756737007874015
20
1.5562570866141732
11
0.5794232677165354
21
1.5543823228346456
0
LINE
8
BLACK
6
CONTINUOUS
10
0.5794232677165354
20
1.5543823228346456
11
0.5795195669291339
21
1.5543216929133858
0
LINE
8
BLACK
6
CONTINUOUS
10
0.5795195669291339
20
1.5543216929133858
11
0.5795650393700787
21
1.5543065354330707
0
LINE
8
BLACK
6
CONTINUOUS
10
0.5795650393700787
20
1.5543065354330707
11
0.5796216141732283
21
1.5542574803149607
0
LINE
8
BLACK
6
CONTINUOUS
10
0.5796216141732283
20
1.5542574803149607
11
0.5799131102362205
21
1.5540739763779527
0
LINE
8
BLACK
6
CONTINUOUS
10
0.5799131102362205
20
1.5540739763779527
11
0.580155590551181
21
1.5537943700787402
0
LINE
8
BLACK
6
CONTINUOUS
10
0.580155590551181
20
1.5537943700787402
11
0.5804354330708661
21
1.5535516929133857
0
LINE
8
BLACK
6
CONTINUOUS
10
0.5804354330708661
20
1.5535516929133857
11
0.580618937007874
21
1.5532601574803149
0
LINE
8
BLACK
6
CONTINUOUS
10
0.580618937007874
20
1.5532601574803149
11
0.5806679921259842
21
1.5532035826771653
0
LINE
8
BLACK
6
CONTINUOUS
10
0.5806679921259842
20
1.5532035826771653
11
0.5806831102362204
21
1.5531581889763779
0
LINE
8
BLACK
6
CONTINUOUS
10
0.5806831102362204
20
1.5531581889763779
11
0.5807437795275591
21
1.5530618110236221
0
LINE
8
BLACK
6
CONTINUOUS
10
0.5807437795275591
20
1.5530618110236221
11
0.5826185433070866
21
1.549312283464567
0
LINE
8
BLACK
6
CONTINUOUS
10
0.5826185433070866
20
1.549312283464567
11
0.5828254330708661
21
1.5487716929133859
0
LINE
8
BLACK
6
CONTINUOUS
10
0.5828254330708661
20
1.5487716929133859
11
0.5828329527559055
21
1.5486658267716535
0
LINE
8
BLACK
6
CONTINUOUS
10
0.5828329527559055
20
1.5486658267716535
11
0.5828735433070866
21
1.5485678346456693
0
LINE
8
BLACK
6
CONTINUOUS
10
0.5828735433070866
20
1.5485678346456693
11
0.5829302755905512
21
1.5479917716535432
0
LINE
8
BLACK
6
CONTINUOUS
10
0.5829302755905512
20
1.5479917716535432
11
0.5829302755905512
21
1.5273693307086613
0
LINE
8
BLACK
6
CONTINUOUS
10
0.5829302755905512
20
1.5273693307086613
11
0.5828735433070866
21
1.5267932677165355
0
LINE
8
BLACK
6
CONTINUOUS
10
0.5828735433070866
20
1.5267932677165355
11
0.5824326377952755
21
1.5257288582677164
0
LINE
8
BLACK
6
CONTINUOUS
10
0.5824326377952755
20
1.5257288582677164
11
0.5816179921259842
21
1.5249142125984252
0
LINE
8
BLACK
6
CONTINUOUS
10
0.5816179921259842
20
1.5249142125984252
11
0.5805535826771654
21
1.5244733070866141
0
LINE
8
BLACK
6
CONTINUOUS
10
0.5805535826771654
20
1.5244733070866141
11
0.5794014566929133
21
1.5244733070866141
0
LINE
8
BLACK
6
CONTINUOUS
10
0.5794014566929133
20
1.5244733070866141
11
0.5783370472440945
21
1.5249142125984252
0
LINE
8
BLACK
6
CONTINUOUS
10
0.5783370472440945
20
1.5249142125984252
11
0.5775224015748032
21
1.5257288582677164
0
LINE
8
BLACK
6
CONTINUOUS
10
0.5775224015748032
20
1.5257288582677164
11
0.5770814960629921
21
1.5267932677165355
0
LINE
8
BLACK
6
CONTINUOUS
10
0.5770814960629921
20
1.5267932677165355
11
0.5770247637795275
21
1.5273693307086613
0
LINE
8
BLACK
6
CONTINUOUS
10
0.5770247637795275
20
1.5273693307086613
11
0.5770247637795275
21
1.5472947244094488
0
LINE
8
BLACK
6
CONTINUOUS
10
0.5770247637795275
20
1.5472947244094488
11
0.5759018897637795
21
1.5495404724409449
0
LINE
8
BLACK
6
CONTINUOUS
10
0.5759018897637795
20
1.5495404724409449
11
0.5736561417322834
21
1.550663307086614
0
LINE
8
BLACK
6
CONTINUOUS
10
0.5736561417322834
20
1.550663307086614
11
0.5694259448818898
21
1.550663307086614
0
LINE
8
BLACK
6
CONTINUOUS
10
0.5694259448818898
20
1.550663307086614
11
0.5671801968503937
21
1.5495404724409449
0
LINE
8
BLACK
6
CONTINUOUS
10
0.5671801968503937
20
1.5495404724409449
11
0.5660573622047244
21
1.5472947244094488
0
LINE
8
BLACK
6
CONTINUOUS
10
0.5660573622047244
20
1.5472947244094488
11
0.5660573622047244
21
1.5273693307086613
0
LINE
8
BLACK
6
CONTINUOUS
10
0.5660573622047244
20
1.5273693307086613
11
0.5660006299212599
21
1.5267932677165355
0
LINE
8
BLACK
6
CONTINUOUS
10
0.5660006299212599
20
1.5267932677165355
11
0.5655597244094488
21
1.5257288582677164
0
LINE
8
BLACK
6
CONTINUOUS
10
0.5655597244094488
20
1.5257288582677164
11
0.5647450787401574
21
1.5249142125984252
0
LINE
8
BLACK
6
CONTINUOUS
10
0.5647450787401574
20
1.5249142125984252
11
0.5636806692913385
21
1.5244733070866141
0
LINE
8
BLACK
6
CONTINUOUS
10
0.5636806692913385
20
1.5244733070866141
11
0.5625285433070866
21
1.5244733070866141
0
LINE
8
BLACK
6
CONTINUOUS
10
0.5625285433070866
20
1.5244733070866141
11
0.5614641338582677
21
1.5249142125984252
0
LINE
8
BLACK
6
CONTINUOUS
10
0.5614641338582677
20
1.5249142125984252
11
0.5606494881889764
21
1.5257288582677164
0
LINE
8
BLACK
6
CONTINUOUS
10
0.5606494881889764
20
1.5257288582677164
11
0.5602085826771653
21
1.5267932677165355
0
LINE
8
BLACK
6
CONTINUOUS
10
0.5602085826771653
20
1.5267932677165355
11
0.5601518503937007
21
1.5273693307086613
0
LINE
8
BLACK
6
CONTINUOUS
10
0.5601518503937007
20
1.5273693307086613
11
0.5601518503937007
21
1.5472947244094488
0
LINE
8
BLACK
6
CONTINUOUS
10
0.5601518503937007
20
1.5472947244094488
11
0.5590289763779528
21
1.5495404724409449
0
LINE
8
BLACK
6
CONTINUOUS
10
0.5590289763779528
20
1.5495404724409449
11
0.5567832677165354
21
1.550663307086614
0
LINE
8
BLACK
6
CONTINUOUS
10
0.5567832677165354
20
1.550663307086614
11
0.5525530708661417
21
1.550663307086614
0
LINE
8
BLACK
6
CONTINUOUS
10
0.5525530708661417
20
1.550663307086614
11
0.5498555905511811
21
1.5493145669291337
0
LINE
8
BLACK
6
CONTINUOUS
10
0.5498555905511811
20
1.5493145669291337
11
0.5491844881889764
21
1.5486434645669291
0
LINE
8
BLACK
6
CONTINUOUS
10
0.5491844881889764
20
1.5486434645669291
11
0.5491844881889764
21
1.5273693307086613
0
LINE
8
BLACK
6
CONTINUOUS
10
0.5491844881889764
20
1.5273693307086613
11
0.5491277559055118
21
1.5267932677165355
0
LINE
8
BLACK
6
CONTINUOUS
10
0.5491277559055118
20
1.5267932677165355
11
0.5486868503937008
21
1.5257288582677164
0
LINE
8
BLACK
6
CONTINUOUS
10
0.5486868503937008
20
1.5257288582677164
11
0.5478722047244095
21
1.5249142125984252
0
LINE
8
BLACK
6
CONTINUOUS
10
0.5478722047244095
20
1.5249142125984252
11
0.5468077952755905
21
1.5244733070866141
0
LINE
8
BLACK
6
CONTINUOUS
10
0.5468077952755905
20
1.5244733070866141
11
0.5456556692913386
21
1.5244733070866141
0
LINE
8
BLACK
6
CONTINUOUS
10
0.5456556692913386
20
1.5244733070866141
11
0.5445912598425197
21
1.5249142125984252
0
LINE
8
BLACK
6
CONTINUOUS
10
0.5445912598425197
20
1.5249142125984252
11
0.5437766141732283
21
1.5257288582677164
0
LINE
8
BLACK
6
CONTINUOUS
10
0.5437766141732283
20
1.5257288582677164
11
0.5433357086614173
21
1.5267932677165355
0
LINE
8
BLACK
6
CONTINUOUS
10
0.5433357086614173
20
1.5267932677165355
11
0.5432789763779527
21
1.5273693307086613
0
LINE
8
BLACK
6
CONTINUOUS
10
0.5432789763779527
20
1.5273693307086613
11
0.5432789763779527
21
1.5536160629921258
0
LINE
8
BLACK
6
CONTINUOUS
10
0.5432789763779527
20
1.5536160629921258
11
0.5433357086614173
21
1.5541921259842519
0
LINE
8
BLACK
6
CONTINUOUS
10
0.5433357086614173
20
1.5541921259842519
11
0.5437766141732283
21
1.5552565354330707
0
LINE
8
BLACK
6
CONTINUOUS
10
0.5437766141732283
20
1.5552565354330707
11
0.5445912598425197
21
1.5560711811023622
0
LINE
8
BLACK
6
CONTINUOUS
10
0.5445912598425197
20
1.5560711811023622
11
0.5456556692913386
21
1.5565120866141733
0
LINE
8
BLACK
6
CONTINUOUS
10
0.5456556692913386
20
1.5565120866141733
11
0.5468077952755905
21
1.5565120866141733
0
LINE
8
BLACK
6
CONTINUOUS
10
0.5468077952755905
20
1.5565120866141733
11
0.5478722047244095
21
1.5560711811023622
0
LINE
8
BLACK
6
CONTINUOUS
10
0.5478722047244095
20
1.5560711811023622
11
0.5486360236220472
21
1.5553073622047244
0
LINE
8
BLACK
6
CONTINUOUS
10
0.5486360236220472
20
1.5553073622047244
11
0.5505355118110236
21
1.5562570866141732
0
LINE
8
BLACK
6
CONTINUOUS
10
0.5505355118110236
20
1.5562570866141732
11
0.5510761023622047
21
1.5564639763779526
0
LINE
8
BLACK
6
CONTINUOUS
10
0.5510761023622047
20
1.5564639763779526
11
0.551181968503937
21
1.5564715354330709
0
LINE
8
BLACK
6
CONTINUOUS
10
0.551181968503937
20
1.5564715354330709
11
0.5512799606299212
21
1.5565120866141733
0
LINE
8
BLACK
6
CONTINUOUS
10
0.5512799606299212
20
1.5565120866141733
11
0.5518560236220472
21
1.5565688188976377
0
LINE
8
BLACK
6
CONTINUOUS
10
0.5518560236220472
20
1.5565688188976377
11
0.5574803149606299
21
1.5565688188976377
0
LINE
8
BLACK
6
CONTINUOUS
10
0.5574803149606299
20
1.5565688188976377
11
0.5580563779527559
21
1.5565120866141733
0
CIRCLE
8
BLACK
10
0.85
20
0.25
40
0.0068897637795276
0
CIRCLE
8
BLACK
10
0.75
20
0.25
40
0.0068897637795276
0
CIRCLE
8
BLACK
10
0.85
20
0.35
40
0.0068897637795276
0
CIRCLE
8
BLACK
10
0.75
20
0.35
40
0.0068897637795276
0
CIRCLE
8
BLACK
10
0.85
20
0.45
40
0.0068897637795276
0
CIRCLE
8
BLACK
10
0.75
20
0.45
40
0.0068897637795276
0
CIRCLE
8
BLACK
10
0.85
20
0.5499999999999999
40
0.0068897637795276
0
CIRCLE
8
BLACK
10
0.75
20
0.5499999999999999
40
0.0068897637795276
0
CIRCLE
8
BLACK
10
0.
20
1.2
40
0.0068897637795276
0
CIRCLE
8
BLACK
10
0.7999999999999999
20
0.
40
0.0068897637795276
0
CIRCLE
8
BLACK
10
0.85
20
0.65
40
0.0068897637795276
0
CIRCLE
8
BLACK
10
0.75
20
0.65
40
0.0068897637795276
0
CIRCLE
8
BLACK
10
0.85
20
0.75
40
0.0068897637795276
0
CIRCLE
8
BLACK
10
0.75
20
0.75
40
0.0068897637795276
0
CIRCLE
8
BLACK
10
0.85
20
0.85
40
0.0068897637795276
0
CIRCLE
8
BLACK
10
0.75
20
0.85
40
0.0068897637795276
0
CIRCLE
8
BLACK
10
0.85
20
0.95
40
0.0068897637795276
0
CIRCLE
8
BLACK
10
0.75
20
0.95
40
0.0068897637795276
0
CIRCLE
8
BLACK
10
0.4
20
0.
40
0.0068897637795276
0
CIRCLE
8
BLACK
10
0.3
20
0.1
40
0.0068897637795276
0
CIRCLE
8
BLACK
10
0.3
20
-0.1
40
0.0068897637795276
0
CIRCLE
8
BLACK
10
0.5
20
0.1
40
0.0068897637795276
0
CIRCLE
8
BLACK
10
0.5
20
-0.1
40
0.0068897637795276
0
CIRCLE
8
BLACK
10
0.4
20
0.7
40
0.0068897637795276
0
CIRCLE
8
BLACK
10
0.5
20
0.7
40
0.0068897637795276
0
CIRCLE
8
BLACK
10
0.4
20
0.6
40
0.0068897637795276
0
CIRCLE
8
BLACK
10
0.5
20
0.6
40
0.0068897637795276
0
CIRCLE
8
BLACK
10
0.4
20
0.5
40
0.0068897637795276
0
CIRCLE
8
BLACK
10
0.5
20
0.5
40
0.0068897637795276
0
CIRCLE
8
BLACK
10
0.
20
0.7999999999999999
40
0.0068897637795276
0
CIRCLE
8
BLACK
10
-0.1
20
0.9
40
0.0068897637795276
0
CIRCLE
8
BLACK
10
-0.1
20
0.7
40
0.0068897637795276
0
CIRCLE
8
BLACK
10
0.1
20
0.9
40
0.0068897637795276
0
CIRCLE
8
BLACK
10
0.1
20
0.7
40
0.0068897637795276
0
CIRCLE
8
BLACK
10
0.
20
0.
40
0.0068897637795276
0
CIRCLE
8
BLACK
10
0.7999999999999999
20
1.2
40
0.0068897637795276
0
CIRCLE
8
BLACK
10
0.4
20
1.2
40
0.0068897637795276
0
CIRCLE
8
BLACK
10
0.3
20
1.3
40
0.0068897637795276
0
CIRCLE
8
BLACK
10
0.3
20
1.0999999999999999
40
0.0068897637795276
0
CIRCLE
8
BLACK
10
0.5
20
1.3
40
0.0068897637795276
0
CIRCLE
8
BLACK
10
0.5
20
1.0999999999999999
40
0.0068897637795276
0
CIRCLE
8
BLACK
10
0.
20
0.4
40
0.0068897637795276
0
CIRCLE
8
BLACK
10
-0.1
20
0.5
40
0.0068897637795276
0
CIRCLE
8
BLACK
10
-0.1
20
0.3
40
0.0068897637795276
0
CIRCLE
8
BLACK
10
0.1
20
0.5
40
0.0068897637795276
0
CIRCLE
8
BLACK
10
0.1
20
0.3
40
0.0068897637795276
0
CIRCLE
8
BLACK
10
0.85
20
0.25
40
0.0068897637795276
0
CIRCLE
8
BLACK
10
0.75
20
0.25
40
0.0068897637795276
0
CIRCLE
8
BLACK
10
0.85
20
0.35
40
0.0068897637795276
0
CIRCLE
8
BLACK
10
0.75
20
0.35
40
0.0068897637795276
0
CIRCLE
8
BLACK
10
0.85
20
0.45
40
0.0068897637795276
0
CIRCLE
8
BLACK
10
0.75
20
0.45
40
0.0068897637795276
0
CIRCLE
8
BLACK
10
0.85
20
0.5499999999999999
40
0.0068897637795276
0
CIRCLE
8
BLACK
10
0.75
20
0.5499999999999999
40
0.0068897637795276
0
CIRCLE
8
BLACK
10
0.
20
1.2
40
0.0068897637795276
0
CIRCLE
8
BLACK
10
0.7999999999999999
20
0.
40
0.0068897637795276
0
CIRCLE
8
BLACK
10
0.85
20
0.65
40
0.0068897637795276
0
CIRCLE
8
BLACK
10
0.75
20
0.65
40
0.0068897637795276
0
CIRCLE
8
BLACK
10
0.85
20
0.75
40
0.0068897637795276
0
CIRCLE
8
BLACK
10
0.75
20
0.75
40
0.0068897637795276
0
CIRCLE
8
BLACK
10
0.85
20
0.85
40
0.0068897637795276
0
CIRCLE
8
BLACK
10
0.75
20
0.85
40
0.0068897637795276
0
CIRCLE
8
BLACK
10
0.85
20
0.95
40
0.0068897637795276
0
CIRCLE
8
BLACK
10
0.75
20
0.95
40
0.0068897637795276
0
CIRCLE
8
BLACK
10
0.4
20
0.
40
0.0068897637795276
0
CIRCLE
8
BLACK
10
0.3
20
0.1
40
0.0068897637795276
0
CIRCLE
8
BLACK
10
0.3
20
-0.1
40
0.0068897637795276
0
CIRCLE
8
BLACK
10
0.5
20
0.1
40
0.0068897637795276
0
CIRCLE
8
BLACK
10
0.5
20
-0.1
40
0.0068897637795276
0
CIRCLE
8
BLACK
10
0.4
20
0.7
40
0.0068897637795276
0
CIRCLE
8
BLACK
10
0.5
20
0.7
40
0.0068897637795276
0
CIRCLE
8
BLACK
10
0.4
20
0.6
40
0.0068897637795276
0
CIRCLE
8
BLACK
10
0.5
20
0.6
40
0.0068897637795276
0
CIRCLE
8
BLACK
10
0.4
20
0.5
40
0.0068897637795276
0
CIRCLE
8
BLACK
10
0.5
20
0.5
40
0.0068897637795276
0
CIRCLE
8
BLACK
10
0.
20
0.7999999999999999
40
0.0068897637795276
0
CIRCLE
8
BLACK
10
-0.1
20
0.9
40
0.0068897637795276
0
CIRCLE
8
BLACK
10
-0.1
20
0.7
40
0.0068897637795276
0
CIRCLE
8
BLACK
10
0.1
20
0.9
40
0.0068897637795276
0
CIRCLE
8
BLACK
10
0.1
20
0.7
40
0.0068897637795276
0
CIRCLE
8
BLACK
10
0.
20
0.
40
0.0068897637795276
0
CIRCLE
8
BLACK
10
0.7999999999999999
20
1.2
40
0.0068897637795276
0
CIRCLE
8
BLACK
10
0.4
20
1.2
40
0.0068897637795276
0
CIRCLE
8
BLACK
10
0.3
20
1.3
40
0.0068897637795276
0
CIRCLE
8
BLACK
10
0.3
20
1.0999999999999999
40
0.0068897637795276
0
CIRCLE
8
BLACK
10
0.5
20
1.3
40
0.0068897637795276
0
CIRCLE
8
BLACK
10
0.5
20
1.0999999999999999
40
0.0068897637795276
0
CIRCLE
8
BLACK
10
0.
20
0.4
40
0.0068897637795276
0
CIRCLE
8
BLACK
10
-0.1
20
0.5
40
0.0068897637795276
0
CIRCLE
8
BLACK
10
-0.1
20
0.3
40
0.0068897637795276
0
CIRCLE
8
BLACK
10
0.1
20
0.5
40
0.0068897637795276
0
CIRCLE
8
BLACK
10
0.1
20
0.3
40
0.0068897637795276
  0
ENDSEC
  0
EOF
