  0
SECTION
  2
HEADER
  9
$ANGBASE
  50
0.0
  9
$ANGDIR
  70
1
  9
$MEASUREMENT
  70
0
  0
ENDSEC
  0
SECTION
  2
TABLES
  0
TABLE
  2
LTYPE
  70
4
  0
LTYPE
  5
40F
  2
CONTINUOUS
  70
0
  3
Solid line
  72
65
  73
0
  40
0.0
  0
LTYPE
  5
410
  2
DASHDOT
 70
0
  3
Dash Dot ____ _ ____ _
 72
65
 73
4
 40
2.0
 49
1.25
 49
-0.25
 49
0.25
 49
-0.25
  0
LTYPE
  5
411
  2
DASHED
 70
0
  3
Dashed __ __ __ __ __
 72
65
 73
2
 40
0.75
 49
0.5
 49
-0.25
  0
LTYPE
  5
43B
  2
DOTTED
 70
0
  3
Dotted .  .  .  .
 72
65
 73
2
 40
0.2
 49
0.0
 49
-0.2
  0
ENDTAB
  0
TABLE
  2
STYLE
  70
4
  0
STYLE
  2
KICAD
  70
0
  40
0
  41
1
  42
1
  50
0
  71
0
  3
isocp.shx
  0
STYLE
  2
KICADB
  70
0
  40
0
  41
1
  42
1
  50
0
  71
0
  3
isocp.shx
  0
STYLE
  2
KICADI
  70
0
  40
0
  41
1
  42
1
  50
15
  71
0
  3
isocp.shx
  0
STYLE
  2
KICADBI
  70
0
  40
0
  41
1
  42
1
  50
15
  71
0
  3
isocp.shx
  0
ENDTAB
  0
TABLE
  2
LAYER
  70
1
  0
LAYER
  2
BLACK
  70
0
  62
7
  6
CONTINUOUS
  0
ENDTAB
  0
ENDSEC
  0
SECTION
  2
ENTITIES
0
LINE
8
BLACK
6
CONTINUOUS
10
0.4273362992125984
20
0.2660376377952756
11
0.4283668110236221
21
0.2655223622047244
0
LINE
8
BLACK
6
CONTINUOUS
10
0.4283668110236221
20
0.2655223622047244
11
0.4291216535433071
21
0.2646520078740157
0
LINE
8
BLACK
6
CONTINUOUS
10
0.4291216535433071
20
0.2646520078740157
11
0.4294859842519685
21
0.2635590157480315
0
LINE
8
BLACK
6
CONTINUOUS
10
0.4294859842519685
20
0.2635590157480315
11
0.4294043307086614
21
0.2624098031496063
0
LINE
8
BLACK
6
CONTINUOUS
10
0.4294043307086614
20
0.2624098031496063
11
0.4291974409448819
21
0.2618692125984252
0
LINE
8
BLACK
6
CONTINUOUS
10
0.4291974409448819
20
0.2618692125984252
11
0.4273226771653543
21
0.2581196850393701
0
LINE
8
BLACK
6
CONTINUOUS
10
0.4273226771653543
20
0.2581196850393701
11
0.4271666535433071
21
0.2578718897637795
0
LINE
8
BLACK
6
CONTINUOUS
10
0.4271666535433071
20
0.2578718897637795
11
0.4271368110236221
21
0.2577997244094488
0
LINE
8
BLACK
6
CONTINUOUS
10
0.4271368110236221
20
0.2577997244094488
11
0.4270701968503937
21
0.2577185826771654
0
LINE
8
BLACK
6
CONTINUOUS
10
0.4270701968503937
20
0.2577185826771654
11
0.4270143307086614
21
0.2576298031496063
0
LINE
8
BLACK
6
CONTINUOUS
10
0.4270143307086614
20
0.2576298031496063
11
0.4269553937007874
21
0.2575787007874016
0
LINE
8
BLACK
6
CONTINUOUS
10
0.4269553937007874
20
0.2575787007874016
11
0.4267695669291339
21
0.2573522834645669
0
LINE
8
BLACK
6
CONTINUOUS
10
0.4267695669291339
20
0.2573522834645669
11
0.4243111811023622
21
0.2548938976377953
0
LINE
8
BLACK
6
CONTINUOUS
10
0.4243111811023622
20
0.2548938976377953
11
0.4517251574803149
21
0.2548938976377953
0
LINE
8
BLACK
6
CONTINUOUS
10
0.4517251574803149
20
0.2548938976377953
11
0.4517251574803149
21
0.2631897244094488
0
LINE
8
BLACK
6
CONTINUOUS
10
0.4517251574803149
20
0.2631897244094488
11
0.4517818897637795
21
0.2637657874015748
0
LINE
8
BLACK
6
CONTINUOUS
10
0.4517818897637795
20
0.2637657874015748
11
0.4522227952755906
21
0.2648301968503937
0
LINE
8
BLACK
6
CONTINUOUS
10
0.4522227952755906
20
0.2648301968503937
11
0.4530374409448819
21
0.265644842519685
0
LINE
8
BLACK
6
CONTINUOUS
10
0.4530374409448819
20
0.265644842519685
11
0.4541018503937008
21
0.266085748031496
0
LINE
8
BLACK
6
CONTINUOUS
10
0.4541018503937008
20
0.266085748031496
11
0.4552539763779527
21
0.266085748031496
0
LINE
8
BLACK
6
CONTINUOUS
10
0.4552539763779527
20
0.266085748031496
11
0.4563183858267716
21
0.265644842519685
0
LINE
8
BLACK
6
CONTINUOUS
10
0.4563183858267716
20
0.265644842519685
11
0.457133031496063
21
0.2648301968503937
0
LINE
8
BLACK
6
CONTINUOUS
10
0.457133031496063
20
0.2648301968503937
11
0.457573937007874
21
0.2637657874015748
0
LINE
8
BLACK
6
CONTINUOUS
10
0.457573937007874
20
0.2637657874015748
11
0.4576306692913386
21
0.2631897244094488
0
LINE
8
BLACK
6
CONTINUOUS
10
0.4576306692913386
20
0.2631897244094488
11
0.4576306692913386
21
0.2406925590551181
0
LINE
8
BLACK
6
CONTINUOUS
10
0.4576306692913386
20
0.2406925590551181
11
0.457573937007874
21
0.2401164960629921
0
LINE
8
BLACK
6
CONTINUOUS
10
0.457573937007874
20
0.2401164960629921
11
0.457133031496063
21
0.2390520866141732
0
LINE
8
BLACK
6
CONTINUOUS
10
0.457133031496063
20
0.2390520866141732
11
0.4563183858267716
21
0.2382374409448819
0
LINE
8
BLACK
6
CONTINUOUS
10
0.4563183858267716
20
0.2382374409448819
11
0.4552539763779527
21
0.2377965354330709
0
LINE
8
BLACK
6
CONTINUOUS
10
0.4552539763779527
20
0.2377965354330709
11
0.4541018503937008
21
0.2377965354330709
0
LINE
8
BLACK
6
CONTINUOUS
10
0.4541018503937008
20
0.2377965354330709
11
0.4530374409448819
21
0.2382374409448819
0
LINE
8
BLACK
6
CONTINUOUS
10
0.4530374409448819
20
0.2382374409448819
11
0.4522227952755906
21
0.2390520866141732
0
LINE
8
BLACK
6
CONTINUOUS
10
0.4522227952755906
20
0.2390520866141732
11
0.4517818897637795
21
0.2401164960629921
0
LINE
8
BLACK
6
CONTINUOUS
10
0.4517818897637795
20
0.2401164960629921
11
0.4517251574803149
21
0.2406925590551181
0
LINE
8
BLACK
6
CONTINUOUS
10
0.4517251574803149
20
0.2406925590551181
11
0.4517251574803149
21
0.2489883858267717
0
LINE
8
BLACK
6
CONTINUOUS
10
0.4517251574803149
20
0.2489883858267717
11
0.4153078346456693
21
0.2489883858267717
0
LINE
8
BLACK
6
CONTINUOUS
10
0.4153078346456693
20
0.2489883858267717
11
0.4153057480314961
21
0.2489886220472441
0
LINE
8
BLACK
6
CONTINUOUS
10
0.4153057480314961
20
0.2489886220472441
11
0.4153047244094488
21
0.2489883858267717
0
LINE
8
BLACK
6
CONTINUOUS
10
0.4153047244094488
20
0.2489883858267717
11
0.4153016929133858
21
0.2489890157480315
0
LINE
8
BLACK
6
CONTINUOUS
10
0.4153016929133858
20
0.2489890157480315
11
0.4147317716535433
21
0.2490451181102362
0
LINE
8
BLACK
6
CONTINUOUS
10
0.4147317716535433
20
0.2490451181102362
11
0.4144616535433071
21
0.2491570078740157
0
LINE
8
BLACK
6
CONTINUOUS
10
0.4144616535433071
20
0.2491570078740157
11
0.4141750393700787
21
0.2492143307086614
0
LINE
8
BLACK
6
CONTINUOUS
10
0.4141750393700787
20
0.2492143307086614
11
0.4139370078740157
21
0.2493737401574803
0
LINE
8
BLACK
6
CONTINUOUS
10
0.4139370078740157
20
0.2493737401574803
11
0.4139370078740157
21
0.2404488188976378
0
LINE
8
BLACK
6
CONTINUOUS
10
0.4139370078740157
20
0.2404488188976378
11
0.4132451181102362
21
0.2387785039370079
0
LINE
8
BLACK
6
CONTINUOUS
10
0.4132451181102362
20
0.2387785039370079
11
0.4115748031496063
21
0.2380866141732284
0
LINE
8
BLACK
6
CONTINUOUS
10
0.4115748031496063
20
0.2380866141732284
11
0.4101735433070866
21
0.238547125984252
0
LINE
8
BLACK
6
CONTINUOUS
10
0.4101735433070866
20
0.238547125984252
11
0.4026932283464567
21
0.244058937007874
0
LINE
8
BLACK
6
CONTINUOUS
10
0.4026932283464567
20
0.244058937007874
11
0.401758937007874
21
0.2456067716535433
0
LINE
8
BLACK
6
CONTINUOUS
10
0.401758937007874
20
0.2456067716535433
11
0.4021927952755905
21
0.2473618897637795
0
LINE
8
BLACK
6
CONTINUOUS
10
0.4021927952755905
20
0.2473618897637795
11
0.4026932283464567
21
0.2478623228346457
0
LINE
8
BLACK
6
CONTINUOUS
10
0.4026932283464567
20
0.2478623228346457
11
0.4101735433070866
21
0.2533741338582677
0
LINE
8
BLACK
6
CONTINUOUS
10
0.4101735433070866
20
0.2533741338582677
11
0.4119286614173228
21
0.2538079921259843
0
LINE
8
BLACK
6
CONTINUOUS
10
0.4119286614173228
20
0.2538079921259843
11
0.412742874015748
21
0.2533165354330709
0
LINE
8
BLACK
6
CONTINUOUS
10
0.412742874015748
20
0.2533165354330709
11
0.412852716535433
21
0.2535816141732283
0
LINE
8
BLACK
6
CONTINUOUS
10
0.412852716535433
20
0.2535816141732283
11
0.4130594094488189
21
0.2537883464566929
0
LINE
8
BLACK
6
CONTINUOUS
10
0.4130594094488189
20
0.2537883464566929
11
0.4132220866141732
21
0.2540312204724409
0
LINE
8
BLACK
6
CONTINUOUS
10
0.4132220866141732
20
0.2540312204724409
11
0.4136653149606299
21
0.2543942519685039
0
LINE
8
BLACK
6
CONTINUOUS
10
0.4136653149606299
20
0.2543942519685039
11
0.4136673622047244
21
0.2543962598425197
0
LINE
8
BLACK
6
CONTINUOUS
10
0.4136673622047244
20
0.2543962598425197
11
0.4136682283464567
21
0.2543966535433071
0
LINE
8
BLACK
6
CONTINUOUS
10
0.4136682283464567
20
0.2543966535433071
11
0.4136699212598425
21
0.2543979921259842
0
LINE
8
BLACK
6
CONTINUOUS
10
0.4136699212598425
20
0.2543979921259842
11
0.4190509448818898
21
0.2579853543307087
0
LINE
8
BLACK
6
CONTINUOUS
10
0.4190509448818898
20
0.2579853543307087
11
0.4222549212598425
21
0.2611892913385827
0
LINE
8
BLACK
6
CONTINUOUS
10
0.4222549212598425
20
0.2611892913385827
11
0.4239153937007874
21
0.2645102362204724
0
LINE
8
BLACK
6
CONTINUOUS
10
0.4239153937007874
20
0.2645102362204724
11
0.4242237401574803
21
0.2650001181102362
0
LINE
8
BLACK
6
CONTINUOUS
10
0.4242237401574803
20
0.2650001181102362
11
0.4250941338582677
21
0.2657549606299213
0
LINE
8
BLACK
6
CONTINUOUS
10
0.4250941338582677
20
0.2657549606299213
11
0.4261870866141732
21
0.2661192913385827
0
LINE
8
BLACK
6
CONTINUOUS
10
0.4261870866141732
20
0.2661192913385827
11
0.4273362992125984
21
0.2660376377952756
0
LINE
8
BLACK
6
CONTINUOUS
10
0.3184816141732283
20
0.3108409842519685
11
0.3186614173228347
21
0.3099370078740157
0
LINE
8
BLACK
6
CONTINUOUS
10
0.3186614173228347
20
0.3099370078740157
11
0.3186614173228347
21
0.2520629921259843
0
LINE
8
BLACK
6
CONTINUOUS
10
0.3186614173228347
20
0.2520629921259843
11
0.3184816141732283
21
0.2511590157480315
0
LINE
8
BLACK
6
CONTINUOUS
10
0.3184816141732283
20
0.2511590157480315
11
0.3172031889763779
21
0.2498805905511811
0
LINE
8
BLACK
6
CONTINUOUS
10
0.3172031889763779
20
0.2498805905511811
11
0.3153952362204724
21
0.2498805905511811
0
LINE
8
BLACK
6
CONTINUOUS
10
0.3153952362204724
20
0.2498805905511811
11
0.314116811023622
21
0.2511590157480315
0
LINE
8
BLACK
6
CONTINUOUS
10
0.314116811023622
20
0.2511590157480315
11
0.3139370078740157
21
0.2520629921259843
0
LINE
8
BLACK
6
CONTINUOUS
10
0.3139370078740157
20
0.2520629921259843
11
0.3139370078740157
21
0.3099370078740157
0
LINE
8
BLACK
6
CONTINUOUS
10
0.3139370078740157
20
0.3099370078740157
11
0.314116811023622
21
0.3108409842519685
0
LINE
8
BLACK
6
CONTINUOUS
10
0.314116811023622
20
0.3108409842519685
11
0.3153952362204724
21
0.3121194094488189
0
LINE
8
BLACK
6
CONTINUOUS
10
0.3153952362204724
20
0.3121194094488189
11
0.3172031889763779
21
0.3121194094488189
0
LINE
8
BLACK
6
CONTINUOUS
10
0.3172031889763779
20
0.3121194094488189
11
0.3184816141732283
21
0.3108409842519685
0
LINE
8
BLACK
6
CONTINUOUS
10
0.4058831889763779
20
0.3108409842519685
11
0.4060629921259842
21
0.3099370078740157
0
LINE
8
BLACK
6
CONTINUOUS
10
0.4060629921259842
20
0.3099370078740157
11
0.4060629921259842
21
0.2574074015748031
0
LINE
8
BLACK
6
CONTINUOUS
10
0.4060629921259842
20
0.2574074015748031
11
0.4058831889763779
21
0.2565034251968504
0
LINE
8
BLACK
6
CONTINUOUS
10
0.4058831889763779
20
0.2565034251968504
11
0.4046047637795275
21
0.255225
0
LINE
8
BLACK
6
CONTINUOUS
10
0.4046047637795275
20
0.255225
11
0.402796811023622
21
0.255225
0
LINE
8
BLACK
6
CONTINUOUS
10
0.402796811023622
20
0.255225
11
0.4015183858267716
21
0.2565034251968504
0
LINE
8
BLACK
6
CONTINUOUS
10
0.4015183858267716
20
0.2565034251968504
11
0.4013385826771653
21
0.2574074015748031
0
LINE
8
BLACK
6
CONTINUOUS
10
0.4013385826771653
20
0.2574074015748031
11
0.4013385826771653
21
0.3099370078740157
0
LINE
8
BLACK
6
CONTINUOUS
10
0.4013385826771653
20
0.3099370078740157
11
0.4015183858267716
21
0.3108409842519685
0
LINE
8
BLACK
6
CONTINUOUS
10
0.4015183858267716
20
0.3108409842519685
11
0.402796811023622
21
0.3121194094488189
0
LINE
8
BLACK
6
CONTINUOUS
10
0.402796811023622
20
0.3121194094488189
11
0.4046047637795275
21
0.3121194094488189
0
LINE
8
BLACK
6
CONTINUOUS
10
0.4046047637795275
20
0.3121194094488189
11
0.4058831889763779
21
0.3108409842519685
0
LINE
8
BLACK
6
CONTINUOUS
10
0.6405646456692913
20
0.2844114566929134
11
0.6415951574803149
21
0.2838961811023622
0
LINE
8
BLACK
6
CONTINUOUS
10
0.6415951574803149
20
0.2838961811023622
11
0.64235
21
0.2830258267716536
0
LINE
8
BLACK
6
CONTINUOUS
10
0.64235
20
0.2830258267716536
11
0.6427143307086614
21
0.2819328346456693
0
LINE
8
BLACK
6
CONTINUOUS
10
0.6427143307086614
20
0.2819328346456693
11
0.6426326771653543
21
0.2807836220472441
0
LINE
8
BLACK
6
CONTINUOUS
10
0.6426326771653543
20
0.2807836220472441
11
0.6424257874015747
21
0.280243031496063
0
LINE
8
BLACK
6
CONTINUOUS
10
0.6424257874015747
20
0.280243031496063
11
0.6405510236220472
21
0.2764935039370079
0
LINE
8
BLACK
6
CONTINUOUS
10
0.6405510236220472
20
0.2764935039370079
11
0.6403949999999999
21
0.2762457086614173
0
LINE
8
BLACK
6
CONTINUOUS
10
0.6403949999999999
20
0.2762457086614173
11
0.640365157480315
21
0.2761735433070866
0
LINE
8
BLACK
6
CONTINUOUS
10
0.640365157480315
20
0.2761735433070866
11
0.6402985433070866
21
0.2760924015748031
0
LINE
8
BLACK
6
CONTINUOUS
10
0.6402985433070866
20
0.2760924015748031
11
0.6402426771653543
21
0.2760036220472441
0
LINE
8
BLACK
6
CONTINUOUS
10
0.6402426771653543
20
0.2760036220472441
11
0.6401837401574803
21
0.2759525196850394
0
LINE
8
BLACK
6
CONTINUOUS
10
0.6401837401574803
20
0.2759525196850394
11
0.6399979133858268
21
0.2757261023622047
0
LINE
8
BLACK
6
CONTINUOUS
10
0.6399979133858268
20
0.2757261023622047
11
0.6375395275590551
21
0.2732677165354331
0
LINE
8
BLACK
6
CONTINUOUS
10
0.6375395275590551
20
0.2732677165354331
11
0.6649535039370078
21
0.2732677165354331
0
LINE
8
BLACK
6
CONTINUOUS
10
0.6649535039370078
20
0.2732677165354331
11
0.6649535039370078
21
0.2815635433070866
0
LINE
8
BLACK
6
CONTINUOUS
10
0.6649535039370078
20
0.2815635433070866
11
0.6650102362204724
21
0.2821396062992126
0
LINE
8
BLACK
6
CONTINUOUS
10
0.6650102362204724
20
0.2821396062992126
11
0.6654511417322835
21
0.2832040157480315
0
LINE
8
BLACK
6
CONTINUOUS
10
0.6654511417322835
20
0.2832040157480315
11
0.6662657874015748
21
0.2840186614173228
0
LINE
8
BLACK
6
CONTINUOUS
10
0.6662657874015748
20
0.2840186614173228
11
0.6673301968503936
21
0.2844595669291339
0
LINE
8
BLACK
6
CONTINUOUS
10
0.6673301968503936
20
0.2844595669291339
11
0.6684823228346457
21
0.2844595669291339
0
LINE
8
BLACK
6
CONTINUOUS
10
0.6684823228346457
20
0.2844595669291339
11
0.6695467322834645
21
0.2840186614173228
0
LINE
8
BLACK
6
CONTINUOUS
10
0.6695467322834645
20
0.2840186614173228
11
0.6703613779527559
21
0.2832040157480315
0
LINE
8
BLACK
6
CONTINUOUS
10
0.6703613779527559
20
0.2832040157480315
11
0.6708022834645669
21
0.2821396062992126
0
LINE
8
BLACK
6
CONTINUOUS
10
0.6708022834645669
20
0.2821396062992126
11
0.6708590157480315
21
0.2815635433070866
0
LINE
8
BLACK
6
CONTINUOUS
10
0.6708590157480315
20
0.2815635433070866
11
0.6708590157480315
21
0.2590663779527559
0
LINE
8
BLACK
6
CONTINUOUS
10
0.6708590157480315
20
0.2590663779527559
11
0.6708022834645669
21
0.2584903149606299
0
LINE
8
BLACK
6
CONTINUOUS
10
0.6708022834645669
20
0.2584903149606299
11
0.6703613779527559
21
0.257425905511811
0
LINE
8
BLACK
6
CONTINUOUS
10
0.6703613779527559
20
0.257425905511811
11
0.6695467322834645
21
0.2566112598425197
0
LINE
8
BLACK
6
CONTINUOUS
10
0.6695467322834645
20
0.2566112598425197
11
0.6684823228346457
21
0.2561703543307087
0
LINE
8
BLACK
6
CONTINUOUS
10
0.6684823228346457
20
0.2561703543307087
11
0.6673301968503936
21
0.2561703543307087
0
LINE
8
BLACK
6
CONTINUOUS
10
0.6673301968503936
20
0.2561703543307087
11
0.6662657874015748
21
0.2566112598425197
0
LINE
8
BLACK
6
CONTINUOUS
10
0.6662657874015748
20
0.2566112598425197
11
0.6654511417322835
21
0.257425905511811
0
LINE
8
BLACK
6
CONTINUOUS
10
0.6654511417322835
20
0.257425905511811
11
0.6650102362204724
21
0.2584903149606299
0
LINE
8
BLACK
6
CONTINUOUS
10
0.6650102362204724
20
0.2584903149606299
11
0.6649535039370078
21
0.2590663779527559
0
LINE
8
BLACK
6
CONTINUOUS
10
0.6649535039370078
20
0.2590663779527559
11
0.6649535039370078
21
0.2673622047244095
0
LINE
8
BLACK
6
CONTINUOUS
10
0.6649535039370078
20
0.2673622047244095
11
0.6285361811023622
21
0.2673622047244095
0
LINE
8
BLACK
6
CONTINUOUS
10
0.6285361811023622
20
0.2673622047244095
11
0.628534094488189
21
0.2673624409448819
0
LINE
8
BLACK
6
CONTINUOUS
10
0.628534094488189
20
0.2673624409448819
11
0.6285330708661417
21
0.2673622047244095
0
LINE
8
BLACK
6
CONTINUOUS
10
0.6285330708661417
20
0.2673622047244095
11
0.6285300393700787
21
0.2673628346456693
0
LINE
8
BLACK
6
CONTINUOUS
10
0.6285300393700787
20
0.2673628346456693
11
0.6279601181102362
21
0.267418937007874
0
LINE
8
BLACK
6
CONTINUOUS
10
0.6279601181102362
20
0.267418937007874
11
0.62769
21
0.2675308267716535
0
LINE
8
BLACK
6
CONTINUOUS
10
0.62769
20
0.2675308267716535
11
0.6274033858267717
21
0.2675881496062992
0
LINE
8
BLACK
6
CONTINUOUS
10
0.6274033858267717
20
0.2675881496062992
11
0.6271629921259843
21
0.2677491338582677
0
LINE
8
BLACK
6
CONTINUOUS
10
0.6271629921259843
20
0.2677491338582677
11
0.6268957086614173
21
0.267859842519685
0
LINE
8
BLACK
6
CONTINUOUS
10
0.6268957086614173
20
0.267859842519685
11
0.6266889763779527
21
0.2680665748031496
0
LINE
8
BLACK
6
CONTINUOUS
10
0.6266889763779527
20
0.2680665748031496
11
0.6264461023622047
21
0.2682292125984252
0
LINE
8
BLACK
6
CONTINUOUS
10
0.6264461023622047
20
0.2682292125984252
11
0.626285590551181
21
0.2684699606299212
0
LINE
8
BLACK
6
CONTINUOUS
10
0.626285590551181
20
0.2684699606299212
11
0.626081062992126
21
0.2686744881889764
0
LINE
8
BLACK
6
CONTINUOUS
10
0.626081062992126
20
0.2686744881889764
11
0.6259691732283464
21
0.2689446062992126
0
LINE
8
BLACK
6
CONTINUOUS
10
0.6259691732283464
20
0.2689446062992126
11
0.6258070078740158
21
0.2691878346456693
0
LINE
8
BLACK
6
CONTINUOUS
10
0.6258070078740158
20
0.2691878346456693
11
0.6257508661417323
21
0.2694716535433071
0
LINE
8
BLACK
6
CONTINUOUS
10
0.6257508661417323
20
0.2694716535433071
11
0.625640157480315
21
0.2697388976377953
0
LINE
8
BLACK
6
CONTINUOUS
10
0.625640157480315
20
0.2697388976377953
11
0.625640157480315
21
0.2700312992125984
0
LINE
8
BLACK
6
CONTINUOUS
10
0.625640157480315
20
0.2700312992125984
11
0.6255834251968504
21
0.2703180708661417
0
LINE
8
BLACK
6
CONTINUOUS
10
0.6255834251968504
20
0.2703180708661417
11
0.625640157480315
21
0.2706017322834646
0
LINE
8
BLACK
6
CONTINUOUS
10
0.625640157480315
20
0.2706017322834646
11
0.625640157480315
21
0.2708910236220473
0
LINE
8
BLACK
6
CONTINUOUS
10
0.625640157480315
20
0.2708910236220473
11
0.6257520078740157
21
0.2711611417322835
0
LINE
8
BLACK
6
CONTINUOUS
10
0.6257520078740157
20
0.2711611417322835
11
0.6258093700787402
21
0.2714477559055118
0
LINE
8
BLACK
6
CONTINUOUS
10
0.6258093700787402
20
0.2714477559055118
11
0.6259703149606299
21
0.2716881496062992
0
LINE
8
BLACK
6
CONTINUOUS
10
0.6259703149606299
20
0.2716881496062992
11
0.626081062992126
21
0.2719554330708661
0
LINE
8
BLACK
6
CONTINUOUS
10
0.626081062992126
20
0.2719554330708661
11
0.6262877559055118
21
0.2721621653543307
0
LINE
8
BLACK
6
CONTINUOUS
10
0.6262877559055118
20
0.2721621653543307
11
0.6264504330708661
21
0.2724050393700788
0
LINE
8
BLACK
6
CONTINUOUS
10
0.6264504330708661
20
0.2724050393700788
11
0.6268936614173228
21
0.2727680708661417
0
LINE
8
BLACK
6
CONTINUOUS
10
0.6268936614173228
20
0.2727680708661417
11
0.6268957086614173
21
0.2727700787401575
0
LINE
8
BLACK
6
CONTINUOUS
10
0.6268957086614173
20
0.2727700787401575
11
0.6268965748031496
21
0.2727704724409449
0
LINE
8
BLACK
6
CONTINUOUS
10
0.6268965748031496
20
0.2727704724409449
11
0.6268982677165355
21
0.272771811023622
0
LINE
8
BLACK
6
CONTINUOUS
10
0.6268982677165355
20
0.272771811023622
11
0.6322792913385826
21
0.2763591732283465
0
LINE
8
BLACK
6
CONTINUOUS
10
0.6322792913385826
20
0.2763591732283465
11
0.6354832677165354
21
0.2795631102362205
0
LINE
8
BLACK
6
CONTINUOUS
10
0.6354832677165354
20
0.2795631102362205
11
0.6371437401574803
21
0.2828840551181102
0
LINE
8
BLACK
6
CONTINUOUS
10
0.6371437401574803
20
0.2828840551181102
11
0.6374520866141732
21
0.283373937007874
0
LINE
8
BLACK
6
CONTINUOUS
10
0.6374520866141732
20
0.283373937007874
11
0.6383224803149606
21
0.284128779527559
0
LINE
8
BLACK
6
CONTINUOUS
10
0.6383224803149606
20
0.284128779527559
11
0.6394154330708661
21
0.2844931102362205
0
LINE
8
BLACK
6
CONTINUOUS
10
0.6394154330708661
20
0.2844931102362205
11
0.6405646456692913
21
0.2844114566929134
0
LINE
8
BLACK
6
CONTINUOUS
10
0.4379055118110236
20
0.3055026771653543
11
0.4379485433070866
21
0.3055090551181102
0
LINE
8
BLACK
6
CONTINUOUS
10
0.4379485433070866
20
0.3055090551181102
11
0.4381640157480315
21
0.3054772047244094
0
LINE
8
BLACK
6
CONTINUOUS
10
0.4381640157480315
20
0.3054772047244094
11
0.438381062992126
21
0.3054558267716536
0
LINE
8
BLACK
6
CONTINUOUS
10
0.438381062992126
20
0.3054558267716536
11
0.4384212598425197
21
0.3054392125984252
0
LINE
8
BLACK
6
CONTINUOUS
10
0.4384212598425197
20
0.3054392125984252
11
0.4385211417322835
21
0.3054244094488189
0
LINE
8
BLACK
6
CONTINUOUS
10
0.4385211417322835
20
0.3054244094488189
11
0.4460201968503937
21
0.3035496456692913
0
LINE
8
BLACK
6
CONTINUOUS
10
0.4460201968503937
20
0.3035496456692913
11
0.4460626771653543
21
0.3035344881889764
0
LINE
8
BLACK
6
CONTINUOUS
10
0.4460626771653543
20
0.3035344881889764
11
0.446083937007874
21
0.3035329527559055
0
LINE
8
BLACK
6
CONTINUOUS
10
0.446083937007874
20
0.3035329527559055
11
0.4463233464566929
21
0.3034413385826771
0
LINE
8
BLACK
6
CONTINUOUS
10
0.4463233464566929
20
0.3034413385826771
11
0.4465653149606299
21
0.3033548818897638
0
LINE
8
BLACK
6
CONTINUOUS
10
0.4465653149606299
20
0.3033548818897638
11
0.4465824409448819
21
0.3033422047244094
0
LINE
8
BLACK
6
CONTINUOUS
10
0.4465824409448819
20
0.3033422047244094
11
0.4466245669291338
21
0.303326062992126
0
LINE
8
BLACK
6
CONTINUOUS
10
0.4466245669291338
20
0.303326062992126
11
0.450374094488189
21
0.3014512992125984
0
LINE
8
BLACK
6
CONTINUOUS
10
0.450374094488189
20
0.3014512992125984
11
0.450621968503937
21
0.3012952755905512
0
LINE
8
BLACK
6
CONTINUOUS
10
0.450621968503937
20
0.3012952755905512
11
0.4506940157480315
21
0.3012654330708661
0
LINE
8
BLACK
6
CONTINUOUS
10
0.4506940157480315
20
0.3012654330708661
11
0.4507750393700787
21
0.301198937007874
0
LINE
8
BLACK
6
CONTINUOUS
10
0.4507750393700787
20
0.301198937007874
11
0.4508639763779527
21
0.3011429527559055
0
LINE
8
BLACK
6
CONTINUOUS
10
0.4508639763779527
20
0.3011429527559055
11
0.4509151181102362
21
0.3010839763779528
0
LINE
8
BLACK
6
CONTINUOUS
10
0.4509151181102362
20
0.3010839763779528
11
0.4511414960629921
21
0.3008981889763779
0
LINE
8
BLACK
6
CONTINUOUS
10
0.4511414960629921
20
0.3008981889763779
11
0.4548910629921259
21
0.2971486614173228
0
LINE
8
BLACK
6
CONTINUOUS
10
0.4548910629921259
20
0.2971486614173228
11
0.4552583070866142
21
0.296701220472441
0
LINE
8
BLACK
6
CONTINUOUS
10
0.4552583070866142
20
0.296701220472441
11
0.4552988976377952
21
0.2966031889763779
0
LINE
8
BLACK
6
CONTINUOUS
10
0.4552988976377952
20
0.2966031889763779
11
0.4553683858267716
21
0.2965230708661417
0
LINE
8
BLACK
6
CONTINUOUS
10
0.4553683858267716
20
0.2965230708661417
11
0.4556043700787402
21
0.2959944881889764
0
LINE
8
BLACK
6
CONTINUOUS
10
0.4556043700787402
20
0.2959944881889764
11
0.4574791338582677
21
0.2903702362204724
0
LINE
8
BLACK
6
CONTINUOUS
10
0.4574791338582677
20
0.2903702362204724
11
0.4575440551181102
21
0.2900846062992126
0
LINE
8
BLACK
6
CONTINUOUS
10
0.4575440551181102
20
0.2900846062992126
11
0.457573937007874
21
0.2900125196850394
0
LINE
8
BLACK
6
CONTINUOUS
10
0.457573937007874
20
0.2900125196850394
11
0.4575842125984252
21
0.2899080708661417
0
LINE
8
BLACK
6
CONTINUOUS
10
0.4575842125984252
20
0.2899080708661417
11
0.4576074803149606
21
0.2898057874015748
0
LINE
8
BLACK
6
CONTINUOUS
10
0.4576074803149606
20
0.2898057874015748
11
0.4576019291338583
21
0.2897280708661417
0
LINE
8
BLACK
6
CONTINUOUS
10
0.4576019291338583
20
0.2897280708661417
11
0.4576306692913386
21
0.2894364566929134
0
LINE
8
BLACK
6
CONTINUOUS
10
0.4576306692913386
20
0.2894364566929134
11
0.4576306692913386
21
0.2856869291338582
0
LINE
8
BLACK
6
CONTINUOUS
10
0.4576306692913386
20
0.2856869291338582
11
0.4576019291338583
21
0.2853953543307087
0
LINE
8
BLACK
6
CONTINUOUS
10
0.4576019291338583
20
0.2853953543307087
11
0.4576074803149606
21
0.2853175984251968
0
LINE
8
BLACK
6
CONTINUOUS
10
0.4576074803149606
20
0.2853175984251968
11
0.4575842125984252
21
0.2852153543307087
0
LINE
8
BLACK
6
CONTINUOUS
10
0.4575842125984252
20
0.2852153543307087
11
0.457573937007874
21
0.2851108661417323
0
LINE
8
BLACK
6
CONTINUOUS
10
0.457573937007874
20
0.2851108661417323
11
0.4575440551181102
21
0.2850388188976378
0
LINE
8
BLACK
6
CONTINUOUS
10
0.4575440551181102
20
0.2850388188976378
11
0.4574791338582677
21
0.2847531496062992
0
LINE
8
BLACK
6
CONTINUOUS
10
0.4574791338582677
20
0.2847531496062992
11
0.4556043700787402
21
0.2791288976377952
0
LINE
8
BLACK
6
CONTINUOUS
10
0.4556043700787402
20
0.2791288976377952
11
0.4553683858267716
21
0.2786003149606299
0
LINE
8
BLACK
6
CONTINUOUS
10
0.4553683858267716
20
0.2786003149606299
11
0.4552988188976378
21
0.2785201574803149
0
LINE
8
BLACK
6
CONTINUOUS
10
0.4552988188976378
20
0.2785201574803149
11
0.4552582677165354
21
0.2784221653543307
0
LINE
8
BLACK
6
CONTINUOUS
10
0.4552582677165354
20
0.2784221653543307
11
0.4548910236220473
21
0.2779746850393701
0
LINE
8
BLACK
6
CONTINUOUS
10
0.4548910236220473
20
0.2779746850393701
11
0.4530162204724409
21
0.2760999212598425
0
LINE
8
BLACK
6
CONTINUOUS
10
0.4530162204724409
20
0.2760999212598425
11
0.452568779527559
21
0.2757327165354331
0
LINE
8
BLACK
6
CONTINUOUS
10
0.452568779527559
20
0.2757327165354331
11
0.4515043700787402
21
0.2752918503937008
0
LINE
8
BLACK
6
CONTINUOUS
10
0.4515043700787402
20
0.2752918503937008
11
0.4503522834645669
21
0.2752918503937008
0
LINE
8
BLACK
6
CONTINUOUS
10
0.4503522834645669
20
0.2752918503937008
11
0.449287874015748
21
0.2757327559055118
0
LINE
8
BLACK
6
CONTINUOUS
10
0.449287874015748
20
0.2757327559055118
11
0.4484731889763779
21
0.2765474409448819
0
LINE
8
BLACK
6
CONTINUOUS
10
0.4484731889763779
20
0.2765474409448819
11
0.4480323228346457
21
0.2776118503937008
0
LINE
8
BLACK
6
CONTINUOUS
10
0.4480323228346457
20
0.2776118503937008
11
0.4480323228346457
21
0.278763937007874
0
LINE
8
BLACK
6
CONTINUOUS
10
0.4480323228346457
20
0.278763937007874
11
0.4484732283464567
21
0.2798283464566929
0
LINE
8
BLACK
6
CONTINUOUS
10
0.4484732283464567
20
0.2798283464566929
11
0.4488404724409449
21
0.2802758267716535
0
LINE
8
BLACK
6
CONTINUOUS
10
0.4488404724409449
20
0.2802758267716535
11
0.4502223622047244
21
0.2816577165354331
0
LINE
8
BLACK
6
CONTINUOUS
10
0.4502223622047244
20
0.2816577165354331
11
0.4517251574803149
21
0.286166062992126
0
LINE
8
BLACK
6
CONTINUOUS
10
0.4517251574803149
20
0.286166062992126
11
0.4517251574803149
21
0.2889573228346456
0
LINE
8
BLACK
6
CONTINUOUS
10
0.4517251574803149
20
0.2889573228346456
11
0.4502223622047244
21
0.2934657086614173
0
LINE
8
BLACK
6
CONTINUOUS
10
0.4502223622047244
20
0.2934657086614173
11
0.4473044881889764
21
0.2963835433070866
0
LINE
8
BLACK
6
CONTINUOUS
10
0.4473044881889764
20
0.2963835433070866
11
0.4442735039370079
21
0.2978990551181102
0
LINE
8
BLACK
6
CONTINUOUS
10
0.4442735039370079
20
0.2978990551181102
11
0.4374414566929134
21
0.2996070472440945
0
LINE
8
BLACK
6
CONTINUOUS
10
0.4374414566929134
20
0.2996070472440945
11
0.4325442519685039
21
0.2996070472440945
0
LINE
8
BLACK
6
CONTINUOUS
10
0.4325442519685039
20
0.2996070472440945
11
0.4257122047244095
21
0.2978990551181102
0
LINE
8
BLACK
6
CONTINUOUS
10
0.4257122047244095
20
0.2978990551181102
11
0.4226812204724409
21
0.2963835433070866
0
LINE
8
BLACK
6
CONTINUOUS
10
0.4226812204724409
20
0.2963835433070866
11
0.4197633858267716
21
0.2934657480314961
0
LINE
8
BLACK
6
CONTINUOUS
10
0.4197633858267716
20
0.2934657480314961
11
0.4182605905511811
21
0.2889573228346456
0
LINE
8
BLACK
6
CONTINUOUS
10
0.4182605905511811
20
0.2889573228346456
11
0.4182605905511811
21
0.2861661023622047
0
LINE
8
BLACK
6
CONTINUOUS
10
0.4182605905511811
20
0.2861661023622047
11
0.4197633858267716
21
0.2816576771653543
0
LINE
8
BLACK
6
CONTINUOUS
10
0.4197633858267716
20
0.2816576771653543
11
0.4211452755905511
21
0.2802757874015748
0
LINE
8
BLACK
6
CONTINUOUS
10
0.4211452755905511
20
0.2802757874015748
11
0.4215124803149606
21
0.2798283464566929
0
LINE
8
BLACK
6
CONTINUOUS
10
0.4215124803149606
20
0.2798283464566929
11
0.4219533858267717
21
0.278763937007874
0
LINE
8
BLACK
6
CONTINUOUS
10
0.4219533858267717
20
0.278763937007874
11
0.4219533858267717
21
0.2776118503937008
0
LINE
8
BLACK
6
CONTINUOUS
10
0.4219533858267717
20
0.2776118503937008
11
0.4215124803149606
21
0.2765474409448819
0
LINE
8
BLACK
6
CONTINUOUS
10
0.4215124803149606
20
0.2765474409448819
11
0.4206977952755905
21
0.2757327559055118
0
LINE
8
BLACK
6
CONTINUOUS
10
0.4206977952755905
20
0.2757327559055118
11
0.4196333858267716
21
0.2752918503937008
0
LINE
8
BLACK
6
CONTINUOUS
10
0.4196333858267716
20
0.2752918503937008
11
0.4184812992125984
21
0.2752918503937008
0
LINE
8
BLACK
6
CONTINUOUS
10
0.4184812992125984
20
0.2752918503937008
11
0.4174168897637795
21
0.2757327559055118
0
LINE
8
BLACK
6
CONTINUOUS
10
0.4174168897637795
20
0.2757327559055118
11
0.4169694488188976
21
0.2760999606299213
0
LINE
8
BLACK
6
CONTINUOUS
10
0.4169694488188976
20
0.2760999606299213
11
0.4150946850393701
21
0.2779747244094488
0
LINE
8
BLACK
6
CONTINUOUS
10
0.4150946850393701
20
0.2779747244094488
11
0.4147274803149606
21
0.2784221653543307
0
LINE
8
BLACK
6
CONTINUOUS
10
0.4147274803149606
20
0.2784221653543307
11
0.4146868503937008
21
0.2785202362204725
0
LINE
8
BLACK
6
CONTINUOUS
10
0.4146868503937008
20
0.2785202362204725
11
0.4146173622047244
21
0.2786003543307087
0
LINE
8
BLACK
6
CONTINUOUS
10
0.4146173622047244
20
0.2786003543307087
11
0.4143813779527559
21
0.2791288976377952
0
LINE
8
BLACK
6
CONTINUOUS
10
0.4143813779527559
20
0.2791288976377952
11
0.4125066141732283
21
0.284753188976378
0
LINE
8
BLACK
6
CONTINUOUS
10
0.4125066141732283
20
0.284753188976378
11
0.4124416535433071
21
0.2850387795275591
0
LINE
8
BLACK
6
CONTINUOUS
10
0.4124416535433071
20
0.2850387795275591
11
0.412411811023622
21
0.2851108661417323
0
LINE
8
BLACK
6
CONTINUOUS
10
0.412411811023622
20
0.2851108661417323
11
0.4124014960629921
21
0.2852153937007874
0
LINE
8
BLACK
6
CONTINUOUS
10
0.4124014960629921
20
0.2852153937007874
11
0.4123782677165354
21
0.2853176377952756
0
LINE
8
BLACK
6
CONTINUOUS
10
0.4123782677165354
20
0.2853176377952756
11
0.4123837795275591
21
0.2853953937007874
0
LINE
8
BLACK
6
CONTINUOUS
10
0.4123837795275591
20
0.2853953937007874
11
0.4123550787401575
21
0.2856869291338582
0
LINE
8
BLACK
6
CONTINUOUS
10
0.4123550787401575
20
0.2856869291338582
11
0.4123550787401575
21
0.2894364566929134
0
LINE
8
BLACK
6
CONTINUOUS
10
0.4123550787401575
20
0.2894364566929134
11
0.4123837795275591
21
0.289728031496063
0
LINE
8
BLACK
6
CONTINUOUS
10
0.4123837795275591
20
0.289728031496063
11
0.4123782677165354
21
0.2898057480314961
0
LINE
8
BLACK
6
CONTINUOUS
10
0.4123782677165354
20
0.2898057480314961
11
0.4124014960629921
21
0.289908031496063
0
LINE
8
BLACK
6
CONTINUOUS
10
0.4124014960629921
20
0.289908031496063
11
0.412411811023622
21
0.2900125196850394
0
LINE
8
BLACK
6
CONTINUOUS
10
0.412411811023622
20
0.2900125196850394
11
0.4124416535433071
21
0.2900846456692913
0
LINE
8
BLACK
6
CONTINUOUS
10
0.4124416535433071
20
0.2900846456692913
11
0.4125066141732283
21
0.2903701968503937
0
LINE
8
BLACK
6
CONTINUOUS
10
0.4125066141732283
20
0.2903701968503937
11
0.4143813779527559
21
0.2959944881889764
0
LINE
8
BLACK
6
CONTINUOUS
10
0.4143813779527559
20
0.2959944881889764
11
0.4146173622047244
21
0.296523031496063
0
LINE
8
BLACK
6
CONTINUOUS
10
0.4146173622047244
20
0.296523031496063
11
0.4146868503937008
21
0.2966031889763779
0
LINE
8
BLACK
6
CONTINUOUS
10
0.4146868503937008
20
0.2966031889763779
11
0.4147274803149606
21
0.296701220472441
0
LINE
8
BLACK
6
CONTINUOUS
10
0.4147274803149606
20
0.296701220472441
11
0.4150946850393701
21
0.2971486614173228
0
LINE
8
BLACK
6
CONTINUOUS
10
0.4150946850393701
20
0.2971486614173228
11
0.4188442125984252
21
0.3008981889763779
0
LINE
8
BLACK
6
CONTINUOUS
10
0.4188442125984252
20
0.3008981889763779
11
0.4190705905511811
21
0.3010840551181102
0
LINE
8
BLACK
6
CONTINUOUS
10
0.4190705905511811
20
0.3010840551181102
11
0.4191217322834646
21
0.3011429527559055
0
LINE
8
BLACK
6
CONTINUOUS
10
0.4191217322834646
20
0.3011429527559055
11
0.4192104724409449
21
0.3011988582677165
0
LINE
8
BLACK
6
CONTINUOUS
10
0.4192104724409449
20
0.3011988582677165
11
0.4192916535433071
21
0.3012654330708661
0
LINE
8
BLACK
6
CONTINUOUS
10
0.4192916535433071
20
0.3012654330708661
11
0.419363779527559
21
0.3012953149606299
0
LINE
8
BLACK
6
CONTINUOUS
10
0.419363779527559
20
0.3012953149606299
11
0.4196116141732283
21
0.3014512992125984
0
LINE
8
BLACK
6
CONTINUOUS
10
0.4196116141732283
20
0.3014512992125984
11
0.4233611417322835
21
0.303326062992126
0
LINE
8
BLACK
6
CONTINUOUS
10
0.4233611417322835
20
0.303326062992126
11
0.4234032283464567
21
0.3033422047244094
0
LINE
8
BLACK
6
CONTINUOUS
10
0.4234032283464567
20
0.3033422047244094
11
0.4234203937007874
21
0.3033548818897638
0
LINE
8
BLACK
6
CONTINUOUS
10
0.4234203937007874
20
0.3033548818897638
11
0.423661968503937
21
0.3034412204724409
0
LINE
8
BLACK
6
CONTINUOUS
10
0.423661968503937
20
0.3034412204724409
11
0.4239017322834646
21
0.3035329527559055
0
LINE
8
BLACK
6
CONTINUOUS
10
0.4239017322834646
20
0.3035329527559055
11
0.4239229921259842
21
0.3035344881889764
0
LINE
8
BLACK
6
CONTINUOUS
10
0.4239229921259842
20
0.3035344881889764
11
0.4239655118110236
21
0.3035496456692913
0
LINE
8
BLACK
6
CONTINUOUS
10
0.4239655118110236
20
0.3035496456692913
11
0.4314645669291339
21
0.3054244094488189
0
LINE
8
BLACK
6
CONTINUOUS
10
0.4314645669291339
20
0.3054244094488189
11
0.4315644094488189
21
0.3054392125984252
0
LINE
8
BLACK
6
CONTINUOUS
10
0.4315644094488189
20
0.3054392125984252
11
0.4316046456692914
21
0.3054558267716536
0
LINE
8
BLACK
6
CONTINUOUS
10
0.4316046456692914
20
0.3054558267716536
11
0.4318216535433071
21
0.3054772047244094
0
LINE
8
BLACK
6
CONTINUOUS
10
0.4318216535433071
20
0.3054772047244094
11
0.4320371653543307
21
0.3055090551181102
0
LINE
8
BLACK
6
CONTINUOUS
10
0.4320371653543307
20
0.3055090551181102
11
0.432080157480315
21
0.3055026771653543
0
LINE
8
BLACK
6
CONTINUOUS
10
0.432080157480315
20
0.3055026771653543
11
0.4321807086614173
21
0.3055125590551181
0
LINE
8
BLACK
6
CONTINUOUS
10
0.4321807086614173
20
0.3055125590551181
11
0.437805
21
0.3055125590551181
0
LINE
8
BLACK
6
CONTINUOUS
10
0.437805
20
0.3055125590551181
11
0.4379055118110236
21
0.3055026771653543
0
LINE
8
BLACK
6
CONTINUOUS
10
0.6684823228346457
20
0.3219548818897638
11
0.6695467322834645
21
0.3215139763779528
0
LINE
8
BLACK
6
CONTINUOUS
10
0.6695467322834645
20
0.3215139763779528
11
0.6703613779527559
21
0.3206993307086614
0
LINE
8
BLACK
6
CONTINUOUS
10
0.6703613779527559
20
0.3206993307086614
11
0.6708022834645669
21
0.3196349212598425
0
LINE
8
BLACK
6
CONTINUOUS
10
0.6708022834645669
20
0.3196349212598425
11
0.6708022834645669
21
0.3184827952755905
0
LINE
8
BLACK
6
CONTINUOUS
10
0.6708022834645669
20
0.3184827952755905
11
0.6703613779527559
21
0.3174183858267716
0
LINE
8
BLACK
6
CONTINUOUS
10
0.6703613779527559
20
0.3174183858267716
11
0.6695467322834645
21
0.3166037401574803
0
LINE
8
BLACK
6
CONTINUOUS
10
0.6695467322834645
20
0.3166037401574803
11
0.6684823228346457
21
0.3161628346456693
0
LINE
8
BLACK
6
CONTINUOUS
10
0.6684823228346457
20
0.3161628346456693
11
0.6679062598425197
21
0.3161061023622047
0
LINE
8
BLACK
6
CONTINUOUS
10
0.6679062598425197
20
0.3161061023622047
11
0.6521113385826771
21
0.3161061023622047
0
LINE
8
BLACK
6
CONTINUOUS
10
0.6521113385826771
20
0.3161061023622047
11
0.6521113385826771
21
0.3112224409448819
0
LINE
8
BLACK
6
CONTINUOUS
10
0.6521113385826771
20
0.3112224409448819
11
0.6695995669291338
21
0.2989806692913386
0
LINE
8
BLACK
6
CONTINUOUS
10
0.6695995669291338
20
0.2989806692913386
11
0.670038937007874
21
0.2986038582677165
0
LINE
8
BLACK
6
CONTINUOUS
10
0.670038937007874
20
0.2986038582677165
11
0.6706581102362205
21
0.2976322440944882
0
LINE
8
BLACK
6
CONTINUOUS
10
0.6706581102362205
20
0.2976322440944882
11
0.6708583464566928
21
0.2964977165354331
0
LINE
8
BLACK
6
CONTINUOUS
10
0.6708583464566928
20
0.2964977165354331
11
0.6706091338582677
21
0.295372874015748
0
LINE
8
BLACK
6
CONTINUOUS
10
0.6706091338582677
20
0.295372874015748
11
0.6699484251968504
21
0.2944290157480315
0
LINE
8
BLACK
6
CONTINUOUS
10
0.6699484251968504
20
0.2944290157480315
11
0.6689768503937008
21
0.293809842519685
0
LINE
8
BLACK
6
CONTINUOUS
10
0.6689768503937008
20
0.293809842519685
11
0.6678422834645669
21
0.2936096456692913
0
LINE
8
BLACK
6
CONTINUOUS
10
0.6678422834645669
20
0.2936096456692913
11
0.6667174409448818
21
0.2938588188976378
0
LINE
8
BLACK
6
CONTINUOUS
10
0.6667174409448818
20
0.2938588188976378
11
0.6662129921259843
21
0.2941426771653543
0
LINE
8
BLACK
6
CONTINUOUS
10
0.6662129921259843
20
0.2941426771653543
11
0.6521070078740158
21
0.3040168503937008
0
LINE
8
BLACK
6
CONTINUOUS
10
0.6521070078740158
20
0.3040168503937008
11
0.6520546062992126
21
0.3034846850393701
0
LINE
8
BLACK
6
CONTINUOUS
10
0.6520546062992126
20
0.3034846850393701
11
0.6520140157480315
21
0.3033867322834646
0
LINE
8
BLACK
6
CONTINUOUS
10
0.6520140157480315
20
0.3033867322834646
11
0.6520064960629921
21
0.3032808267716535
0
LINE
8
BLACK
6
CONTINUOUS
10
0.6520064960629921
20
0.3032808267716535
11
0.6517996062992126
21
0.3027402362204724
0
LINE
8
BLACK
6
CONTINUOUS
10
0.6517996062992126
20
0.3027402362204724
11
0.6499248425196851
21
0.2989907086614173
0
LINE
8
BLACK
6
CONTINUOUS
10
0.6499248425196851
20
0.2989907086614173
11
0.6497687401574803
21
0.2987427165354331
0
LINE
8
BLACK
6
CONTINUOUS
10
0.6497687401574803
20
0.2987427165354331
11
0.649738937007874
21
0.2986707480314961
0
LINE
8
BLACK
6
CONTINUOUS
10
0.649738937007874
20
0.2986707480314961
11
0.6496724409448819
21
0.2985898031496063
0
LINE
8
BLACK
6
CONTINUOUS
10
0.6496724409448819
20
0.2985898031496063
11
0.6496164960629921
21
0.2985008267716535
0
LINE
8
BLACK
6
CONTINUOUS
10
0.6496164960629921
20
0.2985008267716535
11
0.6495574803149606
21
0.2984496850393701
0
LINE
8
BLACK
6
CONTINUOUS
10
0.6495574803149606
20
0.2984496850393701
11
0.6493717322834646
21
0.2982233070866142
0
LINE
8
BLACK
6
CONTINUOUS
10
0.6493717322834646
20
0.2982233070866142
11
0.647496968503937
21
0.2963485433070866
0
LINE
8
BLACK
6
CONTINUOUS
10
0.647496968503937
20
0.2963485433070866
11
0.6472705905511811
21
0.2961627952755905
0
LINE
8
BLACK
6
CONTINUOUS
10
0.6472705905511811
20
0.2961627952755905
11
0.6472194488188976
21
0.2961037795275591
0
LINE
8
BLACK
6
CONTINUOUS
10
0.6472194488188976
20
0.2961037795275591
11
0.6471304724409449
21
0.2960478346456693
0
LINE
8
BLACK
6
CONTINUOUS
10
0.6471304724409449
20
0.2960478346456693
11
0.6470495275590551
21
0.2959813385826772
0
LINE
8
BLACK
6
CONTINUOUS
10
0.6470495275590551
20
0.2959813385826772
11
0.6469775590551181
21
0.2959515354330708
0
LINE
8
BLACK
6
CONTINUOUS
10
0.6469775590551181
20
0.2959515354330708
11
0.6467295669291339
21
0.2957954330708661
0
LINE
8
BLACK
6
CONTINUOUS
10
0.6467295669291339
20
0.2957954330708661
11
0.6429800393700787
21
0.2939206692913386
0
LINE
8
BLACK
6
CONTINUOUS
10
0.6429800393700787
20
0.2939206692913386
11
0.6424394094488188
21
0.2937137795275591
0
LINE
8
BLACK
6
CONTINUOUS
10
0.6424394094488188
20
0.2937137795275591
11
0.6423335826771653
21
0.2937062992125984
0
LINE
8
BLACK
6
CONTINUOUS
10
0.6423335826771653
20
0.2937062992125984
11
0.6422355905511811
21
0.2936656692913386
0
LINE
8
BLACK
6
CONTINUOUS
10
0.6422355905511811
20
0.2936656692913386
11
0.6416595275590551
21
0.293608937007874
0
LINE
8
BLACK
6
CONTINUOUS
10
0.6416595275590551
20
0.293608937007874
11
0.6360352362204724
21
0.293608937007874
0
LINE
8
BLACK
6
CONTINUOUS
10
0.6360352362204724
20
0.293608937007874
11
0.6354591732283464
21
0.2936656692913386
0
LINE
8
BLACK
6
CONTINUOUS
10
0.6354591732283464
20
0.2936656692913386
11
0.6353611811023622
21
0.2937062598425197
0
LINE
8
BLACK
6
CONTINUOUS
10
0.6353611811023622
20
0.2937062598425197
11
0.6352553149606299
21
0.2937137795275591
0
LINE
8
BLACK
6
CONTINUOUS
10
0.6352553149606299
20
0.2937137795275591
11
0.6347147244094488
21
0.2939206692913386
0
LINE
8
BLACK
6
CONTINUOUS
10
0.6347147244094488
20
0.2939206692913386
11
0.6309651968503937
21
0.2957954330708661
0
LINE
8
BLACK
6
CONTINUOUS
10
0.6309651968503937
20
0.2957954330708661
11
0.6307171653543306
21
0.2959515354330708
0
LINE
8
BLACK
6
CONTINUOUS
10
0.6307171653543306
20
0.2959515354330708
11
0.6306452362204724
21
0.2959813385826772
0
LINE
8
BLACK
6
CONTINUOUS
10
0.6306452362204724
20
0.2959813385826772
11
0.630564251968504
21
0.2960478346456693
0
LINE
8
BLACK
6
CONTINUOUS
10
0.630564251968504
20
0.2960478346456693
11
0.6304753149606299
21
0.2961037795275591
0
LINE
8
BLACK
6
CONTINUOUS
10
0.6304753149606299
20
0.2961037795275591
11
0.6304241338582677
21
0.2961627952755905
0
LINE
8
BLACK
6
CONTINUOUS
10
0.6304241338582677
20
0.2961627952755905
11
0.6301977952755905
21
0.2963485433070866
0
LINE
8
BLACK
6
CONTINUOUS
10
0.6301977952755905
20
0.2963485433070866
11
0.6283230314960629
21
0.2982233070866142
0
LINE
8
BLACK
6
CONTINUOUS
10
0.6283230314960629
20
0.2982233070866142
11
0.6281372440944881
21
0.2984496850393701
0
LINE
8
BLACK
6
CONTINUOUS
10
0.6281372440944881
20
0.2984496850393701
11
0.6280782677165354
21
0.2985008267716535
0
LINE
8
BLACK
6
CONTINUOUS
10
0.6280782677165354
20
0.2985008267716535
11
0.6280222834645669
21
0.2985898031496063
0
LINE
8
BLACK
6
CONTINUOUS
10
0.6280222834645669
20
0.2985898031496063
11
0.6279558267716535
21
0.2986707480314961
0
LINE
8
BLACK
6
CONTINUOUS
10
0.6279558267716535
20
0.2986707480314961
11
0.6279259842519684
21
0.2987427165354331
0
LINE
8
BLACK
6
CONTINUOUS
10
0.6279259842519684
20
0.2987427165354331
11
0.6277699212598425
21
0.2989907086614173
0
LINE
8
BLACK
6
CONTINUOUS
10
0.6277699212598425
20
0.2989907086614173
11
0.625895157480315
21
0.3027402362204724
0
LINE
8
BLACK
6
CONTINUOUS
10
0.625895157480315
20
0.3027402362204724
11
0.6256882677165354
21
0.3032808661417323
0
LINE
8
BLACK
6
CONTINUOUS
10
0.6256882677165354
20
0.3032808661417323
11
0.6256807480314961
21
0.3033866929133858
0
LINE
8
BLACK
6
CONTINUOUS
10
0.6256807480314961
20
0.3033866929133858
11
0.625640157480315
21
0.3034846850393701
0
LINE
8
BLACK
6
CONTINUOUS
10
0.625640157480315
20
0.3034846850393701
11
0.6255834251968504
21
0.3040607480314961
0
LINE
8
BLACK
6
CONTINUOUS
10
0.6255834251968504
20
0.3040607480314961
11
0.6255834251968504
21
0.3190588582677165
0
LINE
8
BLACK
6
CONTINUOUS
10
0.6255834251968504
20
0.3190588582677165
11
0.625640157480315
21
0.3196349212598425
0
LINE
8
BLACK
6
CONTINUOUS
10
0.625640157480315
20
0.3196349212598425
11
0.626081062992126
21
0.3206993307086614
0
LINE
8
BLACK
6
CONTINUOUS
10
0.626081062992126
20
0.3206993307086614
11
0.6268957086614173
21
0.3215139763779528
0
LINE
8
BLACK
6
CONTINUOUS
10
0.6268957086614173
20
0.3215139763779528
11
0.6279601181102362
21
0.3219548818897638
0
LINE
8
BLACK
6
CONTINUOUS
10
0.6279601181102362
20
0.3219548818897638
11
0.6285361811023622
21
0.3220116141732283
0
LINE
8
BLACK
6
CONTINUOUS
10
0.6285361811023622
20
0.3220116141732283
11
0.6679062598425197
21
0.3220116141732283
0
LINE
8
BLACK
6
CONTINUOUS
10
0.6679062598425197
20
0.3220116141732283
11
0.6684823228346457
21
0.3219548818897638
0
LINE
8
BLACK
6
CONTINUOUS
10
0.631488937007874
20
0.3047577952755905
11
0.6328376771653543
21
0.3020603149606299
0
LINE
8
BLACK
6
CONTINUOUS
10
0.6328376771653543
20
0.3020603149606299
11
0.6340348031496063
21
0.3008631889763779
0
LINE
8
BLACK
6
CONTINUOUS
10
0.6340348031496063
20
0.3008631889763779
11
0.6367322834645669
21
0.2995144488188976
0
LINE
8
BLACK
6
CONTINUOUS
10
0.6367322834645669
20
0.2995144488188976
11
0.6409624803149606
21
0.2995144488188976
0
LINE
8
BLACK
6
CONTINUOUS
10
0.6409624803149606
20
0.2995144488188976
11
0.6436599606299213
21
0.3008631889763779
0
LINE
8
BLACK
6
CONTINUOUS
10
0.6436599606299213
20
0.3008631889763779
11
0.6448570866141732
21
0.3020603149606299
0
LINE
8
BLACK
6
CONTINUOUS
10
0.6448570866141732
20
0.3020603149606299
11
0.6462058267716535
21
0.3047577952755905
0
LINE
8
BLACK
6
CONTINUOUS
10
0.6462058267716535
20
0.3047577952755905
11
0.6462058267716535
21
0.3161061023622047
0
LINE
8
BLACK
6
CONTINUOUS
10
0.6462058267716535
20
0.3161061023622047
11
0.631488937007874
21
0.3161061023622047
0
LINE
8
BLACK
6
CONTINUOUS
10
0.631488937007874
20
0.3161061023622047
11
0.631488937007874
21
0.3047577952755905
0
LINE
8
BLACK
6
CONTINUOUS
10
0.4552539763779527
20
0.3223287007874016
11
0.4563183858267716
21
0.3218877952755905
0
LINE
8
BLACK
6
CONTINUOUS
10
0.4563183858267716
20
0.3218877952755905
11
0.457133031496063
21
0.3210731496062992
0
LINE
8
BLACK
6
CONTINUOUS
10
0.457133031496063
20
0.3210731496062992
11
0.457573937007874
21
0.3200087401574803
0
LINE
8
BLACK
6
CONTINUOUS
10
0.457573937007874
20
0.3200087401574803
11
0.457573937007874
21
0.3188566141732284
0
LINE
8
BLACK
6
CONTINUOUS
10
0.457573937007874
20
0.3188566141732284
11
0.457133031496063
21
0.3177922047244094
0
LINE
8
BLACK
6
CONTINUOUS
10
0.457133031496063
20
0.3177922047244094
11
0.4563183858267716
21
0.3169775590551181
0
LINE
8
BLACK
6
CONTINUOUS
10
0.4563183858267716
20
0.3169775590551181
11
0.4552539763779527
21
0.3165366535433071
0
LINE
8
BLACK
6
CONTINUOUS
10
0.4552539763779527
20
0.3165366535433071
11
0.4546779133858267
21
0.3164799212598425
0
LINE
8
BLACK
6
CONTINUOUS
10
0.4546779133858267
20
0.3164799212598425
11
0.4153078346456693
21
0.3164799212598425
0
LINE
8
BLACK
6
CONTINUOUS
10
0.4153078346456693
20
0.3164799212598425
11
0.4147317716535433
21
0.3165366535433071
0
LINE
8
BLACK
6
CONTINUOUS
10
0.4147317716535433
20
0.3165366535433071
11
0.4136673622047244
21
0.3169775590551181
0
LINE
8
BLACK
6
CONTINUOUS
10
0.4136673622047244
20
0.3169775590551181
11
0.412852716535433
21
0.3177922047244094
0
LINE
8
BLACK
6
CONTINUOUS
10
0.412852716535433
20
0.3177922047244094
11
0.412411811023622
21
0.3188566141732284
0
LINE
8
BLACK
6
CONTINUOUS
10
0.412411811023622
20
0.3188566141732284
11
0.412411811023622
21
0.3200087401574803
0
LINE
8
BLACK
6
CONTINUOUS
10
0.412411811023622
20
0.3200087401574803
11
0.412852716535433
21
0.3210731496062992
0
LINE
8
BLACK
6
CONTINUOUS
10
0.412852716535433
20
0.3210731496062992
11
0.4136673622047244
21
0.3218877952755905
0
LINE
8
BLACK
6
CONTINUOUS
10
0.4136673622047244
20
0.3218877952755905
11
0.4147317716535433
21
0.3223287007874016
0
LINE
8
BLACK
6
CONTINUOUS
10
0.4147317716535433
20
0.3223287007874016
11
0.4153078346456693
21
0.3223854330708661
0
LINE
8
BLACK
6
CONTINUOUS
10
0.4153078346456693
20
0.3223854330708661
11
0.4546779133858267
21
0.3223854330708661
0
LINE
8
BLACK
6
CONTINUOUS
10
0.4546779133858267
20
0.3223854330708661
11
0.4552539763779527
21
0.3223287007874016
0
LINE
8
BLACK
6
CONTINUOUS
10
0.2750143307086614
20
0.399359842519685
11
0.2760787401574803
21
0.398918937007874
0
LINE
8
BLACK
6
CONTINUOUS
10
0.2760787401574803
20
0.398918937007874
11
0.2768933858267716
21
0.3981042913385827
0
LINE
8
BLACK
6
CONTINUOUS
10
0.2768933858267716
20
0.3981042913385827
11
0.2773342913385827
21
0.3970398818897637
0
LINE
8
BLACK
6
CONTINUOUS
10
0.2773342913385827
20
0.3970398818897637
11
0.2773342913385827
21
0.3958877559055118
0
LINE
8
BLACK
6
CONTINUOUS
10
0.2773342913385827
20
0.3958877559055118
11
0.2768933858267716
21
0.3948233464566929
0
LINE
8
BLACK
6
CONTINUOUS
10
0.2768933858267716
20
0.3948233464566929
11
0.2760787401574803
21
0.3940087007874016
0
LINE
8
BLACK
6
CONTINUOUS
10
0.2760787401574803
20
0.3940087007874016
11
0.2750143307086614
21
0.3935677952755905
0
LINE
8
BLACK
6
CONTINUOUS
10
0.2750143307086614
20
0.3935677952755905
11
0.2744382677165354
21
0.393511062992126
0
LINE
8
BLACK
6
CONTINUOUS
10
0.2744382677165354
20
0.393511062992126
11
0.2565735039370078
21
0.393511062992126
0
LINE
8
BLACK
6
CONTINUOUS
10
0.2565735039370078
20
0.393511062992126
11
0.2654118503937008
21
0.3834101181102362
0
LINE
8
BLACK
6
CONTINUOUS
10
0.2654118503937008
20
0.3834101181102362
11
0.265589842519685
21
0.3831611417322834
0
LINE
8
BLACK
6
CONTINUOUS
10
0.265589842519685
20
0.3831611417322834
11
0.2656448031496063
21
0.3831061811023622
0
LINE
8
BLACK
6
CONTINUOUS
10
0.2656448031496063
20
0.3831061811023622
11
0.2656663779527559
21
0.3830540944881889
0
LINE
8
BLACK
6
CONTINUOUS
10
0.2656663779527559
20
0.3830540944881889
11
0.2657485039370079
21
0.3829392125984252
0
LINE
8
BLACK
6
CONTINUOUS
10
0.2657485039370079
20
0.3829392125984252
11
0.2659020866141732
21
0.382485
0
LINE
8
BLACK
6
CONTINUOUS
10
0.2659020866141732
20
0.382485
11
0.2660857086614173
21
0.3820417716535433
0
LINE
8
BLACK
6
CONTINUOUS
10
0.2660857086614173
20
0.3820417716535433
11
0.2660857086614173
21
0.3819421653543307
0
LINE
8
BLACK
6
CONTINUOUS
10
0.2660857086614173
20
0.3819421653543307
11
0.2661175984251968
21
0.3818478346456693
0
LINE
8
BLACK
6
CONTINUOUS
10
0.2661175984251968
20
0.3818478346456693
11
0.2660857086614173
21
0.3813693700787402
0
LINE
8
BLACK
6
CONTINUOUS
10
0.2660857086614173
20
0.3813693700787402
11
0.2660857086614173
21
0.3808896456692913
0
LINE
8
BLACK
6
CONTINUOUS
10
0.2660857086614173
20
0.3808896456692913
11
0.2660475984251968
21
0.3807976771653543
0
LINE
8
BLACK
6
CONTINUOUS
10
0.2660475984251968
20
0.3807976771653543
11
0.2660409842519685
21
0.3806983070866142
0
LINE
8
BLACK
6
CONTINUOUS
10
0.2660409842519685
20
0.3806983070866142
11
0.2658282677165354
21
0.3802681889763779
0
LINE
8
BLACK
6
CONTINUOUS
10
0.2658282677165354
20
0.3802681889763779
11
0.2656448031496063
21
0.3798252362204724
0
LINE
8
BLACK
6
CONTINUOUS
10
0.2656448031496063
20
0.3798252362204724
11
0.2655744488188976
21
0.3797549212598425
0
LINE
8
BLACK
6
CONTINUOUS
10
0.2655744488188976
20
0.3797549212598425
11
0.2655302755905512
21
0.3796655511811023
0
LINE
8
BLACK
6
CONTINUOUS
10
0.2655302755905512
20
0.3796655511811023
11
0.2651691338582677
21
0.3793496062992126
0
LINE
8
BLACK
6
CONTINUOUS
10
0.2651691338582677
20
0.3793496062992126
11
0.264830157480315
21
0.3790105905511811
0
LINE
8
BLACK
6
CONTINUOUS
10
0.264830157480315
20
0.3790105905511811
11
0.2647381496062992
21
0.3789724803149606
0
LINE
8
BLACK
6
CONTINUOUS
10
0.2647381496062992
20
0.3789724803149606
11
0.264663188976378
21
0.3789068897637795
0
LINE
8
BLACK
6
CONTINUOUS
10
0.264663188976378
20
0.3789068897637795
11
0.264208937007874
21
0.3787533070866141
0
LINE
8
BLACK
6
CONTINUOUS
10
0.264208937007874
20
0.3787533070866141
11
0.2637657480314961
21
0.3785696850393701
0
LINE
8
BLACK
6
CONTINUOUS
10
0.2637657480314961
20
0.3785696850393701
11
0.263625157480315
21
0.3785558661417323
0
LINE
8
BLACK
6
CONTINUOUS
10
0.263625157480315
20
0.3785558661417323
11
0.263571811023622
21
0.3785377952755906
0
LINE
8
BLACK
6
CONTINUOUS
10
0.263571811023622
20
0.3785377952755906
11
0.2634943307086614
21
0.3785429921259842
0
LINE
8
BLACK
6
CONTINUOUS
10
0.2634943307086614
20
0.3785429921259842
11
0.2631896850393701
21
0.3785129527559055
0
LINE
8
BLACK
6
CONTINUOUS
10
0.2631896850393701
20
0.3785129527559055
11
0.2582624409448819
21
0.3785129527559055
0
LINE
8
BLACK
6
CONTINUOUS
10
0.2582624409448819
20
0.3785129527559055
11
0.2555649606299212
21
0.3771642125984252
0
LINE
8
BLACK
6
CONTINUOUS
10
0.2555649606299212
20
0.3771642125984252
11
0.2543678346456693
21
0.3759670866141732
0
LINE
8
BLACK
6
CONTINUOUS
10
0.2543678346456693
20
0.3759670866141732
11
0.253019094488189
21
0.3732696062992126
0
LINE
8
BLACK
6
CONTINUOUS
10
0.253019094488189
20
0.3732696062992126
11
0.253019094488189
21
0.3652898818897637
0
LINE
8
BLACK
6
CONTINUOUS
10
0.253019094488189
20
0.3652898818897637
11
0.2543678346456693
21
0.3625924015748032
0
LINE
8
BLACK
6
CONTINUOUS
10
0.2543678346456693
20
0.3625924015748032
11
0.2555649606299212
21
0.3613952362204724
0
LINE
8
BLACK
6
CONTINUOUS
10
0.2555649606299212
20
0.3613952362204724
11
0.2582624409448819
21
0.3600464960629921
0
LINE
8
BLACK
6
CONTINUOUS
10
0.2582624409448819
20
0.3600464960629921
11
0.2681169291338583
21
0.3600464960629921
0
LINE
8
BLACK
6
CONTINUOUS
10
0.2681169291338583
20
0.3600464960629921
11
0.2708143700787402
21
0.3613952362204724
0
LINE
8
BLACK
6
CONTINUOUS
10
0.2708143700787402
20
0.3613952362204724
11
0.2723503149606299
21
0.3629311811023622
0
LINE
8
BLACK
6
CONTINUOUS
10
0.2723503149606299
20
0.3629311811023622
11
0.2727977952755906
21
0.3632984251968504
0
LINE
8
BLACK
6
CONTINUOUS
10
0.2727977952755906
20
0.3632984251968504
11
0.2738622047244094
21
0.3637393307086614
0
LINE
8
BLACK
6
CONTINUOUS
10
0.2738622047244094
20
0.3637393307086614
11
0.2750142913385827
21
0.3637393307086614
0
LINE
8
BLACK
6
CONTINUOUS
10
0.2750142913385827
20
0.3637393307086614
11
0.2760787007874015
21
0.3632984645669291
0
LINE
8
BLACK
6
CONTINUOUS
10
0.2760787007874015
20
0.3632984645669291
11
0.2768933858267716
21
0.3624837795275591
0
LINE
8
BLACK
6
CONTINUOUS
10
0.2768933858267716
20
0.3624837795275591
11
0.2773342913385827
21
0.3614193700787401
0
LINE
8
BLACK
6
CONTINUOUS
10
0.2773342913385827
20
0.3614193700787401
11
0.2773342913385827
21
0.3602672834645669
0
LINE
8
BLACK
6
CONTINUOUS
10
0.2773342913385827
20
0.3602672834645669
11
0.2768934251968504
21
0.359202874015748
0
LINE
8
BLACK
6
CONTINUOUS
10
0.2768934251968504
20
0.359202874015748
11
0.2765261811023622
21
0.3587553937007874
0
LINE
8
BLACK
6
CONTINUOUS
10
0.2765261811023622
20
0.3587553937007874
11
0.2746514566929134
21
0.3568806299212599
0
LINE
8
BLACK
6
CONTINUOUS
10
0.2746514566929134
20
0.3568806299212599
11
0.2744250787401575
21
0.3566948818897638
0
LINE
8
BLACK
6
CONTINUOUS
10
0.2744250787401575
20
0.3566948818897638
11
0.2743738976377953
21
0.3566358267716535
0
LINE
8
BLACK
6
CONTINUOUS
10
0.2743738976377953
20
0.3566358267716535
11
0.2742849212598425
21
0.3565798425196851
0
LINE
8
BLACK
6
CONTINUOUS
10
0.2742849212598425
20
0.3565798425196851
11
0.2742039763779527
21
0.3565133858267717
0
LINE
8
BLACK
6
CONTINUOUS
10
0.2742039763779527
20
0.3565133858267717
11
0.2741320078740158
21
0.3564835826771653
0
LINE
8
BLACK
6
CONTINUOUS
10
0.2741320078740158
20
0.3564835826771653
11
0.2738840157480315
21
0.3563274803149606
0
LINE
8
BLACK
6
CONTINUOUS
10
0.2738840157480315
20
0.3563274803149606
11
0.2701344881889764
21
0.3544527165354331
0
LINE
8
BLACK
6
CONTINUOUS
10
0.2701344881889764
20
0.3544527165354331
11
0.2695938582677165
21
0.3542458267716536
0
LINE
8
BLACK
6
CONTINUOUS
10
0.2695938582677165
20
0.3542458267716536
11
0.269488031496063
21
0.3542383464566929
0
LINE
8
BLACK
6
CONTINUOUS
10
0.269488031496063
20
0.3542383464566929
11
0.2693900393700787
21
0.3541977165354331
0
LINE
8
BLACK
6
CONTINUOUS
10
0.2693900393700787
20
0.3541977165354331
11
0.2688139763779527
21
0.3541409842519685
0
LINE
8
BLACK
6
CONTINUOUS
10
0.2688139763779527
20
0.3541409842519685
11
0.2575653937007874
21
0.3541409842519685
0
LINE
8
BLACK
6
CONTINUOUS
10
0.2575653937007874
20
0.3541409842519685
11
0.2569893307086614
21
0.3541977165354331
0
LINE
8
BLACK
6
CONTINUOUS
10
0.2569893307086614
20
0.3541977165354331
11
0.2568913385826772
21
0.3542383070866142
0
LINE
8
BLACK
6
CONTINUOUS
10
0.2568913385826772
20
0.3542383070866142
11
0.2567854724409449
21
0.3542458267716536
0
LINE
8
BLACK
6
CONTINUOUS
10
0.2567854724409449
20
0.3542458267716536
11
0.2562448818897638
21
0.3544527165354331
0
LINE
8
BLACK
6
CONTINUOUS
10
0.2562448818897638
20
0.3544527165354331
11
0.2524953543307086
21
0.3563274803149606
0
LINE
8
BLACK
6
CONTINUOUS
10
0.2524953543307086
20
0.3563274803149606
11
0.2522473228346457
21
0.3564835826771653
0
LINE
8
BLACK
6
CONTINUOUS
10
0.2522473228346457
20
0.3564835826771653
11
0.2521753937007874
21
0.3565133858267717
0
LINE
8
BLACK
6
CONTINUOUS
10
0.2521753937007874
20
0.3565133858267717
11
0.2520944094488189
21
0.3565798425196851
0
LINE
8
BLACK
6
CONTINUOUS
10
0.2520944094488189
20
0.3565798425196851
11
0.2520054724409449
21
0.3566358267716535
0
LINE
8
BLACK
6
CONTINUOUS
10
0.2520054724409449
20
0.3566358267716535
11
0.2519542519685039
21
0.3566948818897638
0
LINE
8
BLACK
6
CONTINUOUS
10
0.2519542519685039
20
0.3566948818897638
11
0.2517279133858268
21
0.3568806299212599
0
LINE
8
BLACK
6
CONTINUOUS
10
0.2517279133858268
20
0.3568806299212599
11
0.2498531496062992
21
0.3587554330708662
0
LINE
8
BLACK
6
CONTINUOUS
10
0.2498531496062992
20
0.3587554330708662
11
0.2496674015748031
21
0.3589817716535433
0
LINE
8
BLACK
6
CONTINUOUS
10
0.2496674015748031
20
0.3589817716535433
11
0.2496084251968504
21
0.3590329133858268
0
LINE
8
BLACK
6
CONTINUOUS
10
0.2496084251968504
20
0.3590329133858268
11
0.2495524409448819
21
0.3591218503937008
0
LINE
8
BLACK
6
CONTINUOUS
10
0.2495524409448819
20
0.3591218503937008
11
0.2494859448818898
21
0.359202874015748
0
LINE
8
BLACK
6
CONTINUOUS
10
0.2494859448818898
20
0.359202874015748
11
0.2494561023622047
21
0.3592749212598425
0
LINE
8
BLACK
6
CONTINUOUS
10
0.2494561023622047
20
0.3592749212598425
11
0.2493000787401575
21
0.3595227952755906
0
LINE
8
BLACK
6
CONTINUOUS
10
0.2493000787401575
20
0.3595227952755906
11
0.2474253149606299
21
0.3632723228346457
0
LINE
8
BLACK
6
CONTINUOUS
10
0.2474253149606299
20
0.3632723228346457
11
0.2472184251968504
21
0.3638129527559055
0
LINE
8
BLACK
6
CONTINUOUS
10
0.2472184251968504
20
0.3638129527559055
11
0.247210905511811
21
0.363918779527559
0
LINE
8
BLACK
6
CONTINUOUS
10
0.247210905511811
20
0.363918779527559
11
0.2471703149606299
21
0.3640167716535433
0
LINE
8
BLACK
6
CONTINUOUS
10
0.2471703149606299
20
0.3640167716535433
11
0.2471135826771653
21
0.3645928346456693
0
LINE
8
BLACK
6
CONTINUOUS
10
0.2471135826771653
20
0.3645928346456693
11
0.2471135826771653
21
0.3739666535433071
0
LINE
8
BLACK
6
CONTINUOUS
10
0.2471135826771653
20
0.3739666535433071
11
0.2471703149606299
21
0.3745427165354331
0
LINE
8
BLACK
6
CONTINUOUS
10
0.2471703149606299
20
0.3745427165354331
11
0.247210905511811
21
0.3746407480314961
0
LINE
8
BLACK
6
CONTINUOUS
10
0.247210905511811
20
0.3746407480314961
11
0.2472184251968504
21
0.3747465354330708
0
LINE
8
BLACK
6
CONTINUOUS
10
0.2472184251968504
20
0.3747465354330708
11
0.2474253149606299
21
0.3752871653543307
0
LINE
8
BLACK
6
CONTINUOUS
10
0.2474253149606299
20
0.3752871653543307
11
0.2493000787401575
21
0.3790366929133858
0
LINE
8
BLACK
6
CONTINUOUS
10
0.2493000787401575
20
0.3790366929133858
11
0.2494561417322834
21
0.3792847244094488
0
LINE
8
BLACK
6
CONTINUOUS
10
0.2494561417322834
20
0.3792847244094488
11
0.2494859842519685
21
0.3793566535433071
0
LINE
8
BLACK
6
CONTINUOUS
10
0.2494859842519685
20
0.3793566535433071
11
0.2495524409448819
21
0.3794376377952756
0
LINE
8
BLACK
6
CONTINUOUS
10
0.2495524409448819
20
0.3794376377952756
11
0.2496084251968504
21
0.3795265748031496
0
LINE
8
BLACK
6
CONTINUOUS
10
0.2496084251968504
20
0.3795265748031496
11
0.2496674015748031
21
0.3795777559055118
0
LINE
8
BLACK
6
CONTINUOUS
10
0.2496674015748031
20
0.3795777559055118
11
0.249853188976378
21
0.379804094488189
0
LINE
8
BLACK
6
CONTINUOUS
10
0.249853188976378
20
0.379804094488189
11
0.2517279527559055
21
0.3816788582677165
0
LINE
8
BLACK
6
CONTINUOUS
10
0.2517279527559055
20
0.3816788582677165
11
0.2519542913385827
21
0.3818646456692913
0
LINE
8
BLACK
6
CONTINUOUS
10
0.2519542913385827
20
0.3818646456692913
11
0.2520054724409449
21
0.3819236220472441
0
LINE
8
BLACK
6
CONTINUOUS
10
0.2520054724409449
20
0.3819236220472441
11
0.2520944094488189
21
0.3819796062992126
0
LINE
8
BLACK
6
CONTINUOUS
10
0.2520944094488189
20
0.3819796062992126
11
0.2521753937007874
21
0.382046062992126
0
LINE
8
BLACK
6
CONTINUOUS
10
0.2521753937007874
20
0.382046062992126
11
0.2522473228346457
21
0.382075905511811
0
LINE
8
BLACK
6
CONTINUOUS
10
0.2522473228346457
20
0.382075905511811
11
0.2524953543307086
21
0.382231968503937
0
LINE
8
BLACK
6
CONTINUOUS
10
0.2524953543307086
20
0.382231968503937
11
0.2562448818897638
21
0.3841067322834645
0
LINE
8
BLACK
6
CONTINUOUS
10
0.2562448818897638
20
0.3841067322834645
11
0.2567770472440945
21
0.3843104330708662
0
LINE
8
BLACK
6
CONTINUOUS
10
0.2567770472440945
20
0.3843104330708662
11
0.2478441732283465
21
0.3945194094488189
0
LINE
8
BLACK
6
CONTINUOUS
10
0.2478441732283465
20
0.3945194094488189
11
0.2476661417322835
21
0.3947684251968504
0
LINE
8
BLACK
6
CONTINUOUS
10
0.2476661417322835
20
0.3947684251968504
11
0.2476112204724409
21
0.3948233464566929
0
LINE
8
BLACK
6
CONTINUOUS
10
0.2476112204724409
20
0.3948233464566929
11
0.2475896062992126
21
0.3948754724409449
0
LINE
8
BLACK
6
CONTINUOUS
10
0.2475896062992126
20
0.3948754724409449
11
0.2475075196850394
21
0.3949903149606299
0
LINE
8
BLACK
6
CONTINUOUS
10
0.2475075196850394
20
0.3949903149606299
11
0.2473538976377953
21
0.3954445669291338
0
LINE
8
BLACK
6
CONTINUOUS
10
0.2473538976377953
20
0.3954445669291338
11
0.2471703149606299
21
0.3958877559055118
0
LINE
8
BLACK
6
CONTINUOUS
10
0.2471703149606299
20
0.3958877559055118
11
0.2471703149606299
21
0.3959874015748032
0
LINE
8
BLACK
6
CONTINUOUS
10
0.2471703149606299
20
0.3959874015748032
11
0.2471384251968504
21
0.3960816929133858
0
LINE
8
BLACK
6
CONTINUOUS
10
0.2471384251968504
20
0.3960816929133858
11
0.2471703149606299
21
0.3965601968503937
0
LINE
8
BLACK
6
CONTINUOUS
10
0.2471703149606299
20
0.3965601968503937
11
0.2471703149606299
21
0.3970398818897637
0
LINE
8
BLACK
6
CONTINUOUS
10
0.2471703149606299
20
0.3970398818897637
11
0.2472083858267717
21
0.3971318897637795
0
LINE
8
BLACK
6
CONTINUOUS
10
0.2472083858267717
20
0.3971318897637795
11
0.2472150393700787
21
0.3972312204724409
0
LINE
8
BLACK
6
CONTINUOUS
10
0.2472150393700787
20
0.3972312204724409
11
0.2474277165354331
21
0.3976613779527559
0
LINE
8
BLACK
6
CONTINUOUS
10
0.2474277165354331
20
0.3976613779527559
11
0.2476112204724409
21
0.3981042913385827
0
LINE
8
BLACK
6
CONTINUOUS
10
0.2476112204724409
20
0.3981042913385827
11
0.2476815354330709
21
0.3981746456692913
0
LINE
8
BLACK
6
CONTINUOUS
10
0.2476815354330709
20
0.3981746456692913
11
0.2477257480314961
21
0.3982639763779527
0
LINE
8
BLACK
6
CONTINUOUS
10
0.2477257480314961
20
0.3982639763779527
11
0.2480868503937008
21
0.3985799606299212
0
LINE
8
BLACK
6
CONTINUOUS
10
0.2480868503937008
20
0.3985799606299212
11
0.2484258661417323
21
0.398918937007874
0
LINE
8
BLACK
6
CONTINUOUS
10
0.2484258661417323
20
0.398918937007874
11
0.2485178346456693
21
0.3989570866141732
0
LINE
8
BLACK
6
CONTINUOUS
10
0.2485178346456693
20
0.3989570866141732
11
0.2485928346456693
21
0.3990226377952756
0
LINE
8
BLACK
6
CONTINUOUS
10
0.2485928346456693
20
0.3990226377952756
11
0.2490470472440945
21
0.3991762598425197
0
LINE
8
BLACK
6
CONTINUOUS
10
0.2490470472440945
20
0.3991762598425197
11
0.2494902755905512
21
0.399359842519685
0
LINE
8
BLACK
6
CONTINUOUS
10
0.2494902755905512
20
0.399359842519685
11
0.2496308267716535
21
0.3993737007874016
0
LINE
8
BLACK
6
CONTINUOUS
10
0.2496308267716535
20
0.3993737007874016
11
0.2496842125984252
21
0.3993917322834646
0
LINE
8
BLACK
6
CONTINUOUS
10
0.2496842125984252
20
0.3993917322834646
11
0.2497616535433071
21
0.3993865748031496
0
LINE
8
BLACK
6
CONTINUOUS
10
0.2497616535433071
20
0.3993865748031496
11
0.2500663385826772
21
0.3994165748031496
0
LINE
8
BLACK
6
CONTINUOUS
10
0.2500663385826772
20
0.3994165748031496
11
0.2744382677165354
21
0.3994165748031496
0
LINE
8
BLACK
6
CONTINUOUS
10
0.2744382677165354
20
0.3994165748031496
11
0.2750143307086614
21
0.399359842519685
0
LINE
8
BLACK
6
CONTINUOUS
10
0.2991017716535433
20
0.399387874015748
11
0.2991795275590551
21
0.3993933858267716
0
LINE
8
BLACK
6
CONTINUOUS
10
0.2991795275590551
20
0.3993933858267716
11
0.2992817716535433
21
0.399370157480315
0
LINE
8
BLACK
6
CONTINUOUS
10
0.2992817716535433
20
0.399370157480315
11
0.2993862992125984
21
0.399359842519685
0
LINE
8
BLACK
6
CONTINUOUS
10
0.2993862992125984
20
0.399359842519685
11
0.2994583858267716
21
0.39933
0
LINE
8
BLACK
6
CONTINUOUS
10
0.2994583858267716
20
0.39933
11
0.2997439763779527
21
0.3992650393700787
0
LINE
8
BLACK
6
CONTINUOUS
10
0.2997439763779527
20
0.3992650393700787
11
0.3053682677165354
21
0.3973902755905512
0
LINE
8
BLACK
6
CONTINUOUS
10
0.3053682677165354
20
0.3973902755905512
11
0.305896811023622
21
0.3971542913385827
0
LINE
8
BLACK
6
CONTINUOUS
10
0.305896811023622
20
0.3971542913385827
11
0.3059769291338583
21
0.3970848031496063
0
LINE
8
BLACK
6
CONTINUOUS
10
0.3059769291338583
20
0.3970848031496063
11
0.306075
21
0.3970441732283465
0
LINE
8
BLACK
6
CONTINUOUS
10
0.306075
20
0.3970441732283465
11
0.3065224409448819
21
0.396676968503937
0
LINE
8
BLACK
6
CONTINUOUS
10
0.3065224409448819
20
0.396676968503937
11
0.310271968503937
21
0.3929274409448819
0
LINE
8
BLACK
6
CONTINUOUS
10
0.310271968503937
20
0.3929274409448819
11
0.3104577952755905
21
0.392701062992126
0
LINE
8
BLACK
6
CONTINUOUS
10
0.3104577952755905
20
0.392701062992126
11
0.3105167322834645
21
0.3926499212598425
0
LINE
8
BLACK
6
CONTINUOUS
10
0.3105167322834645
20
0.3926499212598425
11
0.3105725984251969
21
0.3925611811023622
0
LINE
8
BLACK
6
CONTINUOUS
10
0.3105725984251969
20
0.3925611811023622
11
0.3106392125984252
21
0.39248
0
LINE
8
BLACK
6
CONTINUOUS
10
0.3106392125984252
20
0.39248
11
0.3106690551181102
21
0.392407874015748
0
LINE
8
BLACK
6
CONTINUOUS
10
0.3106690551181102
20
0.392407874015748
11
0.3108250787401575
21
0.3921600393700787
0
LINE
8
BLACK
6
CONTINUOUS
10
0.3108250787401575
20
0.3921600393700787
11
0.312699842519685
21
0.3884105118110236
0
LINE
8
BLACK
6
CONTINUOUS
10
0.312699842519685
20
0.3884105118110236
11
0.3127159448818898
21
0.3883684251968504
0
LINE
8
BLACK
6
CONTINUOUS
10
0.3127159448818898
20
0.3883684251968504
11
0.3127286614173228
21
0.3883512598425197
0
LINE
8
BLACK
6
CONTINUOUS
10
0.3127286614173228
20
0.3883512598425197
11
0.3128149606299213
21
0.38810968503937
0
LINE
8
BLACK
6
CONTINUOUS
10
0.3128149606299213
20
0.38810968503937
11
0.3129067322834646
21
0.3878699212598425
0
LINE
8
BLACK
6
CONTINUOUS
10
0.3129067322834646
20
0.3878699212598425
11
0.3129082283464567
21
0.3878486614173228
0
LINE
8
BLACK
6
CONTINUOUS
10
0.3129082283464567
20
0.3878486614173228
11
0.3129234251968504
21
0.3878061417322834
0
LINE
8
BLACK
6
CONTINUOUS
10
0.3129234251968504
20
0.3878061417322834
11
0.314798188976378
21
0.3803070866141732
0
LINE
8
BLACK
6
CONTINUOUS
10
0.314798188976378
20
0.3803070866141732
11
0.3148129527559055
21
0.3802072440944882
0
LINE
8
BLACK
6
CONTINUOUS
10
0.3148129527559055
20
0.3802072440944882
11
0.3148296062992126
21
0.3801670078740157
0
LINE
8
BLACK
6
CONTINUOUS
10
0.3148296062992126
20
0.3801670078740157
11
0.3148509448818897
21
0.37995
0
LINE
8
BLACK
6
CONTINUOUS
10
0.3148509448818897
20
0.37995
11
0.3148828346456693
21
0.3797344881889764
0
LINE
8
BLACK
6
CONTINUOUS
10
0.3148828346456693
20
0.3797344881889764
11
0.3148764173228346
21
0.3796914960629921
0
LINE
8
BLACK
6
CONTINUOUS
10
0.3148764173228346
20
0.3796914960629921
11
0.3148863385826772
21
0.3795909448818898
0
LINE
8
BLACK
6
CONTINUOUS
10
0.3148863385826772
20
0.3795909448818898
11
0.3148863385826772
21
0.3739666535433071
0
LINE
8
BLACK
6
CONTINUOUS
10
0.3148863385826772
20
0.3739666535433071
11
0.3148764173228346
21
0.3738661417322834
0
LINE
8
BLACK
6
CONTINUOUS
10
0.3148764173228346
20
0.3738661417322834
11
0.3148828346456693
21
0.3738231102362204
0
LINE
8
BLACK
6
CONTINUOUS
10
0.3148828346456693
20
0.3738231102362204
11
0.3148509448818897
21
0.3736076377952756
0
LINE
8
BLACK
6
CONTINUOUS
10
0.3148509448818897
20
0.3736076377952756
11
0.3148296062992126
21
0.3733905905511811
0
LINE
8
BLACK
6
CONTINUOUS
10
0.3148296062992126
20
0.3733905905511811
11
0.3148129527559055
21
0.3733503937007874
0
LINE
8
BLACK
6
CONTINUOUS
10
0.3148129527559055
20
0.3733503937007874
11
0.314798188976378
21
0.3732505118110236
0
LINE
8
BLACK
6
CONTINUOUS
10
0.314798188976378
20
0.3732505118110236
11
0.3129234251968504
21
0.3657514566929134
0
LINE
8
BLACK
6
CONTINUOUS
10
0.3129234251968504
20
0.3657514566929134
11
0.3129082283464567
21
0.3657089763779527
0
LINE
8
BLACK
6
CONTINUOUS
10
0.3129082283464567
20
0.3657089763779527
11
0.3129067322834646
21
0.3656876771653543
0
LINE
8
BLACK
6
CONTINUOUS
10
0.3129067322834646
20
0.3656876771653543
11
0.3128149606299213
21
0.3654479527559055
0
LINE
8
BLACK
6
CONTINUOUS
10
0.3128149606299213
20
0.3654479527559055
11
0.3127286614173228
21
0.3652063385826771
0
LINE
8
BLACK
6
CONTINUOUS
10
0.3127286614173228
20
0.3652063385826771
11
0.3127159448818898
21
0.3651892125984252
0
LINE
8
BLACK
6
CONTINUOUS
10
0.3127159448818898
20
0.3651892125984252
11
0.312699842519685
21
0.3651470866141732
0
LINE
8
BLACK
6
CONTINUOUS
10
0.312699842519685
20
0.3651470866141732
11
0.3108250787401575
21
0.3613975590551181
0
LINE
8
BLACK
6
CONTINUOUS
10
0.3108250787401575
20
0.3613975590551181
11
0.3106690157480315
21
0.3611496850393701
0
LINE
8
BLACK
6
CONTINUOUS
10
0.3106690157480315
20
0.3611496850393701
11
0.3106392125984252
21
0.3610776377952756
0
LINE
8
BLACK
6
CONTINUOUS
10
0.3106392125984252
20
0.3610776377952756
11
0.3105726771653543
21
0.3609966141732283
0
LINE
8
BLACK
6
CONTINUOUS
10
0.3105726771653543
20
0.3609966141732283
11
0.3105167322834645
21
0.3609076771653543
0
LINE
8
BLACK
6
CONTINUOUS
10
0.3105167322834645
20
0.3609076771653543
11
0.3104577165354331
21
0.3608565354330708
0
LINE
8
BLACK
6
CONTINUOUS
10
0.3104577165354331
20
0.3608565354330708
11
0.3102720078740158
21
0.3606301968503937
0
LINE
8
BLACK
6
CONTINUOUS
10
0.3102720078740158
20
0.3606301968503937
11
0.3065224409448819
21
0.3568805905511811
0
LINE
8
BLACK
6
CONTINUOUS
10
0.3065224409448819
20
0.3568805905511811
11
0.306075
21
0.3565133858267717
0
LINE
8
BLACK
6
CONTINUOUS
10
0.306075
20
0.3565133858267717
11
0.3059769291338583
21
0.3564727952755906
0
LINE
8
BLACK
6
CONTINUOUS
10
0.3059769291338583
20
0.3564727952755906
11
0.305896811023622
21
0.3564032677165354
0
LINE
8
BLACK
6
CONTINUOUS
10
0.305896811023622
20
0.3564032677165354
11
0.3053682677165354
21
0.3561672834645669
0
LINE
8
BLACK
6
CONTINUOUS
10
0.3053682677165354
20
0.3561672834645669
11
0.2997439763779527
21
0.3542925196850394
0
LINE
8
BLACK
6
CONTINUOUS
10
0.2997439763779527
20
0.3542925196850394
11
0.2994583858267716
21
0.3542275984251969
0
LINE
8
BLACK
6
CONTINUOUS
10
0.2994583858267716
20
0.3542275984251969
11
0.2993862992125984
21
0.3541977165354331
0
LINE
8
BLACK
6
CONTINUOUS
10
0.2993862992125984
20
0.3541977165354331
11
0.2992817716535433
21
0.3541874409448819
0
LINE
8
BLACK
6
CONTINUOUS
10
0.2992817716535433
20
0.3541874409448819
11
0.2991795275590551
21
0.3541641732283464
0
LINE
8
BLACK
6
CONTINUOUS
10
0.2991795275590551
20
0.3541641732283464
11
0.2991017716535433
21
0.3541697244094488
0
LINE
8
BLACK
6
CONTINUOUS
10
0.2991017716535433
20
0.3541697244094488
11
0.2988102362204724
21
0.3541409842519685
0
LINE
8
BLACK
6
CONTINUOUS
10
0.2988102362204724
20
0.3541409842519685
11
0.2950607086614173
21
0.3541409842519685
0
LINE
8
BLACK
6
CONTINUOUS
10
0.2950607086614173
20
0.3541409842519685
11
0.2947690944881889
21
0.3541697244094488
0
LINE
8
BLACK
6
CONTINUOUS
10
0.2947690944881889
20
0.3541697244094488
11
0.2946913779527559
21
0.3541641732283464
0
LINE
8
BLACK
6
CONTINUOUS
10
0.2946913779527559
20
0.3541641732283464
11
0.294589094488189
21
0.3541874409448819
0
LINE
8
BLACK
6
CONTINUOUS
10
0.294589094488189
20
0.3541874409448819
11
0.2944846456692913
21
0.3541977165354331
0
LINE
8
BLACK
6
CONTINUOUS
10
0.2944846456692913
20
0.3541977165354331
11
0.2944125590551181
21
0.3542275984251969
0
LINE
8
BLACK
6
CONTINUOUS
10
0.2944125590551181
20
0.3542275984251969
11
0.2941269291338582
21
0.3542925196850394
0
LINE
8
BLACK
6
CONTINUOUS
10
0.2941269291338582
20
0.3542925196850394
11
0.2885026771653543
21
0.3561672834645669
0
LINE
8
BLACK
6
CONTINUOUS
10
0.2885026771653543
20
0.3561672834645669
11
0.2879740944881889
21
0.3564032677165354
0
LINE
8
BLACK
6
CONTINUOUS
10
0.2879740944881889
20
0.3564032677165354
11
0.2878938976377953
21
0.3564728346456693
0
LINE
8
BLACK
6
CONTINUOUS
10
0.2878938976377953
20
0.3564728346456693
11
0.2877959448818898
21
0.3565133858267717
0
LINE
8
BLACK
6
CONTINUOUS
10
0.2877959448818898
20
0.3565133858267717
11
0.2873484645669291
21
0.3568806299212599
0
LINE
8
BLACK
6
CONTINUOUS
10
0.2873484645669291
20
0.3568806299212599
11
0.2854737007874016
21
0.3587554330708662
0
LINE
8
BLACK
6
CONTINUOUS
10
0.2854737007874016
20
0.3587554330708662
11
0.2851064960629921
21
0.359202874015748
0
LINE
8
BLACK
6
CONTINUOUS
10
0.2851064960629921
20
0.359202874015748
11
0.2846656299212598
21
0.3602672834645669
0
LINE
8
BLACK
6
CONTINUOUS
10
0.2846656299212598
20
0.3602672834645669
11
0.2846656299212598
21
0.3614193700787401
0
LINE
8
BLACK
6
CONTINUOUS
10
0.2846656299212598
20
0.3614193700787401
11
0.2851065354330709
21
0.3624837795275591
0
LINE
8
BLACK
6
CONTINUOUS
10
0.2851065354330709
20
0.3624837795275591
11
0.285921220472441
21
0.3632984645669291
0
LINE
8
BLACK
6
CONTINUOUS
10
0.285921220472441
20
0.3632984645669291
11
0.2869856299212598
21
0.3637393307086614
0
LINE
8
BLACK
6
CONTINUOUS
10
0.2869856299212598
20
0.3637393307086614
11
0.2881377165354331
21
0.3637393307086614
0
LINE
8
BLACK
6
CONTINUOUS
10
0.2881377165354331
20
0.3637393307086614
11
0.2892021259842519
21
0.3632984251968504
0
LINE
8
BLACK
6
CONTINUOUS
10
0.2892021259842519
20
0.3632984251968504
11
0.2896496062992126
21
0.3629311811023622
0
LINE
8
BLACK
6
CONTINUOUS
10
0.2896496062992126
20
0.3629311811023622
11
0.2910314566929134
21
0.3615492913385827
0
LINE
8
BLACK
6
CONTINUOUS
10
0.2910314566929134
20
0.3615492913385827
11
0.295539842519685
21
0.3600464960629921
0
LINE
8
BLACK
6
CONTINUOUS
10
0.295539842519685
20
0.3600464960629921
11
0.2983311023622047
21
0.3600464960629921
0
LINE
8
BLACK
6
CONTINUOUS
10
0.2983311023622047
20
0.3600464960629921
11
0.3028394881889764
21
0.3615493307086614
0
LINE
8
BLACK
6
CONTINUOUS
10
0.3028394881889764
20
0.3615493307086614
11
0.3057572834645669
21
0.3644671653543307
0
LINE
8
BLACK
6
CONTINUOUS
10
0.3057572834645669
20
0.3644671653543307
11
0.3072727952755905
21
0.3674981496062992
0
LINE
8
BLACK
6
CONTINUOUS
10
0.3072727952755905
20
0.3674981496062992
11
0.3089808267716536
21
0.3743301968503937
0
LINE
8
BLACK
6
CONTINUOUS
10
0.3089808267716536
20
0.3743301968503937
11
0.3089808267716536
21
0.3792274015748031
0
LINE
8
BLACK
6
CONTINUOUS
10
0.3089808267716536
20
0.3792274015748031
11
0.3072727952755905
21
0.3860594488188976
0
LINE
8
BLACK
6
CONTINUOUS
10
0.3072727952755905
20
0.3860594488188976
11
0.3057573228346457
21
0.3890904330708662
0
LINE
8
BLACK
6
CONTINUOUS
10
0.3057573228346457
20
0.3890904330708662
11
0.3028394881889764
21
0.3920082677165354
0
LINE
8
BLACK
6
CONTINUOUS
10
0.3028394881889764
20
0.3920082677165354
11
0.2983311023622047
21
0.393511062992126
0
LINE
8
BLACK
6
CONTINUOUS
10
0.2983311023622047
20
0.393511062992126
11
0.295539842519685
21
0.393511062992126
0
LINE
8
BLACK
6
CONTINUOUS
10
0.295539842519685
20
0.393511062992126
11
0.2910314566929134
21
0.3920082677165354
0
LINE
8
BLACK
6
CONTINUOUS
10
0.2910314566929134
20
0.3920082677165354
11
0.2896495669291339
21
0.3906263779527559
0
LINE
8
BLACK
6
CONTINUOUS
10
0.2896495669291339
20
0.3906263779527559
11
0.2892021259842519
21
0.3902591732283465
0
LINE
8
BLACK
6
CONTINUOUS
10
0.2892021259842519
20
0.3902591732283465
11
0.2881376771653543
21
0.3898182677165354
0
LINE
8
BLACK
6
CONTINUOUS
10
0.2881376771653543
20
0.3898182677165354
11
0.2869856299212598
21
0.3898182677165354
0
LINE
8
BLACK
6
CONTINUOUS
10
0.2869856299212598
20
0.3898182677165354
11
0.2859211811023622
21
0.3902591732283465
0
LINE
8
BLACK
6
CONTINUOUS
10
0.2859211811023622
20
0.3902591732283465
11
0.2851065354330709
21
0.3910738188976378
0
LINE
8
BLACK
6
CONTINUOUS
10
0.2851065354330709
20
0.3910738188976378
11
0.2846656299212598
21
0.3921382677165354
0
LINE
8
BLACK
6
CONTINUOUS
10
0.2846656299212598
20
0.3921382677165354
11
0.2846656299212598
21
0.3932903149606299
0
LINE
8
BLACK
6
CONTINUOUS
10
0.2846656299212598
20
0.3932903149606299
11
0.2851065354330709
21
0.3943547637795276
0
LINE
8
BLACK
6
CONTINUOUS
10
0.2851065354330709
20
0.3943547637795276
11
0.2854737401574803
21
0.3948022047244095
0
LINE
8
BLACK
6
CONTINUOUS
10
0.2854737401574803
20
0.3948022047244095
11
0.2873485039370079
21
0.396676968503937
0
LINE
8
BLACK
6
CONTINUOUS
10
0.2873485039370079
20
0.396676968503937
11
0.2877959448818898
21
0.3970441732283465
0
LINE
8
BLACK
6
CONTINUOUS
10
0.2877959448818898
20
0.3970441732283465
11
0.2878938976377953
21
0.3970847637795276
0
LINE
8
BLACK
6
CONTINUOUS
10
0.2878938976377953
20
0.3970847637795276
11
0.2879740944881889
21
0.3971542913385827
0
LINE
8
BLACK
6
CONTINUOUS
10
0.2879740944881889
20
0.3971542913385827
11
0.2885026771653543
21
0.3973902755905512
0
LINE
8
BLACK
6
CONTINUOUS
10
0.2885026771653543
20
0.3973902755905512
11
0.2941269291338582
21
0.3992650393700787
0
LINE
8
BLACK
6
CONTINUOUS
10
0.2941269291338582
20
0.3992650393700787
11
0.2944125590551181
21
0.39933
0
LINE
8
BLACK
6
CONTINUOUS
10
0.2944125590551181
20
0.39933
11
0.2944846456692913
21
0.399359842519685
0
LINE
8
BLACK
6
CONTINUOUS
10
0.2944846456692913
20
0.399359842519685
11
0.294589094488189
21
0.399370157480315
0
LINE
8
BLACK
6
CONTINUOUS
10
0.294589094488189
20
0.399370157480315
11
0.2946913779527559
21
0.3993933858267716
0
LINE
8
BLACK
6
CONTINUOUS
10
0.2946913779527559
20
0.3993933858267716
11
0.2947690944881889
21
0.399387874015748
0
LINE
8
BLACK
6
CONTINUOUS
10
0.2947690944881889
20
0.399387874015748
11
0.2950607086614173
21
0.3994165748031496
0
LINE
8
BLACK
6
CONTINUOUS
10
0.2950607086614173
20
0.3994165748031496
11
0.2988102362204724
21
0.3994165748031496
0
LINE
8
BLACK
6
CONTINUOUS
10
0.2988102362204724
20
0.3994165748031496
11
0.2991017716535433
21
0.399387874015748
0
LINE
8
BLACK
6
CONTINUOUS
10
0.4011894881889764
20
0.3732453937007874
11
0.4024679133858268
21
0.371966968503937
0
LINE
8
BLACK
6
CONTINUOUS
10
0.4024679133858268
20
0.371966968503937
11
0.4024679133858268
21
0.3701590157480315
0
LINE
8
BLACK
6
CONTINUOUS
10
0.4024679133858268
20
0.3701590157480315
11
0.4011894881889764
21
0.3688805905511811
0
LINE
8
BLACK
6
CONTINUOUS
10
0.4011894881889764
20
0.3688805905511811
11
0.4002855118110236
21
0.3687007874015748
0
LINE
8
BLACK
6
CONTINUOUS
10
0.4002855118110236
20
0.3687007874015748
11
0.3797144881889764
21
0.3687007874015748
0
LINE
8
BLACK
6
CONTINUOUS
10
0.3797144881889764
20
0.3687007874015748
11
0.3788105118110236
21
0.3688805905511811
0
LINE
8
BLACK
6
CONTINUOUS
10
0.3788105118110236
20
0.3688805905511811
11
0.3775320866141732
21
0.3701590157480315
0
LINE
8
BLACK
6
CONTINUOUS
10
0.3775320866141732
20
0.3701590157480315
11
0.3775320866141732
21
0.371966968503937
0
LINE
8
BLACK
6
CONTINUOUS
10
0.3775320866141732
20
0.371966968503937
11
0.3788105118110236
21
0.3732453937007874
0
LINE
8
BLACK
6
CONTINUOUS
10
0.3788105118110236
20
0.3732453937007874
11
0.3797144881889764
21
0.3734251968503937
0
LINE
8
BLACK
6
CONTINUOUS
10
0.3797144881889764
20
0.3734251968503937
11
0.4002855118110236
21
0.3734251968503937
0
LINE
8
BLACK
6
CONTINUOUS
10
0.4002855118110236
20
0.3734251968503937
11
0.4011894881889764
21
0.3732453937007874
0
LINE
8
BLACK
6
CONTINUOUS
10
0.6242453937007874
20
0.4098435039370079
11
0.6244251968503937
21
0.4089395275590551
0
LINE
8
BLACK
6
CONTINUOUS
10
0.6244251968503937
20
0.4089395275590551
11
0.6244251968503937
21
0.3910604724409449
0
LINE
8
BLACK
6
CONTINUOUS
10
0.6244251968503937
20
0.3910604724409449
11
0.6242453937007874
21
0.3901564960629921
0
LINE
8
BLACK
6
CONTINUOUS
10
0.6242453937007874
20
0.3901564960629921
11
0.622966968503937
21
0.3888780708661417
0
LINE
8
BLACK
6
CONTINUOUS
10
0.622966968503937
20
0.3888780708661417
11
0.6211590157480315
21
0.3888780708661417
0
LINE
8
BLACK
6
CONTINUOUS
10
0.6211590157480315
20
0.3888780708661417
11
0.6198805905511811
21
0.3901564960629921
0
LINE
8
BLACK
6
CONTINUOUS
10
0.6198805905511811
20
0.3901564960629921
11
0.6197007874015747
21
0.3910604724409449
0
LINE
8
BLACK
6
CONTINUOUS
10
0.6197007874015747
20
0.3910604724409449
11
0.6197007874015747
21
0.4089395275590551
0
LINE
8
BLACK
6
CONTINUOUS
10
0.6197007874015747
20
0.4089395275590551
11
0.6198805905511811
21
0.4098435039370079
0
LINE
8
BLACK
6
CONTINUOUS
10
0.6198805905511811
20
0.4098435039370079
11
0.6211590157480315
21
0.4111219291338583
0
LINE
8
BLACK
6
CONTINUOUS
10
0.6211590157480315
20
0.4111219291338583
11
0.622966968503937
21
0.4111219291338583
0
LINE
8
BLACK
6
CONTINUOUS
10
0.622966968503937
20
0.4111219291338583
11
0.6242453937007874
21
0.4098435039370079
0
LINE
8
BLACK
6
CONTINUOUS
10
0.6821194094488189
20
0.4098435039370079
11
0.6822992125984252
21
0.4089395275590551
0
LINE
8
BLACK
6
CONTINUOUS
10
0.6822992125984252
20
0.4089395275590551
11
0.6822992125984252
21
0.3910604724409449
0
LINE
8
BLACK
6
CONTINUOUS
10
0.6822992125984252
20
0.3910604724409449
11
0.6821194094488189
21
0.3901564960629921
0
LINE
8
BLACK
6
CONTINUOUS
10
0.6821194094488189
20
0.3901564960629921
11
0.6808409842519685
21
0.3888780708661417
0
LINE
8
BLACK
6
CONTINUOUS
10
0.6808409842519685
20
0.3888780708661417
11
0.679033031496063
21
0.3888780708661417
0
LINE
8
BLACK
6
CONTINUOUS
10
0.679033031496063
20
0.3888780708661417
11
0.6777546062992126
21
0.3901564960629921
0
LINE
8
BLACK
6
CONTINUOUS
10
0.6777546062992126
20
0.3901564960629921
11
0.6775748031496063
21
0.3910604724409449
0
LINE
8
BLACK
6
CONTINUOUS
10
0.6775748031496063
20
0.3910604724409449
11
0.6775748031496063
21
0.4089395275590551
0
LINE
8
BLACK
6
CONTINUOUS
10
0.6775748031496063
20
0.4089395275590551
11
0.6777546062992126
21
0.4098435039370079
0
LINE
8
BLACK
6
CONTINUOUS
10
0.6777546062992126
20
0.4098435039370079
11
0.679033031496063
21
0.4111219291338583
0
LINE
8
BLACK
6
CONTINUOUS
10
0.679033031496063
20
0.4111219291338583
11
0.6808409842519685
21
0.4111219291338583
0
LINE
8
BLACK
6
CONTINUOUS
10
0.6808409842519685
20
0.4111219291338583
11
0.6821194094488189
21
0.4098435039370079
0
LINE
8
BLACK
6
CONTINUOUS
10
0.4011894881889764
20
0.4311194094488189
11
0.4024679133858268
21
0.4298409842519685
0
LINE
8
BLACK
6
CONTINUOUS
10
0.4024679133858268
20
0.4298409842519685
11
0.4024679133858268
21
0.428033031496063
0
LINE
8
BLACK
6
CONTINUOUS
10
0.4024679133858268
20
0.428033031496063
11
0.4011894881889764
21
0.4267546062992126
0
LINE
8
BLACK
6
CONTINUOUS
10
0.4011894881889764
20
0.4267546062992126
11
0.4002855118110236
21
0.4265748031496063
0
LINE
8
BLACK
6
CONTINUOUS
10
0.4002855118110236
20
0.4265748031496063
11
0.3797144881889764
21
0.4265748031496063
0
LINE
8
BLACK
6
CONTINUOUS
10
0.3797144881889764
20
0.4265748031496063
11
0.3788105118110236
21
0.4267546062992126
0
LINE
8
BLACK
6
CONTINUOUS
10
0.3788105118110236
20
0.4267546062992126
11
0.3775320866141732
21
0.428033031496063
0
LINE
8
BLACK
6
CONTINUOUS
10
0.3775320866141732
20
0.428033031496063
11
0.3775320866141732
21
0.4298409842519685
0
LINE
8
BLACK
6
CONTINUOUS
10
0.3775320866141732
20
0.4298409842519685
11
0.3788105118110236
21
0.4311194094488189
0
LINE
8
BLACK
6
CONTINUOUS
10
0.3788105118110236
20
0.4311194094488189
11
0.3797144881889764
21
0.4312992125984252
0
LINE
8
BLACK
6
CONTINUOUS
10
0.3797144881889764
20
0.4312992125984252
11
0.4002855118110236
21
0.4312992125984252
0
LINE
8
BLACK
6
CONTINUOUS
10
0.4002855118110236
20
0.4312992125984252
11
0.4011894881889764
21
0.4311194094488189
0
LINE
8
BLACK
6
CONTINUOUS
10
0.3258646062992126
20
0.7403713779527559
11
0.327143031496063
21
0.7390929527559055
0
LINE
8
BLACK
6
CONTINUOUS
10
0.327143031496063
20
0.7390929527559055
11
0.3273228346456693
21
0.7381889763779528
0
LINE
8
BLACK
6
CONTINUOUS
10
0.3273228346456693
20
0.7381889763779528
11
0.3273228346456693
21
0.521259842519685
0
LINE
8
BLACK
6
CONTINUOUS
10
0.3273228346456693
20
0.521259842519685
11
0.327143031496063
21
0.5203558661417322
0
LINE
8
BLACK
6
CONTINUOUS
10
0.327143031496063
20
0.5203558661417322
11
0.3258646062992126
21
0.5190774409448818
0
LINE
8
BLACK
6
CONTINUOUS
10
0.3258646062992126
20
0.5190774409448818
11
0.3240566535433071
21
0.5190774409448818
0
LINE
8
BLACK
6
CONTINUOUS
10
0.3240566535433071
20
0.5190774409448818
11
0.3227782283464567
21
0.5203558661417322
0
LINE
8
BLACK
6
CONTINUOUS
10
0.3227782283464567
20
0.5203558661417322
11
0.3225984251968504
21
0.521259842519685
0
LINE
8
BLACK
6
CONTINUOUS
10
0.3225984251968504
20
0.521259842519685
11
0.3225984251968504
21
0.7358267716535433
0
LINE
8
BLACK
6
CONTINUOUS
10
0.3225984251968504
20
0.7358267716535433
11
0.1974015748031496
21
0.7358267716535433
0
LINE
8
BLACK
6
CONTINUOUS
10
0.1974015748031496
20
0.7358267716535433
11
0.1974015748031496
21
0.521259842519685
0
LINE
8
BLACK
6
CONTINUOUS
10
0.1974015748031496
20
0.521259842519685
11
0.1972217716535433
21
0.5203558661417322
0
LINE
8
BLACK
6
CONTINUOUS
10
0.1972217716535433
20
0.5203558661417322
11
0.1959433464566929
21
0.5190774409448818
0
LINE
8
BLACK
6
CONTINUOUS
10
0.1959433464566929
20
0.5190774409448818
11
0.1941353937007874
21
0.5190774409448818
0
LINE
8
BLACK
6
CONTINUOUS
10
0.1941353937007874
20
0.5190774409448818
11
0.192856968503937
21
0.5203558661417322
0
LINE
8
BLACK
6
CONTINUOUS
10
0.192856968503937
20
0.5203558661417322
11
0.1926771653543307
21
0.521259842519685
0
LINE
8
BLACK
6
CONTINUOUS
10
0.1926771653543307
20
0.521259842519685
11
0.1926771653543307
21
0.7381889763779528
0
LINE
8
BLACK
6
CONTINUOUS
10
0.1926771653543307
20
0.7381889763779528
11
0.192856968503937
21
0.7390929527559055
0
LINE
8
BLACK
6
CONTINUOUS
10
0.192856968503937
20
0.7390929527559055
11
0.1941353937007874
21
0.7403713779527559
0
LINE
8
BLACK
6
CONTINUOUS
10
0.1941353937007874
20
0.7403713779527559
11
0.1950393700787401
21
0.7405511811023622
0
LINE
8
BLACK
6
CONTINUOUS
10
0.1950393700787401
20
0.7405511811023622
11
0.3249606299212598
21
0.7405511811023622
0
LINE
8
BLACK
6
CONTINUOUS
10
0.3249606299212598
20
0.7405511811023622
11
0.3258646062992126
21
0.7403713779527559
0
LINE
8
BLACK
6
CONTINUOUS
10
0.5832453937007874
20
0.5711894881889764
11
0.5834251968503937
21
0.5702855118110236
0
LINE
8
BLACK
6
CONTINUOUS
10
0.5834251968503937
20
0.5702855118110236
11
0.5834251968503937
21
0.5497144881889764
0
LINE
8
BLACK
6
CONTINUOUS
10
0.5834251968503937
20
0.5497144881889764
11
0.5832453937007874
21
0.5488105118110236
0
LINE
8
BLACK
6
CONTINUOUS
10
0.5832453937007874
20
0.5488105118110236
11
0.581966968503937
21
0.5475320866141732
0
LINE
8
BLACK
6
CONTINUOUS
10
0.581966968503937
20
0.5475320866141732
11
0.5801590157480315
21
0.5475320866141732
0
LINE
8
BLACK
6
CONTINUOUS
10
0.5801590157480315
20
0.5475320866141732
11
0.5788805905511811
21
0.5488105118110236
0
LINE
8
BLACK
6
CONTINUOUS
10
0.5788805905511811
20
0.5488105118110236
11
0.5787007874015748
21
0.5497144881889764
0
LINE
8
BLACK
6
CONTINUOUS
10
0.5787007874015748
20
0.5497144881889764
11
0.5787007874015748
21
0.5702855118110236
0
LINE
8
BLACK
6
CONTINUOUS
10
0.5787007874015748
20
0.5702855118110236
11
0.5788805905511811
21
0.5711894881889764
0
LINE
8
BLACK
6
CONTINUOUS
10
0.5788805905511811
20
0.5711894881889764
11
0.5801590157480315
21
0.5724679133858268
0
LINE
8
BLACK
6
CONTINUOUS
10
0.5801590157480315
20
0.5724679133858268
11
0.581966968503937
21
0.5724679133858268
0
LINE
8
BLACK
6
CONTINUOUS
10
0.581966968503937
20
0.5724679133858268
11
0.5832453937007874
21
0.5711894881889764
0
LINE
8
BLACK
6
CONTINUOUS
10
0.6411194094488188
20
0.5711894881889764
11
0.6412992125984252
21
0.5702855118110236
0
LINE
8
BLACK
6
CONTINUOUS
10
0.6412992125984252
20
0.5702855118110236
11
0.6412992125984252
21
0.5497144881889764
0
LINE
8
BLACK
6
CONTINUOUS
10
0.6412992125984252
20
0.5497144881889764
11
0.6411194094488188
21
0.5488105118110236
0
LINE
8
BLACK
6
CONTINUOUS
10
0.6411194094488188
20
0.5488105118110236
11
0.6398409842519684
21
0.5475320866141732
0
LINE
8
BLACK
6
CONTINUOUS
10
0.6398409842519684
20
0.5475320866141732
11
0.6380330314960629
21
0.5475320866141732
0
LINE
8
BLACK
6
CONTINUOUS
10
0.6380330314960629
20
0.5475320866141732
11
0.6367546062992125
21
0.5488105118110236
0
LINE
8
BLACK
6
CONTINUOUS
10
0.6367546062992125
20
0.5488105118110236
11
0.6365748031496062
21
0.5497144881889764
0
LINE
8
BLACK
6
CONTINUOUS
10
0.6365748031496062
20
0.5497144881889764
11
0.6365748031496062
21
0.5702855118110236
0
LINE
8
BLACK
6
CONTINUOUS
10
0.6365748031496062
20
0.5702855118110236
11
0.6367546062992125
21
0.5711894881889764
0
LINE
8
BLACK
6
CONTINUOUS
10
0.6367546062992125
20
0.5711894881889764
11
0.6380330314960629
21
0.5724679133858268
0
LINE
8
BLACK
6
CONTINUOUS
10
0.6380330314960629
20
0.5724679133858268
11
0.6398409842519684
21
0.5724679133858268
0
LINE
8
BLACK
6
CONTINUOUS
10
0.6398409842519684
20
0.5724679133858268
11
0.6411194094488188
21
0.5711894881889764
0
LINE
8
BLACK
6
CONTINUOUS
10
0.1521394488188976
20
0.5944114566929134
11
0.1531699606299212
21
0.5938961811023622
0
LINE
8
BLACK
6
CONTINUOUS
10
0.1531699606299212
20
0.5938961811023622
11
0.1539248031496063
21
0.5930258267716535
0
LINE
8
BLACK
6
CONTINUOUS
10
0.1539248031496063
20
0.5930258267716535
11
0.1542891338582677
21
0.5919328346456693
0
LINE
8
BLACK
6
CONTINUOUS
10
0.1542891338582677
20
0.5919328346456693
11
0.1542074803149606
21
0.5907836220472441
0
LINE
8
BLACK
6
CONTINUOUS
10
0.1542074803149606
20
0.5907836220472441
11
0.1540005905511811
21
0.5902430314960629
0
LINE
8
BLACK
6
CONTINUOUS
10
0.1540005905511811
20
0.5902430314960629
11
0.1521258267716535
21
0.5864935039370078
0
LINE
8
BLACK
6
CONTINUOUS
10
0.1521258267716535
20
0.5864935039370078
11
0.1519698031496063
21
0.5862457086614173
0
LINE
8
BLACK
6
CONTINUOUS
10
0.1519698031496063
20
0.5862457086614173
11
0.1519399606299213
21
0.5861735433070866
0
LINE
8
BLACK
6
CONTINUOUS
10
0.1519399606299213
20
0.5861735433070866
11
0.1518733464566929
21
0.5860924015748031
0
LINE
8
BLACK
6
CONTINUOUS
10
0.1518733464566929
20
0.5860924015748031
11
0.1518174803149606
21
0.5860036220472441
0
LINE
8
BLACK
6
CONTINUOUS
10
0.1518174803149606
20
0.5860036220472441
11
0.1517585433070866
21
0.5859525196850394
0
LINE
8
BLACK
6
CONTINUOUS
10
0.1517585433070866
20
0.5859525196850394
11
0.1515727165354331
21
0.5857261023622047
0
LINE
8
BLACK
6
CONTINUOUS
10
0.1515727165354331
20
0.5857261023622047
11
0.1491143307086614
21
0.5832677165354331
0
LINE
8
BLACK
6
CONTINUOUS
10
0.1491143307086614
20
0.5832677165354331
11
0.1765283070866142
21
0.5832677165354331
0
LINE
8
BLACK
6
CONTINUOUS
10
0.1765283070866142
20
0.5832677165354331
11
0.1765283070866142
21
0.5915635433070866
0
LINE
8
BLACK
6
CONTINUOUS
10
0.1765283070866142
20
0.5915635433070866
11
0.1765850393700787
21
0.5921396062992126
0
LINE
8
BLACK
6
CONTINUOUS
10
0.1765850393700787
20
0.5921396062992126
11
0.1770259448818897
21
0.5932040157480315
0
LINE
8
BLACK
6
CONTINUOUS
10
0.1770259448818897
20
0.5932040157480315
11
0.1778405905511811
21
0.5940186614173228
0
LINE
8
BLACK
6
CONTINUOUS
10
0.1778405905511811
20
0.5940186614173228
11
0.178905
21
0.5944595669291338
0
LINE
8
BLACK
6
CONTINUOUS
10
0.178905
20
0.5944595669291338
11
0.180057125984252
21
0.5944595669291338
0
LINE
8
BLACK
6
CONTINUOUS
10
0.180057125984252
20
0.5944595669291338
11
0.1811215354330709
21
0.5940186614173228
0
LINE
8
BLACK
6
CONTINUOUS
10
0.1811215354330709
20
0.5940186614173228
11
0.1819361811023622
21
0.5932040157480315
0
LINE
8
BLACK
6
CONTINUOUS
10
0.1819361811023622
20
0.5932040157480315
11
0.1823770866141732
21
0.5921396062992126
0
LINE
8
BLACK
6
CONTINUOUS
10
0.1823770866141732
20
0.5921396062992126
11
0.1824338188976378
21
0.5915635433070866
0
LINE
8
BLACK
6
CONTINUOUS
10
0.1824338188976378
20
0.5915635433070866
11
0.1824338188976378
21
0.5690663779527559
0
LINE
8
BLACK
6
CONTINUOUS
10
0.1824338188976378
20
0.5690663779527559
11
0.1823770866141732
21
0.56849031496063
0
LINE
8
BLACK
6
CONTINUOUS
10
0.1823770866141732
20
0.56849031496063
11
0.1819361811023622
21
0.567425905511811
0
LINE
8
BLACK
6
CONTINUOUS
10
0.1819361811023622
20
0.567425905511811
11
0.1811215354330709
21
0.5666112598425197
0
LINE
8
BLACK
6
CONTINUOUS
10
0.1811215354330709
20
0.5666112598425197
11
0.180057125984252
21
0.5661703543307086
0
LINE
8
BLACK
6
CONTINUOUS
10
0.180057125984252
20
0.5661703543307086
11
0.178905
21
0.5661703543307086
0
LINE
8
BLACK
6
CONTINUOUS
10
0.178905
20
0.5661703543307086
11
0.1778405905511811
21
0.5666112598425197
0
LINE
8
BLACK
6
CONTINUOUS
10
0.1778405905511811
20
0.5666112598425197
11
0.1770259448818897
21
0.567425905511811
0
LINE
8
BLACK
6
CONTINUOUS
10
0.1770259448818897
20
0.567425905511811
11
0.1765850393700787
21
0.56849031496063
0
LINE
8
BLACK
6
CONTINUOUS
10
0.1765850393700787
20
0.56849031496063
11
0.1765283070866142
21
0.5690663779527559
0
LINE
8
BLACK
6
CONTINUOUS
10
0.1765283070866142
20
0.5690663779527559
11
0.1765283070866142
21
0.5773622047244095
0
LINE
8
BLACK
6
CONTINUOUS
10
0.1765283070866142
20
0.5773622047244095
11
0.1401109842519685
21
0.5773622047244095
0
LINE
8
BLACK
6
CONTINUOUS
10
0.1401109842519685
20
0.5773622047244095
11
0.1401088976377953
21
0.5773624409448819
0
LINE
8
BLACK
6
CONTINUOUS
10
0.1401088976377953
20
0.5773624409448819
11
0.140107874015748
21
0.5773622047244095
0
LINE
8
BLACK
6
CONTINUOUS
10
0.140107874015748
20
0.5773622047244095
11
0.140104842519685
21
0.5773628346456693
0
LINE
8
BLACK
6
CONTINUOUS
10
0.140104842519685
20
0.5773628346456693
11
0.1395349212598425
21
0.5774189370078741
0
LINE
8
BLACK
6
CONTINUOUS
10
0.1395349212598425
20
0.5774189370078741
11
0.1392648031496063
21
0.5775308267716536
0
LINE
8
BLACK
6
CONTINUOUS
10
0.1392648031496063
20
0.5775308267716536
11
0.138978188976378
21
0.5775881496062992
0
LINE
8
BLACK
6
CONTINUOUS
10
0.138978188976378
20
0.5775881496062992
11
0.1387377952755905
21
0.5777491338582676
0
LINE
8
BLACK
6
CONTINUOUS
10
0.1387377952755905
20
0.5777491338582676
11
0.1384705118110236
21
0.577859842519685
0
LINE
8
BLACK
6
CONTINUOUS
10
0.1384705118110236
20
0.577859842519685
11
0.1382637795275591
21
0.5780665748031496
0
LINE
8
BLACK
6
CONTINUOUS
10
0.1382637795275591
20
0.5780665748031496
11
0.138020905511811
21
0.5782292125984252
0
LINE
8
BLACK
6
CONTINUOUS
10
0.138020905511811
20
0.5782292125984252
11
0.1378603937007874
21
0.5784699606299213
0
LINE
8
BLACK
6
CONTINUOUS
10
0.1378603937007874
20
0.5784699606299213
11
0.1376558661417323
21
0.5786744881889764
0
LINE
8
BLACK
6
CONTINUOUS
10
0.1376558661417323
20
0.5786744881889764
11
0.1375439763779528
21
0.5789446062992126
0
LINE
8
BLACK
6
CONTINUOUS
10
0.1375439763779528
20
0.5789446062992126
11
0.137381811023622
21
0.5791878346456693
0
LINE
8
BLACK
6
CONTINUOUS
10
0.137381811023622
20
0.5791878346456693
11
0.1373256692913386
21
0.5794716535433071
0
LINE
8
BLACK
6
CONTINUOUS
10
0.1373256692913386
20
0.5794716535433071
11
0.1372149606299213
21
0.5797388976377953
0
LINE
8
BLACK
6
CONTINUOUS
10
0.1372149606299213
20
0.5797388976377953
11
0.1372149606299213
21
0.5800312992125984
0
LINE
8
BLACK
6
CONTINUOUS
10
0.1372149606299213
20
0.5800312992125984
11
0.1371582283464567
21
0.5803180708661417
0
LINE
8
BLACK
6
CONTINUOUS
10
0.1371582283464567
20
0.5803180708661417
11
0.1372149606299213
21
0.5806017322834646
0
LINE
8
BLACK
6
CONTINUOUS
10
0.1372149606299213
20
0.5806017322834646
11
0.1372149606299213
21
0.5808910236220473
0
LINE
8
BLACK
6
CONTINUOUS
10
0.1372149606299213
20
0.5808910236220473
11
0.137326811023622
21
0.5811611417322835
0
LINE
8
BLACK
6
CONTINUOUS
10
0.137326811023622
20
0.5811611417322835
11
0.1373841732283465
21
0.5814477559055118
0
LINE
8
BLACK
6
CONTINUOUS
10
0.1373841732283465
20
0.5814477559055118
11
0.1375451181102362
21
0.5816881496062992
0
LINE
8
BLACK
6
CONTINUOUS
10
0.1375451181102362
20
0.5816881496062992
11
0.1376558661417323
21
0.5819554330708662
0
LINE
8
BLACK
6
CONTINUOUS
10
0.1376558661417323
20
0.5819554330708662
11
0.1378625590551181
21
0.5821621653543307
0
LINE
8
BLACK
6
CONTINUOUS
10
0.1378625590551181
20
0.5821621653543307
11
0.1380252362204724
21
0.5824050393700787
0
LINE
8
BLACK
6
CONTINUOUS
10
0.1380252362204724
20
0.5824050393700787
11
0.1384684645669291
21
0.5827680708661417
0
LINE
8
BLACK
6
CONTINUOUS
10
0.1384684645669291
20
0.5827680708661417
11
0.1384705118110236
21
0.5827700787401575
0
LINE
8
BLACK
6
CONTINUOUS
10
0.1384705118110236
20
0.5827700787401575
11
0.1384713779527559
21
0.5827704724409448
0
LINE
8
BLACK
6
CONTINUOUS
10
0.1384713779527559
20
0.5827704724409448
11
0.1384730708661417
21
0.5827718110236221
0
LINE
8
BLACK
6
CONTINUOUS
10
0.1384730708661417
20
0.5827718110236221
11
0.143854094488189
21
0.5863591732283464
0
LINE
8
BLACK
6
CONTINUOUS
10
0.143854094488189
20
0.5863591732283464
11
0.1470580708661417
21
0.5895631102362204
0
LINE
8
BLACK
6
CONTINUOUS
10
0.1470580708661417
20
0.5895631102362204
11
0.1487185433070866
21
0.5928840551181103
0
LINE
8
BLACK
6
CONTINUOUS
10
0.1487185433070866
20
0.5928840551181103
11
0.1490268897637795
21
0.593373937007874
0
LINE
8
BLACK
6
CONTINUOUS
10
0.1490268897637795
20
0.593373937007874
11
0.1498972834645669
21
0.594128779527559
0
LINE
8
BLACK
6
CONTINUOUS
10
0.1498972834645669
20
0.594128779527559
11
0.1509902362204724
21
0.5944931102362204
0
LINE
8
BLACK
6
CONTINUOUS
10
0.1509902362204724
20
0.5944931102362204
11
0.1521394488188976
21
0.5944114566929134
0
LINE
8
BLACK
6
CONTINUOUS
10
0.180057125984252
20
0.6319548818897638
11
0.1811215354330709
21
0.6315139763779527
0
LINE
8
BLACK
6
CONTINUOUS
10
0.1811215354330709
20
0.6315139763779527
11
0.1819361811023622
21
0.6306993307086614
0
LINE
8
BLACK
6
CONTINUOUS
10
0.1819361811023622
20
0.6306993307086614
11
0.1823770866141732
21
0.6296349212598426
0
LINE
8
BLACK
6
CONTINUOUS
10
0.1823770866141732
20
0.6296349212598426
11
0.1824338188976378
21
0.6290588582677166
0
LINE
8
BLACK
6
CONTINUOUS
10
0.1824338188976378
20
0.6290588582677166
11
0.1824338188976378
21
0.6196850393700787
0
LINE
8
BLACK
6
CONTINUOUS
10
0.1824338188976378
20
0.6196850393700787
11
0.1824050787401575
21
0.6193934645669291
0
LINE
8
BLACK
6
CONTINUOUS
10
0.1824050787401575
20
0.6193934645669291
11
0.1824106299212598
21
0.6193157086614173
0
LINE
8
BLACK
6
CONTINUOUS
10
0.1824106299212598
20
0.6193157086614173
11
0.1823873622047244
21
0.6192134645669292
0
LINE
8
BLACK
6
CONTINUOUS
10
0.1823873622047244
20
0.6192134645669292
11
0.1823770866141732
21
0.6191089763779527
0
LINE
8
BLACK
6
CONTINUOUS
10
0.1823770866141732
20
0.6191089763779527
11
0.1823472047244094
21
0.6190369291338582
0
LINE
8
BLACK
6
CONTINUOUS
10
0.1823472047244094
20
0.6190369291338582
11
0.1822822834645669
21
0.6187512598425197
0
LINE
8
BLACK
6
CONTINUOUS
10
0.1822822834645669
20
0.6187512598425197
11
0.1804075196850394
21
0.6131270078740158
0
LINE
8
BLACK
6
CONTINUOUS
10
0.1804075196850394
20
0.6131270078740158
11
0.1801715354330709
21
0.6125984251968504
0
LINE
8
BLACK
6
CONTINUOUS
10
0.1801715354330709
20
0.6125984251968504
11
0.1801020472440945
21
0.6125183464566929
0
LINE
8
BLACK
6
CONTINUOUS
10
0.1801020472440945
20
0.6125183464566929
11
0.1800614566929134
21
0.6124202755905511
0
LINE
8
BLACK
6
CONTINUOUS
10
0.1800614566929134
20
0.6124202755905511
11
0.1796942125984252
21
0.6119728346456693
0
LINE
8
BLACK
6
CONTINUOUS
10
0.1796942125984252
20
0.6119728346456693
11
0.1759446456692913
21
0.6082233070866142
0
LINE
8
BLACK
6
CONTINUOUS
10
0.1759446456692913
20
0.6082233070866142
11
0.1757182677165354
21
0.6080375590551181
0
LINE
8
BLACK
6
CONTINUOUS
10
0.1757182677165354
20
0.6080375590551181
11
0.175667125984252
21
0.6079785433070866
0
LINE
8
BLACK
6
CONTINUOUS
10
0.175667125984252
20
0.6079785433070866
11
0.1755781889763779
21
0.6079225984251968
0
LINE
8
BLACK
6
CONTINUOUS
10
0.1755781889763779
20
0.6079225984251968
11
0.1754971653543307
21
0.607856062992126
0
LINE
8
BLACK
6
CONTINUOUS
10
0.1754971653543307
20
0.607856062992126
11
0.1754251181102362
21
0.6078262598425197
0
LINE
8
BLACK
6
CONTINUOUS
10
0.1754251181102362
20
0.6078262598425197
11
0.1751772440944882
21
0.6076701968503937
0
LINE
8
BLACK
6
CONTINUOUS
10
0.1751772440944882
20
0.6076701968503937
11
0.1714277165354331
21
0.6057954330708661
0
LINE
8
BLACK
6
CONTINUOUS
10
0.1714277165354331
20
0.6057954330708661
11
0.1713855905511811
21
0.6057793307086614
0
LINE
8
BLACK
6
CONTINUOUS
10
0.1713855905511811
20
0.6057793307086614
11
0.1713684645669291
21
0.6057666141732283
0
LINE
8
BLACK
6
CONTINUOUS
10
0.1713684645669291
20
0.6057666141732283
11
0.1711264960629921
21
0.6056801968503936
0
LINE
8
BLACK
6
CONTINUOUS
10
0.1711264960629921
20
0.6056801968503936
11
0.1708870866141732
21
0.6055885433070866
0
LINE
8
BLACK
6
CONTINUOUS
10
0.1708870866141732
20
0.6055885433070866
11
0.1708658267716535
21
0.6055870472440945
0
LINE
8
BLACK
6
CONTINUOUS
10
0.1708658267716535
20
0.6055870472440945
11
0.1708233464566929
21
0.6055718503937008
0
LINE
8
BLACK
6
CONTINUOUS
10
0.1708233464566929
20
0.6055718503937008
11
0.1633242913385827
21
0.6036970866141732
0
LINE
8
BLACK
6
CONTINUOUS
10
0.1633242913385827
20
0.6036970866141732
11
0.1632244094488189
21
0.6036823228346456
0
LINE
8
BLACK
6
CONTINUOUS
10
0.1632244094488189
20
0.6036823228346456
11
0.1631842125984252
21
0.6036656692913386
0
LINE
8
BLACK
6
CONTINUOUS
10
0.1631842125984252
20
0.6036656692913386
11
0.1629671653543307
21
0.6036443307086614
0
LINE
8
BLACK
6
CONTINUOUS
10
0.1629671653543307
20
0.6036443307086614
11
0.1627516929133858
21
0.6036124409448819
0
LINE
8
BLACK
6
CONTINUOUS
10
0.1627516929133858
20
0.6036124409448819
11
0.1627086614173228
21
0.6036188582677166
0
LINE
8
BLACK
6
CONTINUOUS
10
0.1627086614173228
20
0.6036188582677166
11
0.1626081496062992
21
0.603608937007874
0
LINE
8
BLACK
6
CONTINUOUS
10
0.1626081496062992
20
0.603608937007874
11
0.1569838582677165
21
0.603608937007874
0
LINE
8
BLACK
6
CONTINUOUS
10
0.1569838582677165
20
0.603608937007874
11
0.1568833070866142
21
0.6036188582677166
0
LINE
8
BLACK
6
CONTINUOUS
10
0.1568833070866142
20
0.6036188582677166
11
0.1568403149606299
21
0.6036124409448819
0
LINE
8
BLACK
6
CONTINUOUS
10
0.1568403149606299
20
0.6036124409448819
11
0.1566248031496063
21
0.6036443307086614
0
LINE
8
BLACK
6
CONTINUOUS
10
0.1566248031496063
20
0.6036443307086614
11
0.1564077952755905
21
0.6036656692913386
0
LINE
8
BLACK
6
CONTINUOUS
10
0.1564077952755905
20
0.6036656692913386
11
0.1563675590551181
21
0.6036823228346456
0
LINE
8
BLACK
6
CONTINUOUS
10
0.1563675590551181
20
0.6036823228346456
11
0.1562677165354331
21
0.6036970866141732
0
LINE
8
BLACK
6
CONTINUOUS
10
0.1562677165354331
20
0.6036970866141732
11
0.1487686614173228
21
0.6055718503937008
0
LINE
8
BLACK
6
CONTINUOUS
10
0.1487686614173228
20
0.6055718503937008
11
0.1487261417322835
21
0.6055870472440945
0
LINE
8
BLACK
6
CONTINUOUS
10
0.1487261417322835
20
0.6055870472440945
11
0.1487048818897638
21
0.6055885433070866
0
LINE
8
BLACK
6
CONTINUOUS
10
0.1487048818897638
20
0.6055885433070866
11
0.1484651181102362
21
0.6056803149606299
0
LINE
8
BLACK
6
CONTINUOUS
10
0.1484651181102362
20
0.6056803149606299
11
0.1482235433070866
21
0.6057666141732283
0
LINE
8
BLACK
6
CONTINUOUS
10
0.1482235433070866
20
0.6057666141732283
11
0.1482063779527559
21
0.6057793307086614
0
LINE
8
BLACK
6
CONTINUOUS
10
0.1482063779527559
20
0.6057793307086614
11
0.1481642913385827
21
0.6057954330708661
0
LINE
8
BLACK
6
CONTINUOUS
10
0.1481642913385827
20
0.6057954330708661
11
0.1444147637795276
21
0.6076701968503937
0
LINE
8
BLACK
6
CONTINUOUS
10
0.1444147637795276
20
0.6076701968503937
11
0.1441669291338583
21
0.6078262204724409
0
LINE
8
BLACK
6
CONTINUOUS
10
0.1441669291338583
20
0.6078262204724409
11
0.1440948031496063
21
0.607856062992126
0
LINE
8
BLACK
6
CONTINUOUS
10
0.1440948031496063
20
0.607856062992126
11
0.1440136220472441
21
0.6079226771653543
0
LINE
8
BLACK
6
CONTINUOUS
10
0.1440136220472441
20
0.6079226771653543
11
0.1439248818897638
21
0.6079785433070866
0
LINE
8
BLACK
6
CONTINUOUS
10
0.1439248818897638
20
0.6079785433070866
11
0.1438737401574803
21
0.6080374803149606
0
LINE
8
BLACK
6
CONTINUOUS
10
0.1438737401574803
20
0.6080374803149606
11
0.1436473622047244
21
0.6082233070866142
0
LINE
8
BLACK
6
CONTINUOUS
10
0.1436473622047244
20
0.6082233070866142
11
0.1398978346456693
21
0.6119728346456693
0
LINE
8
BLACK
6
CONTINUOUS
10
0.1398978346456693
20
0.6119728346456693
11
0.1395306299212598
21
0.6124202755905511
0
LINE
8
BLACK
6
CONTINUOUS
10
0.1395306299212598
20
0.6124202755905511
11
0.13949
21
0.6125183464566929
0
LINE
8
BLACK
6
CONTINUOUS
10
0.13949
20
0.6125183464566929
11
0.1394205118110236
21
0.6125984645669291
0
LINE
8
BLACK
6
CONTINUOUS
10
0.1394205118110236
20
0.6125984645669291
11
0.1391845275590551
21
0.6131270078740158
0
LINE
8
BLACK
6
CONTINUOUS
10
0.1391845275590551
20
0.6131270078740158
11
0.1373097637795276
21
0.6187512992125984
0
LINE
8
BLACK
6
CONTINUOUS
10
0.1373097637795276
20
0.6187512992125984
11
0.1372448031496063
21
0.6190368897637795
0
LINE
8
BLACK
6
CONTINUOUS
10
0.1372448031496063
20
0.6190368897637795
11
0.1372149606299213
21
0.6191089763779527
0
LINE
8
BLACK
6
CONTINUOUS
10
0.1372149606299213
20
0.6191089763779527
11
0.1372046456692913
21
0.6192135039370079
0
LINE
8
BLACK
6
CONTINUOUS
10
0.1372046456692913
20
0.6192135039370079
11
0.1371814173228346
21
0.619315748031496
0
LINE
8
BLACK
6
CONTINUOUS
10
0.1371814173228346
20
0.619315748031496
11
0.1371869291338583
21
0.6193935039370079
0
LINE
8
BLACK
6
CONTINUOUS
10
0.1371869291338583
20
0.6193935039370079
11
0.1371582283464567
21
0.6196850393700787
0
LINE
8
BLACK
6
CONTINUOUS
10
0.1371582283464567
20
0.6196850393700787
11
0.1371582283464567
21
0.6290588582677166
0
LINE
8
BLACK
6
CONTINUOUS
10
0.1371582283464567
20
0.6290588582677166
11
0.1372149606299213
21
0.6296349212598426
0
LINE
8
BLACK
6
CONTINUOUS
10
0.1372149606299213
20
0.6296349212598426
11
0.1376558661417323
21
0.6306993307086614
0
LINE
8
BLACK
6
CONTINUOUS
10
0.1376558661417323
20
0.6306993307086614
11
0.1384705118110236
21
0.6315139763779527
0
LINE
8
BLACK
6
CONTINUOUS
10
0.1384705118110236
20
0.6315139763779527
11
0.1395349212598425
21
0.6319548818897638
0
LINE
8
BLACK
6
CONTINUOUS
10
0.1395349212598425
20
0.6319548818897638
11
0.1401109842519685
21
0.6320116141732284
0
LINE
8
BLACK
6
CONTINUOUS
10
0.1401109842519685
20
0.6320116141732284
11
0.179481062992126
21
0.6320116141732284
0
LINE
8
BLACK
6
CONTINUOUS
10
0.179481062992126
20
0.6320116141732284
11
0.180057125984252
21
0.6319548818897638
0
LINE
8
BLACK
6
CONTINUOUS
10
0.1430637401574803
20
0.6201642125984251
11
0.1445665354330709
21
0.6156557874015748
0
LINE
8
BLACK
6
CONTINUOUS
10
0.1445665354330709
20
0.6156557874015748
11
0.1474843700787402
21
0.6127379527559055
0
LINE
8
BLACK
6
CONTINUOUS
10
0.1474843700787402
20
0.6127379527559055
11
0.1505153543307086
21
0.6112224803149606
0
LINE
8
BLACK
6
CONTINUOUS
10
0.1505153543307086
20
0.6112224803149606
11
0.1573474015748031
21
0.6095144488188976
0
LINE
8
BLACK
6
CONTINUOUS
10
0.1573474015748031
20
0.6095144488188976
11
0.1622446062992126
21
0.6095144488188976
0
LINE
8
BLACK
6
CONTINUOUS
10
0.1622446062992126
20
0.6095144488188976
11
0.1690766535433071
21
0.6112224803149606
0
LINE
8
BLACK
6
CONTINUOUS
10
0.1690766535433071
20
0.6112224803149606
11
0.1721076377952756
21
0.6127379921259842
0
LINE
8
BLACK
6
CONTINUOUS
10
0.1721076377952756
20
0.6127379921259842
11
0.1750255118110236
21
0.6156558267716535
0
LINE
8
BLACK
6
CONTINUOUS
10
0.1750255118110236
20
0.6156558267716535
11
0.1765283070866142
21
0.6201641732283465
0
LINE
8
BLACK
6
CONTINUOUS
10
0.1765283070866142
20
0.6201641732283465
11
0.1765283070866142
21
0.6261061023622048
0
LINE
8
BLACK
6
CONTINUOUS
10
0.1765283070866142
20
0.6261061023622048
11
0.1430637401574803
21
0.6261061023622048
0
LINE
8
BLACK
6
CONTINUOUS
10
0.1430637401574803
20
0.6261061023622048
11
0.1430637401574803
21
0.6201642125984251
0
LINE
8
BLACK
6
CONTINUOUS
10
0.6005646456692914
20
0.6644114566929133
11
0.601595157480315
21
0.6638961811023621
0
LINE
8
BLACK
6
CONTINUOUS
10
0.601595157480315
20
0.6638961811023621
11
0.6023499999999999
21
0.6630258267716536
0
LINE
8
BLACK
6
CONTINUOUS
10
0.6023499999999999
20
0.6630258267716536
11
0.6027143307086614
21
0.6619328346456693
0
LINE
8
BLACK
6
CONTINUOUS
10
0.6027143307086614
20
0.6619328346456693
11
0.6026326771653543
21
0.6607836220472441
0
LINE
8
BLACK
6
CONTINUOUS
10
0.6026326771653543
20
0.6607836220472441
11
0.6024257874015748
21
0.660243031496063
0
LINE
8
BLACK
6
CONTINUOUS
10
0.6024257874015748
20
0.660243031496063
11
0.6005510236220473
21
0.6564935039370079
0
LINE
8
BLACK
6
CONTINUOUS
10
0.6005510236220473
20
0.6564935039370079
11
0.600395
21
0.6562457086614173
0
LINE
8
BLACK
6
CONTINUOUS
10
0.600395
20
0.6562457086614173
11
0.6003651574803149
21
0.6561735433070865
0
LINE
8
BLACK
6
CONTINUOUS
10
0.6003651574803149
20
0.6561735433070865
11
0.6002985433070867
21
0.6560924015748031
0
LINE
8
BLACK
6
CONTINUOUS
10
0.6002985433070867
20
0.6560924015748031
11
0.6002426771653543
21
0.6560036220472441
0
LINE
8
BLACK
6
CONTINUOUS
10
0.6002426771653543
20
0.6560036220472441
11
0.6001837401574803
21
0.6559525196850393
0
LINE
8
BLACK
6
CONTINUOUS
10
0.6001837401574803
20
0.6559525196850393
11
0.5999979133858268
21
0.6557261023622047
0
LINE
8
BLACK
6
CONTINUOUS
10
0.5999979133858268
20
0.6557261023622047
11
0.5975395275590552
21
0.653267716535433
0
LINE
8
BLACK
6
CONTINUOUS
10
0.5975395275590552
20
0.653267716535433
11
0.6249535039370079
21
0.653267716535433
0
LINE
8
BLACK
6
CONTINUOUS
10
0.6249535039370079
20
0.653267716535433
11
0.6249535039370079
21
0.6615635433070866
0
LINE
8
BLACK
6
CONTINUOUS
10
0.6249535039370079
20
0.6615635433070866
11
0.6250102362204725
21
0.6621396062992125
0
LINE
8
BLACK
6
CONTINUOUS
10
0.6250102362204725
20
0.6621396062992125
11
0.6254511417322834
21
0.6632040157480315
0
LINE
8
BLACK
6
CONTINUOUS
10
0.6254511417322834
20
0.6632040157480315
11
0.6262657874015748
21
0.6640186614173228
0
LINE
8
BLACK
6
CONTINUOUS
10
0.6262657874015748
20
0.6640186614173228
11
0.6273301968503937
21
0.6644595669291339
0
LINE
8
BLACK
6
CONTINUOUS
10
0.6273301968503937
20
0.6644595669291339
11
0.6284823228346457
21
0.6644595669291339
0
LINE
8
BLACK
6
CONTINUOUS
10
0.6284823228346457
20
0.6644595669291339
11
0.6295467322834646
21
0.6640186614173228
0
LINE
8
BLACK
6
CONTINUOUS
10
0.6295467322834646
20
0.6640186614173228
11
0.6303613779527559
21
0.6632040157480315
0
LINE
8
BLACK
6
CONTINUOUS
10
0.6303613779527559
20
0.6632040157480315
11
0.6308022834645669
21
0.6621396062992125
0
LINE
8
BLACK
6
CONTINUOUS
10
0.6308022834645669
20
0.6621396062992125
11
0.6308590157480315
21
0.6615635433070866
0
LINE
8
BLACK
6
CONTINUOUS
10
0.6308590157480315
20
0.6615635433070866
11
0.6308590157480315
21
0.6390663779527559
0
LINE
8
BLACK
6
CONTINUOUS
10
0.6308590157480315
20
0.6390663779527559
11
0.6308022834645669
21
0.6384903149606299
0
LINE
8
BLACK
6
CONTINUOUS
10
0.6308022834645669
20
0.6384903149606299
11
0.6303613779527559
21
0.637425905511811
0
LINE
8
BLACK
6
CONTINUOUS
10
0.6303613779527559
20
0.637425905511811
11
0.6295467322834646
21
0.6366112598425197
0
LINE
8
BLACK
6
CONTINUOUS
10
0.6295467322834646
20
0.6366112598425197
11
0.6284823228346457
21
0.6361703543307087
0
LINE
8
BLACK
6
CONTINUOUS
10
0.6284823228346457
20
0.6361703543307087
11
0.6273301968503937
21
0.6361703543307087
0
LINE
8
BLACK
6
CONTINUOUS
10
0.6273301968503937
20
0.6361703543307087
11
0.6262657874015748
21
0.6366112598425197
0
LINE
8
BLACK
6
CONTINUOUS
10
0.6262657874015748
20
0.6366112598425197
11
0.6254511417322834
21
0.637425905511811
0
LINE
8
BLACK
6
CONTINUOUS
10
0.6254511417322834
20
0.637425905511811
11
0.6250102362204725
21
0.6384903149606299
0
LINE
8
BLACK
6
CONTINUOUS
10
0.6250102362204725
20
0.6384903149606299
11
0.6249535039370079
21
0.6390663779527559
0
LINE
8
BLACK
6
CONTINUOUS
10
0.6249535039370079
20
0.6390663779527559
11
0.6249535039370079
21
0.6473622047244094
0
LINE
8
BLACK
6
CONTINUOUS
10
0.6249535039370079
20
0.6473622047244094
11
0.5885361811023622
21
0.6473622047244094
0
LINE
8
BLACK
6
CONTINUOUS
10
0.5885361811023622
20
0.6473622047244094
11
0.5885340944881889
21
0.6473624409448818
0
LINE
8
BLACK
6
CONTINUOUS
10
0.5885340944881889
20
0.6473624409448818
11
0.5885330708661417
21
0.6473622047244094
0
LINE
8
BLACK
6
CONTINUOUS
10
0.5885330708661417
20
0.6473622047244094
11
0.5885300393700788
21
0.6473628346456692
0
LINE
8
BLACK
6
CONTINUOUS
10
0.5885300393700788
20
0.6473628346456692
11
0.5879601181102362
21
0.647418937007874
0
LINE
8
BLACK
6
CONTINUOUS
10
0.5879601181102362
20
0.647418937007874
11
0.5876899999999999
21
0.6475308267716535
0
LINE
8
BLACK
6
CONTINUOUS
10
0.5876899999999999
20
0.6475308267716535
11
0.5874033858267717
21
0.6475881496062992
0
LINE
8
BLACK
6
CONTINUOUS
10
0.5874033858267717
20
0.6475881496062992
11
0.5871629921259842
21
0.6477491338582677
0
LINE
8
BLACK
6
CONTINUOUS
10
0.5871629921259842
20
0.6477491338582677
11
0.5868957086614173
21
0.647859842519685
0
LINE
8
BLACK
6
CONTINUOUS
10
0.5868957086614173
20
0.647859842519685
11
0.5866889763779527
21
0.6480665748031496
0
LINE
8
BLACK
6
CONTINUOUS
10
0.5866889763779527
20
0.6480665748031496
11
0.5864461023622047
21
0.6482292125984251
0
LINE
8
BLACK
6
CONTINUOUS
10
0.5864461023622047
20
0.6482292125984251
11
0.5862855905511811
21
0.6484699606299212
0
LINE
8
BLACK
6
CONTINUOUS
10
0.5862855905511811
20
0.6484699606299212
11
0.5860810629921259
21
0.6486744881889763
0
LINE
8
BLACK
6
CONTINUOUS
10
0.5860810629921259
20
0.6486744881889763
11
0.5859691732283464
21
0.6489446062992126
0
LINE
8
BLACK
6
CONTINUOUS
10
0.5859691732283464
20
0.6489446062992126
11
0.5858070078740157
21
0.6491878346456693
0
LINE
8
BLACK
6
CONTINUOUS
10
0.5858070078740157
20
0.6491878346456693
11
0.5857508661417322
21
0.649471653543307
0
LINE
8
BLACK
6
CONTINUOUS
10
0.5857508661417322
20
0.649471653543307
11
0.5856401574803149
21
0.6497388976377952
0
LINE
8
BLACK
6
CONTINUOUS
10
0.5856401574803149
20
0.6497388976377952
11
0.5856401574803149
21
0.6500312992125984
0
LINE
8
BLACK
6
CONTINUOUS
10
0.5856401574803149
20
0.6500312992125984
11
0.5855834251968504
21
0.6503180708661417
0
LINE
8
BLACK
6
CONTINUOUS
10
0.5855834251968504
20
0.6503180708661417
11
0.5856401574803149
21
0.6506017322834645
0
LINE
8
BLACK
6
CONTINUOUS
10
0.5856401574803149
20
0.6506017322834645
11
0.5856401574803149
21
0.6508910236220472
0
LINE
8
BLACK
6
CONTINUOUS
10
0.5856401574803149
20
0.6508910236220472
11
0.5857520078740157
21
0.6511611417322835
0
LINE
8
BLACK
6
CONTINUOUS
10
0.5857520078740157
20
0.6511611417322835
11
0.5858093700787401
21
0.6514477559055118
0
LINE
8
BLACK
6
CONTINUOUS
10
0.5858093700787401
20
0.6514477559055118
11
0.5859703149606299
21
0.6516881496062992
0
LINE
8
BLACK
6
CONTINUOUS
10
0.5859703149606299
20
0.6516881496062992
11
0.5860810629921259
21
0.6519554330708661
0
LINE
8
BLACK
6
CONTINUOUS
10
0.5860810629921259
20
0.6519554330708661
11
0.5862877559055117
21
0.6521621653543307
0
LINE
8
BLACK
6
CONTINUOUS
10
0.5862877559055117
20
0.6521621653543307
11
0.5864504330708661
21
0.6524050393700788
0
LINE
8
BLACK
6
CONTINUOUS
10
0.5864504330708661
20
0.6524050393700788
11
0.5868936614173228
21
0.6527680708661417
0
LINE
8
BLACK
6
CONTINUOUS
10
0.5868936614173228
20
0.6527680708661417
11
0.5868957086614173
21
0.6527700787401575
0
LINE
8
BLACK
6
CONTINUOUS
10
0.5868957086614173
20
0.6527700787401575
11
0.5868965748031496
21
0.6527704724409449
0
LINE
8
BLACK
6
CONTINUOUS
10
0.5868965748031496
20
0.6527704724409449
11
0.5868982677165354
21
0.652771811023622
0
LINE
8
BLACK
6
CONTINUOUS
10
0.5868982677165354
20
0.652771811023622
11
0.5922792913385827
21
0.6563591732283465
0
LINE
8
BLACK
6
CONTINUOUS
10
0.5922792913385827
20
0.6563591732283465
11
0.5954832677165354
21
0.6595631102362205
0
LINE
8
BLACK
6
CONTINUOUS
10
0.5954832677165354
20
0.6595631102362205
11
0.5971437401574803
21
0.6628840551181102
0
LINE
8
BLACK
6
CONTINUOUS
10
0.5971437401574803
20
0.6628840551181102
11
0.5974520866141733
21
0.6633739370078739
0
LINE
8
BLACK
6
CONTINUOUS
10
0.5974520866141733
20
0.6633739370078739
11
0.5983224803149606
21
0.664128779527559
0
LINE
8
BLACK
6
CONTINUOUS
10
0.5983224803149606
20
0.664128779527559
11
0.5994154330708661
21
0.6644931102362205
0
LINE
8
BLACK
6
CONTINUOUS
10
0.5994154330708661
20
0.6644931102362205
11
0.6005646456692914
21
0.6644114566929133
0
LINE
8
BLACK
6
CONTINUOUS
10
0.6111338582677165
20
0.7038764960629921
11
0.6111768897637795
21
0.703882874015748
0
LINE
8
BLACK
6
CONTINUOUS
10
0.6111768897637795
20
0.703882874015748
11
0.6113923622047244
21
0.7038510236220472
0
LINE
8
BLACK
6
CONTINUOUS
10
0.6113923622047244
20
0.7038510236220472
11
0.6116094094488189
21
0.7038296456692913
0
LINE
8
BLACK
6
CONTINUOUS
10
0.6116094094488189
20
0.7038296456692913
11
0.6116496062992126
21
0.703813031496063
0
LINE
8
BLACK
6
CONTINUOUS
10
0.6116496062992126
20
0.703813031496063
11
0.6117494881889763
21
0.7037982283464567
0
LINE
8
BLACK
6
CONTINUOUS
10
0.6117494881889763
20
0.7037982283464567
11
0.6192485433070866
21
0.7019234645669291
0
LINE
8
BLACK
6
CONTINUOUS
10
0.6192485433070866
20
0.7019234645669291
11
0.6192910236220472
21
0.7019083070866141
0
LINE
8
BLACK
6
CONTINUOUS
10
0.6192910236220472
20
0.7019083070866141
11
0.6193122834645669
21
0.7019067716535433
0
LINE
8
BLACK
6
CONTINUOUS
10
0.6193122834645669
20
0.7019067716535433
11
0.6195516929133859
21
0.701815157480315
0
LINE
8
BLACK
6
CONTINUOUS
10
0.6195516929133859
20
0.701815157480315
11
0.6197936614173228
21
0.7017287007874016
0
LINE
8
BLACK
6
CONTINUOUS
10
0.6197936614173228
20
0.7017287007874016
11
0.6198107874015748
21
0.7017160236220472
0
LINE
8
BLACK
6
CONTINUOUS
10
0.6198107874015748
20
0.7017160236220472
11
0.6198529133858267
21
0.7016998818897637
0
LINE
8
BLACK
6
CONTINUOUS
10
0.6198529133858267
20
0.7016998818897637
11
0.6236024409448819
21
0.6998251181102362
0
LINE
8
BLACK
6
CONTINUOUS
10
0.6236024409448819
20
0.6998251181102362
11
0.6238503149606299
21
0.6996690944881889
0
LINE
8
BLACK
6
CONTINUOUS
10
0.6238503149606299
20
0.6996690944881889
11
0.6239223622047244
21
0.699639251968504
0
LINE
8
BLACK
6
CONTINUOUS
10
0.6239223622047244
20
0.699639251968504
11
0.6240033858267716
21
0.6995727559055118
0
LINE
8
BLACK
6
CONTINUOUS
10
0.6240033858267716
20
0.6995727559055118
11
0.6240923228346457
21
0.6995167716535433
0
LINE
8
BLACK
6
CONTINUOUS
10
0.6240923228346457
20
0.6995167716535433
11
0.6241434645669292
21
0.6994577952755905
0
LINE
8
BLACK
6
CONTINUOUS
10
0.6241434645669292
20
0.6994577952755905
11
0.624369842519685
21
0.6992720078740158
0
LINE
8
BLACK
6
CONTINUOUS
10
0.624369842519685
20
0.6992720078740158
11
0.6281194094488188
21
0.6955224803149607
0
LINE
8
BLACK
6
CONTINUOUS
10
0.6281194094488188
20
0.6955224803149607
11
0.6284866535433071
21
0.6950750393700788
0
LINE
8
BLACK
6
CONTINUOUS
10
0.6284866535433071
20
0.6950750393700788
11
0.6285272440944881
21
0.6949770078740157
0
LINE
8
BLACK
6
CONTINUOUS
10
0.6285272440944881
20
0.6949770078740157
11
0.6285967322834646
21
0.6948968897637795
0
LINE
8
BLACK
6
CONTINUOUS
10
0.6285967322834646
20
0.6948968897637795
11
0.628832716535433
21
0.6943683070866141
0
LINE
8
BLACK
6
CONTINUOUS
10
0.628832716535433
20
0.6943683070866141
11
0.6307074803149606
21
0.6887440551181102
0
LINE
8
BLACK
6
CONTINUOUS
10
0.6307074803149606
20
0.6887440551181102
11
0.6307724015748032
21
0.6884584251968504
0
LINE
8
BLACK
6
CONTINUOUS
10
0.6307724015748032
20
0.6884584251968504
11
0.6308022834645669
21
0.6883863385826772
0
LINE
8
BLACK
6
CONTINUOUS
10
0.6308022834645669
20
0.6883863385826772
11
0.6308125590551181
21
0.6882818897637795
0
LINE
8
BLACK
6
CONTINUOUS
10
0.6308125590551181
20
0.6882818897637795
11
0.6308358267716535
21
0.6881796062992126
0
LINE
8
BLACK
6
CONTINUOUS
10
0.6308358267716535
20
0.6881796062992126
11
0.6308302755905512
21
0.6881018897637795
0
LINE
8
BLACK
6
CONTINUOUS
10
0.6308302755905512
20
0.6881018897637795
11
0.6308590157480315
21
0.6878102755905512
0
LINE
8
BLACK
6
CONTINUOUS
10
0.6308590157480315
20
0.6878102755905512
11
0.6308590157480315
21
0.6840607480314961
0
LINE
8
BLACK
6
CONTINUOUS
10
0.6308590157480315
20
0.6840607480314961
11
0.6308302755905512
21
0.6837691732283464
0
LINE
8
BLACK
6
CONTINUOUS
10
0.6308302755905512
20
0.6837691732283464
11
0.6308358267716535
21
0.6836914173228347
0
LINE
8
BLACK
6
CONTINUOUS
10
0.6308358267716535
20
0.6836914173228347
11
0.6308125590551181
21
0.6835891732283464
0
LINE
8
BLACK
6
CONTINUOUS
10
0.6308125590551181
20
0.6835891732283464
11
0.6308022834645669
21
0.6834846850393701
0
LINE
8
BLACK
6
CONTINUOUS
10
0.6308022834645669
20
0.6834846850393701
11
0.6307724015748032
21
0.6834126377952756
0
LINE
8
BLACK
6
CONTINUOUS
10
0.6307724015748032
20
0.6834126377952756
11
0.6307074803149606
21
0.6831269685039369
0
LINE
8
BLACK
6
CONTINUOUS
10
0.6307074803149606
20
0.6831269685039369
11
0.628832716535433
21
0.677502716535433
0
LINE
8
BLACK
6
CONTINUOUS
10
0.628832716535433
20
0.677502716535433
11
0.6285967322834646
21
0.6769741338582677
0
LINE
8
BLACK
6
CONTINUOUS
10
0.6285967322834646
20
0.6769741338582677
11
0.6285271653543307
21
0.6768939763779528
0
LINE
8
BLACK
6
CONTINUOUS
10
0.6285271653543307
20
0.6768939763779528
11
0.6284866141732284
21
0.6767959842519685
0
LINE
8
BLACK
6
CONTINUOUS
10
0.6284866141732284
20
0.6767959842519685
11
0.6281193700787402
21
0.6763485039370078
0
LINE
8
BLACK
6
CONTINUOUS
10
0.6281193700787402
20
0.6763485039370078
11
0.6262445669291339
21
0.6744737401574803
0
LINE
8
BLACK
6
CONTINUOUS
10
0.6262445669291339
20
0.6744737401574803
11
0.625797125984252
21
0.6741065354330709
0
LINE
8
BLACK
6
CONTINUOUS
10
0.625797125984252
20
0.6741065354330709
11
0.6247327165354331
21
0.6736656692913385
0
LINE
8
BLACK
6
CONTINUOUS
10
0.6247327165354331
20
0.6736656692913385
11
0.6235806299212598
21
0.6736656692913385
0
LINE
8
BLACK
6
CONTINUOUS
10
0.6235806299212598
20
0.6736656692913385
11
0.6225162204724409
21
0.6741065748031496
0
LINE
8
BLACK
6
CONTINUOUS
10
0.6225162204724409
20
0.6741065748031496
11
0.6217015354330708
21
0.6749212598425197
0
LINE
8
BLACK
6
CONTINUOUS
10
0.6217015354330708
20
0.6749212598425197
11
0.6212606692913386
21
0.6759856692913385
0
LINE
8
BLACK
6
CONTINUOUS
10
0.6212606692913386
20
0.6759856692913385
11
0.6212606692913386
21
0.6771377559055118
0
LINE
8
BLACK
6
CONTINUOUS
10
0.6212606692913386
20
0.6771377559055118
11
0.6217015748031496
21
0.6782021653543306
0
LINE
8
BLACK
6
CONTINUOUS
10
0.6217015748031496
20
0.6782021653543306
11
0.6220688188976378
21
0.6786496456692913
0
LINE
8
BLACK
6
CONTINUOUS
10
0.6220688188976378
20
0.6786496456692913
11
0.6234507086614173
21
0.6800315354330708
0
LINE
8
BLACK
6
CONTINUOUS
10
0.6234507086614173
20
0.6800315354330708
11
0.6249535039370079
21
0.6845398818897638
0
LINE
8
BLACK
6
CONTINUOUS
10
0.6249535039370079
20
0.6845398818897638
11
0.6249535039370079
21
0.6873311417322835
0
LINE
8
BLACK
6
CONTINUOUS
10
0.6249535039370079
20
0.6873311417322835
11
0.6234507086614173
21
0.6918395275590551
0
LINE
8
BLACK
6
CONTINUOUS
10
0.6234507086614173
20
0.6918395275590551
11
0.6205328346456693
21
0.6947573622047244
0
LINE
8
BLACK
6
CONTINUOUS
10
0.6205328346456693
20
0.6947573622047244
11
0.6175018503937008
21
0.696272874015748
0
LINE
8
BLACK
6
CONTINUOUS
10
0.6175018503937008
20
0.696272874015748
11
0.6106698031496063
21
0.6979808661417323
0
LINE
8
BLACK
6
CONTINUOUS
10
0.6106698031496063
20
0.6979808661417323
11
0.6057725984251968
21
0.6979808661417323
0
LINE
8
BLACK
6
CONTINUOUS
10
0.6057725984251968
20
0.6979808661417323
11
0.5989405511811023
21
0.696272874015748
0
LINE
8
BLACK
6
CONTINUOUS
10
0.5989405511811023
20
0.696272874015748
11
0.5959095669291339
21
0.6947573622047244
0
LINE
8
BLACK
6
CONTINUOUS
10
0.5959095669291339
20
0.6947573622047244
11
0.5929917322834646
21
0.6918395669291338
0
LINE
8
BLACK
6
CONTINUOUS
10
0.5929917322834646
20
0.6918395669291338
11
0.591488937007874
21
0.6873311417322835
0
LINE
8
BLACK
6
CONTINUOUS
10
0.591488937007874
20
0.6873311417322835
11
0.591488937007874
21
0.6845399212598425
0
LINE
8
BLACK
6
CONTINUOUS
10
0.591488937007874
20
0.6845399212598425
11
0.5929917322834646
21
0.6800314960629921
0
LINE
8
BLACK
6
CONTINUOUS
10
0.5929917322834646
20
0.6800314960629921
11
0.5943736220472441
21
0.6786496062992126
0
LINE
8
BLACK
6
CONTINUOUS
10
0.5943736220472441
20
0.6786496062992126
11
0.5947408267716535
21
0.6782021653543306
0
LINE
8
BLACK
6
CONTINUOUS
10
0.5947408267716535
20
0.6782021653543306
11
0.5951817322834646
21
0.6771377559055118
0
LINE
8
BLACK
6
CONTINUOUS
10
0.5951817322834646
20
0.6771377559055118
11
0.5951817322834646
21
0.6759856692913385
0
LINE
8
BLACK
6
CONTINUOUS
10
0.5951817322834646
20
0.6759856692913385
11
0.5947408267716535
21
0.6749212598425197
0
LINE
8
BLACK
6
CONTINUOUS
10
0.5947408267716535
20
0.6749212598425197
11
0.5939261417322834
21
0.6741065748031496
0
LINE
8
BLACK
6
CONTINUOUS
10
0.5939261417322834
20
0.6741065748031496
11
0.5928617322834645
21
0.6736656692913385
0
LINE
8
BLACK
6
CONTINUOUS
10
0.5928617322834645
20
0.6736656692913385
11
0.5917096456692913
21
0.6736656692913385
0
LINE
8
BLACK
6
CONTINUOUS
10
0.5917096456692913
20
0.6736656692913385
11
0.5906452362204724
21
0.6741065748031496
0
LINE
8
BLACK
6
CONTINUOUS
10
0.5906452362204724
20
0.6741065748031496
11
0.5901977952755906
21
0.674473779527559
0
LINE
8
BLACK
6
CONTINUOUS
10
0.5901977952755906
20
0.674473779527559
11
0.588323031496063
21
0.6763485433070866
0
LINE
8
BLACK
6
CONTINUOUS
10
0.588323031496063
20
0.6763485433070866
11
0.5879558267716535
21
0.6767959842519685
0
LINE
8
BLACK
6
CONTINUOUS
10
0.5879558267716535
20
0.6767959842519685
11
0.5879151968503937
21
0.6768940551181102
0
LINE
8
BLACK
6
CONTINUOUS
10
0.5879151968503937
20
0.6768940551181102
11
0.5878457086614173
21
0.6769741732283464
0
LINE
8
BLACK
6
CONTINUOUS
10
0.5878457086614173
20
0.6769741732283464
11
0.5876097244094488
21
0.677502716535433
0
LINE
8
BLACK
6
CONTINUOUS
10
0.5876097244094488
20
0.677502716535433
11
0.5857349606299213
21
0.6831270078740157
0
LINE
8
BLACK
6
CONTINUOUS
10
0.5857349606299213
20
0.6831270078740157
11
0.58567
21
0.6834125984251969
0
LINE
8
BLACK
6
CONTINUOUS
10
0.58567
20
0.6834125984251969
11
0.5856401574803149
21
0.6834846850393701
0
LINE
8
BLACK
6
CONTINUOUS
10
0.5856401574803149
20
0.6834846850393701
11
0.585629842519685
21
0.6835892125984252
0
LINE
8
BLACK
6
CONTINUOUS
10
0.585629842519685
20
0.6835892125984252
11
0.5856066141732283
21
0.6836914566929134
0
LINE
8
BLACK
6
CONTINUOUS
10
0.5856066141732283
20
0.6836914566929134
11
0.5856121259842519
21
0.6837692125984252
0
LINE
8
BLACK
6
CONTINUOUS
10
0.5856121259842519
20
0.6837692125984252
11
0.5855834251968504
21
0.6840607480314961
0
LINE
8
BLACK
6
CONTINUOUS
10
0.5855834251968504
20
0.6840607480314961
11
0.5855834251968504
21
0.6878102755905512
0
LINE
8
BLACK
6
CONTINUOUS
10
0.5855834251968504
20
0.6878102755905512
11
0.5856121259842519
21
0.6881018503937008
0
LINE
8
BLACK
6
CONTINUOUS
10
0.5856121259842519
20
0.6881018503937008
11
0.5856066141732283
21
0.6881795669291338
0
LINE
8
BLACK
6
CONTINUOUS
10
0.5856066141732283
20
0.6881795669291338
11
0.585629842519685
21
0.6882818503937008
0
LINE
8
BLACK
6
CONTINUOUS
10
0.585629842519685
20
0.6882818503937008
11
0.5856401574803149
21
0.6883863385826772
0
LINE
8
BLACK
6
CONTINUOUS
10
0.5856401574803149
20
0.6883863385826772
11
0.58567
21
0.6884584645669292
0
LINE
8
BLACK
6
CONTINUOUS
10
0.58567
20
0.6884584645669292
11
0.5857349606299213
21
0.6887440157480315
0
LINE
8
BLACK
6
CONTINUOUS
10
0.5857349606299213
20
0.6887440157480315
11
0.5876097244094488
21
0.6943683070866141
0
LINE
8
BLACK
6
CONTINUOUS
10
0.5876097244094488
20
0.6943683070866141
11
0.5878457086614173
21
0.6948968503937007
0
LINE
8
BLACK
6
CONTINUOUS
10
0.5878457086614173
20
0.6948968503937007
11
0.5879151968503937
21
0.6949770078740157
0
LINE
8
BLACK
6
CONTINUOUS
10
0.5879151968503937
20
0.6949770078740157
11
0.5879558267716535
21
0.6950750393700788
0
LINE
8
BLACK
6
CONTINUOUS
10
0.5879558267716535
20
0.6950750393700788
11
0.588323031496063
21
0.6955224803149607
0
LINE
8
BLACK
6
CONTINUOUS
10
0.588323031496063
20
0.6955224803149607
11
0.5920725590551181
21
0.6992720078740158
0
LINE
8
BLACK
6
CONTINUOUS
10
0.5920725590551181
20
0.6992720078740158
11
0.5922989370078739
21
0.699457874015748
0
LINE
8
BLACK
6
CONTINUOUS
10
0.5922989370078739
20
0.699457874015748
11
0.5923500787401574
21
0.6995167716535433
0
LINE
8
BLACK
6
CONTINUOUS
10
0.5923500787401574
20
0.6995167716535433
11
0.5924388188976378
21
0.6995726771653543
0
LINE
8
BLACK
6
CONTINUOUS
10
0.5924388188976378
20
0.6995726771653543
11
0.5925199999999999
21
0.699639251968504
0
LINE
8
BLACK
6
CONTINUOUS
10
0.5925199999999999
20
0.699639251968504
11
0.5925921259842519
21
0.6996691338582677
0
LINE
8
BLACK
6
CONTINUOUS
10
0.5925921259842519
20
0.6996691338582677
11
0.5928399606299213
21
0.6998251181102362
0
LINE
8
BLACK
6
CONTINUOUS
10
0.5928399606299213
20
0.6998251181102362
11
0.5965894881889764
21
0.7016998818897637
0
LINE
8
BLACK
6
CONTINUOUS
10
0.5965894881889764
20
0.7016998818897637
11
0.5966315748031495
21
0.7017160236220472
0
LINE
8
BLACK
6
CONTINUOUS
10
0.5966315748031495
20
0.7017160236220472
11
0.5966487401574803
21
0.7017287007874016
0
LINE
8
BLACK
6
CONTINUOUS
10
0.5966487401574803
20
0.7017287007874016
11
0.5968903149606299
21
0.7018150393700787
0
LINE
8
BLACK
6
CONTINUOUS
10
0.5968903149606299
20
0.7018150393700787
11
0.5971300787401574
21
0.7019067716535433
0
LINE
8
BLACK
6
CONTINUOUS
10
0.5971300787401574
20
0.7019067716535433
11
0.5971513385826771
21
0.7019083070866141
0
LINE
8
BLACK
6
CONTINUOUS
10
0.5971513385826771
20
0.7019083070866141
11
0.5971938582677165
21
0.7019234645669291
0
LINE
8
BLACK
6
CONTINUOUS
10
0.5971938582677165
20
0.7019234645669291
11
0.6046929133858268
21
0.7037982283464567
0
LINE
8
BLACK
6
CONTINUOUS
10
0.6046929133858268
20
0.7037982283464567
11
0.6047927559055118
21
0.703813031496063
0
LINE
8
BLACK
6
CONTINUOUS
10
0.6047927559055118
20
0.703813031496063
11
0.6048329921259843
21
0.7038296456692913
0
LINE
8
BLACK
6
CONTINUOUS
10
0.6048329921259843
20
0.7038296456692913
11
0.60505
21
0.7038510236220472
0
LINE
8
BLACK
6
CONTINUOUS
10
0.60505
20
0.7038510236220472
11
0.6052655118110236
21
0.703882874015748
0
LINE
8
BLACK
6
CONTINUOUS
10
0.6052655118110236
20
0.703882874015748
11
0.6053085039370079
21
0.7038764960629921
0
LINE
8
BLACK
6
CONTINUOUS
10
0.6053085039370079
20
0.7038764960629921
11
0.6054090551181103
21
0.7038863779527559
0
LINE
8
BLACK
6
CONTINUOUS
10
0.6054090551181103
20
0.7038863779527559
11
0.6110333464566929
21
0.7038863779527559
0
LINE
8
BLACK
6
CONTINUOUS
10
0.6110333464566929
20
0.7038863779527559
11
0.6111338582677165
21
0.7038764960629921
0
LINE
8
BLACK
6
CONTINUOUS
10
0.3211894881889764
20
0.7832453937007874
11
0.3224679133858268
21
0.781966968503937
0
LINE
8
BLACK
6
CONTINUOUS
10
0.3224679133858268
20
0.781966968503937
11
0.3224679133858268
21
0.7801590157480315
0
LINE
8
BLACK
6
CONTINUOUS
10
0.3224679133858268
20
0.7801590157480315
11
0.3211894881889764
21
0.7788805905511811
0
LINE
8
BLACK
6
CONTINUOUS
10
0.3211894881889764
20
0.7788805905511811
11
0.3202855118110236
21
0.7787007874015748
0
LINE
8
BLACK
6
CONTINUOUS
10
0.3202855118110236
20
0.7787007874015748
11
0.2997144881889764
21
0.7787007874015748
0
LINE
8
BLACK
6
CONTINUOUS
10
0.2997144881889764
20
0.7787007874015748
11
0.2988105118110236
21
0.7788805905511811
0
LINE
8
BLACK
6
CONTINUOUS
10
0.2988105118110236
20
0.7788805905511811
11
0.2975320866141732
21
0.7801590157480315
0
LINE
8
BLACK
6
CONTINUOUS
10
0.2975320866141732
20
0.7801590157480315
11
0.2975320866141732
21
0.781966968503937
0
LINE
8
BLACK
6
CONTINUOUS
10
0.2975320866141732
20
0.781966968503937
11
0.2988105118110236
21
0.7832453937007874
0
LINE
8
BLACK
6
CONTINUOUS
10
0.2988105118110236
20
0.7832453937007874
11
0.2997144881889764
21
0.7834251968503937
0
LINE
8
BLACK
6
CONTINUOUS
10
0.2997144881889764
20
0.7834251968503937
11
0.3202855118110236
21
0.7834251968503937
0
LINE
8
BLACK
6
CONTINUOUS
10
0.3202855118110236
20
0.7834251968503937
11
0.3211894881889764
21
0.7832453937007874
0
LINE
8
BLACK
6
CONTINUOUS
10
0.4611894881889764
20
0.7832453937007874
11
0.4624679133858268
21
0.781966968503937
0
LINE
8
BLACK
6
CONTINUOUS
10
0.4624679133858268
20
0.781966968503937
11
0.4624679133858268
21
0.7801590157480315
0
LINE
8
BLACK
6
CONTINUOUS
10
0.4624679133858268
20
0.7801590157480315
11
0.4611894881889764
21
0.7788805905511811
0
LINE
8
BLACK
6
CONTINUOUS
10
0.4611894881889764
20
0.7788805905511811
11
0.4602855118110236
21
0.7787007874015748
0
LINE
8
BLACK
6
CONTINUOUS
10
0.4602855118110236
20
0.7787007874015748
11
0.4397144881889763
21
0.7787007874015748
0
LINE
8
BLACK
6
CONTINUOUS
10
0.4397144881889763
20
0.7787007874015748
11
0.4388105118110236
21
0.7788805905511811
0
LINE
8
BLACK
6
CONTINUOUS
10
0.4388105118110236
20
0.7788805905511811
11
0.4375320866141732
21
0.7801590157480315
0
LINE
8
BLACK
6
CONTINUOUS
10
0.4375320866141732
20
0.7801590157480315
11
0.4375320866141732
21
0.781966968503937
0
LINE
8
BLACK
6
CONTINUOUS
10
0.4375320866141732
20
0.781966968503937
11
0.4388105118110236
21
0.7832453937007874
0
LINE
8
BLACK
6
CONTINUOUS
10
0.4388105118110236
20
0.7832453937007874
11
0.4397144881889763
21
0.7834251968503937
0
LINE
8
BLACK
6
CONTINUOUS
10
0.4397144881889763
20
0.7834251968503937
11
0.4602855118110236
21
0.7834251968503937
0
LINE
8
BLACK
6
CONTINUOUS
10
0.4602855118110236
20
0.7834251968503937
11
0.4611894881889764
21
0.7832453937007874
0
LINE
8
BLACK
6
CONTINUOUS
10
0.6242453937007874
20
0.8098435039370079
11
0.6244251968503937
21
0.8089395275590551
0
LINE
8
BLACK
6
CONTINUOUS
10
0.6244251968503937
20
0.8089395275590551
11
0.6244251968503937
21
0.7910604724409449
0
LINE
8
BLACK
6
CONTINUOUS
10
0.6244251968503937
20
0.7910604724409449
11
0.6242453937007874
21
0.7901564960629921
0
LINE
8
BLACK
6
CONTINUOUS
10
0.6242453937007874
20
0.7901564960629921
11
0.622966968503937
21
0.7888780708661417
0
LINE
8
BLACK
6
CONTINUOUS
10
0.622966968503937
20
0.7888780708661417
11
0.6211590157480315
21
0.7888780708661417
0
LINE
8
BLACK
6
CONTINUOUS
10
0.6211590157480315
20
0.7888780708661417
11
0.6198805905511811
21
0.7901564960629921
0
LINE
8
BLACK
6
CONTINUOUS
10
0.6198805905511811
20
0.7901564960629921
11
0.6197007874015747
21
0.7910604724409449
0
LINE
8
BLACK
6
CONTINUOUS
10
0.6197007874015747
20
0.7910604724409449
11
0.6197007874015747
21
0.8089395275590551
0
LINE
8
BLACK
6
CONTINUOUS
10
0.6197007874015747
20
0.8089395275590551
11
0.6198805905511811
21
0.8098435039370079
0
LINE
8
BLACK
6
CONTINUOUS
10
0.6198805905511811
20
0.8098435039370079
11
0.6211590157480315
21
0.8111219291338583
0
LINE
8
BLACK
6
CONTINUOUS
10
0.6211590157480315
20
0.8111219291338583
11
0.622966968503937
21
0.8111219291338583
0
LINE
8
BLACK
6
CONTINUOUS
10
0.622966968503937
20
0.8111219291338583
11
0.6242453937007874
21
0.8098435039370079
0
LINE
8
BLACK
6
CONTINUOUS
10
0.6821194094488189
20
0.8098435039370079
11
0.6822992125984252
21
0.8089395275590551
0
LINE
8
BLACK
6
CONTINUOUS
10
0.6822992125984252
20
0.8089395275590551
11
0.6822992125984252
21
0.7910604724409449
0
LINE
8
BLACK
6
CONTINUOUS
10
0.6822992125984252
20
0.7910604724409449
11
0.6821194094488189
21
0.7901564960629921
0
LINE
8
BLACK
6
CONTINUOUS
10
0.6821194094488189
20
0.7901564960629921
11
0.6808409842519685
21
0.7888780708661417
0
LINE
8
BLACK
6
CONTINUOUS
10
0.6808409842519685
20
0.7888780708661417
11
0.679033031496063
21
0.7888780708661417
0
LINE
8
BLACK
6
CONTINUOUS
10
0.679033031496063
20
0.7888780708661417
11
0.6777546062992126
21
0.7901564960629921
0
LINE
8
BLACK
6
CONTINUOUS
10
0.6777546062992126
20
0.7901564960629921
11
0.6775748031496063
21
0.7910604724409449
0
LINE
8
BLACK
6
CONTINUOUS
10
0.6775748031496063
20
0.7910604724409449
11
0.6775748031496063
21
0.8089395275590551
0
LINE
8
BLACK
6
CONTINUOUS
10
0.6775748031496063
20
0.8089395275590551
11
0.6777546062992126
21
0.8098435039370079
0
LINE
8
BLACK
6
CONTINUOUS
10
0.6777546062992126
20
0.8098435039370079
11
0.679033031496063
21
0.8111219291338583
0
LINE
8
BLACK
6
CONTINUOUS
10
0.679033031496063
20
0.8111219291338583
11
0.6808409842519685
21
0.8111219291338583
0
LINE
8
BLACK
6
CONTINUOUS
10
0.6808409842519685
20
0.8111219291338583
11
0.6821194094488189
21
0.8098435039370079
0
LINE
8
BLACK
6
CONTINUOUS
10
0.2151017716535433
20
0.843387874015748
11
0.2151795275590551
21
0.8433933858267716
0
LINE
8
BLACK
6
CONTINUOUS
10
0.2151795275590551
20
0.8433933858267716
11
0.2152817716535433
21
0.843370157480315
0
LINE
8
BLACK
6
CONTINUOUS
10
0.2152817716535433
20
0.843370157480315
11
0.2153862992125984
21
0.843359842519685
0
LINE
8
BLACK
6
CONTINUOUS
10
0.2153862992125984
20
0.843359842519685
11
0.2154583858267717
21
0.84333
0
LINE
8
BLACK
6
CONTINUOUS
10
0.2154583858267717
20
0.84333
11
0.2157439763779528
21
0.8432650393700787
0
LINE
8
BLACK
6
CONTINUOUS
10
0.2157439763779528
20
0.8432650393700787
11
0.2213682677165354
21
0.8413902755905511
0
LINE
8
BLACK
6
CONTINUOUS
10
0.2213682677165354
20
0.8413902755905511
11
0.221896811023622
21
0.8411542913385827
0
LINE
8
BLACK
6
CONTINUOUS
10
0.221896811023622
20
0.8411542913385827
11
0.2219769291338583
21
0.8410848031496063
0
LINE
8
BLACK
6
CONTINUOUS
10
0.2219769291338583
20
0.8410848031496063
11
0.222075
21
0.8410441732283465
0
LINE
8
BLACK
6
CONTINUOUS
10
0.222075
20
0.8410441732283465
11
0.2225224409448819
21
0.840676968503937
0
LINE
8
BLACK
6
CONTINUOUS
10
0.2225224409448819
20
0.840676968503937
11
0.226271968503937
21
0.8369274409448819
0
LINE
8
BLACK
6
CONTINUOUS
10
0.226271968503937
20
0.8369274409448819
11
0.2264577952755905
21
0.836701062992126
0
LINE
8
BLACK
6
CONTINUOUS
10
0.2264577952755905
20
0.836701062992126
11
0.2265167322834646
21
0.8366499212598425
0
LINE
8
BLACK
6
CONTINUOUS
10
0.2265167322834646
20
0.8366499212598425
11
0.2265725984251968
21
0.8365611811023622
0
LINE
8
BLACK
6
CONTINUOUS
10
0.2265725984251968
20
0.8365611811023622
11
0.2266392125984252
21
0.83648
0
LINE
8
BLACK
6
CONTINUOUS
10
0.2266392125984252
20
0.83648
11
0.2266690551181102
21
0.836407874015748
0
LINE
8
BLACK
6
CONTINUOUS
10
0.2266690551181102
20
0.836407874015748
11
0.2268250787401575
21
0.8361600393700788
0
LINE
8
BLACK
6
CONTINUOUS
10
0.2268250787401575
20
0.8361600393700788
11
0.228699842519685
21
0.8324105118110237
0
LINE
8
BLACK
6
CONTINUOUS
10
0.228699842519685
20
0.8324105118110237
11
0.2287159448818898
21
0.8323684251968504
0
LINE
8
BLACK
6
CONTINUOUS
10
0.2287159448818898
20
0.8323684251968504
11
0.2287286614173228
21
0.8323512598425197
0
LINE
8
BLACK
6
CONTINUOUS
10
0.2287286614173228
20
0.8323512598425197
11
0.2288149606299213
21
0.8321096850393701
0
LINE
8
BLACK
6
CONTINUOUS
10
0.2288149606299213
20
0.8321096850393701
11
0.2289067322834646
21
0.8318699212598425
0
LINE
8
BLACK
6
CONTINUOUS
10
0.2289067322834646
20
0.8318699212598425
11
0.2289082283464567
21
0.8318486614173228
0
LINE
8
BLACK
6
CONTINUOUS
10
0.2289082283464567
20
0.8318486614173228
11
0.2289234251968504
21
0.8318061417322834
0
LINE
8
BLACK
6
CONTINUOUS
10
0.2289234251968504
20
0.8318061417322834
11
0.2307981889763779
21
0.8243070866141732
0
LINE
8
BLACK
6
CONTINUOUS
10
0.2307981889763779
20
0.8243070866141732
11
0.2308129527559055
21
0.8242072440944882
0
LINE
8
BLACK
6
CONTINUOUS
10
0.2308129527559055
20
0.8242072440944882
11
0.2308296062992126
21
0.8241670078740158
0
LINE
8
BLACK
6
CONTINUOUS
10
0.2308296062992126
20
0.8241670078740158
11
0.2308509448818898
21
0.82395
0
LINE
8
BLACK
6
CONTINUOUS
10
0.2308509448818898
20
0.82395
11
0.2308828346456693
21
0.8237344881889763
0
LINE
8
BLACK
6
CONTINUOUS
10
0.2308828346456693
20
0.8237344881889763
11
0.2308764173228346
21
0.8236914960629921
0
LINE
8
BLACK
6
CONTINUOUS
10
0.2308764173228346
20
0.8236914960629921
11
0.2308863385826772
21
0.8235909448818898
0
LINE
8
BLACK
6
CONTINUOUS
10
0.2308863385826772
20
0.8235909448818898
11
0.2308863385826772
21
0.8179666535433071
0
LINE
8
BLACK
6
CONTINUOUS
10
0.2308863385826772
20
0.8179666535433071
11
0.2308764173228346
21
0.8178661417322834
0
LINE
8
BLACK
6
CONTINUOUS
10
0.2308764173228346
20
0.8178661417322834
11
0.2308828346456693
21
0.8178231102362205
0
LINE
8
BLACK
6
CONTINUOUS
10
0.2308828346456693
20
0.8178231102362205
11
0.2308509448818898
21
0.8176076377952756
0
LINE
8
BLACK
6
CONTINUOUS
10
0.2308509448818898
20
0.8176076377952756
11
0.2308296062992126
21
0.8173905905511811
0
LINE
8
BLACK
6
CONTINUOUS
10
0.2308296062992126
20
0.8173905905511811
11
0.2308129527559055
21
0.8173503937007874
0
LINE
8
BLACK
6
CONTINUOUS
10
0.2308129527559055
20
0.8173503937007874
11
0.2307981889763779
21
0.8172505118110236
0
LINE
8
BLACK
6
CONTINUOUS
10
0.2307981889763779
20
0.8172505118110236
11
0.2289234251968504
21
0.8097514566929134
0
LINE
8
BLACK
6
CONTINUOUS
10
0.2289234251968504
20
0.8097514566929134
11
0.2289082283464567
21
0.8097089763779527
0
LINE
8
BLACK
6
CONTINUOUS
10
0.2289082283464567
20
0.8097089763779527
11
0.2289067322834646
21
0.8096876771653543
0
LINE
8
BLACK
6
CONTINUOUS
10
0.2289067322834646
20
0.8096876771653543
11
0.2288149606299213
21
0.8094479527559055
0
LINE
8
BLACK
6
CONTINUOUS
10
0.2288149606299213
20
0.8094479527559055
11
0.2287286614173228
21
0.8092063385826771
0
LINE
8
BLACK
6
CONTINUOUS
10
0.2287286614173228
20
0.8092063385826771
11
0.2287159448818898
21
0.8091892125984251
0
LINE
8
BLACK
6
CONTINUOUS
10
0.2287159448818898
20
0.8091892125984251
11
0.228699842519685
21
0.8091470866141732
0
LINE
8
BLACK
6
CONTINUOUS
10
0.228699842519685
20
0.8091470866141732
11
0.2268250787401575
21
0.8053975590551181
0
LINE
8
BLACK
6
CONTINUOUS
10
0.2268250787401575
20
0.8053975590551181
11
0.2266690157480315
21
0.80514968503937
0
LINE
8
BLACK
6
CONTINUOUS
10
0.2266690157480315
20
0.80514968503937
11
0.2266392125984252
21
0.8050776377952755
0
LINE
8
BLACK
6
CONTINUOUS
10
0.2266392125984252
20
0.8050776377952755
11
0.2265726771653543
21
0.8049966141732283
0
LINE
8
BLACK
6
CONTINUOUS
10
0.2265726771653543
20
0.8049966141732283
11
0.2265167322834646
21
0.8049076771653543
0
LINE
8
BLACK
6
CONTINUOUS
10
0.2265167322834646
20
0.8049076771653543
11
0.2264577165354331
21
0.8048565354330709
0
LINE
8
BLACK
6
CONTINUOUS
10
0.2264577165354331
20
0.8048565354330709
11
0.2262720078740157
21
0.8046301968503937
0
LINE
8
BLACK
6
CONTINUOUS
10
0.2262720078740157
20
0.8046301968503937
11
0.2225224409448819
21
0.8008805905511811
0
LINE
8
BLACK
6
CONTINUOUS
10
0.2225224409448819
20
0.8008805905511811
11
0.222075
21
0.8005133858267717
0
LINE
8
BLACK
6
CONTINUOUS
10
0.222075
20
0.8005133858267717
11
0.2219769291338583
21
0.8004727952755906
0
LINE
8
BLACK
6
CONTINUOUS
10
0.2219769291338583
20
0.8004727952755906
11
0.221896811023622
21
0.8004032677165354
0
LINE
8
BLACK
6
CONTINUOUS
10
0.221896811023622
20
0.8004032677165354
11
0.2213682677165354
21
0.8001672834645669
0
LINE
8
BLACK
6
CONTINUOUS
10
0.2213682677165354
20
0.8001672834645669
11
0.2157439763779528
21
0.7982925196850393
0
LINE
8
BLACK
6
CONTINUOUS
10
0.2157439763779528
20
0.7982925196850393
11
0.2154583858267717
21
0.7982275984251969
0
LINE
8
BLACK
6
CONTINUOUS
10
0.2154583858267717
20
0.7982275984251969
11
0.2153862992125984
21
0.798197716535433
0
LINE
8
BLACK
6
CONTINUOUS
10
0.2153862992125984
20
0.798197716535433
11
0.2152817716535433
21
0.7981874409448819
0
LINE
8
BLACK
6
CONTINUOUS
10
0.2152817716535433
20
0.7981874409448819
11
0.2151795275590551
21
0.7981641732283464
0
LINE
8
BLACK
6
CONTINUOUS
10
0.2151795275590551
20
0.7981641732283464
11
0.2151017716535433
21
0.7981697244094488
0
LINE
8
BLACK
6
CONTINUOUS
10
0.2151017716535433
20
0.7981697244094488
11
0.2148102362204724
21
0.7981409842519684
0
LINE
8
BLACK
6
CONTINUOUS
10
0.2148102362204724
20
0.7981409842519684
11
0.2110607086614173
21
0.7981409842519684
0
LINE
8
BLACK
6
CONTINUOUS
10
0.2110607086614173
20
0.7981409842519684
11
0.210769094488189
21
0.7981697244094488
0
LINE
8
BLACK
6
CONTINUOUS
10
0.210769094488189
20
0.7981697244094488
11
0.2106913779527559
21
0.7981641732283464
0
LINE
8
BLACK
6
CONTINUOUS
10
0.2106913779527559
20
0.7981641732283464
11
0.210589094488189
21
0.7981874409448819
0
LINE
8
BLACK
6
CONTINUOUS
10
0.210589094488189
20
0.7981874409448819
11
0.2104846456692913
21
0.798197716535433
0
LINE
8
BLACK
6
CONTINUOUS
10
0.2104846456692913
20
0.798197716535433
11
0.2104125590551181
21
0.7982275984251969
0
LINE
8
BLACK
6
CONTINUOUS
10
0.2104125590551181
20
0.7982275984251969
11
0.2101269291338583
21
0.7982925196850393
0
LINE
8
BLACK
6
CONTINUOUS
10
0.2101269291338583
20
0.7982925196850393
11
0.2045026771653543
21
0.8001672834645669
0
LINE
8
BLACK
6
CONTINUOUS
10
0.2045026771653543
20
0.8001672834645669
11
0.203974094488189
21
0.8004032677165354
0
LINE
8
BLACK
6
CONTINUOUS
10
0.203974094488189
20
0.8004032677165354
11
0.2038938976377953
21
0.8004728346456693
0
LINE
8
BLACK
6
CONTINUOUS
10
0.2038938976377953
20
0.8004728346456693
11
0.2037959448818898
21
0.8005133858267717
0
LINE
8
BLACK
6
CONTINUOUS
10
0.2037959448818898
20
0.8005133858267717
11
0.2033484645669291
21
0.8008806299212599
0
LINE
8
BLACK
6
CONTINUOUS
10
0.2033484645669291
20
0.8008806299212599
11
0.2014737007874016
21
0.8027554330708662
0
LINE
8
BLACK
6
CONTINUOUS
10
0.2014737007874016
20
0.8027554330708662
11
0.2011064960629921
21
0.803202874015748
0
LINE
8
BLACK
6
CONTINUOUS
10
0.2011064960629921
20
0.803202874015748
11
0.2006656299212598
21
0.8042672834645669
0
LINE
8
BLACK
6
CONTINUOUS
10
0.2006656299212598
20
0.8042672834645669
11
0.2006656299212598
21
0.8054193700787401
0
LINE
8
BLACK
6
CONTINUOUS
10
0.2006656299212598
20
0.8054193700787401
11
0.2011065354330709
21
0.806483779527559
0
LINE
8
BLACK
6
CONTINUOUS
10
0.2011065354330709
20
0.806483779527559
11
0.2019212204724409
21
0.8072984645669291
0
LINE
8
BLACK
6
CONTINUOUS
10
0.2019212204724409
20
0.8072984645669291
11
0.2029856299212598
21
0.8077393307086614
0
LINE
8
BLACK
6
CONTINUOUS
10
0.2029856299212598
20
0.8077393307086614
11
0.2041377165354331
21
0.8077393307086614
0
LINE
8
BLACK
6
CONTINUOUS
10
0.2041377165354331
20
0.8077393307086614
11
0.205202125984252
21
0.8072984251968504
0
LINE
8
BLACK
6
CONTINUOUS
10
0.205202125984252
20
0.8072984251968504
11
0.2056496062992126
21
0.8069311811023622
0
LINE
8
BLACK
6
CONTINUOUS
10
0.2056496062992126
20
0.8069311811023622
11
0.2070314566929134
21
0.8055492913385827
0
LINE
8
BLACK
6
CONTINUOUS
10
0.2070314566929134
20
0.8055492913385827
11
0.211539842519685
21
0.8040464960629921
0
LINE
8
BLACK
6
CONTINUOUS
10
0.211539842519685
20
0.8040464960629921
11
0.2143311023622047
21
0.8040464960629921
0
LINE
8
BLACK
6
CONTINUOUS
10
0.2143311023622047
20
0.8040464960629921
11
0.2188394881889764
21
0.8055493307086614
0
LINE
8
BLACK
6
CONTINUOUS
10
0.2188394881889764
20
0.8055493307086614
11
0.2217572834645669
21
0.8084671653543307
0
LINE
8
BLACK
6
CONTINUOUS
10
0.2217572834645669
20
0.8084671653543307
11
0.2232727952755905
21
0.8114981496062992
0
LINE
8
BLACK
6
CONTINUOUS
10
0.2232727952755905
20
0.8114981496062992
11
0.2249808267716535
21
0.8183301968503937
0
LINE
8
BLACK
6
CONTINUOUS
10
0.2249808267716535
20
0.8183301968503937
11
0.2249808267716535
21
0.8232274015748031
0
LINE
8
BLACK
6
CONTINUOUS
10
0.2249808267716535
20
0.8232274015748031
11
0.2232727952755905
21
0.8300594488188976
0
LINE
8
BLACK
6
CONTINUOUS
10
0.2232727952755905
20
0.8300594488188976
11
0.2217573228346457
21
0.8330904330708662
0
LINE
8
BLACK
6
CONTINUOUS
10
0.2217573228346457
20
0.8330904330708662
11
0.2188394881889764
21
0.8360082677165355
0
LINE
8
BLACK
6
CONTINUOUS
10
0.2188394881889764
20
0.8360082677165355
11
0.2143311023622047
21
0.837511062992126
0
LINE
8
BLACK
6
CONTINUOUS
10
0.2143311023622047
20
0.837511062992126
11
0.211539842519685
21
0.837511062992126
0
LINE
8
BLACK
6
CONTINUOUS
10
0.211539842519685
20
0.837511062992126
11
0.2070314566929134
21
0.8360082677165355
0
LINE
8
BLACK
6
CONTINUOUS
10
0.2070314566929134
20
0.8360082677165355
11
0.2056495669291339
21
0.8346263779527558
0
LINE
8
BLACK
6
CONTINUOUS
10
0.2056495669291339
20
0.8346263779527558
11
0.205202125984252
21
0.8342591732283464
0
LINE
8
BLACK
6
CONTINUOUS
10
0.205202125984252
20
0.8342591732283464
11
0.2041376771653543
21
0.8338182677165354
0
LINE
8
BLACK
6
CONTINUOUS
10
0.2041376771653543
20
0.8338182677165354
11
0.2029856299212598
21
0.8338182677165354
0
LINE
8
BLACK
6
CONTINUOUS
10
0.2029856299212598
20
0.8338182677165354
11
0.2019211811023622
21
0.8342591732283464
0
LINE
8
BLACK
6
CONTINUOUS
10
0.2019211811023622
20
0.8342591732283464
11
0.2011065354330709
21
0.8350738188976378
0
LINE
8
BLACK
6
CONTINUOUS
10
0.2011065354330709
20
0.8350738188976378
11
0.2006656299212598
21
0.8361382677165354
0
LINE
8
BLACK
6
CONTINUOUS
10
0.2006656299212598
20
0.8361382677165354
11
0.2006656299212598
21
0.8372903149606299
0
LINE
8
BLACK
6
CONTINUOUS
10
0.2006656299212598
20
0.8372903149606299
11
0.2011065354330709
21
0.8383547637795276
0
LINE
8
BLACK
6
CONTINUOUS
10
0.2011065354330709
20
0.8383547637795276
11
0.2014737401574803
21
0.8388022047244095
0
LINE
8
BLACK
6
CONTINUOUS
10
0.2014737401574803
20
0.8388022047244095
11
0.2033485039370079
21
0.840676968503937
0
LINE
8
BLACK
6
CONTINUOUS
10
0.2033485039370079
20
0.840676968503937
11
0.2037959448818898
21
0.8410441732283465
0
LINE
8
BLACK
6
CONTINUOUS
10
0.2037959448818898
20
0.8410441732283465
11
0.2038938976377953
21
0.8410847637795276
0
LINE
8
BLACK
6
CONTINUOUS
10
0.2038938976377953
20
0.8410847637795276
11
0.203974094488189
21
0.8411542913385827
0
LINE
8
BLACK
6
CONTINUOUS
10
0.203974094488189
20
0.8411542913385827
11
0.2045026771653543
21
0.8413902755905511
0
LINE
8
BLACK
6
CONTINUOUS
10
0.2045026771653543
20
0.8413902755905511
11
0.2101269291338583
21
0.8432650393700787
0
LINE
8
BLACK
6
CONTINUOUS
10
0.2101269291338583
20
0.8432650393700787
11
0.2104125590551181
21
0.84333
0
LINE
8
BLACK
6
CONTINUOUS
10
0.2104125590551181
20
0.84333
11
0.2104846456692913
21
0.843359842519685
0
LINE
8
BLACK
6
CONTINUOUS
10
0.2104846456692913
20
0.843359842519685
11
0.210589094488189
21
0.843370157480315
0
LINE
8
BLACK
6
CONTINUOUS
10
0.210589094488189
20
0.843370157480315
11
0.2106913779527559
21
0.8433933858267716
0
LINE
8
BLACK
6
CONTINUOUS
10
0.2106913779527559
20
0.8433933858267716
11
0.210769094488189
21
0.843387874015748
0
LINE
8
BLACK
6
CONTINUOUS
10
0.210769094488189
20
0.843387874015748
11
0.2110607086614173
21
0.8434165748031496
0
LINE
8
BLACK
6
CONTINUOUS
10
0.2110607086614173
20
0.8434165748031496
11
0.2148102362204724
21
0.8434165748031496
0
LINE
8
BLACK
6
CONTINUOUS
10
0.2148102362204724
20
0.8434165748031496
11
0.2151017716535433
21
0.843387874015748
0
LINE
8
BLACK
6
CONTINUOUS
10
0.1799696062992126
20
0.8451864566929134
11
0.1810000393700787
21
0.8446712598425197
0
LINE
8
BLACK
6
CONTINUOUS
10
0.1810000393700787
20
0.8446712598425197
11
0.1817549212598425
21
0.843800905511811
0
LINE
8
BLACK
6
CONTINUOUS
10
0.1817549212598425
20
0.843800905511811
11
0.181990905511811
21
0.8432723228346457
0
LINE
8
BLACK
6
CONTINUOUS
10
0.181990905511811
20
0.8432723228346457
11
0.1913647244094488
21
0.815150905511811
0
LINE
8
BLACK
6
CONTINUOUS
10
0.1913647244094488
20
0.815150905511811
11
0.1914296456692913
21
0.8148652755905511
0
LINE
8
BLACK
6
CONTINUOUS
10
0.1914296456692913
20
0.8148652755905511
11
0.1914595275590551
21
0.814793188976378
0
LINE
8
BLACK
6
CONTINUOUS
10
0.1914595275590551
20
0.814793188976378
11
0.1914595275590551
21
0.8147339763779528
0
LINE
8
BLACK
6
CONTINUOUS
10
0.1914595275590551
20
0.8147339763779528
11
0.1914930708661417
21
0.8145864566929134
0
LINE
8
BLACK
6
CONTINUOUS
10
0.1914930708661417
20
0.8145864566929134
11
0.1914595275590551
21
0.8141146062992126
0
LINE
8
BLACK
6
CONTINUOUS
10
0.1914595275590551
20
0.8141146062992126
11
0.1914595275590551
21
0.813641062992126
0
LINE
8
BLACK
6
CONTINUOUS
10
0.1914595275590551
20
0.813641062992126
11
0.1914188582677165
21
0.8135429921259842
0
LINE
8
BLACK
6
CONTINUOUS
10
0.1914188582677165
20
0.8135429921259842
11
0.1914113779527559
21
0.8134372440944881
0
LINE
8
BLACK
6
CONTINUOUS
10
0.1914113779527559
20
0.8134372440944881
11
0.1911998031496063
21
0.8130141338582677
0
LINE
8
BLACK
6
CONTINUOUS
10
0.1911998031496063
20
0.8130141338582677
11
0.1910186220472441
21
0.8125766535433071
0
LINE
8
BLACK
6
CONTINUOUS
10
0.1910186220472441
20
0.8125766535433071
11
0.1909435826771654
21
0.8125016535433071
0
LINE
8
BLACK
6
CONTINUOUS
10
0.1909435826771654
20
0.8125016535433071
11
0.1908961811023622
21
0.8124067716535432
0
LINE
8
BLACK
6
CONTINUOUS
10
0.1908961811023622
20
0.8124067716535432
11
0.1905387007874016
21
0.8120967716535433
0
LINE
8
BLACK
6
CONTINUOUS
10
0.1905387007874016
20
0.8120967716535433
11
0.1902039763779527
21
0.8117620078740158
0
LINE
8
BLACK
6
CONTINUOUS
10
0.1902039763779527
20
0.8117620078740158
11
0.190105905511811
21
0.8117214173228346
0
LINE
8
BLACK
6
CONTINUOUS
10
0.190105905511811
20
0.8117214173228346
11
0.1900257874015748
21
0.8116518897637796
0
LINE
8
BLACK
6
CONTINUOUS
10
0.1900257874015748
20
0.8116518897637796
11
0.1895769291338583
21
0.8115022834645669
0
LINE
8
BLACK
6
CONTINUOUS
10
0.1895769291338583
20
0.8115022834645669
11
0.1891395669291339
21
0.8113211023622047
0
LINE
8
BLACK
6
CONTINUOUS
10
0.1891395669291339
20
0.8113211023622047
11
0.1889888976377953
21
0.8113062992125984
0
LINE
8
BLACK
6
CONTINUOUS
10
0.1889888976377953
20
0.8113062992125984
11
0.1889327952755905
21
0.8112875590551181
0
LINE
8
BLACK
6
CONTINUOUS
10
0.1889327952755905
20
0.8112875590551181
11
0.1888550393700787
21
0.8112931102362204
0
LINE
8
BLACK
6
CONTINUOUS
10
0.1888550393700787
20
0.8112931102362204
11
0.1885635039370079
21
0.8112643700787402
0
LINE
8
BLACK
6
CONTINUOUS
10
0.1885635039370079
20
0.8112643700787402
11
0.1727686220472441
21
0.8112643700787402
0
LINE
8
BLACK
6
CONTINUOUS
10
0.1727686220472441
20
0.8112643700787402
11
0.1727686220472441
21
0.8010937401574802
0
LINE
8
BLACK
6
CONTINUOUS
10
0.1727686220472441
20
0.8010937401574802
11
0.1727118897637795
21
0.8005176771653543
0
LINE
8
BLACK
6
CONTINUOUS
10
0.1727118897637795
20
0.8005176771653543
11
0.1722709842519685
21
0.7994532677165355
0
LINE
8
BLACK
6
CONTINUOUS
10
0.1722709842519685
20
0.7994532677165355
11
0.1714563385826772
21
0.7986386220472441
0
LINE
8
BLACK
6
CONTINUOUS
10
0.1714563385826772
20
0.7986386220472441
11
0.1703919291338583
21
0.798197716535433
0
LINE
8
BLACK
6
CONTINUOUS
10
0.1703919291338583
20
0.798197716535433
11
0.1692398031496063
21
0.798197716535433
0
LINE
8
BLACK
6
CONTINUOUS
10
0.1692398031496063
20
0.798197716535433
11
0.1681753937007874
21
0.7986386220472441
0
LINE
8
BLACK
6
CONTINUOUS
10
0.1681753937007874
20
0.7986386220472441
11
0.1673607480314961
21
0.7994532677165355
0
LINE
8
BLACK
6
CONTINUOUS
10
0.1673607480314961
20
0.7994532677165355
11
0.166919842519685
21
0.8005176771653543
0
LINE
8
BLACK
6
CONTINUOUS
10
0.166919842519685
20
0.8005176771653543
11
0.1668631102362205
21
0.8010937401574802
0
LINE
8
BLACK
6
CONTINUOUS
10
0.1668631102362205
20
0.8010937401574802
11
0.1668631102362205
21
0.8112643700787402
0
LINE
8
BLACK
6
CONTINUOUS
10
0.1668631102362205
20
0.8112643700787402
11
0.1641915748031496
21
0.8112643700787402
0
LINE
8
BLACK
6
CONTINUOUS
10
0.1641915748031496
20
0.8112643700787402
11
0.1636155118110236
21
0.8113211023622047
0
LINE
8
BLACK
6
CONTINUOUS
10
0.1636155118110236
20
0.8113211023622047
11
0.1625511023622047
21
0.8117620078740158
0
LINE
8
BLACK
6
CONTINUOUS
10
0.1625511023622047
20
0.8117620078740158
11
0.1617364566929134
21
0.8125766535433071
0
LINE
8
BLACK
6
CONTINUOUS
10
0.1617364566929134
20
0.8125766535433071
11
0.1612955511811024
21
0.813641062992126
0
LINE
8
BLACK
6
CONTINUOUS
10
0.1612955511811024
20
0.813641062992126
11
0.1612955511811024
21
0.814793188976378
0
LINE
8
BLACK
6
CONTINUOUS
10
0.1612955511811024
20
0.814793188976378
11
0.1617364566929134
21
0.8158575984251968
0
LINE
8
BLACK
6
CONTINUOUS
10
0.1617364566929134
20
0.8158575984251968
11
0.1625511023622047
21
0.8166722440944881
0
LINE
8
BLACK
6
CONTINUOUS
10
0.1625511023622047
20
0.8166722440944881
11
0.1636155118110236
21
0.8171131496062992
0
LINE
8
BLACK
6
CONTINUOUS
10
0.1636155118110236
20
0.8171131496062992
11
0.1641915748031496
21
0.8171698818897638
0
LINE
8
BLACK
6
CONTINUOUS
10
0.1641915748031496
20
0.8171698818897638
11
0.1668631102362205
21
0.8171698818897638
0
LINE
8
BLACK
6
CONTINUOUS
10
0.1668631102362205
20
0.8171698818897638
11
0.1668631102362205
21
0.8273404724409449
0
LINE
8
BLACK
6
CONTINUOUS
10
0.1668631102362205
20
0.8273404724409449
11
0.166919842519685
21
0.8279165354330709
0
LINE
8
BLACK
6
CONTINUOUS
10
0.166919842519685
20
0.8279165354330709
11
0.1673607480314961
21
0.8289809448818898
0
LINE
8
BLACK
6
CONTINUOUS
10
0.1673607480314961
20
0.8289809448818898
11
0.1681753937007874
21
0.8297955905511811
0
LINE
8
BLACK
6
CONTINUOUS
10
0.1681753937007874
20
0.8297955905511811
11
0.1692398031496063
21
0.8302364960629921
0
LINE
8
BLACK
6
CONTINUOUS
10
0.1692398031496063
20
0.8302364960629921
11
0.1703919291338583
21
0.8302364960629921
0
LINE
8
BLACK
6
CONTINUOUS
10
0.1703919291338583
20
0.8302364960629921
11
0.1714563385826772
21
0.8297955905511811
0
LINE
8
BLACK
6
CONTINUOUS
10
0.1714563385826772
20
0.8297955905511811
11
0.1722709842519685
21
0.8289809448818898
0
LINE
8
BLACK
6
CONTINUOUS
10
0.1722709842519685
20
0.8289809448818898
11
0.1727118897637795
21
0.8279165354330709
0
LINE
8
BLACK
6
CONTINUOUS
10
0.1727118897637795
20
0.8279165354330709
11
0.1727686220472441
21
0.8273404724409449
0
LINE
8
BLACK
6
CONTINUOUS
10
0.1727686220472441
20
0.8273404724409449
11
0.1727686220472441
21
0.8171698818897638
0
LINE
8
BLACK
6
CONTINUOUS
10
0.1727686220472441
20
0.8171698818897638
11
0.1844667716535433
21
0.8171698818897638
0
LINE
8
BLACK
6
CONTINUOUS
10
0.1844667716535433
20
0.8171698818897638
11
0.1763884645669291
21
0.8414048425196851
0
LINE
8
BLACK
6
CONTINUOUS
10
0.1763884645669291
20
0.8414048425196851
11
0.1762601181102362
21
0.8419692913385827
0
LINE
8
BLACK
6
CONTINUOUS
10
0.1762601181102362
20
0.8419692913385827
11
0.176341811023622
21
0.8431185039370078
0
LINE
8
BLACK
6
CONTINUOUS
10
0.176341811023622
20
0.8431185039370078
11
0.1768570078740157
21
0.844148937007874
0
LINE
8
BLACK
6
CONTINUOUS
10
0.1768570078740157
20
0.844148937007874
11
0.1777273622047244
21
0.8449038188976378
0
LINE
8
BLACK
6
CONTINUOUS
10
0.1777273622047244
20
0.8449038188976378
11
0.1788203937007874
21
0.8452681496062991
0
LINE
8
BLACK
6
CONTINUOUS
10
0.1788203937007874
20
0.8452681496062991
11
0.1799696062992126
21
0.8451864566929134
0
LINE
8
BLACK
6
CONTINUOUS
10
0.5435152755905511
20
0.866359842519685
11
0.5436132677165354
21
0.8663192519685039
0
LINE
8
BLACK
6
CONTINUOUS
10
0.5436132677165354
20
0.8663192519685039
11
0.543719094488189
21
0.8663117322834646
0
LINE
8
BLACK
6
CONTINUOUS
10
0.543719094488189
20
0.8663117322834646
11
0.5442597244094488
21
0.866104842519685
0
LINE
8
BLACK
6
CONTINUOUS
10
0.5442597244094488
20
0.866104842519685
11
0.5480092519685039
21
0.8642300787401574
0
LINE
8
BLACK
6
CONTINUOUS
10
0.5480092519685039
20
0.8642300787401574
11
0.5482572440944882
21
0.8640740157480314
0
LINE
8
BLACK
6
CONTINUOUS
10
0.5482572440944882
20
0.8640740157480314
11
0.5483292125984252
21
0.8640441732283465
0
LINE
8
BLACK
6
CONTINUOUS
10
0.5483292125984252
20
0.8640441732283465
11
0.548410157480315
21
0.8639777165354331
0
LINE
8
BLACK
6
CONTINUOUS
10
0.548410157480315
20
0.8639777165354331
11
0.5484991338582677
21
0.8639217322834646
0
LINE
8
BLACK
6
CONTINUOUS
10
0.5484991338582677
20
0.8639217322834646
11
0.5485502755905511
21
0.8638627559055118
0
LINE
8
BLACK
6
CONTINUOUS
10
0.5485502755905511
20
0.8638627559055118
11
0.5487766535433071
21
0.8636769685039369
0
LINE
8
BLACK
6
CONTINUOUS
10
0.5487766535433071
20
0.8636769685039369
11
0.5506514173228346
21
0.8618022047244094
0
LINE
8
BLACK
6
CONTINUOUS
10
0.5506514173228346
20
0.8618022047244094
11
0.5510186220472441
21
0.8613547637795276
0
LINE
8
BLACK
6
CONTINUOUS
10
0.5510186220472441
20
0.8613547637795276
11
0.5514595275590551
21
0.8602903543307087
0
LINE
8
BLACK
6
CONTINUOUS
10
0.5514595275590551
20
0.8602903543307087
11
0.5514595275590551
21
0.8591382677165355
0
LINE
8
BLACK
6
CONTINUOUS
10
0.5514595275590551
20
0.8591382677165355
11
0.5510186220472441
21
0.8580738582677165
0
LINE
8
BLACK
6
CONTINUOUS
10
0.5510186220472441
20
0.8580738582677165
11
0.550203937007874
21
0.8572591732283464
0
LINE
8
BLACK
6
CONTINUOUS
10
0.550203937007874
20
0.8572591732283464
11
0.5491395275590552
21
0.8568182677165355
0
LINE
8
BLACK
6
CONTINUOUS
10
0.5491395275590552
20
0.8568182677165355
11
0.5479874409448818
21
0.8568182677165355
0
LINE
8
BLACK
6
CONTINUOUS
10
0.5479874409448818
20
0.8568182677165355
11
0.546923031496063
21
0.8572591732283464
0
LINE
8
BLACK
6
CONTINUOUS
10
0.546923031496063
20
0.8572591732283464
11
0.5464755905511811
21
0.8576263779527559
0
LINE
8
BLACK
6
CONTINUOUS
10
0.5464755905511811
20
0.8576263779527559
11
0.5449396456692913
21
0.8591623228346457
0
LINE
8
BLACK
6
CONTINUOUS
10
0.5449396456692913
20
0.8591623228346457
11
0.5422421653543307
21
0.860511062992126
0
LINE
8
BLACK
6
CONTINUOUS
10
0.5422421653543307
20
0.860511062992126
11
0.5342624409448818
21
0.860511062992126
0
LINE
8
BLACK
6
CONTINUOUS
10
0.5342624409448818
20
0.860511062992126
11
0.5315649606299212
21
0.8591623228346457
0
LINE
8
BLACK
6
CONTINUOUS
10
0.5315649606299212
20
0.8591623228346457
11
0.5303678346456693
21
0.8579651968503936
0
LINE
8
BLACK
6
CONTINUOUS
10
0.5303678346456693
20
0.8579651968503936
11
0.529019094488189
21
0.8552677165354331
0
LINE
8
BLACK
6
CONTINUOUS
10
0.529019094488189
20
0.8552677165354331
11
0.529019094488189
21
0.8526944094488189
0
LINE
8
BLACK
6
CONTINUOUS
10
0.529019094488189
20
0.8526944094488189
11
0.5305218897637796
21
0.8481859842519685
0
LINE
8
BLACK
6
CONTINUOUS
10
0.5305218897637796
20
0.8481859842519685
11
0.5525261811023622
21
0.8261816535433071
0
LINE
8
BLACK
6
CONTINUOUS
10
0.5525261811023622
20
0.8261816535433071
11
0.5528934251968504
21
0.8257342125984252
0
LINE
8
BLACK
6
CONTINUOUS
10
0.5528934251968504
20
0.8257342125984252
11
0.5533342913385827
21
0.8246697637795275
0
LINE
8
BLACK
6
CONTINUOUS
10
0.5533342913385827
20
0.8246697637795275
11
0.5533342913385827
21
0.8235176771653543
0
LINE
8
BLACK
6
CONTINUOUS
10
0.5533342913385827
20
0.8235176771653543
11
0.5528933858267716
21
0.8224532677165354
0
LINE
8
BLACK
6
CONTINUOUS
10
0.5528933858267716
20
0.8224532677165354
11
0.5520787401574803
21
0.8216385826771654
0
LINE
8
BLACK
6
CONTINUOUS
10
0.5520787401574803
20
0.8216385826771654
11
0.5513260629921259
21
0.8213268503937008
0
LINE
8
BLACK
6
CONTINUOUS
10
0.5513260629921259
20
0.8213268503937008
11
0.5510143307086615
21
0.8211977165354331
0
LINE
8
BLACK
6
CONTINUOUS
10
0.5510143307086615
20
0.8211977165354331
11
0.5504382677165354
21
0.8211409842519685
0
LINE
8
BLACK
6
CONTINUOUS
10
0.5504382677165354
20
0.8211409842519685
11
0.5260663385826772
21
0.8211409842519685
0
LINE
8
BLACK
6
CONTINUOUS
10
0.5260663385826772
20
0.8211409842519685
11
0.5254902755905512
21
0.8211977165354331
0
LINE
8
BLACK
6
CONTINUOUS
10
0.5254902755905512
20
0.8211977165354331
11
0.5244258661417323
21
0.821638622047244
0
LINE
8
BLACK
6
CONTINUOUS
10
0.5244258661417323
20
0.821638622047244
11
0.5236112204724409
21
0.8224532677165354
0
LINE
8
BLACK
6
CONTINUOUS
10
0.5236112204724409
20
0.8224532677165354
11
0.5231703149606299
21
0.8235176771653543
0
LINE
8
BLACK
6
CONTINUOUS
10
0.5231703149606299
20
0.8235176771653543
11
0.5231703149606299
21
0.8246698031496063
0
LINE
8
BLACK
6
CONTINUOUS
10
0.5231703149606299
20
0.8246698031496063
11
0.5236112204724409
21
0.8257342125984252
0
LINE
8
BLACK
6
CONTINUOUS
10
0.5236112204724409
20
0.8257342125984252
11
0.5244258661417323
21
0.8265488582677165
0
LINE
8
BLACK
6
CONTINUOUS
10
0.5244258661417323
20
0.8265488582677165
11
0.5254902755905512
21
0.8269897637795275
0
LINE
8
BLACK
6
CONTINUOUS
10
0.5254902755905512
20
0.8269897637795275
11
0.5260663385826772
21
0.8270464960629921
0
LINE
8
BLACK
6
CONTINUOUS
10
0.5260663385826772
20
0.8270464960629921
11
0.54330968503937
21
0.8270464960629921
0
LINE
8
BLACK
6
CONTINUOUS
10
0.54330968503937
20
0.8270464960629921
11
0.5258531889763779
21
0.844503031496063
0
LINE
8
BLACK
6
CONTINUOUS
10
0.5258531889763779
20
0.844503031496063
11
0.5254859842519685
21
0.8449504724409449
0
LINE
8
BLACK
6
CONTINUOUS
10
0.5254859842519685
20
0.8449504724409449
11
0.5254453543307086
21
0.8450485433070866
0
LINE
8
BLACK
6
CONTINUOUS
10
0.5254453543307086
20
0.8450485433070866
11
0.5253758661417323
21
0.8451286614173228
0
LINE
8
BLACK
6
CONTINUOUS
10
0.5253758661417323
20
0.8451286614173228
11
0.5251398818897638
21
0.8456572047244094
0
LINE
8
BLACK
6
CONTINUOUS
10
0.5251398818897638
20
0.8456572047244094
11
0.5232651181102362
21
0.8512814960629921
0
LINE
8
BLACK
6
CONTINUOUS
10
0.5232651181102362
20
0.8512814960629921
11
0.5232001574803149
21
0.8515670866141732
0
LINE
8
BLACK
6
CONTINUOUS
10
0.5232001574803149
20
0.8515670866141732
11
0.5231703149606299
21
0.8516391732283465
0
LINE
8
BLACK
6
CONTINUOUS
10
0.5231703149606299
20
0.8516391732283465
11
0.52316
21
0.8517437007874016
0
LINE
8
BLACK
6
CONTINUOUS
10
0.52316
20
0.8517437007874016
11
0.5231367716535433
21
0.8518459448818897
0
LINE
8
BLACK
6
CONTINUOUS
10
0.5231367716535433
20
0.8518459448818897
11
0.5231422834645669
21
0.8519237007874015
0
LINE
8
BLACK
6
CONTINUOUS
10
0.5231422834645669
20
0.8519237007874015
11
0.5231135826771653
21
0.8522152362204725
0
LINE
8
BLACK
6
CONTINUOUS
10
0.5231135826771653
20
0.8522152362204725
11
0.5231135826771653
21
0.8559647637795276
0
LINE
8
BLACK
6
CONTINUOUS
10
0.5231135826771653
20
0.8559647637795276
11
0.5231703149606299
21
0.8565408267716536
0
LINE
8
BLACK
6
CONTINUOUS
10
0.5231703149606299
20
0.8565408267716536
11
0.523210905511811
21
0.8566388582677165
0
LINE
8
BLACK
6
CONTINUOUS
10
0.523210905511811
20
0.8566388582677165
11
0.5232184251968504
21
0.8567446456692913
0
LINE
8
BLACK
6
CONTINUOUS
10
0.5232184251968504
20
0.8567446456692913
11
0.5234253149606299
21
0.8572852755905511
0
LINE
8
BLACK
6
CONTINUOUS
10
0.5234253149606299
20
0.8572852755905511
11
0.5253000787401575
21
0.8610348031496062
0
LINE
8
BLACK
6
CONTINUOUS
10
0.5253000787401575
20
0.8610348031496062
11
0.5254561417322835
21
0.8612828346456692
0
LINE
8
BLACK
6
CONTINUOUS
10
0.5254561417322835
20
0.8612828346456692
11
0.5254859842519685
21
0.8613547637795276
0
LINE
8
BLACK
6
CONTINUOUS
10
0.5254859842519685
20
0.8613547637795276
11
0.5255524409448818
21
0.861435748031496
0
LINE
8
BLACK
6
CONTINUOUS
10
0.5255524409448818
20
0.861435748031496
11
0.5256084251968504
21
0.8615246850393701
0
LINE
8
BLACK
6
CONTINUOUS
10
0.5256084251968504
20
0.8615246850393701
11
0.5256674015748032
21
0.8615758661417323
0
LINE
8
BLACK
6
CONTINUOUS
10
0.5256674015748032
20
0.8615758661417323
11
0.5258531889763779
21
0.8618022047244094
0
LINE
8
BLACK
6
CONTINUOUS
10
0.5258531889763779
20
0.8618022047244094
11
0.5277279527559054
21
0.8636769685039369
0
LINE
8
BLACK
6
CONTINUOUS
10
0.5277279527559054
20
0.8636769685039369
11
0.5279542913385826
21
0.8638627559055118
0
LINE
8
BLACK
6
CONTINUOUS
10
0.5279542913385826
20
0.8638627559055118
11
0.5280054724409449
21
0.8639217322834646
0
LINE
8
BLACK
6
CONTINUOUS
10
0.5280054724409449
20
0.8639217322834646
11
0.5280944094488189
21
0.8639777165354331
0
LINE
8
BLACK
6
CONTINUOUS
10
0.5280944094488189
20
0.8639777165354331
11
0.5281753937007874
21
0.8640441732283465
0
LINE
8
BLACK
6
CONTINUOUS
10
0.5281753937007874
20
0.8640441732283465
11
0.5282473228346457
21
0.8640740157480314
0
LINE
8
BLACK
6
CONTINUOUS
10
0.5282473228346457
20
0.8640740157480314
11
0.5284953543307086
21
0.8642300787401574
0
LINE
8
BLACK
6
CONTINUOUS
10
0.5284953543307086
20
0.8642300787401574
11
0.5322448818897638
21
0.866104842519685
0
LINE
8
BLACK
6
CONTINUOUS
10
0.5322448818897638
20
0.866104842519685
11
0.5327854724409449
21
0.8663117322834646
0
LINE
8
BLACK
6
CONTINUOUS
10
0.5327854724409449
20
0.8663117322834646
11
0.5328913385826771
21
0.8663192913385827
0
LINE
8
BLACK
6
CONTINUOUS
10
0.5328913385826771
20
0.8663192913385827
11
0.5329893307086614
21
0.866359842519685
0
LINE
8
BLACK
6
CONTINUOUS
10
0.5329893307086614
20
0.866359842519685
11
0.5335653937007874
21
0.8664165748031496
0
LINE
8
BLACK
6
CONTINUOUS
10
0.5335653937007874
20
0.8664165748031496
11
0.5429392125984251
21
0.8664165748031496
0
LINE
8
BLACK
6
CONTINUOUS
10
0.5429392125984251
20
0.8664165748031496
11
0.5435152755905511
21
0.866359842519685
0
LINE
8
BLACK
6
CONTINUOUS
10
0.5751017716535433
20
0.866387874015748
11
0.5751795275590551
21
0.8663933858267716
0
LINE
8
BLACK
6
CONTINUOUS
10
0.5751795275590551
20
0.8663933858267716
11
0.5752817716535433
21
0.866370157480315
0
LINE
8
BLACK
6
CONTINUOUS
10
0.5752817716535433
20
0.866370157480315
11
0.5753862992125984
21
0.866359842519685
0
LINE
8
BLACK
6
CONTINUOUS
10
0.5753862992125984
20
0.866359842519685
11
0.5754583858267717
21
0.8663299999999999
0
LINE
8
BLACK
6
CONTINUOUS
10
0.5754583858267717
20
0.8663299999999999
11
0.5757439763779527
21
0.8662650393700787
0
LINE
8
BLACK
6
CONTINUOUS
10
0.5757439763779527
20
0.8662650393700787
11
0.5813682677165354
21
0.8643902755905511
0
LINE
8
BLACK
6
CONTINUOUS
10
0.5813682677165354
20
0.8643902755905511
11
0.581896811023622
21
0.8641542913385827
0
LINE
8
BLACK
6
CONTINUOUS
10
0.581896811023622
20
0.8641542913385827
11
0.5819769291338582
21
0.8640848031496062
0
LINE
8
BLACK
6
CONTINUOUS
10
0.5819769291338582
20
0.8640848031496062
11
0.582075
21
0.8640441732283465
0
LINE
8
BLACK
6
CONTINUOUS
10
0.582075
20
0.8640441732283465
11
0.5825224409448819
21
0.8636769685039369
0
LINE
8
BLACK
6
CONTINUOUS
10
0.5825224409448819
20
0.8636769685039369
11
0.586271968503937
21
0.8599274409448818
0
LINE
8
BLACK
6
CONTINUOUS
10
0.586271968503937
20
0.8599274409448818
11
0.5864577952755905
21
0.859701062992126
0
LINE
8
BLACK
6
CONTINUOUS
10
0.5864577952755905
20
0.859701062992126
11
0.5865167322834646
21
0.8596499212598425
0
LINE
8
BLACK
6
CONTINUOUS
10
0.5865167322834646
20
0.8596499212598425
11
0.5865725984251968
21
0.8595611811023622
0
LINE
8
BLACK
6
CONTINUOUS
10
0.5865725984251968
20
0.8595611811023622
11
0.5866392125984252
21
0.85948
0
LINE
8
BLACK
6
CONTINUOUS
10
0.5866392125984252
20
0.85948
11
0.5866690551181102
21
0.859407874015748
0
LINE
8
BLACK
6
CONTINUOUS
10
0.5866690551181102
20
0.859407874015748
11
0.5868250787401574
21
0.8591600393700787
0
LINE
8
BLACK
6
CONTINUOUS
10
0.5868250787401574
20
0.8591600393700787
11
0.588699842519685
21
0.8554105118110236
0
LINE
8
BLACK
6
CONTINUOUS
10
0.588699842519685
20
0.8554105118110236
11
0.5887159448818897
21
0.8553684251968504
0
LINE
8
BLACK
6
CONTINUOUS
10
0.5887159448818897
20
0.8553684251968504
11
0.5887286614173228
21
0.8553512598425197
0
LINE
8
BLACK
6
CONTINUOUS
10
0.5887286614173228
20
0.8553512598425197
11
0.5888149606299212
21
0.85510968503937
0
LINE
8
BLACK
6
CONTINUOUS
10
0.5888149606299212
20
0.85510968503937
11
0.5889067322834646
21
0.8548699212598425
0
LINE
8
BLACK
6
CONTINUOUS
10
0.5889067322834646
20
0.8548699212598425
11
0.5889082283464567
21
0.8548486614173229
0
LINE
8
BLACK
6
CONTINUOUS
10
0.5889082283464567
20
0.8548486614173229
11
0.5889234251968504
21
0.8548061417322834
0
LINE
8
BLACK
6
CONTINUOUS
10
0.5889234251968504
20
0.8548061417322834
11
0.5907981889763779
21
0.8473070866141732
0
LINE
8
BLACK
6
CONTINUOUS
10
0.5907981889763779
20
0.8473070866141732
11
0.5908129527559055
21
0.8472072440944882
0
LINE
8
BLACK
6
CONTINUOUS
10
0.5908129527559055
20
0.8472072440944882
11
0.5908296062992126
21
0.8471670078740158
0
LINE
8
BLACK
6
CONTINUOUS
10
0.5908296062992126
20
0.8471670078740158
11
0.5908509448818897
21
0.84695
0
LINE
8
BLACK
6
CONTINUOUS
10
0.5908509448818897
20
0.84695
11
0.5908828346456693
21
0.8467344881889763
0
LINE
8
BLACK
6
CONTINUOUS
10
0.5908828346456693
20
0.8467344881889763
11
0.5908764173228346
21
0.8466914960629921
0
LINE
8
BLACK
6
CONTINUOUS
10
0.5908764173228346
20
0.8466914960629921
11
0.5908863385826771
21
0.8465909448818898
0
LINE
8
BLACK
6
CONTINUOUS
10
0.5908863385826771
20
0.8465909448818898
11
0.5908863385826771
21
0.840966653543307
0
LINE
8
BLACK
6
CONTINUOUS
10
0.5908863385826771
20
0.840966653543307
11
0.5908764173228346
21
0.8408661417322835
0
LINE
8
BLACK
6
CONTINUOUS
10
0.5908764173228346
20
0.8408661417322835
11
0.5908828346456693
21
0.8408231102362205
0
LINE
8
BLACK
6
CONTINUOUS
10
0.5908828346456693
20
0.8408231102362205
11
0.5908509448818897
21
0.8406076377952756
0
LINE
8
BLACK
6
CONTINUOUS
10
0.5908509448818897
20
0.8406076377952756
11
0.5908296062992126
21
0.840390590551181
0
LINE
8
BLACK
6
CONTINUOUS
10
0.5908296062992126
20
0.840390590551181
11
0.5908129527559055
21
0.8403503937007873
0
LINE
8
BLACK
6
CONTINUOUS
10
0.5908129527559055
20
0.8403503937007873
11
0.5907981889763779
21
0.8402505118110236
0
LINE
8
BLACK
6
CONTINUOUS
10
0.5907981889763779
20
0.8402505118110236
11
0.5889234251968504
21
0.8327514566929134
0
LINE
8
BLACK
6
CONTINUOUS
10
0.5889234251968504
20
0.8327514566929134
11
0.5889082283464567
21
0.8327089763779527
0
LINE
8
BLACK
6
CONTINUOUS
10
0.5889082283464567
20
0.8327089763779527
11
0.5889067322834646
21
0.8326876771653543
0
LINE
8
BLACK
6
CONTINUOUS
10
0.5889067322834646
20
0.8326876771653543
11
0.5888149606299212
21
0.8324479527559054
0
LINE
8
BLACK
6
CONTINUOUS
10
0.5888149606299212
20
0.8324479527559054
11
0.5887286614173228
21
0.8322063385826771
0
LINE
8
BLACK
6
CONTINUOUS
10
0.5887286614173228
20
0.8322063385826771
11
0.5887159448818897
21
0.8321892125984252
0
LINE
8
BLACK
6
CONTINUOUS
10
0.5887159448818897
20
0.8321892125984252
11
0.588699842519685
21
0.8321470866141732
0
LINE
8
BLACK
6
CONTINUOUS
10
0.588699842519685
20
0.8321470866141732
11
0.5868250787401574
21
0.8283975590551181
0
LINE
8
BLACK
6
CONTINUOUS
10
0.5868250787401574
20
0.8283975590551181
11
0.5866690157480314
21
0.82814968503937
0
LINE
8
BLACK
6
CONTINUOUS
10
0.5866690157480314
20
0.82814968503937
11
0.5866392125984252
21
0.8280776377952755
0
LINE
8
BLACK
6
CONTINUOUS
10
0.5866392125984252
20
0.8280776377952755
11
0.5865726771653543
21
0.8279966141732283
0
LINE
8
BLACK
6
CONTINUOUS
10
0.5865726771653543
20
0.8279966141732283
11
0.5865167322834646
21
0.8279076771653543
0
LINE
8
BLACK
6
CONTINUOUS
10
0.5865167322834646
20
0.8279076771653543
11
0.5864577165354331
21
0.8278565354330708
0
LINE
8
BLACK
6
CONTINUOUS
10
0.5864577165354331
20
0.8278565354330708
11
0.5862720078740158
21
0.8276301968503936
0
LINE
8
BLACK
6
CONTINUOUS
10
0.5862720078740158
20
0.8276301968503936
11
0.5825224409448819
21
0.8238805905511811
0
LINE
8
BLACK
6
CONTINUOUS
10
0.5825224409448819
20
0.8238805905511811
11
0.582075
21
0.8235133858267716
0
LINE
8
BLACK
6
CONTINUOUS
10
0.582075
20
0.8235133858267716
11
0.5819769291338582
21
0.8234727952755906
0
LINE
8
BLACK
6
CONTINUOUS
10
0.5819769291338582
20
0.8234727952755906
11
0.581896811023622
21
0.8234032677165354
0
LINE
8
BLACK
6
CONTINUOUS
10
0.581896811023622
20
0.8234032677165354
11
0.5813682677165354
21
0.8231672834645669
0
LINE
8
BLACK
6
CONTINUOUS
10
0.5813682677165354
20
0.8231672834645669
11
0.5757439763779527
21
0.8212925196850394
0
LINE
8
BLACK
6
CONTINUOUS
10
0.5757439763779527
20
0.8212925196850394
11
0.5754583858267717
21
0.8212275984251969
0
LINE
8
BLACK
6
CONTINUOUS
10
0.5754583858267717
20
0.8212275984251969
11
0.5753862992125984
21
0.8211977165354331
0
LINE
8
BLACK
6
CONTINUOUS
10
0.5753862992125984
20
0.8211977165354331
11
0.5752817716535433
21
0.8211874409448818
0
LINE
8
BLACK
6
CONTINUOUS
10
0.5752817716535433
20
0.8211874409448818
11
0.5751795275590551
21
0.8211641732283465
0
LINE
8
BLACK
6
CONTINUOUS
10
0.5751795275590551
20
0.8211641732283465
11
0.5751017716535433
21
0.8211697244094488
0
LINE
8
BLACK
6
CONTINUOUS
10
0.5751017716535433
20
0.8211697244094488
11
0.5748102362204724
21
0.8211409842519685
0
LINE
8
BLACK
6
CONTINUOUS
10
0.5748102362204724
20
0.8211409842519685
11
0.5710607086614173
21
0.8211409842519685
0
LINE
8
BLACK
6
CONTINUOUS
10
0.5710607086614173
20
0.8211409842519685
11
0.5707690944881889
21
0.8211697244094488
0
LINE
8
BLACK
6
CONTINUOUS
10
0.5707690944881889
20
0.8211697244094488
11
0.5706913779527559
21
0.8211641732283465
0
LINE
8
BLACK
6
CONTINUOUS
10
0.5706913779527559
20
0.8211641732283465
11
0.570589094488189
21
0.8211874409448818
0
LINE
8
BLACK
6
CONTINUOUS
10
0.570589094488189
20
0.8211874409448818
11
0.5704846456692914
21
0.8211977165354331
0
LINE
8
BLACK
6
CONTINUOUS
10
0.5704846456692914
20
0.8211977165354331
11
0.5704125590551181
21
0.8212275984251969
0
LINE
8
BLACK
6
CONTINUOUS
10
0.5704125590551181
20
0.8212275984251969
11
0.5701269291338582
21
0.8212925196850394
0
LINE
8
BLACK
6
CONTINUOUS
10
0.5701269291338582
20
0.8212925196850394
11
0.5645026771653543
21
0.8231672834645669
0
LINE
8
BLACK
6
CONTINUOUS
10
0.5645026771653543
20
0.8231672834645669
11
0.5639740944881889
21
0.8234032677165354
0
LINE
8
BLACK
6
CONTINUOUS
10
0.5639740944881889
20
0.8234032677165354
11
0.5638938976377953
21
0.8234728346456692
0
LINE
8
BLACK
6
CONTINUOUS
10
0.5638938976377953
20
0.8234728346456692
11
0.5637959448818898
21
0.8235133858267716
0
LINE
8
BLACK
6
CONTINUOUS
10
0.5637959448818898
20
0.8235133858267716
11
0.5633484645669291
21
0.8238806299212599
0
LINE
8
BLACK
6
CONTINUOUS
10
0.5633484645669291
20
0.8238806299212599
11
0.5614737007874016
21
0.8257554330708661
0
LINE
8
BLACK
6
CONTINUOUS
10
0.5614737007874016
20
0.8257554330708661
11
0.5611064960629921
21
0.826202874015748
0
LINE
8
BLACK
6
CONTINUOUS
10
0.5611064960629921
20
0.826202874015748
11
0.5606656299212598
21
0.8272672834645669
0
LINE
8
BLACK
6
CONTINUOUS
10
0.5606656299212598
20
0.8272672834645669
11
0.5606656299212598
21
0.8284193700787401
0
LINE
8
BLACK
6
CONTINUOUS
10
0.5606656299212598
20
0.8284193700787401
11
0.5611065354330709
21
0.829483779527559
0
LINE
8
BLACK
6
CONTINUOUS
10
0.5611065354330709
20
0.829483779527559
11
0.561921220472441
21
0.8302984645669291
0
LINE
8
BLACK
6
CONTINUOUS
10
0.561921220472441
20
0.8302984645669291
11
0.5629856299212598
21
0.8307393307086613
0
LINE
8
BLACK
6
CONTINUOUS
10
0.5629856299212598
20
0.8307393307086613
11
0.5641377165354331
21
0.8307393307086613
0
LINE
8
BLACK
6
CONTINUOUS
10
0.5641377165354331
20
0.8307393307086613
11
0.5652021259842519
21
0.8302984251968504
0
LINE
8
BLACK
6
CONTINUOUS
10
0.5652021259842519
20
0.8302984251968504
11
0.5656496062992126
21
0.8299311811023622
0
LINE
8
BLACK
6
CONTINUOUS
10
0.5656496062992126
20
0.8299311811023622
11
0.5670314566929133
21
0.8285492913385827
0
LINE
8
BLACK
6
CONTINUOUS
10
0.5670314566929133
20
0.8285492913385827
11
0.571539842519685
21
0.8270464960629921
0
LINE
8
BLACK
6
CONTINUOUS
10
0.571539842519685
20
0.8270464960629921
11
0.5743311023622047
21
0.8270464960629921
0
LINE
8
BLACK
6
CONTINUOUS
10
0.5743311023622047
20
0.8270464960629921
11
0.5788394881889763
21
0.8285493307086614
0
LINE
8
BLACK
6
CONTINUOUS
10
0.5788394881889763
20
0.8285493307086614
11
0.5817572834645669
21
0.8314671653543307
0
LINE
8
BLACK
6
CONTINUOUS
10
0.5817572834645669
20
0.8314671653543307
11
0.5832727952755905
21
0.8344981496062992
0
LINE
8
BLACK
6
CONTINUOUS
10
0.5832727952755905
20
0.8344981496062992
11
0.5849808267716535
21
0.8413301968503937
0
LINE
8
BLACK
6
CONTINUOUS
10
0.5849808267716535
20
0.8413301968503937
11
0.5849808267716535
21
0.8462274015748031
0
LINE
8
BLACK
6
CONTINUOUS
10
0.5849808267716535
20
0.8462274015748031
11
0.5832727952755905
21
0.8530594488188976
0
LINE
8
BLACK
6
CONTINUOUS
10
0.5832727952755905
20
0.8530594488188976
11
0.5817573228346457
21
0.8560904330708661
0
LINE
8
BLACK
6
CONTINUOUS
10
0.5817573228346457
20
0.8560904330708661
11
0.5788394881889763
21
0.8590082677165354
0
LINE
8
BLACK
6
CONTINUOUS
10
0.5788394881889763
20
0.8590082677165354
11
0.5743311023622047
21
0.860511062992126
0
LINE
8
BLACK
6
CONTINUOUS
10
0.5743311023622047
20
0.860511062992126
11
0.571539842519685
21
0.860511062992126
0
LINE
8
BLACK
6
CONTINUOUS
10
0.571539842519685
20
0.860511062992126
11
0.5670314566929133
21
0.8590082677165354
0
LINE
8
BLACK
6
CONTINUOUS
10
0.5670314566929133
20
0.8590082677165354
11
0.5656495669291338
21
0.8576263779527559
0
LINE
8
BLACK
6
CONTINUOUS
10
0.5656495669291338
20
0.8576263779527559
11
0.5652021259842519
21
0.8572591732283464
0
LINE
8
BLACK
6
CONTINUOUS
10
0.5652021259842519
20
0.8572591732283464
11
0.5641376771653543
21
0.8568182677165355
0
LINE
8
BLACK
6
CONTINUOUS
10
0.5641376771653543
20
0.8568182677165355
11
0.5629856299212598
21
0.8568182677165355
0
LINE
8
BLACK
6
CONTINUOUS
10
0.5629856299212598
20
0.8568182677165355
11
0.5619211811023622
21
0.8572591732283464
0
LINE
8
BLACK
6
CONTINUOUS
10
0.5619211811023622
20
0.8572591732283464
11
0.5611065354330709
21
0.8580738188976378
0
LINE
8
BLACK
6
CONTINUOUS
10
0.5611065354330709
20
0.8580738188976378
11
0.5606656299212598
21
0.8591382677165355
0
LINE
8
BLACK
6
CONTINUOUS
10
0.5606656299212598
20
0.8591382677165355
11
0.5606656299212598
21
0.8602903149606299
0
LINE
8
BLACK
6
CONTINUOUS
10
0.5606656299212598
20
0.8602903149606299
11
0.5611065354330709
21
0.8613547637795276
0
LINE
8
BLACK
6
CONTINUOUS
10
0.5611065354330709
20
0.8613547637795276
11
0.5614737401574803
21
0.8618022047244094
0
LINE
8
BLACK
6
CONTINUOUS
10
0.5614737401574803
20
0.8618022047244094
11
0.5633485039370079
21
0.8636769685039369
0
LINE
8
BLACK
6
CONTINUOUS
10
0.5633485039370079
20
0.8636769685039369
11
0.5637959448818898
21
0.8640441732283465
0
LINE
8
BLACK
6
CONTINUOUS
10
0.5637959448818898
20
0.8640441732283465
11
0.5638938976377953
21
0.8640847637795276
0
LINE
8
BLACK
6
CONTINUOUS
10
0.5638938976377953
20
0.8640847637795276
11
0.5639740944881889
21
0.8641542913385827
0
LINE
8
BLACK
6
CONTINUOUS
10
0.5639740944881889
20
0.8641542913385827
11
0.5645026771653543
21
0.8643902755905511
0
LINE
8
BLACK
6
CONTINUOUS
10
0.5645026771653543
20
0.8643902755905511
11
0.5701269291338582
21
0.8662650393700787
0
LINE
8
BLACK
6
CONTINUOUS
10
0.5701269291338582
20
0.8662650393700787
11
0.5704125590551181
21
0.8663299999999999
0
LINE
8
BLACK
6
CONTINUOUS
10
0.5704125590551181
20
0.8663299999999999
11
0.5704846456692914
21
0.866359842519685
0
LINE
8
BLACK
6
CONTINUOUS
10
0.5704846456692914
20
0.866359842519685
11
0.570589094488189
21
0.866370157480315
0
LINE
8
BLACK
6
CONTINUOUS
10
0.570589094488189
20
0.866370157480315
11
0.5706913779527559
21
0.8663933858267716
0
LINE
8
BLACK
6
CONTINUOUS
10
0.5706913779527559
20
0.8663933858267716
11
0.5707690944881889
21
0.866387874015748
0
LINE
8
BLACK
6
CONTINUOUS
10
0.5707690944881889
20
0.866387874015748
11
0.5710607086614173
21
0.8664165748031496
0
LINE
8
BLACK
6
CONTINUOUS
10
0.5710607086614173
20
0.8664165748031496
11
0.5748102362204724
21
0.8664165748031496
0
LINE
8
BLACK
6
CONTINUOUS
10
0.5748102362204724
20
0.8664165748031496
11
0.5751017716535433
21
0.866387874015748
0
LINE
8
BLACK
6
CONTINUOUS
10
0.3211894881889764
20
0.8411194094488189
11
0.3224679133858268
21
0.8398409842519685
0
LINE
8
BLACK
6
CONTINUOUS
10
0.3224679133858268
20
0.8398409842519685
11
0.3224679133858268
21
0.838033031496063
0
LINE
8
BLACK
6
CONTINUOUS
10
0.3224679133858268
20
0.838033031496063
11
0.3211894881889764
21
0.8367546062992126
0
LINE
8
BLACK
6
CONTINUOUS
10
0.3211894881889764
20
0.8367546062992126
11
0.3202855118110236
21
0.8365748031496063
0
LINE
8
BLACK
6
CONTINUOUS
10
0.3202855118110236
20
0.8365748031496063
11
0.2997144881889764
21
0.8365748031496063
0
LINE
8
BLACK
6
CONTINUOUS
10
0.2997144881889764
20
0.8365748031496063
11
0.2988105118110236
21
0.8367546062992126
0
LINE
8
BLACK
6
CONTINUOUS
10
0.2988105118110236
20
0.8367546062992126
11
0.2975320866141732
21
0.838033031496063
0
LINE
8
BLACK
6
CONTINUOUS
10
0.2975320866141732
20
0.838033031496063
11
0.2975320866141732
21
0.8398409842519685
0
LINE
8
BLACK
6
CONTINUOUS
10
0.2975320866141732
20
0.8398409842519685
11
0.2988105118110236
21
0.8411194094488189
0
LINE
8
BLACK
6
CONTINUOUS
10
0.2988105118110236
20
0.8411194094488189
11
0.2997144881889764
21
0.8412992125984252
0
LINE
8
BLACK
6
CONTINUOUS
10
0.2997144881889764
20
0.8412992125984252
11
0.3202855118110236
21
0.8412992125984252
0
LINE
8
BLACK
6
CONTINUOUS
10
0.3202855118110236
20
0.8412992125984252
11
0.3211894881889764
21
0.8411194094488189
0
LINE
8
BLACK
6
CONTINUOUS
10
0.4611894881889764
20
0.8411194094488189
11
0.4624679133858268
21
0.8398409842519685
0
LINE
8
BLACK
6
CONTINUOUS
10
0.4624679133858268
20
0.8398409842519685
11
0.4624679133858268
21
0.838033031496063
0
LINE
8
BLACK
6
CONTINUOUS
10
0.4624679133858268
20
0.838033031496063
11
0.4611894881889764
21
0.8367546062992126
0
LINE
8
BLACK
6
CONTINUOUS
10
0.4611894881889764
20
0.8367546062992126
11
0.4602855118110236
21
0.8365748031496063
0
LINE
8
BLACK
6
CONTINUOUS
10
0.4602855118110236
20
0.8365748031496063
11
0.4397144881889763
21
0.8365748031496063
0
LINE
8
BLACK
6
CONTINUOUS
10
0.4397144881889763
20
0.8365748031496063
11
0.4388105118110236
21
0.8367546062992126
0
LINE
8
BLACK
6
CONTINUOUS
10
0.4388105118110236
20
0.8367546062992126
11
0.4375320866141732
21
0.838033031496063
0
LINE
8
BLACK
6
CONTINUOUS
10
0.4375320866141732
20
0.838033031496063
11
0.4375320866141732
21
0.8398409842519685
0
LINE
8
BLACK
6
CONTINUOUS
10
0.4375320866141732
20
0.8398409842519685
11
0.4388105118110236
21
0.8411194094488189
0
LINE
8
BLACK
6
CONTINUOUS
10
0.4388105118110236
20
0.8411194094488189
11
0.4397144881889763
21
0.8412992125984252
0
LINE
8
BLACK
6
CONTINUOUS
10
0.4397144881889763
20
0.8412992125984252
11
0.4602855118110236
21
0.8412992125984252
0
LINE
8
BLACK
6
CONTINUOUS
10
0.4602855118110236
20
0.8412992125984252
11
0.4611894881889764
21
0.8411194094488189
0
LINE
8
BLACK
6
CONTINUOUS
10
0.6695467322834645
20
0.9058934251968503
11
0.6703614173228346
21
0.905078779527559
0
LINE
8
BLACK
6
CONTINUOUS
10
0.6703614173228346
20
0.905078779527559
11
0.670617874015748
21
0.9044595669291339
0
LINE
8
BLACK
6
CONTINUOUS
10
0.670617874015748
20
0.9044595669291339
11
0.6708022834645669
21
0.9040143700787401
0
LINE
8
BLACK
6
CONTINUOUS
10
0.6708022834645669
20
0.9040143700787401
11
0.6708590157480315
21
0.9034383070866141
0
LINE
8
BLACK
6
CONTINUOUS
10
0.6708590157480315
20
0.9034383070866141
11
0.6708590157480315
21
0.8790663779527559
0
LINE
8
BLACK
6
CONTINUOUS
10
0.6708590157480315
20
0.8790663779527559
11
0.6708022834645669
21
0.8784903149606299
0
LINE
8
BLACK
6
CONTINUOUS
10
0.6708022834645669
20
0.8784903149606299
11
0.6703613779527559
21
0.877425905511811
0
LINE
8
BLACK
6
CONTINUOUS
10
0.6703613779527559
20
0.877425905511811
11
0.6695467322834645
21
0.8766112598425196
0
LINE
8
BLACK
6
CONTINUOUS
10
0.6695467322834645
20
0.8766112598425196
11
0.6684823228346457
21
0.8761703543307087
0
LINE
8
BLACK
6
CONTINUOUS
10
0.6684823228346457
20
0.8761703543307087
11
0.6673301968503936
21
0.8761703543307087
0
LINE
8
BLACK
6
CONTINUOUS
10
0.6673301968503936
20
0.8761703543307087
11
0.6662657874015748
21
0.8766112598425196
0
LINE
8
BLACK
6
CONTINUOUS
10
0.6662657874015748
20
0.8766112598425196
11
0.6654511417322835
21
0.877425905511811
0
LINE
8
BLACK
6
CONTINUOUS
10
0.6654511417322835
20
0.877425905511811
11
0.6650102362204724
21
0.8784903149606299
0
LINE
8
BLACK
6
CONTINUOUS
10
0.6650102362204724
20
0.8784903149606299
11
0.6649535039370078
21
0.8790663779527559
0
LINE
8
BLACK
6
CONTINUOUS
10
0.6649535039370078
20
0.8790663779527559
11
0.6649535039370078
21
0.8963097637795275
0
LINE
8
BLACK
6
CONTINUOUS
10
0.6649535039370078
20
0.8963097637795275
11
0.647496968503937
21
0.8788532283464566
0
LINE
8
BLACK
6
CONTINUOUS
10
0.647496968503937
20
0.8788532283464566
11
0.6470495275590551
21
0.8784860236220472
0
LINE
8
BLACK
6
CONTINUOUS
10
0.6470495275590551
20
0.8784860236220472
11
0.6469514566929133
21
0.8784454330708661
0
LINE
8
BLACK
6
CONTINUOUS
10
0.6469514566929133
20
0.8784454330708661
11
0.6468713385826772
21
0.878375905511811
0
LINE
8
BLACK
6
CONTINUOUS
10
0.6468713385826772
20
0.878375905511811
11
0.6463427952755906
21
0.8781399212598425
0
LINE
8
BLACK
6
CONTINUOUS
10
0.6463427952755906
20
0.8781399212598425
11
0.6407185039370079
21
0.876265157480315
0
LINE
8
BLACK
6
CONTINUOUS
10
0.6407185039370079
20
0.876265157480315
11
0.6404329133858268
21
0.8762002362204724
0
LINE
8
BLACK
6
CONTINUOUS
10
0.6404329133858268
20
0.8762002362204724
11
0.6403608267716535
21
0.8761703543307087
0
LINE
8
BLACK
6
CONTINUOUS
10
0.6403608267716535
20
0.8761703543307087
11
0.6402562992125984
21
0.8761600787401574
0
LINE
8
BLACK
6
CONTINUOUS
10
0.6402562992125984
20
0.8761600787401574
11
0.6401540551181102
21
0.8761368110236221
0
LINE
8
BLACK
6
CONTINUOUS
10
0.6401540551181102
20
0.8761368110236221
11
0.6400762992125985
21
0.8761423622047244
0
LINE
8
BLACK
6
CONTINUOUS
10
0.6400762992125985
20
0.8761423622047244
11
0.6397847637795275
21
0.8761136220472441
0
LINE
8
BLACK
6
CONTINUOUS
10
0.6397847637795275
20
0.8761136220472441
11
0.6360352362204724
21
0.8761136220472441
0
LINE
8
BLACK
6
CONTINUOUS
10
0.6360352362204724
20
0.8761136220472441
11
0.6354591732283464
21
0.8761703543307087
0
LINE
8
BLACK
6
CONTINUOUS
10
0.6354591732283464
20
0.8761703543307087
11
0.6353611811023622
21
0.8762109448818898
0
LINE
8
BLACK
6
CONTINUOUS
10
0.6353611811023622
20
0.8762109448818898
11
0.6352553149606299
21
0.8762184645669291
0
LINE
8
BLACK
6
CONTINUOUS
10
0.6352553149606299
20
0.8762184645669291
11
0.6347147244094488
21
0.8764253543307087
0
LINE
8
BLACK
6
CONTINUOUS
10
0.6347147244094488
20
0.8764253543307087
11
0.6309651968503937
21
0.8783001181102362
0
LINE
8
BLACK
6
CONTINUOUS
10
0.6309651968503937
20
0.8783001181102362
11
0.6307171653543306
21
0.8784562204724409
0
LINE
8
BLACK
6
CONTINUOUS
10
0.6307171653543306
20
0.8784562204724409
11
0.6306452362204724
21
0.8784860236220472
0
LINE
8
BLACK
6
CONTINUOUS
10
0.6306452362204724
20
0.8784860236220472
11
0.630564251968504
21
0.8785525196850393
0
LINE
8
BLACK
6
CONTINUOUS
10
0.630564251968504
20
0.8785525196850393
11
0.6304753149606299
21
0.8786084645669291
0
LINE
8
BLACK
6
CONTINUOUS
10
0.6304753149606299
20
0.8786084645669291
11
0.6304241338582677
21
0.8786674803149606
0
LINE
8
BLACK
6
CONTINUOUS
10
0.6304241338582677
20
0.8786674803149606
11
0.6301977952755905
21
0.8788532283464566
0
LINE
8
BLACK
6
CONTINUOUS
10
0.6301977952755905
20
0.8788532283464566
11
0.6283230314960629
21
0.8807279921259842
0
LINE
8
BLACK
6
CONTINUOUS
10
0.6283230314960629
20
0.8807279921259842
11
0.6281372440944881
21
0.8809543700787401
0
LINE
8
BLACK
6
CONTINUOUS
10
0.6281372440944881
20
0.8809543700787401
11
0.6280782677165354
21
0.8810055118110236
0
LINE
8
BLACK
6
CONTINUOUS
10
0.6280782677165354
20
0.8810055118110236
11
0.6280222834645669
21
0.8810944881889764
0
LINE
8
BLACK
6
CONTINUOUS
10
0.6280222834645669
20
0.8810944881889764
11
0.6279558267716535
21
0.8811754330708661
0
LINE
8
BLACK
6
CONTINUOUS
10
0.6279558267716535
20
0.8811754330708661
11
0.6279259842519684
21
0.8812474015748031
0
LINE
8
BLACK
6
CONTINUOUS
10
0.6279259842519684
20
0.8812474015748031
11
0.6277699212598425
21
0.8814953937007873
0
LINE
8
BLACK
6
CONTINUOUS
10
0.6277699212598425
20
0.8814953937007873
11
0.625895157480315
21
0.8852449212598426
0
LINE
8
BLACK
6
CONTINUOUS
10
0.625895157480315
20
0.8852449212598426
11
0.6256882677165354
21
0.8857855511811024
0
LINE
8
BLACK
6
CONTINUOUS
10
0.6256882677165354
20
0.8857855511811024
11
0.6256807480314961
21
0.8858913779527559
0
LINE
8
BLACK
6
CONTINUOUS
10
0.6256807480314961
20
0.8858913779527559
11
0.625640157480315
21
0.8859893700787401
0
LINE
8
BLACK
6
CONTINUOUS
10
0.625640157480315
20
0.8859893700787401
11
0.6255834251968504
21
0.8865654330708661
0
LINE
8
BLACK
6
CONTINUOUS
10
0.6255834251968504
20
0.8865654330708661
11
0.6255834251968504
21
0.8959392519685039
0
LINE
8
BLACK
6
CONTINUOUS
10
0.6255834251968504
20
0.8959392519685039
11
0.625640157480315
21
0.8965153149606299
0
LINE
8
BLACK
6
CONTINUOUS
10
0.625640157480315
20
0.8965153149606299
11
0.6256807480314961
21
0.8966133464566929
0
LINE
8
BLACK
6
CONTINUOUS
10
0.6256807480314961
20
0.8966133464566929
11
0.6256882677165354
21
0.8967191338582677
0
LINE
8
BLACK
6
CONTINUOUS
10
0.6256882677165354
20
0.8967191338582677
11
0.625895157480315
21
0.8972597637795275
0
LINE
8
BLACK
6
CONTINUOUS
10
0.625895157480315
20
0.8972597637795275
11
0.6277699212598425
21
0.9010092913385827
0
LINE
8
BLACK
6
CONTINUOUS
10
0.6277699212598425
20
0.9010092913385827
11
0.6279259842519684
21
0.9012573228346457
0
LINE
8
BLACK
6
CONTINUOUS
10
0.6279259842519684
20
0.9012573228346457
11
0.6279558267716535
21
0.9013292519685039
0
LINE
8
BLACK
6
CONTINUOUS
10
0.6279558267716535
20
0.9013292519685039
11
0.6280222834645669
21
0.9014102362204724
0
LINE
8
BLACK
6
CONTINUOUS
10
0.6280222834645669
20
0.9014102362204724
11
0.6280782677165354
21
0.9014991732283464
0
LINE
8
BLACK
6
CONTINUOUS
10
0.6280782677165354
20
0.9014991732283464
11
0.6281372440944881
21
0.9015503543307086
0
LINE
8
BLACK
6
CONTINUOUS
10
0.6281372440944881
20
0.9015503543307086
11
0.6283230314960629
21
0.9017766929133858
0
LINE
8
BLACK
6
CONTINUOUS
10
0.6283230314960629
20
0.9017766929133858
11
0.6301977952755905
21
0.9036514566929134
0
LINE
8
BLACK
6
CONTINUOUS
10
0.6301977952755905
20
0.9036514566929134
11
0.6306452362204724
21
0.9040186614173228
0
LINE
8
BLACK
6
CONTINUOUS
10
0.6306452362204724
20
0.9040186614173228
11
0.6317096456692913
21
0.9044595669291339
0
LINE
8
BLACK
6
CONTINUOUS
10
0.6317096456692913
20
0.9044595669291339
11
0.6328617322834645
21
0.9044595669291339
0
LINE
8
BLACK
6
CONTINUOUS
10
0.6328617322834645
20
0.9044595669291339
11
0.6339261417322835
21
0.9040186614173228
0
LINE
8
BLACK
6
CONTINUOUS
10
0.6339261417322835
20
0.9040186614173228
11
0.6347408267716536
21
0.9032039763779527
0
LINE
8
BLACK
6
CONTINUOUS
10
0.6347408267716536
20
0.9032039763779527
11
0.6351817322834645
21
0.9021395669291339
0
LINE
8
BLACK
6
CONTINUOUS
10
0.6351817322834645
20
0.9021395669291339
11
0.6351817322834645
21
0.9009874803149606
0
LINE
8
BLACK
6
CONTINUOUS
10
0.6351817322834645
20
0.9009874803149606
11
0.6347408267716536
21
0.8999230708661418
0
LINE
8
BLACK
6
CONTINUOUS
10
0.6347408267716536
20
0.8999230708661418
11
0.6343736220472441
21
0.8994756299212598
0
LINE
8
BLACK
6
CONTINUOUS
10
0.6343736220472441
20
0.8994756299212598
11
0.6328376771653543
21
0.8979396850393701
0
LINE
8
BLACK
6
CONTINUOUS
10
0.6328376771653543
20
0.8979396850393701
11
0.631488937007874
21
0.8952422047244094
0
LINE
8
BLACK
6
CONTINUOUS
10
0.631488937007874
20
0.8952422047244094
11
0.631488937007874
21
0.8872624803149606
0
LINE
8
BLACK
6
CONTINUOUS
10
0.631488937007874
20
0.8872624803149606
11
0.6328376771653543
21
0.8845649999999999
0
LINE
8
BLACK
6
CONTINUOUS
10
0.6328376771653543
20
0.8845649999999999
11
0.6340348031496063
21
0.883367874015748
0
LINE
8
BLACK
6
CONTINUOUS
10
0.6340348031496063
20
0.883367874015748
11
0.6367322834645669
21
0.8820191338582677
0
LINE
8
BLACK
6
CONTINUOUS
10
0.6367322834645669
20
0.8820191338582677
11
0.6393056299212598
21
0.8820191338582677
0
LINE
8
BLACK
6
CONTINUOUS
10
0.6393056299212598
20
0.8820191338582677
11
0.6438140157480314
21
0.8835219685039369
0
LINE
8
BLACK
6
CONTINUOUS
10
0.6438140157480314
20
0.8835219685039369
11
0.6658183464566929
21
0.9055262204724409
0
LINE
8
BLACK
6
CONTINUOUS
10
0.6658183464566929
20
0.9055262204724409
11
0.6662657874015748
21
0.9058934645669291
0
LINE
8
BLACK
6
CONTINUOUS
10
0.6662657874015748
20
0.9058934645669291
11
0.6670184251968504
21
0.9062052362204724
0
LINE
8
BLACK
6
CONTINUOUS
10
0.6670184251968504
20
0.9062052362204724
11
0.6673301968503936
21
0.9063343307086614
0
LINE
8
BLACK
6
CONTINUOUS
10
0.6673301968503936
20
0.9063343307086614
11
0.6684823228346457
21
0.9063343307086614
0
LINE
8
BLACK
6
CONTINUOUS
10
0.6684823228346457
20
0.9063343307086614
11
0.6695467322834645
21
0.9058934251968503
0
LINE
8
BLACK
6
CONTINUOUS
10
0.2300585433070866
20
0.9265196062992126
11
0.2308732283464567
21
0.9257049606299212
0
LINE
8
BLACK
6
CONTINUOUS
10
0.2308732283464567
20
0.9257049606299212
11
0.2311296850393701
21
0.925085748031496
0
LINE
8
BLACK
6
CONTINUOUS
10
0.2311296850393701
20
0.925085748031496
11
0.231314094488189
21
0.9246405511811023
0
LINE
8
BLACK
6
CONTINUOUS
10
0.231314094488189
20
0.9246405511811023
11
0.2313708267716535
21
0.9240644881889764
0
LINE
8
BLACK
6
CONTINUOUS
10
0.2313708267716535
20
0.9240644881889764
11
0.2313708267716535
21
0.8996925590551181
0
LINE
8
BLACK
6
CONTINUOUS
10
0.2313708267716535
20
0.8996925590551181
11
0.231314094488189
21
0.8991164960629922
0
LINE
8
BLACK
6
CONTINUOUS
10
0.231314094488189
20
0.8991164960629922
11
0.230873188976378
21
0.8980520866141732
0
LINE
8
BLACK
6
CONTINUOUS
10
0.230873188976378
20
0.8980520866141732
11
0.2300585433070866
21
0.8972374409448819
0
LINE
8
BLACK
6
CONTINUOUS
10
0.2300585433070866
20
0.8972374409448819
11
0.2289941338582677
21
0.8967965354330708
0
LINE
8
BLACK
6
CONTINUOUS
10
0.2289941338582677
20
0.8967965354330708
11
0.2278420078740157
21
0.8967965354330708
0
LINE
8
BLACK
6
CONTINUOUS
10
0.2278420078740157
20
0.8967965354330708
11
0.2267775984251968
21
0.8972374409448819
0
LINE
8
BLACK
6
CONTINUOUS
10
0.2267775984251968
20
0.8972374409448819
11
0.2259629527559055
21
0.8980520866141732
0
LINE
8
BLACK
6
CONTINUOUS
10
0.2259629527559055
20
0.8980520866141732
11
0.2255220472440945
21
0.8991164960629922
0
LINE
8
BLACK
6
CONTINUOUS
10
0.2255220472440945
20
0.8991164960629922
11
0.2254653149606299
21
0.8996925590551181
0
LINE
8
BLACK
6
CONTINUOUS
10
0.2254653149606299
20
0.8996925590551181
11
0.2254653149606299
21
0.9169359448818898
0
LINE
8
BLACK
6
CONTINUOUS
10
0.2254653149606299
20
0.9169359448818898
11
0.2080087795275591
21
0.8994794094488189
0
LINE
8
BLACK
6
CONTINUOUS
10
0.2080087795275591
20
0.8994794094488189
11
0.2075613385826772
21
0.8991122047244094
0
LINE
8
BLACK
6
CONTINUOUS
10
0.2075613385826772
20
0.8991122047244094
11
0.2074632677165354
21
0.8990716141732283
0
LINE
8
BLACK
6
CONTINUOUS
10
0.2074632677165354
20
0.8990716141732283
11
0.2073831496062992
21
0.8990020866141732
0
LINE
8
BLACK
6
CONTINUOUS
10
0.2073831496062992
20
0.8990020866141732
11
0.2068546062992126
21
0.8987661023622047
0
LINE
8
BLACK
6
CONTINUOUS
10
0.2068546062992126
20
0.8987661023622047
11
0.2012303149606299
21
0.8968913385826771
0
LINE
8
BLACK
6
CONTINUOUS
10
0.2012303149606299
20
0.8968913385826771
11
0.2009447244094488
21
0.8968264173228346
0
LINE
8
BLACK
6
CONTINUOUS
10
0.2009447244094488
20
0.8968264173228346
11
0.2008726377952756
21
0.8967965354330708
0
LINE
8
BLACK
6
CONTINUOUS
10
0.2008726377952756
20
0.8967965354330708
11
0.2007681102362205
21
0.8967862598425197
0
LINE
8
BLACK
6
CONTINUOUS
10
0.2007681102362205
20
0.8967862598425197
11
0.2006658661417323
21
0.8967629921259842
0
LINE
8
BLACK
6
CONTINUOUS
10
0.2006658661417323
20
0.8967629921259842
11
0.2005881102362205
21
0.8967685433070866
0
LINE
8
BLACK
6
CONTINUOUS
10
0.2005881102362205
20
0.8967685433070866
11
0.2002965748031496
21
0.8967398031496063
0
LINE
8
BLACK
6
CONTINUOUS
10
0.2002965748031496
20
0.8967398031496063
11
0.1965470472440945
21
0.8967398031496063
0
LINE
8
BLACK
6
CONTINUOUS
10
0.1965470472440945
20
0.8967398031496063
11
0.1959709842519685
21
0.8967965354330708
0
LINE
8
BLACK
6
CONTINUOUS
10
0.1959709842519685
20
0.8967965354330708
11
0.1958729921259842
21
0.8968371259842519
0
LINE
8
BLACK
6
CONTINUOUS
10
0.1958729921259842
20
0.8968371259842519
11
0.195767125984252
21
0.8968446456692913
0
LINE
8
BLACK
6
CONTINUOUS
10
0.195767125984252
20
0.8968446456692913
11
0.1952265354330709
21
0.8970515354330708
0
LINE
8
BLACK
6
CONTINUOUS
10
0.1952265354330709
20
0.8970515354330708
11
0.1914770078740158
21
0.8989262992125984
0
LINE
8
BLACK
6
CONTINUOUS
10
0.1914770078740158
20
0.8989262992125984
11
0.1912289763779527
21
0.8990824015748031
0
LINE
8
BLACK
6
CONTINUOUS
10
0.1912289763779527
20
0.8990824015748031
11
0.1911570472440945
21
0.8991122047244094
0
LINE
8
BLACK
6
CONTINUOUS
10
0.1911570472440945
20
0.8991122047244094
11
0.191076062992126
21
0.8991787007874016
0
LINE
8
BLACK
6
CONTINUOUS
10
0.191076062992126
20
0.8991787007874016
11
0.190987125984252
21
0.8992346456692913
0
LINE
8
BLACK
6
CONTINUOUS
10
0.190987125984252
20
0.8992346456692913
11
0.1909359448818898
21
0.8992936614173228
0
LINE
8
BLACK
6
CONTINUOUS
10
0.1909359448818898
20
0.8992936614173228
11
0.1907096062992126
21
0.8994794094488189
0
LINE
8
BLACK
6
CONTINUOUS
10
0.1907096062992126
20
0.8994794094488189
11
0.188834842519685
21
0.9013541732283464
0
LINE
8
BLACK
6
CONTINUOUS
10
0.188834842519685
20
0.9013541732283464
11
0.1886490551181102
21
0.9015805511811024
0
LINE
8
BLACK
6
CONTINUOUS
10
0.1886490551181102
20
0.9015805511811024
11
0.1885900787401575
21
0.9016316929133859
0
LINE
8
BLACK
6
CONTINUOUS
10
0.1885900787401575
20
0.9016316929133859
11
0.188534094488189
21
0.9017206692913385
0
LINE
8
BLACK
6
CONTINUOUS
10
0.188534094488189
20
0.9017206692913385
11
0.1884676377952756
21
0.9018016141732283
0
LINE
8
BLACK
6
CONTINUOUS
10
0.1884676377952756
20
0.9018016141732283
11
0.1884377952755905
21
0.9018735826771653
0
LINE
8
BLACK
6
CONTINUOUS
10
0.1884377952755905
20
0.9018735826771653
11
0.1882817322834646
21
0.9021215748031496
0
LINE
8
BLACK
6
CONTINUOUS
10
0.1882817322834646
20
0.9021215748031496
11
0.186406968503937
21
0.9058711023622047
0
LINE
8
BLACK
6
CONTINUOUS
10
0.186406968503937
20
0.9058711023622047
11
0.1862000787401575
21
0.9064117322834645
0
LINE
8
BLACK
6
CONTINUOUS
10
0.1862000787401575
20
0.9064117322834645
11
0.1861925590551181
21
0.9065175590551181
0
LINE
8
BLACK
6
CONTINUOUS
10
0.1861925590551181
20
0.9065175590551181
11
0.186151968503937
21
0.9066155511811024
0
LINE
8
BLACK
6
CONTINUOUS
10
0.186151968503937
20
0.9066155511811024
11
0.1860952362204724
21
0.9071916141732284
0
LINE
8
BLACK
6
CONTINUOUS
10
0.1860952362204724
20
0.9071916141732284
11
0.1860952362204724
21
0.9165654330708661
0
LINE
8
BLACK
6
CONTINUOUS
10
0.1860952362204724
20
0.9165654330708661
11
0.186151968503937
21
0.9171414960629921
0
LINE
8
BLACK
6
CONTINUOUS
10
0.186151968503937
20
0.9171414960629921
11
0.1861925590551181
21
0.9172395275590551
0
LINE
8
BLACK
6
CONTINUOUS
10
0.1861925590551181
20
0.9172395275590551
11
0.1862000787401575
21
0.9173453149606299
0
LINE
8
BLACK
6
CONTINUOUS
10
0.1862000787401575
20
0.9173453149606299
11
0.186406968503937
21
0.9178859448818898
0
LINE
8
BLACK
6
CONTINUOUS
10
0.186406968503937
20
0.9178859448818898
11
0.1882817322834646
21
0.9216354724409449
0
LINE
8
BLACK
6
CONTINUOUS
10
0.1882817322834646
20
0.9216354724409449
11
0.1884377952755905
21
0.9218835039370078
0
LINE
8
BLACK
6
CONTINUOUS
10
0.1884377952755905
20
0.9218835039370078
11
0.1884676377952756
21
0.9219554330708661
0
LINE
8
BLACK
6
CONTINUOUS
10
0.1884676377952756
20
0.9219554330708661
11
0.188534094488189
21
0.9220364173228346
0
LINE
8
BLACK
6
CONTINUOUS
10
0.188534094488189
20
0.9220364173228346
11
0.1885900787401575
21
0.9221253543307086
0
LINE
8
BLACK
6
CONTINUOUS
10
0.1885900787401575
20
0.9221253543307086
11
0.1886490551181102
21
0.9221765354330709
0
LINE
8
BLACK
6
CONTINUOUS
10
0.1886490551181102
20
0.9221765354330709
11
0.188834842519685
21
0.9224028740157481
0
LINE
8
BLACK
6
CONTINUOUS
10
0.188834842519685
20
0.9224028740157481
11
0.1907096062992126
21
0.9242776377952756
0
LINE
8
BLACK
6
CONTINUOUS
10
0.1907096062992126
20
0.9242776377952756
11
0.1911570472440945
21
0.924644842519685
0
LINE
8
BLACK
6
CONTINUOUS
10
0.1911570472440945
20
0.924644842519685
11
0.1922214566929134
21
0.925085748031496
0
LINE
8
BLACK
6
CONTINUOUS
10
0.1922214566929134
20
0.925085748031496
11
0.1933735433070866
21
0.925085748031496
0
LINE
8
BLACK
6
CONTINUOUS
10
0.1933735433070866
20
0.925085748031496
11
0.1944379527559055
21
0.924644842519685
0
LINE
8
BLACK
6
CONTINUOUS
10
0.1944379527559055
20
0.924644842519685
11
0.1952526377952756
21
0.9238301574803149
0
LINE
8
BLACK
6
CONTINUOUS
10
0.1952526377952756
20
0.9238301574803149
11
0.1956935433070866
21
0.922765748031496
0
LINE
8
BLACK
6
CONTINUOUS
10
0.1956935433070866
20
0.922765748031496
11
0.1956935433070866
21
0.9216136614173228
0
LINE
8
BLACK
6
CONTINUOUS
10
0.1956935433070866
20
0.9216136614173228
11
0.1952526377952756
21
0.9205492519685039
0
LINE
8
BLACK
6
CONTINUOUS
10
0.1952526377952756
20
0.9205492519685039
11
0.1948854330708661
21
0.920101811023622
0
LINE
8
BLACK
6
CONTINUOUS
10
0.1948854330708661
20
0.920101811023622
11
0.1933494881889764
21
0.9185658661417323
0
LINE
8
BLACK
6
CONTINUOUS
10
0.1933494881889764
20
0.9185658661417323
11
0.1920007480314961
21
0.9158683858267717
0
LINE
8
BLACK
6
CONTINUOUS
10
0.1920007480314961
20
0.9158683858267717
11
0.1920007480314961
21
0.9078886614173228
0
LINE
8
BLACK
6
CONTINUOUS
10
0.1920007480314961
20
0.9078886614173228
11
0.1933494881889764
21
0.9051911811023622
0
LINE
8
BLACK
6
CONTINUOUS
10
0.1933494881889764
20
0.9051911811023622
11
0.1945466141732284
21
0.9039940551181103
0
LINE
8
BLACK
6
CONTINUOUS
10
0.1945466141732284
20
0.9039940551181103
11
0.197244094488189
21
0.9026453149606299
0
LINE
8
BLACK
6
CONTINUOUS
10
0.197244094488189
20
0.9026453149606299
11
0.1998174409448819
21
0.9026453149606299
0
LINE
8
BLACK
6
CONTINUOUS
10
0.1998174409448819
20
0.9026453149606299
11
0.2043258267716535
21
0.9041481496062992
0
LINE
8
BLACK
6
CONTINUOUS
10
0.2043258267716535
20
0.9041481496062992
11
0.226330157480315
21
0.9261524015748032
0
LINE
8
BLACK
6
CONTINUOUS
10
0.226330157480315
20
0.9261524015748032
11
0.2267775984251968
21
0.9265196456692913
0
LINE
8
BLACK
6
CONTINUOUS
10
0.2267775984251968
20
0.9265196456692913
11
0.2275302362204724
21
0.9268314173228346
0
LINE
8
BLACK
6
CONTINUOUS
10
0.2275302362204724
20
0.9268314173228346
11
0.2278420078740157
21
0.9269605118110236
0
LINE
8
BLACK
6
CONTINUOUS
10
0.2278420078740157
20
0.9269605118110236
11
0.2289941338582677
21
0.9269605118110236
0
LINE
8
BLACK
6
CONTINUOUS
10
0.2289941338582677
20
0.9269605118110236
11
0.2300585433070866
21
0.9265196062992126
0
LINE
8
BLACK
6
CONTINUOUS
10
0.246455157480315
20
0.9780091732283465
11
0.2477335826771654
21
0.9767307480314961
0
LINE
8
BLACK
6
CONTINUOUS
10
0.2477335826771654
20
0.9767307480314961
11
0.2477335826771654
21
0.9749227952755906
0
LINE
8
BLACK
6
CONTINUOUS
10
0.2477335826771654
20
0.9749227952755906
11
0.246455157480315
21
0.9736443700787402
0
LINE
8
BLACK
6
CONTINUOUS
10
0.246455157480315
20
0.9736443700787402
11
0.2459448818897638
21
0.9735429133858268
0
LINE
8
BLACK
6
CONTINUOUS
10
0.2459448818897638
20
0.9735429133858268
11
0.2459448818897638
21
0.906457125984252
0
LINE
8
BLACK
6
CONTINUOUS
10
0.2459448818897638
20
0.906457125984252
11
0.246455157480315
21
0.9063556299212598
0
LINE
8
BLACK
6
CONTINUOUS
10
0.246455157480315
20
0.9063556299212598
11
0.2477335826771654
21
0.9050772047244094
0
LINE
8
BLACK
6
CONTINUOUS
10
0.2477335826771654
20
0.9050772047244094
11
0.2477335826771654
21
0.9032692519685039
0
LINE
8
BLACK
6
CONTINUOUS
10
0.2477335826771654
20
0.9032692519685039
11
0.246455157480315
21
0.9019908267716535
0
LINE
8
BLACK
6
CONTINUOUS
10
0.246455157480315
20
0.9019908267716535
11
0.2455511811023622
21
0.9018110236220472
0
LINE
8
BLACK
6
CONTINUOUS
10
0.2455511811023622
20
0.9018110236220472
11
0.2435826771653543
21
0.9018110236220472
0
LINE
8
BLACK
6
CONTINUOUS
10
0.2435826771653543
20
0.9018110236220472
11
0.2426787007874016
21
0.9019908267716535
0
LINE
8
BLACK
6
CONTINUOUS
10
0.2426787007874016
20
0.9019908267716535
11
0.2414002755905512
21
0.9032692519685039
0
LINE
8
BLACK
6
CONTINUOUS
10
0.2414002755905512
20
0.9032692519685039
11
0.2412204724409449
21
0.9041732283464566
0
LINE
8
BLACK
6
CONTINUOUS
10
0.2412204724409449
20
0.9041732283464566
11
0.2412204724409449
21
0.9758267716535433
0
LINE
8
BLACK
6
CONTINUOUS
10
0.2412204724409449
20
0.9758267716535433
11
0.2414002755905512
21
0.9767307480314961
0
LINE
8
BLACK
6
CONTINUOUS
10
0.2414002755905512
20
0.9767307480314961
11
0.2426787007874016
21
0.9780091732283465
0
LINE
8
BLACK
6
CONTINUOUS
10
0.2426787007874016
20
0.9780091732283465
11
0.2435826771653543
21
0.9781889763779528
0
LINE
8
BLACK
6
CONTINUOUS
10
0.2435826771653543
20
0.9781889763779528
11
0.2455511811023622
21
0.9781889763779528
0
LINE
8
BLACK
6
CONTINUOUS
10
0.2455511811023622
20
0.9781889763779528
11
0.246455157480315
21
0.9780091732283465
0
LINE
8
BLACK
6
CONTINUOUS
10
0.3673212992125984
20
0.9780091732283465
11
0.3685997244094488
21
0.9767307480314961
0
LINE
8
BLACK
6
CONTINUOUS
10
0.3685997244094488
20
0.9767307480314961
11
0.3687795275590551
21
0.9758267716535433
0
LINE
8
BLACK
6
CONTINUOUS
10
0.3687795275590551
20
0.9758267716535433
11
0.3687795275590551
21
0.9041732283464566
0
LINE
8
BLACK
6
CONTINUOUS
10
0.3687795275590551
20
0.9041732283464566
11
0.3685997244094488
21
0.9032692519685039
0
LINE
8
BLACK
6
CONTINUOUS
10
0.3685997244094488
20
0.9032692519685039
11
0.3673212992125984
21
0.9019908267716535
0
LINE
8
BLACK
6
CONTINUOUS
10
0.3673212992125984
20
0.9019908267716535
11
0.3664173228346457
21
0.9018110236220472
0
LINE
8
BLACK
6
CONTINUOUS
10
0.3664173228346457
20
0.9018110236220472
11
0.3644488188976378
21
0.9018110236220472
0
LINE
8
BLACK
6
CONTINUOUS
10
0.3644488188976378
20
0.9018110236220472
11
0.3635448425196851
21
0.9019908267716535
0
LINE
8
BLACK
6
CONTINUOUS
10
0.3635448425196851
20
0.9019908267716535
11
0.3622664173228347
21
0.9032692519685039
0
LINE
8
BLACK
6
CONTINUOUS
10
0.3622664173228347
20
0.9032692519685039
11
0.3622664173228347
21
0.9050772047244094
0
LINE
8
BLACK
6
CONTINUOUS
10
0.3622664173228347
20
0.9050772047244094
11
0.3635448425196851
21
0.9063556299212598
0
LINE
8
BLACK
6
CONTINUOUS
10
0.3635448425196851
20
0.9063556299212598
11
0.3640551181102362
21
0.906457125984252
0
LINE
8
BLACK
6
CONTINUOUS
10
0.3640551181102362
20
0.906457125984252
11
0.3640551181102362
21
0.9735429133858268
0
LINE
8
BLACK
6
CONTINUOUS
10
0.3640551181102362
20
0.9735429133858268
11
0.3635448425196851
21
0.9736443700787402
0
LINE
8
BLACK
6
CONTINUOUS
10
0.3635448425196851
20
0.9736443700787402
11
0.3622664173228347
21
0.9749227952755906
0
LINE
8
BLACK
6
CONTINUOUS
10
0.3622664173228347
20
0.9749227952755906
11
0.3622664173228347
21
0.9767307480314961
0
LINE
8
BLACK
6
CONTINUOUS
10
0.3622664173228347
20
0.9767307480314961
11
0.3635448425196851
21
0.9780091732283465
0
LINE
8
BLACK
6
CONTINUOUS
10
0.3635448425196851
20
0.9780091732283465
11
0.3644488188976378
21
0.9781889763779528
0
LINE
8
BLACK
6
CONTINUOUS
10
0.3644488188976378
20
0.9781889763779528
11
0.3664173228346457
21
0.9781889763779528
0
LINE
8
BLACK
6
CONTINUOUS
10
0.3664173228346457
20
0.9781889763779528
11
0.3673212992125984
21
0.9780091732283465
0
LINE
8
BLACK
6
CONTINUOUS
10
0.6684823228346457
20
0.9419548818897637
11
0.6695467322834645
21
0.9415139763779528
0
LINE
8
BLACK
6
CONTINUOUS
10
0.6695467322834645
20
0.9415139763779528
11
0.6703613779527559
21
0.9406993307086614
0
LINE
8
BLACK
6
CONTINUOUS
10
0.6703613779527559
20
0.9406993307086614
11
0.6708022834645669
21
0.9396349212598425
0
LINE
8
BLACK
6
CONTINUOUS
10
0.6708022834645669
20
0.9396349212598425
11
0.6708022834645669
21
0.9384827952755905
0
LINE
8
BLACK
6
CONTINUOUS
10
0.6708022834645669
20
0.9384827952755905
11
0.6703613779527559
21
0.9374183858267716
0
LINE
8
BLACK
6
CONTINUOUS
10
0.6703613779527559
20
0.9374183858267716
11
0.6695467322834645
21
0.9366037401574803
0
LINE
8
BLACK
6
CONTINUOUS
10
0.6695467322834645
20
0.9366037401574803
11
0.6684823228346457
21
0.9361628346456693
0
LINE
8
BLACK
6
CONTINUOUS
10
0.6684823228346457
20
0.9361628346456693
11
0.6679062598425197
21
0.9361061023622047
0
LINE
8
BLACK
6
CONTINUOUS
10
0.6679062598425197
20
0.9361061023622047
11
0.6521113385826771
21
0.9361061023622047
0
LINE
8
BLACK
6
CONTINUOUS
10
0.6521113385826771
20
0.9361061023622047
11
0.6521113385826771
21
0.9312224409448818
0
LINE
8
BLACK
6
CONTINUOUS
10
0.6521113385826771
20
0.9312224409448818
11
0.6695995669291338
21
0.9189806692913386
0
LINE
8
BLACK
6
CONTINUOUS
10
0.6695995669291338
20
0.9189806692913386
11
0.670038937007874
21
0.9186038582677165
0
LINE
8
BLACK
6
CONTINUOUS
10
0.670038937007874
20
0.9186038582677165
11
0.6706581102362205
21
0.9176322440944882
0
LINE
8
BLACK
6
CONTINUOUS
10
0.6706581102362205
20
0.9176322440944882
11
0.6708583464566928
21
0.9164977165354331
0
LINE
8
BLACK
6
CONTINUOUS
10
0.6708583464566928
20
0.9164977165354331
11
0.6706091338582677
21
0.915372874015748
0
LINE
8
BLACK
6
CONTINUOUS
10
0.6706091338582677
20
0.915372874015748
11
0.6699484251968504
21
0.9144290157480315
0
LINE
8
BLACK
6
CONTINUOUS
10
0.6699484251968504
20
0.9144290157480315
11
0.6689768503937008
21
0.913809842519685
0
LINE
8
BLACK
6
CONTINUOUS
10
0.6689768503937008
20
0.913809842519685
11
0.6678422834645669
21
0.9136096456692914
0
LINE
8
BLACK
6
CONTINUOUS
10
0.6678422834645669
20
0.9136096456692914
11
0.6667174409448818
21
0.9138588188976378
0
LINE
8
BLACK
6
CONTINUOUS
10
0.6667174409448818
20
0.9138588188976378
11
0.6662129921259843
21
0.9141426771653544
0
LINE
8
BLACK
6
CONTINUOUS
10
0.6662129921259843
20
0.9141426771653544
11
0.6521070078740158
21
0.9240168503937007
0
LINE
8
BLACK
6
CONTINUOUS
10
0.6521070078740158
20
0.9240168503937007
11
0.6520546062992126
21
0.9234846850393701
0
LINE
8
BLACK
6
CONTINUOUS
10
0.6520546062992126
20
0.9234846850393701
11
0.6520140157480315
21
0.9233867322834646
0
LINE
8
BLACK
6
CONTINUOUS
10
0.6520140157480315
20
0.9233867322834646
11
0.6520064960629921
21
0.9232808267716536
0
LINE
8
BLACK
6
CONTINUOUS
10
0.6520064960629921
20
0.9232808267716536
11
0.6517996062992126
21
0.9227402362204724
0
LINE
8
BLACK
6
CONTINUOUS
10
0.6517996062992126
20
0.9227402362204724
11
0.6499248425196851
21
0.9189907086614173
0
LINE
8
BLACK
6
CONTINUOUS
10
0.6499248425196851
20
0.9189907086614173
11
0.6497687401574803
21
0.918742716535433
0
LINE
8
BLACK
6
CONTINUOUS
10
0.6497687401574803
20
0.918742716535433
11
0.649738937007874
21
0.9186707480314961
0
LINE
8
BLACK
6
CONTINUOUS
10
0.649738937007874
20
0.9186707480314961
11
0.6496724409448819
21
0.9185898031496063
0
LINE
8
BLACK
6
CONTINUOUS
10
0.6496724409448819
20
0.9185898031496063
11
0.6496164960629921
21
0.9185008267716536
0
LINE
8
BLACK
6
CONTINUOUS
10
0.6496164960629921
20
0.9185008267716536
11
0.6495574803149606
21
0.9184496850393701
0
LINE
8
BLACK
6
CONTINUOUS
10
0.6495574803149606
20
0.9184496850393701
11
0.6493717322834646
21
0.9182233070866141
0
LINE
8
BLACK
6
CONTINUOUS
10
0.6493717322834646
20
0.9182233070866141
11
0.647496968503937
21
0.9163485433070866
0
LINE
8
BLACK
6
CONTINUOUS
10
0.647496968503937
20
0.9163485433070866
11
0.6472705905511811
21
0.9161627952755905
0
LINE
8
BLACK
6
CONTINUOUS
10
0.6472705905511811
20
0.9161627952755905
11
0.6472194488188976
21
0.9161037795275591
0
LINE
8
BLACK
6
CONTINUOUS
10
0.6472194488188976
20
0.9161037795275591
11
0.6471304724409449
21
0.9160478346456693
0
LINE
8
BLACK
6
CONTINUOUS
10
0.6471304724409449
20
0.9160478346456693
11
0.6470495275590551
21
0.9159813385826772
0
LINE
8
BLACK
6
CONTINUOUS
10
0.6470495275590551
20
0.9159813385826772
11
0.6469775590551181
21
0.9159515354330708
0
LINE
8
BLACK
6
CONTINUOUS
10
0.6469775590551181
20
0.9159515354330708
11
0.6467295669291339
21
0.9157954330708661
0
LINE
8
BLACK
6
CONTINUOUS
10
0.6467295669291339
20
0.9157954330708661
11
0.6429800393700787
21
0.9139206692913385
0
LINE
8
BLACK
6
CONTINUOUS
10
0.6429800393700787
20
0.9139206692913385
11
0.6424394094488188
21
0.9137137795275591
0
LINE
8
BLACK
6
CONTINUOUS
10
0.6424394094488188
20
0.9137137795275591
11
0.6423335826771653
21
0.9137062992125984
0
LINE
8
BLACK
6
CONTINUOUS
10
0.6423335826771653
20
0.9137062992125984
11
0.6422355905511811
21
0.9136656692913385
0
LINE
8
BLACK
6
CONTINUOUS
10
0.6422355905511811
20
0.9136656692913385
11
0.6416595275590551
21
0.913608937007874
0
LINE
8
BLACK
6
CONTINUOUS
10
0.6416595275590551
20
0.913608937007874
11
0.6360352362204724
21
0.913608937007874
0
LINE
8
BLACK
6
CONTINUOUS
10
0.6360352362204724
20
0.913608937007874
11
0.6354591732283464
21
0.9136656692913385
0
LINE
8
BLACK
6
CONTINUOUS
10
0.6354591732283464
20
0.9136656692913385
11
0.6353611811023622
21
0.9137062598425196
0
LINE
8
BLACK
6
CONTINUOUS
10
0.6353611811023622
20
0.9137062598425196
11
0.6352553149606299
21
0.9137137795275591
0
LINE
8
BLACK
6
CONTINUOUS
10
0.6352553149606299
20
0.9137137795275591
11
0.6347147244094488
21
0.9139206692913385
0
LINE
8
BLACK
6
CONTINUOUS
10
0.6347147244094488
20
0.9139206692913385
11
0.6309651968503937
21
0.9157954330708661
0
LINE
8
BLACK
6
CONTINUOUS
10
0.6309651968503937
20
0.9157954330708661
11
0.6307171653543306
21
0.9159515354330708
0
LINE
8
BLACK
6
CONTINUOUS
10
0.6307171653543306
20
0.9159515354330708
11
0.6306452362204724
21
0.9159813385826772
0
LINE
8
BLACK
6
CONTINUOUS
10
0.6306452362204724
20
0.9159813385826772
11
0.630564251968504
21
0.9160478346456693
0
LINE
8
BLACK
6
CONTINUOUS
10
0.630564251968504
20
0.9160478346456693
11
0.6304753149606299
21
0.9161037795275591
0
LINE
8
BLACK
6
CONTINUOUS
10
0.6304753149606299
20
0.9161037795275591
11
0.6304241338582677
21
0.9161627952755905
0
LINE
8
BLACK
6
CONTINUOUS
10
0.6304241338582677
20
0.9161627952755905
11
0.6301977952755905
21
0.9163485433070866
0
LINE
8
BLACK
6
CONTINUOUS
10
0.6301977952755905
20
0.9163485433070866
11
0.6283230314960629
21
0.9182233070866141
0
LINE
8
BLACK
6
CONTINUOUS
10
0.6283230314960629
20
0.9182233070866141
11
0.6281372440944881
21
0.9184496850393701
0
LINE
8
BLACK
6
CONTINUOUS
10
0.6281372440944881
20
0.9184496850393701
11
0.6280782677165354
21
0.9185008267716536
0
LINE
8
BLACK
6
CONTINUOUS
10
0.6280782677165354
20
0.9185008267716536
11
0.6280222834645669
21
0.9185898031496063
0
LINE
8
BLACK
6
CONTINUOUS
10
0.6280222834645669
20
0.9185898031496063
11
0.6279558267716535
21
0.9186707480314961
0
LINE
8
BLACK
6
CONTINUOUS
10
0.6279558267716535
20
0.9186707480314961
11
0.6279259842519684
21
0.918742716535433
0
LINE
8
BLACK
6
CONTINUOUS
10
0.6279259842519684
20
0.918742716535433
11
0.6277699212598425
21
0.9189907086614173
0
LINE
8
BLACK
6
CONTINUOUS
10
0.6277699212598425
20
0.9189907086614173
11
0.625895157480315
21
0.9227402362204724
0
LINE
8
BLACK
6
CONTINUOUS
10
0.625895157480315
20
0.9227402362204724
11
0.6256882677165354
21
0.9232808661417322
0
LINE
8
BLACK
6
CONTINUOUS
10
0.6256882677165354
20
0.9232808661417322
11
0.6256807480314961
21
0.9233866929133858
0
LINE
8
BLACK
6
CONTINUOUS
10
0.6256807480314961
20
0.9233866929133858
11
0.625640157480315
21
0.9234846850393701
0
LINE
8
BLACK
6
CONTINUOUS
10
0.625640157480315
20
0.9234846850393701
11
0.6255834251968504
21
0.9240607480314961
0
LINE
8
BLACK
6
CONTINUOUS
10
0.6255834251968504
20
0.9240607480314961
11
0.6255834251968504
21
0.9390588582677165
0
LINE
8
BLACK
6
CONTINUOUS
10
0.6255834251968504
20
0.9390588582677165
11
0.625640157480315
21
0.9396349212598425
0
LINE
8
BLACK
6
CONTINUOUS
10
0.625640157480315
20
0.9396349212598425
11
0.626081062992126
21
0.9406993307086614
0
LINE
8
BLACK
6
CONTINUOUS
10
0.626081062992126
20
0.9406993307086614
11
0.6268957086614173
21
0.9415139763779528
0
LINE
8
BLACK
6
CONTINUOUS
10
0.6268957086614173
20
0.9415139763779528
11
0.6279601181102362
21
0.9419548818897637
0
LINE
8
BLACK
6
CONTINUOUS
10
0.6279601181102362
20
0.9419548818897637
11
0.6285361811023622
21
0.9420116141732283
0
LINE
8
BLACK
6
CONTINUOUS
10
0.6285361811023622
20
0.9420116141732283
11
0.6679062598425197
21
0.9420116141732283
0
LINE
8
BLACK
6
CONTINUOUS
10
0.6679062598425197
20
0.9420116141732283
11
0.6684823228346457
21
0.9419548818897637
0
LINE
8
BLACK
6
CONTINUOUS
10
0.631488937007874
20
0.9247577952755905
11
0.6328376771653543
21
0.9220603149606299
0
LINE
8
BLACK
6
CONTINUOUS
10
0.6328376771653543
20
0.9220603149606299
11
0.6340348031496063
21
0.920863188976378
0
LINE
8
BLACK
6
CONTINUOUS
10
0.6340348031496063
20
0.920863188976378
11
0.6367322834645669
21
0.9195144488188977
0
LINE
8
BLACK
6
CONTINUOUS
10
0.6367322834645669
20
0.9195144488188977
11
0.6409624803149606
21
0.9195144488188977
0
LINE
8
BLACK
6
CONTINUOUS
10
0.6409624803149606
20
0.9195144488188977
11
0.6436599606299213
21
0.920863188976378
0
LINE
8
BLACK
6
CONTINUOUS
10
0.6436599606299213
20
0.920863188976378
11
0.6448570866141732
21
0.9220603149606299
0
LINE
8
BLACK
6
CONTINUOUS
10
0.6448570866141732
20
0.9220603149606299
11
0.6462058267716535
21
0.9247577952755905
0
LINE
8
BLACK
6
CONTINUOUS
10
0.6462058267716535
20
0.9247577952755905
11
0.6462058267716535
21
0.9361061023622047
0
LINE
8
BLACK
6
CONTINUOUS
10
0.6462058267716535
20
0.9361061023622047
11
0.631488937007874
21
0.9361061023622047
0
LINE
8
BLACK
6
CONTINUOUS
10
0.631488937007874
20
0.9361061023622047
11
0.631488937007874
21
0.9247577952755905
0
LINE
8
BLACK
6
CONTINUOUS
10
0.2116456692913386
20
0.9645026771653543
11
0.2116887007874016
21
0.9645090551181102
0
LINE
8
BLACK
6
CONTINUOUS
10
0.2116887007874016
20
0.9645090551181102
11
0.2119041732283465
21
0.9644772047244095
0
LINE
8
BLACK
6
CONTINUOUS
10
0.2119041732283465
20
0.9644772047244095
11
0.2121212204724409
21
0.9644558267716535
0
LINE
8
BLACK
6
CONTINUOUS
10
0.2121212204724409
20
0.9644558267716535
11
0.2121614173228346
21
0.9644392125984251
0
LINE
8
BLACK
6
CONTINUOUS
10
0.2121614173228346
20
0.9644392125984251
11
0.2122612992125984
21
0.9644244094488189
0
LINE
8
BLACK
6
CONTINUOUS
10
0.2122612992125984
20
0.9644244094488189
11
0.2197603543307086
21
0.9625496456692914
0
LINE
8
BLACK
6
CONTINUOUS
10
0.2197603543307086
20
0.9625496456692914
11
0.2198028346456693
21
0.9625344881889764
0
LINE
8
BLACK
6
CONTINUOUS
10
0.2198028346456693
20
0.9625344881889764
11
0.219824094488189
21
0.9625329527559054
0
LINE
8
BLACK
6
CONTINUOUS
10
0.219824094488189
20
0.9625329527559054
11
0.2200635039370079
21
0.9624413385826771
0
LINE
8
BLACK
6
CONTINUOUS
10
0.2200635039370079
20
0.9624413385826771
11
0.2203054724409449
21
0.9623548818897637
0
LINE
8
BLACK
6
CONTINUOUS
10
0.2203054724409449
20
0.9623548818897637
11
0.2203225984251969
21
0.9623422047244095
0
LINE
8
BLACK
6
CONTINUOUS
10
0.2203225984251969
20
0.9623422047244095
11
0.2203647244094488
21
0.962326062992126
0
LINE
8
BLACK
6
CONTINUOUS
10
0.2203647244094488
20
0.962326062992126
11
0.2241142519685039
21
0.9604512992125984
0
LINE
8
BLACK
6
CONTINUOUS
10
0.2241142519685039
20
0.9604512992125984
11
0.224362125984252
21
0.9602952755905512
0
LINE
8
BLACK
6
CONTINUOUS
10
0.224362125984252
20
0.9602952755905512
11
0.2244341732283464
21
0.9602654330708661
0
LINE
8
BLACK
6
CONTINUOUS
10
0.2244341732283464
20
0.9602654330708661
11
0.2245151968503937
21
0.960198937007874
0
LINE
8
BLACK
6
CONTINUOUS
10
0.2245151968503937
20
0.960198937007874
11
0.2246041338582677
21
0.9601429527559054
0
LINE
8
BLACK
6
CONTINUOUS
10
0.2246041338582677
20
0.9601429527559054
11
0.2246552755905512
21
0.9600839763779527
0
LINE
8
BLACK
6
CONTINUOUS
10
0.2246552755905512
20
0.9600839763779527
11
0.2248816535433071
21
0.9598981889763779
0
LINE
8
BLACK
6
CONTINUOUS
10
0.2248816535433071
20
0.9598981889763779
11
0.2286312204724409
21
0.9561486614173228
0
LINE
8
BLACK
6
CONTINUOUS
10
0.2286312204724409
20
0.9561486614173228
11
0.2289984645669291
21
0.9557012204724409
0
LINE
8
BLACK
6
CONTINUOUS
10
0.2289984645669291
20
0.9557012204724409
11
0.2290390551181102
21
0.955603188976378
0
LINE
8
BLACK
6
CONTINUOUS
10
0.2290390551181102
20
0.955603188976378
11
0.2291085433070866
21
0.9555230708661417
0
LINE
8
BLACK
6
CONTINUOUS
10
0.2291085433070866
20
0.9555230708661417
11
0.2293445275590551
21
0.9549944881889764
0
LINE
8
BLACK
6
CONTINUOUS
10
0.2293445275590551
20
0.9549944881889764
11
0.2312192913385827
21
0.9493702362204725
0
LINE
8
BLACK
6
CONTINUOUS
10
0.2312192913385827
20
0.9493702362204725
11
0.2312842125984252
21
0.9490846062992125
0
LINE
8
BLACK
6
CONTINUOUS
10
0.2312842125984252
20
0.9490846062992125
11
0.231314094488189
21
0.9490125196850393
0
LINE
8
BLACK
6
CONTINUOUS
10
0.231314094488189
20
0.9490125196850393
11
0.2313243700787402
21
0.9489080708661417
0
LINE
8
BLACK
6
CONTINUOUS
10
0.2313243700787402
20
0.9489080708661417
11
0.2313476377952756
21
0.9488057874015747
0
LINE
8
BLACK
6
CONTINUOUS
10
0.2313476377952756
20
0.9488057874015747
11
0.2313420866141732
21
0.9487280708661417
0
LINE
8
BLACK
6
CONTINUOUS
10
0.2313420866141732
20
0.9487280708661417
11
0.2313708267716535
21
0.9484364566929133
0
LINE
8
BLACK
6
CONTINUOUS
10
0.2313708267716535
20
0.9484364566929133
11
0.2313708267716535
21
0.9446869291338582
0
LINE
8
BLACK
6
CONTINUOUS
10
0.2313708267716535
20
0.9446869291338582
11
0.2313420866141732
21
0.9443953543307086
0
LINE
8
BLACK
6
CONTINUOUS
10
0.2313420866141732
20
0.9443953543307086
11
0.2313476377952756
21
0.9443175984251968
0
LINE
8
BLACK
6
CONTINUOUS
10
0.2313476377952756
20
0.9443175984251968
11
0.2313243700787402
21
0.9442153543307087
0
LINE
8
BLACK
6
CONTINUOUS
10
0.2313243700787402
20
0.9442153543307087
11
0.231314094488189
21
0.9441108661417322
0
LINE
8
BLACK
6
CONTINUOUS
10
0.231314094488189
20
0.9441108661417322
11
0.2312842125984252
21
0.9440388188976377
0
LINE
8
BLACK
6
CONTINUOUS
10
0.2312842125984252
20
0.9440388188976377
11
0.2312192913385827
21
0.9437531496062992
0
LINE
8
BLACK
6
CONTINUOUS
10
0.2312192913385827
20
0.9437531496062992
11
0.2293445275590551
21
0.9381288976377953
0
LINE
8
BLACK
6
CONTINUOUS
10
0.2293445275590551
20
0.9381288976377953
11
0.2291085433070866
21
0.9376003149606299
0
LINE
8
BLACK
6
CONTINUOUS
10
0.2291085433070866
20
0.9376003149606299
11
0.2290389763779528
21
0.9375201574803149
0
LINE
8
BLACK
6
CONTINUOUS
10
0.2290389763779528
20
0.9375201574803149
11
0.2289984251968504
21
0.9374221653543306
0
LINE
8
BLACK
6
CONTINUOUS
10
0.2289984251968504
20
0.9374221653543306
11
0.2286311811023622
21
0.9369746850393701
0
LINE
8
BLACK
6
CONTINUOUS
10
0.2286311811023622
20
0.9369746850393701
11
0.2267563779527559
21
0.9350999212598425
0
LINE
8
BLACK
6
CONTINUOUS
10
0.2267563779527559
20
0.9350999212598425
11
0.226308937007874
21
0.934732716535433
0
LINE
8
BLACK
6
CONTINUOUS
10
0.226308937007874
20
0.934732716535433
11
0.2252445275590551
21
0.9342918503937008
0
LINE
8
BLACK
6
CONTINUOUS
10
0.2252445275590551
20
0.9342918503937008
11
0.2240924409448819
21
0.9342918503937008
0
LINE
8
BLACK
6
CONTINUOUS
10
0.2240924409448819
20
0.9342918503937008
11
0.223028031496063
21
0.9347327559055117
0
LINE
8
BLACK
6
CONTINUOUS
10
0.223028031496063
20
0.9347327559055117
11
0.2222133464566929
21
0.9355474409448818
0
LINE
8
BLACK
6
CONTINUOUS
10
0.2222133464566929
20
0.9355474409448818
11
0.2217724803149606
21
0.9366118503937008
0
LINE
8
BLACK
6
CONTINUOUS
10
0.2217724803149606
20
0.9366118503937008
11
0.2217724803149606
21
0.937763937007874
0
LINE
8
BLACK
6
CONTINUOUS
10
0.2217724803149606
20
0.937763937007874
11
0.2222133858267716
21
0.9388283464566929
0
LINE
8
BLACK
6
CONTINUOUS
10
0.2222133858267716
20
0.9388283464566929
11
0.2225806299212598
21
0.9392758267716536
0
LINE
8
BLACK
6
CONTINUOUS
10
0.2225806299212598
20
0.9392758267716536
11
0.2239625196850394
21
0.9406577165354331
0
LINE
8
BLACK
6
CONTINUOUS
10
0.2239625196850394
20
0.9406577165354331
11
0.2254653149606299
21
0.9451660629921259
0
LINE
8
BLACK
6
CONTINUOUS
10
0.2254653149606299
20
0.9451660629921259
11
0.2254653149606299
21
0.9479573228346456
0
LINE
8
BLACK
6
CONTINUOUS
10
0.2254653149606299
20
0.9479573228346456
11
0.2239625196850394
21
0.9524657086614173
0
LINE
8
BLACK
6
CONTINUOUS
10
0.2239625196850394
20
0.9524657086614173
11
0.2210446456692913
21
0.9553835433070866
0
LINE
8
BLACK
6
CONTINUOUS
10
0.2210446456692913
20
0.9553835433070866
11
0.2180136614173228
21
0.9568990551181102
0
LINE
8
BLACK
6
CONTINUOUS
10
0.2180136614173228
20
0.9568990551181102
11
0.2111816141732283
21
0.9586070472440945
0
LINE
8
BLACK
6
CONTINUOUS
10
0.2111816141732283
20
0.9586070472440945
11
0.2062844094488189
21
0.9586070472440945
0
LINE
8
BLACK
6
CONTINUOUS
10
0.2062844094488189
20
0.9586070472440945
11
0.1994523622047244
21
0.9568990551181102
0
LINE
8
BLACK
6
CONTINUOUS
10
0.1994523622047244
20
0.9568990551181102
11
0.1964213779527559
21
0.9553835433070866
0
LINE
8
BLACK
6
CONTINUOUS
10
0.1964213779527559
20
0.9553835433070866
11
0.1935035433070866
21
0.9524657480314961
0
LINE
8
BLACK
6
CONTINUOUS
10
0.1935035433070866
20
0.9524657480314961
11
0.1920007480314961
21
0.9479573228346456
0
LINE
8
BLACK
6
CONTINUOUS
10
0.1920007480314961
20
0.9479573228346456
11
0.1920007480314961
21
0.9451661023622047
0
LINE
8
BLACK
6
CONTINUOUS
10
0.1920007480314961
20
0.9451661023622047
11
0.1935035433070866
21
0.9406576771653543
0
LINE
8
BLACK
6
CONTINUOUS
10
0.1935035433070866
20
0.9406576771653543
11
0.1948854330708661
21
0.9392757874015748
0
LINE
8
BLACK
6
CONTINUOUS
10
0.1948854330708661
20
0.9392757874015748
11
0.1952526377952756
21
0.9388283464566929
0
LINE
8
BLACK
6
CONTINUOUS
10
0.1952526377952756
20
0.9388283464566929
11
0.1956935433070866
21
0.937763937007874
0
LINE
8
BLACK
6
CONTINUOUS
10
0.1956935433070866
20
0.937763937007874
11
0.1956935433070866
21
0.9366118503937008
0
LINE
8
BLACK
6
CONTINUOUS
10
0.1956935433070866
20
0.9366118503937008
11
0.1952526377952756
21
0.9355474409448818
0
LINE
8
BLACK
6
CONTINUOUS
10
0.1952526377952756
20
0.9355474409448818
11
0.1944379527559055
21
0.9347327559055117
0
LINE
8
BLACK
6
CONTINUOUS
10
0.1944379527559055
20
0.9347327559055117
11
0.1933735433070866
21
0.9342918503937008
0
LINE
8
BLACK
6
CONTINUOUS
10
0.1933735433070866
20
0.9342918503937008
11
0.1922214566929134
21
0.9342918503937008
0
LINE
8
BLACK
6
CONTINUOUS
10
0.1922214566929134
20
0.9342918503937008
11
0.1911570472440945
21
0.9347327559055117
0
LINE
8
BLACK
6
CONTINUOUS
10
0.1911570472440945
20
0.9347327559055117
11
0.1907096062992126
21
0.9350999606299213
0
LINE
8
BLACK
6
CONTINUOUS
10
0.1907096062992126
20
0.9350999606299213
11
0.188834842519685
21
0.9369747244094488
0
LINE
8
BLACK
6
CONTINUOUS
10
0.188834842519685
20
0.9369747244094488
11
0.1884676377952756
21
0.9374221653543306
0
LINE
8
BLACK
6
CONTINUOUS
10
0.1884676377952756
20
0.9374221653543306
11
0.1884270078740158
21
0.9375202362204724
0
LINE
8
BLACK
6
CONTINUOUS
10
0.1884270078740158
20
0.9375202362204724
11
0.1883575196850394
21
0.9376003543307087
0
LINE
8
BLACK
6
CONTINUOUS
10
0.1883575196850394
20
0.9376003543307087
11
0.1881215354330709
21
0.9381288976377953
0
LINE
8
BLACK
6
CONTINUOUS
10
0.1881215354330709
20
0.9381288976377953
11
0.1862467716535433
21
0.9437531889763779
0
LINE
8
BLACK
6
CONTINUOUS
10
0.1862467716535433
20
0.9437531889763779
11
0.1861818110236221
21
0.944038779527559
0
LINE
8
BLACK
6
CONTINUOUS
10
0.1861818110236221
20
0.944038779527559
11
0.186151968503937
21
0.9441108661417322
0
LINE
8
BLACK
6
CONTINUOUS
10
0.186151968503937
20
0.9441108661417322
11
0.1861416535433071
21
0.9442153937007873
0
LINE
8
BLACK
6
CONTINUOUS
10
0.1861416535433071
20
0.9442153937007873
11
0.1861184251968504
21
0.9443176377952756
0
LINE
8
BLACK
6
CONTINUOUS
10
0.1861184251968504
20
0.9443176377952756
11
0.186123937007874
21
0.9443953937007874
0
LINE
8
BLACK
6
CONTINUOUS
10
0.186123937007874
20
0.9443953937007874
11
0.1860952362204724
21
0.9446869291338582
0
LINE
8
BLACK
6
CONTINUOUS
10
0.1860952362204724
20
0.9446869291338582
11
0.1860952362204724
21
0.9484364566929133
0
LINE
8
BLACK
6
CONTINUOUS
10
0.1860952362204724
20
0.9484364566929133
11
0.186123937007874
21
0.948728031496063
0
LINE
8
BLACK
6
CONTINUOUS
10
0.186123937007874
20
0.948728031496063
11
0.1861184251968504
21
0.9488057480314961
0
LINE
8
BLACK
6
CONTINUOUS
10
0.1861184251968504
20
0.9488057480314961
11
0.1861416535433071
21
0.948908031496063
0
LINE
8
BLACK
6
CONTINUOUS
10
0.1861416535433071
20
0.948908031496063
11
0.186151968503937
21
0.9490125196850393
0
LINE
8
BLACK
6
CONTINUOUS
10
0.186151968503937
20
0.9490125196850393
11
0.1861818110236221
21
0.9490846456692913
0
LINE
8
BLACK
6
CONTINUOUS
10
0.1861818110236221
20
0.9490846456692913
11
0.1862467716535433
21
0.9493701968503937
0
LINE
8
BLACK
6
CONTINUOUS
10
0.1862467716535433
20
0.9493701968503937
11
0.1881215354330709
21
0.9549944881889764
0
LINE
8
BLACK
6
CONTINUOUS
10
0.1881215354330709
20
0.9549944881889764
11
0.1883575196850394
21
0.955523031496063
0
LINE
8
BLACK
6
CONTINUOUS
10
0.1883575196850394
20
0.955523031496063
11
0.1884270078740158
21
0.955603188976378
0
LINE
8
BLACK
6
CONTINUOUS
10
0.1884270078740158
20
0.955603188976378
11
0.1884676377952756
21
0.9557012204724409
0
LINE
8
BLACK
6
CONTINUOUS
10
0.1884676377952756
20
0.9557012204724409
11
0.188834842519685
21
0.9561486614173228
0
LINE
8
BLACK
6
CONTINUOUS
10
0.188834842519685
20
0.9561486614173228
11
0.1925843700787402
21
0.9598981889763779
0
LINE
8
BLACK
6
CONTINUOUS
10
0.1925843700787402
20
0.9598981889763779
11
0.1928107480314961
21
0.9600840551181102
0
LINE
8
BLACK
6
CONTINUOUS
10
0.1928107480314961
20
0.9600840551181102
11
0.1928618897637795
21
0.9601429527559054
0
LINE
8
BLACK
6
CONTINUOUS
10
0.1928618897637795
20
0.9601429527559054
11
0.1929506299212598
21
0.9601988582677166
0
LINE
8
BLACK
6
CONTINUOUS
10
0.1929506299212598
20
0.9601988582677166
11
0.193031811023622
21
0.9602654330708661
0
LINE
8
BLACK
6
CONTINUOUS
10
0.193031811023622
20
0.9602654330708661
11
0.193103937007874
21
0.9602953149606299
0
LINE
8
BLACK
6
CONTINUOUS
10
0.193103937007874
20
0.9602953149606299
11
0.1933517716535433
21
0.9604512992125984
0
LINE
8
BLACK
6
CONTINUOUS
10
0.1933517716535433
20
0.9604512992125984
11
0.1971012992125984
21
0.962326062992126
0
LINE
8
BLACK
6
CONTINUOUS
10
0.1971012992125984
20
0.962326062992126
11
0.1971433858267717
21
0.9623422047244095
0
LINE
8
BLACK
6
CONTINUOUS
10
0.1971433858267717
20
0.9623422047244095
11
0.1971605511811023
21
0.9623548818897637
0
LINE
8
BLACK
6
CONTINUOUS
10
0.1971605511811023
20
0.9623548818897637
11
0.197402125984252
21
0.962441220472441
0
LINE
8
BLACK
6
CONTINUOUS
10
0.197402125984252
20
0.962441220472441
11
0.1976418897637795
21
0.9625329527559054
0
LINE
8
BLACK
6
CONTINUOUS
10
0.1976418897637795
20
0.9625329527559054
11
0.1976631496062992
21
0.9625344881889764
0
LINE
8
BLACK
6
CONTINUOUS
10
0.1976631496062992
20
0.9625344881889764
11
0.1977056692913386
21
0.9625496456692914
0
LINE
8
BLACK
6
CONTINUOUS
10
0.1977056692913386
20
0.9625496456692914
11
0.2052047244094488
21
0.9644244094488189
0
LINE
8
BLACK
6
CONTINUOUS
10
0.2052047244094488
20
0.9644244094488189
11
0.2053045669291338
21
0.9644392125984251
0
LINE
8
BLACK
6
CONTINUOUS
10
0.2053045669291338
20
0.9644392125984251
11
0.2053448031496063
21
0.9644558267716535
0
LINE
8
BLACK
6
CONTINUOUS
10
0.2053448031496063
20
0.9644558267716535
11
0.205561811023622
21
0.9644772047244095
0
LINE
8
BLACK
6
CONTINUOUS
10
0.205561811023622
20
0.9644772047244095
11
0.2057773228346457
21
0.9645090551181102
0
LINE
8
BLACK
6
CONTINUOUS
10
0.2057773228346457
20
0.9645090551181102
11
0.2058203149606299
21
0.9645026771653543
0
LINE
8
BLACK
6
CONTINUOUS
10
0.2058203149606299
20
0.9645026771653543
11
0.2059208661417323
21
0.9645125590551181
0
LINE
8
BLACK
6
CONTINUOUS
10
0.2059208661417323
20
0.9645125590551181
11
0.211545157480315
21
0.9645125590551181
0
LINE
8
BLACK
6
CONTINUOUS
10
0.211545157480315
20
0.9645125590551181
11
0.2116456692913386
21
0.9645026771653543
0
LINE
8
BLACK
6
CONTINUOUS
10
0.2289941338582677
20
0.9813287007874015
11
0.2300585433070866
21
0.9808877952755906
0
LINE
8
BLACK
6
CONTINUOUS
10
0.2300585433070866
20
0.9808877952755906
11
0.230873188976378
21
0.9800731496062992
0
LINE
8
BLACK
6
CONTINUOUS
10
0.230873188976378
20
0.9800731496062992
11
0.231314094488189
21
0.9790087401574803
0
LINE
8
BLACK
6
CONTINUOUS
10
0.231314094488189
20
0.9790087401574803
11
0.231314094488189
21
0.9778566141732283
0
LINE
8
BLACK
6
CONTINUOUS
10
0.231314094488189
20
0.9778566141732283
11
0.230873188976378
21
0.9767922047244094
0
LINE
8
BLACK
6
CONTINUOUS
10
0.230873188976378
20
0.9767922047244094
11
0.2300585433070866
21
0.9759775590551181
0
LINE
8
BLACK
6
CONTINUOUS
10
0.2300585433070866
20
0.9759775590551181
11
0.2289941338582677
21
0.9755366535433071
0
LINE
8
BLACK
6
CONTINUOUS
10
0.2289941338582677
20
0.9755366535433071
11
0.2284180708661417
21
0.9754799212598425
0
LINE
8
BLACK
6
CONTINUOUS
10
0.2284180708661417
20
0.9754799212598425
11
0.1890479921259842
21
0.9754799212598425
0
LINE
8
BLACK
6
CONTINUOUS
10
0.1890479921259842
20
0.9754799212598425
11
0.1884719291338583
21
0.9755366535433071
0
LINE
8
BLACK
6
CONTINUOUS
10
0.1884719291338583
20
0.9755366535433071
11
0.1874075196850394
21
0.9759775590551181
0
LINE
8
BLACK
6
CONTINUOUS
10
0.1874075196850394
20
0.9759775590551181
11
0.186592874015748
21
0.9767922047244094
0
LINE
8
BLACK
6
CONTINUOUS
10
0.186592874015748
20
0.9767922047244094
11
0.186151968503937
21
0.9778566141732283
0
LINE
8
BLACK
6
CONTINUOUS
10
0.186151968503937
20
0.9778566141732283
11
0.186151968503937
21
0.9790087401574803
0
LINE
8
BLACK
6
CONTINUOUS
10
0.186151968503937
20
0.9790087401574803
11
0.186592874015748
21
0.9800731496062992
0
LINE
8
BLACK
6
CONTINUOUS
10
0.186592874015748
20
0.9800731496062992
11
0.1874075196850394
21
0.9808877952755906
0
LINE
8
BLACK
6
CONTINUOUS
10
0.1874075196850394
20
0.9808877952755906
11
0.1884719291338583
21
0.9813287007874015
0
LINE
8
BLACK
6
CONTINUOUS
10
0.1884719291338583
20
0.9813287007874015
11
0.1890479921259842
21
0.9813854330708661
0
LINE
8
BLACK
6
CONTINUOUS
10
0.1890479921259842
20
0.9813854330708661
11
0.2284180708661417
21
0.9813854330708661
0
LINE
8
BLACK
6
CONTINUOUS
10
0.2284180708661417
20
0.9813854330708661
11
0.2289941338582677
21
0.9813287007874015
0
LINE
8
BLACK
6
CONTINUOUS
10
0.2339484251968504
20
1.0084458267716536
11
0.2469405511811024
21
0.9989970078740157
0
LINE
8
BLACK
6
CONTINUOUS
10
0.2469405511811024
20
0.9989970078740157
11
0.2478844881889764
21
0.9974550393700787
0
LINE
8
BLACK
6
CONTINUOUS
10
0.2478844881889764
20
0.9974550393700787
11
0.2474615748031496
21
0.9956972440944881
0
LINE
8
BLACK
6
CONTINUOUS
10
0.2474615748031496
20
0.9956972440944881
11
0.2469405511811024
21
0.9951762204724409
0
LINE
8
BLACK
6
CONTINUOUS
10
0.2469405511811024
20
0.9951762204724409
11
0.2339484251968504
21
0.9857274015748031
0
LINE
8
BLACK
6
CONTINUOUS
10
0.2339484251968504
20
0.9857274015748031
11
0.2321906299212598
21
0.9853044881889763
0
LINE
8
BLACK
6
CONTINUOUS
10
0.2321906299212598
20
0.9853044881889763
11
0.2306486614173228
21
0.9862484251968504
0
LINE
8
BLACK
6
CONTINUOUS
10
0.2306486614173228
20
0.9862484251968504
11
0.2301968503937008
21
0.9876377952755905
0
LINE
8
BLACK
6
CONTINUOUS
10
0.2301968503937008
20
0.9876377952755905
11
0.2301968503937008
21
1.006535433070866
0
LINE
8
BLACK
6
CONTINUOUS
10
0.2301968503937008
20
1.006535433070866
11
0.2308887401574803
21
1.0082057480314961
0
LINE
8
BLACK
6
CONTINUOUS
10
0.2308887401574803
20
1.0082057480314961
11
0.2325590551181102
21
1.0088976377952756
0
LINE
8
BLACK
6
CONTINUOUS
10
0.2325590551181102
20
1.0088976377952756
11
0.2339484251968504
21
1.0084458267716536
0
CIRCLE
8
BLACK
10
0.85
20
0.25
40
0.0068897637795276
0
CIRCLE
8
BLACK
10
0.75
20
0.25
40
0.0068897637795276
0
CIRCLE
8
BLACK
10
0.85
20
0.35
40
0.0068897637795276
0
CIRCLE
8
BLACK
10
0.75
20
0.35
40
0.0068897637795276
0
CIRCLE
8
BLACK
10
0.85
20
0.45
40
0.0068897637795276
0
CIRCLE
8
BLACK
10
0.75
20
0.45
40
0.0068897637795276
0
CIRCLE
8
BLACK
10
0.85
20
0.5499999999999999
40
0.0068897637795276
0
CIRCLE
8
BLACK
10
0.75
20
0.5499999999999999
40
0.0068897637795276
0
CIRCLE
8
BLACK
10
0.
20
1.2
40
0.0068897637795276
0
CIRCLE
8
BLACK
10
0.7999999999999999
20
0.
40
0.0068897637795276
0
CIRCLE
8
BLACK
10
0.85
20
0.65
40
0.0068897637795276
0
CIRCLE
8
BLACK
10
0.75
20
0.65
40
0.0068897637795276
0
CIRCLE
8
BLACK
10
0.85
20
0.75
40
0.0068897637795276
0
CIRCLE
8
BLACK
10
0.75
20
0.75
40
0.0068897637795276
0
CIRCLE
8
BLACK
10
0.85
20
0.85
40
0.0068897637795276
0
CIRCLE
8
BLACK
10
0.75
20
0.85
40
0.0068897637795276
0
CIRCLE
8
BLACK
10
0.85
20
0.95
40
0.0068897637795276
0
CIRCLE
8
BLACK
10
0.75
20
0.95
40
0.0068897637795276
0
CIRCLE
8
BLACK
10
0.4
20
0.
40
0.0068897637795276
0
CIRCLE
8
BLACK
10
0.3
20
0.1
40
0.0068897637795276
0
CIRCLE
8
BLACK
10
0.3
20
-0.1
40
0.0068897637795276
0
CIRCLE
8
BLACK
10
0.5
20
0.1
40
0.0068897637795276
0
CIRCLE
8
BLACK
10
0.5
20
-0.1
40
0.0068897637795276
0
CIRCLE
8
BLACK
10
0.4
20
0.7
40
0.0068897637795276
0
CIRCLE
8
BLACK
10
0.5
20
0.7
40
0.0068897637795276
0
CIRCLE
8
BLACK
10
0.4
20
0.6
40
0.0068897637795276
0
CIRCLE
8
BLACK
10
0.5
20
0.6
40
0.0068897637795276
0
CIRCLE
8
BLACK
10
0.4
20
0.5
40
0.0068897637795276
0
CIRCLE
8
BLACK
10
0.5
20
0.5
40
0.0068897637795276
0
CIRCLE
8
BLACK
10
0.
20
0.7999999999999999
40
0.0068897637795276
0
CIRCLE
8
BLACK
10
-0.1
20
0.9
40
0.0068897637795276
0
CIRCLE
8
BLACK
10
-0.1
20
0.7
40
0.0068897637795276
0
CIRCLE
8
BLACK
10
0.1
20
0.9
40
0.0068897637795276
0
CIRCLE
8
BLACK
10
0.1
20
0.7
40
0.0068897637795276
0
CIRCLE
8
BLACK
10
0.
20
0.
40
0.0068897637795276
0
CIRCLE
8
BLACK
10
0.7999999999999999
20
1.2
40
0.0068897637795276
0
CIRCLE
8
BLACK
10
0.4
20
1.2
40
0.0068897637795276
0
CIRCLE
8
BLACK
10
0.3
20
1.3
40
0.0068897637795276
0
CIRCLE
8
BLACK
10
0.3
20
1.0999999999999999
40
0.0068897637795276
0
CIRCLE
8
BLACK
10
0.5
20
1.3
40
0.0068897637795276
0
CIRCLE
8
BLACK
10
0.5
20
1.0999999999999999
40
0.0068897637795276
0
CIRCLE
8
BLACK
10
0.
20
0.4
40
0.0068897637795276
0
CIRCLE
8
BLACK
10
-0.1
20
0.5
40
0.0068897637795276
0
CIRCLE
8
BLACK
10
-0.1
20
0.3
40
0.0068897637795276
0
CIRCLE
8
BLACK
10
0.1
20
0.5
40
0.0068897637795276
0
CIRCLE
8
BLACK
10
0.1
20
0.3
40
0.0068897637795276
0
CIRCLE
8
BLACK
10
0.85
20
0.25
40
0.0068897637795276
0
CIRCLE
8
BLACK
10
0.75
20
0.25
40
0.0068897637795276
0
CIRCLE
8
BLACK
10
0.85
20
0.35
40
0.0068897637795276
0
CIRCLE
8
BLACK
10
0.75
20
0.35
40
0.0068897637795276
0
CIRCLE
8
BLACK
10
0.85
20
0.45
40
0.0068897637795276
0
CIRCLE
8
BLACK
10
0.75
20
0.45
40
0.0068897637795276
0
CIRCLE
8
BLACK
10
0.85
20
0.5499999999999999
40
0.0068897637795276
0
CIRCLE
8
BLACK
10
0.75
20
0.5499999999999999
40
0.0068897637795276
0
CIRCLE
8
BLACK
10
0.
20
1.2
40
0.0068897637795276
0
CIRCLE
8
BLACK
10
0.7999999999999999
20
0.
40
0.0068897637795276
0
CIRCLE
8
BLACK
10
0.85
20
0.65
40
0.0068897637795276
0
CIRCLE
8
BLACK
10
0.75
20
0.65
40
0.0068897637795276
0
CIRCLE
8
BLACK
10
0.85
20
0.75
40
0.0068897637795276
0
CIRCLE
8
BLACK
10
0.75
20
0.75
40
0.0068897637795276
0
CIRCLE
8
BLACK
10
0.85
20
0.85
40
0.0068897637795276
0
CIRCLE
8
BLACK
10
0.75
20
0.85
40
0.0068897637795276
0
CIRCLE
8
BLACK
10
0.85
20
0.95
40
0.0068897637795276
0
CIRCLE
8
BLACK
10
0.75
20
0.95
40
0.0068897637795276
0
CIRCLE
8
BLACK
10
0.4
20
0.
40
0.0068897637795276
0
CIRCLE
8
BLACK
10
0.3
20
0.1
40
0.0068897637795276
0
CIRCLE
8
BLACK
10
0.3
20
-0.1
40
0.0068897637795276
0
CIRCLE
8
BLACK
10
0.5
20
0.1
40
0.0068897637795276
0
CIRCLE
8
BLACK
10
0.5
20
-0.1
40
0.0068897637795276
0
CIRCLE
8
BLACK
10
0.4
20
0.7
40
0.0068897637795276
0
CIRCLE
8
BLACK
10
0.5
20
0.7
40
0.0068897637795276
0
CIRCLE
8
BLACK
10
0.4
20
0.6
40
0.0068897637795276
0
CIRCLE
8
BLACK
10
0.5
20
0.6
40
0.0068897637795276
0
CIRCLE
8
BLACK
10
0.4
20
0.5
40
0.0068897637795276
0
CIRCLE
8
BLACK
10
0.5
20
0.5
40
0.0068897637795276
0
CIRCLE
8
BLACK
10
0.
20
0.7999999999999999
40
0.0068897637795276
0
CIRCLE
8
BLACK
10
-0.1
20
0.9
40
0.0068897637795276
0
CIRCLE
8
BLACK
10
-0.1
20
0.7
40
0.0068897637795276
0
CIRCLE
8
BLACK
10
0.1
20
0.9
40
0.0068897637795276
0
CIRCLE
8
BLACK
10
0.1
20
0.7
40
0.0068897637795276
0
CIRCLE
8
BLACK
10
0.
20
0.
40
0.0068897637795276
0
CIRCLE
8
BLACK
10
0.7999999999999999
20
1.2
40
0.0068897637795276
0
CIRCLE
8
BLACK
10
0.4
20
1.2
40
0.0068897637795276
0
CIRCLE
8
BLACK
10
0.3
20
1.3
40
0.0068897637795276
0
CIRCLE
8
BLACK
10
0.3
20
1.0999999999999999
40
0.0068897637795276
0
CIRCLE
8
BLACK
10
0.5
20
1.3
40
0.0068897637795276
0
CIRCLE
8
BLACK
10
0.5
20
1.0999999999999999
40
0.0068897637795276
0
CIRCLE
8
BLACK
10
0.
20
0.4
40
0.0068897637795276
0
CIRCLE
8
BLACK
10
-0.1
20
0.5
40
0.0068897637795276
0
CIRCLE
8
BLACK
10
-0.1
20
0.3
40
0.0068897637795276
0
CIRCLE
8
BLACK
10
0.1
20
0.5
40
0.0068897637795276
0
CIRCLE
8
BLACK
10
0.1
20
0.3
40
0.0068897637795276
  0
ENDSEC
  0
EOF
