  0
SECTION
  2
HEADER
  9
$ANGBASE
  50
0.0
  9
$ANGDIR
  70
1
  9
$MEASUREMENT
  70
0
  0
ENDSEC
  0
SECTION
  2
TABLES
  0
TABLE
  2
LTYPE
  70
4
  0
LTYPE
  5
40F
  2
CONTINUOUS
  70
0
  3
Solid line
  72
65
  73
0
  40
0.0
  0
LTYPE
  5
410
  2
DASHDOT
 70
0
  3
Dash Dot ____ _ ____ _
 72
65
 73
4
 40
2.0
 49
1.25
 49
-0.25
 49
0.25
 49
-0.25
  0
LTYPE
  5
411
  2
DASHED
 70
0
  3
Dashed __ __ __ __ __
 72
65
 73
2
 40
0.75
 49
0.5
 49
-0.25
  0
LTYPE
  5
43B
  2
DOTTED
 70
0
  3
Dotted .  .  .  .
 72
65
 73
2
 40
0.2
 49
0.0
 49
-0.2
  0
ENDTAB
  0
TABLE
  2
STYLE
  70
4
  0
STYLE
  2
KICAD
  70
0
  40
0
  41
1
  42
1
  50
0
  71
0
  3
isocp.shx
  0
STYLE
  2
KICADB
  70
0
  40
0
  41
1
  42
1
  50
0
  71
0
  3
isocp.shx
  0
STYLE
  2
KICADI
  70
0
  40
0
  41
1
  42
1
  50
15
  71
0
  3
isocp.shx
  0
STYLE
  2
KICADBI
  70
0
  40
0
  41
1
  42
1
  50
15
  71
0
  3
isocp.shx
  0
ENDTAB
  0
TABLE
  2
LAYER
  70
1
  0
LAYER
  2
BLACK
  70
0
  62
7
  6
CONTINUOUS
  0
ENDTAB
  0
ENDSEC
  0
SECTION
  2
ENTITIES
0
LINE
8
BLACK
6
CONTINUOUS
10
0.2702420078740158
20
0.217387874015748
11
0.2703197637795275
21
0.2173933858267716
0
LINE
8
BLACK
6
CONTINUOUS
10
0.2703197637795275
20
0.2173933858267716
11
0.2704220078740158
21
0.217370157480315
0
LINE
8
BLACK
6
CONTINUOUS
10
0.2704220078740158
20
0.217370157480315
11
0.2705265354330709
21
0.217359842519685
0
LINE
8
BLACK
6
CONTINUOUS
10
0.2705265354330709
20
0.217359842519685
11
0.2705986220472441
21
0.21733
0
LINE
8
BLACK
6
CONTINUOUS
10
0.2705986220472441
20
0.21733
11
0.2708842125984252
21
0.2172650393700787
0
LINE
8
BLACK
6
CONTINUOUS
10
0.2708842125984252
20
0.2172650393700787
11
0.2765085039370079
21
0.2153902755905512
0
LINE
8
BLACK
6
CONTINUOUS
10
0.2765085039370079
20
0.2153902755905512
11
0.2770370472440945
21
0.2151542913385827
0
LINE
8
BLACK
6
CONTINUOUS
10
0.2770370472440945
20
0.2151542913385827
11
0.2771171653543307
21
0.2150848031496063
0
LINE
8
BLACK
6
CONTINUOUS
10
0.2771171653543307
20
0.2150848031496063
11
0.2772152362204724
21
0.2150441732283465
0
LINE
8
BLACK
6
CONTINUOUS
10
0.2772152362204724
20
0.2150441732283465
11
0.2776626771653543
21
0.214676968503937
0
LINE
8
BLACK
6
CONTINUOUS
10
0.2776626771653543
20
0.214676968503937
11
0.2814122047244094
21
0.2109274409448819
0
LINE
8
BLACK
6
CONTINUOUS
10
0.2814122047244094
20
0.2109274409448819
11
0.281598031496063
21
0.210701062992126
0
LINE
8
BLACK
6
CONTINUOUS
10
0.281598031496063
20
0.210701062992126
11
0.281656968503937
21
0.2106499212598425
0
LINE
8
BLACK
6
CONTINUOUS
10
0.281656968503937
20
0.2106499212598425
11
0.2817128346456693
21
0.2105611811023622
0
LINE
8
BLACK
6
CONTINUOUS
10
0.2817128346456693
20
0.2105611811023622
11
0.2817794488188976
21
0.21048
0
LINE
8
BLACK
6
CONTINUOUS
10
0.2817794488188976
20
0.21048
11
0.2818092913385827
21
0.210407874015748
0
LINE
8
BLACK
6
CONTINUOUS
10
0.2818092913385827
20
0.210407874015748
11
0.2819653149606299
21
0.2101600393700787
0
LINE
8
BLACK
6
CONTINUOUS
10
0.2819653149606299
20
0.2101600393700787
11
0.2838400787401575
21
0.2064105118110236
0
LINE
8
BLACK
6
CONTINUOUS
10
0.2838400787401575
20
0.2064105118110236
11
0.2838561811023622
21
0.2063684251968504
0
LINE
8
BLACK
6
CONTINUOUS
10
0.2838561811023622
20
0.2063684251968504
11
0.2838688976377953
21
0.2063512598425197
0
LINE
8
BLACK
6
CONTINUOUS
10
0.2838688976377953
20
0.2063512598425197
11
0.2839551968503937
21
0.2061096850393701
0
LINE
8
BLACK
6
CONTINUOUS
10
0.2839551968503937
20
0.2061096850393701
11
0.284046968503937
21
0.2058699212598425
0
LINE
8
BLACK
6
CONTINUOUS
10
0.284046968503937
20
0.2058699212598425
11
0.2840484645669291
21
0.2058486614173228
0
LINE
8
BLACK
6
CONTINUOUS
10
0.2840484645669291
20
0.2058486614173228
11
0.2840636614173228
21
0.2058061417322835
0
LINE
8
BLACK
6
CONTINUOUS
10
0.2840636614173228
20
0.2058061417322835
11
0.2859384251968504
21
0.1983070866141732
0
LINE
8
BLACK
6
CONTINUOUS
10
0.2859384251968504
20
0.1983070866141732
11
0.2859531889763779
21
0.1982072440944882
0
LINE
8
BLACK
6
CONTINUOUS
10
0.2859531889763779
20
0.1982072440944882
11
0.285969842519685
21
0.1981670078740158
0
LINE
8
BLACK
6
CONTINUOUS
10
0.285969842519685
20
0.1981670078740158
11
0.2859911811023622
21
0.19795
0
LINE
8
BLACK
6
CONTINUOUS
10
0.2859911811023622
20
0.19795
11
0.2860230708661417
21
0.1977344881889764
0
LINE
8
BLACK
6
CONTINUOUS
10
0.2860230708661417
20
0.1977344881889764
11
0.2860166535433071
21
0.1976914960629921
0
LINE
8
BLACK
6
CONTINUOUS
10
0.2860166535433071
20
0.1976914960629921
11
0.2860265748031496
21
0.1975909448818897
0
LINE
8
BLACK
6
CONTINUOUS
10
0.2860265748031496
20
0.1975909448818897
11
0.2860265748031496
21
0.1919666535433071
0
LINE
8
BLACK
6
CONTINUOUS
10
0.2860265748031496
20
0.1919666535433071
11
0.2860166535433071
21
0.1918661417322835
0
LINE
8
BLACK
6
CONTINUOUS
10
0.2860166535433071
20
0.1918661417322835
11
0.2860230708661417
21
0.1918231102362205
0
LINE
8
BLACK
6
CONTINUOUS
10
0.2860230708661417
20
0.1918231102362205
11
0.2859911811023622
21
0.1916076377952756
0
LINE
8
BLACK
6
CONTINUOUS
10
0.2859911811023622
20
0.1916076377952756
11
0.285969842519685
21
0.1913905905511811
0
LINE
8
BLACK
6
CONTINUOUS
10
0.285969842519685
20
0.1913905905511811
11
0.2859531889763779
21
0.1913503937007874
0
LINE
8
BLACK
6
CONTINUOUS
10
0.2859531889763779
20
0.1913503937007874
11
0.2859384251968504
21
0.1912505118110236
0
LINE
8
BLACK
6
CONTINUOUS
10
0.2859384251968504
20
0.1912505118110236
11
0.2840636614173228
21
0.1837514566929134
0
LINE
8
BLACK
6
CONTINUOUS
10
0.2840636614173228
20
0.1837514566929134
11
0.2840484645669291
21
0.1837089763779527
0
LINE
8
BLACK
6
CONTINUOUS
10
0.2840484645669291
20
0.1837089763779527
11
0.284046968503937
21
0.1836876771653543
0
LINE
8
BLACK
6
CONTINUOUS
10
0.284046968503937
20
0.1836876771653543
11
0.2839551968503937
21
0.1834479527559055
0
LINE
8
BLACK
6
CONTINUOUS
10
0.2839551968503937
20
0.1834479527559055
11
0.2838688976377953
21
0.1832063385826772
0
LINE
8
BLACK
6
CONTINUOUS
10
0.2838688976377953
20
0.1832063385826772
11
0.2838561811023622
21
0.1831892125984252
0
LINE
8
BLACK
6
CONTINUOUS
10
0.2838561811023622
20
0.1831892125984252
11
0.2838400787401575
21
0.1831470866141732
0
LINE
8
BLACK
6
CONTINUOUS
10
0.2838400787401575
20
0.1831470866141732
11
0.2819653149606299
21
0.1793975590551181
0
LINE
8
BLACK
6
CONTINUOUS
10
0.2819653149606299
20
0.1793975590551181
11
0.2818092519685039
21
0.1791496850393701
0
LINE
8
BLACK
6
CONTINUOUS
10
0.2818092519685039
20
0.1791496850393701
11
0.2817794488188976
21
0.1790776377952756
0
LINE
8
BLACK
6
CONTINUOUS
10
0.2817794488188976
20
0.1790776377952756
11
0.2817129133858268
21
0.1789966141732283
0
LINE
8
BLACK
6
CONTINUOUS
10
0.2817129133858268
20
0.1789966141732283
11
0.281656968503937
21
0.1789076771653543
0
LINE
8
BLACK
6
CONTINUOUS
10
0.281656968503937
20
0.1789076771653543
11
0.2815979527559055
21
0.1788565354330709
0
LINE
8
BLACK
6
CONTINUOUS
10
0.2815979527559055
20
0.1788565354330709
11
0.2814122440944882
21
0.1786301968503937
0
LINE
8
BLACK
6
CONTINUOUS
10
0.2814122440944882
20
0.1786301968503937
11
0.2776626771653543
21
0.1748805905511811
0
LINE
8
BLACK
6
CONTINUOUS
10
0.2776626771653543
20
0.1748805905511811
11
0.2772152362204724
21
0.1745133858267716
0
LINE
8
BLACK
6
CONTINUOUS
10
0.2772152362204724
20
0.1745133858267716
11
0.2771171653543307
21
0.1744727952755905
0
LINE
8
BLACK
6
CONTINUOUS
10
0.2771171653543307
20
0.1744727952755905
11
0.2770370472440945
21
0.1744032677165354
0
LINE
8
BLACK
6
CONTINUOUS
10
0.2770370472440945
20
0.1744032677165354
11
0.2765085039370079
21
0.1741672834645669
0
LINE
8
BLACK
6
CONTINUOUS
10
0.2765085039370079
20
0.1741672834645669
11
0.2708842125984252
21
0.1722925196850394
0
LINE
8
BLACK
6
CONTINUOUS
10
0.2708842125984252
20
0.1722925196850394
11
0.2705986220472441
21
0.1722275984251969
0
LINE
8
BLACK
6
CONTINUOUS
10
0.2705986220472441
20
0.1722275984251969
11
0.2705265354330709
21
0.1721977165354331
0
LINE
8
BLACK
6
CONTINUOUS
10
0.2705265354330709
20
0.1721977165354331
11
0.2704220078740158
21
0.1721874409448819
0
LINE
8
BLACK
6
CONTINUOUS
10
0.2704220078740158
20
0.1721874409448819
11
0.2703197637795275
21
0.1721641732283465
0
LINE
8
BLACK
6
CONTINUOUS
10
0.2703197637795275
20
0.1721641732283465
11
0.2702420078740158
21
0.1721697244094488
0
LINE
8
BLACK
6
CONTINUOUS
10
0.2702420078740158
20
0.1721697244094488
11
0.2699504724409449
21
0.1721409842519685
0
LINE
8
BLACK
6
CONTINUOUS
10
0.2699504724409449
20
0.1721409842519685
11
0.2662009448818898
21
0.1721409842519685
0
LINE
8
BLACK
6
CONTINUOUS
10
0.2662009448818898
20
0.1721409842519685
11
0.2659093307086614
21
0.1721697244094488
0
LINE
8
BLACK
6
CONTINUOUS
10
0.2659093307086614
20
0.1721697244094488
11
0.2658316141732283
21
0.1721641732283465
0
LINE
8
BLACK
6
CONTINUOUS
10
0.2658316141732283
20
0.1721641732283465
11
0.2657293307086614
21
0.1721874409448819
0
LINE
8
BLACK
6
CONTINUOUS
10
0.2657293307086614
20
0.1721874409448819
11
0.2656248818897638
21
0.1721977165354331
0
LINE
8
BLACK
6
CONTINUOUS
10
0.2656248818897638
20
0.1721977165354331
11
0.2655527952755906
21
0.1722275984251969
0
LINE
8
BLACK
6
CONTINUOUS
10
0.2655527952755906
20
0.1722275984251969
11
0.2652671653543307
21
0.1722925196850394
0
LINE
8
BLACK
6
CONTINUOUS
10
0.2652671653543307
20
0.1722925196850394
11
0.2596429133858268
21
0.1741672834645669
0
LINE
8
BLACK
6
CONTINUOUS
10
0.2596429133858268
20
0.1741672834645669
11
0.2591143307086614
21
0.1744032677165354
0
LINE
8
BLACK
6
CONTINUOUS
10
0.2591143307086614
20
0.1744032677165354
11
0.2590341338582677
21
0.1744728346456693
0
LINE
8
BLACK
6
CONTINUOUS
10
0.2590341338582677
20
0.1744728346456693
11
0.2589361811023622
21
0.1745133858267716
0
LINE
8
BLACK
6
CONTINUOUS
10
0.2589361811023622
20
0.1745133858267716
11
0.2584887007874015
21
0.1748806299212598
0
LINE
8
BLACK
6
CONTINUOUS
10
0.2584887007874015
20
0.1748806299212598
11
0.256613937007874
21
0.1767554330708661
0
LINE
8
BLACK
6
CONTINUOUS
10
0.256613937007874
20
0.1767554330708661
11
0.2562467322834646
21
0.177202874015748
0
LINE
8
BLACK
6
CONTINUOUS
10
0.2562467322834646
20
0.177202874015748
11
0.2558058661417323
21
0.1782672834645669
0
LINE
8
BLACK
6
CONTINUOUS
10
0.2558058661417323
20
0.1782672834645669
11
0.2558058661417323
21
0.1794193700787401
0
LINE
8
BLACK
6
CONTINUOUS
10
0.2558058661417323
20
0.1794193700787401
11
0.2562467716535433
21
0.1804837795275591
0
LINE
8
BLACK
6
CONTINUOUS
10
0.2562467716535433
20
0.1804837795275591
11
0.2570614566929134
21
0.1812984645669291
0
LINE
8
BLACK
6
CONTINUOUS
10
0.2570614566929134
20
0.1812984645669291
11
0.2581258661417323
21
0.1817393307086614
0
LINE
8
BLACK
6
CONTINUOUS
10
0.2581258661417323
20
0.1817393307086614
11
0.2592779527559055
21
0.1817393307086614
0
LINE
8
BLACK
6
CONTINUOUS
10
0.2592779527559055
20
0.1817393307086614
11
0.2603423622047244
21
0.1812984251968504
0
LINE
8
BLACK
6
CONTINUOUS
10
0.2603423622047244
20
0.1812984251968504
11
0.260789842519685
21
0.1809311811023622
0
LINE
8
BLACK
6
CONTINUOUS
10
0.260789842519685
20
0.1809311811023622
11
0.2621716929133858
21
0.1795492913385827
0
LINE
8
BLACK
6
CONTINUOUS
10
0.2621716929133858
20
0.1795492913385827
11
0.2666800787401575
21
0.1780464960629921
0
LINE
8
BLACK
6
CONTINUOUS
10
0.2666800787401575
20
0.1780464960629921
11
0.2694713385826771
21
0.1780464960629921
0
LINE
8
BLACK
6
CONTINUOUS
10
0.2694713385826771
20
0.1780464960629921
11
0.2739797244094488
21
0.1795493307086614
0
LINE
8
BLACK
6
CONTINUOUS
10
0.2739797244094488
20
0.1795493307086614
11
0.2768975196850393
21
0.1824671653543307
0
LINE
8
BLACK
6
CONTINUOUS
10
0.2768975196850393
20
0.1824671653543307
11
0.278413031496063
21
0.1854981496062992
0
LINE
8
BLACK
6
CONTINUOUS
10
0.278413031496063
20
0.1854981496062992
11
0.280121062992126
21
0.1923301968503937
0
LINE
8
BLACK
6
CONTINUOUS
10
0.280121062992126
20
0.1923301968503937
11
0.280121062992126
21
0.1972274015748031
0
LINE
8
BLACK
6
CONTINUOUS
10
0.280121062992126
20
0.1972274015748031
11
0.278413031496063
21
0.2040594488188976
0
LINE
8
BLACK
6
CONTINUOUS
10
0.278413031496063
20
0.2040594488188976
11
0.2768975590551181
21
0.2070904330708661
0
LINE
8
BLACK
6
CONTINUOUS
10
0.2768975590551181
20
0.2070904330708661
11
0.2739797244094488
21
0.2100082677165354
0
LINE
8
BLACK
6
CONTINUOUS
10
0.2739797244094488
20
0.2100082677165354
11
0.2694713385826771
21
0.211511062992126
0
LINE
8
BLACK
6
CONTINUOUS
10
0.2694713385826771
20
0.211511062992126
11
0.2666800787401575
21
0.211511062992126
0
LINE
8
BLACK
6
CONTINUOUS
10
0.2666800787401575
20
0.211511062992126
11
0.2621716929133858
21
0.2100082677165354
0
LINE
8
BLACK
6
CONTINUOUS
10
0.2621716929133858
20
0.2100082677165354
11
0.2607898031496063
21
0.2086263779527559
0
LINE
8
BLACK
6
CONTINUOUS
10
0.2607898031496063
20
0.2086263779527559
11
0.2603423622047244
21
0.2082591732283464
0
LINE
8
BLACK
6
CONTINUOUS
10
0.2603423622047244
20
0.2082591732283464
11
0.2592779133858268
21
0.2078182677165354
0
LINE
8
BLACK
6
CONTINUOUS
10
0.2592779133858268
20
0.2078182677165354
11
0.2581258661417323
21
0.2078182677165354
0
LINE
8
BLACK
6
CONTINUOUS
10
0.2581258661417323
20
0.2078182677165354
11
0.2570614173228347
21
0.2082591732283464
0
LINE
8
BLACK
6
CONTINUOUS
10
0.2570614173228347
20
0.2082591732283464
11
0.2562467716535433
21
0.2090738188976378
0
LINE
8
BLACK
6
CONTINUOUS
10
0.2562467716535433
20
0.2090738188976378
11
0.2558058661417323
21
0.2101382677165354
0
LINE
8
BLACK
6
CONTINUOUS
10
0.2558058661417323
20
0.2101382677165354
11
0.2558058661417323
21
0.2112903149606299
0
LINE
8
BLACK
6
CONTINUOUS
10
0.2558058661417323
20
0.2112903149606299
11
0.2562467716535433
21
0.2123547637795276
0
LINE
8
BLACK
6
CONTINUOUS
10
0.2562467716535433
20
0.2123547637795276
11
0.2566139763779527
21
0.2128022047244094
0
LINE
8
BLACK
6
CONTINUOUS
10
0.2566139763779527
20
0.2128022047244094
11
0.2584887401574803
21
0.214676968503937
0
LINE
8
BLACK
6
CONTINUOUS
10
0.2584887401574803
20
0.214676968503937
11
0.2589361811023622
21
0.2150441732283465
0
LINE
8
BLACK
6
CONTINUOUS
10
0.2589361811023622
20
0.2150441732283465
11
0.2590341338582677
21
0.2150847637795276
0
LINE
8
BLACK
6
CONTINUOUS
10
0.2590341338582677
20
0.2150847637795276
11
0.2591143307086614
21
0.2151542913385827
0
LINE
8
BLACK
6
CONTINUOUS
10
0.2591143307086614
20
0.2151542913385827
11
0.2596429133858268
21
0.2153902755905512
0
LINE
8
BLACK
6
CONTINUOUS
10
0.2596429133858268
20
0.2153902755905512
11
0.2652671653543307
21
0.2172650393700787
0
LINE
8
BLACK
6
CONTINUOUS
10
0.2652671653543307
20
0.2172650393700787
11
0.2655527952755906
21
0.21733
0
LINE
8
BLACK
6
CONTINUOUS
10
0.2655527952755906
20
0.21733
11
0.2656248818897638
21
0.217359842519685
0
LINE
8
BLACK
6
CONTINUOUS
10
0.2656248818897638
20
0.217359842519685
11
0.2657293307086614
21
0.217370157480315
0
LINE
8
BLACK
6
CONTINUOUS
10
0.2657293307086614
20
0.217370157480315
11
0.2658316141732283
21
0.2173933858267716
0
LINE
8
BLACK
6
CONTINUOUS
10
0.2658316141732283
20
0.2173933858267716
11
0.2659093307086614
21
0.217387874015748
0
LINE
8
BLACK
6
CONTINUOUS
10
0.2659093307086614
20
0.217387874015748
11
0.2662009448818898
21
0.2174165748031496
0
LINE
8
BLACK
6
CONTINUOUS
10
0.2662009448818898
20
0.2174165748031496
11
0.2699504724409449
21
0.2174165748031496
0
LINE
8
BLACK
6
CONTINUOUS
10
0.2699504724409449
20
0.2174165748031496
11
0.2702420078740158
21
0.217387874015748
0
LINE
8
BLACK
6
CONTINUOUS
10
0.3211451968503937
20
0.217359842519685
11
0.3222096062992126
21
0.216918937007874
0
LINE
8
BLACK
6
CONTINUOUS
10
0.3222096062992126
20
0.216918937007874
11
0.3230242519685039
21
0.2161042913385827
0
LINE
8
BLACK
6
CONTINUOUS
10
0.3230242519685039
20
0.2161042913385827
11
0.323465157480315
21
0.2150398818897638
0
LINE
8
BLACK
6
CONTINUOUS
10
0.323465157480315
20
0.2150398818897638
11
0.3235218897637795
21
0.2144638188976378
0
LINE
8
BLACK
6
CONTINUOUS
10
0.3235218897637795
20
0.2144638188976378
11
0.3235218897637795
21
0.1750937401574803
0
LINE
8
BLACK
6
CONTINUOUS
10
0.3235218897637795
20
0.1750937401574803
11
0.323465157480315
21
0.1745176771653543
0
LINE
8
BLACK
6
CONTINUOUS
10
0.323465157480315
20
0.1745176771653543
11
0.3230242519685039
21
0.1734532677165354
0
LINE
8
BLACK
6
CONTINUOUS
10
0.3230242519685039
20
0.1734532677165354
11
0.3222096062992126
21
0.1726386220472441
0
LINE
8
BLACK
6
CONTINUOUS
10
0.3222096062992126
20
0.1726386220472441
11
0.3211451968503937
21
0.1721977165354331
0
LINE
8
BLACK
6
CONTINUOUS
10
0.3211451968503937
20
0.1721977165354331
11
0.3205691338582677
21
0.1721409842519685
0
LINE
8
BLACK
6
CONTINUOUS
10
0.3205691338582677
20
0.1721409842519685
11
0.3111953149606299
21
0.1721409842519685
0
LINE
8
BLACK
6
CONTINUOUS
10
0.3111953149606299
20
0.1721409842519685
11
0.3109037007874016
21
0.1721697244094488
0
LINE
8
BLACK
6
CONTINUOUS
10
0.3109037007874016
20
0.1721697244094488
11
0.3108259842519685
21
0.1721641732283465
0
LINE
8
BLACK
6
CONTINUOUS
10
0.3108259842519685
20
0.1721641732283465
11
0.3107237007874016
21
0.1721874409448819
0
LINE
8
BLACK
6
CONTINUOUS
10
0.3107237007874016
20
0.1721874409448819
11
0.3106192519685039
21
0.1721977165354331
0
LINE
8
BLACK
6
CONTINUOUS
10
0.3106192519685039
20
0.1721977165354331
11
0.3105471653543307
21
0.1722275984251969
0
LINE
8
BLACK
6
CONTINUOUS
10
0.3105471653543307
20
0.1722275984251969
11
0.3102615354330708
21
0.1722925196850394
0
LINE
8
BLACK
6
CONTINUOUS
10
0.3102615354330708
20
0.1722925196850394
11
0.3046372834645669
21
0.1741672834645669
0
LINE
8
BLACK
6
CONTINUOUS
10
0.3046372834645669
20
0.1741672834645669
11
0.3041087007874015
21
0.1744032677165354
0
LINE
8
BLACK
6
CONTINUOUS
10
0.3041087007874015
20
0.1744032677165354
11
0.3040285826771654
21
0.1744727559055118
0
LINE
8
BLACK
6
CONTINUOUS
10
0.3040285826771654
20
0.1744727559055118
11
0.3039305511811023
21
0.1745133464566929
0
LINE
8
BLACK
6
CONTINUOUS
10
0.3039305511811023
20
0.1745133464566929
11
0.3034831102362205
21
0.1748805905511811
0
LINE
8
BLACK
6
CONTINUOUS
10
0.3034831102362205
20
0.1748805905511811
11
0.2997335826771653
21
0.178630157480315
0
LINE
8
BLACK
6
CONTINUOUS
10
0.2997335826771653
20
0.178630157480315
11
0.2995477952755906
21
0.1788565354330709
0
LINE
8
BLACK
6
CONTINUOUS
10
0.2995477952755906
20
0.1788565354330709
11
0.2994888188976378
21
0.1789076771653543
0
LINE
8
BLACK
6
CONTINUOUS
10
0.2994888188976378
20
0.1789076771653543
11
0.2994328346456693
21
0.1789966141732283
0
LINE
8
BLACK
6
CONTINUOUS
10
0.2994328346456693
20
0.1789966141732283
11
0.2993663385826771
21
0.1790776377952756
0
LINE
8
BLACK
6
CONTINUOUS
10
0.2993663385826771
20
0.1790776377952756
11
0.2993364960629921
21
0.1791496850393701
0
LINE
8
BLACK
6
CONTINUOUS
10
0.2993364960629921
20
0.1791496850393701
11
0.2991804724409449
21
0.1793975590551181
0
LINE
8
BLACK
6
CONTINUOUS
10
0.2991804724409449
20
0.1793975590551181
11
0.2973057086614173
21
0.1831470866141732
0
LINE
8
BLACK
6
CONTINUOUS
10
0.2973057086614173
20
0.1831470866141732
11
0.2972895669291338
21
0.1831892125984252
0
LINE
8
BLACK
6
CONTINUOUS
10
0.2972895669291338
20
0.1831892125984252
11
0.2972768897637795
21
0.1832063385826772
0
LINE
8
BLACK
6
CONTINUOUS
10
0.2972768897637795
20
0.1832063385826772
11
0.2971904330708661
21
0.1834483070866142
0
LINE
8
BLACK
6
CONTINUOUS
10
0.2971904330708661
20
0.1834483070866142
11
0.2970988188976378
21
0.1836877165354331
0
LINE
8
BLACK
6
CONTINUOUS
10
0.2970988188976378
20
0.1836877165354331
11
0.2970972834645669
21
0.1837089763779527
0
LINE
8
BLACK
6
CONTINUOUS
10
0.2970972834645669
20
0.1837089763779527
11
0.297082125984252
21
0.1837514566929134
0
LINE
8
BLACK
6
CONTINUOUS
10
0.297082125984252
20
0.1837514566929134
11
0.2952073622047244
21
0.1912505118110236
0
LINE
8
BLACK
6
CONTINUOUS
10
0.2952073622047244
20
0.1912505118110236
11
0.2951925590551181
21
0.1913503937007874
0
LINE
8
BLACK
6
CONTINUOUS
10
0.2951925590551181
20
0.1913503937007874
11
0.2951759448818898
21
0.1913905905511811
0
LINE
8
BLACK
6
CONTINUOUS
10
0.2951759448818898
20
0.1913905905511811
11
0.2951545669291338
21
0.1916076377952756
0
LINE
8
BLACK
6
CONTINUOUS
10
0.2951545669291338
20
0.1916076377952756
11
0.295122716535433
21
0.1918231102362205
0
LINE
8
BLACK
6
CONTINUOUS
10
0.295122716535433
20
0.1918231102362205
11
0.295129094488189
21
0.1918661417322835
0
LINE
8
BLACK
6
CONTINUOUS
10
0.295129094488189
20
0.1918661417322835
11
0.2951192125984252
21
0.1919666535433071
0
LINE
8
BLACK
6
CONTINUOUS
10
0.2951192125984252
20
0.1919666535433071
11
0.2951192125984252
21
0.1975909448818897
0
LINE
8
BLACK
6
CONTINUOUS
10
0.2951192125984252
20
0.1975909448818897
11
0.295129094488189
21
0.1976914960629921
0
LINE
8
BLACK
6
CONTINUOUS
10
0.295129094488189
20
0.1976914960629921
11
0.295122716535433
21
0.1977344881889764
0
LINE
8
BLACK
6
CONTINUOUS
10
0.295122716535433
20
0.1977344881889764
11
0.2951545669291338
21
0.19795
0
LINE
8
BLACK
6
CONTINUOUS
10
0.2951545669291338
20
0.19795
11
0.2951759448818898
21
0.1981670078740158
0
LINE
8
BLACK
6
CONTINUOUS
10
0.2951759448818898
20
0.1981670078740158
11
0.2951925590551181
21
0.1982072440944882
0
LINE
8
BLACK
6
CONTINUOUS
10
0.2951925590551181
20
0.1982072440944882
11
0.2952073622047244
21
0.1983070866141732
0
LINE
8
BLACK
6
CONTINUOUS
10
0.2952073622047244
20
0.1983070866141732
11
0.297082125984252
21
0.2058061417322835
0
LINE
8
BLACK
6
CONTINUOUS
10
0.297082125984252
20
0.2058061417322835
11
0.2970972834645669
21
0.2058486614173228
0
LINE
8
BLACK
6
CONTINUOUS
10
0.2970972834645669
20
0.2058486614173228
11
0.2970988188976378
21
0.2058698818897638
0
LINE
8
BLACK
6
CONTINUOUS
10
0.2970988188976378
20
0.2058698818897638
11
0.2971904330708661
21
0.2061093307086614
0
LINE
8
BLACK
6
CONTINUOUS
10
0.2971904330708661
20
0.2061093307086614
11
0.2972768897637795
21
0.2063512598425197
0
LINE
8
BLACK
6
CONTINUOUS
10
0.2972768897637795
20
0.2063512598425197
11
0.2972895669291338
21
0.2063684251968504
0
LINE
8
BLACK
6
CONTINUOUS
10
0.2972895669291338
20
0.2063684251968504
11
0.2973057086614173
21
0.2064105118110236
0
LINE
8
BLACK
6
CONTINUOUS
10
0.2973057086614173
20
0.2064105118110236
11
0.2991804724409449
21
0.2101600393700787
0
LINE
8
BLACK
6
CONTINUOUS
10
0.2991804724409449
20
0.2101600393700787
11
0.2993365354330709
21
0.2104080708661417
0
LINE
8
BLACK
6
CONTINUOUS
10
0.2993365354330709
20
0.2104080708661417
11
0.2993663779527559
21
0.21048
0
LINE
8
BLACK
6
CONTINUOUS
10
0.2993663779527559
20
0.21048
11
0.2994328346456693
21
0.2105609842519685
0
LINE
8
BLACK
6
CONTINUOUS
10
0.2994328346456693
20
0.2105609842519685
11
0.2994888188976378
21
0.2106499212598425
0
LINE
8
BLACK
6
CONTINUOUS
10
0.2994888188976378
20
0.2106499212598425
11
0.2995477952755906
21
0.2107011023622047
0
LINE
8
BLACK
6
CONTINUOUS
10
0.2995477952755906
20
0.2107011023622047
11
0.2997335826771653
21
0.2109274409448819
0
LINE
8
BLACK
6
CONTINUOUS
10
0.2997335826771653
20
0.2109274409448819
11
0.3034831102362205
21
0.214676968503937
0
LINE
8
BLACK
6
CONTINUOUS
10
0.3034831102362205
20
0.214676968503937
11
0.3039305511811023
21
0.2150442125984252
0
LINE
8
BLACK
6
CONTINUOUS
10
0.3039305511811023
20
0.2150442125984252
11
0.3040285826771654
21
0.215084842519685
0
LINE
8
BLACK
6
CONTINUOUS
10
0.3040285826771654
20
0.215084842519685
11
0.3041087007874015
21
0.2151542913385827
0
LINE
8
BLACK
6
CONTINUOUS
10
0.3041087007874015
20
0.2151542913385827
11
0.3046372834645669
21
0.2153902755905512
0
LINE
8
BLACK
6
CONTINUOUS
10
0.3046372834645669
20
0.2153902755905512
11
0.3102615354330708
21
0.2172650393700787
0
LINE
8
BLACK
6
CONTINUOUS
10
0.3102615354330708
20
0.2172650393700787
11
0.3105471653543307
21
0.21733
0
LINE
8
BLACK
6
CONTINUOUS
10
0.3105471653543307
20
0.21733
11
0.3106192519685039
21
0.217359842519685
0
LINE
8
BLACK
6
CONTINUOUS
10
0.3106192519685039
20
0.217359842519685
11
0.3107237007874016
21
0.217370157480315
0
LINE
8
BLACK
6
CONTINUOUS
10
0.3107237007874016
20
0.217370157480315
11
0.3108259842519685
21
0.2173933858267716
0
LINE
8
BLACK
6
CONTINUOUS
10
0.3108259842519685
20
0.2173933858267716
11
0.3109037007874016
21
0.217387874015748
0
LINE
8
BLACK
6
CONTINUOUS
10
0.3109037007874016
20
0.217387874015748
11
0.3111953149606299
21
0.2174165748031496
0
LINE
8
BLACK
6
CONTINUOUS
10
0.3111953149606299
20
0.2174165748031496
11
0.3205691338582677
21
0.2174165748031496
0
LINE
8
BLACK
6
CONTINUOUS
10
0.3205691338582677
20
0.2174165748031496
11
0.3211451968503937
21
0.217359842519685
0
LINE
8
BLACK
6
CONTINUOUS
10
0.307166062992126
20
0.2100082677165354
11
0.3042482283464567
21
0.2070904330708661
0
LINE
8
BLACK
6
CONTINUOUS
10
0.3042482283464567
20
0.2070904330708661
11
0.302732716535433
21
0.2040594488188976
0
LINE
8
BLACK
6
CONTINUOUS
10
0.302732716535433
20
0.2040594488188976
11
0.3010247244094488
21
0.1972274015748031
0
LINE
8
BLACK
6
CONTINUOUS
10
0.3010247244094488
20
0.1972274015748031
11
0.3010247244094488
21
0.1923301968503937
0
LINE
8
BLACK
6
CONTINUOUS
10
0.3010247244094488
20
0.1923301968503937
11
0.302732716535433
21
0.1854981496062992
0
LINE
8
BLACK
6
CONTINUOUS
10
0.302732716535433
20
0.1854981496062992
11
0.3042482283464567
21
0.1824671653543307
0
LINE
8
BLACK
6
CONTINUOUS
10
0.3042482283464567
20
0.1824671653543307
11
0.307166062992126
21
0.1795492913385827
0
LINE
8
BLACK
6
CONTINUOUS
10
0.307166062992126
20
0.1795492913385827
11
0.3116744488188976
21
0.1780464960629921
0
LINE
8
BLACK
6
CONTINUOUS
10
0.3116744488188976
20
0.1780464960629921
11
0.3176163779527559
21
0.1780464960629921
0
LINE
8
BLACK
6
CONTINUOUS
10
0.3176163779527559
20
0.1780464960629921
11
0.3176163779527559
21
0.211511062992126
0
LINE
8
BLACK
6
CONTINUOUS
10
0.3176163779527559
20
0.211511062992126
11
0.3116744488188976
21
0.211511062992126
0
LINE
8
BLACK
6
CONTINUOUS
10
0.3116744488188976
20
0.211511062992126
11
0.307166062992126
21
0.2100082677165354
0
LINE
8
BLACK
6
CONTINUOUS
10
0.3886367716535433
20
0.217359842519685
11
0.3887347637795275
21
0.2173192519685039
0
LINE
8
BLACK
6
CONTINUOUS
10
0.3887347637795275
20
0.2173192519685039
11
0.3888405905511811
21
0.2173117322834646
0
LINE
8
BLACK
6
CONTINUOUS
10
0.3888405905511811
20
0.2173117322834646
11
0.3893812204724409
21
0.217104842519685
0
LINE
8
BLACK
6
CONTINUOUS
10
0.3893812204724409
20
0.217104842519685
11
0.3931307480314961
21
0.2152300787401575
0
LINE
8
BLACK
6
CONTINUOUS
10
0.3931307480314961
20
0.2152300787401575
11
0.3933787401574803
21
0.2150740157480315
0
LINE
8
BLACK
6
CONTINUOUS
10
0.3933787401574803
20
0.2150740157480315
11
0.3934507086614173
21
0.2150441732283465
0
LINE
8
BLACK
6
CONTINUOUS
10
0.3934507086614173
20
0.2150441732283465
11
0.3935316535433071
21
0.2149777165354331
0
LINE
8
BLACK
6
CONTINUOUS
10
0.3935316535433071
20
0.2149777165354331
11
0.3936206299212598
21
0.2149217322834646
0
LINE
8
BLACK
6
CONTINUOUS
10
0.3936206299212598
20
0.2149217322834646
11
0.3936717716535433
21
0.2148627559055118
0
LINE
8
BLACK
6
CONTINUOUS
10
0.3936717716535433
20
0.2148627559055118
11
0.3938981496062992
21
0.214676968503937
0
LINE
8
BLACK
6
CONTINUOUS
10
0.3938981496062992
20
0.214676968503937
11
0.3957729133858268
21
0.2128022047244094
0
LINE
8
BLACK
6
CONTINUOUS
10
0.3957729133858268
20
0.2128022047244094
11
0.3959586614173228
21
0.2125758661417323
0
LINE
8
BLACK
6
CONTINUOUS
10
0.3959586614173228
20
0.2125758661417323
11
0.3960176771653543
21
0.2125246850393701
0
LINE
8
BLACK
6
CONTINUOUS
10
0.3960176771653543
20
0.2125246850393701
11
0.3960736220472441
21
0.2124357480314961
0
LINE
8
BLACK
6
CONTINUOUS
10
0.3960736220472441
20
0.2124357480314961
11
0.3961401181102362
21
0.2123547637795276
0
LINE
8
BLACK
6
CONTINUOUS
10
0.3961401181102362
20
0.2123547637795276
11
0.3961699212598425
21
0.2122828346456693
0
LINE
8
BLACK
6
CONTINUOUS
10
0.3961699212598425
20
0.2122828346456693
11
0.3963260236220472
21
0.2120348031496063
0
LINE
8
BLACK
6
CONTINUOUS
10
0.3963260236220472
20
0.2120348031496063
11
0.3982007874015748
21
0.2082852755905512
0
LINE
8
BLACK
6
CONTINUOUS
10
0.3982007874015748
20
0.2082852755905512
11
0.3982168897637795
21
0.2082431889763779
0
LINE
8
BLACK
6
CONTINUOUS
10
0.3982168897637795
20
0.2082431889763779
11
0.3982296062992126
21
0.2082260236220472
0
LINE
8
BLACK
6
CONTINUOUS
10
0.3982296062992126
20
0.2082260236220472
11
0.398315905511811
21
0.2079844488188976
0
LINE
8
BLACK
6
CONTINUOUS
10
0.398315905511811
20
0.2079844488188976
11
0.3984076771653543
21
0.2077446850393701
0
LINE
8
BLACK
6
CONTINUOUS
10
0.3984076771653543
20
0.2077446850393701
11
0.3984091732283465
21
0.2077234251968504
0
LINE
8
BLACK
6
CONTINUOUS
10
0.3984091732283465
20
0.2077234251968504
11
0.3984243700787402
21
0.207680905511811
0
LINE
8
BLACK
6
CONTINUOUS
10
0.3984243700787402
20
0.207680905511811
11
0.4002991338582677
21
0.2001818503937008
0
LINE
8
BLACK
6
CONTINUOUS
10
0.4002991338582677
20
0.2001818503937008
11
0.4003138976377953
21
0.2000820078740158
0
LINE
8
BLACK
6
CONTINUOUS
10
0.4003138976377953
20
0.2000820078740158
11
0.4003305511811023
21
0.2000417716535433
0
LINE
8
BLACK
6
CONTINUOUS
10
0.4003305511811023
20
0.2000417716535433
11
0.4003518897637795
21
0.1998247637795275
0
LINE
8
BLACK
6
CONTINUOUS
10
0.4003518897637795
20
0.1998247637795275
11
0.400383779527559
21
0.1996092519685039
0
LINE
8
BLACK
6
CONTINUOUS
10
0.400383779527559
20
0.1996092519685039
11
0.4003773622047244
21
0.1995662598425197
0
LINE
8
BLACK
6
CONTINUOUS
10
0.4003773622047244
20
0.1995662598425197
11
0.4003872834645669
21
0.1994657086614173
0
LINE
8
BLACK
6
CONTINUOUS
10
0.4003872834645669
20
0.1994657086614173
11
0.4003872834645669
21
0.1900918897637795
0
LINE
8
BLACK
6
CONTINUOUS
10
0.4003872834645669
20
0.1900918897637795
11
0.4003773622047244
21
0.1899913779527559
0
LINE
8
BLACK
6
CONTINUOUS
10
0.4003773622047244
20
0.1899913779527559
11
0.400383779527559
21
0.1899483464566929
0
LINE
8
BLACK
6
CONTINUOUS
10
0.400383779527559
20
0.1899483464566929
11
0.4003518897637795
21
0.189732874015748
0
LINE
8
BLACK
6
CONTINUOUS
10
0.4003518897637795
20
0.189732874015748
11
0.4003305511811023
21
0.1895158267716535
0
LINE
8
BLACK
6
CONTINUOUS
10
0.4003305511811023
20
0.1895158267716535
11
0.4003138976377953
21
0.1894756299212598
0
LINE
8
BLACK
6
CONTINUOUS
10
0.4003138976377953
20
0.1894756299212598
11
0.4002991338582677
21
0.1893757480314961
0
LINE
8
BLACK
6
CONTINUOUS
10
0.4002991338582677
20
0.1893757480314961
11
0.3984243700787402
21
0.1818766929133858
0
LINE
8
BLACK
6
CONTINUOUS
10
0.3984243700787402
20
0.1818766929133858
11
0.3984091732283465
21
0.1818342125984252
0
LINE
8
BLACK
6
CONTINUOUS
10
0.3984091732283465
20
0.1818342125984252
11
0.3984076771653543
21
0.1818129133858268
0
LINE
8
BLACK
6
CONTINUOUS
10
0.3984076771653543
20
0.1818129133858268
11
0.398315905511811
21
0.1815731889763779
0
LINE
8
BLACK
6
CONTINUOUS
10
0.398315905511811
20
0.1815731889763779
11
0.3982296062992126
21
0.1813315748031496
0
LINE
8
BLACK
6
CONTINUOUS
10
0.3982296062992126
20
0.1813315748031496
11
0.3982168897637795
21
0.1813144488188976
0
LINE
8
BLACK
6
CONTINUOUS
10
0.3982168897637795
20
0.1813144488188976
11
0.3982007874015748
21
0.1812723228346457
0
LINE
8
BLACK
6
CONTINUOUS
10
0.3982007874015748
20
0.1812723228346457
11
0.3963260236220472
21
0.1775227952755905
0
LINE
8
BLACK
6
CONTINUOUS
10
0.3963260236220472
20
0.1775227952755905
11
0.3961699606299213
21
0.1772749212598425
0
LINE
8
BLACK
6
CONTINUOUS
10
0.3961699606299213
20
0.1772749212598425
11
0.3961401574803149
21
0.177202874015748
0
LINE
8
BLACK
6
CONTINUOUS
10
0.3961401574803149
20
0.177202874015748
11
0.3960736220472441
21
0.1771218503937008
0
LINE
8
BLACK
6
CONTINUOUS
10
0.3960736220472441
20
0.1771218503937008
11
0.3960176771653543
21
0.1770329133858268
0
LINE
8
BLACK
6
CONTINUOUS
10
0.3960176771653543
20
0.1770329133858268
11
0.3959586614173228
21
0.1769817716535433
0
LINE
8
BLACK
6
CONTINUOUS
10
0.3959586614173228
20
0.1769817716535433
11
0.3957729133858268
21
0.1767553937007874
0
LINE
8
BLACK
6
CONTINUOUS
10
0.3957729133858268
20
0.1767553937007874
11
0.393898188976378
21
0.1748806299212598
0
LINE
8
BLACK
6
CONTINUOUS
10
0.393898188976378
20
0.1748806299212598
11
0.393671811023622
21
0.1746948818897638
0
LINE
8
BLACK
6
CONTINUOUS
10
0.393671811023622
20
0.1746948818897638
11
0.3936206299212598
21
0.1746358267716535
0
LINE
8
BLACK
6
CONTINUOUS
10
0.3936206299212598
20
0.1746358267716535
11
0.3935316535433071
21
0.174579842519685
0
LINE
8
BLACK
6
CONTINUOUS
10
0.3935316535433071
20
0.174579842519685
11
0.3934507086614173
21
0.1745133858267716
0
LINE
8
BLACK
6
CONTINUOUS
10
0.3934507086614173
20
0.1745133858267716
11
0.3933787401574803
21
0.1744835826771653
0
LINE
8
BLACK
6
CONTINUOUS
10
0.3933787401574803
20
0.1744835826771653
11
0.3931307480314961
21
0.1743274803149606
0
LINE
8
BLACK
6
CONTINUOUS
10
0.3931307480314961
20
0.1743274803149606
11
0.3893812204724409
21
0.1724527165354331
0
LINE
8
BLACK
6
CONTINUOUS
10
0.3893812204724409
20
0.1724527165354331
11
0.3888405905511811
21
0.1722458267716535
0
LINE
8
BLACK
6
CONTINUOUS
10
0.3888405905511811
20
0.1722458267716535
11
0.3887347637795275
21
0.1722383464566929
0
LINE
8
BLACK
6
CONTINUOUS
10
0.3887347637795275
20
0.1722383464566929
11
0.3886367716535433
21
0.1721977165354331
0
LINE
8
BLACK
6
CONTINUOUS
10
0.3886367716535433
20
0.1721977165354331
11
0.3880607086614173
21
0.1721409842519685
0
LINE
8
BLACK
6
CONTINUOUS
10
0.3880607086614173
20
0.1721409842519685
11
0.3843111811023622
21
0.1721409842519685
0
LINE
8
BLACK
6
CONTINUOUS
10
0.3843111811023622
20
0.1721409842519685
11
0.3837351181102362
21
0.1721977165354331
0
LINE
8
BLACK
6
CONTINUOUS
10
0.3837351181102362
20
0.1721977165354331
11
0.383637125984252
21
0.1722383070866142
0
LINE
8
BLACK
6
CONTINUOUS
10
0.383637125984252
20
0.1722383070866142
11
0.3835312598425197
21
0.1722458267716535
0
LINE
8
BLACK
6
CONTINUOUS
10
0.3835312598425197
20
0.1722458267716535
11
0.3829906692913386
21
0.1724527165354331
0
LINE
8
BLACK
6
CONTINUOUS
10
0.3829906692913386
20
0.1724527165354331
11
0.3792411417322835
21
0.1743274803149606
0
LINE
8
BLACK
6
CONTINUOUS
10
0.3792411417322835
20
0.1743274803149606
11
0.3789931102362205
21
0.1744835826771653
0
LINE
8
BLACK
6
CONTINUOUS
10
0.3789931102362205
20
0.1744835826771653
11
0.3789211811023622
21
0.1745133858267716
0
LINE
8
BLACK
6
CONTINUOUS
10
0.3789211811023622
20
0.1745133858267716
11
0.3788401968503937
21
0.174579842519685
0
LINE
8
BLACK
6
CONTINUOUS
10
0.3788401968503937
20
0.174579842519685
11
0.3787512598425197
21
0.1746358267716535
0
LINE
8
BLACK
6
CONTINUOUS
10
0.3787512598425197
20
0.1746358267716535
11
0.3787000393700787
21
0.1746948818897638
0
LINE
8
BLACK
6
CONTINUOUS
10
0.3787000393700787
20
0.1746948818897638
11
0.3784737007874016
21
0.1748806299212598
0
LINE
8
BLACK
6
CONTINUOUS
10
0.3784737007874016
20
0.1748806299212598
11
0.376598937007874
21
0.1767554330708661
0
LINE
8
BLACK
6
CONTINUOUS
10
0.376598937007874
20
0.1767554330708661
11
0.3764131889763779
21
0.1769817716535433
0
LINE
8
BLACK
6
CONTINUOUS
10
0.3764131889763779
20
0.1769817716535433
11
0.3763542125984252
21
0.1770329133858268
0
LINE
8
BLACK
6
CONTINUOUS
10
0.3763542125984252
20
0.1770329133858268
11
0.3762982283464567
21
0.1771218503937008
0
LINE
8
BLACK
6
CONTINUOUS
10
0.3762982283464567
20
0.1771218503937008
11
0.3762317322834646
21
0.177202874015748
0
LINE
8
BLACK
6
CONTINUOUS
10
0.3762317322834646
20
0.177202874015748
11
0.3762018897637795
21
0.1772749212598425
0
LINE
8
BLACK
6
CONTINUOUS
10
0.3762018897637795
20
0.1772749212598425
11
0.3760458661417323
21
0.1775227952755905
0
LINE
8
BLACK
6
CONTINUOUS
10
0.3760458661417323
20
0.1775227952755905
11
0.3741711023622047
21
0.1812723228346457
0
LINE
8
BLACK
6
CONTINUOUS
10
0.3741711023622047
20
0.1812723228346457
11
0.3741549606299213
21
0.1813144488188976
0
LINE
8
BLACK
6
CONTINUOUS
10
0.3741549606299213
20
0.1813144488188976
11
0.3741422834645669
21
0.1813315748031496
0
LINE
8
BLACK
6
CONTINUOUS
10
0.3741422834645669
20
0.1813315748031496
11
0.3740558267716536
21
0.1815735433070866
0
LINE
8
BLACK
6
CONTINUOUS
10
0.3740558267716536
20
0.1815735433070866
11
0.3739642125984252
21
0.1818129527559055
0
LINE
8
BLACK
6
CONTINUOUS
10
0.3739642125984252
20
0.1818129527559055
11
0.3739626771653543
21
0.1818342125984252
0
LINE
8
BLACK
6
CONTINUOUS
10
0.3739626771653543
20
0.1818342125984252
11
0.3739475196850394
21
0.1818766929133858
0
LINE
8
BLACK
6
CONTINUOUS
10
0.3739475196850394
20
0.1818766929133858
11
0.3720727559055118
21
0.1893757480314961
0
LINE
8
BLACK
6
CONTINUOUS
10
0.3720727559055118
20
0.1893757480314961
11
0.3720579527559055
21
0.1894756299212598
0
LINE
8
BLACK
6
CONTINUOUS
10
0.3720579527559055
20
0.1894756299212598
11
0.3720413385826772
21
0.1895158267716535
0
LINE
8
BLACK
6
CONTINUOUS
10
0.3720413385826772
20
0.1895158267716535
11
0.3720199606299213
21
0.189732874015748
0
LINE
8
BLACK
6
CONTINUOUS
10
0.3720199606299213
20
0.189732874015748
11
0.3719881102362205
21
0.1899483464566929
0
LINE
8
BLACK
6
CONTINUOUS
10
0.3719881102362205
20
0.1899483464566929
11
0.3719944881889763
21
0.1899913779527559
0
LINE
8
BLACK
6
CONTINUOUS
10
0.3719944881889763
20
0.1899913779527559
11
0.3719846062992126
21
0.1900918897637795
0
LINE
8
BLACK
6
CONTINUOUS
10
0.3719846062992126
20
0.1900918897637795
11
0.3719846062992126
21
0.1994657086614173
0
LINE
8
BLACK
6
CONTINUOUS
10
0.3719846062992126
20
0.1994657086614173
11
0.3719944881889763
21
0.1995662598425197
0
LINE
8
BLACK
6
CONTINUOUS
10
0.3719944881889763
20
0.1995662598425197
11
0.3719881102362205
21
0.1996092519685039
0
LINE
8
BLACK
6
CONTINUOUS
10
0.3719881102362205
20
0.1996092519685039
11
0.3720199606299213
21
0.1998247637795275
0
LINE
8
BLACK
6
CONTINUOUS
10
0.3720199606299213
20
0.1998247637795275
11
0.3720413385826772
21
0.2000417716535433
0
LINE
8
BLACK
6
CONTINUOUS
10
0.3720413385826772
20
0.2000417716535433
11
0.3720579527559055
21
0.2000820078740158
0
LINE
8
BLACK
6
CONTINUOUS
10
0.3720579527559055
20
0.2000820078740158
11
0.3720727559055118
21
0.2001818503937008
0
LINE
8
BLACK
6
CONTINUOUS
10
0.3720727559055118
20
0.2001818503937008
11
0.3739475196850394
21
0.207680905511811
0
LINE
8
BLACK
6
CONTINUOUS
10
0.3739475196850394
20
0.207680905511811
11
0.3739626771653543
21
0.2077234251968504
0
LINE
8
BLACK
6
CONTINUOUS
10
0.3739626771653543
20
0.2077234251968504
11
0.3739642125984252
21
0.2077446456692913
0
LINE
8
BLACK
6
CONTINUOUS
10
0.3739642125984252
20
0.2077446456692913
11
0.3740558267716536
21
0.207984094488189
0
LINE
8
BLACK
6
CONTINUOUS
10
0.3740558267716536
20
0.207984094488189
11
0.3741422834645669
21
0.2082260236220472
0
LINE
8
BLACK
6
CONTINUOUS
10
0.3741422834645669
20
0.2082260236220472
11
0.3741549606299213
21
0.2082431889763779
0
LINE
8
BLACK
6
CONTINUOUS
10
0.3741549606299213
20
0.2082431889763779
11
0.3741711023622047
21
0.2082852755905512
0
LINE
8
BLACK
6
CONTINUOUS
10
0.3741711023622047
20
0.2082852755905512
11
0.3760458661417323
21
0.2120348031496063
0
LINE
8
BLACK
6
CONTINUOUS
10
0.3760458661417323
20
0.2120348031496063
11
0.3762019291338582
21
0.2122828346456693
0
LINE
8
BLACK
6
CONTINUOUS
10
0.3762019291338582
20
0.2122828346456693
11
0.3762317716535433
21
0.2123547637795276
0
LINE
8
BLACK
6
CONTINUOUS
10
0.3762317716535433
20
0.2123547637795276
11
0.3762982283464567
21
0.2124357480314961
0
LINE
8
BLACK
6
CONTINUOUS
10
0.3762982283464567
20
0.2124357480314961
11
0.3763542125984252
21
0.2125246850393701
0
LINE
8
BLACK
6
CONTINUOUS
10
0.3763542125984252
20
0.2125246850393701
11
0.3764131889763779
21
0.2125758661417323
0
LINE
8
BLACK
6
CONTINUOUS
10
0.3764131889763779
20
0.2125758661417323
11
0.3765989763779528
21
0.2128022047244094
0
LINE
8
BLACK
6
CONTINUOUS
10
0.3765989763779528
20
0.2128022047244094
11
0.3784737401574803
21
0.214676968503937
0
LINE
8
BLACK
6
CONTINUOUS
10
0.3784737401574803
20
0.214676968503937
11
0.3787000787401575
21
0.2148627559055118
0
LINE
8
BLACK
6
CONTINUOUS
10
0.3787000787401575
20
0.2148627559055118
11
0.3787512598425197
21
0.2149217322834646
0
LINE
8
BLACK
6
CONTINUOUS
10
0.3787512598425197
20
0.2149217322834646
11
0.3788401968503937
21
0.2149777165354331
0
LINE
8
BLACK
6
CONTINUOUS
10
0.3788401968503937
20
0.2149777165354331
11
0.3789211811023622
21
0.2150441732283465
0
LINE
8
BLACK
6
CONTINUOUS
10
0.3789211811023622
20
0.2150441732283465
11
0.3789931102362205
21
0.2150740157480315
0
LINE
8
BLACK
6
CONTINUOUS
10
0.3789931102362205
20
0.2150740157480315
11
0.3792411417322835
21
0.2152300787401575
0
LINE
8
BLACK
6
CONTINUOUS
10
0.3792411417322835
20
0.2152300787401575
11
0.3829906692913386
21
0.217104842519685
0
LINE
8
BLACK
6
CONTINUOUS
10
0.3829906692913386
20
0.217104842519685
11
0.3835312598425197
21
0.2173117322834646
0
LINE
8
BLACK
6
CONTINUOUS
10
0.3835312598425197
20
0.2173117322834646
11
0.383637125984252
21
0.2173192913385827
0
LINE
8
BLACK
6
CONTINUOUS
10
0.383637125984252
20
0.2173192913385827
11
0.3837351181102362
21
0.217359842519685
0
LINE
8
BLACK
6
CONTINUOUS
10
0.3837351181102362
20
0.217359842519685
11
0.3843111811023622
21
0.2174165748031496
0
LINE
8
BLACK
6
CONTINUOUS
10
0.3843111811023622
20
0.2174165748031496
11
0.3880607086614173
21
0.2174165748031496
0
LINE
8
BLACK
6
CONTINUOUS
10
0.3880607086614173
20
0.2174165748031496
11
0.3886367716535433
21
0.217359842519685
0
LINE
8
BLACK
6
CONTINUOUS
10
0.3823107480314961
20
0.2101623228346457
11
0.3811136220472441
21
0.2089651968503937
0
LINE
8
BLACK
6
CONTINUOUS
10
0.3811136220472441
20
0.2089651968503937
11
0.3795981102362205
21
0.2059342125984252
0
LINE
8
BLACK
6
CONTINUOUS
10
0.3795981102362205
20
0.2059342125984252
11
0.3778901181102362
21
0.1991021653543307
0
LINE
8
BLACK
6
CONTINUOUS
10
0.3778901181102362
20
0.1991021653543307
11
0.3778901181102362
21
0.1904554330708661
0
LINE
8
BLACK
6
CONTINUOUS
10
0.3778901181102362
20
0.1904554330708661
11
0.3795981102362205
21
0.1836233858267717
0
LINE
8
BLACK
6
CONTINUOUS
10
0.3795981102362205
20
0.1836233858267717
11
0.3811136220472441
21
0.1805924015748031
0
LINE
8
BLACK
6
CONTINUOUS
10
0.3811136220472441
20
0.1805924015748031
11
0.3823107480314961
21
0.1793952362204724
0
LINE
8
BLACK
6
CONTINUOUS
10
0.3823107480314961
20
0.1793952362204724
11
0.3850082283464567
21
0.1780464960629921
0
LINE
8
BLACK
6
CONTINUOUS
10
0.3850082283464567
20
0.1780464960629921
11
0.3873636614173228
21
0.1780464960629921
0
LINE
8
BLACK
6
CONTINUOUS
10
0.3873636614173228
20
0.1780464960629921
11
0.3900611023622047
21
0.1793952362204724
0
LINE
8
BLACK
6
CONTINUOUS
10
0.3900611023622047
20
0.1793952362204724
11
0.3912582283464567
21
0.1805924015748031
0
LINE
8
BLACK
6
CONTINUOUS
10
0.3912582283464567
20
0.1805924015748031
11
0.3927737401574803
21
0.1836233858267717
0
LINE
8
BLACK
6
CONTINUOUS
10
0.3927737401574803
20
0.1836233858267717
11
0.3944817716535433
21
0.1904554330708661
0
LINE
8
BLACK
6
CONTINUOUS
10
0.3944817716535433
20
0.1904554330708661
11
0.3944817716535433
21
0.1991021653543307
0
LINE
8
BLACK
6
CONTINUOUS
10
0.3944817716535433
20
0.1991021653543307
11
0.3927737401574803
21
0.2059342125984252
0
LINE
8
BLACK
6
CONTINUOUS
10
0.3927737401574803
20
0.2059342125984252
11
0.3912582677165354
21
0.2089651968503937
0
LINE
8
BLACK
6
CONTINUOUS
10
0.3912582677165354
20
0.2089651968503937
11
0.3900611417322835
21
0.2101623228346457
0
LINE
8
BLACK
6
CONTINUOUS
10
0.3900611417322835
20
0.2101623228346457
11
0.3873636614173228
21
0.211511062992126
0
LINE
8
BLACK
6
CONTINUOUS
10
0.3873636614173228
20
0.211511062992126
11
0.3850082283464567
21
0.211511062992126
0
LINE
8
BLACK
6
CONTINUOUS
10
0.3850082283464567
20
0.211511062992126
11
0.3823107480314961
21
0.2101623228346457
0
LINE
8
BLACK
6
CONTINUOUS
10
0.4242573228346457
20
0.217359842519685
11
0.4243553149606299
21
0.2173192519685039
0
LINE
8
BLACK
6
CONTINUOUS
10
0.4243553149606299
20
0.2173192519685039
11
0.4244611417322834
21
0.2173117322834646
0
LINE
8
BLACK
6
CONTINUOUS
10
0.4244611417322834
20
0.2173117322834646
11
0.4250017716535433
21
0.217104842519685
0
LINE
8
BLACK
6
CONTINUOUS
10
0.4250017716535433
20
0.217104842519685
11
0.4287512992125984
21
0.2152300787401575
0
LINE
8
BLACK
6
CONTINUOUS
10
0.4287512992125984
20
0.2152300787401575
11
0.4289992913385827
21
0.2150740157480315
0
LINE
8
BLACK
6
CONTINUOUS
10
0.4289992913385827
20
0.2150740157480315
11
0.4290712598425196
21
0.2150441732283465
0
LINE
8
BLACK
6
CONTINUOUS
10
0.4290712598425196
20
0.2150441732283465
11
0.4291522047244095
21
0.2149777165354331
0
LINE
8
BLACK
6
CONTINUOUS
10
0.4291522047244095
20
0.2149777165354331
11
0.4292411811023622
21
0.2149217322834646
0
LINE
8
BLACK
6
CONTINUOUS
10
0.4292411811023622
20
0.2149217322834646
11
0.4292923228346456
21
0.2148627559055118
0
LINE
8
BLACK
6
CONTINUOUS
10
0.4292923228346456
20
0.2148627559055118
11
0.4295187007874016
21
0.214676968503937
0
LINE
8
BLACK
6
CONTINUOUS
10
0.4295187007874016
20
0.214676968503937
11
0.4313934645669291
21
0.2128022047244094
0
LINE
8
BLACK
6
CONTINUOUS
10
0.4313934645669291
20
0.2128022047244094
11
0.4313947637795276
21
0.2128006299212598
0
LINE
8
BLACK
6
CONTINUOUS
10
0.4313947637795276
20
0.2128006299212598
11
0.4313956299212598
21
0.2128000393700787
0
LINE
8
BLACK
6
CONTINUOUS
10
0.4313956299212598
20
0.2128000393700787
11
0.431583937007874
21
0.2125700787401575
0
LINE
8
BLACK
6
CONTINUOUS
10
0.431583937007874
20
0.2125700787401575
11
0.4317606692913386
21
0.2123547637795276
0
LINE
8
BLACK
6
CONTINUOUS
10
0.4317606692913386
20
0.2123547637795276
11
0.4317610236220472
21
0.2123538976377953
0
LINE
8
BLACK
6
CONTINUOUS
10
0.4317610236220472
20
0.2123538976377953
11
0.4317624015748032
21
0.2123522047244094
0
LINE
8
BLACK
6
CONTINUOUS
10
0.4317624015748032
20
0.2123522047244094
11
0.4355119291338583
21
0.206727874015748
0
LINE
8
BLACK
6
CONTINUOUS
10
0.4355119291338583
20
0.206727874015748
11
0.4356813779527559
21
0.20641
0
LINE
8
BLACK
6
CONTINUOUS
10
0.4356813779527559
20
0.20641
11
0.4357249212598425
21
0.2063512598425197
0
LINE
8
BLACK
6
CONTINUOUS
10
0.4357249212598425
20
0.2063512598425197
11
0.4357496850393701
21
0.2062818897637795
0
LINE
8
BLACK
6
CONTINUOUS
10
0.4357496850393701
20
0.2062818897637795
11
0.4357842519685039
21
0.2062170866141732
0
LINE
8
BLACK
6
CONTINUOUS
10
0.4357842519685039
20
0.2062170866141732
11
0.4357983464566929
21
0.2061456692913386
0
LINE
8
BLACK
6
CONTINUOUS
10
0.4357983464566929
20
0.2061456692913386
11
0.4359196850393701
21
0.2058061417322835
0
LINE
8
BLACK
6
CONTINUOUS
10
0.4359196850393701
20
0.2058061417322835
11
0.4377944488188976
21
0.1983070866141732
0
LINE
8
BLACK
6
CONTINUOUS
10
0.4377944488188976
20
0.1983070866141732
11
0.4378092125984252
21
0.1982072440944882
0
LINE
8
BLACK
6
CONTINUOUS
10
0.4378092125984252
20
0.1982072440944882
11
0.4378258661417323
21
0.1981670078740158
0
LINE
8
BLACK
6
CONTINUOUS
10
0.4378258661417323
20
0.1981670078740158
11
0.4378472047244094
21
0.19795
0
LINE
8
BLACK
6
CONTINUOUS
10
0.4378472047244094
20
0.19795
11
0.437879094488189
21
0.1977344881889764
0
LINE
8
BLACK
6
CONTINUOUS
10
0.437879094488189
20
0.1977344881889764
11
0.4378726771653543
21
0.1976914960629921
0
LINE
8
BLACK
6
CONTINUOUS
10
0.4378726771653543
20
0.1976914960629921
11
0.4378825984251968
21
0.1975909448818897
0
LINE
8
BLACK
6
CONTINUOUS
10
0.4378825984251968
20
0.1975909448818897
11
0.4378825984251968
21
0.1825928346456693
0
LINE
8
BLACK
6
CONTINUOUS
10
0.4378825984251968
20
0.1825928346456693
11
0.4378258661417323
21
0.1820167716535433
0
LINE
8
BLACK
6
CONTINUOUS
10
0.4378258661417323
20
0.1820167716535433
11
0.4377852755905512
21
0.1819188188976378
0
LINE
8
BLACK
6
CONTINUOUS
10
0.4377852755905512
20
0.1819188188976378
11
0.4377777559055118
21
0.1818129133858268
0
LINE
8
BLACK
6
CONTINUOUS
10
0.4377777559055118
20
0.1818129133858268
11
0.4375708661417323
21
0.1812723228346457
0
LINE
8
BLACK
6
CONTINUOUS
10
0.4375708661417323
20
0.1812723228346457
11
0.4356961023622047
21
0.1775227952755905
0
LINE
8
BLACK
6
CONTINUOUS
10
0.4356961023622047
20
0.1775227952755905
11
0.4355400393700787
21
0.1772749212598425
0
LINE
8
BLACK
6
CONTINUOUS
10
0.4355400393700787
20
0.1772749212598425
11
0.4355102362204724
21
0.177202874015748
0
LINE
8
BLACK
6
CONTINUOUS
10
0.4355102362204724
20
0.177202874015748
11
0.4354437007874016
21
0.1771218503937008
0
LINE
8
BLACK
6
CONTINUOUS
10
0.4354437007874016
20
0.1771218503937008
11
0.4353877559055118
21
0.1770329133858268
0
LINE
8
BLACK
6
CONTINUOUS
10
0.4353877559055118
20
0.1770329133858268
11
0.4353287401574803
21
0.1769817716535433
0
LINE
8
BLACK
6
CONTINUOUS
10
0.4353287401574803
20
0.1769817716535433
11
0.4351429921259842
21
0.1767553937007874
0
LINE
8
BLACK
6
CONTINUOUS
10
0.4351429921259842
20
0.1767553937007874
11
0.4332682677165354
21
0.1748806299212598
0
LINE
8
BLACK
6
CONTINUOUS
10
0.4332682677165354
20
0.1748806299212598
11
0.4330418897637795
21
0.1746948818897638
0
LINE
8
BLACK
6
CONTINUOUS
10
0.4330418897637795
20
0.1746948818897638
11
0.4329907086614173
21
0.1746358267716535
0
LINE
8
BLACK
6
CONTINUOUS
10
0.4329907086614173
20
0.1746358267716535
11
0.4329017322834646
21
0.174579842519685
0
LINE
8
BLACK
6
CONTINUOUS
10
0.4329017322834646
20
0.174579842519685
11
0.4328207874015748
21
0.1745133858267716
0
LINE
8
BLACK
6
CONTINUOUS
10
0.4328207874015748
20
0.1745133858267716
11
0.4327488188976378
21
0.1744835826771653
0
LINE
8
BLACK
6
CONTINUOUS
10
0.4327488188976378
20
0.1744835826771653
11
0.4325008267716535
21
0.1743274803149606
0
LINE
8
BLACK
6
CONTINUOUS
10
0.4325008267716535
20
0.1743274803149606
11
0.4287512992125984
21
0.1724527165354331
0
LINE
8
BLACK
6
CONTINUOUS
10
0.4287512992125984
20
0.1724527165354331
11
0.4282106692913386
21
0.1722458267716535
0
LINE
8
BLACK
6
CONTINUOUS
10
0.4282106692913386
20
0.1722458267716535
11
0.428104842519685
21
0.1722383464566929
0
LINE
8
BLACK
6
CONTINUOUS
10
0.428104842519685
20
0.1722383464566929
11
0.4280068503937008
21
0.1721977165354331
0
LINE
8
BLACK
6
CONTINUOUS
10
0.4280068503937008
20
0.1721977165354331
11
0.4274307874015748
21
0.1721409842519685
0
LINE
8
BLACK
6
CONTINUOUS
10
0.4274307874015748
20
0.1721409842519685
11
0.4199317322834645
21
0.1721409842519685
0
LINE
8
BLACK
6
CONTINUOUS
10
0.4199317322834645
20
0.1721409842519685
11
0.4193556692913386
21
0.1721977165354331
0
LINE
8
BLACK
6
CONTINUOUS
10
0.4193556692913386
20
0.1721977165354331
11
0.4192576771653543
21
0.1722383070866142
0
LINE
8
BLACK
6
CONTINUOUS
10
0.4192576771653543
20
0.1722383070866142
11
0.419151811023622
21
0.1722458267716535
0
LINE
8
BLACK
6
CONTINUOUS
10
0.419151811023622
20
0.1722458267716535
11
0.4186112204724409
21
0.1724527165354331
0
LINE
8
BLACK
6
CONTINUOUS
10
0.4186112204724409
20
0.1724527165354331
11
0.4148616929133858
21
0.1743274803149606
0
LINE
8
BLACK
6
CONTINUOUS
10
0.4148616929133858
20
0.1743274803149606
11
0.4146136614173228
21
0.1744835826771653
0
LINE
8
BLACK
6
CONTINUOUS
10
0.4146136614173228
20
0.1744835826771653
11
0.4145417322834646
21
0.1745133858267716
0
LINE
8
BLACK
6
CONTINUOUS
10
0.4145417322834646
20
0.1745133858267716
11
0.4144607480314961
21
0.174579842519685
0
LINE
8
BLACK
6
CONTINUOUS
10
0.4144607480314961
20
0.174579842519685
11
0.414371811023622
21
0.1746358267716535
0
LINE
8
BLACK
6
CONTINUOUS
10
0.414371811023622
20
0.1746358267716535
11
0.4143205905511811
21
0.1746948818897638
0
LINE
8
BLACK
6
CONTINUOUS
10
0.4143205905511811
20
0.1746948818897638
11
0.4140942519685039
21
0.1748806299212598
0
LINE
8
BLACK
6
CONTINUOUS
10
0.4140942519685039
20
0.1748806299212598
11
0.4122194881889764
21
0.1767554330708661
0
LINE
8
BLACK
6
CONTINUOUS
10
0.4122194881889764
20
0.1767554330708661
11
0.4120337401574803
21
0.1769817716535433
0
LINE
8
BLACK
6
CONTINUOUS
10
0.4120337401574803
20
0.1769817716535433
11
0.4119747637795276
21
0.1770329133858268
0
LINE
8
BLACK
6
CONTINUOUS
10
0.4119747637795276
20
0.1770329133858268
11
0.4119187795275591
21
0.1771218503937008
0
LINE
8
BLACK
6
CONTINUOUS
10
0.4119187795275591
20
0.1771218503937008
11
0.4118522834645669
21
0.177202874015748
0
LINE
8
BLACK
6
CONTINUOUS
10
0.4118522834645669
20
0.177202874015748
11
0.4118224409448819
21
0.1772749212598425
0
LINE
8
BLACK
6
CONTINUOUS
10
0.4118224409448819
20
0.1772749212598425
11
0.4116664173228347
21
0.1775227952755905
0
LINE
8
BLACK
6
CONTINUOUS
10
0.4116664173228347
20
0.1775227952755905
11
0.4097916535433071
21
0.1812723228346457
0
LINE
8
BLACK
6
CONTINUOUS
10
0.4097916535433071
20
0.1812723228346457
11
0.4095847637795276
21
0.1818129527559055
0
LINE
8
BLACK
6
CONTINUOUS
10
0.4095847637795276
20
0.1818129527559055
11
0.4095772440944882
21
0.1819187795275591
0
LINE
8
BLACK
6
CONTINUOUS
10
0.4095772440944882
20
0.1819187795275591
11
0.4095366535433071
21
0.1820167716535433
0
LINE
8
BLACK
6
CONTINUOUS
10
0.4095366535433071
20
0.1820167716535433
11
0.4094799212598425
21
0.1825928346456693
0
LINE
8
BLACK
6
CONTINUOUS
10
0.4094799212598425
20
0.1825928346456693
11
0.4094799212598425
21
0.1919666535433071
0
LINE
8
BLACK
6
CONTINUOUS
10
0.4094799212598425
20
0.1919666535433071
11
0.4095366535433071
21
0.1925427165354331
0
LINE
8
BLACK
6
CONTINUOUS
10
0.4095366535433071
20
0.1925427165354331
11
0.4095772440944882
21
0.1926407480314961
0
LINE
8
BLACK
6
CONTINUOUS
10
0.4095772440944882
20
0.1926407480314961
11
0.4095847637795276
21
0.1927465354330709
0
LINE
8
BLACK
6
CONTINUOUS
10
0.4095847637795276
20
0.1927465354330709
11
0.4097916535433071
21
0.1932871653543307
0
LINE
8
BLACK
6
CONTINUOUS
10
0.4097916535433071
20
0.1932871653543307
11
0.4116664173228347
21
0.1970366929133858
0
LINE
8
BLACK
6
CONTINUOUS
10
0.4116664173228347
20
0.1970366929133858
11
0.4118224803149606
21
0.1972847244094488
0
LINE
8
BLACK
6
CONTINUOUS
10
0.4118224803149606
20
0.1972847244094488
11
0.4118523228346457
21
0.1973566535433071
0
LINE
8
BLACK
6
CONTINUOUS
10
0.4118523228346457
20
0.1973566535433071
11
0.4119187795275591
21
0.1974376377952756
0
LINE
8
BLACK
6
CONTINUOUS
10
0.4119187795275591
20
0.1974376377952756
11
0.4119747637795276
21
0.1975265748031496
0
LINE
8
BLACK
6
CONTINUOUS
10
0.4119747637795276
20
0.1975265748031496
11
0.4120337401574803
21
0.1975777559055118
0
LINE
8
BLACK
6
CONTINUOUS
10
0.4120337401574803
20
0.1975777559055118
11
0.4122195275590551
21
0.197804094488189
0
LINE
8
BLACK
6
CONTINUOUS
10
0.4122195275590551
20
0.197804094488189
11
0.4140942913385827
21
0.1996788582677165
0
LINE
8
BLACK
6
CONTINUOUS
10
0.4140942913385827
20
0.1996788582677165
11
0.4143206299212598
21
0.1998646456692913
0
LINE
8
BLACK
6
CONTINUOUS
10
0.4143206299212598
20
0.1998646456692913
11
0.414371811023622
21
0.1999236220472441
0
LINE
8
BLACK
6
CONTINUOUS
10
0.414371811023622
20
0.1999236220472441
11
0.4144607480314961
21
0.1999796062992126
0
LINE
8
BLACK
6
CONTINUOUS
10
0.4144607480314961
20
0.1999796062992126
11
0.4145417322834646
21
0.200046062992126
0
LINE
8
BLACK
6
CONTINUOUS
10
0.4145417322834646
20
0.200046062992126
11
0.4146136614173228
21
0.200075905511811
0
LINE
8
BLACK
6
CONTINUOUS
10
0.4146136614173228
20
0.200075905511811
11
0.4148616929133858
21
0.200231968503937
0
LINE
8
BLACK
6
CONTINUOUS
10
0.4148616929133858
20
0.200231968503937
11
0.4186112204724409
21
0.2021067322834646
0
LINE
8
BLACK
6
CONTINUOUS
10
0.4186112204724409
20
0.2021067322834646
11
0.419151811023622
21
0.2023136220472441
0
LINE
8
BLACK
6
CONTINUOUS
10
0.419151811023622
20
0.2023136220472441
11
0.4192576771653543
21
0.2023211811023622
0
LINE
8
BLACK
6
CONTINUOUS
10
0.4192576771653543
20
0.2023211811023622
11
0.4193556692913386
21
0.2023617322834646
0
LINE
8
BLACK
6
CONTINUOUS
10
0.4193556692913386
20
0.2023617322834646
11
0.4199317322834645
21
0.2024184645669291
0
LINE
8
BLACK
6
CONTINUOUS
10
0.4199317322834645
20
0.2024184645669291
11
0.4274307874015748
21
0.2024184645669291
0
LINE
8
BLACK
6
CONTINUOUS
10
0.4274307874015748
20
0.2024184645669291
11
0.4280068503937008
21
0.2023617322834646
0
LINE
8
BLACK
6
CONTINUOUS
10
0.4280068503937008
20
0.2023617322834646
11
0.428104842519685
21
0.2023211417322835
0
LINE
8
BLACK
6
CONTINUOUS
10
0.428104842519685
20
0.2023211417322835
11
0.4282106692913386
21
0.2023136220472441
0
LINE
8
BLACK
6
CONTINUOUS
10
0.4282106692913386
20
0.2023136220472441
11
0.4287512992125984
21
0.2021067322834646
0
LINE
8
BLACK
6
CONTINUOUS
10
0.4287512992125984
20
0.2021067322834646
11
0.4310438188976378
21
0.2009604724409449
0
LINE
8
BLACK
6
CONTINUOUS
10
0.4310438188976378
20
0.2009604724409449
11
0.4303145275590551
21
0.2038776377952756
0
LINE
8
BLACK
6
CONTINUOUS
10
0.4303145275590551
20
0.2038776377952756
11
0.4270108267716535
21
0.208833188976378
0
LINE
8
BLACK
6
CONTINUOUS
10
0.4270108267716535
20
0.208833188976378
11
0.4256816929133858
21
0.2101623228346457
0
LINE
8
BLACK
6
CONTINUOUS
10
0.4256816929133858
20
0.2101623228346457
11
0.4229842125984252
21
0.211511062992126
0
LINE
8
BLACK
6
CONTINUOUS
10
0.4229842125984252
20
0.211511062992126
11
0.4161822047244094
21
0.211511062992126
0
LINE
8
BLACK
6
CONTINUOUS
10
0.4161822047244094
20
0.211511062992126
11
0.4156061417322834
21
0.2115677952755906
0
LINE
8
BLACK
6
CONTINUOUS
10
0.4156061417322834
20
0.2115677952755906
11
0.4145417322834646
21
0.2120087007874016
0
LINE
8
BLACK
6
CONTINUOUS
10
0.4145417322834646
20
0.2120087007874016
11
0.4137270866141732
21
0.2128233464566929
0
LINE
8
BLACK
6
CONTINUOUS
10
0.4137270866141732
20
0.2128233464566929
11
0.4132861811023622
21
0.2138877559055118
0
LINE
8
BLACK
6
CONTINUOUS
10
0.4132861811023622
20
0.2138877559055118
11
0.4132861811023622
21
0.2150398818897638
0
LINE
8
BLACK
6
CONTINUOUS
10
0.4132861811023622
20
0.2150398818897638
11
0.4137270866141732
21
0.2161042913385827
0
LINE
8
BLACK
6
CONTINUOUS
10
0.4137270866141732
20
0.2161042913385827
11
0.4145417322834646
21
0.216918937007874
0
LINE
8
BLACK
6
CONTINUOUS
10
0.4145417322834646
20
0.216918937007874
11
0.4156061417322834
21
0.217359842519685
0
LINE
8
BLACK
6
CONTINUOUS
10
0.4156061417322834
20
0.217359842519685
11
0.4161822047244094
21
0.2174165748031496
0
LINE
8
BLACK
6
CONTINUOUS
10
0.4161822047244094
20
0.2174165748031496
11
0.4236812598425197
21
0.2174165748031496
0
LINE
8
BLACK
6
CONTINUOUS
10
0.4236812598425197
20
0.2174165748031496
11
0.4242573228346457
21
0.217359842519685
0
LINE
8
BLACK
6
CONTINUOUS
10
0.4179312992125984
20
0.1951642125984252
11
0.4167341732283464
21
0.1939670866141732
0
LINE
8
BLACK
6
CONTINUOUS
10
0.4167341732283464
20
0.1939670866141732
11
0.4153854330708661
21
0.1912696062992126
0
LINE
8
BLACK
6
CONTINUOUS
10
0.4153854330708661
20
0.1912696062992126
11
0.4153854330708661
21
0.1832898818897638
0
LINE
8
BLACK
6
CONTINUOUS
10
0.4153854330708661
20
0.1832898818897638
11
0.4167341732283464
21
0.1805924015748031
0
LINE
8
BLACK
6
CONTINUOUS
10
0.4167341732283464
20
0.1805924015748031
11
0.4179312992125984
21
0.1793952362204724
0
LINE
8
BLACK
6
CONTINUOUS
10
0.4179312992125984
20
0.1793952362204724
11
0.4206287795275591
21
0.1780464960629921
0
LINE
8
BLACK
6
CONTINUOUS
10
0.4206287795275591
20
0.1780464960629921
11
0.4267337401574803
21
0.1780464960629921
0
LINE
8
BLACK
6
CONTINUOUS
10
0.4267337401574803
20
0.1780464960629921
11
0.4294311811023622
21
0.1793952362204724
0
LINE
8
BLACK
6
CONTINUOUS
10
0.4294311811023622
20
0.1793952362204724
11
0.4306283070866141
21
0.1805924015748031
0
LINE
8
BLACK
6
CONTINUOUS
10
0.4306283070866141
20
0.1805924015748031
11
0.4319770866141732
21
0.1832898818897638
0
LINE
8
BLACK
6
CONTINUOUS
10
0.4319770866141732
20
0.1832898818897638
11
0.4319770866141732
21
0.1912696062992126
0
LINE
8
BLACK
6
CONTINUOUS
10
0.4319770866141732
20
0.1912696062992126
11
0.4306283464566929
21
0.1939670866141732
0
LINE
8
BLACK
6
CONTINUOUS
10
0.4306283464566929
20
0.1939670866141732
11
0.4294312204724409
21
0.1951642125984252
0
LINE
8
BLACK
6
CONTINUOUS
10
0.4294312204724409
20
0.1951642125984252
11
0.4267337401574803
21
0.1965129527559055
0
LINE
8
BLACK
6
CONTINUOUS
10
0.4267337401574803
20
0.1965129527559055
11
0.4206287795275591
21
0.1965129527559055
0
LINE
8
BLACK
6
CONTINUOUS
10
0.4206287795275591
20
0.1965129527559055
11
0.4179312992125984
21
0.1951642125984252
0
LINE
8
BLACK
6
CONTINUOUS
10
0.4748759842519685
20
0.217359842519685
11
0.4759403937007874
21
0.216918937007874
0
LINE
8
BLACK
6
CONTINUOUS
10
0.4759403937007874
20
0.216918937007874
11
0.4767550393700787
21
0.2161042913385827
0
LINE
8
BLACK
6
CONTINUOUS
10
0.4767550393700787
20
0.2161042913385827
11
0.4771959448818898
21
0.2150398818897638
0
LINE
8
BLACK
6
CONTINUOUS
10
0.4771959448818898
20
0.2150398818897638
11
0.4771959448818898
21
0.2138877559055118
0
LINE
8
BLACK
6
CONTINUOUS
10
0.4771959448818898
20
0.2138877559055118
11
0.4767550393700787
21
0.2128233464566929
0
LINE
8
BLACK
6
CONTINUOUS
10
0.4767550393700787
20
0.2128233464566929
11
0.4759403937007874
21
0.2120087007874016
0
LINE
8
BLACK
6
CONTINUOUS
10
0.4759403937007874
20
0.2120087007874016
11
0.4748759842519685
21
0.2115677952755906
0
LINE
8
BLACK
6
CONTINUOUS
10
0.4748759842519685
20
0.2115677952755906
11
0.4742999212598425
21
0.211511062992126
0
LINE
8
BLACK
6
CONTINUOUS
10
0.4742999212598425
20
0.211511062992126
11
0.4564351574803149
21
0.211511062992126
0
LINE
8
BLACK
6
CONTINUOUS
10
0.4564351574803149
20
0.211511062992126
11
0.4652735039370078
21
0.2014101181102362
0
LINE
8
BLACK
6
CONTINUOUS
10
0.4652735039370078
20
0.2014101181102362
11
0.4654514960629921
21
0.2011611417322835
0
LINE
8
BLACK
6
CONTINUOUS
10
0.4654514960629921
20
0.2011611417322835
11
0.4655064566929134
21
0.2011061811023622
0
LINE
8
BLACK
6
CONTINUOUS
10
0.4655064566929134
20
0.2011061811023622
11
0.465528031496063
21
0.201054094488189
0
LINE
8
BLACK
6
CONTINUOUS
10
0.465528031496063
20
0.201054094488189
11
0.4656101574803149
21
0.2009392125984252
0
LINE
8
BLACK
6
CONTINUOUS
10
0.4656101574803149
20
0.2009392125984252
11
0.4657637401574803
21
0.200485
0
LINE
8
BLACK
6
CONTINUOUS
10
0.4657637401574803
20
0.200485
11
0.4659473622047244
21
0.2000417716535433
0
LINE
8
BLACK
6
CONTINUOUS
10
0.4659473622047244
20
0.2000417716535433
11
0.4659473622047244
21
0.1999421653543307
0
LINE
8
BLACK
6
CONTINUOUS
10
0.4659473622047244
20
0.1999421653543307
11
0.4659792519685039
21
0.1998478346456693
0
LINE
8
BLACK
6
CONTINUOUS
10
0.4659792519685039
20
0.1998478346456693
11
0.4659473622047244
21
0.1993693700787401
0
LINE
8
BLACK
6
CONTINUOUS
10
0.4659473622047244
20
0.1993693700787401
11
0.4659473622047244
21
0.1988896456692913
0
LINE
8
BLACK
6
CONTINUOUS
10
0.4659473622047244
20
0.1988896456692913
11
0.4659092519685039
21
0.1987976771653543
0
LINE
8
BLACK
6
CONTINUOUS
10
0.4659092519685039
20
0.1987976771653543
11
0.4659026377952756
21
0.1986983070866142
0
LINE
8
BLACK
6
CONTINUOUS
10
0.4659026377952756
20
0.1986983070866142
11
0.4656899212598425
21
0.1982681889763779
0
LINE
8
BLACK
6
CONTINUOUS
10
0.4656899212598425
20
0.1982681889763779
11
0.4655064566929134
21
0.1978252362204724
0
LINE
8
BLACK
6
CONTINUOUS
10
0.4655064566929134
20
0.1978252362204724
11
0.4654361023622047
21
0.1977549212598425
0
LINE
8
BLACK
6
CONTINUOUS
10
0.4654361023622047
20
0.1977549212598425
11
0.4653919291338582
21
0.1976655511811024
0
LINE
8
BLACK
6
CONTINUOUS
10
0.4653919291338582
20
0.1976655511811024
11
0.4650307874015748
21
0.1973496062992126
0
LINE
8
BLACK
6
CONTINUOUS
10
0.4650307874015748
20
0.1973496062992126
11
0.4646918110236221
21
0.1970105905511811
0
LINE
8
BLACK
6
CONTINUOUS
10
0.4646918110236221
20
0.1970105905511811
11
0.4645998031496063
21
0.1969724803149606
0
LINE
8
BLACK
6
CONTINUOUS
10
0.4645998031496063
20
0.1969724803149606
11
0.464524842519685
21
0.1969068897637795
0
LINE
8
BLACK
6
CONTINUOUS
10
0.464524842519685
20
0.1969068897637795
11
0.4640705905511811
21
0.1967533070866142
0
LINE
8
BLACK
6
CONTINUOUS
10
0.4640705905511811
20
0.1967533070866142
11
0.4636274015748031
21
0.1965696850393701
0
LINE
8
BLACK
6
CONTINUOUS
10
0.4636274015748031
20
0.1965696850393701
11
0.463486811023622
21
0.1965558661417323
0
LINE
8
BLACK
6
CONTINUOUS
10
0.463486811023622
20
0.1965558661417323
11
0.4634334645669291
21
0.1965377952755905
0
LINE
8
BLACK
6
CONTINUOUS
10
0.4634334645669291
20
0.1965377952755905
11
0.4633559842519685
21
0.1965429921259843
0
LINE
8
BLACK
6
CONTINUOUS
10
0.4633559842519685
20
0.1965429921259843
11
0.4630513385826772
21
0.1965129527559055
0
LINE
8
BLACK
6
CONTINUOUS
10
0.4630513385826772
20
0.1965129527559055
11
0.458124094488189
21
0.1965129527559055
0
LINE
8
BLACK
6
CONTINUOUS
10
0.458124094488189
20
0.1965129527559055
11
0.4554266141732283
21
0.1951642125984252
0
LINE
8
BLACK
6
CONTINUOUS
10
0.4554266141732283
20
0.1951642125984252
11
0.4542294881889763
21
0.1939670866141732
0
LINE
8
BLACK
6
CONTINUOUS
10
0.4542294881889763
20
0.1939670866141732
11
0.452880748031496
21
0.1912696062992126
0
LINE
8
BLACK
6
CONTINUOUS
10
0.452880748031496
20
0.1912696062992126
11
0.452880748031496
21
0.1832898818897638
0
LINE
8
BLACK
6
CONTINUOUS
10
0.452880748031496
20
0.1832898818897638
11
0.4542294881889763
21
0.1805924015748031
0
LINE
8
BLACK
6
CONTINUOUS
10
0.4542294881889763
20
0.1805924015748031
11
0.4554266141732283
21
0.1793952362204724
0
LINE
8
BLACK
6
CONTINUOUS
10
0.4554266141732283
20
0.1793952362204724
11
0.458124094488189
21
0.1780464960629921
0
LINE
8
BLACK
6
CONTINUOUS
10
0.458124094488189
20
0.1780464960629921
11
0.4679785826771654
21
0.1780464960629921
0
LINE
8
BLACK
6
CONTINUOUS
10
0.4679785826771654
20
0.1780464960629921
11
0.4706760236220472
21
0.1793952362204724
0
LINE
8
BLACK
6
CONTINUOUS
10
0.4706760236220472
20
0.1793952362204724
11
0.472211968503937
21
0.1809311811023622
0
LINE
8
BLACK
6
CONTINUOUS
10
0.472211968503937
20
0.1809311811023622
11
0.4726594488188977
21
0.1812984251968504
0
LINE
8
BLACK
6
CONTINUOUS
10
0.4726594488188977
20
0.1812984251968504
11
0.4737238582677165
21
0.1817393307086614
0
LINE
8
BLACK
6
CONTINUOUS
10
0.4737238582677165
20
0.1817393307086614
11
0.4748759448818898
21
0.1817393307086614
0
LINE
8
BLACK
6
CONTINUOUS
10
0.4748759448818898
20
0.1817393307086614
11
0.4759403543307086
21
0.1812984645669291
0
LINE
8
BLACK
6
CONTINUOUS
10
0.4759403543307086
20
0.1812984645669291
11
0.4767550393700787
21
0.1804837795275591
0
LINE
8
BLACK
6
CONTINUOUS
10
0.4767550393700787
20
0.1804837795275591
11
0.4771959448818898
21
0.1794193700787401
0
LINE
8
BLACK
6
CONTINUOUS
10
0.4771959448818898
20
0.1794193700787401
11
0.4771959448818898
21
0.1782672834645669
0
LINE
8
BLACK
6
CONTINUOUS
10
0.4771959448818898
20
0.1782672834645669
11
0.4767550787401575
21
0.177202874015748
0
LINE
8
BLACK
6
CONTINUOUS
10
0.4767550787401575
20
0.177202874015748
11
0.4763878346456693
21
0.1767553937007874
0
LINE
8
BLACK
6
CONTINUOUS
10
0.4763878346456693
20
0.1767553937007874
11
0.4745131102362204
21
0.1748806299212598
0
LINE
8
BLACK
6
CONTINUOUS
10
0.4745131102362204
20
0.1748806299212598
11
0.4742867322834646
21
0.1746948818897638
0
LINE
8
BLACK
6
CONTINUOUS
10
0.4742867322834646
20
0.1746948818897638
11
0.4742355511811023
21
0.1746358267716535
0
LINE
8
BLACK
6
CONTINUOUS
10
0.4742355511811023
20
0.1746358267716535
11
0.4741465748031496
21
0.174579842519685
0
LINE
8
BLACK
6
CONTINUOUS
10
0.4741465748031496
20
0.174579842519685
11
0.4740656299212598
21
0.1745133858267716
0
LINE
8
BLACK
6
CONTINUOUS
10
0.4740656299212598
20
0.1745133858267716
11
0.4739936614173228
21
0.1744835826771653
0
LINE
8
BLACK
6
CONTINUOUS
10
0.4739936614173228
20
0.1744835826771653
11
0.4737456692913385
21
0.1743274803149606
0
LINE
8
BLACK
6
CONTINUOUS
10
0.4737456692913385
20
0.1743274803149606
11
0.4699961417322834
21
0.1724527165354331
0
LINE
8
BLACK
6
CONTINUOUS
10
0.4699961417322834
20
0.1724527165354331
11
0.4694555118110236
21
0.1722458267716535
0
LINE
8
BLACK
6
CONTINUOUS
10
0.4694555118110236
20
0.1722458267716535
11
0.4693496850393701
21
0.1722383464566929
0
LINE
8
BLACK
6
CONTINUOUS
10
0.4693496850393701
20
0.1722383464566929
11
0.4692516929133858
21
0.1721977165354331
0
LINE
8
BLACK
6
CONTINUOUS
10
0.4692516929133858
20
0.1721977165354331
11
0.4686756299212598
21
0.1721409842519685
0
LINE
8
BLACK
6
CONTINUOUS
10
0.4686756299212598
20
0.1721409842519685
11
0.4574270472440945
21
0.1721409842519685
0
LINE
8
BLACK
6
CONTINUOUS
10
0.4574270472440945
20
0.1721409842519685
11
0.4568509842519685
21
0.1721977165354331
0
LINE
8
BLACK
6
CONTINUOUS
10
0.4568509842519685
20
0.1721977165354331
11
0.4567529921259842
21
0.1722383070866142
0
LINE
8
BLACK
6
CONTINUOUS
10
0.4567529921259842
20
0.1722383070866142
11
0.4566471259842519
21
0.1722458267716535
0
LINE
8
BLACK
6
CONTINUOUS
10
0.4566471259842519
20
0.1722458267716535
11
0.4561065354330708
21
0.1724527165354331
0
LINE
8
BLACK
6
CONTINUOUS
10
0.4561065354330708
20
0.1724527165354331
11
0.4523570078740157
21
0.1743274803149606
0
LINE
8
BLACK
6
CONTINUOUS
10
0.4523570078740157
20
0.1743274803149606
11
0.4521089763779527
21
0.1744835826771653
0
LINE
8
BLACK
6
CONTINUOUS
10
0.4521089763779527
20
0.1744835826771653
11
0.4520370472440945
21
0.1745133858267716
0
LINE
8
BLACK
6
CONTINUOUS
10
0.4520370472440945
20
0.1745133858267716
11
0.451956062992126
21
0.174579842519685
0
LINE
8
BLACK
6
CONTINUOUS
10
0.451956062992126
20
0.174579842519685
11
0.4518671259842519
21
0.1746358267716535
0
LINE
8
BLACK
6
CONTINUOUS
10
0.4518671259842519
20
0.1746358267716535
11
0.451815905511811
21
0.1746948818897638
0
LINE
8
BLACK
6
CONTINUOUS
10
0.451815905511811
20
0.1746948818897638
11
0.4515895669291338
21
0.1748806299212598
0
LINE
8
BLACK
6
CONTINUOUS
10
0.4515895669291338
20
0.1748806299212598
11
0.4497148031496063
21
0.1767554330708661
0
LINE
8
BLACK
6
CONTINUOUS
10
0.4497148031496063
20
0.1767554330708661
11
0.4495290551181102
21
0.1769817716535433
0
LINE
8
BLACK
6
CONTINUOUS
10
0.4495290551181102
20
0.1769817716535433
11
0.4494700787401575
21
0.1770329133858268
0
LINE
8
BLACK
6
CONTINUOUS
10
0.4494700787401575
20
0.1770329133858268
11
0.449414094488189
21
0.1771218503937008
0
LINE
8
BLACK
6
CONTINUOUS
10
0.449414094488189
20
0.1771218503937008
11
0.4493475984251968
21
0.177202874015748
0
LINE
8
BLACK
6
CONTINUOUS
10
0.4493475984251968
20
0.177202874015748
11
0.4493177559055118
21
0.1772749212598425
0
LINE
8
BLACK
6
CONTINUOUS
10
0.4493177559055118
20
0.1772749212598425
11
0.4491617322834646
21
0.1775227952755905
0
LINE
8
BLACK
6
CONTINUOUS
10
0.4491617322834646
20
0.1775227952755905
11
0.447286968503937
21
0.1812723228346457
0
LINE
8
BLACK
6
CONTINUOUS
10
0.447286968503937
20
0.1812723228346457
11
0.4470800787401575
21
0.1818129527559055
0
LINE
8
BLACK
6
CONTINUOUS
10
0.4470800787401575
20
0.1818129527559055
11
0.4470725590551181
21
0.1819187795275591
0
LINE
8
BLACK
6
CONTINUOUS
10
0.4470725590551181
20
0.1819187795275591
11
0.447031968503937
21
0.1820167716535433
0
LINE
8
BLACK
6
CONTINUOUS
10
0.447031968503937
20
0.1820167716535433
11
0.4469752362204724
21
0.1825928346456693
0
LINE
8
BLACK
6
CONTINUOUS
10
0.4469752362204724
20
0.1825928346456693
11
0.4469752362204724
21
0.1919666535433071
0
LINE
8
BLACK
6
CONTINUOUS
10
0.4469752362204724
20
0.1919666535433071
11
0.447031968503937
21
0.1925427165354331
0
LINE
8
BLACK
6
CONTINUOUS
10
0.447031968503937
20
0.1925427165354331
11
0.4470725590551181
21
0.1926407480314961
0
LINE
8
BLACK
6
CONTINUOUS
10
0.4470725590551181
20
0.1926407480314961
11
0.4470800787401575
21
0.1927465354330709
0
LINE
8
BLACK
6
CONTINUOUS
10
0.4470800787401575
20
0.1927465354330709
11
0.447286968503937
21
0.1932871653543307
0
LINE
8
BLACK
6
CONTINUOUS
10
0.447286968503937
20
0.1932871653543307
11
0.4491617322834646
21
0.1970366929133858
0
LINE
8
BLACK
6
CONTINUOUS
10
0.4491617322834646
20
0.1970366929133858
11
0.4493177952755905
21
0.1972847244094488
0
LINE
8
BLACK
6
CONTINUOUS
10
0.4493177952755905
20
0.1972847244094488
11
0.4493476377952756
21
0.1973566535433071
0
LINE
8
BLACK
6
CONTINUOUS
10
0.4493476377952756
20
0.1973566535433071
11
0.449414094488189
21
0.1974376377952756
0
LINE
8
BLACK
6
CONTINUOUS
10
0.449414094488189
20
0.1974376377952756
11
0.4494700787401575
21
0.1975265748031496
0
LINE
8
BLACK
6
CONTINUOUS
10
0.4494700787401575
20
0.1975265748031496
11
0.4495290551181102
21
0.1975777559055118
0
LINE
8
BLACK
6
CONTINUOUS
10
0.4495290551181102
20
0.1975777559055118
11
0.449714842519685
21
0.197804094488189
0
LINE
8
BLACK
6
CONTINUOUS
10
0.449714842519685
20
0.197804094488189
11
0.4515896062992126
21
0.1996788582677165
0
LINE
8
BLACK
6
CONTINUOUS
10
0.4515896062992126
20
0.1996788582677165
11
0.4518159448818898
21
0.1998646456692913
0
LINE
8
BLACK
6
CONTINUOUS
10
0.4518159448818898
20
0.1998646456692913
11
0.4518671259842519
21
0.1999236220472441
0
LINE
8
BLACK
6
CONTINUOUS
10
0.4518671259842519
20
0.1999236220472441
11
0.451956062992126
21
0.1999796062992126
0
LINE
8
BLACK
6
CONTINUOUS
10
0.451956062992126
20
0.1999796062992126
11
0.4520370472440945
21
0.200046062992126
0
LINE
8
BLACK
6
CONTINUOUS
10
0.4520370472440945
20
0.200046062992126
11
0.4521089763779527
21
0.200075905511811
0
LINE
8
BLACK
6
CONTINUOUS
10
0.4521089763779527
20
0.200075905511811
11
0.4523570078740157
21
0.200231968503937
0
LINE
8
BLACK
6
CONTINUOUS
10
0.4523570078740157
20
0.200231968503937
11
0.4561065354330708
21
0.2021067322834646
0
LINE
8
BLACK
6
CONTINUOUS
10
0.4561065354330708
20
0.2021067322834646
11
0.4566387007874015
21
0.2023104330708661
0
LINE
8
BLACK
6
CONTINUOUS
10
0.4566387007874015
20
0.2023104330708661
11
0.4477058267716535
21
0.2125194094488189
0
LINE
8
BLACK
6
CONTINUOUS
10
0.4477058267716535
20
0.2125194094488189
11
0.4475277952755906
21
0.2127684251968504
0
LINE
8
BLACK
6
CONTINUOUS
10
0.4475277952755906
20
0.2127684251968504
11
0.447472874015748
21
0.2128233464566929
0
LINE
8
BLACK
6
CONTINUOUS
10
0.447472874015748
20
0.2128233464566929
11
0.4474512598425197
21
0.2128754724409449
0
LINE
8
BLACK
6
CONTINUOUS
10
0.4474512598425197
20
0.2128754724409449
11
0.4473691732283465
21
0.2129903149606299
0
LINE
8
BLACK
6
CONTINUOUS
10
0.4473691732283465
20
0.2129903149606299
11
0.4472155511811023
21
0.2134445669291339
0
LINE
8
BLACK
6
CONTINUOUS
10
0.4472155511811023
20
0.2134445669291339
11
0.447031968503937
21
0.2138877559055118
0
LINE
8
BLACK
6
CONTINUOUS
10
0.447031968503937
20
0.2138877559055118
11
0.447031968503937
21
0.2139874015748031
0
LINE
8
BLACK
6
CONTINUOUS
10
0.447031968503937
20
0.2139874015748031
11
0.4470000787401575
21
0.2140816929133858
0
LINE
8
BLACK
6
CONTINUOUS
10
0.4470000787401575
20
0.2140816929133858
11
0.447031968503937
21
0.2145601968503937
0
LINE
8
BLACK
6
CONTINUOUS
10
0.447031968503937
20
0.2145601968503937
11
0.447031968503937
21
0.2150398818897638
0
LINE
8
BLACK
6
CONTINUOUS
10
0.447031968503937
20
0.2150398818897638
11
0.4470700393700787
21
0.2151318897637795
0
LINE
8
BLACK
6
CONTINUOUS
10
0.4470700393700787
20
0.2151318897637795
11
0.4470766929133858
21
0.2152312204724409
0
LINE
8
BLACK
6
CONTINUOUS
10
0.4470766929133858
20
0.2152312204724409
11
0.4472893700787401
21
0.2156613779527559
0
LINE
8
BLACK
6
CONTINUOUS
10
0.4472893700787401
20
0.2156613779527559
11
0.447472874015748
21
0.2161042913385827
0
LINE
8
BLACK
6
CONTINUOUS
10
0.447472874015748
20
0.2161042913385827
11
0.447543188976378
21
0.2161746456692913
0
LINE
8
BLACK
6
CONTINUOUS
10
0.447543188976378
20
0.2161746456692913
11
0.4475874015748031
21
0.2162639763779527
0
LINE
8
BLACK
6
CONTINUOUS
10
0.4475874015748031
20
0.2162639763779527
11
0.4479485039370079
21
0.2165799606299212
0
LINE
8
BLACK
6
CONTINUOUS
10
0.4479485039370079
20
0.2165799606299212
11
0.4482875196850394
21
0.216918937007874
0
LINE
8
BLACK
6
CONTINUOUS
10
0.4482875196850394
20
0.216918937007874
11
0.4483794881889764
21
0.2169570866141732
0
LINE
8
BLACK
6
CONTINUOUS
10
0.4483794881889764
20
0.2169570866141732
11
0.4484544881889764
21
0.2170226377952756
0
LINE
8
BLACK
6
CONTINUOUS
10
0.4484544881889764
20
0.2170226377952756
11
0.4489087007874016
21
0.2171762598425197
0
LINE
8
BLACK
6
CONTINUOUS
10
0.4489087007874016
20
0.2171762598425197
11
0.4493519291338582
21
0.217359842519685
0
LINE
8
BLACK
6
CONTINUOUS
10
0.4493519291338582
20
0.217359842519685
11
0.4494924803149606
21
0.2173737007874016
0
LINE
8
BLACK
6
CONTINUOUS
10
0.4494924803149606
20
0.2173737007874016
11
0.4495458661417323
21
0.2173917322834646
0
LINE
8
BLACK
6
CONTINUOUS
10
0.4495458661417323
20
0.2173917322834646
11
0.4496233070866142
21
0.2173865748031496
0
LINE
8
BLACK
6
CONTINUOUS
10
0.4496233070866142
20
0.2173865748031496
11
0.4499279921259842
21
0.2174165748031496
0
LINE
8
BLACK
6
CONTINUOUS
10
0.4499279921259842
20
0.2174165748031496
11
0.4742999212598425
21
0.2174165748031496
0
LINE
8
BLACK
6
CONTINUOUS
10
0.4742999212598425
20
0.2174165748031496
11
0.4748759842519685
21
0.217359842519685
0
LINE
8
BLACK
6
CONTINUOUS
10
0.5378076771653543
20
0.216918937007874
11
0.5386223228346456
21
0.2161042913385827
0
LINE
8
BLACK
6
CONTINUOUS
10
0.5386223228346456
20
0.2161042913385827
11
0.5390632283464567
21
0.2150398818897638
0
LINE
8
BLACK
6
CONTINUOUS
10
0.5390632283464567
20
0.2150398818897638
11
0.5391199606299213
21
0.2144638188976378
0
LINE
8
BLACK
6
CONTINUOUS
10
0.5391199606299213
20
0.2144638188976378
11
0.5391199606299213
21
0.1750937401574803
0
LINE
8
BLACK
6
CONTINUOUS
10
0.5391199606299213
20
0.1750937401574803
11
0.5390632283464567
21
0.1745176771653543
0
LINE
8
BLACK
6
CONTINUOUS
10
0.5390632283464567
20
0.1745176771653543
11
0.5386223228346456
21
0.1734532677165354
0
LINE
8
BLACK
6
CONTINUOUS
10
0.5386223228346456
20
0.1734532677165354
11
0.5378076771653543
21
0.1726386220472441
0
LINE
8
BLACK
6
CONTINUOUS
10
0.5378076771653543
20
0.1726386220472441
11
0.5367432677165355
21
0.1721977165354331
0
LINE
8
BLACK
6
CONTINUOUS
10
0.5367432677165355
20
0.1721977165354331
11
0.5361672047244095
21
0.1721409842519685
0
LINE
8
BLACK
6
CONTINUOUS
10
0.5361672047244095
20
0.1721409842519685
11
0.5174195669291338
21
0.1721409842519685
0
LINE
8
BLACK
6
CONTINUOUS
10
0.5174195669291338
20
0.1721409842519685
11
0.5168435039370078
21
0.1721977165354331
0
LINE
8
BLACK
6
CONTINUOUS
10
0.5168435039370078
20
0.1721977165354331
11
0.5157790944881889
21
0.1726386220472441
0
LINE
8
BLACK
6
CONTINUOUS
10
0.5157790944881889
20
0.1726386220472441
11
0.5149644488188976
21
0.1734532677165354
0
LINE
8
BLACK
6
CONTINUOUS
10
0.5149644488188976
20
0.1734532677165354
11
0.5145235433070866
21
0.1745176771653543
0
LINE
8
BLACK
6
CONTINUOUS
10
0.5145235433070866
20
0.1745176771653543
11
0.5145235433070866
21
0.1756698031496063
0
LINE
8
BLACK
6
CONTINUOUS
10
0.5145235433070866
20
0.1756698031496063
11
0.5149644488188976
21
0.1767342125984252
0
LINE
8
BLACK
6
CONTINUOUS
10
0.5149644488188976
20
0.1767342125984252
11
0.5157790944881889
21
0.1775488582677165
0
LINE
8
BLACK
6
CONTINUOUS
10
0.5157790944881889
20
0.1775488582677165
11
0.5168435039370078
21
0.1779897637795275
0
LINE
8
BLACK
6
CONTINUOUS
10
0.5168435039370078
20
0.1779897637795275
11
0.5174195669291338
21
0.1780464960629921
0
LINE
8
BLACK
6
CONTINUOUS
10
0.5174195669291338
20
0.1780464960629921
11
0.5332144488188977
21
0.1780464960629921
0
LINE
8
BLACK
6
CONTINUOUS
10
0.5332144488188977
20
0.1780464960629921
11
0.5332144488188977
21
0.2144638188976378
0
LINE
8
BLACK
6
CONTINUOUS
10
0.5332144488188977
20
0.2144638188976378
11
0.5332711811023622
21
0.2150398818897638
0
LINE
8
BLACK
6
CONTINUOUS
10
0.5332711811023622
20
0.2150398818897638
11
0.5337120866141732
21
0.2161042913385827
0
LINE
8
BLACK
6
CONTINUOUS
10
0.5337120866141732
20
0.2161042913385827
11
0.5345267322834646
21
0.216918937007874
0
LINE
8
BLACK
6
CONTINUOUS
10
0.5345267322834646
20
0.216918937007874
11
0.5355911417322835
21
0.217359842519685
0
LINE
8
BLACK
6
CONTINUOUS
10
0.5355911417322835
20
0.217359842519685
11
0.5367432677165355
21
0.217359842519685
0
LINE
8
BLACK
6
CONTINUOUS
10
0.5367432677165355
20
0.217359842519685
11
0.5378076771653543
21
0.216918937007874
0
LINE
8
BLACK
6
CONTINUOUS
10
0.2030349606299213
20
0.217359842519685
11
0.2040993700787402
21
0.216918937007874
0
LINE
8
BLACK
6
CONTINUOUS
10
0.2040993700787402
20
0.216918937007874
11
0.2049140157480315
21
0.2161042913385827
0
LINE
8
BLACK
6
CONTINUOUS
10
0.2049140157480315
20
0.2161042913385827
11
0.2053549212598425
21
0.2150398818897638
0
LINE
8
BLACK
6
CONTINUOUS
10
0.2053549212598425
20
0.2150398818897638
11
0.2054116535433071
21
0.2144638188976378
0
LINE
8
BLACK
6
CONTINUOUS
10
0.2054116535433071
20
0.2144638188976378
11
0.2054116535433071
21
0.1750937401574803
0
LINE
8
BLACK
6
CONTINUOUS
10
0.2054116535433071
20
0.1750937401574803
11
0.2053549212598425
21
0.1745176771653543
0
LINE
8
BLACK
6
CONTINUOUS
10
0.2053549212598425
20
0.1745176771653543
11
0.2049140157480315
21
0.1734532677165354
0
LINE
8
BLACK
6
CONTINUOUS
10
0.2049140157480315
20
0.1734532677165354
11
0.2040993700787402
21
0.1726386220472441
0
LINE
8
BLACK
6
CONTINUOUS
10
0.2040993700787402
20
0.1726386220472441
11
0.2030349606299213
21
0.1721977165354331
0
LINE
8
BLACK
6
CONTINUOUS
10
0.2030349606299213
20
0.1721977165354331
11
0.2018828346456693
21
0.1721977165354331
0
LINE
8
BLACK
6
CONTINUOUS
10
0.2018828346456693
20
0.1721977165354331
11
0.2008184251968504
21
0.1726386220472441
0
LINE
8
BLACK
6
CONTINUOUS
10
0.2008184251968504
20
0.1726386220472441
11
0.200003779527559
21
0.1734532677165354
0
LINE
8
BLACK
6
CONTINUOUS
10
0.200003779527559
20
0.1734532677165354
11
0.199562874015748
21
0.1745176771653543
0
LINE
8
BLACK
6
CONTINUOUS
10
0.199562874015748
20
0.1745176771653543
11
0.1995061417322835
21
0.1750937401574803
0
LINE
8
BLACK
6
CONTINUOUS
10
0.1995061417322835
20
0.1750937401574803
11
0.1995061417322835
21
0.1908886614173228
0
LINE
8
BLACK
6
CONTINUOUS
10
0.1995061417322835
20
0.1908886614173228
11
0.1946224409448819
21
0.1908886614173228
0
LINE
8
BLACK
6
CONTINUOUS
10
0.1946224409448819
20
0.1908886614173228
11
0.1823807086614173
21
0.1734004330708661
0
LINE
8
BLACK
6
CONTINUOUS
10
0.1823807086614173
20
0.1734004330708661
11
0.1820038976377953
21
0.172961062992126
0
LINE
8
BLACK
6
CONTINUOUS
10
0.1820038976377953
20
0.172961062992126
11
0.1810322834645669
21
0.1723418897637795
0
LINE
8
BLACK
6
CONTINUOUS
10
0.1810322834645669
20
0.1723418897637795
11
0.1798977559055118
21
0.1721416929133858
0
LINE
8
BLACK
6
CONTINUOUS
10
0.1798977559055118
20
0.1721416929133858
11
0.1787729133858268
21
0.1723908661417323
0
LINE
8
BLACK
6
CONTINUOUS
10
0.1787729133858268
20
0.1723908661417323
11
0.1778290551181102
21
0.1730515748031496
0
LINE
8
BLACK
6
CONTINUOUS
10
0.1778290551181102
20
0.1730515748031496
11
0.1772098818897638
21
0.1740231889763779
0
LINE
8
BLACK
6
CONTINUOUS
10
0.1772098818897638
20
0.1740231889763779
11
0.1770096850393701
21
0.1751577165354331
0
LINE
8
BLACK
6
CONTINUOUS
10
0.1770096850393701
20
0.1751577165354331
11
0.1772588582677165
21
0.1762825590551181
0
LINE
8
BLACK
6
CONTINUOUS
10
0.1772588582677165
20
0.1762825590551181
11
0.1775427559055118
21
0.1767870472440945
0
LINE
8
BLACK
6
CONTINUOUS
10
0.1775427559055118
20
0.1767870472440945
11
0.1874168897637795
21
0.1908929921259842
0
LINE
8
BLACK
6
CONTINUOUS
10
0.1874168897637795
20
0.1908929921259842
11
0.1868847244094488
21
0.1909453937007874
0
LINE
8
BLACK
6
CONTINUOUS
10
0.1868847244094488
20
0.1909453937007874
11
0.1867867322834646
21
0.1909859842519685
0
LINE
8
BLACK
6
CONTINUOUS
10
0.1867867322834646
20
0.1909859842519685
11
0.1866808661417323
21
0.1909935039370079
0
LINE
8
BLACK
6
CONTINUOUS
10
0.1866808661417323
20
0.1909935039370079
11
0.1861402755905512
21
0.1912003937007874
0
LINE
8
BLACK
6
CONTINUOUS
10
0.1861402755905512
20
0.1912003937007874
11
0.182390748031496
21
0.193075157480315
0
LINE
8
BLACK
6
CONTINUOUS
10
0.182390748031496
20
0.193075157480315
11
0.1821427165354331
21
0.1932312598425197
0
LINE
8
BLACK
6
CONTINUOUS
10
0.1821427165354331
20
0.1932312598425197
11
0.1820707874015748
21
0.193261062992126
0
LINE
8
BLACK
6
CONTINUOUS
10
0.1820707874015748
20
0.193261062992126
11
0.1819898031496063
21
0.1933275590551181
0
LINE
8
BLACK
6
CONTINUOUS
10
0.1819898031496063
20
0.1933275590551181
11
0.1819008661417323
21
0.1933835039370079
0
LINE
8
BLACK
6
CONTINUOUS
10
0.1819008661417323
20
0.1933835039370079
11
0.1818496850393701
21
0.1934425196850394
0
LINE
8
BLACK
6
CONTINUOUS
10
0.1818496850393701
20
0.1934425196850394
11
0.1816233464566929
21
0.1936282677165354
0
LINE
8
BLACK
6
CONTINUOUS
10
0.1816233464566929
20
0.1936282677165354
11
0.1797485826771653
21
0.195503031496063
0
LINE
8
BLACK
6
CONTINUOUS
10
0.1797485826771653
20
0.195503031496063
11
0.1795627952755905
21
0.1957294094488189
0
LINE
8
BLACK
6
CONTINUOUS
10
0.1795627952755905
20
0.1957294094488189
11
0.1795038188976378
21
0.1957805511811024
0
LINE
8
BLACK
6
CONTINUOUS
10
0.1795038188976378
20
0.1957805511811024
11
0.1794478346456693
21
0.1958695275590551
0
LINE
8
BLACK
6
CONTINUOUS
10
0.1794478346456693
20
0.1958695275590551
11
0.1793813779527559
21
0.1959504724409449
0
LINE
8
BLACK
6
CONTINUOUS
10
0.1793813779527559
20
0.1959504724409449
11
0.1793515354330709
21
0.1960224409448819
0
LINE
8
BLACK
6
CONTINUOUS
10
0.1793515354330709
20
0.1960224409448819
11
0.1791954724409449
21
0.1962704330708661
0
LINE
8
BLACK
6
CONTINUOUS
10
0.1791954724409449
20
0.1962704330708661
11
0.1773207086614173
21
0.2000199606299213
0
LINE
8
BLACK
6
CONTINUOUS
10
0.1773207086614173
20
0.2000199606299213
11
0.1771138188976378
21
0.2005605905511811
0
LINE
8
BLACK
6
CONTINUOUS
10
0.1771138188976378
20
0.2005605905511811
11
0.1771062992125984
21
0.2006664173228346
0
LINE
8
BLACK
6
CONTINUOUS
10
0.1771062992125984
20
0.2006664173228346
11
0.1770657086614173
21
0.2007644094488189
0
LINE
8
BLACK
6
CONTINUOUS
10
0.1770657086614173
20
0.2007644094488189
11
0.1770089763779528
21
0.2013404724409449
0
LINE
8
BLACK
6
CONTINUOUS
10
0.1770089763779528
20
0.2013404724409449
11
0.1770089763779528
21
0.2069647637795275
0
LINE
8
BLACK
6
CONTINUOUS
10
0.1770089763779528
20
0.2069647637795275
11
0.1770657086614173
21
0.2075408267716535
0
LINE
8
BLACK
6
CONTINUOUS
10
0.1770657086614173
20
0.2075408267716535
11
0.1771062992125984
21
0.2076388582677165
0
LINE
8
BLACK
6
CONTINUOUS
10
0.1771062992125984
20
0.2076388582677165
11
0.1771138188976378
21
0.2077446456692913
0
LINE
8
BLACK
6
CONTINUOUS
10
0.1771138188976378
20
0.2077446456692913
11
0.1773207086614173
21
0.2082852755905512
0
LINE
8
BLACK
6
CONTINUOUS
10
0.1773207086614173
20
0.2082852755905512
11
0.1791954724409449
21
0.2120348031496063
0
LINE
8
BLACK
6
CONTINUOUS
10
0.1791954724409449
20
0.2120348031496063
11
0.1793515354330709
21
0.2122828346456693
0
LINE
8
BLACK
6
CONTINUOUS
10
0.1793515354330709
20
0.2122828346456693
11
0.1793813779527559
21
0.2123547637795276
0
LINE
8
BLACK
6
CONTINUOUS
10
0.1793813779527559
20
0.2123547637795276
11
0.1794478346456693
21
0.2124357480314961
0
LINE
8
BLACK
6
CONTINUOUS
10
0.1794478346456693
20
0.2124357480314961
11
0.1795038188976378
21
0.2125246850393701
0
LINE
8
BLACK
6
CONTINUOUS
10
0.1795038188976378
20
0.2125246850393701
11
0.1795627952755905
21
0.2125758661417323
0
LINE
8
BLACK
6
CONTINUOUS
10
0.1795627952755905
20
0.2125758661417323
11
0.1797485826771653
21
0.2128022047244094
0
LINE
8
BLACK
6
CONTINUOUS
10
0.1797485826771653
20
0.2128022047244094
11
0.1816233464566929
21
0.214676968503937
0
LINE
8
BLACK
6
CONTINUOUS
10
0.1816233464566929
20
0.214676968503937
11
0.1818496850393701
21
0.2148627559055118
0
LINE
8
BLACK
6
CONTINUOUS
10
0.1818496850393701
20
0.2148627559055118
11
0.1819008661417323
21
0.2149217322834646
0
LINE
8
BLACK
6
CONTINUOUS
10
0.1819008661417323
20
0.2149217322834646
11
0.1819898031496063
21
0.2149777165354331
0
LINE
8
BLACK
6
CONTINUOUS
10
0.1819898031496063
20
0.2149777165354331
11
0.1820707874015748
21
0.2150441732283465
0
LINE
8
BLACK
6
CONTINUOUS
10
0.1820707874015748
20
0.2150441732283465
11
0.1821427165354331
21
0.2150740157480315
0
LINE
8
BLACK
6
CONTINUOUS
10
0.1821427165354331
20
0.2150740157480315
11
0.182390748031496
21
0.2152300787401575
0
LINE
8
BLACK
6
CONTINUOUS
10
0.182390748031496
20
0.2152300787401575
11
0.1861402755905512
21
0.217104842519685
0
LINE
8
BLACK
6
CONTINUOUS
10
0.1861402755905512
20
0.217104842519685
11
0.1866808661417323
21
0.2173117322834646
0
LINE
8
BLACK
6
CONTINUOUS
10
0.1866808661417323
20
0.2173117322834646
11
0.1867867322834646
21
0.2173192913385827
0
LINE
8
BLACK
6
CONTINUOUS
10
0.1867867322834646
20
0.2173192913385827
11
0.1868847244094488
21
0.217359842519685
0
LINE
8
BLACK
6
CONTINUOUS
10
0.1868847244094488
20
0.217359842519685
11
0.1874607874015748
21
0.2174165748031496
0
LINE
8
BLACK
6
CONTINUOUS
10
0.1874607874015748
20
0.2174165748031496
11
0.2024588976377953
21
0.2174165748031496
0
LINE
8
BLACK
6
CONTINUOUS
10
0.2024588976377953
20
0.2174165748031496
11
0.2030349606299213
21
0.217359842519685
0
LINE
8
BLACK
6
CONTINUOUS
10
0.1854603543307086
20
0.2101623228346457
11
0.1842632283464567
21
0.2089651968503937
0
LINE
8
BLACK
6
CONTINUOUS
10
0.1842632283464567
20
0.2089651968503937
11
0.1829144881889764
21
0.2062677165354331
0
LINE
8
BLACK
6
CONTINUOUS
10
0.1829144881889764
20
0.2062677165354331
11
0.1829144881889764
21
0.2020375196850394
0
LINE
8
BLACK
6
CONTINUOUS
10
0.1829144881889764
20
0.2020375196850394
11
0.1842632283464567
21
0.1993400393700787
0
LINE
8
BLACK
6
CONTINUOUS
10
0.1842632283464567
20
0.1993400393700787
11
0.1854603543307086
21
0.1981429133858268
0
LINE
8
BLACK
6
CONTINUOUS
10
0.1854603543307086
20
0.1981429133858268
11
0.1881578346456693
21
0.1967941732283464
0
LINE
8
BLACK
6
CONTINUOUS
10
0.1881578346456693
20
0.1967941732283464
11
0.1995061417322835
21
0.1967941732283464
0
LINE
8
BLACK
6
CONTINUOUS
10
0.1995061417322835
20
0.1967941732283464
11
0.1995061417322835
21
0.211511062992126
0
LINE
8
BLACK
6
CONTINUOUS
10
0.1995061417322835
20
0.211511062992126
11
0.1881578346456693
21
0.211511062992126
0
LINE
8
BLACK
6
CONTINUOUS
10
0.1881578346456693
20
0.211511062992126
11
0.1854603543307086
21
0.2101623228346457
0
LINE
8
BLACK
6
CONTINUOUS
10
0.2209722834645669
20
0.216918937007874
11
0.2214197244094488
21
0.2165517322834646
0
LINE
8
BLACK
6
CONTINUOUS
10
0.2214197244094488
20
0.2165517322834646
11
0.2388762204724409
21
0.1990952362204724
0
LINE
8
BLACK
6
CONTINUOUS
10
0.2388762204724409
20
0.1990952362204724
11
0.2388762204724409
21
0.2144638188976378
0
LINE
8
BLACK
6
CONTINUOUS
10
0.2388762204724409
20
0.2144638188976378
11
0.2389329527559055
21
0.2150398818897638
0
LINE
8
BLACK
6
CONTINUOUS
10
0.2389329527559055
20
0.2150398818897638
11
0.2393738582677165
21
0.2161042913385827
0
LINE
8
BLACK
6
CONTINUOUS
10
0.2393738582677165
20
0.2161042913385827
11
0.2401885039370079
21
0.216918937007874
0
LINE
8
BLACK
6
CONTINUOUS
10
0.2401885039370079
20
0.216918937007874
11
0.2412529133858268
21
0.217359842519685
0
LINE
8
BLACK
6
CONTINUOUS
10
0.2412529133858268
20
0.217359842519685
11
0.2424050393700787
21
0.217359842519685
0
LINE
8
BLACK
6
CONTINUOUS
10
0.2424050393700787
20
0.217359842519685
11
0.2434694488188976
21
0.216918937007874
0
LINE
8
BLACK
6
CONTINUOUS
10
0.2434694488188976
20
0.216918937007874
11
0.244284094488189
21
0.2161042913385827
0
LINE
8
BLACK
6
CONTINUOUS
10
0.244284094488189
20
0.2161042913385827
11
0.244725
21
0.2150398818897638
0
LINE
8
BLACK
6
CONTINUOUS
10
0.244725
20
0.2150398818897638
11
0.2447817322834646
21
0.2144638188976378
0
LINE
8
BLACK
6
CONTINUOUS
10
0.2447817322834646
20
0.2144638188976378
11
0.2447817322834646
21
0.1750937401574803
0
LINE
8
BLACK
6
CONTINUOUS
10
0.2447817322834646
20
0.1750937401574803
11
0.244725
21
0.1745176771653543
0
LINE
8
BLACK
6
CONTINUOUS
10
0.244725
20
0.1745176771653543
11
0.244284094488189
21
0.1734532677165354
0
LINE
8
BLACK
6
CONTINUOUS
10
0.244284094488189
20
0.1734532677165354
11
0.2434694488188976
21
0.1726386220472441
0
LINE
8
BLACK
6
CONTINUOUS
10
0.2434694488188976
20
0.1726386220472441
11
0.2424050393700787
21
0.1721977165354331
0
LINE
8
BLACK
6
CONTINUOUS
10
0.2424050393700787
20
0.1721977165354331
11
0.2412529133858268
21
0.1721977165354331
0
LINE
8
BLACK
6
CONTINUOUS
10
0.2412529133858268
20
0.1721977165354331
11
0.2401885039370079
21
0.1726386220472441
0
LINE
8
BLACK
6
CONTINUOUS
10
0.2401885039370079
20
0.1726386220472441
11
0.2393738582677165
21
0.1734532677165354
0
LINE
8
BLACK
6
CONTINUOUS
10
0.2393738582677165
20
0.1734532677165354
11
0.2389329527559055
21
0.1745176771653543
0
LINE
8
BLACK
6
CONTINUOUS
10
0.2389329527559055
20
0.1745176771653543
11
0.2388762204724409
21
0.1750937401574803
0
LINE
8
BLACK
6
CONTINUOUS
10
0.2388762204724409
20
0.1750937401574803
11
0.2388762204724409
21
0.1907435826771653
0
LINE
8
BLACK
6
CONTINUOUS
10
0.2388762204724409
20
0.1907435826771653
11
0.2365241338582677
21
0.1930956692913386
0
LINE
8
BLACK
6
CONTINUOUS
10
0.2365241338582677
20
0.1930956692913386
11
0.2216940157480315
21
0.1733220866141732
0
LINE
8
BLACK
6
CONTINUOUS
10
0.2216940157480315
20
0.1733220866141732
11
0.2213029921259843
21
0.1728952755905512
0
LINE
8
BLACK
6
CONTINUOUS
10
0.2213029921259843
20
0.1728952755905512
11
0.2203116141732283
21
0.1723083070866142
0
LINE
8
BLACK
6
CONTINUOUS
10
0.2203116141732283
20
0.1723083070866142
11
0.2191711023622047
21
0.1721453543307087
0
LINE
8
BLACK
6
CONTINUOUS
10
0.2191711023622047
20
0.1721453543307087
11
0.2180550393700787
21
0.1724312992125984
0
LINE
8
BLACK
6
CONTINUOUS
10
0.2180550393700787
20
0.1724312992125984
11
0.2171333464566929
21
0.1731225590551181
0
LINE
8
BLACK
6
CONTINUOUS
10
0.2171333464566929
20
0.1731225590551181
11
0.2165463779527559
21
0.174113937007874
0
LINE
8
BLACK
6
CONTINUOUS
10
0.2165463779527559
20
0.174113937007874
11
0.2163834251968504
21
0.1752544488188976
0
LINE
8
BLACK
6
CONTINUOUS
10
0.2163834251968504
20
0.1752544488188976
11
0.2166693700787402
21
0.1763705118110236
0
LINE
8
BLACK
6
CONTINUOUS
10
0.2166693700787402
20
0.1763705118110236
11
0.2169696062992126
21
0.1768653937007874
0
LINE
8
BLACK
6
CONTINUOUS
10
0.2169696062992126
20
0.1768653937007874
11
0.232305905511811
21
0.1973138976377953
0
LINE
8
BLACK
6
CONTINUOUS
10
0.232305905511811
20
0.1973138976377953
11
0.2172438976377953
21
0.212375905511811
0
LINE
8
BLACK
6
CONTINUOUS
10
0.2172438976377953
20
0.212375905511811
11
0.2168766929133858
21
0.2128233464566929
0
LINE
8
BLACK
6
CONTINUOUS
10
0.2168766929133858
20
0.2128233464566929
11
0.2164357874015748
21
0.2138877952755905
0
LINE
8
BLACK
6
CONTINUOUS
10
0.2164357874015748
20
0.2138877952755905
11
0.2164357874015748
21
0.215039842519685
0
LINE
8
BLACK
6
CONTINUOUS
10
0.2164357874015748
20
0.215039842519685
11
0.2168766929133858
21
0.2161042913385827
0
LINE
8
BLACK
6
CONTINUOUS
10
0.2168766929133858
20
0.2161042913385827
11
0.2176913385826772
21
0.216918937007874
0
LINE
8
BLACK
6
CONTINUOUS
10
0.2176913385826772
20
0.216918937007874
11
0.2187557874015748
21
0.217359842519685
0
LINE
8
BLACK
6
CONTINUOUS
10
0.2187557874015748
20
0.217359842519685
11
0.2199078346456693
21
0.217359842519685
0
LINE
8
BLACK
6
CONTINUOUS
10
0.2199078346456693
20
0.217359842519685
11
0.2209722834645669
21
0.216918937007874
0
LINE
8
BLACK
6
CONTINUOUS
10
0.5113827559055119
20
0.2170290551181102
11
0.5122531496062992
21
0.2162741732283464
0
LINE
8
BLACK
6
CONTINUOUS
10
0.5122531496062992
20
0.2162741732283464
11
0.5127683464566929
21
0.2152437007874016
0
LINE
8
BLACK
6
CONTINUOUS
10
0.5127683464566929
20
0.2152437007874016
11
0.5128500393700788
21
0.2140944881889764
0
LINE
8
BLACK
6
CONTINUOUS
10
0.5128500393700788
20
0.2140944881889764
11
0.5127216929133858
21
0.2135300787401575
0
LINE
8
BLACK
6
CONTINUOUS
10
0.5127216929133858
20
0.2135300787401575
11
0.4995983464566929
21
0.17416
0
LINE
8
BLACK
6
CONTINUOUS
10
0.4995983464566929
20
0.17416
11
0.4993623622047244
21
0.1736314173228346
0
LINE
8
BLACK
6
CONTINUOUS
10
0.4993623622047244
20
0.1736314173228346
11
0.4992240944881889
21
0.1734720472440945
0
LINE
8
BLACK
6
CONTINUOUS
10
0.4992240944881889
20
0.1734720472440945
11
0.4991298031496063
21
0.1732833858267717
0
LINE
8
BLACK
6
CONTINUOUS
10
0.4991298031496063
20
0.1732833858267717
11
0.4988501181102362
21
0.1730408267716535
0
LINE
8
BLACK
6
CONTINUOUS
10
0.4988501181102362
20
0.1730408267716535
11
0.4986074803149606
21
0.172761062992126
0
LINE
8
BLACK
6
CONTINUOUS
10
0.4986074803149606
20
0.172761062992126
11
0.4984187401574803
21
0.1726667322834646
0
LINE
8
BLACK
6
CONTINUOUS
10
0.4984187401574803
20
0.1726667322834646
11
0.4982594094488189
21
0.1725285039370079
0
LINE
8
BLACK
6
CONTINUOUS
10
0.4982594094488189
20
0.1725285039370079
11
0.4979081496062992
21
0.1724114566929134
0
LINE
8
BLACK
6
CONTINUOUS
10
0.4979081496062992
20
0.1724114566929134
11
0.4975770472440945
21
0.1722458661417323
0
LINE
8
BLACK
6
CONTINUOUS
10
0.4975770472440945
20
0.1722458661417323
11
0.4973666141732284
21
0.1722309448818898
0
LINE
8
BLACK
6
CONTINUOUS
10
0.4973666141732284
20
0.1722309448818898
11
0.4971664173228346
21
0.1721641732283465
0
LINE
8
BLACK
6
CONTINUOUS
10
0.4971664173228346
20
0.1721641732283465
11
0.496797125984252
21
0.1721904330708662
0
LINE
8
BLACK
6
CONTINUOUS
10
0.496797125984252
20
0.1721904330708662
11
0.4964278346456693
21
0.1721641732283465
0
LINE
8
BLACK
6
CONTINUOUS
10
0.4964278346456693
20
0.1721641732283465
11
0.4962275984251968
21
0.1722309448818898
0
LINE
8
BLACK
6
CONTINUOUS
10
0.4962275984251968
20
0.1722309448818898
11
0.4960172047244094
21
0.1722458661417323
0
LINE
8
BLACK
6
CONTINUOUS
10
0.4960172047244094
20
0.1722458661417323
11
0.4956861811023622
21
0.1724114173228346
0
LINE
8
BLACK
6
CONTINUOUS
10
0.4956861811023622
20
0.1724114173228346
11
0.4953348031496063
21
0.1725285039370079
0
LINE
8
BLACK
6
CONTINUOUS
10
0.4953348031496063
20
0.1725285039370079
11
0.4951753149606299
21
0.1726668503937008
0
LINE
8
BLACK
6
CONTINUOUS
10
0.4951753149606299
20
0.1726668503937008
11
0.4949867716535433
21
0.1727611023622047
0
LINE
8
BLACK
6
CONTINUOUS
10
0.4949867716535433
20
0.1727611023622047
11
0.4947442913385827
21
0.1730406692913386
0
LINE
8
BLACK
6
CONTINUOUS
10
0.4947442913385827
20
0.1730406692913386
11
0.4944644488188976
21
0.1732833858267717
0
LINE
8
BLACK
6
CONTINUOUS
10
0.4944644488188976
20
0.1732833858267717
11
0.4943700787401575
21
0.173472125984252
0
LINE
8
BLACK
6
CONTINUOUS
10
0.4943700787401575
20
0.173472125984252
11
0.4942318897637795
21
0.1736314566929134
0
LINE
8
BLACK
6
CONTINUOUS
10
0.4942318897637795
20
0.1736314566929134
11
0.493995905511811
21
0.17416
0
LINE
8
BLACK
6
CONTINUOUS
10
0.493995905511811
20
0.17416
11
0.4808725590551181
21
0.2135300787401575
0
LINE
8
BLACK
6
CONTINUOUS
10
0.4808725590551181
20
0.2135300787401575
11
0.4807442125984252
21
0.2140945275590551
0
LINE
8
BLACK
6
CONTINUOUS
10
0.4807442125984252
20
0.2140945275590551
11
0.480825905511811
21
0.2152437401574803
0
LINE
8
BLACK
6
CONTINUOUS
10
0.480825905511811
20
0.2152437401574803
11
0.4813411023622047
21
0.2162741732283464
0
LINE
8
BLACK
6
CONTINUOUS
10
0.4813411023622047
20
0.2162741732283464
11
0.4822114566929134
21
0.2170290551181102
0
LINE
8
BLACK
6
CONTINUOUS
10
0.4822114566929134
20
0.2170290551181102
11
0.4833044881889764
21
0.2173933858267716
0
LINE
8
BLACK
6
CONTINUOUS
10
0.4833044881889764
20
0.2173933858267716
11
0.4844537007874016
21
0.2173116929133858
0
LINE
8
BLACK
6
CONTINUOUS
10
0.4844537007874016
20
0.2173116929133858
11
0.4854841338582677
21
0.2167964960629921
0
LINE
8
BLACK
6
CONTINUOUS
10
0.4854841338582677
20
0.2167964960629921
11
0.4862390157480315
21
0.2159261417322835
0
LINE
8
BLACK
6
CONTINUOUS
10
0.4862390157480315
20
0.2159261417322835
11
0.486475
21
0.2153975590551181
0
LINE
8
BLACK
6
CONTINUOUS
10
0.486475
20
0.2153975590551181
11
0.496797125984252
21
0.1844311811023622
0
LINE
8
BLACK
6
CONTINUOUS
10
0.496797125984252
20
0.1844311811023622
11
0.5071192519685039
21
0.2153975590551181
0
LINE
8
BLACK
6
CONTINUOUS
10
0.5071192519685039
20
0.2153975590551181
11
0.5073552362204724
21
0.2159261023622047
0
LINE
8
BLACK
6
CONTINUOUS
10
0.5073552362204724
20
0.2159261023622047
11
0.5081101181102362
21
0.2167964566929134
0
LINE
8
BLACK
6
CONTINUOUS
10
0.5081101181102362
20
0.2167964566929134
11
0.5091405511811024
21
0.2173116929133858
0
LINE
8
BLACK
6
CONTINUOUS
10
0.5091405511811024
20
0.2173116929133858
11
0.5102897637795275
21
0.2173933858267716
0
LINE
8
BLACK
6
CONTINUOUS
10
0.5102897637795275
20
0.2173933858267716
11
0.5113827559055119
21
0.2170290551181102
0
LINE
8
BLACK
6
CONTINUOUS
10
0.3513453149606299
20
0.2191864566929134
11
0.3523757480314961
21
0.2186712598425197
0
LINE
8
BLACK
6
CONTINUOUS
10
0.3523757480314961
20
0.2186712598425197
11
0.3531306299212598
21
0.217800905511811
0
LINE
8
BLACK
6
CONTINUOUS
10
0.3531306299212598
20
0.217800905511811
11
0.3533666141732283
21
0.2172723228346457
0
LINE
8
BLACK
6
CONTINUOUS
10
0.3533666141732283
20
0.2172723228346457
11
0.3627404330708661
21
0.189150905511811
0
LINE
8
BLACK
6
CONTINUOUS
10
0.3627404330708661
20
0.189150905511811
11
0.3628053543307087
21
0.1888652755905512
0
LINE
8
BLACK
6
CONTINUOUS
10
0.3628053543307087
20
0.1888652755905512
11
0.3628352362204724
21
0.188793188976378
0
LINE
8
BLACK
6
CONTINUOUS
10
0.3628352362204724
20
0.188793188976378
11
0.3628352362204724
21
0.1887339763779528
0
LINE
8
BLACK
6
CONTINUOUS
10
0.3628352362204724
20
0.1887339763779528
11
0.362868779527559
21
0.1885864566929134
0
LINE
8
BLACK
6
CONTINUOUS
10
0.362868779527559
20
0.1885864566929134
11
0.3628352362204724
21
0.1881146062992126
0
LINE
8
BLACK
6
CONTINUOUS
10
0.3628352362204724
20
0.1881146062992126
11
0.3628352362204724
21
0.187641062992126
0
LINE
8
BLACK
6
CONTINUOUS
10
0.3628352362204724
20
0.187641062992126
11
0.3627945669291339
21
0.1875429921259842
0
LINE
8
BLACK
6
CONTINUOUS
10
0.3627945669291339
20
0.1875429921259842
11
0.3627870866141732
21
0.1874372440944882
0
LINE
8
BLACK
6
CONTINUOUS
10
0.3627870866141732
20
0.1874372440944882
11
0.3625755118110236
21
0.1870141338582677
0
LINE
8
BLACK
6
CONTINUOUS
10
0.3625755118110236
20
0.1870141338582677
11
0.3623943307086614
21
0.1865766535433071
0
LINE
8
BLACK
6
CONTINUOUS
10
0.3623943307086614
20
0.1865766535433071
11
0.3623192913385826
21
0.1865016535433071
0
LINE
8
BLACK
6
CONTINUOUS
10
0.3623192913385826
20
0.1865016535433071
11
0.3622718897637795
21
0.1864067716535433
0
LINE
8
BLACK
6
CONTINUOUS
10
0.3622718897637795
20
0.1864067716535433
11
0.3619144094488189
21
0.1860967716535433
0
LINE
8
BLACK
6
CONTINUOUS
10
0.3619144094488189
20
0.1860967716535433
11
0.36157968503937
21
0.1857620078740158
0
LINE
8
BLACK
6
CONTINUOUS
10
0.36157968503937
20
0.1857620078740158
11
0.3614816141732283
21
0.1857214173228346
0
LINE
8
BLACK
6
CONTINUOUS
10
0.3614816141732283
20
0.1857214173228346
11
0.3614014960629921
21
0.1856518897637795
0
LINE
8
BLACK
6
CONTINUOUS
10
0.3614014960629921
20
0.1856518897637795
11
0.3609526377952756
21
0.1855022834645669
0
LINE
8
BLACK
6
CONTINUOUS
10
0.3609526377952756
20
0.1855022834645669
11
0.3605152755905512
21
0.1853211023622047
0
LINE
8
BLACK
6
CONTINUOUS
10
0.3605152755905512
20
0.1853211023622047
11
0.3603646062992126
21
0.1853062992125984
0
LINE
8
BLACK
6
CONTINUOUS
10
0.3603646062992126
20
0.1853062992125984
11
0.3603085039370079
21
0.1852875590551181
0
LINE
8
BLACK
6
CONTINUOUS
10
0.3603085039370079
20
0.1852875590551181
11
0.3602307480314961
21
0.1852931102362205
0
LINE
8
BLACK
6
CONTINUOUS
10
0.3602307480314961
20
0.1852931102362205
11
0.3599392125984252
21
0.1852643700787402
0
LINE
8
BLACK
6
CONTINUOUS
10
0.3599392125984252
20
0.1852643700787402
11
0.3441443307086614
21
0.1852643700787402
0
LINE
8
BLACK
6
CONTINUOUS
10
0.3441443307086614
20
0.1852643700787402
11
0.3441443307086614
21
0.1750937401574803
0
LINE
8
BLACK
6
CONTINUOUS
10
0.3441443307086614
20
0.1750937401574803
11
0.3440875984251968
21
0.1745176771653543
0
LINE
8
BLACK
6
CONTINUOUS
10
0.3440875984251968
20
0.1745176771653543
11
0.3436466929133858
21
0.1734532677165354
0
LINE
8
BLACK
6
CONTINUOUS
10
0.3436466929133858
20
0.1734532677165354
11
0.3428320472440945
21
0.1726386220472441
0
LINE
8
BLACK
6
CONTINUOUS
10
0.3428320472440945
20
0.1726386220472441
11
0.3417676377952756
21
0.1721977165354331
0
LINE
8
BLACK
6
CONTINUOUS
10
0.3417676377952756
20
0.1721977165354331
11
0.3406155118110236
21
0.1721977165354331
0
LINE
8
BLACK
6
CONTINUOUS
10
0.3406155118110236
20
0.1721977165354331
11
0.3395511023622047
21
0.1726386220472441
0
LINE
8
BLACK
6
CONTINUOUS
10
0.3395511023622047
20
0.1726386220472441
11
0.3387364566929134
21
0.1734532677165354
0
LINE
8
BLACK
6
CONTINUOUS
10
0.3387364566929134
20
0.1734532677165354
11
0.3382955511811023
21
0.1745176771653543
0
LINE
8
BLACK
6
CONTINUOUS
10
0.3382955511811023
20
0.1745176771653543
11
0.3382388188976378
21
0.1750937401574803
0
LINE
8
BLACK
6
CONTINUOUS
10
0.3382388188976378
20
0.1750937401574803
11
0.3382388188976378
21
0.1852643700787402
0
LINE
8
BLACK
6
CONTINUOUS
10
0.3382388188976378
20
0.1852643700787402
11
0.3355672834645669
21
0.1852643700787402
0
LINE
8
BLACK
6
CONTINUOUS
10
0.3355672834645669
20
0.1852643700787402
11
0.334991220472441
21
0.1853211023622047
0
LINE
8
BLACK
6
CONTINUOUS
10
0.334991220472441
20
0.1853211023622047
11
0.333926811023622
21
0.1857620078740158
0
LINE
8
BLACK
6
CONTINUOUS
10
0.333926811023622
20
0.1857620078740158
11
0.3331121653543307
21
0.1865766535433071
0
LINE
8
BLACK
6
CONTINUOUS
10
0.3331121653543307
20
0.1865766535433071
11
0.3326712598425197
21
0.187641062992126
0
LINE
8
BLACK
6
CONTINUOUS
10
0.3326712598425197
20
0.187641062992126
11
0.3326712598425197
21
0.188793188976378
0
LINE
8
BLACK
6
CONTINUOUS
10
0.3326712598425197
20
0.188793188976378
11
0.3331121653543307
21
0.1898575984251968
0
LINE
8
BLACK
6
CONTINUOUS
10
0.3331121653543307
20
0.1898575984251968
11
0.333926811023622
21
0.1906722440944882
0
LINE
8
BLACK
6
CONTINUOUS
10
0.333926811023622
20
0.1906722440944882
11
0.334991220472441
21
0.1911131496062992
0
LINE
8
BLACK
6
CONTINUOUS
10
0.334991220472441
20
0.1911131496062992
11
0.3355672834645669
21
0.1911698818897638
0
LINE
8
BLACK
6
CONTINUOUS
10
0.3355672834645669
20
0.1911698818897638
11
0.3382388188976378
21
0.1911698818897638
0
LINE
8
BLACK
6
CONTINUOUS
10
0.3382388188976378
20
0.1911698818897638
11
0.3382388188976378
21
0.2013404724409449
0
LINE
8
BLACK
6
CONTINUOUS
10
0.3382388188976378
20
0.2013404724409449
11
0.3382955511811023
21
0.2019165354330709
0
LINE
8
BLACK
6
CONTINUOUS
10
0.3382955511811023
20
0.2019165354330709
11
0.3387364566929134
21
0.2029809448818898
0
LINE
8
BLACK
6
CONTINUOUS
10
0.3387364566929134
20
0.2029809448818898
11
0.3395511023622047
21
0.2037955905511811
0
LINE
8
BLACK
6
CONTINUOUS
10
0.3395511023622047
20
0.2037955905511811
11
0.3406155118110236
21
0.2042364960629921
0
LINE
8
BLACK
6
CONTINUOUS
10
0.3406155118110236
20
0.2042364960629921
11
0.3417676377952756
21
0.2042364960629921
0
LINE
8
BLACK
6
CONTINUOUS
10
0.3417676377952756
20
0.2042364960629921
11
0.3428320472440945
21
0.2037955905511811
0
LINE
8
BLACK
6
CONTINUOUS
10
0.3428320472440945
20
0.2037955905511811
11
0.3436466929133858
21
0.2029809448818898
0
LINE
8
BLACK
6
CONTINUOUS
10
0.3436466929133858
20
0.2029809448818898
11
0.3440875984251968
21
0.2019165354330709
0
LINE
8
BLACK
6
CONTINUOUS
10
0.3440875984251968
20
0.2019165354330709
11
0.3441443307086614
21
0.2013404724409449
0
LINE
8
BLACK
6
CONTINUOUS
10
0.3441443307086614
20
0.2013404724409449
11
0.3441443307086614
21
0.1911698818897638
0
LINE
8
BLACK
6
CONTINUOUS
10
0.3441443307086614
20
0.1911698818897638
11
0.3558424803149606
21
0.1911698818897638
0
LINE
8
BLACK
6
CONTINUOUS
10
0.3558424803149606
20
0.1911698818897638
11
0.3477641732283465
21
0.215404842519685
0
LINE
8
BLACK
6
CONTINUOUS
10
0.3477641732283465
20
0.215404842519685
11
0.3476358267716536
21
0.2159692913385827
0
LINE
8
BLACK
6
CONTINUOUS
10
0.3476358267716536
20
0.2159692913385827
11
0.3477175196850394
21
0.2171185039370079
0
LINE
8
BLACK
6
CONTINUOUS
10
0.3477175196850394
20
0.2171185039370079
11
0.3482327165354331
21
0.218148937007874
0
LINE
8
BLACK
6
CONTINUOUS
10
0.3482327165354331
20
0.218148937007874
11
0.3491030708661417
21
0.2189038188976378
0
LINE
8
BLACK
6
CONTINUOUS
10
0.3491030708661417
20
0.2189038188976378
11
0.3501961023622047
21
0.2192681496062992
0
LINE
8
BLACK
6
CONTINUOUS
10
0.3501961023622047
20
0.2192681496062992
11
0.3513453149606299
21
0.2191864566929134
0
LINE
8
BLACK
6
CONTINUOUS
10
0.5723638188976378
20
0.217359842519685
11
0.5734282283464567
21
0.216918937007874
0
LINE
8
BLACK
6
CONTINUOUS
10
0.5734282283464567
20
0.216918937007874
11
0.574242874015748
21
0.2161042913385827
0
LINE
8
BLACK
6
CONTINUOUS
10
0.574242874015748
20
0.2161042913385827
11
0.574683779527559
21
0.2150398818897638
0
LINE
8
BLACK
6
CONTINUOUS
10
0.574683779527559
20
0.2150398818897638
11
0.574683779527559
21
0.2138877559055118
0
LINE
8
BLACK
6
CONTINUOUS
10
0.574683779527559
20
0.2138877559055118
11
0.574242874015748
21
0.2128233464566929
0
LINE
8
BLACK
6
CONTINUOUS
10
0.574242874015748
20
0.2128233464566929
11
0.5734282283464567
21
0.2120087007874016
0
LINE
8
BLACK
6
CONTINUOUS
10
0.5734282283464567
20
0.2120087007874016
11
0.5723638188976378
21
0.2115677952755906
0
LINE
8
BLACK
6
CONTINUOUS
10
0.5723638188976378
20
0.2115677952755906
11
0.5717877559055118
21
0.211511062992126
0
LINE
8
BLACK
6
CONTINUOUS
10
0.5717877559055118
20
0.211511062992126
11
0.5634919291338583
21
0.211511062992126
0
LINE
8
BLACK
6
CONTINUOUS
10
0.5634919291338583
20
0.211511062992126
11
0.5634919291338583
21
0.1750937401574803
0
LINE
8
BLACK
6
CONTINUOUS
10
0.5634919291338583
20
0.1750937401574803
11
0.5634351968503937
21
0.1745176771653543
0
LINE
8
BLACK
6
CONTINUOUS
10
0.5634351968503937
20
0.1745176771653543
11
0.5629942913385827
21
0.1734532677165354
0
LINE
8
BLACK
6
CONTINUOUS
10
0.5629942913385827
20
0.1734532677165354
11
0.5621796456692914
21
0.1726386220472441
0
LINE
8
BLACK
6
CONTINUOUS
10
0.5621796456692914
20
0.1726386220472441
11
0.5611152362204724
21
0.1721977165354331
0
LINE
8
BLACK
6
CONTINUOUS
10
0.5611152362204724
20
0.1721977165354331
11
0.5599631102362205
21
0.1721977165354331
0
LINE
8
BLACK
6
CONTINUOUS
10
0.5599631102362205
20
0.1721977165354331
11
0.5588987007874016
21
0.1726386220472441
0
LINE
8
BLACK
6
CONTINUOUS
10
0.5588987007874016
20
0.1726386220472441
11
0.5580840551181102
21
0.1734532677165354
0
LINE
8
BLACK
6
CONTINUOUS
10
0.5580840551181102
20
0.1734532677165354
11
0.5576431496062992
21
0.1745176771653543
0
LINE
8
BLACK
6
CONTINUOUS
10
0.5576431496062992
20
0.1745176771653543
11
0.5575864173228346
21
0.1750937401574803
0
LINE
8
BLACK
6
CONTINUOUS
10
0.5575864173228346
20
0.1750937401574803
11
0.5575864173228346
21
0.211511062992126
0
LINE
8
BLACK
6
CONTINUOUS
10
0.5575864173228346
20
0.211511062992126
11
0.5492905905511811
21
0.211511062992126
0
LINE
8
BLACK
6
CONTINUOUS
10
0.5492905905511811
20
0.211511062992126
11
0.5487145275590551
21
0.2115677952755906
0
LINE
8
BLACK
6
CONTINUOUS
10
0.5487145275590551
20
0.2115677952755906
11
0.5476501181102362
21
0.2120087007874016
0
LINE
8
BLACK
6
CONTINUOUS
10
0.5476501181102362
20
0.2120087007874016
11
0.5468354724409449
21
0.2128233464566929
0
LINE
8
BLACK
6
CONTINUOUS
10
0.5468354724409449
20
0.2128233464566929
11
0.5463945669291338
21
0.2138877559055118
0
LINE
8
BLACK
6
CONTINUOUS
10
0.5463945669291338
20
0.2138877559055118
11
0.5463945669291338
21
0.2150398818897638
0
LINE
8
BLACK
6
CONTINUOUS
10
0.5463945669291338
20
0.2150398818897638
11
0.5468354724409449
21
0.2161042913385827
0
LINE
8
BLACK
6
CONTINUOUS
10
0.5468354724409449
20
0.2161042913385827
11
0.5476501181102362
21
0.216918937007874
0
LINE
8
BLACK
6
CONTINUOUS
10
0.5476501181102362
20
0.216918937007874
11
0.5487145275590551
21
0.217359842519685
0
LINE
8
BLACK
6
CONTINUOUS
10
0.5487145275590551
20
0.217359842519685
11
0.5492905905511811
21
0.2174165748031496
0
LINE
8
BLACK
6
CONTINUOUS
10
0.5492905905511811
20
0.2174165748031496
11
0.5717877559055118
21
0.2174165748031496
0
LINE
8
BLACK
6
CONTINUOUS
10
0.5717877559055118
20
0.2174165748031496
11
0.5723638188976378
21
0.217359842519685
0
LINE
8
BLACK
6
CONTINUOUS
10
0.3456144881889764
20
0.2931970866141732
11
0.3460731496062992
21
0.2931970866141732
0
LINE
8
BLACK
6
CONTINUOUS
10
0.3460731496062992
20
0.2931970866141732
11
0.3461877952755906
21
0.2930824409448819
0
LINE
8
BLACK
6
CONTINUOUS
10
0.3461877952755906
20
0.2930824409448819
11
0.346346811023622
21
0.2930506299212599
0
LINE
8
BLACK
6
CONTINUOUS
10
0.346346811023622
20
0.2930506299212599
11
0.3467808267716536
21
0.2926157086614173
0
LINE
8
BLACK
6
CONTINUOUS
10
0.3467808267716536
20
0.2926157086614173
11
0.348569094488189
21
0.2899332677165354
0
LINE
8
BLACK
6
CONTINUOUS
10
0.348569094488189
20
0.2899332677165354
11
0.3501529133858268
21
0.2883494881889764
0
LINE
8
BLACK
6
CONTINUOUS
10
0.3501529133858268
20
0.2883494881889764
11
0.3517990551181102
21
0.2875264173228346
0
LINE
8
BLACK
6
CONTINUOUS
10
0.3517990551181102
20
0.2875264173228346
11
0.3522844488188976
21
0.2871497244094488
0
LINE
8
BLACK
6
CONTINUOUS
10
0.3522844488188976
20
0.2871497244094488
11
0.3526656299212598
21
0.2860062598425197
0
LINE
8
BLACK
6
CONTINUOUS
10
0.3526656299212598
20
0.2860062598425197
11
0.3521266141732283
21
0.2849282283464567
0
LINE
8
BLACK
6
CONTINUOUS
10
0.3521266141732283
20
0.2849282283464567
11
0.3509831496062992
21
0.2845470472440945
0
LINE
8
BLACK
6
CONTINUOUS
10
0.3509831496062992
20
0.2845470472440945
11
0.3503905118110236
21
0.2847093307086614
0
LINE
8
BLACK
6
CONTINUOUS
10
0.3503905118110236
20
0.2847093307086614
11
0.3485157874015748
21
0.2856466929133858
0
LINE
8
BLACK
6
CONTINUOUS
10
0.3485157874015748
20
0.2856466929133858
11
0.3483165748031496
21
0.2858012992125984
0
LINE
8
BLACK
6
CONTINUOUS
10
0.3483165748031496
20
0.2858012992125984
11
0.3481064566929134
21
0.2859416929133858
0
LINE
8
BLACK
6
CONTINUOUS
10
0.3481064566929134
20
0.2859416929133858
11
0.3470453149606299
21
0.287002874015748
0
LINE
8
BLACK
6
CONTINUOUS
10
0.3470453149606299
20
0.287002874015748
11
0.3470453149606299
21
0.2736319291338583
0
LINE
8
BLACK
6
CONTINUOUS
10
0.3470453149606299
20
0.2736319291338583
11
0.3510948031496063
21
0.2736319291338583
0
LINE
8
BLACK
6
CONTINUOUS
10
0.3510948031496063
20
0.2736319291338583
11
0.3516974409448819
21
0.2735120472440945
0
LINE
8
BLACK
6
CONTINUOUS
10
0.3516974409448819
20
0.2735120472440945
11
0.3525497244094488
21
0.2726597637795276
0
LINE
8
BLACK
6
CONTINUOUS
10
0.3525497244094488
20
0.2726597637795276
11
0.3525497244094488
21
0.2714544881889764
0
LINE
8
BLACK
6
CONTINUOUS
10
0.3525497244094488
20
0.2714544881889764
11
0.3516974409448819
21
0.2706022047244094
0
LINE
8
BLACK
6
CONTINUOUS
10
0.3516974409448819
20
0.2706022047244094
11
0.3510948031496063
21
0.2704823228346457
0
LINE
8
BLACK
6
CONTINUOUS
10
0.3510948031496063
20
0.2704823228346457
11
0.339846220472441
21
0.2704823228346457
0
LINE
8
BLACK
6
CONTINUOUS
10
0.339846220472441
20
0.2704823228346457
11
0.3392435826771654
21
0.2706022047244094
0
LINE
8
BLACK
6
CONTINUOUS
10
0.3392435826771654
20
0.2706022047244094
11
0.3383912992125984
21
0.2714544881889764
0
LINE
8
BLACK
6
CONTINUOUS
10
0.3383912992125984
20
0.2714544881889764
11
0.3383912992125984
21
0.2726597637795276
0
LINE
8
BLACK
6
CONTINUOUS
10
0.3383912992125984
20
0.2726597637795276
11
0.3392435826771654
21
0.2735120472440945
0
LINE
8
BLACK
6
CONTINUOUS
10
0.3392435826771654
20
0.2735120472440945
11
0.339846220472441
21
0.2736319291338583
0
LINE
8
BLACK
6
CONTINUOUS
10
0.339846220472441
20
0.2736319291338583
11
0.3438957086614173
21
0.2736319291338583
0
LINE
8
BLACK
6
CONTINUOUS
10
0.3438957086614173
20
0.2736319291338583
11
0.3438957086614173
21
0.2917421653543307
0
LINE
8
BLACK
6
CONTINUOUS
10
0.3438957086614173
20
0.2917421653543307
11
0.3440155905511811
21
0.2923448031496063
0
LINE
8
BLACK
6
CONTINUOUS
10
0.3440155905511811
20
0.2923448031496063
11
0.3441302362204725
21
0.2924594881889764
0
LINE
8
BLACK
6
CONTINUOUS
10
0.3441302362204725
20
0.2924594881889764
11
0.3441620472440945
21
0.2926184645669291
0
LINE
8
BLACK
6
CONTINUOUS
10
0.3441620472440945
20
0.2926184645669291
11
0.3445436220472441
21
0.292872874015748
0
LINE
8
BLACK
6
CONTINUOUS
10
0.3445436220472441
20
0.292872874015748
11
0.344867874015748
21
0.2931970866141732
0
LINE
8
BLACK
6
CONTINUOUS
10
0.344867874015748
20
0.2931970866141732
11
0.34503
21
0.2931970866141732
0
LINE
8
BLACK
6
CONTINUOUS
10
0.34503
20
0.2931970866141732
11
0.3451648818897638
21
0.2932870078740157
0
LINE
8
BLACK
6
CONTINUOUS
10
0.3451648818897638
20
0.2932870078740157
11
0.3456144881889764
21
0.2931970866141732
0
LINE
8
BLACK
6
CONTINUOUS
10
0.3644658661417323
20
0.293267716535433
11
0.3647161811023622
21
0.2932361417322835
0
LINE
8
BLACK
6
CONTINUOUS
10
0.3647161811023622
20
0.2932361417322835
11
0.3675283070866142
21
0.2922987401574803
0
LINE
8
BLACK
6
CONTINUOUS
10
0.3675283070866142
20
0.2922987401574803
11
0.367596811023622
21
0.2922596850393701
0
LINE
8
BLACK
6
CONTINUOUS
10
0.367596811023622
20
0.2922596850393701
11
0.3676329527559055
21
0.2922596850393701
0
LINE
8
BLACK
6
CONTINUOUS
10
0.3676329527559055
20
0.2922596850393701
11
0.3678427559055118
21
0.2921194881889764
0
LINE
8
BLACK
6
CONTINUOUS
10
0.3678427559055118
20
0.2921194881889764
11
0.368062125984252
21
0.2919944488188976
0
LINE
8
BLACK
6
CONTINUOUS
10
0.368062125984252
20
0.2919944488188976
11
0.3680782677165354
21
0.291962125984252
0
LINE
8
BLACK
6
CONTINUOUS
10
0.3680782677165354
20
0.291962125984252
11
0.3681438582677165
21
0.2919183070866141
0
LINE
8
BLACK
6
CONTINUOUS
10
0.3681438582677165
20
0.2919183070866141
11
0.3700186220472441
21
0.2900435826771653
0
LINE
8
BLACK
6
CONTINUOUS
10
0.3700186220472441
20
0.2900435826771653
11
0.3701588976377952
21
0.2898336614173228
0
LINE
8
BLACK
6
CONTINUOUS
10
0.3701588976377952
20
0.2898336614173228
11
0.3703136220472441
21
0.2896342913385827
0
LINE
8
BLACK
6
CONTINUOUS
10
0.3703136220472441
20
0.2896342913385827
11
0.3712510236220473
21
0.2877595275590551
0
LINE
8
BLACK
6
CONTINUOUS
10
0.3712510236220473
20
0.2877595275590551
11
0.3712965748031496
21
0.2875931496062992
0
LINE
8
BLACK
6
CONTINUOUS
10
0.3712965748031496
20
0.2875931496062992
11
0.3713702755905512
21
0.2874371653543307
0
LINE
8
BLACK
6
CONTINUOUS
10
0.3713702755905512
20
0.2874371653543307
11
0.3723076377952756
21
0.2836876377952756
0
LINE
8
BLACK
6
CONTINUOUS
10
0.3723076377952756
20
0.2836876377952756
11
0.3723170078740157
21
0.2834949212598425
0
LINE
8
BLACK
6
CONTINUOUS
10
0.3723170078740157
20
0.2834949212598425
11
0.3723546456692913
21
0.2833057086614173
0
LINE
8
BLACK
6
CONTINUOUS
10
0.3723546456692913
20
0.2833057086614173
11
0.3723546456692913
21
0.2804935826771653
0
LINE
8
BLACK
6
CONTINUOUS
10
0.3723546456692913
20
0.2804935826771653
11
0.3723170078740157
21
0.2803044094488189
0
LINE
8
BLACK
6
CONTINUOUS
10
0.3723170078740157
20
0.2803044094488189
11
0.3723076377952756
21
0.2801116535433071
0
LINE
8
BLACK
6
CONTINUOUS
10
0.3723076377952756
20
0.2801116535433071
11
0.3713702755905512
21
0.276362125984252
0
LINE
8
BLACK
6
CONTINUOUS
10
0.3713702755905512
20
0.276362125984252
11
0.3712965748031496
21
0.2762061811023622
0
LINE
8
BLACK
6
CONTINUOUS
10
0.3712965748031496
20
0.2762061811023622
11
0.3712510236220473
21
0.2760397637795275
0
LINE
8
BLACK
6
CONTINUOUS
10
0.3712510236220473
20
0.2760397637795275
11
0.3703136220472441
21
0.274165
0
LINE
8
BLACK
6
CONTINUOUS
10
0.3703136220472441
20
0.274165
11
0.3701587007874015
21
0.2739654330708661
0
LINE
8
BLACK
6
CONTINUOUS
10
0.3701587007874015
20
0.2739654330708661
11
0.3700186220472441
21
0.273755748031496
0
LINE
8
BLACK
6
CONTINUOUS
10
0.3700186220472441
20
0.273755748031496
11
0.3681438976377953
21
0.2718809448818897
0
LINE
8
BLACK
6
CONTINUOUS
10
0.3681438976377953
20
0.2718809448818897
11
0.3680782677165354
21
0.271837125984252
0
LINE
8
BLACK
6
CONTINUOUS
10
0.3680782677165354
20
0.271837125984252
11
0.368062125984252
21
0.2718048031496063
0
LINE
8
BLACK
6
CONTINUOUS
10
0.368062125984252
20
0.2718048031496063
11
0.367843031496063
21
0.2716799606299213
0
LINE
8
BLACK
6
CONTINUOUS
10
0.367843031496063
20
0.2716799606299213
11
0.3676329921259843
21
0.2715395669291338
0
LINE
8
BLACK
6
CONTINUOUS
10
0.3676329921259843
20
0.2715395669291338
11
0.367596811023622
21
0.2715395669291338
0
LINE
8
BLACK
6
CONTINUOUS
10
0.367596811023622
20
0.2715395669291338
11
0.3675283070866142
21
0.2715005118110236
0
LINE
8
BLACK
6
CONTINUOUS
10
0.3675283070866142
20
0.2715005118110236
11
0.3647161811023622
21
0.2705631496062992
0
LINE
8
BLACK
6
CONTINUOUS
10
0.3647161811023622
20
0.2705631496062992
11
0.3644658661417323
21
0.2705316141732284
0
LINE
8
BLACK
6
CONTINUOUS
10
0.3644658661417323
20
0.2705316141732284
11
0.3642181889763779
21
0.2704823228346457
0
LINE
8
BLACK
6
CONTINUOUS
10
0.3642181889763779
20
0.2704823228346457
11
0.3623434251968504
21
0.2704823228346457
0
LINE
8
BLACK
6
CONTINUOUS
10
0.3623434251968504
20
0.2704823228346457
11
0.3620959842519685
21
0.2705315748031496
0
LINE
8
BLACK
6
CONTINUOUS
10
0.3620959842519685
20
0.2705315748031496
11
0.3618454724409449
21
0.2705631102362205
0
LINE
8
BLACK
6
CONTINUOUS
10
0.3618454724409449
20
0.2705631102362205
11
0.3590332677165354
21
0.2715005118110236
0
LINE
8
BLACK
6
CONTINUOUS
10
0.3590332677165354
20
0.2715005118110236
11
0.3589647637795276
21
0.2715395669291338
0
LINE
8
BLACK
6
CONTINUOUS
10
0.3589647637795276
20
0.2715395669291338
11
0.3589285826771653
21
0.2715395669291338
0
LINE
8
BLACK
6
CONTINUOUS
10
0.3589285826771653
20
0.2715395669291338
11
0.3587183858267716
21
0.2716800393700787
0
LINE
8
BLACK
6
CONTINUOUS
10
0.3587183858267716
20
0.2716800393700787
11
0.3584994881889764
21
0.2718048031496063
0
LINE
8
BLACK
6
CONTINUOUS
10
0.3584994881889764
20
0.2718048031496063
11
0.3584833464566929
21
0.2718370866141732
0
LINE
8
BLACK
6
CONTINUOUS
10
0.3584833464566929
20
0.2718370866141732
11
0.3584176771653543
21
0.2718809448818897
0
LINE
8
BLACK
6
CONTINUOUS
10
0.3584176771653543
20
0.2718809448818897
11
0.3574803149606299
21
0.2728183464566929
0
LINE
8
BLACK
6
CONTINUOUS
10
0.3574803149606299
20
0.2728183464566929
11
0.3571389763779527
21
0.2733292519685039
0
LINE
8
BLACK
6
CONTINUOUS
10
0.3571389763779527
20
0.2733292519685039
11
0.3571390157480315
21
0.2745345669291339
0
LINE
8
BLACK
6
CONTINUOUS
10
0.3571390157480315
20
0.2745345669291339
11
0.3579912598425197
21
0.2753868110236221
0
LINE
8
BLACK
6
CONTINUOUS
10
0.3579912598425197
20
0.2753868110236221
11
0.3591965748031496
21
0.2753867716535433
0
LINE
8
BLACK
6
CONTINUOUS
10
0.3591965748031496
20
0.2753867716535433
11
0.3597074803149606
21
0.2750454330708662
0
LINE
8
BLACK
6
CONTINUOUS
10
0.3597074803149606
20
0.2750454330708662
11
0.3603819291338582
21
0.274370905511811
0
LINE
8
BLACK
6
CONTINUOUS
10
0.3603819291338582
20
0.274370905511811
11
0.362598937007874
21
0.2736319291338583
0
LINE
8
BLACK
6
CONTINUOUS
10
0.362598937007874
20
0.2736319291338583
11
0.3639626771653543
21
0.2736319291338583
0
LINE
8
BLACK
6
CONTINUOUS
10
0.3639626771653543
20
0.2736319291338583
11
0.3661796062992126
21
0.2743709448818897
0
LINE
8
BLACK
6
CONTINUOUS
10
0.3661796062992126
20
0.2743709448818897
11
0.3676108267716535
21
0.2758021653543307
0
LINE
8
BLACK
6
CONTINUOUS
10
0.3676108267716535
20
0.2758021653543307
11
0.3683565748031496
21
0.2772937401574803
0
LINE
8
BLACK
6
CONTINUOUS
10
0.3683565748031496
20
0.2772937401574803
11
0.3692050393700788
21
0.2806874803149606
0
LINE
8
BLACK
6
CONTINUOUS
10
0.3692050393700788
20
0.2806874803149606
11
0.3692050393700788
21
0.2831118503937008
0
LINE
8
BLACK
6
CONTINUOUS
10
0.3692050393700788
20
0.2831118503937008
11
0.3683565748031496
21
0.2865055905511811
0
LINE
8
BLACK
6
CONTINUOUS
10
0.3683565748031496
20
0.2865055905511811
11
0.3676108267716535
21
0.2879971653543307
0
LINE
8
BLACK
6
CONTINUOUS
10
0.3676108267716535
20
0.2879971653543307
11
0.3661796062992126
21
0.2894283858267717
0
LINE
8
BLACK
6
CONTINUOUS
10
0.3661796062992126
20
0.2894283858267717
11
0.3639626771653543
21
0.2901673622047244
0
LINE
8
BLACK
6
CONTINUOUS
10
0.3639626771653543
20
0.2901673622047244
11
0.362598937007874
21
0.2901673622047244
0
LINE
8
BLACK
6
CONTINUOUS
10
0.362598937007874
20
0.2901673622047244
11
0.3603819291338582
21
0.2894283858267717
0
LINE
8
BLACK
6
CONTINUOUS
10
0.3603819291338582
20
0.2894283858267717
11
0.3597074409448819
21
0.2887538582677165
0
LINE
8
BLACK
6
CONTINUOUS
10
0.3597074409448819
20
0.2887538582677165
11
0.3591965354330708
21
0.2884124803149606
0
LINE
8
BLACK
6
CONTINUOUS
10
0.3591965354330708
20
0.2884124803149606
11
0.3579912598425197
21
0.2884124803149606
0
LINE
8
BLACK
6
CONTINUOUS
10
0.3579912598425197
20
0.2884124803149606
11
0.3571389763779527
21
0.2892647637795275
0
LINE
8
BLACK
6
CONTINUOUS
10
0.3571389763779527
20
0.2892647637795275
11
0.3571389763779527
21
0.2904700393700788
0
LINE
8
BLACK
6
CONTINUOUS
10
0.3571389763779527
20
0.2904700393700788
11
0.3574803543307086
21
0.2909809448818897
0
LINE
8
BLACK
6
CONTINUOUS
10
0.3574803543307086
20
0.2909809448818897
11
0.3584177165354331
21
0.2919183070866141
0
LINE
8
BLACK
6
CONTINUOUS
10
0.3584177165354331
20
0.2919183070866141
11
0.3584832677165354
21
0.291962125984252
0
LINE
8
BLACK
6
CONTINUOUS
10
0.3584832677165354
20
0.291962125984252
11
0.3584994488188976
21
0.2919944488188976
0
LINE
8
BLACK
6
CONTINUOUS
10
0.3584994488188976
20
0.2919944488188976
11
0.358718779527559
21
0.2921194881889764
0
LINE
8
BLACK
6
CONTINUOUS
10
0.358718779527559
20
0.2921194881889764
11
0.3589286220472441
21
0.2922596850393701
0
LINE
8
BLACK
6
CONTINUOUS
10
0.3589286220472441
20
0.2922596850393701
11
0.3589647637795276
21
0.2922596850393701
0
LINE
8
BLACK
6
CONTINUOUS
10
0.3589647637795276
20
0.2922596850393701
11
0.3590332677165354
21
0.2922987401574803
0
LINE
8
BLACK
6
CONTINUOUS
10
0.3590332677165354
20
0.2922987401574803
11
0.3618454330708661
21
0.2932361417322835
0
LINE
8
BLACK
6
CONTINUOUS
10
0.3618454330708661
20
0.2932361417322835
11
0.3620957086614173
21
0.293267716535433
0
LINE
8
BLACK
6
CONTINUOUS
10
0.3620957086614173
20
0.293267716535433
11
0.3623434251968504
21
0.293316968503937
0
LINE
8
BLACK
6
CONTINUOUS
10
0.3623434251968504
20
0.293316968503937
11
0.3642181889763779
21
0.293316968503937
0
LINE
8
BLACK
6
CONTINUOUS
10
0.3642181889763779
20
0.293316968503937
11
0.3644658661417323
21
0.293267716535433
0
LINE
8
BLACK
6
CONTINUOUS
10
0.380671220472441
20
0.2923448031496063
11
0.3807911023622047
21
0.2917421653543307
0
LINE
8
BLACK
6
CONTINUOUS
10
0.3807911023622047
20
0.2917421653543307
11
0.3807911023622047
21
0.272057125984252
0
LINE
8
BLACK
6
CONTINUOUS
10
0.3807911023622047
20
0.272057125984252
11
0.380671220472441
21
0.2714544881889764
0
LINE
8
BLACK
6
CONTINUOUS
10
0.380671220472441
20
0.2714544881889764
11
0.379818937007874
21
0.2706022047244094
0
LINE
8
BLACK
6
CONTINUOUS
10
0.379818937007874
20
0.2706022047244094
11
0.3786136614173228
21
0.2706022047244094
0
LINE
8
BLACK
6
CONTINUOUS
10
0.3786136614173228
20
0.2706022047244094
11
0.3777613779527559
21
0.2714544881889764
0
LINE
8
BLACK
6
CONTINUOUS
10
0.3777613779527559
20
0.2714544881889764
11
0.3776414960629921
21
0.272057125984252
0
LINE
8
BLACK
6
CONTINUOUS
10
0.3776414960629921
20
0.272057125984252
11
0.3776414960629921
21
0.2917421653543307
0
LINE
8
BLACK
6
CONTINUOUS
10
0.3776414960629921
20
0.2917421653543307
11
0.3777613779527559
21
0.2923448031496063
0
LINE
8
BLACK
6
CONTINUOUS
10
0.3777613779527559
20
0.2923448031496063
11
0.3786136614173228
21
0.2931970866141732
0
LINE
8
BLACK
6
CONTINUOUS
10
0.3786136614173228
20
0.2931970866141732
11
0.379818937007874
21
0.2931970866141732
0
LINE
8
BLACK
6
CONTINUOUS
10
0.379818937007874
20
0.2931970866141732
11
0.380671220472441
21
0.2923448031496063
0
LINE
8
BLACK
6
CONTINUOUS
10
0.4001233858267716
20
0.3074249606299213
11
0.4011887401574803
21
0.3063596062992126
0
LINE
8
BLACK
6
CONTINUOUS
10
0.4011887401574803
20
0.3063596062992126
11
0.4013385826771653
21
0.3056062992125984
0
LINE
8
BLACK
6
CONTINUOUS
10
0.4013385826771653
20
0.3056062992125984
11
0.4013385826771653
21
0.2686968503937008
0
LINE
8
BLACK
6
CONTINUOUS
10
0.4013385826771653
20
0.2686968503937008
11
0.4011887401574803
21
0.2679435433070866
0
LINE
8
BLACK
6
CONTINUOUS
10
0.4011887401574803
20
0.2679435433070866
11
0.4007620472440945
21
0.2673049212598425
0
LINE
8
BLACK
6
CONTINUOUS
10
0.4007620472440945
20
0.2673049212598425
11
0.3884588582677165
21
0.2550017716535433
0
LINE
8
BLACK
6
CONTINUOUS
10
0.3884588582677165
20
0.2550017716535433
11
0.3878202362204725
21
0.2545750393700787
0
LINE
8
BLACK
6
CONTINUOUS
10
0.3878202362204725
20
0.2545750393700787
11
0.3870669291338583
21
0.2544251968503937
0
LINE
8
BLACK
6
CONTINUOUS
10
0.3870669291338583
20
0.2544251968503937
11
0.3206299212598425
21
0.2544251968503937
0
LINE
8
BLACK
6
CONTINUOUS
10
0.3206299212598425
20
0.2544251968503937
11
0.3198766141732283
21
0.2545750393700787
0
LINE
8
BLACK
6
CONTINUOUS
10
0.3198766141732283
20
0.2545750393700787
11
0.3188112598425197
21
0.2556403937007874
0
LINE
8
BLACK
6
CONTINUOUS
10
0.3188112598425197
20
0.2556403937007874
11
0.3186614173228347
21
0.2563937007874016
0
LINE
8
BLACK
6
CONTINUOUS
10
0.3186614173228347
20
0.2563937007874016
11
0.3186614173228347
21
0.3056062992125984
0
LINE
8
BLACK
6
CONTINUOUS
10
0.3186614173228347
20
0.3056062992125984
11
0.3188112598425197
21
0.3063596062992126
0
LINE
8
BLACK
6
CONTINUOUS
10
0.3188112598425197
20
0.3063596062992126
11
0.3198766141732283
21
0.3074249606299213
0
LINE
8
BLACK
6
CONTINUOUS
10
0.3198766141732283
20
0.3074249606299213
11
0.3206299212598425
21
0.3075748031496063
0
LINE
8
BLACK
6
CONTINUOUS
10
0.3206299212598425
20
0.3075748031496063
11
0.3993700787401575
21
0.3075748031496063
0
LINE
8
BLACK
6
CONTINUOUS
10
0.3993700787401575
20
0.3075748031496063
11
0.4001233858267716
21
0.3074249606299213
0
LINE
8
BLACK
6
CONTINUOUS
10
0.3225984251968504
20
0.3036377952755905
11
0.3225984251968504
21
0.2583622047244095
0
LINE
8
BLACK
6
CONTINUOUS
10
0.3225984251968504
20
0.2583622047244095
11
0.3862515748031496
21
0.2583622047244095
0
LINE
8
BLACK
6
CONTINUOUS
10
0.3862515748031496
20
0.2583622047244095
11
0.3974015748031496
21
0.2695122440944882
0
LINE
8
BLACK
6
CONTINUOUS
10
0.3974015748031496
20
0.2695122440944882
11
0.3974015748031496
21
0.3036377952755905
0
LINE
8
BLACK
6
CONTINUOUS
10
0.3974015748031496
20
0.3036377952755905
11
0.3225984251968504
21
0.3036377952755905
0
LINE
8
BLACK
6
CONTINUOUS
10
0.6045216929133859
20
0.3700876377952756
11
0.6055861023622047
21
0.3696467322834646
0
LINE
8
BLACK
6
CONTINUOUS
10
0.6055861023622047
20
0.3696467322834646
11
0.606400748031496
21
0.3688320866141732
0
LINE
8
BLACK
6
CONTINUOUS
10
0.606400748031496
20
0.3688320866141732
11
0.6068416535433071
21
0.3677676771653543
0
LINE
8
BLACK
6
CONTINUOUS
10
0.6068416535433071
20
0.3677676771653543
11
0.6068416535433071
21
0.3666155511811023
0
LINE
8
BLACK
6
CONTINUOUS
10
0.6068416535433071
20
0.3666155511811023
11
0.606400748031496
21
0.3655511417322835
0
LINE
8
BLACK
6
CONTINUOUS
10
0.606400748031496
20
0.3655511417322835
11
0.6055861023622047
21
0.3647364960629921
0
LINE
8
BLACK
6
CONTINUOUS
10
0.6055861023622047
20
0.3647364960629921
11
0.6045216929133859
21
0.3642955905511811
0
LINE
8
BLACK
6
CONTINUOUS
10
0.6045216929133859
20
0.3642955905511811
11
0.6039456299212598
21
0.3642388582677165
0
LINE
8
BLACK
6
CONTINUOUS
10
0.6039456299212598
20
0.3642388582677165
11
0.5862759448818897
21
0.3642388582677165
0
LINE
8
BLACK
6
CONTINUOUS
10
0.5862759448818897
20
0.3642388582677165
11
0.5862759448818897
21
0.3540682677165354
0
LINE
8
BLACK
6
CONTINUOUS
10
0.5862759448818897
20
0.3540682677165354
11
0.5862192125984251
21
0.3534922047244095
0
LINE
8
BLACK
6
CONTINUOUS
10
0.5862192125984251
20
0.3534922047244095
11
0.5857783070866142
21
0.3524277952755905
0
LINE
8
BLACK
6
CONTINUOUS
10
0.5857783070866142
20
0.3524277952755905
11
0.5849636614173228
21
0.3516131496062992
0
LINE
8
BLACK
6
CONTINUOUS
10
0.5849636614173228
20
0.3516131496062992
11
0.5838992519685039
21
0.3511722440944882
0
LINE
8
BLACK
6
CONTINUOUS
10
0.5838992519685039
20
0.3511722440944882
11
0.5827471259842519
21
0.3511722440944882
0
LINE
8
BLACK
6
CONTINUOUS
10
0.5827471259842519
20
0.3511722440944882
11
0.581682716535433
21
0.3516131496062992
0
LINE
8
BLACK
6
CONTINUOUS
10
0.581682716535433
20
0.3516131496062992
11
0.5808680708661417
21
0.3524277952755905
0
LINE
8
BLACK
6
CONTINUOUS
10
0.5808680708661417
20
0.3524277952755905
11
0.5804271653543307
21
0.3534922047244095
0
LINE
8
BLACK
6
CONTINUOUS
10
0.5804271653543307
20
0.3534922047244095
11
0.5803704330708661
21
0.3540682677165354
0
LINE
8
BLACK
6
CONTINUOUS
10
0.5803704330708661
20
0.3540682677165354
11
0.5803704330708661
21
0.3642388582677165
0
LINE
8
BLACK
6
CONTINUOUS
10
0.5803704330708661
20
0.3642388582677165
11
0.5675283070866142
21
0.3642388582677165
0
LINE
8
BLACK
6
CONTINUOUS
10
0.5675283070866142
20
0.3642388582677165
11
0.5675283070866142
21
0.3484439763779528
0
LINE
8
BLACK
6
CONTINUOUS
10
0.5675283070866142
20
0.3484439763779528
11
0.5674715748031496
21
0.3478679133858268
0
LINE
8
BLACK
6
CONTINUOUS
10
0.5674715748031496
20
0.3478679133858268
11
0.5670306692913386
21
0.3468035039370079
0
LINE
8
BLACK
6
CONTINUOUS
10
0.5670306692913386
20
0.3468035039370079
11
0.5662160236220473
21
0.3459888582677165
0
LINE
8
BLACK
6
CONTINUOUS
10
0.5662160236220473
20
0.3459888582677165
11
0.5651516141732283
21
0.3455479527559055
0
LINE
8
BLACK
6
CONTINUOUS
10
0.5651516141732283
20
0.3455479527559055
11
0.5639994881889764
21
0.3455479527559055
0
LINE
8
BLACK
6
CONTINUOUS
10
0.5639994881889764
20
0.3455479527559055
11
0.5629350787401575
21
0.3459888582677165
0
LINE
8
BLACK
6
CONTINUOUS
10
0.5629350787401575
20
0.3459888582677165
11
0.5621204330708661
21
0.3468035039370079
0
LINE
8
BLACK
6
CONTINUOUS
10
0.5621204330708661
20
0.3468035039370079
11
0.5616795275590551
21
0.3478679133858268
0
LINE
8
BLACK
6
CONTINUOUS
10
0.5616795275590551
20
0.3478679133858268
11
0.5616227952755906
21
0.3484439763779528
0
LINE
8
BLACK
6
CONTINUOUS
10
0.5616227952755906
20
0.3484439763779528
11
0.5616227952755906
21
0.3671916141732283
0
LINE
8
BLACK
6
CONTINUOUS
10
0.5616227952755906
20
0.3671916141732283
11
0.5616795275590551
21
0.3677676771653543
0
LINE
8
BLACK
6
CONTINUOUS
10
0.5616795275590551
20
0.3677676771653543
11
0.5621204330708661
21
0.3688320866141732
0
LINE
8
BLACK
6
CONTINUOUS
10
0.5621204330708661
20
0.3688320866141732
11
0.5629350787401575
21
0.3696467322834646
0
LINE
8
BLACK
6
CONTINUOUS
10
0.5629350787401575
20
0.3696467322834646
11
0.5639994881889764
21
0.3700876377952756
0
LINE
8
BLACK
6
CONTINUOUS
10
0.5639994881889764
20
0.3700876377952756
11
0.5645755511811024
21
0.3701443700787401
0
LINE
8
BLACK
6
CONTINUOUS
10
0.5645755511811024
20
0.3701443700787401
11
0.6039456299212598
21
0.3701443700787401
0
LINE
8
BLACK
6
CONTINUOUS
10
0.6039456299212598
20
0.3701443700787401
11
0.6045216929133859
21
0.3700876377952756
0
LINE
8
BLACK
6
CONTINUOUS
10
0.6470717716535432
20
0.3968135826771653
11
0.6474529527559055
21
0.3956701181102362
0
LINE
8
BLACK
6
CONTINUOUS
10
0.6474529527559055
20
0.3956701181102362
11
0.6472906692913386
21
0.3950774803149606
0
LINE
8
BLACK
6
CONTINUOUS
10
0.6472906692913386
20
0.3950774803149606
11
0.6463533070866142
21
0.3932027559055118
0
LINE
8
BLACK
6
CONTINUOUS
10
0.6463533070866142
20
0.3932027559055118
11
0.6461987007874016
21
0.3930035826771653
0
LINE
8
BLACK
6
CONTINUOUS
10
0.6461987007874016
20
0.3930035826771653
11
0.6460583070866142
21
0.3927934251968504
0
LINE
8
BLACK
6
CONTINUOUS
10
0.6460583070866142
20
0.3927934251968504
11
0.644997125984252
21
0.3917322834645669
0
LINE
8
BLACK
6
CONTINUOUS
10
0.644997125984252
20
0.3917322834645669
11
0.6583680708661417
21
0.3917322834645669
0
LINE
8
BLACK
6
CONTINUOUS
10
0.6583680708661417
20
0.3917322834645669
11
0.6583680708661417
21
0.3957817716535433
0
LINE
8
BLACK
6
CONTINUOUS
10
0.6583680708661417
20
0.3957817716535433
11
0.6584879527559055
21
0.3963844094488189
0
LINE
8
BLACK
6
CONTINUOUS
10
0.6584879527559055
20
0.3963844094488189
11
0.6593402362204724
21
0.3972366929133858
0
LINE
8
BLACK
6
CONTINUOUS
10
0.6593402362204724
20
0.3972366929133858
11
0.6605455118110236
21
0.3972366929133858
0
LINE
8
BLACK
6
CONTINUOUS
10
0.6605455118110236
20
0.3972366929133858
11
0.6613977952755905
21
0.3963844094488189
0
LINE
8
BLACK
6
CONTINUOUS
10
0.6613977952755905
20
0.3963844094488189
11
0.6615176771653544
21
0.3957817716535433
0
LINE
8
BLACK
6
CONTINUOUS
10
0.6615176771653544
20
0.3957817716535433
11
0.6615176771653544
21
0.3845331889763779
0
LINE
8
BLACK
6
CONTINUOUS
10
0.6615176771653544
20
0.3845331889763779
11
0.6613977952755905
21
0.3839305511811024
0
LINE
8
BLACK
6
CONTINUOUS
10
0.6613977952755905
20
0.3839305511811024
11
0.6605455118110236
21
0.3830782677165354
0
LINE
8
BLACK
6
CONTINUOUS
10
0.6605455118110236
20
0.3830782677165354
11
0.6593402362204724
21
0.3830782677165354
0
LINE
8
BLACK
6
CONTINUOUS
10
0.6593402362204724
20
0.3830782677165354
11
0.6584879527559055
21
0.3839305511811024
0
LINE
8
BLACK
6
CONTINUOUS
10
0.6584879527559055
20
0.3839305511811024
11
0.6583680708661417
21
0.3845331889763779
0
LINE
8
BLACK
6
CONTINUOUS
10
0.6583680708661417
20
0.3845331889763779
11
0.6583680708661417
21
0.3885826771653543
0
LINE
8
BLACK
6
CONTINUOUS
10
0.6583680708661417
20
0.3885826771653543
11
0.6402578346456693
21
0.3885826771653543
0
LINE
8
BLACK
6
CONTINUOUS
10
0.6402578346456693
20
0.3885826771653543
11
0.6396551968503937
21
0.3887025590551181
0
LINE
8
BLACK
6
CONTINUOUS
10
0.6396551968503937
20
0.3887025590551181
11
0.6395405118110236
21
0.3888172440944882
0
LINE
8
BLACK
6
CONTINUOUS
10
0.6395405118110236
20
0.3888172440944882
11
0.6393815354330709
21
0.3888490157480315
0
LINE
8
BLACK
6
CONTINUOUS
10
0.6393815354330709
20
0.3888490157480315
11
0.6391271259842519
21
0.3892306299212598
0
LINE
8
BLACK
6
CONTINUOUS
10
0.6391271259842519
20
0.3892306299212598
11
0.6388029133858267
21
0.389554842519685
0
LINE
8
BLACK
6
CONTINUOUS
10
0.6388029133858267
20
0.389554842519685
11
0.6388029133858267
21
0.389716968503937
0
LINE
8
BLACK
6
CONTINUOUS
10
0.6388029133858267
20
0.389716968503937
11
0.6387129921259842
21
0.3898518503937008
0
LINE
8
BLACK
6
CONTINUOUS
10
0.6387129921259842
20
0.3898518503937008
11
0.6388029133858267
21
0.3903014960629921
0
LINE
8
BLACK
6
CONTINUOUS
10
0.6388029133858267
20
0.3903014960629921
11
0.6388029133858267
21
0.3907601181102362
0
LINE
8
BLACK
6
CONTINUOUS
10
0.6388029133858267
20
0.3907601181102362
11
0.638917559055118
21
0.3908748031496063
0
LINE
8
BLACK
6
CONTINUOUS
10
0.638917559055118
20
0.3908748031496063
11
0.6389493700787402
21
0.391033779527559
0
LINE
8
BLACK
6
CONTINUOUS
10
0.6389493700787402
20
0.391033779527559
11
0.6393842913385827
21
0.3914677952755906
0
LINE
8
BLACK
6
CONTINUOUS
10
0.6393842913385827
20
0.3914677952755906
11
0.6420667322834646
21
0.3932561023622047
0
LINE
8
BLACK
6
CONTINUOUS
10
0.6420667322834646
20
0.3932561023622047
11
0.6436505118110236
21
0.3948399212598425
0
LINE
8
BLACK
6
CONTINUOUS
10
0.6436505118110236
20
0.3948399212598425
11
0.6444735826771654
21
0.3964860236220472
0
LINE
8
BLACK
6
CONTINUOUS
10
0.6444735826771654
20
0.3964860236220472
11
0.6448502755905512
21
0.3969714173228346
0
LINE
8
BLACK
6
CONTINUOUS
10
0.6448502755905512
20
0.3969714173228346
11
0.6459937401574803
21
0.3973525984251968
0
LINE
8
BLACK
6
CONTINUOUS
10
0.6459937401574803
20
0.3973525984251968
11
0.6470717716535432
21
0.3968135826771653
0
LINE
8
BLACK
6
CONTINUOUS
10
0.6605455118110236
20
0.4159843700787402
11
0.6613977952755905
21
0.4151320866141732
0
LINE
8
BLACK
6
CONTINUOUS
10
0.6613977952755905
20
0.4151320866141732
11
0.6613977952755905
21
0.4139268110236221
0
LINE
8
BLACK
6
CONTINUOUS
10
0.6613977952755905
20
0.4139268110236221
11
0.6605455118110236
21
0.4130745275590551
0
LINE
8
BLACK
6
CONTINUOUS
10
0.6605455118110236
20
0.4130745275590551
11
0.659942874015748
21
0.4129546456692914
0
LINE
8
BLACK
6
CONTINUOUS
10
0.659942874015748
20
0.4129546456692914
11
0.6521438582677165
21
0.4129546456692914
0
LINE
8
BLACK
6
CONTINUOUS
10
0.6521438582677165
20
0.4129546456692914
11
0.6521438582677165
21
0.4106624409448819
0
LINE
8
BLACK
6
CONTINUOUS
10
0.6521438582677165
20
0.4106624409448819
11
0.6608459842519685
21
0.4045709842519685
0
LINE
8
BLACK
6
CONTINUOUS
10
0.6608459842519685
20
0.4045709842519685
11
0.6612709448818898
21
0.4041272047244094
0
LINE
8
BLACK
6
CONTINUOUS
10
0.6612709448818898
20
0.4041272047244094
11
0.6614803937007874
21
0.4029402362204724
0
LINE
8
BLACK
6
CONTINUOUS
10
0.6614803937007874
20
0.4029402362204724
11
0.6607892125984252
21
0.4019528346456693
0
LINE
8
BLACK
6
CONTINUOUS
10
0.6607892125984252
20
0.4019528346456693
11
0.6596022440944882
21
0.4017433464566929
0
LINE
8
BLACK
6
CONTINUOUS
10
0.6596022440944882
20
0.4017433464566929
11
0.6590398031496063
21
0.401990748031496
0
LINE
8
BLACK
6
CONTINUOUS
10
0.6590398031496063
20
0.401990748031496
11
0.6521173228346456
21
0.4068364566929134
0
LINE
8
BLACK
6
CONTINUOUS
10
0.6521173228346456
20
0.4068364566929134
11
0.6520731889763779
21
0.4066753149606299
0
LINE
8
BLACK
6
CONTINUOUS
10
0.6520731889763779
20
0.4066753149606299
11
0.6520239763779527
21
0.4064277559055118
0
LINE
8
BLACK
6
CONTINUOUS
10
0.6520239763779527
20
0.4064277559055118
11
0.6519984251968504
21
0.4064022440944882
0
LINE
8
BLACK
6
CONTINUOUS
10
0.6519984251968504
20
0.4064022440944882
11
0.6519775984251969
21
0.4063261023622047
0
LINE
8
BLACK
6
CONTINUOUS
10
0.6519775984251969
20
0.4063261023622047
11
0.6510401968503937
21
0.4044513385826772
0
LINE
8
BLACK
6
CONTINUOUS
10
0.6510401968503937
20
0.4044513385826772
11
0.6508852755905512
21
0.4042517716535433
0
LINE
8
BLACK
6
CONTINUOUS
10
0.6508852755905512
20
0.4042517716535433
11
0.6507452362204724
21
0.4040421259842519
0
LINE
8
BLACK
6
CONTINUOUS
10
0.6507452362204724
20
0.4040421259842519
11
0.649807874015748
21
0.4031046850393701
0
LINE
8
BLACK
6
CONTINUOUS
10
0.649807874015748
20
0.4031046850393701
11
0.6495979133858267
21
0.4029644488188976
0
LINE
8
BLACK
6
CONTINUOUS
10
0.6495979133858267
20
0.4029644488188976
11
0.6493985433070866
21
0.4028096850393701
0
LINE
8
BLACK
6
CONTINUOUS
10
0.6493985433070866
20
0.4028096850393701
11
0.647523779527559
21
0.4018723228346456
0
LINE
8
BLACK
6
CONTINUOUS
10
0.647523779527559
20
0.4018723228346456
11
0.6474476771653543
21
0.4018514960629921
0
LINE
8
BLACK
6
CONTINUOUS
10
0.6474476771653543
20
0.4018514960629921
11
0.6474221653543307
21
0.4018259448818898
0
LINE
8
BLACK
6
CONTINUOUS
10
0.6474221653543307
20
0.4018259448818898
11
0.6471744488188976
21
0.4017766929133858
0
LINE
8
BLACK
6
CONTINUOUS
10
0.6471744488188976
20
0.4017766929133858
11
0.6469311417322835
21
0.4017100393700787
0
LINE
8
BLACK
6
CONTINUOUS
10
0.6469311417322835
20
0.4017100393700787
11
0.6468968897637795
21
0.4017214566929134
0
LINE
8
BLACK
6
CONTINUOUS
10
0.6468968897637795
20
0.4017214566929134
11
0.6468195275590551
21
0.401706062992126
0
LINE
8
BLACK
6
CONTINUOUS
10
0.6468195275590551
20
0.401706062992126
11
0.6440073622047244
21
0.401706062992126
0
LINE
8
BLACK
6
CONTINUOUS
10
0.6440073622047244
20
0.401706062992126
11
0.6439299606299212
21
0.4017214960629921
0
LINE
8
BLACK
6
CONTINUOUS
10
0.6439299606299212
20
0.4017214960629921
11
0.6438957086614173
21
0.4017100393700787
0
LINE
8
BLACK
6
CONTINUOUS
10
0.6438957086614173
20
0.4017100393700787
11
0.6436522440944882
21
0.4017767322834646
0
LINE
8
BLACK
6
CONTINUOUS
10
0.6436522440944882
20
0.4017767322834646
11
0.6434047244094488
21
0.4018259448818898
0
LINE
8
BLACK
6
CONTINUOUS
10
0.6434047244094488
20
0.4018259448818898
11
0.6433791732283465
21
0.4018514960629921
0
LINE
8
BLACK
6
CONTINUOUS
10
0.6433791732283465
20
0.4018514960629921
11
0.6433030708661417
21
0.4018723228346456
0
LINE
8
BLACK
6
CONTINUOUS
10
0.6433030708661417
20
0.4018723228346456
11
0.6414283464566929
21
0.4028096850393701
0
LINE
8
BLACK
6
CONTINUOUS
10
0.6414283464566929
20
0.4028096850393701
11
0.6412291338582677
21
0.4029642913385827
0
LINE
8
BLACK
6
CONTINUOUS
10
0.6412291338582677
20
0.4029642913385827
11
0.6410190157480314
21
0.4031046850393701
0
LINE
8
BLACK
6
CONTINUOUS
10
0.6410190157480314
20
0.4031046850393701
11
0.640081653543307
21
0.4040420866141732
0
LINE
8
BLACK
6
CONTINUOUS
10
0.640081653543307
20
0.4040420866141732
11
0.6399414173228346
21
0.4042520078740157
0
LINE
8
BLACK
6
CONTINUOUS
10
0.6399414173228346
20
0.4042520078740157
11
0.6397866929133859
21
0.4044513385826772
0
LINE
8
BLACK
6
CONTINUOUS
10
0.6397866929133859
20
0.4044513385826772
11
0.6388492913385827
21
0.4063261023622047
0
LINE
8
BLACK
6
CONTINUOUS
10
0.6388492913385827
20
0.4063261023622047
11
0.6388284251968503
21
0.4064022440944882
0
LINE
8
BLACK
6
CONTINUOUS
10
0.6388284251968503
20
0.4064022440944882
11
0.6388029133858267
21
0.4064277559055118
0
LINE
8
BLACK
6
CONTINUOUS
10
0.6388029133858267
20
0.4064277559055118
11
0.6387536614173228
21
0.4066753149606299
0
LINE
8
BLACK
6
CONTINUOUS
10
0.6387536614173228
20
0.4066753149606299
11
0.6386870078740158
21
0.4069187401574803
0
LINE
8
BLACK
6
CONTINUOUS
10
0.6386870078740158
20
0.4069187401574803
11
0.6386984251968504
21
0.406953031496063
0
LINE
8
BLACK
6
CONTINUOUS
10
0.6386984251968504
20
0.406953031496063
11
0.638683031496063
21
0.4070303937007874
0
LINE
8
BLACK
6
CONTINUOUS
10
0.638683031496063
20
0.4070303937007874
11
0.638683031496063
21
0.4145294488188976
0
LINE
8
BLACK
6
CONTINUOUS
10
0.638683031496063
20
0.4145294488188976
11
0.6388029133858267
21
0.4151320866141732
0
LINE
8
BLACK
6
CONTINUOUS
10
0.6388029133858267
20
0.4151320866141732
11
0.6396551968503937
21
0.4159843700787402
0
LINE
8
BLACK
6
CONTINUOUS
10
0.6396551968503937
20
0.4159843700787402
11
0.6402578346456693
21
0.4161042519685039
0
LINE
8
BLACK
6
CONTINUOUS
10
0.6402578346456693
20
0.4161042519685039
11
0.659942874015748
21
0.4161042519685039
0
LINE
8
BLACK
6
CONTINUOUS
10
0.659942874015748
20
0.4161042519685039
11
0.6605455118110236
21
0.4159843700787402
0
LINE
8
BLACK
6
CONTINUOUS
10
0.6418326377952756
20
0.4074022047244095
11
0.6424894881889763
21
0.4060885039370078
0
LINE
8
BLACK
6
CONTINUOUS
10
0.6424894881889763
20
0.4060885039370078
11
0.6430654330708662
21
0.4055124803149606
0
LINE
8
BLACK
6
CONTINUOUS
10
0.6430654330708662
20
0.4055124803149606
11
0.644379094488189
21
0.4048556692913386
0
LINE
8
BLACK
6
CONTINUOUS
10
0.644379094488189
20
0.4048556692913386
11
0.6464477952755905
21
0.4048556692913386
0
LINE
8
BLACK
6
CONTINUOUS
10
0.6464477952755905
20
0.4048556692913386
11
0.6477613779527559
21
0.4055124803149606
0
LINE
8
BLACK
6
CONTINUOUS
10
0.6477613779527559
20
0.4055124803149606
11
0.6483373622047244
21
0.4060885039370078
0
LINE
8
BLACK
6
CONTINUOUS
10
0.6483373622047244
20
0.4060885039370078
11
0.6489942519685039
21
0.4074022047244095
0
LINE
8
BLACK
6
CONTINUOUS
10
0.6489942519685039
20
0.4074022047244095
11
0.6489942519685039
21
0.4129546456692914
0
LINE
8
BLACK
6
CONTINUOUS
10
0.6489942519685039
20
0.4129546456692914
11
0.6418326377952756
21
0.4129546456692914
0
LINE
8
BLACK
6
CONTINUOUS
10
0.6418326377952756
20
0.4129546456692914
11
0.6418326377952756
21
0.4074022047244095
0
LINE
8
BLACK
6
CONTINUOUS
10
0.6763596062992125
20
0.4411887401574803
11
0.6774249606299212
21
0.4401233858267716
0
LINE
8
BLACK
6
CONTINUOUS
10
0.6774249606299212
20
0.4401233858267716
11
0.6775748031496063
21
0.4393700787401575
0
LINE
8
BLACK
6
CONTINUOUS
10
0.6775748031496063
20
0.4393700787401575
11
0.6775748031496063
21
0.3606299212598425
0
LINE
8
BLACK
6
CONTINUOUS
10
0.6775748031496063
20
0.3606299212598425
11
0.6774249606299212
21
0.3598766141732284
0
LINE
8
BLACK
6
CONTINUOUS
10
0.6774249606299212
20
0.3598766141732284
11
0.6763596062992125
21
0.3588112598425197
0
LINE
8
BLACK
6
CONTINUOUS
10
0.6763596062992125
20
0.3588112598425197
11
0.6756062992125984
21
0.3586614173228346
0
LINE
8
BLACK
6
CONTINUOUS
10
0.6756062992125984
20
0.3586614173228346
11
0.6263937007874015
21
0.3586614173228346
0
LINE
8
BLACK
6
CONTINUOUS
10
0.6263937007874015
20
0.3586614173228346
11
0.6256403937007874
21
0.3588112598425197
0
LINE
8
BLACK
6
CONTINUOUS
10
0.6256403937007874
20
0.3588112598425197
11
0.6245750393700787
21
0.3598766141732284
0
LINE
8
BLACK
6
CONTINUOUS
10
0.6245750393700787
20
0.3598766141732284
11
0.6244251968503937
21
0.3606299212598425
0
LINE
8
BLACK
6
CONTINUOUS
10
0.6244251968503937
20
0.3606299212598425
11
0.6244251968503937
21
0.4393700787401575
0
LINE
8
BLACK
6
CONTINUOUS
10
0.6244251968503937
20
0.4393700787401575
11
0.6245750393700787
21
0.4401233858267716
0
LINE
8
BLACK
6
CONTINUOUS
10
0.6245750393700787
20
0.4401233858267716
11
0.6256403937007874
21
0.4411887401574803
0
LINE
8
BLACK
6
CONTINUOUS
10
0.6256403937007874
20
0.4411887401574803
11
0.6263937007874015
21
0.4413385826771654
0
LINE
8
BLACK
6
CONTINUOUS
10
0.6263937007874015
20
0.4413385826771654
11
0.6756062992125984
21
0.4413385826771654
0
LINE
8
BLACK
6
CONTINUOUS
10
0.6756062992125984
20
0.4413385826771654
11
0.6763596062992125
21
0.4411887401574803
0
LINE
8
BLACK
6
CONTINUOUS
10
0.6283622047244094
20
0.4374015748031496
11
0.6283622047244094
21
0.3625984251968504
0
LINE
8
BLACK
6
CONTINUOUS
10
0.6283622047244094
20
0.3625984251968504
11
0.6736377952755905
21
0.3625984251968504
0
LINE
8
BLACK
6
CONTINUOUS
10
0.6736377952755905
20
0.3625984251968504
11
0.6736377952755905
21
0.4374015748031496
0
LINE
8
BLACK
6
CONTINUOUS
10
0.6736377952755905
20
0.4374015748031496
11
0.6283622047244094
21
0.4374015748031496
0
LINE
8
BLACK
6
CONTINUOUS
10
0.3873217716535433
20
0.4121970866141732
11
0.3881740551181102
21
0.4113448031496063
0
LINE
8
BLACK
6
CONTINUOUS
10
0.3881740551181102
20
0.4113448031496063
11
0.3881740551181102
21
0.4101395275590551
0
LINE
8
BLACK
6
CONTINUOUS
10
0.3881740551181102
20
0.4101395275590551
11
0.3873217716535433
21
0.4092872440944882
0
LINE
8
BLACK
6
CONTINUOUS
10
0.3873217716535433
20
0.4092872440944882
11
0.3867191338582677
21
0.4091673622047244
0
LINE
8
BLACK
6
CONTINUOUS
10
0.3867191338582677
20
0.4091673622047244
11
0.3780036614173228
21
0.4091673622047244
0
LINE
8
BLACK
6
CONTINUOUS
10
0.3780036614173228
20
0.4091673622047244
11
0.38228
21
0.4042801181102362
0
LINE
8
BLACK
6
CONTINUOUS
10
0.38228
20
0.4042801181102362
11
0.3825034251968504
21
0.4038920866141732
0
LINE
8
BLACK
6
CONTINUOUS
10
0.3825034251968504
20
0.4038920866141732
11
0.3825497637795275
21
0.403845748031496
0
LINE
8
BLACK
6
CONTINUOUS
10
0.3825497637795275
20
0.403845748031496
11
0.3825497637795275
21
0.4038116535433071
0
LINE
8
BLACK
6
CONTINUOUS
10
0.3825497637795275
20
0.4038116535433071
11
0.3825866141732283
21
0.4037476377952756
0
LINE
8
BLACK
6
CONTINUOUS
10
0.3825866141732283
20
0.4037476377952756
11
0.3825497637795275
21
0.4031947637795276
0
LINE
8
BLACK
6
CONTINUOUS
10
0.3825497637795275
20
0.4031947637795276
11
0.3825497637795275
21
0.4026404724409449
0
LINE
8
BLACK
6
CONTINUOUS
10
0.3825497637795275
20
0.4026404724409449
11
0.382510157480315
21
0.402600905511811
0
LINE
8
BLACK
6
CONTINUOUS
10
0.382510157480315
20
0.402600905511811
11
0.3825064566929134
21
0.402545
0
LINE
8
BLACK
6
CONTINUOUS
10
0.3825064566929134
20
0.402545
11
0.3820891338582677
21
0.4021798818897638
0
LINE
8
BLACK
6
CONTINUOUS
10
0.3820891338582677
20
0.4021798818897638
11
0.3816974803149606
21
0.401788188976378
0
LINE
8
BLACK
6
CONTINUOUS
10
0.3816974803149606
20
0.401788188976378
11
0.3816250393700787
21
0.4017738188976378
0
LINE
8
BLACK
6
CONTINUOUS
10
0.3816250393700787
20
0.4017738188976378
11
0.3815994094488189
21
0.4017513385826771
0
LINE
8
BLACK
6
CONTINUOUS
10
0.3815994094488189
20
0.4017513385826771
11
0.381534094488189
21
0.4017557086614173
0
LINE
8
BLACK
6
CONTINUOUS
10
0.381534094488189
20
0.4017557086614173
11
0.381094842519685
21
0.4016683070866142
0
LINE
8
BLACK
6
CONTINUOUS
10
0.381094842519685
20
0.4016683070866142
11
0.3786544488188976
21
0.4016683070866142
0
LINE
8
BLACK
6
CONTINUOUS
10
0.3786544488188976
20
0.4016683070866142
11
0.3773407086614173
21
0.4010114566929134
0
LINE
8
BLACK
6
CONTINUOUS
10
0.3773407086614173
20
0.4010114566929134
11
0.3767648031496063
21
0.4004355511811024
0
LINE
8
BLACK
6
CONTINUOUS
10
0.3767648031496063
20
0.4004355511811024
11
0.3761079527559055
21
0.399121811023622
0
LINE
8
BLACK
6
CONTINUOUS
10
0.3761079527559055
20
0.399121811023622
11
0.3761079527559055
21
0.3951784645669291
0
LINE
8
BLACK
6
CONTINUOUS
10
0.3761079527559055
20
0.3951784645669291
11
0.3767648031496063
21
0.3938647637795276
0
LINE
8
BLACK
6
CONTINUOUS
10
0.3767648031496063
20
0.3938647637795276
11
0.377340748031496
21
0.3932887401574803
0
LINE
8
BLACK
6
CONTINUOUS
10
0.377340748031496
20
0.3932887401574803
11
0.3786544094488189
21
0.3926319291338582
0
LINE
8
BLACK
6
CONTINUOUS
10
0.3786544094488189
20
0.3926319291338582
11
0.3835352362204724
21
0.3926319291338582
0
LINE
8
BLACK
6
CONTINUOUS
10
0.3835352362204724
20
0.3926319291338582
11
0.3848488976377953
21
0.393288779527559
0
LINE
8
BLACK
6
CONTINUOUS
10
0.3848488976377953
20
0.393288779527559
11
0.3856055511811023
21
0.3940454330708661
0
LINE
8
BLACK
6
CONTINUOUS
10
0.3856055511811023
20
0.3940454330708661
11
0.3861164566929134
21
0.3943868110236221
0
LINE
8
BLACK
6
CONTINUOUS
10
0.3861164566929134
20
0.3943868110236221
11
0.3873217716535433
21
0.3943868110236221
0
LINE
8
BLACK
6
CONTINUOUS
10
0.3873217716535433
20
0.3943868110236221
11
0.3881740551181102
21
0.3935345275590551
0
LINE
8
BLACK
6
CONTINUOUS
10
0.3881740551181102
20
0.3935345275590551
11
0.3881740551181102
21
0.3923292125984252
0
LINE
8
BLACK
6
CONTINUOUS
10
0.3881740551181102
20
0.3923292125984252
11
0.3878326771653543
21
0.3918183070866141
0
LINE
8
BLACK
6
CONTINUOUS
10
0.3878326771653543
20
0.3918183070866141
11
0.3868952755905511
21
0.3908809448818897
0
LINE
8
BLACK
6
CONTINUOUS
10
0.3868952755905511
20
0.3908809448818897
11
0.3866854330708661
21
0.3907407874015748
0
LINE
8
BLACK
6
CONTINUOUS
10
0.3866854330708661
20
0.3907407874015748
11
0.3864859842519685
21
0.3905859448818897
0
LINE
8
BLACK
6
CONTINUOUS
10
0.3864859842519685
20
0.3905859448818897
11
0.384611220472441
21
0.3896485826771653
0
LINE
8
BLACK
6
CONTINUOUS
10
0.384611220472441
20
0.3896485826771653
11
0.3845351181102362
21
0.3896277559055118
0
LINE
8
BLACK
6
CONTINUOUS
10
0.3845351181102362
20
0.3896277559055118
11
0.3845096062992126
21
0.3896022047244094
0
LINE
8
BLACK
6
CONTINUOUS
10
0.3845096062992126
20
0.3896022047244094
11
0.3842618897637795
21
0.3895529527559055
0
LINE
8
BLACK
6
CONTINUOUS
10
0.3842618897637795
20
0.3895529527559055
11
0.3840185826771653
21
0.3894862992125984
0
LINE
8
BLACK
6
CONTINUOUS
10
0.3840185826771653
20
0.3894862992125984
11
0.3839843307086614
21
0.3894977165354331
0
LINE
8
BLACK
6
CONTINUOUS
10
0.3839843307086614
20
0.3894977165354331
11
0.383906968503937
21
0.3894823228346457
0
LINE
8
BLACK
6
CONTINUOUS
10
0.383906968503937
20
0.3894823228346457
11
0.3782826771653543
21
0.3894823228346457
0
LINE
8
BLACK
6
CONTINUOUS
10
0.3782826771653543
20
0.3894823228346457
11
0.3782052755905512
21
0.3894977559055118
0
LINE
8
BLACK
6
CONTINUOUS
10
0.3782052755905512
20
0.3894977559055118
11
0.3781710236220472
21
0.3894862992125984
0
LINE
8
BLACK
6
CONTINUOUS
10
0.3781710236220472
20
0.3894862992125984
11
0.3779275590551181
21
0.3895529921259843
0
LINE
8
BLACK
6
CONTINUOUS
10
0.3779275590551181
20
0.3895529921259843
11
0.3776800393700787
21
0.3896022047244094
0
LINE
8
BLACK
6
CONTINUOUS
10
0.3776800393700787
20
0.3896022047244094
11
0.3776544881889763
21
0.3896277559055118
0
LINE
8
BLACK
6
CONTINUOUS
10
0.3776544881889763
20
0.3896277559055118
11
0.3775783858267717
21
0.3896485826771653
0
LINE
8
BLACK
6
CONTINUOUS
10
0.3775783858267717
20
0.3896485826771653
11
0.3757036614173228
21
0.3905859448818897
0
LINE
8
BLACK
6
CONTINUOUS
10
0.3757036614173228
20
0.3905859448818897
11
0.3755044488188976
21
0.3907405511811023
0
LINE
8
BLACK
6
CONTINUOUS
10
0.3755044488188976
20
0.3907405511811023
11
0.3752943307086614
21
0.3908809448818897
0
LINE
8
BLACK
6
CONTINUOUS
10
0.3752943307086614
20
0.3908809448818897
11
0.374356968503937
21
0.3918183464566929
0
LINE
8
BLACK
6
CONTINUOUS
10
0.374356968503937
20
0.3918183464566929
11
0.3742167322834646
21
0.3920282677165354
0
LINE
8
BLACK
6
CONTINUOUS
10
0.3742167322834646
20
0.3920282677165354
11
0.3740620078740157
21
0.3922275984251968
0
LINE
8
BLACK
6
CONTINUOUS
10
0.3740620078740157
20
0.3922275984251968
11
0.3731246062992126
21
0.3941023622047244
0
LINE
8
BLACK
6
CONTINUOUS
10
0.3731246062992126
20
0.3941023622047244
11
0.3731037401574803
21
0.3941785039370079
0
LINE
8
BLACK
6
CONTINUOUS
10
0.3731037401574803
20
0.3941785039370079
11
0.3730782283464567
21
0.3942040157480315
0
LINE
8
BLACK
6
CONTINUOUS
10
0.3730782283464567
20
0.3942040157480315
11
0.3730289763779527
21
0.3944515748031496
0
LINE
8
BLACK
6
CONTINUOUS
10
0.3730289763779527
20
0.3944515748031496
11
0.3729623228346456
21
0.394695
0
LINE
8
BLACK
6
CONTINUOUS
10
0.3729623228346456
20
0.394695
11
0.3729737401574803
21
0.3947292913385826
0
LINE
8
BLACK
6
CONTINUOUS
10
0.3729737401574803
20
0.3947292913385826
11
0.3729583464566929
21
0.3948066535433071
0
LINE
8
BLACK
6
CONTINUOUS
10
0.3729583464566929
20
0.3948066535433071
11
0.3729583464566929
21
0.3994935826771653
0
LINE
8
BLACK
6
CONTINUOUS
10
0.3729583464566929
20
0.3994935826771653
11
0.3729737401574803
21
0.3995709842519685
0
LINE
8
BLACK
6
CONTINUOUS
10
0.3729737401574803
20
0.3995709842519685
11
0.3729623228346456
21
0.3996052362204724
0
LINE
8
BLACK
6
CONTINUOUS
10
0.3729623228346456
20
0.3996052362204724
11
0.3730289763779527
21
0.3998487007874016
0
LINE
8
BLACK
6
CONTINUOUS
10
0.3730289763779527
20
0.3998487007874016
11
0.3730782283464567
21
0.4000962204724409
0
LINE
8
BLACK
6
CONTINUOUS
10
0.3730782283464567
20
0.4000962204724409
11
0.3731037401574803
21
0.4001217716535433
0
LINE
8
BLACK
6
CONTINUOUS
10
0.3731037401574803
20
0.4001217716535433
11
0.3731246062992126
21
0.400197874015748
0
LINE
8
BLACK
6
CONTINUOUS
10
0.3731246062992126
20
0.400197874015748
11
0.3740620078740157
21
0.4020726377952756
0
LINE
8
BLACK
6
CONTINUOUS
10
0.3740620078740157
20
0.4020726377952756
11
0.3742168897637795
21
0.4022722440944882
0
LINE
8
BLACK
6
CONTINUOUS
10
0.3742168897637795
20
0.4022722440944882
11
0.3743570078740157
21
0.4024818897637795
0
LINE
8
BLACK
6
CONTINUOUS
10
0.3743570078740157
20
0.4024818897637795
11
0.3752943700787402
21
0.4034192519685039
0
LINE
8
BLACK
6
CONTINUOUS
10
0.3752943700787402
20
0.4034192519685039
11
0.3755040157480315
21
0.4035593700787402
0
LINE
8
BLACK
6
CONTINUOUS
10
0.3755040157480315
20
0.4035593700787402
11
0.3757036220472441
21
0.4037142519685039
0
LINE
8
BLACK
6
CONTINUOUS
10
0.3757036220472441
20
0.4037142519685039
11
0.3775783858267717
21
0.4046516535433071
0
LINE
8
BLACK
6
CONTINUOUS
10
0.3775783858267717
20
0.4046516535433071
11
0.3776544881889763
21
0.4046725196850394
0
LINE
8
BLACK
6
CONTINUOUS
10
0.3776544881889763
20
0.4046725196850394
11
0.3776800393700787
21
0.404698031496063
0
LINE
8
BLACK
6
CONTINUOUS
10
0.3776800393700787
20
0.404698031496063
11
0.3777219291338583
21
0.4047063779527559
0
LINE
8
BLACK
6
CONTINUOUS
10
0.3777219291338583
20
0.4047063779527559
11
0.3733479921259842
21
0.4097051574803149
0
LINE
8
BLACK
6
CONTINUOUS
10
0.3733479921259842
20
0.4097051574803149
11
0.3731245275590551
21
0.4100932283464567
0
LINE
8
BLACK
6
CONTINUOUS
10
0.3731245275590551
20
0.4100932283464567
11
0.3730782283464567
21
0.4101395275590551
0
LINE
8
BLACK
6
CONTINUOUS
10
0.3730782283464567
20
0.4101395275590551
11
0.3730782283464567
21
0.4101736614173228
0
LINE
8
BLACK
6
CONTINUOUS
10
0.3730782283464567
20
0.4101736614173228
11
0.3730413779527559
21
0.4102376377952756
0
LINE
8
BLACK
6
CONTINUOUS
10
0.3730413779527559
20
0.4102376377952756
11
0.3730782283464567
21
0.4107905511811024
0
LINE
8
BLACK
6
CONTINUOUS
10
0.3730782283464567
20
0.4107905511811024
11
0.3730782283464567
21
0.4113448031496063
0
LINE
8
BLACK
6
CONTINUOUS
10
0.3730782283464567
20
0.4113448031496063
11
0.3731177952755905
21
0.4113844094488189
0
LINE
8
BLACK
6
CONTINUOUS
10
0.3731177952755905
20
0.4113844094488189
11
0.3731215354330709
21
0.4114402755905512
0
LINE
8
BLACK
6
CONTINUOUS
10
0.3731215354330709
20
0.4114402755905512
11
0.3735387007874016
21
0.4118053149606299
0
LINE
8
BLACK
6
CONTINUOUS
10
0.3735387007874016
20
0.4118053149606299
11
0.3739305118110236
21
0.4121970866141732
0
LINE
8
BLACK
6
CONTINUOUS
10
0.3739305118110236
20
0.4121970866141732
11
0.3740029527559055
21
0.4122115354330709
0
LINE
8
BLACK
6
CONTINUOUS
10
0.3740029527559055
20
0.4122115354330709
11
0.3740286220472441
21
0.412233937007874
0
LINE
8
BLACK
6
CONTINUOUS
10
0.3740286220472441
20
0.412233937007874
11
0.3740938582677165
21
0.4122296062992126
0
LINE
8
BLACK
6
CONTINUOUS
10
0.3740938582677165
20
0.4122296062992126
11
0.3745331496062992
21
0.412316968503937
0
LINE
8
BLACK
6
CONTINUOUS
10
0.3745331496062992
20
0.412316968503937
11
0.3867191338582677
21
0.412316968503937
0
LINE
8
BLACK
6
CONTINUOUS
10
0.3867191338582677
20
0.412316968503937
11
0.3873217716535433
21
0.4121970866141732
0
LINE
8
BLACK
6
CONTINUOUS
10
0.3991527952755906
20
0.412267716535433
11
0.3994031102362204
21
0.4122361417322835
0
LINE
8
BLACK
6
CONTINUOUS
10
0.3994031102362204
20
0.4122361417322835
11
0.4022152362204724
21
0.4112987401574803
0
LINE
8
BLACK
6
CONTINUOUS
10
0.4022152362204724
20
0.4112987401574803
11
0.4022837401574803
21
0.41125968503937
0
LINE
8
BLACK
6
CONTINUOUS
10
0.4022837401574803
20
0.41125968503937
11
0.4023198818897638
21
0.41125968503937
0
LINE
8
BLACK
6
CONTINUOUS
10
0.4023198818897638
20
0.41125968503937
11
0.4025296850393701
21
0.4111194881889764
0
LINE
8
BLACK
6
CONTINUOUS
10
0.4025296850393701
20
0.4111194881889764
11
0.4027490551181102
21
0.4109944488188976
0
LINE
8
BLACK
6
CONTINUOUS
10
0.4027490551181102
20
0.4109944488188976
11
0.4027651968503937
21
0.410962125984252
0
LINE
8
BLACK
6
CONTINUOUS
10
0.4027651968503937
20
0.410962125984252
11
0.4028307874015748
21
0.4109183070866141
0
LINE
8
BLACK
6
CONTINUOUS
10
0.4028307874015748
20
0.4109183070866141
11
0.4047055511811024
21
0.4090435826771653
0
LINE
8
BLACK
6
CONTINUOUS
10
0.4047055511811024
20
0.4090435826771653
11
0.4048458267716535
21
0.4088336614173228
0
LINE
8
BLACK
6
CONTINUOUS
10
0.4048458267716535
20
0.4088336614173228
11
0.4050005511811023
21
0.4086342913385826
0
LINE
8
BLACK
6
CONTINUOUS
10
0.4050005511811023
20
0.4086342913385826
11
0.4059379527559055
21
0.4067595275590551
0
LINE
8
BLACK
6
CONTINUOUS
10
0.4059379527559055
20
0.4067595275590551
11
0.4059835039370079
21
0.4065931496062992
0
LINE
8
BLACK
6
CONTINUOUS
10
0.4059835039370079
20
0.4065931496062992
11
0.4060572047244094
21
0.4064371653543307
0
LINE
8
BLACK
6
CONTINUOUS
10
0.4060572047244094
20
0.4064371653543307
11
0.4069945669291338
21
0.4026876377952756
0
LINE
8
BLACK
6
CONTINUOUS
10
0.4069945669291338
20
0.4026876377952756
11
0.407003937007874
21
0.4024949212598425
0
LINE
8
BLACK
6
CONTINUOUS
10
0.407003937007874
20
0.4024949212598425
11
0.4070415748031496
21
0.4023057086614173
0
LINE
8
BLACK
6
CONTINUOUS
10
0.4070415748031496
20
0.4023057086614173
11
0.4070415748031496
21
0.3994935826771653
0
LINE
8
BLACK
6
CONTINUOUS
10
0.4070415748031496
20
0.3994935826771653
11
0.407003937007874
21
0.3993044094488189
0
LINE
8
BLACK
6
CONTINUOUS
10
0.407003937007874
20
0.3993044094488189
11
0.4069945669291338
21
0.3991116535433071
0
LINE
8
BLACK
6
CONTINUOUS
10
0.4069945669291338
20
0.3991116535433071
11
0.4060572047244094
21
0.395362125984252
0
LINE
8
BLACK
6
CONTINUOUS
10
0.4060572047244094
20
0.395362125984252
11
0.4059835039370079
21
0.3952061811023622
0
LINE
8
BLACK
6
CONTINUOUS
10
0.4059835039370079
20
0.3952061811023622
11
0.4059379527559055
21
0.3950397637795275
0
LINE
8
BLACK
6
CONTINUOUS
10
0.4059379527559055
20
0.3950397637795275
11
0.4050005511811023
21
0.393165
0
LINE
8
BLACK
6
CONTINUOUS
10
0.4050005511811023
20
0.393165
11
0.4048456299212598
21
0.3929654330708661
0
LINE
8
BLACK
6
CONTINUOUS
10
0.4048456299212598
20
0.3929654330708661
11
0.4047055511811024
21
0.392755748031496
0
LINE
8
BLACK
6
CONTINUOUS
10
0.4047055511811024
20
0.392755748031496
11
0.4028308267716535
21
0.3908809448818897
0
LINE
8
BLACK
6
CONTINUOUS
10
0.4028308267716535
20
0.3908809448818897
11
0.4027651968503937
21
0.390837125984252
0
LINE
8
BLACK
6
CONTINUOUS
10
0.4027651968503937
20
0.390837125984252
11
0.4027490551181102
21
0.3908048031496063
0
LINE
8
BLACK
6
CONTINUOUS
10
0.4027490551181102
20
0.3908048031496063
11
0.4025299606299212
21
0.3906799606299213
0
LINE
8
BLACK
6
CONTINUOUS
10
0.4025299606299212
20
0.3906799606299213
11
0.4023199212598425
21
0.3905395669291338
0
LINE
8
BLACK
6
CONTINUOUS
10
0.4023199212598425
20
0.3905395669291338
11
0.4022837401574803
21
0.3905395669291338
0
LINE
8
BLACK
6
CONTINUOUS
10
0.4022837401574803
20
0.3905395669291338
11
0.4022152362204724
21
0.3905005118110236
0
LINE
8
BLACK
6
CONTINUOUS
10
0.4022152362204724
20
0.3905005118110236
11
0.3994031102362204
21
0.3895631496062992
0
LINE
8
BLACK
6
CONTINUOUS
10
0.3994031102362204
20
0.3895631496062992
11
0.3991527952755906
21
0.3895316141732283
0
LINE
8
BLACK
6
CONTINUOUS
10
0.3991527952755906
20
0.3895316141732283
11
0.3989051181102362
21
0.3894823228346457
0
LINE
8
BLACK
6
CONTINUOUS
10
0.3989051181102362
20
0.3894823228346457
11
0.3970303543307087
21
0.3894823228346457
0
LINE
8
BLACK
6
CONTINUOUS
10
0.3970303543307087
20
0.3894823228346457
11
0.3967829133858268
21
0.3895315748031496
0
LINE
8
BLACK
6
CONTINUOUS
10
0.3967829133858268
20
0.3895315748031496
11
0.3965324015748031
21
0.3895631102362205
0
LINE
8
BLACK
6
CONTINUOUS
10
0.3965324015748031
20
0.3895631102362205
11
0.3937201968503937
21
0.3905005118110236
0
LINE
8
BLACK
6
CONTINUOUS
10
0.3937201968503937
20
0.3905005118110236
11
0.3936516929133858
21
0.3905395669291338
0
LINE
8
BLACK
6
CONTINUOUS
10
0.3936516929133858
20
0.3905395669291338
11
0.3936155118110236
21
0.3905395669291338
0
LINE
8
BLACK
6
CONTINUOUS
10
0.3936155118110236
20
0.3905395669291338
11
0.3934053149606299
21
0.3906800393700787
0
LINE
8
BLACK
6
CONTINUOUS
10
0.3934053149606299
20
0.3906800393700787
11
0.3931864173228347
21
0.3908048031496063
0
LINE
8
BLACK
6
CONTINUOUS
10
0.3931864173228347
20
0.3908048031496063
11
0.3931702755905512
21
0.3908370866141732
0
LINE
8
BLACK
6
CONTINUOUS
10
0.3931702755905512
20
0.3908370866141732
11
0.3931046062992126
21
0.3908809448818897
0
LINE
8
BLACK
6
CONTINUOUS
10
0.3931046062992126
20
0.3908809448818897
11
0.3921672440944882
21
0.3918183464566929
0
LINE
8
BLACK
6
CONTINUOUS
10
0.3921672440944882
20
0.3918183464566929
11
0.391825905511811
21
0.3923292519685039
0
LINE
8
BLACK
6
CONTINUOUS
10
0.391825905511811
20
0.3923292519685039
11
0.3918259448818898
21
0.3935345669291339
0
LINE
8
BLACK
6
CONTINUOUS
10
0.3918259448818898
20
0.3935345669291339
11
0.392678188976378
21
0.3943868110236221
0
LINE
8
BLACK
6
CONTINUOUS
10
0.392678188976378
20
0.3943868110236221
11
0.3938835039370079
21
0.3943867716535433
0
LINE
8
BLACK
6
CONTINUOUS
10
0.3938835039370079
20
0.3943867716535433
11
0.3943944094488189
21
0.3940454330708661
0
LINE
8
BLACK
6
CONTINUOUS
10
0.3943944094488189
20
0.3940454330708661
11
0.3950688582677165
21
0.393370905511811
0
LINE
8
BLACK
6
CONTINUOUS
10
0.3950688582677165
20
0.393370905511811
11
0.3972858661417323
21
0.3926319291338582
0
LINE
8
BLACK
6
CONTINUOUS
10
0.3972858661417323
20
0.3926319291338582
11
0.3986496062992126
21
0.3926319291338582
0
LINE
8
BLACK
6
CONTINUOUS
10
0.3986496062992126
20
0.3926319291338582
11
0.4008665354330709
21
0.3933709448818897
0
LINE
8
BLACK
6
CONTINUOUS
10
0.4008665354330709
20
0.3933709448818897
11
0.4022977559055118
21
0.3948021653543307
0
LINE
8
BLACK
6
CONTINUOUS
10
0.4022977559055118
20
0.3948021653543307
11
0.4030435039370079
21
0.3962937401574803
0
LINE
8
BLACK
6
CONTINUOUS
10
0.4030435039370079
20
0.3962937401574803
11
0.403891968503937
21
0.3996874803149606
0
LINE
8
BLACK
6
CONTINUOUS
10
0.403891968503937
20
0.3996874803149606
11
0.403891968503937
21
0.4021118503937008
0
LINE
8
BLACK
6
CONTINUOUS
10
0.403891968503937
20
0.4021118503937008
11
0.4030435039370079
21
0.4055055905511811
0
LINE
8
BLACK
6
CONTINUOUS
10
0.4030435039370079
20
0.4055055905511811
11
0.4022977559055118
21
0.4069971653543307
0
LINE
8
BLACK
6
CONTINUOUS
10
0.4022977559055118
20
0.4069971653543307
11
0.4008665354330709
21
0.4084283858267717
0
LINE
8
BLACK
6
CONTINUOUS
10
0.4008665354330709
20
0.4084283858267717
11
0.3986496062992126
21
0.4091673622047244
0
LINE
8
BLACK
6
CONTINUOUS
10
0.3986496062992126
20
0.4091673622047244
11
0.3972858661417323
21
0.4091673622047244
0
LINE
8
BLACK
6
CONTINUOUS
10
0.3972858661417323
20
0.4091673622047244
11
0.3950688582677165
21
0.4084283858267717
0
LINE
8
BLACK
6
CONTINUOUS
10
0.3950688582677165
20
0.4084283858267717
11
0.3943943700787402
21
0.4077538582677165
0
LINE
8
BLACK
6
CONTINUOUS
10
0.3943943700787402
20
0.4077538582677165
11
0.3938834645669291
21
0.4074124803149606
0
LINE
8
BLACK
6
CONTINUOUS
10
0.3938834645669291
20
0.4074124803149606
11
0.392678188976378
21
0.4074124803149606
0
LINE
8
BLACK
6
CONTINUOUS
10
0.392678188976378
20
0.4074124803149606
11
0.391825905511811
21
0.4082647637795275
0
LINE
8
BLACK
6
CONTINUOUS
10
0.391825905511811
20
0.4082647637795275
11
0.391825905511811
21
0.4094700393700788
0
LINE
8
BLACK
6
CONTINUOUS
10
0.391825905511811
20
0.4094700393700788
11
0.3921672834645669
21
0.4099809448818897
0
LINE
8
BLACK
6
CONTINUOUS
10
0.3921672834645669
20
0.4099809448818897
11
0.3931046456692913
21
0.4109183070866141
0
LINE
8
BLACK
6
CONTINUOUS
10
0.3931046456692913
20
0.4109183070866141
11
0.3931701968503937
21
0.410962125984252
0
LINE
8
BLACK
6
CONTINUOUS
10
0.3931701968503937
20
0.410962125984252
11
0.3931863779527559
21
0.4109944488188976
0
LINE
8
BLACK
6
CONTINUOUS
10
0.3931863779527559
20
0.4109944488188976
11
0.3934057086614173
21
0.4111194881889764
0
LINE
8
BLACK
6
CONTINUOUS
10
0.3934057086614173
20
0.4111194881889764
11
0.3936155511811024
21
0.41125968503937
0
LINE
8
BLACK
6
CONTINUOUS
10
0.3936155511811024
20
0.41125968503937
11
0.3936516929133858
21
0.41125968503937
0
LINE
8
BLACK
6
CONTINUOUS
10
0.3936516929133858
20
0.41125968503937
11
0.3937201968503937
21
0.4112987401574803
0
LINE
8
BLACK
6
CONTINUOUS
10
0.3937201968503937
20
0.4112987401574803
11
0.3965323622047244
21
0.4122361417322835
0
LINE
8
BLACK
6
CONTINUOUS
10
0.3965323622047244
20
0.4122361417322835
11
0.3967826377952756
21
0.412267716535433
0
LINE
8
BLACK
6
CONTINUOUS
10
0.3967826377952756
20
0.412267716535433
11
0.3970303543307087
21
0.412316968503937
0
LINE
8
BLACK
6
CONTINUOUS
10
0.3970303543307087
20
0.412316968503937
11
0.3989051181102362
21
0.412316968503937
0
LINE
8
BLACK
6
CONTINUOUS
10
0.3989051181102362
20
0.412316968503937
11
0.3991527952755906
21
0.412267716535433
0
LINE
8
BLACK
6
CONTINUOUS
10
0.4301233858267716
20
0.4264249606299212
11
0.4311887401574803
21
0.4253596062992126
0
LINE
8
BLACK
6
CONTINUOUS
10
0.4311887401574803
20
0.4253596062992126
11
0.4313385826771653
21
0.4246062992125984
0
LINE
8
BLACK
6
CONTINUOUS
10
0.4313385826771653
20
0.4246062992125984
11
0.4313385826771653
21
0.3753937007874016
0
LINE
8
BLACK
6
CONTINUOUS
10
0.4313385826771653
20
0.3753937007874016
11
0.4311887401574803
21
0.3746403937007874
0
LINE
8
BLACK
6
CONTINUOUS
10
0.4311887401574803
20
0.3746403937007874
11
0.4301233858267716
21
0.3735750393700787
0
LINE
8
BLACK
6
CONTINUOUS
10
0.4301233858267716
20
0.3735750393700787
11
0.4293700787401575
21
0.3734251968503937
0
LINE
8
BLACK
6
CONTINUOUS
10
0.4293700787401575
20
0.3734251968503937
11
0.3506299212598425
21
0.3734251968503937
0
LINE
8
BLACK
6
CONTINUOUS
10
0.3506299212598425
20
0.3734251968503937
11
0.3498766141732284
21
0.3735750393700787
0
LINE
8
BLACK
6
CONTINUOUS
10
0.3498766141732284
20
0.3735750393700787
11
0.3488112598425196
21
0.3746403937007874
0
LINE
8
BLACK
6
CONTINUOUS
10
0.3488112598425196
20
0.3746403937007874
11
0.3486614173228346
21
0.3753937007874016
0
LINE
8
BLACK
6
CONTINUOUS
10
0.3486614173228346
20
0.3753937007874016
11
0.3486614173228346
21
0.4246062992125984
0
LINE
8
BLACK
6
CONTINUOUS
10
0.3486614173228346
20
0.4246062992125984
11
0.3488112598425196
21
0.4253596062992126
0
LINE
8
BLACK
6
CONTINUOUS
10
0.3488112598425196
20
0.4253596062992126
11
0.3498766141732284
21
0.4264249606299212
0
LINE
8
BLACK
6
CONTINUOUS
10
0.3498766141732284
20
0.4264249606299212
11
0.3506299212598425
21
0.4265748031496063
0
LINE
8
BLACK
6
CONTINUOUS
10
0.3506299212598425
20
0.4265748031496063
11
0.4293700787401575
21
0.4265748031496063
0
LINE
8
BLACK
6
CONTINUOUS
10
0.4293700787401575
20
0.4265748031496063
11
0.4301233858267716
21
0.4264249606299212
0
LINE
8
BLACK
6
CONTINUOUS
10
0.3525984251968504
20
0.4226377952755905
11
0.3525984251968504
21
0.3773622047244095
0
LINE
8
BLACK
6
CONTINUOUS
10
0.3525984251968504
20
0.3773622047244095
11
0.4274015748031496
21
0.3773622047244095
0
LINE
8
BLACK
6
CONTINUOUS
10
0.4274015748031496
20
0.3773622047244095
11
0.4274015748031496
21
0.4226377952755905
0
LINE
8
BLACK
6
CONTINUOUS
10
0.4274015748031496
20
0.4226377952755905
11
0.3525984251968504
21
0.4226377952755905
0
LINE
8
BLACK
6
CONTINUOUS
10
0.2356386614173228
20
0.4213598425196851
11
0.2357366535433071
21
0.4213192519685039
0
LINE
8
BLACK
6
CONTINUOUS
10
0.2357366535433071
20
0.4213192519685039
11
0.2358424803149606
21
0.4213117322834646
0
LINE
8
BLACK
6
CONTINUOUS
10
0.2358424803149606
20
0.4213117322834646
11
0.2363831102362205
21
0.4211048425196851
0
LINE
8
BLACK
6
CONTINUOUS
10
0.2363831102362205
20
0.4211048425196851
11
0.2401326377952756
21
0.4192300787401575
0
LINE
8
BLACK
6
CONTINUOUS
10
0.2401326377952756
20
0.4192300787401575
11
0.2403806299212598
21
0.4190740157480315
0
LINE
8
BLACK
6
CONTINUOUS
10
0.2403806299212598
20
0.4190740157480315
11
0.2404525984251968
21
0.4190441732283465
0
LINE
8
BLACK
6
CONTINUOUS
10
0.2404525984251968
20
0.4190441732283465
11
0.2405335433070866
21
0.4189777165354331
0
LINE
8
BLACK
6
CONTINUOUS
10
0.2405335433070866
20
0.4189777165354331
11
0.2406225196850394
21
0.4189217322834646
0
LINE
8
BLACK
6
CONTINUOUS
10
0.2406225196850394
20
0.4189217322834646
11
0.2406736614173228
21
0.4188627559055118
0
LINE
8
BLACK
6
CONTINUOUS
10
0.2406736614173228
20
0.4188627559055118
11
0.2409000393700787
21
0.418676968503937
0
LINE
8
BLACK
6
CONTINUOUS
10
0.2409000393700787
20
0.418676968503937
11
0.2427748031496063
21
0.4168022047244094
0
LINE
8
BLACK
6
CONTINUOUS
10
0.2427748031496063
20
0.4168022047244094
11
0.2429605511811024
21
0.4165758661417323
0
LINE
8
BLACK
6
CONTINUOUS
10
0.2429605511811024
20
0.4165758661417323
11
0.2430195669291338
21
0.4165246850393701
0
LINE
8
BLACK
6
CONTINUOUS
10
0.2430195669291338
20
0.4165246850393701
11
0.2430755118110236
21
0.4164357480314961
0
LINE
8
BLACK
6
CONTINUOUS
10
0.2430755118110236
20
0.4164357480314961
11
0.2431420078740157
21
0.4163547637795276
0
LINE
8
BLACK
6
CONTINUOUS
10
0.2431420078740157
20
0.4163547637795276
11
0.243171811023622
21
0.4162828346456693
0
LINE
8
BLACK
6
CONTINUOUS
10
0.243171811023622
20
0.4162828346456693
11
0.2433279133858268
21
0.4160348031496063
0
LINE
8
BLACK
6
CONTINUOUS
10
0.2433279133858268
20
0.4160348031496063
11
0.2452026771653543
21
0.4122852755905512
0
LINE
8
BLACK
6
CONTINUOUS
10
0.2452026771653543
20
0.4122852755905512
11
0.245218779527559
21
0.412243188976378
0
LINE
8
BLACK
6
CONTINUOUS
10
0.245218779527559
20
0.412243188976378
11
0.2452314960629921
21
0.4122260236220472
0
LINE
8
BLACK
6
CONTINUOUS
10
0.2452314960629921
20
0.4122260236220472
11
0.2453177952755906
21
0.4119844488188976
0
LINE
8
BLACK
6
CONTINUOUS
10
0.2453177952755906
20
0.4119844488188976
11
0.2454095669291338
21
0.4117446850393701
0
LINE
8
BLACK
6
CONTINUOUS
10
0.2454095669291338
20
0.4117446850393701
11
0.245411062992126
21
0.4117234251968504
0
LINE
8
BLACK
6
CONTINUOUS
10
0.245411062992126
20
0.4117234251968504
11
0.2454262598425197
21
0.411680905511811
0
LINE
8
BLACK
6
CONTINUOUS
10
0.2454262598425197
20
0.411680905511811
11
0.2473010236220472
21
0.4041818503937008
0
LINE
8
BLACK
6
CONTINUOUS
10
0.2473010236220472
20
0.4041818503937008
11
0.2473157874015748
21
0.4040820078740157
0
LINE
8
BLACK
6
CONTINUOUS
10
0.2473157874015748
20
0.4040820078740157
11
0.2473324409448819
21
0.4040417716535433
0
LINE
8
BLACK
6
CONTINUOUS
10
0.2473324409448819
20
0.4040417716535433
11
0.247353779527559
21
0.4038247637795275
0
LINE
8
BLACK
6
CONTINUOUS
10
0.247353779527559
20
0.4038247637795275
11
0.2473856692913386
21
0.4036092519685039
0
LINE
8
BLACK
6
CONTINUOUS
10
0.2473856692913386
20
0.4036092519685039
11
0.2473792519685039
21
0.4035662598425197
0
LINE
8
BLACK
6
CONTINUOUS
10
0.2473792519685039
20
0.4035662598425197
11
0.2473891732283464
21
0.4034657086614173
0
LINE
8
BLACK
6
CONTINUOUS
10
0.2473891732283464
20
0.4034657086614173
11
0.2473891732283464
21
0.3940918897637795
0
LINE
8
BLACK
6
CONTINUOUS
10
0.2473891732283464
20
0.3940918897637795
11
0.2473792519685039
21
0.3939913779527559
0
LINE
8
BLACK
6
CONTINUOUS
10
0.2473792519685039
20
0.3939913779527559
11
0.2473856692913386
21
0.3939483464566929
0
LINE
8
BLACK
6
CONTINUOUS
10
0.2473856692913386
20
0.3939483464566929
11
0.247353779527559
21
0.393732874015748
0
LINE
8
BLACK
6
CONTINUOUS
10
0.247353779527559
20
0.393732874015748
11
0.2473324409448819
21
0.3935158267716535
0
LINE
8
BLACK
6
CONTINUOUS
10
0.2473324409448819
20
0.3935158267716535
11
0.2473157874015748
21
0.3934756299212598
0
LINE
8
BLACK
6
CONTINUOUS
10
0.2473157874015748
20
0.3934756299212598
11
0.2473010236220472
21
0.3933757480314961
0
LINE
8
BLACK
6
CONTINUOUS
10
0.2473010236220472
20
0.3933757480314961
11
0.2454262598425197
21
0.3858766929133858
0
LINE
8
BLACK
6
CONTINUOUS
10
0.2454262598425197
20
0.3858766929133858
11
0.245411062992126
21
0.3858342125984252
0
LINE
8
BLACK
6
CONTINUOUS
10
0.245411062992126
20
0.3858342125984252
11
0.2454095669291338
21
0.3858129133858267
0
LINE
8
BLACK
6
CONTINUOUS
10
0.2454095669291338
20
0.3858129133858267
11
0.2453177952755906
21
0.3855731889763779
0
LINE
8
BLACK
6
CONTINUOUS
10
0.2453177952755906
20
0.3855731889763779
11
0.2452314960629921
21
0.3853315748031496
0
LINE
8
BLACK
6
CONTINUOUS
10
0.2452314960629921
20
0.3853315748031496
11
0.245218779527559
21
0.3853144488188976
0
LINE
8
BLACK
6
CONTINUOUS
10
0.245218779527559
20
0.3853144488188976
11
0.2452026771653543
21
0.3852723228346457
0
LINE
8
BLACK
6
CONTINUOUS
10
0.2452026771653543
20
0.3852723228346457
11
0.2433279133858268
21
0.3815227952755905
0
LINE
8
BLACK
6
CONTINUOUS
10
0.2433279133858268
20
0.3815227952755905
11
0.2431718503937008
21
0.3812749212598425
0
LINE
8
BLACK
6
CONTINUOUS
10
0.2431718503937008
20
0.3812749212598425
11
0.2431420472440945
21
0.381202874015748
0
LINE
8
BLACK
6
CONTINUOUS
10
0.2431420472440945
20
0.381202874015748
11
0.2430755118110236
21
0.3811218503937008
0
LINE
8
BLACK
6
CONTINUOUS
10
0.2430755118110236
20
0.3811218503937008
11
0.2430195669291338
21
0.3810329133858268
0
LINE
8
BLACK
6
CONTINUOUS
10
0.2430195669291338
20
0.3810329133858268
11
0.2429605511811024
21
0.3809817716535433
0
LINE
8
BLACK
6
CONTINUOUS
10
0.2429605511811024
20
0.3809817716535433
11
0.2427748031496063
21
0.3807553937007874
0
LINE
8
BLACK
6
CONTINUOUS
10
0.2427748031496063
20
0.3807553937007874
11
0.2409000787401575
21
0.3788806299212598
0
LINE
8
BLACK
6
CONTINUOUS
10
0.2409000787401575
20
0.3788806299212598
11
0.2406737007874016
21
0.3786948818897637
0
LINE
8
BLACK
6
CONTINUOUS
10
0.2406737007874016
20
0.3786948818897637
11
0.2406225196850394
21
0.3786358267716535
0
LINE
8
BLACK
6
CONTINUOUS
10
0.2406225196850394
20
0.3786358267716535
11
0.2405335433070866
21
0.378579842519685
0
LINE
8
BLACK
6
CONTINUOUS
10
0.2405335433070866
20
0.378579842519685
11
0.2404525984251968
21
0.3785133858267716
0
LINE
8
BLACK
6
CONTINUOUS
10
0.2404525984251968
20
0.3785133858267716
11
0.2403806299212598
21
0.3784835826771654
0
LINE
8
BLACK
6
CONTINUOUS
10
0.2403806299212598
20
0.3784835826771654
11
0.2401326377952756
21
0.3783274803149606
0
LINE
8
BLACK
6
CONTINUOUS
10
0.2401326377952756
20
0.3783274803149606
11
0.2363831102362205
21
0.3764527165354331
0
LINE
8
BLACK
6
CONTINUOUS
10
0.2363831102362205
20
0.3764527165354331
11
0.2358424803149606
21
0.3762458267716535
0
LINE
8
BLACK
6
CONTINUOUS
10
0.2358424803149606
20
0.3762458267716535
11
0.2357366535433071
21
0.3762383464566929
0
LINE
8
BLACK
6
CONTINUOUS
10
0.2357366535433071
20
0.3762383464566929
11
0.2356386614173228
21
0.376197716535433
0
LINE
8
BLACK
6
CONTINUOUS
10
0.2356386614173228
20
0.376197716535433
11
0.2350625984251968
21
0.3761409842519685
0
LINE
8
BLACK
6
CONTINUOUS
10
0.2350625984251968
20
0.3761409842519685
11
0.2313130708661417
21
0.3761409842519685
0
LINE
8
BLACK
6
CONTINUOUS
10
0.2313130708661417
20
0.3761409842519685
11
0.2307370078740157
21
0.376197716535433
0
LINE
8
BLACK
6
CONTINUOUS
10
0.2307370078740157
20
0.376197716535433
11
0.2306390157480315
21
0.3762383070866142
0
LINE
8
BLACK
6
CONTINUOUS
10
0.2306390157480315
20
0.3762383070866142
11
0.2305331496062992
21
0.3762458267716535
0
LINE
8
BLACK
6
CONTINUOUS
10
0.2305331496062992
20
0.3762458267716535
11
0.2299925590551181
21
0.3764527165354331
0
LINE
8
BLACK
6
CONTINUOUS
10
0.2299925590551181
20
0.3764527165354331
11
0.226243031496063
21
0.3783274803149606
0
LINE
8
BLACK
6
CONTINUOUS
10
0.226243031496063
20
0.3783274803149606
11
0.225995
21
0.3784835826771654
0
LINE
8
BLACK
6
CONTINUOUS
10
0.225995
20
0.3784835826771654
11
0.2259230708661417
21
0.3785133858267716
0
LINE
8
BLACK
6
CONTINUOUS
10
0.2259230708661417
20
0.3785133858267716
11
0.2258420866141732
21
0.378579842519685
0
LINE
8
BLACK
6
CONTINUOUS
10
0.2258420866141732
20
0.378579842519685
11
0.2257531496062992
21
0.3786358267716535
0
LINE
8
BLACK
6
CONTINUOUS
10
0.2257531496062992
20
0.3786358267716535
11
0.2257019291338583
21
0.3786948818897637
0
LINE
8
BLACK
6
CONTINUOUS
10
0.2257019291338583
20
0.3786948818897637
11
0.2254755905511811
21
0.3788806299212598
0
LINE
8
BLACK
6
CONTINUOUS
10
0.2254755905511811
20
0.3788806299212598
11
0.2236008267716535
21
0.3807554330708661
0
LINE
8
BLACK
6
CONTINUOUS
10
0.2236008267716535
20
0.3807554330708661
11
0.2234150787401575
21
0.3809817716535433
0
LINE
8
BLACK
6
CONTINUOUS
10
0.2234150787401575
20
0.3809817716535433
11
0.2233561023622047
21
0.3810329133858268
0
LINE
8
BLACK
6
CONTINUOUS
10
0.2233561023622047
20
0.3810329133858268
11
0.2233001181102362
21
0.3811218503937008
0
LINE
8
BLACK
6
CONTINUOUS
10
0.2233001181102362
20
0.3811218503937008
11
0.2232336220472441
21
0.381202874015748
0
LINE
8
BLACK
6
CONTINUOUS
10
0.2232336220472441
20
0.381202874015748
11
0.223203779527559
21
0.3812749212598425
0
LINE
8
BLACK
6
CONTINUOUS
10
0.223203779527559
20
0.3812749212598425
11
0.2230477559055118
21
0.3815227952755905
0
LINE
8
BLACK
6
CONTINUOUS
10
0.2230477559055118
20
0.3815227952755905
11
0.2211729921259842
21
0.3852723228346457
0
LINE
8
BLACK
6
CONTINUOUS
10
0.2211729921259842
20
0.3852723228346457
11
0.2211568503937008
21
0.3853144488188976
0
LINE
8
BLACK
6
CONTINUOUS
10
0.2211568503937008
20
0.3853144488188976
11
0.2211441732283465
21
0.3853315748031496
0
LINE
8
BLACK
6
CONTINUOUS
10
0.2211441732283465
20
0.3853315748031496
11
0.2210577165354331
21
0.3855735433070866
0
LINE
8
BLACK
6
CONTINUOUS
10
0.2210577165354331
20
0.3855735433070866
11
0.2209661023622047
21
0.3858129527559055
0
LINE
8
BLACK
6
CONTINUOUS
10
0.2209661023622047
20
0.3858129527559055
11
0.2209645669291339
21
0.3858342125984252
0
LINE
8
BLACK
6
CONTINUOUS
10
0.2209645669291339
20
0.3858342125984252
11
0.2209494094488189
21
0.3858766929133858
0
LINE
8
BLACK
6
CONTINUOUS
10
0.2209494094488189
20
0.3858766929133858
11
0.2190746456692913
21
0.3933757480314961
0
LINE
8
BLACK
6
CONTINUOUS
10
0.2190746456692913
20
0.3933757480314961
11
0.219059842519685
21
0.3934756299212598
0
LINE
8
BLACK
6
CONTINUOUS
10
0.219059842519685
20
0.3934756299212598
11
0.2190432283464567
21
0.3935158267716535
0
LINE
8
BLACK
6
CONTINUOUS
10
0.2190432283464567
20
0.3935158267716535
11
0.2190218503937008
21
0.393732874015748
0
LINE
8
BLACK
6
CONTINUOUS
10
0.2190218503937008
20
0.393732874015748
11
0.21899
21
0.3939483464566929
0
LINE
8
BLACK
6
CONTINUOUS
10
0.21899
20
0.3939483464566929
11
0.2189963779527559
21
0.3939913779527559
0
LINE
8
BLACK
6
CONTINUOUS
10
0.2189963779527559
20
0.3939913779527559
11
0.2189864960629921
21
0.3940918897637795
0
LINE
8
BLACK
6
CONTINUOUS
10
0.2189864960629921
20
0.3940918897637795
11
0.2189864960629921
21
0.4034657086614173
0
LINE
8
BLACK
6
CONTINUOUS
10
0.2189864960629921
20
0.4034657086614173
11
0.2189963779527559
21
0.4035662598425197
0
LINE
8
BLACK
6
CONTINUOUS
10
0.2189963779527559
20
0.4035662598425197
11
0.21899
21
0.4036092519685039
0
LINE
8
BLACK
6
CONTINUOUS
10
0.21899
20
0.4036092519685039
11
0.2190218503937008
21
0.4038247637795275
0
LINE
8
BLACK
6
CONTINUOUS
10
0.2190218503937008
20
0.4038247637795275
11
0.2190432283464567
21
0.4040417716535433
0
LINE
8
BLACK
6
CONTINUOUS
10
0.2190432283464567
20
0.4040417716535433
11
0.219059842519685
21
0.4040820078740157
0
LINE
8
BLACK
6
CONTINUOUS
10
0.219059842519685
20
0.4040820078740157
11
0.2190746456692913
21
0.4041818503937008
0
LINE
8
BLACK
6
CONTINUOUS
10
0.2190746456692913
20
0.4041818503937008
11
0.2209494094488189
21
0.411680905511811
0
LINE
8
BLACK
6
CONTINUOUS
10
0.2209494094488189
20
0.411680905511811
11
0.2209645669291339
21
0.4117234251968504
0
LINE
8
BLACK
6
CONTINUOUS
10
0.2209645669291339
20
0.4117234251968504
11
0.2209661023622047
21
0.4117446456692913
0
LINE
8
BLACK
6
CONTINUOUS
10
0.2209661023622047
20
0.4117446456692913
11
0.2210577165354331
21
0.411984094488189
0
LINE
8
BLACK
6
CONTINUOUS
10
0.2210577165354331
20
0.411984094488189
11
0.2211441732283465
21
0.4122260236220472
0
LINE
8
BLACK
6
CONTINUOUS
10
0.2211441732283465
20
0.4122260236220472
11
0.2211568503937008
21
0.412243188976378
0
LINE
8
BLACK
6
CONTINUOUS
10
0.2211568503937008
20
0.412243188976378
11
0.2211729921259842
21
0.4122852755905512
0
LINE
8
BLACK
6
CONTINUOUS
10
0.2211729921259842
20
0.4122852755905512
11
0.2230477559055118
21
0.4160348031496063
0
LINE
8
BLACK
6
CONTINUOUS
10
0.2230477559055118
20
0.4160348031496063
11
0.2232038188976378
21
0.4162828346456693
0
LINE
8
BLACK
6
CONTINUOUS
10
0.2232038188976378
20
0.4162828346456693
11
0.2232336614173228
21
0.4163547637795276
0
LINE
8
BLACK
6
CONTINUOUS
10
0.2232336614173228
20
0.4163547637795276
11
0.2233001181102362
21
0.4164357480314961
0
LINE
8
BLACK
6
CONTINUOUS
10
0.2233001181102362
20
0.4164357480314961
11
0.2233561023622047
21
0.4165246850393701
0
LINE
8
BLACK
6
CONTINUOUS
10
0.2233561023622047
20
0.4165246850393701
11
0.2234150787401575
21
0.4165758661417323
0
LINE
8
BLACK
6
CONTINUOUS
10
0.2234150787401575
20
0.4165758661417323
11
0.2236008661417323
21
0.4168022047244094
0
LINE
8
BLACK
6
CONTINUOUS
10
0.2236008661417323
20
0.4168022047244094
11
0.2254756299212598
21
0.418676968503937
0
LINE
8
BLACK
6
CONTINUOUS
10
0.2254756299212598
20
0.418676968503937
11
0.225701968503937
21
0.4188627559055118
0
LINE
8
BLACK
6
CONTINUOUS
10
0.225701968503937
20
0.4188627559055118
11
0.2257531496062992
21
0.4189217322834646
0
LINE
8
BLACK
6
CONTINUOUS
10
0.2257531496062992
20
0.4189217322834646
11
0.2258420866141732
21
0.4189777165354331
0
LINE
8
BLACK
6
CONTINUOUS
10
0.2258420866141732
20
0.4189777165354331
11
0.2259230708661417
21
0.4190441732283465
0
LINE
8
BLACK
6
CONTINUOUS
10
0.2259230708661417
20
0.4190441732283465
11
0.225995
21
0.4190740157480315
0
LINE
8
BLACK
6
CONTINUOUS
10
0.225995
20
0.4190740157480315
11
0.226243031496063
21
0.4192300787401575
0
LINE
8
BLACK
6
CONTINUOUS
10
0.226243031496063
20
0.4192300787401575
11
0.2299925590551181
21
0.4211048425196851
0
LINE
8
BLACK
6
CONTINUOUS
10
0.2299925590551181
20
0.4211048425196851
11
0.2305331496062992
21
0.4213117322834646
0
LINE
8
BLACK
6
CONTINUOUS
10
0.2305331496062992
20
0.4213117322834646
11
0.2306390157480315
21
0.4213192913385826
0
LINE
8
BLACK
6
CONTINUOUS
10
0.2306390157480315
20
0.4213192913385826
11
0.2307370078740157
21
0.4213598425196851
0
LINE
8
BLACK
6
CONTINUOUS
10
0.2307370078740157
20
0.4213598425196851
11
0.2313130708661417
21
0.4214165748031496
0
LINE
8
BLACK
6
CONTINUOUS
10
0.2313130708661417
20
0.4214165748031496
11
0.2350625984251968
21
0.4214165748031496
0
LINE
8
BLACK
6
CONTINUOUS
10
0.2350625984251968
20
0.4214165748031496
11
0.2356386614173228
21
0.4213598425196851
0
LINE
8
BLACK
6
CONTINUOUS
10
0.2293126377952756
20
0.4141623228346457
11
0.2281155118110236
21
0.4129651968503937
0
LINE
8
BLACK
6
CONTINUOUS
10
0.2281155118110236
20
0.4129651968503937
11
0.2266
21
0.4099342125984252
0
LINE
8
BLACK
6
CONTINUOUS
10
0.2266
20
0.4099342125984252
11
0.2248920078740158
21
0.4031021653543307
0
LINE
8
BLACK
6
CONTINUOUS
10
0.2248920078740158
20
0.4031021653543307
11
0.2248920078740158
21
0.3944554330708661
0
LINE
8
BLACK
6
CONTINUOUS
10
0.2248920078740158
20
0.3944554330708661
11
0.2266
21
0.3876233858267716
0
LINE
8
BLACK
6
CONTINUOUS
10
0.2266
20
0.3876233858267716
11
0.2281155118110236
21
0.3845924015748031
0
LINE
8
BLACK
6
CONTINUOUS
10
0.2281155118110236
20
0.3845924015748031
11
0.2293126377952756
21
0.3833952362204724
0
LINE
8
BLACK
6
CONTINUOUS
10
0.2293126377952756
20
0.3833952362204724
11
0.2320101181102362
21
0.3820464960629921
0
LINE
8
BLACK
6
CONTINUOUS
10
0.2320101181102362
20
0.3820464960629921
11
0.2343655511811024
21
0.3820464960629921
0
LINE
8
BLACK
6
CONTINUOUS
10
0.2343655511811024
20
0.3820464960629921
11
0.2370629921259843
21
0.3833952362204724
0
LINE
8
BLACK
6
CONTINUOUS
10
0.2370629921259843
20
0.3833952362204724
11
0.2382601181102362
21
0.3845924015748031
0
LINE
8
BLACK
6
CONTINUOUS
10
0.2382601181102362
20
0.3845924015748031
11
0.2397756299212598
21
0.3876233858267716
0
LINE
8
BLACK
6
CONTINUOUS
10
0.2397756299212598
20
0.3876233858267716
11
0.2414836614173228
21
0.3944554330708661
0
LINE
8
BLACK
6
CONTINUOUS
10
0.2414836614173228
20
0.3944554330708661
11
0.2414836614173228
21
0.4031021653543307
0
LINE
8
BLACK
6
CONTINUOUS
10
0.2414836614173228
20
0.4031021653543307
11
0.2397756299212598
21
0.4099342125984252
0
LINE
8
BLACK
6
CONTINUOUS
10
0.2397756299212598
20
0.4099342125984252
11
0.238260157480315
21
0.4129651968503937
0
LINE
8
BLACK
6
CONTINUOUS
10
0.238260157480315
20
0.4129651968503937
11
0.237063031496063
21
0.4141623228346457
0
LINE
8
BLACK
6
CONTINUOUS
10
0.237063031496063
20
0.4141623228346457
11
0.2343655511811024
21
0.415511062992126
0
LINE
8
BLACK
6
CONTINUOUS
10
0.2343655511811024
20
0.415511062992126
11
0.2320101181102362
21
0.415511062992126
0
LINE
8
BLACK
6
CONTINUOUS
10
0.2320101181102362
20
0.415511062992126
11
0.2293126377952756
21
0.4141623228346457
0
LINE
8
BLACK
6
CONTINUOUS
10
0.2731339763779527
20
0.4213598425196851
11
0.273231968503937
21
0.4213192519685039
0
LINE
8
BLACK
6
CONTINUOUS
10
0.273231968503937
20
0.4213192519685039
11
0.2733377952755905
21
0.4213117322834646
0
LINE
8
BLACK
6
CONTINUOUS
10
0.2733377952755905
20
0.4213117322834646
11
0.2738784251968504
21
0.4211048425196851
0
LINE
8
BLACK
6
CONTINUOUS
10
0.2738784251968504
20
0.4211048425196851
11
0.2776279527559055
21
0.4192300787401575
0
LINE
8
BLACK
6
CONTINUOUS
10
0.2776279527559055
20
0.4192300787401575
11
0.2778759448818898
21
0.4190740157480315
0
LINE
8
BLACK
6
CONTINUOUS
10
0.2778759448818898
20
0.4190740157480315
11
0.2779479133858268
21
0.4190441732283465
0
LINE
8
BLACK
6
CONTINUOUS
10
0.2779479133858268
20
0.4190441732283465
11
0.2780288582677165
21
0.4189777165354331
0
LINE
8
BLACK
6
CONTINUOUS
10
0.2780288582677165
20
0.4189777165354331
11
0.2781178346456693
21
0.4189217322834646
0
LINE
8
BLACK
6
CONTINUOUS
10
0.2781178346456693
20
0.4189217322834646
11
0.2781689763779527
21
0.4188627559055118
0
LINE
8
BLACK
6
CONTINUOUS
10
0.2781689763779527
20
0.4188627559055118
11
0.2783953543307087
21
0.418676968503937
0
LINE
8
BLACK
6
CONTINUOUS
10
0.2783953543307087
20
0.418676968503937
11
0.2802701181102362
21
0.4168022047244094
0
LINE
8
BLACK
6
CONTINUOUS
10
0.2802701181102362
20
0.4168022047244094
11
0.2804558661417323
21
0.4165758661417323
0
LINE
8
BLACK
6
CONTINUOUS
10
0.2804558661417323
20
0.4165758661417323
11
0.2805148818897638
21
0.4165246850393701
0
LINE
8
BLACK
6
CONTINUOUS
10
0.2805148818897638
20
0.4165246850393701
11
0.2805708267716535
21
0.4164357480314961
0
LINE
8
BLACK
6
CONTINUOUS
10
0.2805708267716535
20
0.4164357480314961
11
0.2806373228346457
21
0.4163547637795276
0
LINE
8
BLACK
6
CONTINUOUS
10
0.2806373228346457
20
0.4163547637795276
11
0.280667125984252
21
0.4162828346456693
0
LINE
8
BLACK
6
CONTINUOUS
10
0.280667125984252
20
0.4162828346456693
11
0.2808232283464567
21
0.4160348031496063
0
LINE
8
BLACK
6
CONTINUOUS
10
0.2808232283464567
20
0.4160348031496063
11
0.2826979921259842
21
0.4122852755905512
0
LINE
8
BLACK
6
CONTINUOUS
10
0.2826979921259842
20
0.4122852755905512
11
0.282714094488189
21
0.412243188976378
0
LINE
8
BLACK
6
CONTINUOUS
10
0.282714094488189
20
0.412243188976378
11
0.282726811023622
21
0.4122260236220472
0
LINE
8
BLACK
6
CONTINUOUS
10
0.282726811023622
20
0.4122260236220472
11
0.2828131102362205
21
0.4119844488188976
0
LINE
8
BLACK
6
CONTINUOUS
10
0.2828131102362205
20
0.4119844488188976
11
0.2829048818897638
21
0.4117446850393701
0
LINE
8
BLACK
6
CONTINUOUS
10
0.2829048818897638
20
0.4117446850393701
11
0.2829063779527559
21
0.4117234251968504
0
LINE
8
BLACK
6
CONTINUOUS
10
0.2829063779527559
20
0.4117234251968504
11
0.2829215748031496
21
0.411680905511811
0
LINE
8
BLACK
6
CONTINUOUS
10
0.2829215748031496
20
0.411680905511811
11
0.2847963385826772
21
0.4041818503937008
0
LINE
8
BLACK
6
CONTINUOUS
10
0.2847963385826772
20
0.4041818503937008
11
0.2848111023622047
21
0.4040820078740157
0
LINE
8
BLACK
6
CONTINUOUS
10
0.2848111023622047
20
0.4040820078740157
11
0.2848277559055118
21
0.4040417716535433
0
LINE
8
BLACK
6
CONTINUOUS
10
0.2848277559055118
20
0.4040417716535433
11
0.284849094488189
21
0.4038247637795275
0
LINE
8
BLACK
6
CONTINUOUS
10
0.284849094488189
20
0.4038247637795275
11
0.2848809842519685
21
0.4036092519685039
0
LINE
8
BLACK
6
CONTINUOUS
10
0.2848809842519685
20
0.4036092519685039
11
0.2848745669291339
21
0.4035662598425197
0
LINE
8
BLACK
6
CONTINUOUS
10
0.2848745669291339
20
0.4035662598425197
11
0.2848844881889764
21
0.4034657086614173
0
LINE
8
BLACK
6
CONTINUOUS
10
0.2848844881889764
20
0.4034657086614173
11
0.2848844881889764
21
0.3940918897637795
0
LINE
8
BLACK
6
CONTINUOUS
10
0.2848844881889764
20
0.3940918897637795
11
0.2848745669291339
21
0.3939913779527559
0
LINE
8
BLACK
6
CONTINUOUS
10
0.2848745669291339
20
0.3939913779527559
11
0.2848809842519685
21
0.3939483464566929
0
LINE
8
BLACK
6
CONTINUOUS
10
0.2848809842519685
20
0.3939483464566929
11
0.284849094488189
21
0.393732874015748
0
LINE
8
BLACK
6
CONTINUOUS
10
0.284849094488189
20
0.393732874015748
11
0.2848277559055118
21
0.3935158267716535
0
LINE
8
BLACK
6
CONTINUOUS
10
0.2848277559055118
20
0.3935158267716535
11
0.2848111023622047
21
0.3934756299212598
0
LINE
8
BLACK
6
CONTINUOUS
10
0.2848111023622047
20
0.3934756299212598
11
0.2847963385826772
21
0.3933757480314961
0
LINE
8
BLACK
6
CONTINUOUS
10
0.2847963385826772
20
0.3933757480314961
11
0.2829215748031496
21
0.3858766929133858
0
LINE
8
BLACK
6
CONTINUOUS
10
0.2829215748031496
20
0.3858766929133858
11
0.2829063779527559
21
0.3858342125984252
0
LINE
8
BLACK
6
CONTINUOUS
10
0.2829063779527559
20
0.3858342125984252
11
0.2829048818897638
21
0.3858129133858267
0
LINE
8
BLACK
6
CONTINUOUS
10
0.2829048818897638
20
0.3858129133858267
11
0.2828131102362205
21
0.3855731889763779
0
LINE
8
BLACK
6
CONTINUOUS
10
0.2828131102362205
20
0.3855731889763779
11
0.282726811023622
21
0.3853315748031496
0
LINE
8
BLACK
6
CONTINUOUS
10
0.282726811023622
20
0.3853315748031496
11
0.282714094488189
21
0.3853144488188976
0
LINE
8
BLACK
6
CONTINUOUS
10
0.282714094488189
20
0.3853144488188976
11
0.2826979921259842
21
0.3852723228346457
0
LINE
8
BLACK
6
CONTINUOUS
10
0.2826979921259842
20
0.3852723228346457
11
0.2808232283464567
21
0.3815227952755905
0
LINE
8
BLACK
6
CONTINUOUS
10
0.2808232283464567
20
0.3815227952755905
11
0.2806671653543307
21
0.3812749212598425
0
LINE
8
BLACK
6
CONTINUOUS
10
0.2806671653543307
20
0.3812749212598425
11
0.2806373622047244
21
0.381202874015748
0
LINE
8
BLACK
6
CONTINUOUS
10
0.2806373622047244
20
0.381202874015748
11
0.2805708267716535
21
0.3811218503937008
0
LINE
8
BLACK
6
CONTINUOUS
10
0.2805708267716535
20
0.3811218503937008
11
0.2805148818897638
21
0.3810329133858268
0
LINE
8
BLACK
6
CONTINUOUS
10
0.2805148818897638
20
0.3810329133858268
11
0.2804558661417323
21
0.3809817716535433
0
LINE
8
BLACK
6
CONTINUOUS
10
0.2804558661417323
20
0.3809817716535433
11
0.2802701181102362
21
0.3807553937007874
0
LINE
8
BLACK
6
CONTINUOUS
10
0.2802701181102362
20
0.3807553937007874
11
0.2783953937007874
21
0.3788806299212598
0
LINE
8
BLACK
6
CONTINUOUS
10
0.2783953937007874
20
0.3788806299212598
11
0.2781690157480315
21
0.3786948818897637
0
LINE
8
BLACK
6
CONTINUOUS
10
0.2781690157480315
20
0.3786948818897637
11
0.2781178346456693
21
0.3786358267716535
0
LINE
8
BLACK
6
CONTINUOUS
10
0.2781178346456693
20
0.3786358267716535
11
0.2780288582677165
21
0.378579842519685
0
LINE
8
BLACK
6
CONTINUOUS
10
0.2780288582677165
20
0.378579842519685
11
0.2779479133858268
21
0.3785133858267716
0
LINE
8
BLACK
6
CONTINUOUS
10
0.2779479133858268
20
0.3785133858267716
11
0.2778759448818898
21
0.3784835826771654
0
LINE
8
BLACK
6
CONTINUOUS
10
0.2778759448818898
20
0.3784835826771654
11
0.2776279527559055
21
0.3783274803149606
0
LINE
8
BLACK
6
CONTINUOUS
10
0.2776279527559055
20
0.3783274803149606
11
0.2738784251968504
21
0.3764527165354331
0
LINE
8
BLACK
6
CONTINUOUS
10
0.2738784251968504
20
0.3764527165354331
11
0.2733377952755905
21
0.3762458267716535
0
LINE
8
BLACK
6
CONTINUOUS
10
0.2733377952755905
20
0.3762458267716535
11
0.273231968503937
21
0.3762383464566929
0
LINE
8
BLACK
6
CONTINUOUS
10
0.273231968503937
20
0.3762383464566929
11
0.2731339763779527
21
0.376197716535433
0
LINE
8
BLACK
6
CONTINUOUS
10
0.2731339763779527
20
0.376197716535433
11
0.2725579133858267
21
0.3761409842519685
0
LINE
8
BLACK
6
CONTINUOUS
10
0.2725579133858267
20
0.3761409842519685
11
0.2688083858267716
21
0.3761409842519685
0
LINE
8
BLACK
6
CONTINUOUS
10
0.2688083858267716
20
0.3761409842519685
11
0.2682323228346457
21
0.376197716535433
0
LINE
8
BLACK
6
CONTINUOUS
10
0.2682323228346457
20
0.376197716535433
11
0.2681343307086614
21
0.3762383070866142
0
LINE
8
BLACK
6
CONTINUOUS
10
0.2681343307086614
20
0.3762383070866142
11
0.2680284645669291
21
0.3762458267716535
0
LINE
8
BLACK
6
CONTINUOUS
10
0.2680284645669291
20
0.3762458267716535
11
0.267487874015748
21
0.3764527165354331
0
LINE
8
BLACK
6
CONTINUOUS
10
0.267487874015748
20
0.3764527165354331
11
0.2637383464566929
21
0.3783274803149606
0
LINE
8
BLACK
6
CONTINUOUS
10
0.2637383464566929
20
0.3783274803149606
11
0.2634903149606299
21
0.3784835826771654
0
LINE
8
BLACK
6
CONTINUOUS
10
0.2634903149606299
20
0.3784835826771654
11
0.2634183858267716
21
0.3785133858267716
0
LINE
8
BLACK
6
CONTINUOUS
10
0.2634183858267716
20
0.3785133858267716
11
0.2633374015748031
21
0.378579842519685
0
LINE
8
BLACK
6
CONTINUOUS
10
0.2633374015748031
20
0.378579842519685
11
0.2632484645669291
21
0.3786358267716535
0
LINE
8
BLACK
6
CONTINUOUS
10
0.2632484645669291
20
0.3786358267716535
11
0.2631972440944882
21
0.3786948818897637
0
LINE
8
BLACK
6
CONTINUOUS
10
0.2631972440944882
20
0.3786948818897637
11
0.262970905511811
21
0.3788806299212598
0
LINE
8
BLACK
6
CONTINUOUS
10
0.262970905511811
20
0.3788806299212598
11
0.2610961417322835
21
0.3807554330708661
0
LINE
8
BLACK
6
CONTINUOUS
10
0.2610961417322835
20
0.3807554330708661
11
0.2609103937007874
21
0.3809817716535433
0
LINE
8
BLACK
6
CONTINUOUS
10
0.2609103937007874
20
0.3809817716535433
11
0.2608514173228346
21
0.3810329133858268
0
LINE
8
BLACK
6
CONTINUOUS
10
0.2608514173228346
20
0.3810329133858268
11
0.2607954330708661
21
0.3811218503937008
0
LINE
8
BLACK
6
CONTINUOUS
10
0.2607954330708661
20
0.3811218503937008
11
0.260728937007874
21
0.381202874015748
0
LINE
8
BLACK
6
CONTINUOUS
10
0.260728937007874
20
0.381202874015748
11
0.260699094488189
21
0.3812749212598425
0
LINE
8
BLACK
6
CONTINUOUS
10
0.260699094488189
20
0.3812749212598425
11
0.2605430708661417
21
0.3815227952755905
0
LINE
8
BLACK
6
CONTINUOUS
10
0.2605430708661417
20
0.3815227952755905
11
0.2586683070866141
21
0.3852723228346457
0
LINE
8
BLACK
6
CONTINUOUS
10
0.2586683070866141
20
0.3852723228346457
11
0.2586521653543307
21
0.3853144488188976
0
LINE
8
BLACK
6
CONTINUOUS
10
0.2586521653543307
20
0.3853144488188976
11
0.2586394881889764
21
0.3853315748031496
0
LINE
8
BLACK
6
CONTINUOUS
10
0.2586394881889764
20
0.3853315748031496
11
0.258553031496063
21
0.3855735433070866
0
LINE
8
BLACK
6
CONTINUOUS
10
0.258553031496063
20
0.3855735433070866
11
0.2584614173228346
21
0.3858129527559055
0
LINE
8
BLACK
6
CONTINUOUS
10
0.2584614173228346
20
0.3858129527559055
11
0.2584598818897638
21
0.3858342125984252
0
LINE
8
BLACK
6
CONTINUOUS
10
0.2584598818897638
20
0.3858342125984252
11
0.2584447244094488
21
0.3858766929133858
0
LINE
8
BLACK
6
CONTINUOUS
10
0.2584447244094488
20
0.3858766929133858
11
0.2565699606299213
21
0.3933757480314961
0
LINE
8
BLACK
6
CONTINUOUS
10
0.2565699606299213
20
0.3933757480314961
11
0.2565551574803149
21
0.3934756299212598
0
LINE
8
BLACK
6
CONTINUOUS
10
0.2565551574803149
20
0.3934756299212598
11
0.2565385433070866
21
0.3935158267716535
0
LINE
8
BLACK
6
CONTINUOUS
10
0.2565385433070866
20
0.3935158267716535
11
0.2565171653543307
21
0.393732874015748
0
LINE
8
BLACK
6
CONTINUOUS
10
0.2565171653543307
20
0.393732874015748
11
0.2564853149606299
21
0.3939483464566929
0
LINE
8
BLACK
6
CONTINUOUS
10
0.2564853149606299
20
0.3939483464566929
11
0.2564916929133858
21
0.3939913779527559
0
LINE
8
BLACK
6
CONTINUOUS
10
0.2564916929133858
20
0.3939913779527559
11
0.2564818110236221
21
0.3940918897637795
0
LINE
8
BLACK
6
CONTINUOUS
10
0.2564818110236221
20
0.3940918897637795
11
0.2564818110236221
21
0.4034657086614173
0
LINE
8
BLACK
6
CONTINUOUS
10
0.2564818110236221
20
0.4034657086614173
11
0.2564916929133858
21
0.4035662598425197
0
LINE
8
BLACK
6
CONTINUOUS
10
0.2564916929133858
20
0.4035662598425197
11
0.2564853149606299
21
0.4036092519685039
0
LINE
8
BLACK
6
CONTINUOUS
10
0.2564853149606299
20
0.4036092519685039
11
0.2565171653543307
21
0.4038247637795275
0
LINE
8
BLACK
6
CONTINUOUS
10
0.2565171653543307
20
0.4038247637795275
11
0.2565385433070866
21
0.4040417716535433
0
LINE
8
BLACK
6
CONTINUOUS
10
0.2565385433070866
20
0.4040417716535433
11
0.2565551574803149
21
0.4040820078740157
0
LINE
8
BLACK
6
CONTINUOUS
10
0.2565551574803149
20
0.4040820078740157
11
0.2565699606299213
21
0.4041818503937008
0
LINE
8
BLACK
6
CONTINUOUS
10
0.2565699606299213
20
0.4041818503937008
11
0.2584447244094488
21
0.411680905511811
0
LINE
8
BLACK
6
CONTINUOUS
10
0.2584447244094488
20
0.411680905511811
11
0.2584598818897638
21
0.4117234251968504
0
LINE
8
BLACK
6
CONTINUOUS
10
0.2584598818897638
20
0.4117234251968504
11
0.2584614173228346
21
0.4117446456692913
0
LINE
8
BLACK
6
CONTINUOUS
10
0.2584614173228346
20
0.4117446456692913
11
0.258553031496063
21
0.411984094488189
0
LINE
8
BLACK
6
CONTINUOUS
10
0.258553031496063
20
0.411984094488189
11
0.2586394881889764
21
0.4122260236220472
0
LINE
8
BLACK
6
CONTINUOUS
10
0.2586394881889764
20
0.4122260236220472
11
0.2586521653543307
21
0.412243188976378
0
LINE
8
BLACK
6
CONTINUOUS
10
0.2586521653543307
20
0.412243188976378
11
0.2586683070866141
21
0.4122852755905512
0
LINE
8
BLACK
6
CONTINUOUS
10
0.2586683070866141
20
0.4122852755905512
11
0.2605430708661417
21
0.4160348031496063
0
LINE
8
BLACK
6
CONTINUOUS
10
0.2605430708661417
20
0.4160348031496063
11
0.2606991338582677
21
0.4162828346456693
0
LINE
8
BLACK
6
CONTINUOUS
10
0.2606991338582677
20
0.4162828346456693
11
0.2607289763779527
21
0.4163547637795276
0
LINE
8
BLACK
6
CONTINUOUS
10
0.2607289763779527
20
0.4163547637795276
11
0.2607954330708661
21
0.4164357480314961
0
LINE
8
BLACK
6
CONTINUOUS
10
0.2607954330708661
20
0.4164357480314961
11
0.2608514173228346
21
0.4165246850393701
0
LINE
8
BLACK
6
CONTINUOUS
10
0.2608514173228346
20
0.4165246850393701
11
0.2609103937007874
21
0.4165758661417323
0
LINE
8
BLACK
6
CONTINUOUS
10
0.2609103937007874
20
0.4165758661417323
11
0.2610961811023622
21
0.4168022047244094
0
LINE
8
BLACK
6
CONTINUOUS
10
0.2610961811023622
20
0.4168022047244094
11
0.2629709448818898
21
0.418676968503937
0
LINE
8
BLACK
6
CONTINUOUS
10
0.2629709448818898
20
0.418676968503937
11
0.2631972834645669
21
0.4188627559055118
0
LINE
8
BLACK
6
CONTINUOUS
10
0.2631972834645669
20
0.4188627559055118
11
0.2632484645669291
21
0.4189217322834646
0
LINE
8
BLACK
6
CONTINUOUS
10
0.2632484645669291
20
0.4189217322834646
11
0.2633374015748031
21
0.4189777165354331
0
LINE
8
BLACK
6
CONTINUOUS
10
0.2633374015748031
20
0.4189777165354331
11
0.2634183858267716
21
0.4190441732283465
0
LINE
8
BLACK
6
CONTINUOUS
10
0.2634183858267716
20
0.4190441732283465
11
0.2634903149606299
21
0.4190740157480315
0
LINE
8
BLACK
6
CONTINUOUS
10
0.2634903149606299
20
0.4190740157480315
11
0.2637383464566929
21
0.4192300787401575
0
LINE
8
BLACK
6
CONTINUOUS
10
0.2637383464566929
20
0.4192300787401575
11
0.267487874015748
21
0.4211048425196851
0
LINE
8
BLACK
6
CONTINUOUS
10
0.267487874015748
20
0.4211048425196851
11
0.2680284645669291
21
0.4213117322834646
0
LINE
8
BLACK
6
CONTINUOUS
10
0.2680284645669291
20
0.4213117322834646
11
0.2681343307086614
21
0.4213192913385826
0
LINE
8
BLACK
6
CONTINUOUS
10
0.2681343307086614
20
0.4213192913385826
11
0.2682323228346457
21
0.4213598425196851
0
LINE
8
BLACK
6
CONTINUOUS
10
0.2682323228346457
20
0.4213598425196851
11
0.2688083858267716
21
0.4214165748031496
0
LINE
8
BLACK
6
CONTINUOUS
10
0.2688083858267716
20
0.4214165748031496
11
0.2725579133858267
21
0.4214165748031496
0
LINE
8
BLACK
6
CONTINUOUS
10
0.2725579133858267
20
0.4214165748031496
11
0.2731339763779527
21
0.4213598425196851
0
LINE
8
BLACK
6
CONTINUOUS
10
0.2668079527559055
20
0.4141623228346457
11
0.2656108267716535
21
0.4129651968503937
0
LINE
8
BLACK
6
CONTINUOUS
10
0.2656108267716535
20
0.4129651968503937
11
0.2640953149606299
21
0.4099342125984252
0
LINE
8
BLACK
6
CONTINUOUS
10
0.2640953149606299
20
0.4099342125984252
11
0.2623873228346457
21
0.4031021653543307
0
LINE
8
BLACK
6
CONTINUOUS
10
0.2623873228346457
20
0.4031021653543307
11
0.2623873228346457
21
0.3944554330708661
0
LINE
8
BLACK
6
CONTINUOUS
10
0.2623873228346457
20
0.3944554330708661
11
0.2640953149606299
21
0.3876233858267716
0
LINE
8
BLACK
6
CONTINUOUS
10
0.2640953149606299
20
0.3876233858267716
11
0.2656108267716535
21
0.3845924015748031
0
LINE
8
BLACK
6
CONTINUOUS
10
0.2656108267716535
20
0.3845924015748031
11
0.2668079527559055
21
0.3833952362204724
0
LINE
8
BLACK
6
CONTINUOUS
10
0.2668079527559055
20
0.3833952362204724
11
0.2695054330708662
21
0.3820464960629921
0
LINE
8
BLACK
6
CONTINUOUS
10
0.2695054330708662
20
0.3820464960629921
11
0.2718608661417323
21
0.3820464960629921
0
LINE
8
BLACK
6
CONTINUOUS
10
0.2718608661417323
20
0.3820464960629921
11
0.2745583070866142
21
0.3833952362204724
0
LINE
8
BLACK
6
CONTINUOUS
10
0.2745583070866142
20
0.3833952362204724
11
0.2757554330708661
21
0.3845924015748031
0
LINE
8
BLACK
6
CONTINUOUS
10
0.2757554330708661
20
0.3845924015748031
11
0.2772709448818897
21
0.3876233858267716
0
LINE
8
BLACK
6
CONTINUOUS
10
0.2772709448818897
20
0.3876233858267716
11
0.2789789763779528
21
0.3944554330708661
0
LINE
8
BLACK
6
CONTINUOUS
10
0.2789789763779528
20
0.3944554330708661
11
0.2789789763779528
21
0.4031021653543307
0
LINE
8
BLACK
6
CONTINUOUS
10
0.2789789763779528
20
0.4031021653543307
11
0.2772709448818897
21
0.4099342125984252
0
LINE
8
BLACK
6
CONTINUOUS
10
0.2772709448818897
20
0.4099342125984252
11
0.2757554724409449
21
0.4129651968503937
0
LINE
8
BLACK
6
CONTINUOUS
10
0.2757554724409449
20
0.4129651968503937
11
0.2745583464566929
21
0.4141623228346457
0
LINE
8
BLACK
6
CONTINUOUS
10
0.2745583464566929
20
0.4141623228346457
11
0.2718608661417323
21
0.415511062992126
0
LINE
8
BLACK
6
CONTINUOUS
10
0.2718608661417323
20
0.415511062992126
11
0.2695054330708662
21
0.415511062992126
0
LINE
8
BLACK
6
CONTINUOUS
10
0.2695054330708662
20
0.415511062992126
11
0.2668079527559055
21
0.4141623228346457
0
LINE
8
BLACK
6
CONTINUOUS
10
0.3084652362204724
20
0.4213598425196851
11
0.3087545275590551
21
0.4213598425196851
0
LINE
8
BLACK
6
CONTINUOUS
10
0.3087545275590551
20
0.4213598425196851
11
0.3090246062992126
21
0.4212479921259842
0
LINE
8
BLACK
6
CONTINUOUS
10
0.3090246062992126
20
0.4212479921259842
11
0.3093112598425197
21
0.4211906299212598
0
LINE
8
BLACK
6
CONTINUOUS
10
0.3093112598425197
20
0.4211906299212598
11
0.3095516141732284
21
0.42102968503937
0
LINE
8
BLACK
6
CONTINUOUS
10
0.3095516141732284
20
0.42102968503937
11
0.309818937007874
21
0.420918937007874
0
LINE
8
BLACK
6
CONTINUOUS
10
0.309818937007874
20
0.420918937007874
11
0.3100256299212598
21
0.4207122440944882
0
LINE
8
BLACK
6
CONTINUOUS
10
0.3100256299212598
20
0.4207122440944882
11
0.3102685433070866
21
0.4205495669291339
0
LINE
8
BLACK
6
CONTINUOUS
10
0.3102685433070866
20
0.4205495669291339
11
0.3106315354330709
21
0.4201063385826772
0
LINE
8
BLACK
6
CONTINUOUS
10
0.3106315354330709
20
0.4201063385826772
11
0.3106335826771653
21
0.4201042913385827
0
LINE
8
BLACK
6
CONTINUOUS
10
0.3106335826771653
20
0.4201042913385827
11
0.310633937007874
21
0.4201034251968504
0
LINE
8
BLACK
6
CONTINUOUS
10
0.310633937007874
20
0.4201034251968504
11
0.3106353149606299
21
0.4201017322834645
0
LINE
8
BLACK
6
CONTINUOUS
10
0.3106353149606299
20
0.4201017322834645
11
0.3142226377952756
21
0.4147207086614173
0
LINE
8
BLACK
6
CONTINUOUS
10
0.3142226377952756
20
0.4147207086614173
11
0.3174266141732283
21
0.4115167322834646
0
LINE
8
BLACK
6
CONTINUOUS
10
0.3174266141732283
20
0.4115167322834646
11
0.3207475590551181
21
0.4098562598425197
0
LINE
8
BLACK
6
CONTINUOUS
10
0.3207475590551181
20
0.4098562598425197
11
0.3212374409448819
21
0.4095479133858267
0
LINE
8
BLACK
6
CONTINUOUS
10
0.3212374409448819
20
0.4095479133858267
11
0.3219922834645669
21
0.4086775196850393
0
LINE
8
BLACK
6
CONTINUOUS
10
0.3219922834645669
20
0.4086775196850393
11
0.3223566141732284
21
0.4075845669291339
0
LINE
8
BLACK
6
CONTINUOUS
10
0.3223566141732284
20
0.4075845669291339
11
0.3222749606299212
21
0.4064353543307087
0
LINE
8
BLACK
6
CONTINUOUS
10
0.3222749606299212
20
0.4064353543307087
11
0.3217596850393701
21
0.405404842519685
0
LINE
8
BLACK
6
CONTINUOUS
10
0.3217596850393701
20
0.405404842519685
11
0.3208893307086614
21
0.40465
0
LINE
8
BLACK
6
CONTINUOUS
10
0.3208893307086614
20
0.40465
11
0.3197963385826771
21
0.4042856692913386
0
LINE
8
BLACK
6
CONTINUOUS
10
0.3197963385826771
20
0.4042856692913386
11
0.318647125984252
21
0.4043673228346457
0
LINE
8
BLACK
6
CONTINUOUS
10
0.318647125984252
20
0.4043673228346457
11
0.3181065354330709
21
0.4045742125984252
0
LINE
8
BLACK
6
CONTINUOUS
10
0.3181065354330709
20
0.4045742125984252
11
0.3143570078740157
21
0.4064489763779527
0
LINE
8
BLACK
6
CONTINUOUS
10
0.3143570078740157
20
0.4064489763779527
11
0.3141091732283465
21
0.406605
0
LINE
8
BLACK
6
CONTINUOUS
10
0.3141091732283465
20
0.406605
11
0.3140370472440945
21
0.406634842519685
0
LINE
8
BLACK
6
CONTINUOUS
10
0.3140370472440945
20
0.406634842519685
11
0.3139558661417323
21
0.4067014566929134
0
LINE
8
BLACK
6
CONTINUOUS
10
0.3139558661417323
20
0.4067014566929134
11
0.313867125984252
21
0.4067573228346457
0
LINE
8
BLACK
6
CONTINUOUS
10
0.313867125984252
20
0.4067573228346457
11
0.3138159842519685
21
0.4068162598425197
0
LINE
8
BLACK
6
CONTINUOUS
10
0.3138159842519685
20
0.4068162598425197
11
0.3135896062992126
21
0.4070020866141732
0
LINE
8
BLACK
6
CONTINUOUS
10
0.3135896062992126
20
0.4070020866141732
11
0.311131220472441
21
0.4094604724409449
0
LINE
8
BLACK
6
CONTINUOUS
10
0.311131220472441
20
0.4094604724409449
11
0.311131220472441
21
0.3820464960629921
0
LINE
8
BLACK
6
CONTINUOUS
10
0.311131220472441
20
0.3820464960629921
11
0.3194270472440945
21
0.3820464960629921
0
LINE
8
BLACK
6
CONTINUOUS
10
0.3194270472440945
20
0.3820464960629921
11
0.3200031102362205
21
0.3819897637795275
0
LINE
8
BLACK
6
CONTINUOUS
10
0.3200031102362205
20
0.3819897637795275
11
0.3210675196850394
21
0.3815488582677165
0
LINE
8
BLACK
6
CONTINUOUS
10
0.3210675196850394
20
0.3815488582677165
11
0.3218821653543307
21
0.3807342125984252
0
LINE
8
BLACK
6
CONTINUOUS
10
0.3218821653543307
20
0.3807342125984252
11
0.3223230708661417
21
0.3796698031496063
0
LINE
8
BLACK
6
CONTINUOUS
10
0.3223230708661417
20
0.3796698031496063
11
0.3223230708661417
21
0.3785176771653543
0
LINE
8
BLACK
6
CONTINUOUS
10
0.3223230708661417
20
0.3785176771653543
11
0.3218821653543307
21
0.3774532677165354
0
LINE
8
BLACK
6
CONTINUOUS
10
0.3218821653543307
20
0.3774532677165354
11
0.3210675196850394
21
0.3766386220472441
0
LINE
8
BLACK
6
CONTINUOUS
10
0.3210675196850394
20
0.3766386220472441
11
0.3200031102362205
21
0.376197716535433
0
LINE
8
BLACK
6
CONTINUOUS
10
0.3200031102362205
20
0.376197716535433
11
0.3194270472440945
21
0.3761409842519685
0
LINE
8
BLACK
6
CONTINUOUS
10
0.3194270472440945
20
0.3761409842519685
11
0.2969298818897638
21
0.3761409842519685
0
LINE
8
BLACK
6
CONTINUOUS
10
0.2969298818897638
20
0.3761409842519685
11
0.2963538188976378
21
0.376197716535433
0
LINE
8
BLACK
6
CONTINUOUS
10
0.2963538188976378
20
0.376197716535433
11
0.2952894094488189
21
0.3766386220472441
0
LINE
8
BLACK
6
CONTINUOUS
10
0.2952894094488189
20
0.3766386220472441
11
0.2944747637795275
21
0.3774532677165354
0
LINE
8
BLACK
6
CONTINUOUS
10
0.2944747637795275
20
0.3774532677165354
11
0.2940338582677166
21
0.3785176771653543
0
LINE
8
BLACK
6
CONTINUOUS
10
0.2940338582677166
20
0.3785176771653543
11
0.2940338582677166
21
0.3796698031496063
0
LINE
8
BLACK
6
CONTINUOUS
10
0.2940338582677166
20
0.3796698031496063
11
0.2944747637795275
21
0.3807342125984252
0
LINE
8
BLACK
6
CONTINUOUS
10
0.2944747637795275
20
0.3807342125984252
11
0.2952894094488189
21
0.3815488582677165
0
LINE
8
BLACK
6
CONTINUOUS
10
0.2952894094488189
20
0.3815488582677165
11
0.2963538188976378
21
0.3819897637795275
0
LINE
8
BLACK
6
CONTINUOUS
10
0.2963538188976378
20
0.3819897637795275
11
0.2969298818897638
21
0.3820464960629921
0
LINE
8
BLACK
6
CONTINUOUS
10
0.2969298818897638
20
0.3820464960629921
11
0.3052257086614173
21
0.3820464960629921
0
LINE
8
BLACK
6
CONTINUOUS
10
0.3052257086614173
20
0.3820464960629921
11
0.3052257086614173
21
0.4184638188976378
0
LINE
8
BLACK
6
CONTINUOUS
10
0.3052257086614173
20
0.4184638188976378
11
0.305225905511811
21
0.418465905511811
0
LINE
8
BLACK
6
CONTINUOUS
10
0.305225905511811
20
0.418465905511811
11
0.3052257086614173
21
0.4184669291338582
0
LINE
8
BLACK
6
CONTINUOUS
10
0.3052257086614173
20
0.4184669291338582
11
0.3052262992125984
21
0.4184699606299213
0
LINE
8
BLACK
6
CONTINUOUS
10
0.3052262992125984
20
0.4184699606299213
11
0.3052824409448819
21
0.4190398818897638
0
LINE
8
BLACK
6
CONTINUOUS
10
0.3052824409448819
20
0.4190398818897638
11
0.3053942913385826
21
0.41931
0
LINE
8
BLACK
6
CONTINUOUS
10
0.3053942913385826
20
0.41931
11
0.3054516535433071
21
0.4195966141732284
0
LINE
8
BLACK
6
CONTINUOUS
10
0.3054516535433071
20
0.4195966141732284
11
0.3056125984251968
21
0.4198370078740157
0
LINE
8
BLACK
6
CONTINUOUS
10
0.3056125984251968
20
0.4198370078740157
11
0.3057233464566929
21
0.4201042913385827
0
LINE
8
BLACK
6
CONTINUOUS
10
0.3057233464566929
20
0.4201042913385827
11
0.3059300393700787
21
0.4203110236220473
0
LINE
8
BLACK
6
CONTINUOUS
10
0.3059300393700787
20
0.4203110236220473
11
0.3060927165354331
21
0.4205538976377953
0
LINE
8
BLACK
6
CONTINUOUS
10
0.3060927165354331
20
0.4205538976377953
11
0.3063334251968504
21
0.4207144094488189
0
LINE
8
BLACK
6
CONTINUOUS
10
0.3063334251968504
20
0.4207144094488189
11
0.3065379921259843
21
0.420918937007874
0
LINE
8
BLACK
6
CONTINUOUS
10
0.3065379921259843
20
0.420918937007874
11
0.3068080708661417
21
0.4210308267716535
0
LINE
8
BLACK
6
CONTINUOUS
10
0.3068080708661417
20
0.4210308267716535
11
0.3070513385826771
21
0.4211929921259843
0
LINE
8
BLACK
6
CONTINUOUS
10
0.3070513385826771
20
0.4211929921259843
11
0.3073351181102362
21
0.4212491338582677
0
LINE
8
BLACK
6
CONTINUOUS
10
0.3073351181102362
20
0.4212491338582677
11
0.3076024015748031
21
0.4213598425196851
0
LINE
8
BLACK
6
CONTINUOUS
10
0.3076024015748031
20
0.4213598425196851
11
0.3078948031496063
21
0.4213598425196851
0
LINE
8
BLACK
6
CONTINUOUS
10
0.3078948031496063
20
0.4213598425196851
11
0.3081815748031496
21
0.4214165748031496
0
LINE
8
BLACK
6
CONTINUOUS
10
0.3081815748031496
20
0.4214165748031496
11
0.3084652362204724
21
0.4213598425196851
0
LINE
8
BLACK
6
CONTINUOUS
10
0.1700218503937008
20
0.4213598425196851
11
0.1710862598425197
21
0.420918937007874
0
LINE
8
BLACK
6
CONTINUOUS
10
0.1710862598425197
20
0.420918937007874
11
0.171900905511811
21
0.4201042913385827
0
LINE
8
BLACK
6
CONTINUOUS
10
0.171900905511811
20
0.4201042913385827
11
0.172341811023622
21
0.4190398818897638
0
LINE
8
BLACK
6
CONTINUOUS
10
0.172341811023622
20
0.4190398818897638
11
0.1723985433070866
21
0.4184638188976378
0
LINE
8
BLACK
6
CONTINUOUS
10
0.1723985433070866
20
0.4184638188976378
11
0.1723985433070866
21
0.3790937401574803
0
LINE
8
BLACK
6
CONTINUOUS
10
0.1723985433070866
20
0.3790937401574803
11
0.172341811023622
21
0.3785176771653543
0
LINE
8
BLACK
6
CONTINUOUS
10
0.172341811023622
20
0.3785176771653543
11
0.171900905511811
21
0.3774532677165354
0
LINE
8
BLACK
6
CONTINUOUS
10
0.171900905511811
20
0.3774532677165354
11
0.1710862598425197
21
0.3766386220472441
0
LINE
8
BLACK
6
CONTINUOUS
10
0.1710862598425197
20
0.3766386220472441
11
0.1700218503937008
21
0.376197716535433
0
LINE
8
BLACK
6
CONTINUOUS
10
0.1700218503937008
20
0.376197716535433
11
0.1688697244094488
21
0.376197716535433
0
LINE
8
BLACK
6
CONTINUOUS
10
0.1688697244094488
20
0.376197716535433
11
0.1678053149606299
21
0.3766386220472441
0
LINE
8
BLACK
6
CONTINUOUS
10
0.1678053149606299
20
0.3766386220472441
11
0.1669906692913386
21
0.3774532677165354
0
LINE
8
BLACK
6
CONTINUOUS
10
0.1669906692913386
20
0.3774532677165354
11
0.1665497637795275
21
0.3785176771653543
0
LINE
8
BLACK
6
CONTINUOUS
10
0.1665497637795275
20
0.3785176771653543
11
0.166493031496063
21
0.3790937401574803
0
LINE
8
BLACK
6
CONTINUOUS
10
0.166493031496063
20
0.3790937401574803
11
0.166493031496063
21
0.3967634251968504
0
LINE
8
BLACK
6
CONTINUOUS
10
0.166493031496063
20
0.3967634251968504
11
0.1563224409448819
21
0.3967634251968504
0
LINE
8
BLACK
6
CONTINUOUS
10
0.1563224409448819
20
0.3967634251968504
11
0.1557463779527559
21
0.396820157480315
0
LINE
8
BLACK
6
CONTINUOUS
10
0.1557463779527559
20
0.396820157480315
11
0.154681968503937
21
0.397261062992126
0
LINE
8
BLACK
6
CONTINUOUS
10
0.154681968503937
20
0.397261062992126
11
0.1538673228346457
21
0.3980757086614173
0
LINE
8
BLACK
6
CONTINUOUS
10
0.1538673228346457
20
0.3980757086614173
11
0.1534264173228346
21
0.3991401181102362
0
LINE
8
BLACK
6
CONTINUOUS
10
0.1534264173228346
20
0.3991401181102362
11
0.1534264173228346
21
0.4002922440944882
0
LINE
8
BLACK
6
CONTINUOUS
10
0.1534264173228346
20
0.4002922440944882
11
0.1538673228346457
21
0.4013566535433071
0
LINE
8
BLACK
6
CONTINUOUS
10
0.1538673228346457
20
0.4013566535433071
11
0.154681968503937
21
0.4021712992125984
0
LINE
8
BLACK
6
CONTINUOUS
10
0.154681968503937
20
0.4021712992125984
11
0.1557463779527559
21
0.4026122047244095
0
LINE
8
BLACK
6
CONTINUOUS
10
0.1557463779527559
20
0.4026122047244095
11
0.1563224409448819
21
0.402668937007874
0
LINE
8
BLACK
6
CONTINUOUS
10
0.1563224409448819
20
0.402668937007874
11
0.166493031496063
21
0.402668937007874
0
LINE
8
BLACK
6
CONTINUOUS
10
0.166493031496063
20
0.402668937007874
11
0.166493031496063
21
0.415511062992126
0
LINE
8
BLACK
6
CONTINUOUS
10
0.166493031496063
20
0.415511062992126
11
0.1506981496062992
21
0.415511062992126
0
LINE
8
BLACK
6
CONTINUOUS
10
0.1506981496062992
20
0.415511062992126
11
0.1501220866141732
21
0.4155677952755906
0
LINE
8
BLACK
6
CONTINUOUS
10
0.1501220866141732
20
0.4155677952755906
11
0.1490576771653543
21
0.4160087007874015
0
LINE
8
BLACK
6
CONTINUOUS
10
0.1490576771653543
20
0.4160087007874015
11
0.148243031496063
21
0.4168233464566929
0
LINE
8
BLACK
6
CONTINUOUS
10
0.148243031496063
20
0.4168233464566929
11
0.147802125984252
21
0.4178877559055118
0
LINE
8
BLACK
6
CONTINUOUS
10
0.147802125984252
20
0.4178877559055118
11
0.147802125984252
21
0.4190398818897638
0
LINE
8
BLACK
6
CONTINUOUS
10
0.147802125984252
20
0.4190398818897638
11
0.148243031496063
21
0.4201042913385827
0
LINE
8
BLACK
6
CONTINUOUS
10
0.148243031496063
20
0.4201042913385827
11
0.1490576771653543
21
0.420918937007874
0
LINE
8
BLACK
6
CONTINUOUS
10
0.1490576771653543
20
0.420918937007874
11
0.1501220866141732
21
0.4213598425196851
0
LINE
8
BLACK
6
CONTINUOUS
10
0.1501220866141732
20
0.4213598425196851
11
0.1506981496062992
21
0.4214165748031496
0
LINE
8
BLACK
6
CONTINUOUS
10
0.1506981496062992
20
0.4214165748031496
11
0.1694457874015748
21
0.4214165748031496
0
LINE
8
BLACK
6
CONTINUOUS
10
0.1694457874015748
20
0.4214165748031496
11
0.1700218503937008
21
0.4213598425196851
0
LINE
8
BLACK
6
CONTINUOUS
10
0.2000181102362205
20
0.4082364960629921
11
0.2001161023622047
21
0.408195905511811
0
LINE
8
BLACK
6
CONTINUOUS
10
0.2001161023622047
20
0.408195905511811
11
0.2002219291338583
21
0.4081883858267716
0
LINE
8
BLACK
6
CONTINUOUS
10
0.2002219291338583
20
0.4081883858267716
11
0.2007625590551181
21
0.4079814960629921
0
LINE
8
BLACK
6
CONTINUOUS
10
0.2007625590551181
20
0.4079814960629921
11
0.2026620078740158
21
0.4070317716535433
0
LINE
8
BLACK
6
CONTINUOUS
10
0.2026620078740158
20
0.4070317716535433
11
0.2034258661417323
21
0.4077955905511811
0
LINE
8
BLACK
6
CONTINUOUS
10
0.2034258661417323
20
0.4077955905511811
11
0.2044902755905512
21
0.4082364960629921
0
LINE
8
BLACK
6
CONTINUOUS
10
0.2044902755905512
20
0.4082364960629921
11
0.2056424015748032
21
0.4082364960629921
0
LINE
8
BLACK
6
CONTINUOUS
10
0.2056424015748032
20
0.4082364960629921
11
0.206706811023622
21
0.4077955905511811
0
LINE
8
BLACK
6
CONTINUOUS
10
0.206706811023622
20
0.4077955905511811
11
0.2075214566929134
21
0.4069809448818897
0
LINE
8
BLACK
6
CONTINUOUS
10
0.2075214566929134
20
0.4069809448818897
11
0.2079623622047244
21
0.4059165354330709
0
LINE
8
BLACK
6
CONTINUOUS
10
0.2079623622047244
20
0.4059165354330709
11
0.208019094488189
21
0.4053404724409449
0
LINE
8
BLACK
6
CONTINUOUS
10
0.208019094488189
20
0.4053404724409449
11
0.208019094488189
21
0.3790937401574803
0
LINE
8
BLACK
6
CONTINUOUS
10
0.208019094488189
20
0.3790937401574803
11
0.2079623622047244
21
0.3785176771653543
0
LINE
8
BLACK
6
CONTINUOUS
10
0.2079623622047244
20
0.3785176771653543
11
0.2075214566929134
21
0.3774532677165354
0
LINE
8
BLACK
6
CONTINUOUS
10
0.2075214566929134
20
0.3774532677165354
11
0.206706811023622
21
0.3766386220472441
0
LINE
8
BLACK
6
CONTINUOUS
10
0.206706811023622
20
0.3766386220472441
11
0.2056424015748032
21
0.376197716535433
0
LINE
8
BLACK
6
CONTINUOUS
10
0.2056424015748032
20
0.376197716535433
11
0.2044902755905512
21
0.376197716535433
0
LINE
8
BLACK
6
CONTINUOUS
10
0.2044902755905512
20
0.376197716535433
11
0.2034258661417323
21
0.3766386220472441
0
LINE
8
BLACK
6
CONTINUOUS
10
0.2034258661417323
20
0.3766386220472441
11
0.2026112204724409
21
0.3774532677165354
0
LINE
8
BLACK
6
CONTINUOUS
10
0.2026112204724409
20
0.3774532677165354
11
0.2021703149606299
21
0.3785176771653543
0
LINE
8
BLACK
6
CONTINUOUS
10
0.2021703149606299
20
0.3785176771653543
11
0.2021135826771653
21
0.3790937401574803
0
LINE
8
BLACK
6
CONTINUOUS
10
0.2021135826771653
20
0.3790937401574803
11
0.2021135826771653
21
0.400367874015748
0
LINE
8
BLACK
6
CONTINUOUS
10
0.2021135826771653
20
0.400367874015748
11
0.2014424803149606
21
0.4010389763779528
0
LINE
8
BLACK
6
CONTINUOUS
10
0.2014424803149606
20
0.4010389763779528
11
0.198745
21
0.402387716535433
0
LINE
8
BLACK
6
CONTINUOUS
10
0.198745
20
0.402387716535433
11
0.1945148031496063
21
0.402387716535433
0
LINE
8
BLACK
6
CONTINUOUS
10
0.1945148031496063
20
0.402387716535433
11
0.1922690551181102
21
0.4012648818897638
0
LINE
8
BLACK
6
CONTINUOUS
10
0.1922690551181102
20
0.4012648818897638
11
0.191146220472441
21
0.3990191338582677
0
LINE
8
BLACK
6
CONTINUOUS
10
0.191146220472441
20
0.3990191338582677
11
0.191146220472441
21
0.3790937401574803
0
LINE
8
BLACK
6
CONTINUOUS
10
0.191146220472441
20
0.3790937401574803
11
0.1910894881889764
21
0.3785176771653543
0
LINE
8
BLACK
6
CONTINUOUS
10
0.1910894881889764
20
0.3785176771653543
11
0.1906485826771654
21
0.3774532677165354
0
LINE
8
BLACK
6
CONTINUOUS
10
0.1906485826771654
20
0.3774532677165354
11
0.189833937007874
21
0.3766386220472441
0
LINE
8
BLACK
6
CONTINUOUS
10
0.189833937007874
20
0.3766386220472441
11
0.1887695275590551
21
0.376197716535433
0
LINE
8
BLACK
6
CONTINUOUS
10
0.1887695275590551
20
0.376197716535433
11
0.1876174015748031
21
0.376197716535433
0
LINE
8
BLACK
6
CONTINUOUS
10
0.1876174015748031
20
0.376197716535433
11
0.1865529921259843
21
0.3766386220472441
0
LINE
8
BLACK
6
CONTINUOUS
10
0.1865529921259843
20
0.3766386220472441
11
0.1857383464566929
21
0.3774532677165354
0
LINE
8
BLACK
6
CONTINUOUS
10
0.1857383464566929
20
0.3774532677165354
11
0.1852974409448819
21
0.3785176771653543
0
LINE
8
BLACK
6
CONTINUOUS
10
0.1852974409448819
20
0.3785176771653543
11
0.1852407086614173
21
0.3790937401574803
0
LINE
8
BLACK
6
CONTINUOUS
10
0.1852407086614173
20
0.3790937401574803
11
0.1852407086614173
21
0.3997161811023622
0
LINE
8
BLACK
6
CONTINUOUS
10
0.1852407086614173
20
0.3997161811023622
11
0.1852974409448819
21
0.4002922440944882
0
LINE
8
BLACK
6
CONTINUOUS
10
0.1852974409448819
20
0.4002922440944882
11
0.185338031496063
21
0.4003902755905512
0
LINE
8
BLACK
6
CONTINUOUS
10
0.185338031496063
20
0.4003902755905512
11
0.1853455511811024
21
0.400496062992126
0
LINE
8
BLACK
6
CONTINUOUS
10
0.1853455511811024
20
0.400496062992126
11
0.1855524409448819
21
0.4010366929133858
0
LINE
8
BLACK
6
CONTINUOUS
10
0.1855524409448819
20
0.4010366929133858
11
0.1874272047244094
21
0.4047862204724409
0
LINE
8
BLACK
6
CONTINUOUS
10
0.1874272047244094
20
0.4047862204724409
11
0.1874878346456693
21
0.4048825984251969
0
LINE
8
BLACK
6
CONTINUOUS
10
0.1874878346456693
20
0.4048825984251969
11
0.1875029921259843
21
0.4049279921259842
0
LINE
8
BLACK
6
CONTINUOUS
10
0.1875029921259843
20
0.4049279921259842
11
0.1875520078740157
21
0.4049845669291339
0
LINE
8
BLACK
6
CONTINUOUS
10
0.1875520078740157
20
0.4049845669291339
11
0.1877355511811024
21
0.4052761023622047
0
LINE
8
BLACK
6
CONTINUOUS
10
0.1877355511811024
20
0.4052761023622047
11
0.1880152362204724
21
0.4055187007874015
0
LINE
8
BLACK
6
CONTINUOUS
10
0.1880152362204724
20
0.4055187007874015
11
0.1882578346456693
21
0.4057983858267716
0
LINE
8
BLACK
6
CONTINUOUS
10
0.1882578346456693
20
0.4057983858267716
11
0.1885493700787401
21
0.4059819291338583
0
LINE
8
BLACK
6
CONTINUOUS
10
0.1885493700787401
20
0.4059819291338583
11
0.1886059448818898
21
0.4060309448818897
0
LINE
8
BLACK
6
CONTINUOUS
10
0.1886059448818898
20
0.4060309448818897
11
0.1886513385826772
21
0.4060461023622047
0
LINE
8
BLACK
6
CONTINUOUS
10
0.1886513385826772
20
0.4060461023622047
11
0.1887477165354331
21
0.4061067322834646
0
LINE
8
BLACK
6
CONTINUOUS
10
0.1887477165354331
20
0.4061067322834646
11
0.1924972440944882
21
0.4079814960629921
0
LINE
8
BLACK
6
CONTINUOUS
10
0.1924972440944882
20
0.4079814960629921
11
0.1930378346456693
21
0.4081883858267716
0
LINE
8
BLACK
6
CONTINUOUS
10
0.1930378346456693
20
0.4081883858267716
11
0.1931437007874016
21
0.4081959448818898
0
LINE
8
BLACK
6
CONTINUOUS
10
0.1931437007874016
20
0.4081959448818898
11
0.1932416929133858
21
0.4082364960629921
0
LINE
8
BLACK
6
CONTINUOUS
10
0.1932416929133858
20
0.4082364960629921
11
0.1938177559055118
21
0.4082932283464567
0
LINE
8
BLACK
6
CONTINUOUS
10
0.1938177559055118
20
0.4082932283464567
11
0.1994420472440945
21
0.4082932283464567
0
LINE
8
BLACK
6
CONTINUOUS
10
0.1994420472440945
20
0.4082932283464567
11
0.2000181102362205
21
0.4082364960629921
0
LINE
8
BLACK
6
CONTINUOUS
10
0.6045216929133859
20
0.4113324803149606
11
0.6055861023622047
21
0.4108915748031496
0
LINE
8
BLACK
6
CONTINUOUS
10
0.6055861023622047
20
0.4108915748031496
11
0.606400748031496
21
0.4100769291338582
0
LINE
8
BLACK
6
CONTINUOUS
10
0.606400748031496
20
0.4100769291338582
11
0.6068416535433071
21
0.4090125196850394
0
LINE
8
BLACK
6
CONTINUOUS
10
0.6068416535433071
20
0.4090125196850394
11
0.6068416535433071
21
0.4078603937007874
0
LINE
8
BLACK
6
CONTINUOUS
10
0.6068416535433071
20
0.4078603937007874
11
0.606400748031496
21
0.4067959842519685
0
LINE
8
BLACK
6
CONTINUOUS
10
0.606400748031496
20
0.4067959842519685
11
0.6055861023622047
21
0.4059813385826772
0
LINE
8
BLACK
6
CONTINUOUS
10
0.6055861023622047
20
0.4059813385826772
11
0.6045216929133859
21
0.4055404330708661
0
LINE
8
BLACK
6
CONTINUOUS
10
0.6045216929133859
20
0.4055404330708661
11
0.6039456299212598
21
0.4054837007874016
0
LINE
8
BLACK
6
CONTINUOUS
10
0.6039456299212598
20
0.4054837007874016
11
0.5756943307086614
21
0.4054837007874016
0
LINE
8
BLACK
6
CONTINUOUS
10
0.5756943307086614
20
0.4054837007874016
11
0.6054106299212598
21
0.3885029921259843
0
LINE
8
BLACK
6
CONTINUOUS
10
0.6054106299212598
20
0.3885029921259843
11
0.6055320472440945
21
0.388416811023622
0
LINE
8
BLACK
6
CONTINUOUS
10
0.6055320472440945
20
0.388416811023622
11
0.6055861023622047
21
0.3883944094488189
0
LINE
8
BLACK
6
CONTINUOUS
10
0.6055861023622047
20
0.3883944094488189
11
0.6056411023622047
21
0.3883394094488189
0
LINE
8
BLACK
6
CONTINUOUS
10
0.6056411023622047
20
0.3883394094488189
11
0.6058826377952756
21
0.3881679527559055
0
LINE
8
BLACK
6
CONTINUOUS
10
0.6058826377952756
20
0.3881679527559055
11
0.6061231102362205
21
0.3878574015748031
0
LINE
8
BLACK
6
CONTINUOUS
10
0.6061231102362205
20
0.3878574015748031
11
0.606400748031496
21
0.3875797637795276
0
LINE
8
BLACK
6
CONTINUOUS
10
0.606400748031496
20
0.3875797637795276
11
0.6064727952755905
21
0.3874058267716535
0
LINE
8
BLACK
6
CONTINUOUS
10
0.6064727952755905
20
0.3874058267716535
11
0.606588031496063
21
0.3872570078740157
0
LINE
8
BLACK
6
CONTINUOUS
10
0.606588031496063
20
0.3872570078740157
11
0.6066913385826771
21
0.3868782283464567
0
LINE
8
BLACK
6
CONTINUOUS
10
0.6066913385826771
20
0.3868782283464567
11
0.6068416535433071
21
0.3865153543307087
0
LINE
8
BLACK
6
CONTINUOUS
10
0.6068416535433071
20
0.3865153543307087
11
0.6068416535433071
21
0.3863271653543307
0
LINE
8
BLACK
6
CONTINUOUS
10
0.6068416535433071
20
0.3863271653543307
11
0.6068911811023622
21
0.3861455511811023
0
LINE
8
BLACK
6
CONTINUOUS
10
0.6068911811023622
20
0.3861455511811023
11
0.6068416535433071
21
0.3857559448818897
0
LINE
8
BLACK
6
CONTINUOUS
10
0.6068416535433071
20
0.3857559448818897
11
0.6068416535433071
21
0.3853632283464567
0
LINE
8
BLACK
6
CONTINUOUS
10
0.6068416535433071
20
0.3853632283464567
11
0.6067696062992126
21
0.3851894094488189
0
LINE
8
BLACK
6
CONTINUOUS
10
0.6067696062992126
20
0.3851894094488189
11
0.606745905511811
21
0.3850026377952756
0
LINE
8
BLACK
6
CONTINUOUS
10
0.606745905511811
20
0.3850026377952756
11
0.6065509842519685
21
0.3846615354330709
0
LINE
8
BLACK
6
CONTINUOUS
10
0.6065509842519685
20
0.3846615354330709
11
0.606400748031496
21
0.3842988188976378
0
LINE
8
BLACK
6
CONTINUOUS
10
0.606400748031496
20
0.3842988188976378
11
0.6062677165354331
21
0.3841658267716535
0
LINE
8
BLACK
6
CONTINUOUS
10
0.6062677165354331
20
0.3841658267716535
11
0.6061742913385827
21
0.3840022834645669
0
LINE
8
BLACK
6
CONTINUOUS
10
0.6061742913385827
20
0.3840022834645669
11
0.6058636614173228
21
0.3837617716535433
0
LINE
8
BLACK
6
CONTINUOUS
10
0.6058636614173228
20
0.3837617716535433
11
0.6055861023622047
21
0.3834841732283464
0
LINE
8
BLACK
6
CONTINUOUS
10
0.6055861023622047
20
0.3834841732283464
11
0.6054122047244095
21
0.3834121653543307
0
LINE
8
BLACK
6
CONTINUOUS
10
0.6054122047244095
20
0.3834121653543307
11
0.6052633858267716
21
0.3832968897637795
0
LINE
8
BLACK
6
CONTINUOUS
10
0.6052633858267716
20
0.3832968897637795
11
0.6048844881889763
21
0.3831935826771654
0
LINE
8
BLACK
6
CONTINUOUS
10
0.6048844881889763
20
0.3831935826771654
11
0.6045216929133859
21
0.3830432677165354
0
LINE
8
BLACK
6
CONTINUOUS
10
0.6045216929133859
20
0.3830432677165354
11
0.6042270866141732
21
0.3830142913385827
0
LINE
8
BLACK
6
CONTINUOUS
10
0.6042270866141732
20
0.3830142913385827
11
0.6041518897637795
21
0.3829937401574803
0
LINE
8
BLACK
6
CONTINUOUS
10
0.6041518897637795
20
0.3829937401574803
11
0.604093779527559
21
0.3830011417322834
0
LINE
8
BLACK
6
CONTINUOUS
10
0.604093779527559
20
0.3830011417322834
11
0.6039456299212598
21
0.3829865354330709
0
LINE
8
BLACK
6
CONTINUOUS
10
0.6039456299212598
20
0.3829865354330709
11
0.5645755511811024
21
0.3829865354330709
0
LINE
8
BLACK
6
CONTINUOUS
10
0.5645755511811024
20
0.3829865354330709
11
0.5639994881889764
21
0.3830432677165354
0
LINE
8
BLACK
6
CONTINUOUS
10
0.5639994881889764
20
0.3830432677165354
11
0.5629350787401575
21
0.3834841732283464
0
LINE
8
BLACK
6
CONTINUOUS
10
0.5629350787401575
20
0.3834841732283464
11
0.5621204330708661
21
0.3842988188976378
0
LINE
8
BLACK
6
CONTINUOUS
10
0.5621204330708661
20
0.3842988188976378
11
0.5616795275590551
21
0.3853632283464567
0
LINE
8
BLACK
6
CONTINUOUS
10
0.5616795275590551
20
0.3853632283464567
11
0.5616795275590551
21
0.3865153543307087
0
LINE
8
BLACK
6
CONTINUOUS
10
0.5616795275590551
20
0.3865153543307087
11
0.5621204330708661
21
0.3875797637795276
0
LINE
8
BLACK
6
CONTINUOUS
10
0.5621204330708661
20
0.3875797637795276
11
0.5629350787401575
21
0.3883944094488189
0
LINE
8
BLACK
6
CONTINUOUS
10
0.5629350787401575
20
0.3883944094488189
11
0.5639994881889764
21
0.3888353149606299
0
LINE
8
BLACK
6
CONTINUOUS
10
0.5639994881889764
20
0.3888353149606299
11
0.5645755511811024
21
0.3888920472440945
0
LINE
8
BLACK
6
CONTINUOUS
10
0.5645755511811024
20
0.3888920472440945
11
0.5928268503937008
21
0.3888920472440945
0
LINE
8
BLACK
6
CONTINUOUS
10
0.5928268503937008
20
0.3888920472440945
11
0.5631105905511811
21
0.4058727559055118
0
LINE
8
BLACK
6
CONTINUOUS
10
0.5631105905511811
20
0.4058727559055118
11
0.5629891732283464
21
0.405958937007874
0
LINE
8
BLACK
6
CONTINUOUS
10
0.5629891732283464
20
0.405958937007874
11
0.5629350787401575
21
0.4059813385826772
0
LINE
8
BLACK
6
CONTINUOUS
10
0.5629350787401575
20
0.4059813385826772
11
0.5628799606299213
21
0.4060364566929134
0
LINE
8
BLACK
6
CONTINUOUS
10
0.5628799606299213
20
0.4060364566929134
11
0.5626385433070866
21
0.4062077952755905
0
LINE
8
BLACK
6
CONTINUOUS
10
0.5626385433070866
20
0.4062077952755905
11
0.5623979921259843
21
0.4065184251968504
0
LINE
8
BLACK
6
CONTINUOUS
10
0.5623979921259843
20
0.4065184251968504
11
0.5621204330708661
21
0.4067959842519685
0
LINE
8
BLACK
6
CONTINUOUS
10
0.5621204330708661
20
0.4067959842519685
11
0.5620483858267716
21
0.4069698818897638
0
LINE
8
BLACK
6
CONTINUOUS
10
0.5620483858267716
20
0.4069698818897638
11
0.5619331496062993
21
0.4071187007874016
0
LINE
8
BLACK
6
CONTINUOUS
10
0.5619331496062993
20
0.4071187007874016
11
0.5618298031496063
21
0.4074975984251968
0
LINE
8
BLACK
6
CONTINUOUS
10
0.5618298031496063
20
0.4074975984251968
11
0.5616795275590551
21
0.4078603937007874
0
LINE
8
BLACK
6
CONTINUOUS
10
0.5616795275590551
20
0.4078603937007874
11
0.5616795275590551
21
0.4080486220472441
0
LINE
8
BLACK
6
CONTINUOUS
10
0.5616795275590551
20
0.4080486220472441
11
0.56163
21
0.4082301968503937
0
LINE
8
BLACK
6
CONTINUOUS
10
0.56163
20
0.4082301968503937
11
0.5616795275590551
21
0.408619842519685
0
LINE
8
BLACK
6
CONTINUOUS
10
0.5616795275590551
20
0.408619842519685
11
0.5616795275590551
21
0.4090125196850394
0
LINE
8
BLACK
6
CONTINUOUS
10
0.5616795275590551
20
0.4090125196850394
11
0.5617515354330709
21
0.4091863779527559
0
LINE
8
BLACK
6
CONTINUOUS
10
0.5617515354330709
20
0.4091863779527559
11
0.5617752755905512
21
0.4093731102362205
0
LINE
8
BLACK
6
CONTINUOUS
10
0.5617752755905512
20
0.4093731102362205
11
0.561970157480315
21
0.4097142519685039
0
LINE
8
BLACK
6
CONTINUOUS
10
0.561970157480315
20
0.4097142519685039
11
0.5621204330708661
21
0.4100769291338582
0
LINE
8
BLACK
6
CONTINUOUS
10
0.5621204330708661
20
0.4100769291338582
11
0.5622534251968504
21
0.4102099606299213
0
LINE
8
BLACK
6
CONTINUOUS
10
0.5622534251968504
20
0.4102099606299213
11
0.5623468897637796
21
0.4103734645669291
0
LINE
8
BLACK
6
CONTINUOUS
10
0.5623468897637796
20
0.4103734645669291
11
0.5626574803149607
21
0.4106140157480315
0
LINE
8
BLACK
6
CONTINUOUS
10
0.5626574803149607
20
0.4106140157480315
11
0.5629350787401575
21
0.4108915748031496
0
LINE
8
BLACK
6
CONTINUOUS
10
0.5629350787401575
20
0.4108915748031496
11
0.563108937007874
21
0.4109636220472441
0
LINE
8
BLACK
6
CONTINUOUS
10
0.563108937007874
20
0.4109636220472441
11
0.5632577952755905
21
0.4110788582677165
0
LINE
8
BLACK
6
CONTINUOUS
10
0.5632577952755905
20
0.4110788582677165
11
0.5636366535433071
21
0.4111822047244094
0
LINE
8
BLACK
6
CONTINUOUS
10
0.5636366535433071
20
0.4111822047244094
11
0.5639994881889764
21
0.4113324803149606
0
LINE
8
BLACK
6
CONTINUOUS
10
0.5639994881889764
20
0.4113324803149606
11
0.5642940551181103
21
0.4113614960629921
0
LINE
8
BLACK
6
CONTINUOUS
10
0.5642940551181103
20
0.4113614960629921
11
0.5643692913385827
21
0.4113820078740157
0
LINE
8
BLACK
6
CONTINUOUS
10
0.5643692913385827
20
0.4113820078740157
11
0.5644273622047244
21
0.4113746456692913
0
LINE
8
BLACK
6
CONTINUOUS
10
0.5644273622047244
20
0.4113746456692913
11
0.5645755511811024
21
0.4113892125984252
0
LINE
8
BLACK
6
CONTINUOUS
10
0.5645755511811024
20
0.4113892125984252
11
0.6039456299212598
21
0.4113892125984252
0
LINE
8
BLACK
6
CONTINUOUS
10
0.6039456299212598
20
0.4113892125984252
11
0.6045216929133859
21
0.4113324803149606
0
LINE
8
BLACK
6
CONTINUOUS
10
0.0804699212598425
20
0.4281975590551181
11
0.11984
21
0.4150742125984252
0
LINE
8
BLACK
6
CONTINUOUS
10
0.11984
20
0.4150742125984252
11
0.1203685433070866
21
0.4148382283464567
0
LINE
8
BLACK
6
CONTINUOUS
10
0.1203685433070866
20
0.4148382283464567
11
0.120527874015748
21
0.4147000393700787
0
LINE
8
BLACK
6
CONTINUOUS
10
0.120527874015748
20
0.4147000393700787
11
0.1207166141732283
21
0.4146056692913386
0
LINE
8
BLACK
6
CONTINUOUS
10
0.1207166141732283
20
0.4146056692913386
11
0.1209592913385827
21
0.4143258661417323
0
LINE
8
BLACK
6
CONTINUOUS
10
0.1209592913385827
20
0.4143258661417323
11
0.1212388976377953
21
0.4140833464566929
0
LINE
8
BLACK
6
CONTINUOUS
10
0.1212388976377953
20
0.4140833464566929
11
0.1213331889763779
21
0.4138947244094488
0
LINE
8
BLACK
6
CONTINUOUS
10
0.1213331889763779
20
0.4138947244094488
11
0.1214714960629921
21
0.4137352755905512
0
LINE
8
BLACK
6
CONTINUOUS
10
0.1214714960629921
20
0.4137352755905512
11
0.1215885826771654
21
0.4133840157480315
0
LINE
8
BLACK
6
CONTINUOUS
10
0.1215885826771654
20
0.4133840157480315
11
0.1217541338582677
21
0.4130529133858268
0
LINE
8
BLACK
6
CONTINUOUS
10
0.1217541338582677
20
0.4130529133858268
11
0.1217690551181102
21
0.4128425196850394
0
LINE
8
BLACK
6
CONTINUOUS
10
0.1217690551181102
20
0.4128425196850394
11
0.1218358267716535
21
0.4126422834645669
0
LINE
8
BLACK
6
CONTINUOUS
10
0.1218358267716535
20
0.4126422834645669
11
0.1218095669291339
21
0.4122729921259842
0
LINE
8
BLACK
6
CONTINUOUS
10
0.1218095669291339
20
0.4122729921259842
11
0.1218358267716535
21
0.4119037007874016
0
LINE
8
BLACK
6
CONTINUOUS
10
0.1218358267716535
20
0.4119037007874016
11
0.1217690551181102
21
0.4117035039370079
0
LINE
8
BLACK
6
CONTINUOUS
10
0.1217690551181102
20
0.4117035039370079
11
0.1217541338582677
21
0.4114930708661417
0
LINE
8
BLACK
6
CONTINUOUS
10
0.1217541338582677
20
0.4114930708661417
11
0.1215885826771654
21
0.4111620078740157
0
LINE
8
BLACK
6
CONTINUOUS
10
0.1215885826771654
20
0.4111620078740157
11
0.1214714960629921
21
0.4108107086614173
0
LINE
8
BLACK
6
CONTINUOUS
10
0.1214714960629921
20
0.4108107086614173
11
0.1213331889763779
21
0.4106512992125984
0
LINE
8
BLACK
6
CONTINUOUS
10
0.1213331889763779
20
0.4106512992125984
11
0.1212388976377953
21
0.4104626377952756
0
LINE
8
BLACK
6
CONTINUOUS
10
0.1212388976377953
20
0.4104626377952756
11
0.1209592913385827
21
0.4102201574803149
0
LINE
8
BLACK
6
CONTINUOUS
10
0.1209592913385827
20
0.4102201574803149
11
0.1207166141732283
21
0.4099403149606299
0
LINE
8
BLACK
6
CONTINUOUS
10
0.1207166141732283
20
0.4099403149606299
11
0.120527874015748
21
0.4098459842519685
0
LINE
8
BLACK
6
CONTINUOUS
10
0.120527874015748
20
0.4098459842519685
11
0.1203685433070866
21
0.4097077559055118
0
LINE
8
BLACK
6
CONTINUOUS
10
0.1203685433070866
20
0.4097077559055118
11
0.11984
21
0.4094717716535433
0
LINE
8
BLACK
6
CONTINUOUS
10
0.11984
20
0.4094717716535433
11
0.0804699212598425
21
0.3963484251968504
0
LINE
8
BLACK
6
CONTINUOUS
10
0.0804699212598425
20
0.3963484251968504
11
0.0799054724409449
21
0.3962200787401575
0
LINE
8
BLACK
6
CONTINUOUS
10
0.0799054724409449
20
0.3962200787401575
11
0.0787562598425197
21
0.3963017716535433
0
LINE
8
BLACK
6
CONTINUOUS
10
0.0787562598425197
20
0.3963017716535433
11
0.0777258267716535
21
0.396816968503937
0
LINE
8
BLACK
6
CONTINUOUS
10
0.0777258267716535
20
0.396816968503937
11
0.0769709448818898
21
0.3976873228346456
0
LINE
8
BLACK
6
CONTINUOUS
10
0.0769709448818898
20
0.3976873228346456
11
0.0766066141732283
21
0.3987803543307086
0
LINE
8
BLACK
6
CONTINUOUS
10
0.0766066141732283
20
0.3987803543307086
11
0.0766883070866142
21
0.3999295669291338
0
LINE
8
BLACK
6
CONTINUOUS
10
0.0766883070866142
20
0.3999295669291338
11
0.0772035039370079
21
0.40096
0
LINE
8
BLACK
6
CONTINUOUS
10
0.0772035039370079
20
0.40096
11
0.0780738582677165
21
0.4017148818897638
0
LINE
8
BLACK
6
CONTINUOUS
10
0.0780738582677165
20
0.4017148818897638
11
0.0786024409448819
21
0.4019508661417323
0
LINE
8
BLACK
6
CONTINUOUS
10
0.0786024409448819
20
0.4019508661417323
11
0.1095688188976378
21
0.4122729921259842
0
LINE
8
BLACK
6
CONTINUOUS
10
0.1095688188976378
20
0.4122729921259842
11
0.0786024409448819
21
0.4225951181102362
0
LINE
8
BLACK
6
CONTINUOUS
10
0.0786024409448819
20
0.4225951181102362
11
0.0780738582677165
21
0.4228311023622047
0
LINE
8
BLACK
6
CONTINUOUS
10
0.0780738582677165
20
0.4228311023622047
11
0.0772035039370079
21
0.4235859842519685
0
LINE
8
BLACK
6
CONTINUOUS
10
0.0772035039370079
20
0.4235859842519685
11
0.0766883070866142
21
0.4246164173228346
0
LINE
8
BLACK
6
CONTINUOUS
10
0.0766883070866142
20
0.4246164173228346
11
0.0766066141732283
21
0.4257656299212598
0
LINE
8
BLACK
6
CONTINUOUS
10
0.0766066141732283
20
0.4257656299212598
11
0.0769709448818898
21
0.4268586614173228
0
LINE
8
BLACK
6
CONTINUOUS
10
0.0769709448818898
20
0.4268586614173228
11
0.0777258267716535
21
0.4277290157480315
0
LINE
8
BLACK
6
CONTINUOUS
10
0.0777258267716535
20
0.4277290157480315
11
0.0787562598425197
21
0.4282442125984252
0
LINE
8
BLACK
6
CONTINUOUS
10
0.0787562598425197
20
0.4282442125984252
11
0.0799054724409449
21
0.428325905511811
0
LINE
8
BLACK
6
CONTINUOUS
10
0.0799054724409449
20
0.428325905511811
11
0.0804699212598425
21
0.4281975590551181
0
LINE
8
BLACK
6
CONTINUOUS
10
0.6045216929133859
20
0.4507025590551181
11
0.6055861023622047
21
0.450261653543307
0
LINE
8
BLACK
6
CONTINUOUS
10
0.6055861023622047
20
0.450261653543307
11
0.606400748031496
21
0.4494470078740158
0
LINE
8
BLACK
6
CONTINUOUS
10
0.606400748031496
20
0.4494470078740158
11
0.6068416535433071
21
0.4483825984251968
0
LINE
8
BLACK
6
CONTINUOUS
10
0.6068416535433071
20
0.4483825984251968
11
0.6068983858267717
21
0.4478065354330709
0
LINE
8
BLACK
6
CONTINUOUS
10
0.6068983858267717
20
0.4478065354330709
11
0.6068983858267717
21
0.4384327165354331
0
LINE
8
BLACK
6
CONTINUOUS
10
0.6068983858267717
20
0.4384327165354331
11
0.6068696456692914
21
0.4381411417322835
0
LINE
8
BLACK
6
CONTINUOUS
10
0.6068696456692914
20
0.4381411417322835
11
0.6068751968503937
21
0.4380633858267716
0
LINE
8
BLACK
6
CONTINUOUS
10
0.6068751968503937
20
0.4380633858267716
11
0.6068519291338582
21
0.4379611417322835
0
LINE
8
BLACK
6
CONTINUOUS
10
0.6068519291338582
20
0.4379611417322835
11
0.6068416535433071
21
0.4378566535433071
0
LINE
8
BLACK
6
CONTINUOUS
10
0.6068416535433071
20
0.4378566535433071
11
0.6068117716535433
21
0.4377846062992126
0
LINE
8
BLACK
6
CONTINUOUS
10
0.6068117716535433
20
0.4377846062992126
11
0.6067468503937008
21
0.437498937007874
0
LINE
8
BLACK
6
CONTINUOUS
10
0.6067468503937008
20
0.437498937007874
11
0.6048720866141732
21
0.43187468503937
0
LINE
8
BLACK
6
CONTINUOUS
10
0.6048720866141732
20
0.43187468503937
11
0.6046361023622047
21
0.4313461023622047
0
LINE
8
BLACK
6
CONTINUOUS
10
0.6046361023622047
20
0.4313461023622047
11
0.6045666141732283
21
0.4312660236220472
0
LINE
8
BLACK
6
CONTINUOUS
10
0.6045666141732283
20
0.4312660236220472
11
0.6045260236220472
21
0.4311679527559055
0
LINE
8
BLACK
6
CONTINUOUS
10
0.6045260236220472
20
0.4311679527559055
11
0.604158779527559
21
0.4307205118110236
0
LINE
8
BLACK
6
CONTINUOUS
10
0.604158779527559
20
0.4307205118110236
11
0.6004092125984252
21
0.4269709842519685
0
LINE
8
BLACK
6
CONTINUOUS
10
0.6004092125984252
20
0.4269709842519685
11
0.6001828346456692
21
0.4267852362204724
0
LINE
8
BLACK
6
CONTINUOUS
10
0.6001828346456692
20
0.4267852362204724
11
0.6001316929133859
21
0.4267262204724409
0
LINE
8
BLACK
6
CONTINUOUS
10
0.6001316929133859
20
0.4267262204724409
11
0.6000427559055118
21
0.4266702755905512
0
LINE
8
BLACK
6
CONTINUOUS
10
0.6000427559055118
20
0.4266702755905512
11
0.5999617322834645
21
0.4266037401574803
0
LINE
8
BLACK
6
CONTINUOUS
10
0.5999617322834645
20
0.4266037401574803
11
0.59988968503937
21
0.426573937007874
0
LINE
8
BLACK
6
CONTINUOUS
10
0.59988968503937
20
0.426573937007874
11
0.599641811023622
21
0.426417874015748
0
LINE
8
BLACK
6
CONTINUOUS
10
0.599641811023622
20
0.426417874015748
11
0.5958922834645669
21
0.4245431102362205
0
LINE
8
BLACK
6
CONTINUOUS
10
0.5958922834645669
20
0.4245431102362205
11
0.595850157480315
21
0.4245270078740158
0
LINE
8
BLACK
6
CONTINUOUS
10
0.595850157480315
20
0.4245270078740158
11
0.5958330314960629
21
0.4245142913385826
0
LINE
8
BLACK
6
CONTINUOUS
10
0.5958330314960629
20
0.4245142913385826
11
0.5955910629921259
21
0.424427874015748
0
LINE
8
BLACK
6
CONTINUOUS
10
0.5955910629921259
20
0.424427874015748
11
0.5953516535433071
21
0.424336220472441
0
LINE
8
BLACK
6
CONTINUOUS
10
0.5953516535433071
20
0.424336220472441
11
0.5953303937007874
21
0.4243347244094488
0
LINE
8
BLACK
6
CONTINUOUS
10
0.5953303937007874
20
0.4243347244094488
11
0.5952879133858268
21
0.4243195275590551
0
LINE
8
BLACK
6
CONTINUOUS
10
0.5952879133858268
20
0.4243195275590551
11
0.5877888582677165
21
0.4224447637795276
0
LINE
8
BLACK
6
CONTINUOUS
10
0.5877888582677165
20
0.4224447637795276
11
0.5876889763779527
21
0.42243
0
LINE
8
BLACK
6
CONTINUOUS
10
0.5876889763779527
20
0.42243
11
0.587648779527559
21
0.4224133464566929
0
LINE
8
BLACK
6
CONTINUOUS
10
0.587648779527559
20
0.4224133464566929
11
0.5874317322834646
21
0.4223920078740158
0
LINE
8
BLACK
6
CONTINUOUS
10
0.5874317322834646
20
0.4223920078740158
11
0.5872162598425197
21
0.4223601181102362
0
LINE
8
BLACK
6
CONTINUOUS
10
0.5872162598425197
20
0.4223601181102362
11
0.5871732283464567
21
0.4223665354330708
0
LINE
8
BLACK
6
CONTINUOUS
10
0.5871732283464567
20
0.4223665354330708
11
0.587072716535433
21
0.4223566141732283
0
LINE
8
BLACK
6
CONTINUOUS
10
0.587072716535433
20
0.4223566141732283
11
0.5814484251968504
21
0.4223566141732283
0
LINE
8
BLACK
6
CONTINUOUS
10
0.5814484251968504
20
0.4223566141732283
11
0.5813478740157481
21
0.4223665354330708
0
LINE
8
BLACK
6
CONTINUOUS
10
0.5813478740157481
20
0.4223665354330708
11
0.5813048818897638
21
0.4223601181102362
0
LINE
8
BLACK
6
CONTINUOUS
10
0.5813048818897638
20
0.4223601181102362
11
0.5810893700787402
21
0.4223920078740158
0
LINE
8
BLACK
6
CONTINUOUS
10
0.5810893700787402
20
0.4223920078740158
11
0.5808723622047244
21
0.4224133464566929
0
LINE
8
BLACK
6
CONTINUOUS
10
0.5808723622047244
20
0.4224133464566929
11
0.5808321259842519
21
0.42243
0
LINE
8
BLACK
6
CONTINUOUS
10
0.5808321259842519
20
0.42243
11
0.580732283464567
21
0.4224447637795276
0
LINE
8
BLACK
6
CONTINUOUS
10
0.580732283464567
20
0.4224447637795276
11
0.5732332283464566
21
0.4243195275590551
0
LINE
8
BLACK
6
CONTINUOUS
10
0.5732332283464566
20
0.4243195275590551
11
0.5731907086614173
21
0.4243347244094488
0
LINE
8
BLACK
6
CONTINUOUS
10
0.5731907086614173
20
0.4243347244094488
11
0.5731694488188976
21
0.424336220472441
0
LINE
8
BLACK
6
CONTINUOUS
10
0.5731694488188976
20
0.424336220472441
11
0.57292968503937
21
0.4244279921259843
0
LINE
8
BLACK
6
CONTINUOUS
10
0.57292968503937
20
0.4244279921259843
11
0.5726881102362205
21
0.4245142913385826
0
LINE
8
BLACK
6
CONTINUOUS
10
0.5726881102362205
20
0.4245142913385826
11
0.5726709448818897
21
0.4245270078740158
0
LINE
8
BLACK
6
CONTINUOUS
10
0.5726709448818897
20
0.4245270078740158
11
0.5726288582677165
21
0.4245431102362205
0
LINE
8
BLACK
6
CONTINUOUS
10
0.5726288582677165
20
0.4245431102362205
11
0.5688793307086614
21
0.426417874015748
0
LINE
8
BLACK
6
CONTINUOUS
10
0.5688793307086614
20
0.426417874015748
11
0.5686314960629921
21
0.4265738976377952
0
LINE
8
BLACK
6
CONTINUOUS
10
0.5686314960629921
20
0.4265738976377952
11
0.5685593700787401
21
0.4266037401574803
0
LINE
8
BLACK
6
CONTINUOUS
10
0.5685593700787401
20
0.4266037401574803
11
0.5684781889763779
21
0.4266703543307087
0
LINE
8
BLACK
6
CONTINUOUS
10
0.5684781889763779
20
0.4266703543307087
11
0.5683894488188976
21
0.4267262204724409
0
LINE
8
BLACK
6
CONTINUOUS
10
0.5683894488188976
20
0.4267262204724409
11
0.5683383070866141
21
0.4267851574803149
0
LINE
8
BLACK
6
CONTINUOUS
10
0.5683383070866141
20
0.4267851574803149
11
0.5681119291338582
21
0.4269709842519685
0
LINE
8
BLACK
6
CONTINUOUS
10
0.5681119291338582
20
0.4269709842519685
11
0.5643624015748031
21
0.4307205118110236
0
LINE
8
BLACK
6
CONTINUOUS
10
0.5643624015748031
20
0.4307205118110236
11
0.5639951968503937
21
0.4311679527559055
0
LINE
8
BLACK
6
CONTINUOUS
10
0.5639951968503937
20
0.4311679527559055
11
0.5639545669291338
21
0.4312660236220472
0
LINE
8
BLACK
6
CONTINUOUS
10
0.5639545669291338
20
0.4312660236220472
11
0.5638850787401575
21
0.4313461417322835
0
LINE
8
BLACK
6
CONTINUOUS
10
0.5638850787401575
20
0.4313461417322835
11
0.563649094488189
21
0.43187468503937
0
LINE
8
BLACK
6
CONTINUOUS
10
0.563649094488189
20
0.43187468503937
11
0.5617743307086615
21
0.4374989763779528
0
LINE
8
BLACK
6
CONTINUOUS
10
0.5617743307086615
20
0.4374989763779528
11
0.5617093700787401
21
0.4377845669291339
0
LINE
8
BLACK
6
CONTINUOUS
10
0.5617093700787401
20
0.4377845669291339
11
0.5616795275590551
21
0.4378566535433071
0
LINE
8
BLACK
6
CONTINUOUS
10
0.5616795275590551
20
0.4378566535433071
11
0.5616692125984252
21
0.4379611811023622
0
LINE
8
BLACK
6
CONTINUOUS
10
0.5616692125984252
20
0.4379611811023622
11
0.5616459842519685
21
0.4380634251968504
0
LINE
8
BLACK
6
CONTINUOUS
10
0.5616459842519685
20
0.4380634251968504
11
0.5616514960629921
21
0.4381411811023622
0
LINE
8
BLACK
6
CONTINUOUS
10
0.5616514960629921
20
0.4381411811023622
11
0.5616227952755906
21
0.4384327165354331
0
LINE
8
BLACK
6
CONTINUOUS
10
0.5616227952755906
20
0.4384327165354331
11
0.5616227952755906
21
0.4478065354330709
0
LINE
8
BLACK
6
CONTINUOUS
10
0.5616227952755906
20
0.4478065354330709
11
0.5616795275590551
21
0.4483825984251968
0
LINE
8
BLACK
6
CONTINUOUS
10
0.5616795275590551
20
0.4483825984251968
11
0.5621204330708661
21
0.4494470078740158
0
LINE
8
BLACK
6
CONTINUOUS
10
0.5621204330708661
20
0.4494470078740158
11
0.5629350787401575
21
0.450261653543307
0
LINE
8
BLACK
6
CONTINUOUS
10
0.5629350787401575
20
0.450261653543307
11
0.5639994881889764
21
0.4507025590551181
0
LINE
8
BLACK
6
CONTINUOUS
10
0.5639994881889764
20
0.4507025590551181
11
0.5645755511811024
21
0.4507592913385827
0
LINE
8
BLACK
6
CONTINUOUS
10
0.5645755511811024
20
0.4507592913385827
11
0.6039456299212598
21
0.4507592913385827
0
LINE
8
BLACK
6
CONTINUOUS
10
0.6039456299212598
20
0.4507592913385827
11
0.6045216929133859
21
0.4507025590551181
0
LINE
8
BLACK
6
CONTINUOUS
10
0.5675283070866142
20
0.4389118897637795
11
0.5690311023622047
21
0.4344034645669291
0
LINE
8
BLACK
6
CONTINUOUS
10
0.5690311023622047
20
0.4344034645669291
11
0.571948937007874
21
0.4314856299212598
0
LINE
8
BLACK
6
CONTINUOUS
10
0.571948937007874
20
0.4314856299212598
11
0.5749799212598425
21
0.429970157480315
0
LINE
8
BLACK
6
CONTINUOUS
10
0.5749799212598425
20
0.429970157480315
11
0.581811968503937
21
0.428262125984252
0
LINE
8
BLACK
6
CONTINUOUS
10
0.581811968503937
20
0.428262125984252
11
0.5867091732283465
21
0.428262125984252
0
LINE
8
BLACK
6
CONTINUOUS
10
0.5867091732283465
20
0.428262125984252
11
0.593541220472441
21
0.429970157480315
0
LINE
8
BLACK
6
CONTINUOUS
10
0.593541220472441
20
0.429970157480315
11
0.5965722047244094
21
0.4314856692913386
0
LINE
8
BLACK
6
CONTINUOUS
10
0.5965722047244094
20
0.4314856692913386
11
0.5994900787401575
21
0.4344035039370079
0
LINE
8
BLACK
6
CONTINUOUS
10
0.5994900787401575
20
0.4344035039370079
11
0.600992874015748
21
0.4389118503937008
0
LINE
8
BLACK
6
CONTINUOUS
10
0.600992874015748
20
0.4389118503937008
11
0.600992874015748
21
0.4448537795275591
0
LINE
8
BLACK
6
CONTINUOUS
10
0.600992874015748
20
0.4448537795275591
11
0.5675283070866142
21
0.4448537795275591
0
LINE
8
BLACK
6
CONTINUOUS
10
0.5675283070866142
20
0.4448537795275591
11
0.5675283070866142
21
0.4389118897637795
0
LINE
8
BLACK
6
CONTINUOUS
10
0.1119832283464567
20
0.4620381496062992
11
0.1120812204724409
21
0.4619975590551181
0
LINE
8
BLACK
6
CONTINUOUS
10
0.1120812204724409
20
0.4619975590551181
11
0.1121870472440945
21
0.4619900393700787
0
LINE
8
BLACK
6
CONTINUOUS
10
0.1121870472440945
20
0.4619900393700787
11
0.1127276771653543
21
0.4617831496062992
0
LINE
8
BLACK
6
CONTINUOUS
10
0.1127276771653543
20
0.4617831496062992
11
0.1164772047244094
21
0.4599083858267716
0
LINE
8
BLACK
6
CONTINUOUS
10
0.1164772047244094
20
0.4599083858267716
11
0.1167250787401575
21
0.4597523622047244
0
LINE
8
BLACK
6
CONTINUOUS
10
0.1167250787401575
20
0.4597523622047244
11
0.116797125984252
21
0.4597225196850394
0
LINE
8
BLACK
6
CONTINUOUS
10
0.116797125984252
20
0.4597225196850394
11
0.1168781496062992
21
0.4596560236220472
0
LINE
8
BLACK
6
CONTINUOUS
10
0.1168781496062992
20
0.4596560236220472
11
0.1169670866141732
21
0.4596000393700787
0
LINE
8
BLACK
6
CONTINUOUS
10
0.1169670866141732
20
0.4596000393700787
11
0.1170182283464567
21
0.459541062992126
0
LINE
8
BLACK
6
CONTINUOUS
10
0.1170182283464567
20
0.459541062992126
11
0.1172445669291339
21
0.4593553149606299
0
LINE
8
BLACK
6
CONTINUOUS
10
0.1172445669291339
20
0.4593553149606299
11
0.1191193700787402
21
0.4574805511811024
0
LINE
8
BLACK
6
CONTINUOUS
10
0.1191193700787402
20
0.4574805511811024
11
0.1193051181102362
21
0.4572542125984252
0
LINE
8
BLACK
6
CONTINUOUS
10
0.1193051181102362
20
0.4572542125984252
11
0.1193641732283465
21
0.4572029921259843
0
LINE
8
BLACK
6
CONTINUOUS
10
0.1193641732283465
20
0.4572029921259843
11
0.119420157480315
21
0.4571140551181102
0
LINE
8
BLACK
6
CONTINUOUS
10
0.119420157480315
20
0.4571140551181102
11
0.1194866141732283
21
0.4570330708661417
0
LINE
8
BLACK
6
CONTINUOUS
10
0.1194866141732283
20
0.4570330708661417
11
0.1195164173228346
21
0.4569611417322835
0
LINE
8
BLACK
6
CONTINUOUS
10
0.1195164173228346
20
0.4569611417322835
11
0.1196725196850394
21
0.4567131102362205
0
LINE
8
BLACK
6
CONTINUOUS
10
0.1196725196850394
20
0.4567131102362205
11
0.1215472834645669
21
0.4529635826771654
0
LINE
8
BLACK
6
CONTINUOUS
10
0.1215472834645669
20
0.4529635826771654
11
0.1217541732283465
21
0.4524229921259842
0
LINE
8
BLACK
6
CONTINUOUS
10
0.1217541732283465
20
0.4524229921259842
11
0.1217616929133858
21
0.4523171259842519
0
LINE
8
BLACK
6
CONTINUOUS
10
0.1217616929133858
20
0.4523171259842519
11
0.1218022834645669
21
0.4522191338582677
0
LINE
8
BLACK
6
CONTINUOUS
10
0.1218022834645669
20
0.4522191338582677
11
0.1218590157480315
21
0.4516430708661417
0
LINE
8
BLACK
6
CONTINUOUS
10
0.1218590157480315
20
0.4516430708661417
11
0.1218590157480315
21
0.4441440157480315
0
LINE
8
BLACK
6
CONTINUOUS
10
0.1218590157480315
20
0.4441440157480315
11
0.1218022834645669
21
0.4435679527559055
0
LINE
8
BLACK
6
CONTINUOUS
10
0.1218022834645669
20
0.4435679527559055
11
0.1217616929133858
21
0.44347
0
LINE
8
BLACK
6
CONTINUOUS
10
0.1217616929133858
20
0.44347
11
0.1217541732283465
21
0.443364094488189
0
LINE
8
BLACK
6
CONTINUOUS
10
0.1217541732283465
20
0.443364094488189
11
0.1215472834645669
21
0.4428235039370079
0
LINE
8
BLACK
6
CONTINUOUS
10
0.1215472834645669
20
0.4428235039370079
11
0.1196725196850394
21
0.4390739763779528
0
LINE
8
BLACK
6
CONTINUOUS
10
0.1196725196850394
20
0.4390739763779528
11
0.1195164173228346
21
0.4388259842519685
0
LINE
8
BLACK
6
CONTINUOUS
10
0.1195164173228346
20
0.4388259842519685
11
0.1194866141732283
21
0.4387540157480315
0
LINE
8
BLACK
6
CONTINUOUS
10
0.1194866141732283
20
0.4387540157480315
11
0.119420157480315
21
0.4386730708661417
0
LINE
8
BLACK
6
CONTINUOUS
10
0.119420157480315
20
0.4386730708661417
11
0.1193641732283465
21
0.438584094488189
0
LINE
8
BLACK
6
CONTINUOUS
10
0.1193641732283465
20
0.438584094488189
11
0.1193051181102362
21
0.4385329133858268
0
LINE
8
BLACK
6
CONTINUOUS
10
0.1193051181102362
20
0.4385329133858268
11
0.1191193700787402
21
0.4383065354330709
0
LINE
8
BLACK
6
CONTINUOUS
10
0.1191193700787402
20
0.4383065354330709
11
0.1172445669291339
21
0.4364317716535433
0
LINE
8
BLACK
6
CONTINUOUS
10
0.1172445669291339
20
0.4364317716535433
11
0.1170182283464567
21
0.436246062992126
0
LINE
8
BLACK
6
CONTINUOUS
10
0.1170182283464567
20
0.436246062992126
11
0.1169670866141732
21
0.4361870472440945
0
LINE
8
BLACK
6
CONTINUOUS
10
0.1169670866141732
20
0.4361870472440945
11
0.1168781496062992
21
0.4361311023622047
0
LINE
8
BLACK
6
CONTINUOUS
10
0.1168781496062992
20
0.4361311023622047
11
0.116797125984252
21
0.4360645669291339
0
LINE
8
BLACK
6
CONTINUOUS
10
0.116797125984252
20
0.4360645669291339
11
0.1167250787401575
21
0.4360347637795275
0
LINE
8
BLACK
6
CONTINUOUS
10
0.1167250787401575
20
0.4360347637795275
11
0.1164772047244094
21
0.4358787007874015
0
LINE
8
BLACK
6
CONTINUOUS
10
0.1164772047244094
20
0.4358787007874015
11
0.1127276771653543
21
0.434003937007874
0
LINE
8
BLACK
6
CONTINUOUS
10
0.1127276771653543
20
0.434003937007874
11
0.1121870472440945
21
0.4337970472440945
0
LINE
8
BLACK
6
CONTINUOUS
10
0.1121870472440945
20
0.4337970472440945
11
0.1120812204724409
21
0.4337895669291338
0
LINE
8
BLACK
6
CONTINUOUS
10
0.1120812204724409
20
0.4337895669291338
11
0.1119832283464567
21
0.433748937007874
0
LINE
8
BLACK
6
CONTINUOUS
10
0.1119832283464567
20
0.433748937007874
11
0.1114071653543307
21
0.4336922047244094
0
LINE
8
BLACK
6
CONTINUOUS
10
0.1114071653543307
20
0.4336922047244094
11
0.1020333464566929
21
0.4336922047244094
0
LINE
8
BLACK
6
CONTINUOUS
10
0.1020333464566929
20
0.4336922047244094
11
0.1014572834645669
21
0.433748937007874
0
LINE
8
BLACK
6
CONTINUOUS
10
0.1014572834645669
20
0.433748937007874
11
0.1013592913385827
21
0.4337895275590551
0
LINE
8
BLACK
6
CONTINUOUS
10
0.1013592913385827
20
0.4337895275590551
11
0.1012534251968504
21
0.4337970472440945
0
LINE
8
BLACK
6
CONTINUOUS
10
0.1012534251968504
20
0.4337970472440945
11
0.1007128346456693
21
0.434003937007874
0
LINE
8
BLACK
6
CONTINUOUS
10
0.1007128346456693
20
0.434003937007874
11
0.0969633070866142
21
0.4358787007874015
0
LINE
8
BLACK
6
CONTINUOUS
10
0.0969633070866142
20
0.4358787007874015
11
0.0967152755905512
21
0.4360348031496063
0
LINE
8
BLACK
6
CONTINUOUS
10
0.0967152755905512
20
0.4360348031496063
11
0.0966433464566929
21
0.4360646062992126
0
LINE
8
BLACK
6
CONTINUOUS
10
0.0966433464566929
20
0.4360646062992126
11
0.0965623622047244
21
0.4361311023622047
0
LINE
8
BLACK
6
CONTINUOUS
10
0.0965623622047244
20
0.4361311023622047
11
0.0964734251968504
21
0.4361870472440945
0
LINE
8
BLACK
6
CONTINUOUS
10
0.0964734251968504
20
0.4361870472440945
11
0.0964222440944882
21
0.436246062992126
0
LINE
8
BLACK
6
CONTINUOUS
10
0.0964222440944882
20
0.436246062992126
11
0.096195905511811
21
0.4364318110236221
0
LINE
8
BLACK
6
CONTINUOUS
10
0.096195905511811
20
0.4364318110236221
11
0.0943211417322835
21
0.4383065748031496
0
LINE
8
BLACK
6
CONTINUOUS
10
0.0943211417322835
20
0.4383065748031496
11
0.0941353543307087
21
0.4385329527559055
0
LINE
8
BLACK
6
CONTINUOUS
10
0.0941353543307087
20
0.4385329527559055
11
0.0940763779527559
21
0.438584094488189
0
LINE
8
BLACK
6
CONTINUOUS
10
0.0940763779527559
20
0.438584094488189
11
0.0940203937007874
21
0.4386730708661417
0
LINE
8
BLACK
6
CONTINUOUS
10
0.0940203937007874
20
0.4386730708661417
11
0.093953937007874
21
0.4387540157480315
0
LINE
8
BLACK
6
CONTINUOUS
10
0.093953937007874
20
0.4387540157480315
11
0.093924094488189
21
0.4388259842519685
0
LINE
8
BLACK
6
CONTINUOUS
10
0.093924094488189
20
0.4388259842519685
11
0.093768031496063
21
0.4390739763779528
0
LINE
8
BLACK
6
CONTINUOUS
10
0.093768031496063
20
0.4390739763779528
11
0.0918932677165354
21
0.4428235039370079
0
LINE
8
BLACK
6
CONTINUOUS
10
0.0918932677165354
20
0.4428235039370079
11
0.0916863779527559
21
0.4433641338582677
0
LINE
8
BLACK
6
CONTINUOUS
10
0.0916863779527559
20
0.4433641338582677
11
0.0916788582677165
21
0.4434699606299212
0
LINE
8
BLACK
6
CONTINUOUS
10
0.0916788582677165
20
0.4434699606299212
11
0.0916382677165354
21
0.4435679527559055
0
LINE
8
BLACK
6
CONTINUOUS
10
0.0916382677165354
20
0.4435679527559055
11
0.0915815354330709
21
0.4441440157480315
0
LINE
8
BLACK
6
CONTINUOUS
10
0.0915815354330709
20
0.4441440157480315
11
0.0915815354330709
21
0.4516430708661417
0
LINE
8
BLACK
6
CONTINUOUS
10
0.0915815354330709
20
0.4516430708661417
11
0.0916382677165354
21
0.4522191338582677
0
LINE
8
BLACK
6
CONTINUOUS
10
0.0916382677165354
20
0.4522191338582677
11
0.0916788582677165
21
0.4523171653543307
0
LINE
8
BLACK
6
CONTINUOUS
10
0.0916788582677165
20
0.4523171653543307
11
0.0916863779527559
21
0.4524229527559055
0
LINE
8
BLACK
6
CONTINUOUS
10
0.0916863779527559
20
0.4524229527559055
11
0.0918932677165354
21
0.4529635826771654
0
LINE
8
BLACK
6
CONTINUOUS
10
0.0918932677165354
20
0.4529635826771654
11
0.0930395275590551
21
0.4552561023622047
0
LINE
8
BLACK
6
CONTINUOUS
10
0.0930395275590551
20
0.4552561023622047
11
0.0901223622047244
21
0.454526811023622
0
LINE
8
BLACK
6
CONTINUOUS
10
0.0901223622047244
20
0.454526811023622
11
0.085166811023622
21
0.4512231102362205
0
LINE
8
BLACK
6
CONTINUOUS
10
0.085166811023622
20
0.4512231102362205
11
0.0838376771653543
21
0.4498939763779528
0
LINE
8
BLACK
6
CONTINUOUS
10
0.0838376771653543
20
0.4498939763779528
11
0.082488937007874
21
0.4471964960629921
0
LINE
8
BLACK
6
CONTINUOUS
10
0.082488937007874
20
0.4471964960629921
11
0.082488937007874
21
0.4403944881889764
0
LINE
8
BLACK
6
CONTINUOUS
10
0.082488937007874
20
0.4403944881889764
11
0.0824322047244094
21
0.4398184251968504
0
LINE
8
BLACK
6
CONTINUOUS
10
0.0824322047244094
20
0.4398184251968504
11
0.0819912992125984
21
0.4387540157480315
0
LINE
8
BLACK
6
CONTINUOUS
10
0.0819912992125984
20
0.4387540157480315
11
0.0811766535433071
21
0.4379393700787401
0
LINE
8
BLACK
6
CONTINUOUS
10
0.0811766535433071
20
0.4379393700787401
11
0.0801122440944882
21
0.4374984645669291
0
LINE
8
BLACK
6
CONTINUOUS
10
0.0801122440944882
20
0.4374984645669291
11
0.0789601181102362
21
0.4374984645669291
0
LINE
8
BLACK
6
CONTINUOUS
10
0.0789601181102362
20
0.4374984645669291
11
0.0778957086614173
21
0.4379393700787401
0
LINE
8
BLACK
6
CONTINUOUS
10
0.0778957086614173
20
0.4379393700787401
11
0.077081062992126
21
0.4387540157480315
0
LINE
8
BLACK
6
CONTINUOUS
10
0.077081062992126
20
0.4387540157480315
11
0.076640157480315
21
0.4398184251968504
0
LINE
8
BLACK
6
CONTINUOUS
10
0.076640157480315
20
0.4398184251968504
11
0.0765834251968504
21
0.4403944881889764
0
LINE
8
BLACK
6
CONTINUOUS
10
0.0765834251968504
20
0.4403944881889764
11
0.0765834251968504
21
0.4478935433070866
0
LINE
8
BLACK
6
CONTINUOUS
10
0.0765834251968504
20
0.4478935433070866
11
0.076640157480315
21
0.4484696062992126
0
LINE
8
BLACK
6
CONTINUOUS
10
0.076640157480315
20
0.4484696062992126
11
0.0766807480314961
21
0.4485676377952756
0
LINE
8
BLACK
6
CONTINUOUS
10
0.0766807480314961
20
0.4485676377952756
11
0.0766882677165354
21
0.4486734251968504
0
LINE
8
BLACK
6
CONTINUOUS
10
0.0766882677165354
20
0.4486734251968504
11
0.076895157480315
21
0.4492140551181102
0
LINE
8
BLACK
6
CONTINUOUS
10
0.076895157480315
20
0.4492140551181102
11
0.0787699212598425
21
0.4529635826771654
0
LINE
8
BLACK
6
CONTINUOUS
10
0.0787699212598425
20
0.4529635826771654
11
0.0789259842519685
21
0.4532116141732284
0
LINE
8
BLACK
6
CONTINUOUS
10
0.0789259842519685
20
0.4532116141732284
11
0.0789558267716535
21
0.4532835433070866
0
LINE
8
BLACK
6
CONTINUOUS
10
0.0789558267716535
20
0.4532835433070866
11
0.0790222834645669
21
0.4533645275590551
0
LINE
8
BLACK
6
CONTINUOUS
10
0.0790222834645669
20
0.4533645275590551
11
0.0790782677165354
21
0.4534534645669291
0
LINE
8
BLACK
6
CONTINUOUS
10
0.0790782677165354
20
0.4534534645669291
11
0.0791372440944882
21
0.4535046456692913
0
LINE
8
BLACK
6
CONTINUOUS
10
0.0791372440944882
20
0.4535046456692913
11
0.079323031496063
21
0.4537309842519685
0
LINE
8
BLACK
6
CONTINUOUS
10
0.079323031496063
20
0.4537309842519685
11
0.0811977952755906
21
0.4556057480314961
0
LINE
8
BLACK
6
CONTINUOUS
10
0.0811977952755906
20
0.4556057480314961
11
0.0811993700787402
21
0.4556070866141732
0
LINE
8
BLACK
6
CONTINUOUS
10
0.0811993700787402
20
0.4556070866141732
11
0.0811999606299213
21
0.4556079133858267
0
LINE
8
BLACK
6
CONTINUOUS
10
0.0811999606299213
20
0.4556079133858267
11
0.0814299212598425
21
0.4557962598425197
0
LINE
8
BLACK
6
CONTINUOUS
10
0.0814299212598425
20
0.4557962598425197
11
0.0816452362204724
21
0.4559729527559055
0
LINE
8
BLACK
6
CONTINUOUS
10
0.0816452362204724
20
0.4559729527559055
11
0.0816461023622047
21
0.4559733464566929
0
LINE
8
BLACK
6
CONTINUOUS
10
0.0816461023622047
20
0.4559733464566929
11
0.0816477952755905
21
0.4559746850393701
0
LINE
8
BLACK
6
CONTINUOUS
10
0.0816477952755905
20
0.4559746850393701
11
0.087272125984252
21
0.4597242125984252
0
LINE
8
BLACK
6
CONTINUOUS
10
0.087272125984252
20
0.4597242125984252
11
0.08759
21
0.4598937007874015
0
LINE
8
BLACK
6
CONTINUOUS
10
0.08759
20
0.4598937007874015
11
0.0876487401574803
21
0.4599372047244095
0
LINE
8
BLACK
6
CONTINUOUS
10
0.0876487401574803
20
0.4599372047244095
11
0.0877181102362205
21
0.4599620078740158
0
LINE
8
BLACK
6
CONTINUOUS
10
0.0877181102362205
20
0.4599620078740158
11
0.0877829133858268
21
0.4599965354330708
0
LINE
8
BLACK
6
CONTINUOUS
10
0.0877829133858268
20
0.4599965354330708
11
0.0878543307086614
21
0.4600106692913385
0
LINE
8
BLACK
6
CONTINUOUS
10
0.0878543307086614
20
0.4600106692913385
11
0.0881938582677165
21
0.460131968503937
0
LINE
8
BLACK
6
CONTINUOUS
10
0.0881938582677165
20
0.460131968503937
11
0.0956929133858268
21
0.4620067322834646
0
LINE
8
BLACK
6
CONTINUOUS
10
0.0956929133858268
20
0.4620067322834646
11
0.0957927559055118
21
0.4620215354330708
0
LINE
8
BLACK
6
CONTINUOUS
10
0.0957927559055118
20
0.4620215354330708
11
0.0958329921259843
21
0.4620381496062992
0
LINE
8
BLACK
6
CONTINUOUS
10
0.0958329921259843
20
0.4620381496062992
11
0.09605
21
0.4620595275590551
0
LINE
8
BLACK
6
CONTINUOUS
10
0.09605
20
0.4620595275590551
11
0.0962655118110236
21
0.4620913779527559
0
LINE
8
BLACK
6
CONTINUOUS
10
0.0962655118110236
20
0.4620913779527559
11
0.0963085039370079
21
0.462085
0
LINE
8
BLACK
6
CONTINUOUS
10
0.0963085039370079
20
0.462085
11
0.0964090551181102
21
0.4620948818897638
0
LINE
8
BLACK
6
CONTINUOUS
10
0.0964090551181102
20
0.4620948818897638
11
0.1114071653543307
21
0.4620948818897638
0
LINE
8
BLACK
6
CONTINUOUS
10
0.1114071653543307
20
0.4620948818897638
11
0.1119832283464567
21
0.4620381496062992
0
LINE
8
BLACK
6
CONTINUOUS
10
0.1000329133858268
20
0.4548406299212598
11
0.0988357874015748
21
0.4536435039370079
0
LINE
8
BLACK
6
CONTINUOUS
10
0.0988357874015748
20
0.4536435039370079
11
0.0974870472440945
21
0.4509460236220472
0
LINE
8
BLACK
6
CONTINUOUS
10
0.0974870472440945
20
0.4509460236220472
11
0.0974870472440945
21
0.444841062992126
0
LINE
8
BLACK
6
CONTINUOUS
10
0.0974870472440945
20
0.444841062992126
11
0.0988357874015748
21
0.4421435826771654
0
LINE
8
BLACK
6
CONTINUOUS
10
0.0988357874015748
20
0.4421435826771654
11
0.1000329133858268
21
0.4409464566929134
0
LINE
8
BLACK
6
CONTINUOUS
10
0.1000329133858268
20
0.4409464566929134
11
0.1027303937007874
21
0.4395977165354331
0
LINE
8
BLACK
6
CONTINUOUS
10
0.1027303937007874
20
0.4395977165354331
11
0.1107101181102362
21
0.4395977165354331
0
LINE
8
BLACK
6
CONTINUOUS
10
0.1107101181102362
20
0.4395977165354331
11
0.1134075984251968
21
0.4409464960629921
0
LINE
8
BLACK
6
CONTINUOUS
10
0.1134075984251968
20
0.4409464960629921
11
0.1146047637795276
21
0.4421436220472441
0
LINE
8
BLACK
6
CONTINUOUS
10
0.1146047637795276
20
0.4421436220472441
11
0.1159535039370079
21
0.444841062992126
0
LINE
8
BLACK
6
CONTINUOUS
10
0.1159535039370079
20
0.444841062992126
11
0.1159535039370079
21
0.4509460236220472
0
LINE
8
BLACK
6
CONTINUOUS
10
0.1159535039370079
20
0.4509460236220472
11
0.1146047637795276
21
0.4536435039370079
0
LINE
8
BLACK
6
CONTINUOUS
10
0.1146047637795276
20
0.4536435039370079
11
0.1134075984251968
21
0.4548406299212598
0
LINE
8
BLACK
6
CONTINUOUS
10
0.1134075984251968
20
0.4548406299212598
11
0.1107101181102362
21
0.4561893700787402
0
LINE
8
BLACK
6
CONTINUOUS
10
0.1107101181102362
20
0.4561893700787402
11
0.1027303937007874
21
0.4561893700787402
0
LINE
8
BLACK
6
CONTINUOUS
10
0.1027303937007874
20
0.4561893700787402
11
0.1000329133858268
21
0.4548406299212598
0
LINE
8
BLACK
6
CONTINUOUS
10
0.1261709842519685
20
0.4803448818897638
11
0.1269856692913386
21
0.4795301968503937
0
LINE
8
BLACK
6
CONTINUOUS
10
0.1269856692913386
20
0.4795301968503937
11
0.1274265748031496
21
0.4784657874015748
0
LINE
8
BLACK
6
CONTINUOUS
10
0.1274265748031496
20
0.4784657874015748
11
0.1274265748031496
21
0.4773137007874015
0
LINE
8
BLACK
6
CONTINUOUS
10
0.1274265748031496
20
0.4773137007874015
11
0.1269856692913386
21
0.4762492913385827
0
LINE
8
BLACK
6
CONTINUOUS
10
0.1269856692913386
20
0.4762492913385827
11
0.1266184645669291
21
0.4758018503937008
0
LINE
8
BLACK
6
CONTINUOUS
10
0.1266184645669291
20
0.4758018503937008
11
0.1247437007874016
21
0.4739270866141732
0
LINE
8
BLACK
6
CONTINUOUS
10
0.1247437007874016
20
0.4739270866141732
11
0.1245173228346457
21
0.4737413385826771
0
LINE
8
BLACK
6
CONTINUOUS
10
0.1245173228346457
20
0.4737413385826771
11
0.1244661811023622
21
0.4736823228346457
0
LINE
8
BLACK
6
CONTINUOUS
10
0.1244661811023622
20
0.4736823228346457
11
0.1243772047244094
21
0.4736263779527559
0
LINE
8
BLACK
6
CONTINUOUS
10
0.1243772047244094
20
0.4736263779527559
11
0.1242962598425197
21
0.4735598818897638
0
LINE
8
BLACK
6
CONTINUOUS
10
0.1242962598425197
20
0.4735598818897638
11
0.1242242913385827
21
0.4735300787401575
0
LINE
8
BLACK
6
CONTINUOUS
10
0.1242242913385827
20
0.4735300787401575
11
0.1239762992125984
21
0.4733739763779528
0
LINE
8
BLACK
6
CONTINUOUS
10
0.1239762992125984
20
0.4733739763779528
11
0.1202267716535433
21
0.4714992125984252
0
LINE
8
BLACK
6
CONTINUOUS
10
0.1202267716535433
20
0.4714992125984252
11
0.1196861417322835
21
0.4712923228346457
0
LINE
8
BLACK
6
CONTINUOUS
10
0.1196861417322835
20
0.4712923228346457
11
0.1195803149606299
21
0.4712848425196851
0
LINE
8
BLACK
6
CONTINUOUS
10
0.1195803149606299
20
0.4712848425196851
11
0.1194823228346457
21
0.4712442125984252
0
LINE
8
BLACK
6
CONTINUOUS
10
0.1194823228346457
20
0.4712442125984252
11
0.1189062598425197
21
0.4711874803149606
0
LINE
8
BLACK
6
CONTINUOUS
10
0.1189062598425197
20
0.4711874803149606
11
0.1170314960629921
21
0.4711874803149606
0
LINE
8
BLACK
6
CONTINUOUS
10
0.1170314960629921
20
0.4711874803149606
11
0.1164554330708661
21
0.4712442125984252
0
LINE
8
BLACK
6
CONTINUOUS
10
0.1164554330708661
20
0.4712442125984252
11
0.1153910236220472
21
0.4716851181102362
0
LINE
8
BLACK
6
CONTINUOUS
10
0.1153910236220472
20
0.4716851181102362
11
0.1145763779527559
21
0.4724997637795276
0
LINE
8
BLACK
6
CONTINUOUS
10
0.1145763779527559
20
0.4724997637795276
11
0.1141354724409449
21
0.4735641732283464
0
LINE
8
BLACK
6
CONTINUOUS
10
0.1141354724409449
20
0.4735641732283464
11
0.1141354724409449
21
0.4747162992125984
0
LINE
8
BLACK
6
CONTINUOUS
10
0.1141354724409449
20
0.4747162992125984
11
0.1145763779527559
21
0.4757807086614173
0
LINE
8
BLACK
6
CONTINUOUS
10
0.1145763779527559
20
0.4757807086614173
11
0.1153910236220472
21
0.4765953543307087
0
LINE
8
BLACK
6
CONTINUOUS
10
0.1153910236220472
20
0.4765953543307087
11
0.1164554330708661
21
0.4770362598425197
0
LINE
8
BLACK
6
CONTINUOUS
10
0.1164554330708661
20
0.4770362598425197
11
0.1170314960629921
21
0.4770929921259842
0
LINE
8
BLACK
6
CONTINUOUS
10
0.1170314960629921
20
0.4770929921259842
11
0.1182092125984252
21
0.4770929921259842
0
LINE
8
BLACK
6
CONTINUOUS
10
0.1182092125984252
20
0.4770929921259842
11
0.1209066929133858
21
0.4784417322834645
0
LINE
8
BLACK
6
CONTINUOUS
10
0.1209066929133858
20
0.4784417322834645
11
0.1224426377952756
21
0.4799776771653543
0
LINE
8
BLACK
6
CONTINUOUS
10
0.1224426377952756
20
0.4799776771653543
11
0.1228900787401575
21
0.4803448818897638
0
LINE
8
BLACK
6
CONTINUOUS
10
0.1228900787401575
20
0.4803448818897638
11
0.1239544881889764
21
0.4807857874015748
0
LINE
8
BLACK
6
CONTINUOUS
10
0.1239544881889764
20
0.4807857874015748
11
0.1251065748031496
21
0.4807857874015748
0
LINE
8
BLACK
6
CONTINUOUS
10
0.1251065748031496
20
0.4807857874015748
11
0.1261709842519685
21
0.4803448818897638
0
LINE
8
BLACK
6
CONTINUOUS
10
0.0987112204724409
20
0.5182811023622047
11
0.098859842519685
21
0.5182811023622047
0
LINE
8
BLACK
6
CONTINUOUS
10
0.098859842519685
20
0.5182811023622047
11
0.0992584251968504
21
0.5181160236220472
0
LINE
8
BLACK
6
CONTINUOUS
10
0.0992584251968504
20
0.5181160236220472
11
0.0996718503937008
21
0.5179912598425197
0
LINE
8
BLACK
6
CONTINUOUS
10
0.0996718503937008
20
0.5179912598425197
11
0.099786968503937
21
0.5178970866141732
0
LINE
8
BLACK
6
CONTINUOUS
10
0.099786968503937
20
0.5178970866141732
11
0.0999242519685039
21
0.5178401968503937
0
LINE
8
BLACK
6
CONTINUOUS
10
0.0999242519685039
20
0.5178401968503937
11
0.1002292913385827
21
0.517535157480315
0
LINE
8
BLACK
6
CONTINUOUS
10
0.1002292913385827
20
0.517535157480315
11
0.1005635039370079
21
0.5172616929133859
0
LINE
8
BLACK
6
CONTINUOUS
10
0.1005635039370079
20
0.5172616929133859
11
0.1006337795275591
21
0.5171306692913386
0
LINE
8
BLACK
6
CONTINUOUS
10
0.1006337795275591
20
0.5171306692913386
11
0.100738937007874
21
0.5170255118110236
0
LINE
8
BLACK
6
CONTINUOUS
10
0.100738937007874
20
0.5170255118110236
11
0.1009040157480315
21
0.5166269291338582
0
LINE
8
BLACK
6
CONTINUOUS
10
0.1009040157480315
20
0.5166269291338582
11
0.1011081496062992
21
0.5162464566929134
0
LINE
8
BLACK
6
CONTINUOUS
10
0.1011081496062992
20
0.5162464566929134
11
0.1011229133858268
21
0.5160984645669291
0
LINE
8
BLACK
6
CONTINUOUS
10
0.1011229133858268
20
0.5160984645669291
11
0.101179842519685
21
0.5159611023622047
0
LINE
8
BLACK
6
CONTINUOUS
10
0.101179842519685
20
0.5159611023622047
11
0.101179842519685
21
0.5155295669291339
0
LINE
8
BLACK
6
CONTINUOUS
10
0.101179842519685
20
0.5155295669291339
11
0.1012227952755906
21
0.5151000393700788
0
LINE
8
BLACK
6
CONTINUOUS
10
0.1012227952755906
20
0.5151000393700788
11
0.101179842519685
21
0.5149577165354331
0
LINE
8
BLACK
6
CONTINUOUS
10
0.101179842519685
20
0.5149577165354331
11
0.101179842519685
21
0.5148090157480315
0
LINE
8
BLACK
6
CONTINUOUS
10
0.101179842519685
20
0.5148090157480315
11
0.1010146850393701
21
0.5144103543307087
0
LINE
8
BLACK
6
CONTINUOUS
10
0.1010146850393701
20
0.5144103543307087
11
0.10089
21
0.5139970472440945
0
LINE
8
BLACK
6
CONTINUOUS
10
0.10089
20
0.5139970472440945
11
0.1007958267716535
21
0.513881968503937
0
LINE
8
BLACK
6
CONTINUOUS
10
0.1007958267716535
20
0.513881968503937
11
0.100738937007874
21
0.5137446062992126
0
LINE
8
BLACK
6
CONTINUOUS
10
0.100738937007874
20
0.5137446062992126
11
0.1003717322834646
21
0.5132971653543307
0
LINE
8
BLACK
6
CONTINUOUS
10
0.1003717322834646
20
0.5132971653543307
11
0.0988357874015748
21
0.5117612204724409
0
LINE
8
BLACK
6
CONTINUOUS
10
0.0988357874015748
20
0.5117612204724409
11
0.0974870472440945
21
0.5090637401574803
0
LINE
8
BLACK
6
CONTINUOUS
10
0.0974870472440945
20
0.5090637401574803
11
0.0974870472440945
21
0.5010840157480315
0
LINE
8
BLACK
6
CONTINUOUS
10
0.0974870472440945
20
0.5010840157480315
11
0.0988357874015748
21
0.4983865354330709
0
LINE
8
BLACK
6
CONTINUOUS
10
0.0988357874015748
20
0.4983865354330709
11
0.1000329133858268
21
0.4971894094488189
0
LINE
8
BLACK
6
CONTINUOUS
10
0.1000329133858268
20
0.4971894094488189
11
0.1027303937007874
21
0.4958406692913386
0
LINE
8
BLACK
6
CONTINUOUS
10
0.1027303937007874
20
0.4958406692913386
11
0.1107101181102362
21
0.4958406692913386
0
LINE
8
BLACK
6
CONTINUOUS
10
0.1107101181102362
20
0.4958406692913386
11
0.1134075984251968
21
0.4971894488188977
0
LINE
8
BLACK
6
CONTINUOUS
10
0.1134075984251968
20
0.4971894488188977
11
0.1146047637795276
21
0.4983865748031496
0
LINE
8
BLACK
6
CONTINUOUS
10
0.1146047637795276
20
0.4983865748031496
11
0.1159535039370079
21
0.5010840157480315
0
LINE
8
BLACK
6
CONTINUOUS
10
0.1159535039370079
20
0.5010840157480315
11
0.1159535039370079
21
0.5090637401574803
0
LINE
8
BLACK
6
CONTINUOUS
10
0.1159535039370079
20
0.5090637401574803
11
0.1146047637795276
21
0.5117612204724409
0
LINE
8
BLACK
6
CONTINUOUS
10
0.1146047637795276
20
0.5117612204724409
11
0.1130688188976378
21
0.5132971259842519
0
LINE
8
BLACK
6
CONTINUOUS
10
0.1130688188976378
20
0.5132971259842519
11
0.1127015748031496
21
0.5137446062992126
0
LINE
8
BLACK
6
CONTINUOUS
10
0.1127015748031496
20
0.5137446062992126
11
0.1122606692913386
21
0.5148090157480315
0
LINE
8
BLACK
6
CONTINUOUS
10
0.1122606692913386
20
0.5148090157480315
11
0.1122606692913386
21
0.5159611023622047
0
LINE
8
BLACK
6
CONTINUOUS
10
0.1122606692913386
20
0.5159611023622047
11
0.1127015354330709
21
0.5170255118110236
0
LINE
8
BLACK
6
CONTINUOUS
10
0.1127015354330709
20
0.5170255118110236
11
0.1135162204724409
21
0.5178401968503937
0
LINE
8
BLACK
6
CONTINUOUS
10
0.1135162204724409
20
0.5178401968503937
11
0.1145806299212598
21
0.5182811023622047
0
LINE
8
BLACK
6
CONTINUOUS
10
0.1145806299212598
20
0.5182811023622047
11
0.1157327165354331
21
0.5182811023622047
0
LINE
8
BLACK
6
CONTINUOUS
10
0.1157327165354331
20
0.5182811023622047
11
0.116797125984252
21
0.5178402362204725
0
LINE
8
BLACK
6
CONTINUOUS
10
0.116797125984252
20
0.5178402362204725
11
0.1172445669291339
21
0.5174730314960629
0
LINE
8
BLACK
6
CONTINUOUS
10
0.1172445669291339
20
0.5174730314960629
11
0.1191193700787402
21
0.5155982677165354
0
LINE
8
BLACK
6
CONTINUOUS
10
0.1191193700787402
20
0.5155982677165354
11
0.1193051181102362
21
0.5153719291338582
0
LINE
8
BLACK
6
CONTINUOUS
10
0.1193051181102362
20
0.5153719291338582
11
0.1193641732283465
21
0.5153207086614173
0
LINE
8
BLACK
6
CONTINUOUS
10
0.1193641732283465
20
0.5153207086614173
11
0.119420157480315
21
0.5152317716535433
0
LINE
8
BLACK
6
CONTINUOUS
10
0.119420157480315
20
0.5152317716535433
11
0.1194866141732283
21
0.5151507874015748
0
LINE
8
BLACK
6
CONTINUOUS
10
0.1194866141732283
20
0.5151507874015748
11
0.1195164173228346
21
0.5150788582677165
0
LINE
8
BLACK
6
CONTINUOUS
10
0.1195164173228346
20
0.5150788582677165
11
0.1196725196850394
21
0.5148308267716535
0
LINE
8
BLACK
6
CONTINUOUS
10
0.1196725196850394
20
0.5148308267716535
11
0.1215472834645669
21
0.5110812992125984
0
LINE
8
BLACK
6
CONTINUOUS
10
0.1215472834645669
20
0.5110812992125984
11
0.1217541732283465
21
0.5105407086614173
0
LINE
8
BLACK
6
CONTINUOUS
10
0.1217541732283465
20
0.5105407086614173
11
0.1217616929133858
21
0.5104348425196851
0
LINE
8
BLACK
6
CONTINUOUS
10
0.1217616929133858
20
0.5104348425196851
11
0.1218022834645669
21
0.5103368503937008
0
LINE
8
BLACK
6
CONTINUOUS
10
0.1218022834645669
20
0.5103368503937008
11
0.1218590157480315
21
0.5097607874015748
0
LINE
8
BLACK
6
CONTINUOUS
10
0.1218590157480315
20
0.5097607874015748
11
0.1218590157480315
21
0.500386968503937
0
LINE
8
BLACK
6
CONTINUOUS
10
0.1218590157480315
20
0.500386968503937
11
0.1218022834645669
21
0.499810905511811
0
LINE
8
BLACK
6
CONTINUOUS
10
0.1218022834645669
20
0.499810905511811
11
0.1217616929133858
21
0.4997129527559055
0
LINE
8
BLACK
6
CONTINUOUS
10
0.1217616929133858
20
0.4997129527559055
11
0.1217541732283465
21
0.4996070472440945
0
LINE
8
BLACK
6
CONTINUOUS
10
0.1217541732283465
20
0.4996070472440945
11
0.1215472834645669
21
0.4990664566929134
0
LINE
8
BLACK
6
CONTINUOUS
10
0.1215472834645669
20
0.4990664566929134
11
0.1196725196850394
21
0.4953169291338583
0
LINE
8
BLACK
6
CONTINUOUS
10
0.1196725196850394
20
0.4953169291338583
11
0.1195164173228346
21
0.495068937007874
0
LINE
8
BLACK
6
CONTINUOUS
10
0.1195164173228346
20
0.495068937007874
11
0.1194866141732283
21
0.494996968503937
0
LINE
8
BLACK
6
CONTINUOUS
10
0.1194866141732283
20
0.494996968503937
11
0.119420157480315
21
0.4949160236220472
0
LINE
8
BLACK
6
CONTINUOUS
10
0.119420157480315
20
0.4949160236220472
11
0.1193641732283465
21
0.4948270472440945
0
LINE
8
BLACK
6
CONTINUOUS
10
0.1193641732283465
20
0.4948270472440945
11
0.1193051181102362
21
0.4947758661417322
0
LINE
8
BLACK
6
CONTINUOUS
10
0.1193051181102362
20
0.4947758661417322
11
0.1191193700787402
21
0.4945494881889764
0
LINE
8
BLACK
6
CONTINUOUS
10
0.1191193700787402
20
0.4945494881889764
11
0.1172445669291339
21
0.4926747244094488
0
LINE
8
BLACK
6
CONTINUOUS
10
0.1172445669291339
20
0.4926747244094488
11
0.1170182283464567
21
0.4924890157480315
0
LINE
8
BLACK
6
CONTINUOUS
10
0.1170182283464567
20
0.4924890157480315
11
0.1169670866141732
21
0.49243
0
LINE
8
BLACK
6
CONTINUOUS
10
0.1169670866141732
20
0.49243
11
0.1168781496062992
21
0.4923740551181102
0
LINE
8
BLACK
6
CONTINUOUS
10
0.1168781496062992
20
0.4923740551181102
11
0.116797125984252
21
0.4923075196850394
0
LINE
8
BLACK
6
CONTINUOUS
10
0.116797125984252
20
0.4923075196850394
11
0.1167250787401575
21
0.4922777165354331
0
LINE
8
BLACK
6
CONTINUOUS
10
0.1167250787401575
20
0.4922777165354331
11
0.1164772047244094
21
0.4921216535433071
0
LINE
8
BLACK
6
CONTINUOUS
10
0.1164772047244094
20
0.4921216535433071
11
0.1127276771653543
21
0.4902468897637795
0
LINE
8
BLACK
6
CONTINUOUS
10
0.1127276771653543
20
0.4902468897637795
11
0.1121870472440945
21
0.49004
0
LINE
8
BLACK
6
CONTINUOUS
10
0.1121870472440945
20
0.49004
11
0.1120812204724409
21
0.4900325196850394
0
LINE
8
BLACK
6
CONTINUOUS
10
0.1120812204724409
20
0.4900325196850394
11
0.1119832283464567
21
0.4899918897637795
0
LINE
8
BLACK
6
CONTINUOUS
10
0.1119832283464567
20
0.4899918897637795
11
0.1114071653543307
21
0.489935157480315
0
LINE
8
BLACK
6
CONTINUOUS
10
0.1114071653543307
20
0.489935157480315
11
0.1020333464566929
21
0.489935157480315
0
LINE
8
BLACK
6
CONTINUOUS
10
0.1020333464566929
20
0.489935157480315
11
0.1014572834645669
21
0.4899918897637795
0
LINE
8
BLACK
6
CONTINUOUS
10
0.1014572834645669
20
0.4899918897637795
11
0.1013592913385827
21
0.4900324803149606
0
LINE
8
BLACK
6
CONTINUOUS
10
0.1013592913385827
20
0.4900324803149606
11
0.1012534251968504
21
0.49004
0
LINE
8
BLACK
6
CONTINUOUS
10
0.1012534251968504
20
0.49004
11
0.1007128346456693
21
0.4902468897637795
0
LINE
8
BLACK
6
CONTINUOUS
10
0.1007128346456693
20
0.4902468897637795
11
0.0969633070866142
21
0.4921216535433071
0
LINE
8
BLACK
6
CONTINUOUS
10
0.0969633070866142
20
0.4921216535433071
11
0.0967152755905512
21
0.4922777559055118
0
LINE
8
BLACK
6
CONTINUOUS
10
0.0967152755905512
20
0.4922777559055118
11
0.0966433464566929
21
0.4923075590551181
0
LINE
8
BLACK
6
CONTINUOUS
10
0.0966433464566929
20
0.4923075590551181
11
0.0965623622047244
21
0.4923740551181102
0
LINE
8
BLACK
6
CONTINUOUS
10
0.0965623622047244
20
0.4923740551181102
11
0.0964734251968504
21
0.49243
0
LINE
8
BLACK
6
CONTINUOUS
10
0.0964734251968504
20
0.49243
11
0.0964222440944882
21
0.4924890157480315
0
LINE
8
BLACK
6
CONTINUOUS
10
0.0964222440944882
20
0.4924890157480315
11
0.096195905511811
21
0.4926747637795276
0
LINE
8
BLACK
6
CONTINUOUS
10
0.096195905511811
20
0.4926747637795276
11
0.0943211417322835
21
0.4945495275590551
0
LINE
8
BLACK
6
CONTINUOUS
10
0.0943211417322835
20
0.4945495275590551
11
0.0941353543307087
21
0.494775905511811
0
LINE
8
BLACK
6
CONTINUOUS
10
0.0941353543307087
20
0.494775905511811
11
0.0940763779527559
21
0.4948270472440945
0
LINE
8
BLACK
6
CONTINUOUS
10
0.0940763779527559
20
0.4948270472440945
11
0.0940203937007874
21
0.4949160236220472
0
LINE
8
BLACK
6
CONTINUOUS
10
0.0940203937007874
20
0.4949160236220472
11
0.093953937007874
21
0.494996968503937
0
LINE
8
BLACK
6
CONTINUOUS
10
0.093953937007874
20
0.494996968503937
11
0.093924094488189
21
0.495068937007874
0
LINE
8
BLACK
6
CONTINUOUS
10
0.093924094488189
20
0.495068937007874
11
0.093768031496063
21
0.4953169291338583
0
LINE
8
BLACK
6
CONTINUOUS
10
0.093768031496063
20
0.4953169291338583
11
0.0918932677165354
21
0.4990664566929134
0
LINE
8
BLACK
6
CONTINUOUS
10
0.0918932677165354
20
0.4990664566929134
11
0.0916863779527559
21
0.4996070866141732
0
LINE
8
BLACK
6
CONTINUOUS
10
0.0916863779527559
20
0.4996070866141732
11
0.0916788582677165
21
0.4997129133858267
0
LINE
8
BLACK
6
CONTINUOUS
10
0.0916788582677165
20
0.4997129133858267
11
0.0916382677165354
21
0.499810905511811
0
LINE
8
BLACK
6
CONTINUOUS
10
0.0916382677165354
20
0.499810905511811
11
0.0915815354330709
21
0.500386968503937
0
LINE
8
BLACK
6
CONTINUOUS
10
0.0915815354330709
20
0.500386968503937
11
0.0915815354330709
21
0.5097607874015748
0
LINE
8
BLACK
6
CONTINUOUS
10
0.0915815354330709
20
0.5097607874015748
11
0.0916382677165354
21
0.5103368503937008
0
LINE
8
BLACK
6
CONTINUOUS
10
0.0916382677165354
20
0.5103368503937008
11
0.0916788582677165
21
0.5104348818897637
0
LINE
8
BLACK
6
CONTINUOUS
10
0.0916788582677165
20
0.5104348818897637
11
0.0916863779527559
21
0.5105406692913386
0
LINE
8
BLACK
6
CONTINUOUS
10
0.0916863779527559
20
0.5105406692913386
11
0.0918932677165354
21
0.5110812992125984
0
LINE
8
BLACK
6
CONTINUOUS
10
0.0918932677165354
20
0.5110812992125984
11
0.0922601968503937
21
0.5118152362204724
0
LINE
8
BLACK
6
CONTINUOUS
10
0.0922601968503937
20
0.5118152362204724
11
0.082488937007874
21
0.5108381102362205
0
LINE
8
BLACK
6
CONTINUOUS
10
0.082488937007874
20
0.5108381102362205
11
0.082488937007874
21
0.4947626771653543
0
LINE
8
BLACK
6
CONTINUOUS
10
0.082488937007874
20
0.4947626771653543
11
0.0824322047244094
21
0.4941866141732283
0
LINE
8
BLACK
6
CONTINUOUS
10
0.0824322047244094
20
0.4941866141732283
11
0.0819912992125984
21
0.4931222047244094
0
LINE
8
BLACK
6
CONTINUOUS
10
0.0819912992125984
20
0.4931222047244094
11
0.0811766535433071
21
0.4923075590551181
0
LINE
8
BLACK
6
CONTINUOUS
10
0.0811766535433071
20
0.4923075590551181
11
0.0801122440944882
21
0.4918666535433071
0
LINE
8
BLACK
6
CONTINUOUS
10
0.0801122440944882
20
0.4918666535433071
11
0.0789601181102362
21
0.4918666535433071
0
LINE
8
BLACK
6
CONTINUOUS
10
0.0789601181102362
20
0.4918666535433071
11
0.0778957086614173
21
0.4923075590551181
0
LINE
8
BLACK
6
CONTINUOUS
10
0.0778957086614173
20
0.4923075590551181
11
0.077081062992126
21
0.4931222047244094
0
LINE
8
BLACK
6
CONTINUOUS
10
0.077081062992126
20
0.4931222047244094
11
0.076640157480315
21
0.4941866141732283
0
LINE
8
BLACK
6
CONTINUOUS
10
0.076640157480315
20
0.4941866141732283
11
0.0765834251968504
21
0.4947626771653543
0
LINE
8
BLACK
6
CONTINUOUS
10
0.0765834251968504
20
0.4947626771653543
11
0.0765834251968504
21
0.5135103149606299
0
LINE
8
BLACK
6
CONTINUOUS
10
0.0765834251968504
20
0.5135103149606299
11
0.0766043700787402
21
0.5137233858267717
0
LINE
8
BLACK
6
CONTINUOUS
10
0.0766043700787402
20
0.5137233858267717
11
0.0765972047244095
21
0.5137953543307087
0
LINE
8
BLACK
6
CONTINUOUS
10
0.0765972047244095
20
0.5137953543307087
11
0.0766183858267716
21
0.5138657086614173
0
LINE
8
BLACK
6
CONTINUOUS
10
0.0766183858267716
20
0.5138657086614173
11
0.076640157480315
21
0.5140863779527559
0
LINE
8
BLACK
6
CONTINUOUS
10
0.076640157480315
20
0.5140863779527559
11
0.0768052755905512
21
0.5144850787401575
0
LINE
8
BLACK
6
CONTINUOUS
10
0.0768052755905512
20
0.5144850787401575
11
0.07693
21
0.5148983464566929
0
LINE
8
BLACK
6
CONTINUOUS
10
0.07693
20
0.5148983464566929
11
0.0770241338582677
21
0.5150134645669291
0
LINE
8
BLACK
6
CONTINUOUS
10
0.0770241338582677
20
0.5150134645669291
11
0.077081062992126
21
0.5151507874015748
0
LINE
8
BLACK
6
CONTINUOUS
10
0.077081062992126
20
0.5151507874015748
11
0.0773862992125984
21
0.515456062992126
0
LINE
8
BLACK
6
CONTINUOUS
10
0.0773862992125984
20
0.515456062992126
11
0.0776595669291339
21
0.51579
0
LINE
8
BLACK
6
CONTINUOUS
10
0.0776595669291339
20
0.51579
11
0.0777905118110236
21
0.5158602755905511
0
LINE
8
BLACK
6
CONTINUOUS
10
0.0777905118110236
20
0.5158602755905511
11
0.0778957086614173
21
0.5159654330708662
0
LINE
8
BLACK
6
CONTINUOUS
10
0.0778957086614173
20
0.5159654330708662
11
0.0782944881889764
21
0.5161306299212598
0
LINE
8
BLACK
6
CONTINUOUS
10
0.0782944881889764
20
0.5161306299212598
11
0.0786748031496063
21
0.5163346456692913
0
LINE
8
BLACK
6
CONTINUOUS
10
0.0786748031496063
20
0.5163346456692913
11
0.0788922834645669
21
0.5163782677165354
0
LINE
8
BLACK
6
CONTINUOUS
10
0.0788922834645669
20
0.5163782677165354
11
0.0789601181102362
21
0.5164063385826771
0
LINE
8
BLACK
6
CONTINUOUS
10
0.0789601181102362
20
0.5164063385826771
11
0.0790324409448819
21
0.5164063385826771
0
LINE
8
BLACK
6
CONTINUOUS
10
0.0790324409448819
20
0.5164063385826771
11
0.0792423622047244
21
0.5164484251968504
0
LINE
8
BLACK
6
CONTINUOUS
10
0.0792423622047244
20
0.5164484251968504
11
0.09799
21
0.518323188976378
0
LINE
8
BLACK
6
CONTINUOUS
10
0.09799
20
0.518323188976378
11
0.0985688582677165
21
0.5183240551181102
0
LINE
8
BLACK
6
CONTINUOUS
10
0.0985688582677165
20
0.5183240551181102
11
0.0987112204724409
21
0.5182811023622047
0
LINE
8
BLACK
6
CONTINUOUS
10
0.6946240551181102
20
0.5150894881889764
11
0.6956884645669291
21
0.5146485826771653
0
LINE
8
BLACK
6
CONTINUOUS
10
0.6956884645669291
20
0.5146485826771653
11
0.6965031102362205
21
0.5138339370078741
0
LINE
8
BLACK
6
CONTINUOUS
10
0.6965031102362205
20
0.5138339370078741
11
0.6969440157480314
21
0.5127695275590551
0
LINE
8
BLACK
6
CONTINUOUS
10
0.6969440157480314
20
0.5127695275590551
11
0.6969440157480314
21
0.5116174015748032
0
LINE
8
BLACK
6
CONTINUOUS
10
0.6969440157480314
20
0.5116174015748032
11
0.6965031102362205
21
0.5105529921259843
0
LINE
8
BLACK
6
CONTINUOUS
10
0.6965031102362205
20
0.5105529921259843
11
0.6956884645669291
21
0.5097383464566929
0
LINE
8
BLACK
6
CONTINUOUS
10
0.6956884645669291
20
0.5097383464566929
11
0.6946240551181102
21
0.5092974409448818
0
LINE
8
BLACK
6
CONTINUOUS
10
0.6946240551181102
20
0.5092974409448818
11
0.6940479921259842
21
0.5092407086614174
0
LINE
8
BLACK
6
CONTINUOUS
10
0.6940479921259842
20
0.5092407086614174
11
0.6763783070866142
21
0.5092407086614174
0
LINE
8
BLACK
6
CONTINUOUS
10
0.6763783070866142
20
0.5092407086614174
11
0.6763783070866142
21
0.4990701181102362
0
LINE
8
BLACK
6
CONTINUOUS
10
0.6763783070866142
20
0.4990701181102362
11
0.6763215748031496
21
0.4984940551181102
0
LINE
8
BLACK
6
CONTINUOUS
10
0.6763215748031496
20
0.4984940551181102
11
0.6758806692913386
21
0.4974296456692913
0
LINE
8
BLACK
6
CONTINUOUS
10
0.6758806692913386
20
0.4974296456692913
11
0.6750660236220473
21
0.496615
0
LINE
8
BLACK
6
CONTINUOUS
10
0.6750660236220473
20
0.496615
11
0.6740016141732283
21
0.4961740944881889
0
LINE
8
BLACK
6
CONTINUOUS
10
0.6740016141732283
20
0.4961740944881889
11
0.6728494881889764
21
0.4961740944881889
0
LINE
8
BLACK
6
CONTINUOUS
10
0.6728494881889764
20
0.4961740944881889
11
0.6717850787401575
21
0.496615
0
LINE
8
BLACK
6
CONTINUOUS
10
0.6717850787401575
20
0.496615
11
0.6709704330708661
21
0.4974296456692913
0
LINE
8
BLACK
6
CONTINUOUS
10
0.6709704330708661
20
0.4974296456692913
11
0.6705295275590551
21
0.4984940551181102
0
LINE
8
BLACK
6
CONTINUOUS
10
0.6705295275590551
20
0.4984940551181102
11
0.6704727952755906
21
0.4990701181102362
0
LINE
8
BLACK
6
CONTINUOUS
10
0.6704727952755906
20
0.4990701181102362
11
0.6704727952755906
21
0.5092407086614174
0
LINE
8
BLACK
6
CONTINUOUS
10
0.6704727952755906
20
0.5092407086614174
11
0.6576306692913386
21
0.5092407086614174
0
LINE
8
BLACK
6
CONTINUOUS
10
0.6576306692913386
20
0.5092407086614174
11
0.6576306692913386
21
0.4934458267716536
0
LINE
8
BLACK
6
CONTINUOUS
10
0.6576306692913386
20
0.4934458267716536
11
0.657573937007874
21
0.4928697637795276
0
LINE
8
BLACK
6
CONTINUOUS
10
0.657573937007874
20
0.4928697637795276
11
0.6571330314960629
21
0.4918053543307087
0
LINE
8
BLACK
6
CONTINUOUS
10
0.6571330314960629
20
0.4918053543307087
11
0.6563183858267716
21
0.4909907086614173
0
LINE
8
BLACK
6
CONTINUOUS
10
0.6563183858267716
20
0.4909907086614173
11
0.6552539763779528
21
0.4905498031496063
0
LINE
8
BLACK
6
CONTINUOUS
10
0.6552539763779528
20
0.4905498031496063
11
0.6541018503937007
21
0.4905498031496063
0
LINE
8
BLACK
6
CONTINUOUS
10
0.6541018503937007
20
0.4905498031496063
11
0.6530374409448819
21
0.4909907086614173
0
LINE
8
BLACK
6
CONTINUOUS
10
0.6530374409448819
20
0.4909907086614173
11
0.6522227952755906
21
0.4918053543307087
0
LINE
8
BLACK
6
CONTINUOUS
10
0.6522227952755906
20
0.4918053543307087
11
0.6517818897637795
21
0.4928697637795276
0
LINE
8
BLACK
6
CONTINUOUS
10
0.6517818897637795
20
0.4928697637795276
11
0.6517251574803149
21
0.4934458267716536
0
LINE
8
BLACK
6
CONTINUOUS
10
0.6517251574803149
20
0.4934458267716536
11
0.6517251574803149
21
0.5121934645669292
0
LINE
8
BLACK
6
CONTINUOUS
10
0.6517251574803149
20
0.5121934645669292
11
0.6517818897637795
21
0.5127695275590551
0
LINE
8
BLACK
6
CONTINUOUS
10
0.6517818897637795
20
0.5127695275590551
11
0.6522227952755906
21
0.5138339370078741
0
LINE
8
BLACK
6
CONTINUOUS
10
0.6522227952755906
20
0.5138339370078741
11
0.6530374409448819
21
0.5146485826771653
0
LINE
8
BLACK
6
CONTINUOUS
10
0.6530374409448819
20
0.5146485826771653
11
0.6541018503937007
21
0.5150894881889764
0
LINE
8
BLACK
6
CONTINUOUS
10
0.6541018503937007
20
0.5150894881889764
11
0.6546779133858267
21
0.515146220472441
0
LINE
8
BLACK
6
CONTINUOUS
10
0.6546779133858267
20
0.515146220472441
11
0.6940479921259842
21
0.515146220472441
0
LINE
8
BLACK
6
CONTINUOUS
10
0.6940479921259842
20
0.515146220472441
11
0.6946240551181102
21
0.5150894881889764
0
LINE
8
BLACK
6
CONTINUOUS
10
0.2618588188976378
20
0.661821811023622
11
0.2620086614173228
21
0.6610685039370079
0
LINE
8
BLACK
6
CONTINUOUS
10
0.2620086614173228
20
0.6610685039370079
11
0.2620086614173228
21
0.6275370078740158
0
LINE
8
BLACK
6
CONTINUOUS
10
0.2620086614173228
20
0.6275370078740158
11
0.291540157480315
21
0.6275370078740158
0
LINE
8
BLACK
6
CONTINUOUS
10
0.291540157480315
20
0.6275370078740158
11
0.2922934645669291
21
0.6273871653543307
0
LINE
8
BLACK
6
CONTINUOUS
10
0.2922934645669291
20
0.6273871653543307
11
0.2933588188976378
21
0.6263218110236221
0
LINE
8
BLACK
6
CONTINUOUS
10
0.2933588188976378
20
0.6263218110236221
11
0.2933588188976378
21
0.6248151968503937
0
LINE
8
BLACK
6
CONTINUOUS
10
0.2933588188976378
20
0.6248151968503937
11
0.2922934645669291
21
0.623749842519685
0
LINE
8
BLACK
6
CONTINUOUS
10
0.2922934645669291
20
0.623749842519685
11
0.291540157480315
21
0.6235999999999999
0
LINE
8
BLACK
6
CONTINUOUS
10
0.291540157480315
20
0.6235999999999999
11
0.2636711811023622
21
0.6235999999999999
0
LINE
8
BLACK
6
CONTINUOUS
10
0.2636711811023622
20
0.6235999999999999
11
0.2911897244094488
21
0.581342716535433
0
LINE
8
BLACK
6
CONTINUOUS
10
0.2911897244094488
20
0.581342716535433
11
0.2912911023622047
21
0.5810895275590551
0
LINE
8
BLACK
6
CONTINUOUS
10
0.2912911023622047
20
0.5810895275590551
11
0.2913588188976378
21
0.581021811023622
0
LINE
8
BLACK
6
CONTINUOUS
10
0.2913588188976378
20
0.581021811023622
11
0.2913588188976378
21
0.5809204724409449
0
LINE
8
BLACK
6
CONTINUOUS
10
0.2913588188976378
20
0.5809204724409449
11
0.2914752362204724
21
0.5806297244094488
0
LINE
8
BLACK
6
CONTINUOUS
10
0.2914752362204724
20
0.5806297244094488
11
0.2913588188976378
21
0.5800785826771654
0
LINE
8
BLACK
6
CONTINUOUS
10
0.2913588188976378
20
0.5800785826771654
11
0.2913588188976378
21
0.5795151968503937
0
LINE
8
BLACK
6
CONTINUOUS
10
0.2913588188976378
20
0.5795151968503937
11
0.2912079133858267
21
0.5793643307086614
0
LINE
8
BLACK
6
CONTINUOUS
10
0.2912079133858267
20
0.5793643307086614
11
0.2911638582677165
21
0.579155590551181
0
LINE
8
BLACK
6
CONTINUOUS
10
0.2911638582677165
20
0.579155590551181
11
0.2906917716535433
21
0.5788481889763779
0
LINE
8
BLACK
6
CONTINUOUS
10
0.2906917716535433
20
0.5788481889763779
11
0.2902934645669291
21
0.578449842519685
0
LINE
8
BLACK
6
CONTINUOUS
10
0.2902934645669291
20
0.578449842519685
11
0.2899862598425197
21
0.5783887401574803
0
LINE
8
BLACK
6
CONTINUOUS
10
0.2899862598425197
20
0.5783887401574803
11
0.2899013385826771
21
0.5783334251968504
0
LINE
8
BLACK
6
CONTINUOUS
10
0.2899013385826771
20
0.5783334251968504
11
0.2898076377952756
21
0.5783532283464566
0
LINE
8
BLACK
6
CONTINUOUS
10
0.2898076377952756
20
0.5783532283464566
11
0.289540157480315
21
0.5783
0
LINE
8
BLACK
6
CONTINUOUS
10
0.289540157480315
20
0.5783
11
0.2620086614173228
21
0.5783
0
LINE
8
BLACK
6
CONTINUOUS
10
0.2620086614173228
20
0.5783
11
0.2620086614173228
21
0.5409685039370079
0
LINE
8
BLACK
6
CONTINUOUS
10
0.2620086614173228
20
0.5409685039370079
11
0.2618588188976378
21
0.5402151968503937
0
LINE
8
BLACK
6
CONTINUOUS
10
0.2618588188976378
20
0.5402151968503937
11
0.2607934645669291
21
0.539149842519685
0
LINE
8
BLACK
6
CONTINUOUS
10
0.2607934645669291
20
0.539149842519685
11
0.2592868503937008
21
0.539149842519685
0
LINE
8
BLACK
6
CONTINUOUS
10
0.2592868503937008
20
0.539149842519685
11
0.2582214960629921
21
0.5402151968503937
0
LINE
8
BLACK
6
CONTINUOUS
10
0.2582214960629921
20
0.5402151968503937
11
0.2580716535433071
21
0.5409685039370079
0
LINE
8
BLACK
6
CONTINUOUS
10
0.2580716535433071
20
0.5409685039370079
11
0.2580716535433071
21
0.5783
0
LINE
8
BLACK
6
CONTINUOUS
10
0.2580716535433071
20
0.5783
11
0.2285401574803149
21
0.5783
0
LINE
8
BLACK
6
CONTINUOUS
10
0.2285401574803149
20
0.5783
11
0.2282212992125984
21
0.5783634251968504
0
LINE
8
BLACK
6
CONTINUOUS
10
0.2282212992125984
20
0.5783634251968504
11
0.2281203543307087
21
0.5783452755905512
0
LINE
8
BLACK
6
CONTINUOUS
10
0.2281203543307087
20
0.5783452755905512
11
0.2280433464566929
21
0.5783988582677165
0
LINE
8
BLACK
6
CONTINUOUS
10
0.2280433464566929
20
0.5783988582677165
11
0.2277868503937008
21
0.578449842519685
0
LINE
8
BLACK
6
CONTINUOUS
10
0.2277868503937008
20
0.578449842519685
11
0.227368779527559
21
0.5788679133858268
0
LINE
8
BLACK
6
CONTINUOUS
10
0.227368779527559
20
0.5788679133858268
11
0.2268833858267716
21
0.5792054330708661
0
LINE
8
BLACK
6
CONTINUOUS
10
0.2268833858267716
20
0.5792054330708661
11
0.2268509842519685
21
0.5793857086614174
0
LINE
8
BLACK
6
CONTINUOUS
10
0.2268509842519685
20
0.5793857086614174
11
0.2267214960629921
21
0.5795151968503937
0
LINE
8
BLACK
6
CONTINUOUS
10
0.2267214960629921
20
0.5795151968503937
11
0.2267214960629921
21
0.5801063779527559
0
LINE
8
BLACK
6
CONTINUOUS
10
0.2267214960629921
20
0.5801063779527559
11
0.2266169291338583
21
0.5806883070866141
0
LINE
8
BLACK
6
CONTINUOUS
10
0.2266169291338583
20
0.5806883070866141
11
0.2267214960629921
21
0.5809280708661417
0
LINE
8
BLACK
6
CONTINUOUS
10
0.2267214960629921
20
0.5809280708661417
11
0.2267214960629921
21
0.581021811023622
0
LINE
8
BLACK
6
CONTINUOUS
10
0.2267214960629921
20
0.581021811023622
11
0.2267939763779528
21
0.5810943307086615
0
LINE
8
BLACK
6
CONTINUOUS
10
0.2267939763779528
20
0.5810943307086615
11
0.2269239763779528
21
0.5813923228346457
0
LINE
8
BLACK
6
CONTINUOUS
10
0.2269239763779528
20
0.5813923228346457
11
0.2562736614173228
21
0.6235999999999999
0
LINE
8
BLACK
6
CONTINUOUS
10
0.2562736614173228
20
0.6235999999999999
11
0.2285401574803149
21
0.6235999999999999
0
LINE
8
BLACK
6
CONTINUOUS
10
0.2285401574803149
20
0.6235999999999999
11
0.2277868503937008
21
0.623749842519685
0
LINE
8
BLACK
6
CONTINUOUS
10
0.2277868503937008
20
0.623749842519685
11
0.2267214960629921
21
0.6248151968503937
0
LINE
8
BLACK
6
CONTINUOUS
10
0.2267214960629921
20
0.6248151968503937
11
0.2267214960629921
21
0.6263218110236221
0
LINE
8
BLACK
6
CONTINUOUS
10
0.2267214960629921
20
0.6263218110236221
11
0.2277868503937008
21
0.6273871653543307
0
LINE
8
BLACK
6
CONTINUOUS
10
0.2277868503937008
20
0.6273871653543307
11
0.2285401574803149
21
0.6275370078740158
0
LINE
8
BLACK
6
CONTINUOUS
10
0.2285401574803149
20
0.6275370078740158
11
0.2580716535433071
21
0.6275370078740158
0
LINE
8
BLACK
6
CONTINUOUS
10
0.2580716535433071
20
0.6275370078740158
11
0.2580716535433071
21
0.6610685039370079
0
LINE
8
BLACK
6
CONTINUOUS
10
0.2580716535433071
20
0.6610685039370079
11
0.2582214960629921
21
0.661821811023622
0
LINE
8
BLACK
6
CONTINUOUS
10
0.2582214960629921
20
0.661821811023622
11
0.2592868503937008
21
0.6628871653543307
0
LINE
8
BLACK
6
CONTINUOUS
10
0.2592868503937008
20
0.6628871653543307
11
0.2607934645669291
21
0.6628871653543307
0
LINE
8
BLACK
6
CONTINUOUS
10
0.2607934645669291
20
0.6628871653543307
11
0.2618588188976378
21
0.661821811023622
0
LINE
8
BLACK
6
CONTINUOUS
10
0.2323066141732283
20
0.5822370078740158
11
0.2859091338582677
21
0.5822370078740158
0
LINE
8
BLACK
6
CONTINUOUS
10
0.2859091338582677
20
0.5822370078740158
11
0.2599865748031496
21
0.6220434645669292
0
LINE
8
BLACK
6
CONTINUOUS
10
0.2599865748031496
20
0.6220434645669292
11
0.2323066141732283
21
0.5822370078740158
0
LINE
8
BLACK
6
CONTINUOUS
10
0.3198084251968504
20
0.692369842519685
11
0.320873779527559
21
0.6913044881889764
0
LINE
8
BLACK
6
CONTINUOUS
10
0.320873779527559
20
0.6913044881889764
11
0.3210236220472441
21
0.6905511811023622
0
LINE
8
BLACK
6
CONTINUOUS
10
0.3210236220472441
20
0.6905511811023622
11
0.3210236220472441
21
0.5094488188976378
0
LINE
8
BLACK
6
CONTINUOUS
10
0.3210236220472441
20
0.5094488188976378
11
0.320873779527559
21
0.5086955118110236
0
LINE
8
BLACK
6
CONTINUOUS
10
0.320873779527559
20
0.5086955118110236
11
0.3198084251968504
21
0.5076301574803149
0
LINE
8
BLACK
6
CONTINUOUS
10
0.3198084251968504
20
0.5076301574803149
11
0.3190551181102362
21
0.50748031496063
0
LINE
8
BLACK
6
CONTINUOUS
10
0.3190551181102362
20
0.50748031496063
11
0.2009448818897638
21
0.50748031496063
0
LINE
8
BLACK
6
CONTINUOUS
10
0.2009448818897638
20
0.50748031496063
11
0.2001915748031496
21
0.5076301574803149
0
LINE
8
BLACK
6
CONTINUOUS
10
0.2001915748031496
20
0.5076301574803149
11
0.1991262204724409
21
0.5086955118110236
0
LINE
8
BLACK
6
CONTINUOUS
10
0.1991262204724409
20
0.5086955118110236
11
0.1989763779527559
21
0.5094488188976378
0
LINE
8
BLACK
6
CONTINUOUS
10
0.1989763779527559
20
0.5094488188976378
11
0.1989763779527559
21
0.6905511811023622
0
LINE
8
BLACK
6
CONTINUOUS
10
0.1989763779527559
20
0.6905511811023622
11
0.1991262204724409
21
0.6913044881889764
0
LINE
8
BLACK
6
CONTINUOUS
10
0.1991262204724409
20
0.6913044881889764
11
0.2001915748031496
21
0.692369842519685
0
LINE
8
BLACK
6
CONTINUOUS
10
0.2001915748031496
20
0.692369842519685
11
0.2009448818897638
21
0.6925196850393701
0
LINE
8
BLACK
6
CONTINUOUS
10
0.2009448818897638
20
0.6925196850393701
11
0.3190551181102362
21
0.6925196850393701
0
LINE
8
BLACK
6
CONTINUOUS
10
0.3190551181102362
20
0.6925196850393701
11
0.3198084251968504
21
0.692369842519685
0
LINE
8
BLACK
6
CONTINUOUS
10
0.2029133858267717
20
0.6885826771653543
11
0.2029133858267717
21
0.5114173228346457
0
LINE
8
BLACK
6
CONTINUOUS
10
0.2029133858267717
20
0.5114173228346457
11
0.3170866141732284
21
0.5114173228346457
0
LINE
8
BLACK
6
CONTINUOUS
10
0.3170866141732284
20
0.5114173228346457
11
0.3170866141732284
21
0.6885826771653543
0
LINE
8
BLACK
6
CONTINUOUS
10
0.3170866141732284
20
0.6885826771653543
11
0.2029133858267717
21
0.6885826771653543
0
LINE
8
BLACK
6
CONTINUOUS
10
0.6060717716535433
20
0.5568135826771653
11
0.6064529527559055
21
0.5556701181102363
0
LINE
8
BLACK
6
CONTINUOUS
10
0.6064529527559055
20
0.5556701181102363
11
0.6062906692913386
21
0.5550774803149606
0
LINE
8
BLACK
6
CONTINUOUS
10
0.6062906692913386
20
0.5550774803149606
11
0.6053533070866142
21
0.5532027559055118
0
LINE
8
BLACK
6
CONTINUOUS
10
0.6053533070866142
20
0.5532027559055118
11
0.6051987007874016
21
0.5530035826771653
0
LINE
8
BLACK
6
CONTINUOUS
10
0.6051987007874016
20
0.5530035826771653
11
0.6050583070866141
21
0.5527934251968504
0
LINE
8
BLACK
6
CONTINUOUS
10
0.6050583070866141
20
0.5527934251968504
11
0.6039971259842519
21
0.5517322834645669
0
LINE
8
BLACK
6
CONTINUOUS
10
0.6039971259842519
20
0.5517322834645669
11
0.6173680708661418
21
0.5517322834645669
0
LINE
8
BLACK
6
CONTINUOUS
10
0.6173680708661418
20
0.5517322834645669
11
0.6173680708661418
21
0.5557817716535433
0
LINE
8
BLACK
6
CONTINUOUS
10
0.6173680708661418
20
0.5557817716535433
11
0.6174879527559055
21
0.5563844094488188
0
LINE
8
BLACK
6
CONTINUOUS
10
0.6174879527559055
20
0.5563844094488188
11
0.6183402362204724
21
0.5572366929133858
0
LINE
8
BLACK
6
CONTINUOUS
10
0.6183402362204724
20
0.5572366929133858
11
0.6195455118110236
21
0.5572366929133858
0
LINE
8
BLACK
6
CONTINUOUS
10
0.6195455118110236
20
0.5572366929133858
11
0.6203977952755906
21
0.5563844094488188
0
LINE
8
BLACK
6
CONTINUOUS
10
0.6203977952755906
20
0.5563844094488188
11
0.6205176771653543
21
0.5557817716535433
0
LINE
8
BLACK
6
CONTINUOUS
10
0.6205176771653543
20
0.5557817716535433
11
0.6205176771653543
21
0.5445331889763779
0
LINE
8
BLACK
6
CONTINUOUS
10
0.6205176771653543
20
0.5445331889763779
11
0.6203977952755906
21
0.5439305511811023
0
LINE
8
BLACK
6
CONTINUOUS
10
0.6203977952755906
20
0.5439305511811023
11
0.6195455118110236
21
0.5430782677165354
0
LINE
8
BLACK
6
CONTINUOUS
10
0.6195455118110236
20
0.5430782677165354
11
0.6183402362204724
21
0.5430782677165354
0
LINE
8
BLACK
6
CONTINUOUS
10
0.6183402362204724
20
0.5430782677165354
11
0.6174879527559055
21
0.5439305511811023
0
LINE
8
BLACK
6
CONTINUOUS
10
0.6174879527559055
20
0.5439305511811023
11
0.6173680708661418
21
0.5445331889763779
0
LINE
8
BLACK
6
CONTINUOUS
10
0.6173680708661418
20
0.5445331889763779
11
0.6173680708661418
21
0.5485826771653544
0
LINE
8
BLACK
6
CONTINUOUS
10
0.6173680708661418
20
0.5485826771653544
11
0.5992578346456693
21
0.5485826771653544
0
LINE
8
BLACK
6
CONTINUOUS
10
0.5992578346456693
20
0.5485826771653544
11
0.5986551968503937
21
0.5487025590551181
0
LINE
8
BLACK
6
CONTINUOUS
10
0.5986551968503937
20
0.5487025590551181
11
0.5985405118110236
21
0.5488172440944882
0
LINE
8
BLACK
6
CONTINUOUS
10
0.5985405118110236
20
0.5488172440944882
11
0.5983815354330708
21
0.5488490157480315
0
LINE
8
BLACK
6
CONTINUOUS
10
0.5983815354330708
20
0.5488490157480315
11
0.598127125984252
21
0.5492306299212598
0
LINE
8
BLACK
6
CONTINUOUS
10
0.598127125984252
20
0.5492306299212598
11
0.5978029133858268
21
0.549554842519685
0
LINE
8
BLACK
6
CONTINUOUS
10
0.5978029133858268
20
0.549554842519685
11
0.5978029133858268
21
0.549716968503937
0
LINE
8
BLACK
6
CONTINUOUS
10
0.5978029133858268
20
0.549716968503937
11
0.5977129921259843
21
0.5498518503937008
0
LINE
8
BLACK
6
CONTINUOUS
10
0.5977129921259843
20
0.5498518503937008
11
0.5978029133858268
21
0.5503014960629922
0
LINE
8
BLACK
6
CONTINUOUS
10
0.5978029133858268
20
0.5503014960629922
11
0.5978029133858268
21
0.5507601181102362
0
LINE
8
BLACK
6
CONTINUOUS
10
0.5978029133858268
20
0.5507601181102362
11
0.5979175590551181
21
0.5508748031496062
0
LINE
8
BLACK
6
CONTINUOUS
10
0.5979175590551181
20
0.5508748031496062
11
0.5979493700787402
21
0.5510337795275591
0
LINE
8
BLACK
6
CONTINUOUS
10
0.5979493700787402
20
0.5510337795275591
11
0.5983842913385826
21
0.5514677952755905
0
LINE
8
BLACK
6
CONTINUOUS
10
0.5983842913385826
20
0.5514677952755905
11
0.6010667322834645
21
0.5532561023622047
0
LINE
8
BLACK
6
CONTINUOUS
10
0.6010667322834645
20
0.5532561023622047
11
0.6026505118110236
21
0.5548399212598425
0
LINE
8
BLACK
6
CONTINUOUS
10
0.6026505118110236
20
0.5548399212598425
11
0.6034735826771653
21
0.5564860236220472
0
LINE
8
BLACK
6
CONTINUOUS
10
0.6034735826771653
20
0.5564860236220472
11
0.6038502755905512
21
0.5569714173228346
0
LINE
8
BLACK
6
CONTINUOUS
10
0.6038502755905512
20
0.5569714173228346
11
0.6049937401574803
21
0.5573525984251968
0
LINE
8
BLACK
6
CONTINUOUS
10
0.6049937401574803
20
0.5573525984251968
11
0.6060717716535433
21
0.5568135826771653
0
LINE
8
BLACK
6
CONTINUOUS
10
0.6106955905511811
20
0.5770040157480315
11
0.6108883464566929
21
0.5769946062992126
0
LINE
8
BLACK
6
CONTINUOUS
10
0.6108883464566929
20
0.5769946062992126
11
0.614637874015748
21
0.5760572440944882
0
LINE
8
BLACK
6
CONTINUOUS
10
0.614637874015748
20
0.5760572440944882
11
0.6147938188976377
21
0.5759835826771653
0
LINE
8
BLACK
6
CONTINUOUS
10
0.6147938188976377
20
0.5759835826771653
11
0.6149602362204725
21
0.5759379921259843
0
LINE
8
BLACK
6
CONTINUOUS
10
0.6149602362204725
20
0.5759379921259843
11
0.616835
21
0.5750005905511811
0
LINE
8
BLACK
6
CONTINUOUS
10
0.616835
20
0.5750005905511811
11
0.6170343307086614
21
0.5748458661417323
0
LINE
8
BLACK
6
CONTINUOUS
10
0.6170343307086614
20
0.5748458661417323
11
0.617244251968504
21
0.5747056299212598
0
LINE
8
BLACK
6
CONTINUOUS
10
0.617244251968504
20
0.5747056299212598
11
0.6191190551181103
21
0.5728308661417323
0
LINE
8
BLACK
6
CONTINUOUS
10
0.6191190551181103
20
0.5728308661417323
11
0.619162874015748
21
0.5727652755905511
0
LINE
8
BLACK
6
CONTINUOUS
10
0.619162874015748
20
0.5727652755905511
11
0.6191951968503937
21
0.572749094488189
0
LINE
8
BLACK
6
CONTINUOUS
10
0.6191951968503937
20
0.572749094488189
11
0.6193200393700787
21
0.5725300393700787
0
LINE
8
BLACK
6
CONTINUOUS
10
0.6193200393700787
20
0.5725300393700787
11
0.6194604330708662
21
0.5723199606299213
0
LINE
8
BLACK
6
CONTINUOUS
10
0.6194604330708662
20
0.5723199606299213
11
0.6194604330708662
21
0.5722838188976378
0
LINE
8
BLACK
6
CONTINUOUS
10
0.6194604330708662
20
0.5722838188976378
11
0.6194994881889764
21
0.5722152755905512
0
LINE
8
BLACK
6
CONTINUOUS
10
0.6194994881889764
20
0.5722152755905512
11
0.6204368897637795
21
0.5694031496062992
0
LINE
8
BLACK
6
CONTINUOUS
10
0.6204368897637795
20
0.5694031496062992
11
0.6204684251968504
21
0.5691525590551181
0
LINE
8
BLACK
6
CONTINUOUS
10
0.6204684251968504
20
0.5691525590551181
11
0.6205176771653543
21
0.5689051574803149
0
LINE
8
BLACK
6
CONTINUOUS
10
0.6205176771653543
20
0.5689051574803149
11
0.6205176771653543
21
0.5670303937007873
0
LINE
8
BLACK
6
CONTINUOUS
10
0.6205176771653543
20
0.5670303937007873
11
0.6204684251968504
21
0.5667829921259843
0
LINE
8
BLACK
6
CONTINUOUS
10
0.6204684251968504
20
0.5667829921259843
11
0.6204368897637795
21
0.5665324409448819
0
LINE
8
BLACK
6
CONTINUOUS
10
0.6204368897637795
20
0.5665324409448819
11
0.6194994881889764
21
0.5637202362204724
0
LINE
8
BLACK
6
CONTINUOUS
10
0.6194994881889764
20
0.5637202362204724
11
0.6194604330708662
21
0.5636517322834645
0
LINE
8
BLACK
6
CONTINUOUS
10
0.6194604330708662
20
0.5636517322834645
11
0.6194604330708662
21
0.5636155511811024
0
LINE
8
BLACK
6
CONTINUOUS
10
0.6194604330708662
20
0.5636155511811024
11
0.6193199606299212
21
0.5634053937007873
0
LINE
8
BLACK
6
CONTINUOUS
10
0.6193199606299212
20
0.5634053937007873
11
0.6191951968503937
21
0.5631864566929133
0
LINE
8
BLACK
6
CONTINUOUS
10
0.6191951968503937
20
0.5631864566929133
11
0.6191629133858267
21
0.5631703543307086
0
LINE
8
BLACK
6
CONTINUOUS
10
0.6191629133858267
20
0.5631703543307086
11
0.6191190551181103
21
0.5631046456692913
0
LINE
8
BLACK
6
CONTINUOUS
10
0.6191190551181103
20
0.5631046456692913
11
0.6181816535433071
21
0.5621672834645669
0
LINE
8
BLACK
6
CONTINUOUS
10
0.6181816535433071
20
0.5621672834645669
11
0.617670748031496
21
0.5618259448818897
0
LINE
8
BLACK
6
CONTINUOUS
10
0.617670748031496
20
0.5618259448818897
11
0.6164654330708661
21
0.5618259842519685
0
LINE
8
BLACK
6
CONTINUOUS
10
0.6164654330708661
20
0.5618259842519685
11
0.615613188976378
21
0.5626782283464566
0
LINE
8
BLACK
6
CONTINUOUS
10
0.615613188976378
20
0.5626782283464566
11
0.6156132283464567
21
0.5638835433070866
0
LINE
8
BLACK
6
CONTINUOUS
10
0.6156132283464567
20
0.5638835433070866
11
0.6159545669291339
21
0.5643944488188977
0
LINE
8
BLACK
6
CONTINUOUS
10
0.6159545669291339
20
0.5643944488188977
11
0.6166290944881889
21
0.565068937007874
0
LINE
8
BLACK
6
CONTINUOUS
10
0.6166290944881889
20
0.565068937007874
11
0.6173680708661418
21
0.567285905511811
0
LINE
8
BLACK
6
CONTINUOUS
10
0.6173680708661418
20
0.567285905511811
11
0.6173680708661418
21
0.5686496850393701
0
LINE
8
BLACK
6
CONTINUOUS
10
0.6173680708661418
20
0.5686496850393701
11
0.6166290944881889
21
0.5708666141732284
0
LINE
8
BLACK
6
CONTINUOUS
10
0.6166290944881889
20
0.5708666141732284
11
0.6151978346456692
21
0.5722977952755905
0
LINE
8
BLACK
6
CONTINUOUS
10
0.6151978346456692
20
0.5722977952755905
11
0.6137062598425197
21
0.5730435826771654
0
LINE
8
BLACK
6
CONTINUOUS
10
0.6137062598425197
20
0.5730435826771654
11
0.6103125196850393
21
0.5738920078740157
0
LINE
8
BLACK
6
CONTINUOUS
10
0.6103125196850393
20
0.5738920078740157
11
0.607888188976378
21
0.5738920078740157
0
LINE
8
BLACK
6
CONTINUOUS
10
0.607888188976378
20
0.5738920078740157
11
0.6044944094488189
21
0.5730435826771654
0
LINE
8
BLACK
6
CONTINUOUS
10
0.6044944094488189
20
0.5730435826771654
11
0.6030028346456693
21
0.5722978346456693
0
LINE
8
BLACK
6
CONTINUOUS
10
0.6030028346456693
20
0.5722978346456693
11
0.6015716141732284
21
0.5708666141732284
0
LINE
8
BLACK
6
CONTINUOUS
10
0.6015716141732284
20
0.5708666141732284
11
0.6008326377952756
21
0.5686496456692913
0
LINE
8
BLACK
6
CONTINUOUS
10
0.6008326377952756
20
0.5686496456692913
11
0.6008326377952756
21
0.5672859448818898
0
LINE
8
BLACK
6
CONTINUOUS
10
0.6008326377952756
20
0.5672859448818898
11
0.6015716141732284
21
0.565068937007874
0
LINE
8
BLACK
6
CONTINUOUS
10
0.6015716141732284
20
0.565068937007874
11
0.6022461417322834
21
0.5643944094488189
0
LINE
8
BLACK
6
CONTINUOUS
10
0.6022461417322834
20
0.5643944094488189
11
0.6025875196850393
21
0.5638835039370078
0
LINE
8
BLACK
6
CONTINUOUS
10
0.6025875196850393
20
0.5638835039370078
11
0.6025875196850393
21
0.5626782283464566
0
LINE
8
BLACK
6
CONTINUOUS
10
0.6025875196850393
20
0.5626782283464566
11
0.6017352362204724
21
0.5618259448818897
0
LINE
8
BLACK
6
CONTINUOUS
10
0.6017352362204724
20
0.5618259448818897
11
0.6005299606299213
21
0.5618259448818897
0
LINE
8
BLACK
6
CONTINUOUS
10
0.6005299606299213
20
0.5618259448818897
11
0.6000190551181103
21
0.5621673228346457
0
LINE
8
BLACK
6
CONTINUOUS
10
0.6000190551181103
20
0.5621673228346457
11
0.5990816929133859
21
0.5631046850393701
0
LINE
8
BLACK
6
CONTINUOUS
10
0.5990816929133859
20
0.5631046850393701
11
0.599037874015748
21
0.5631702755905512
0
LINE
8
BLACK
6
CONTINUOUS
10
0.599037874015748
20
0.5631702755905512
11
0.5990055511811023
21
0.5631864173228346
0
LINE
8
BLACK
6
CONTINUOUS
10
0.5990055511811023
20
0.5631864173228346
11
0.5988805118110236
21
0.5634057874015748
0
LINE
8
BLACK
6
CONTINUOUS
10
0.5988805118110236
20
0.5634057874015748
11
0.59874031496063
21
0.563615590551181
0
LINE
8
BLACK
6
CONTINUOUS
10
0.59874031496063
20
0.563615590551181
11
0.59874031496063
21
0.5636517322834645
0
LINE
8
BLACK
6
CONTINUOUS
10
0.59874031496063
20
0.5636517322834645
11
0.5987012598425197
21
0.5637202362204724
0
LINE
8
BLACK
6
CONTINUOUS
10
0.5987012598425197
20
0.5637202362204724
11
0.5977638582677165
21
0.5665324015748031
0
LINE
8
BLACK
6
CONTINUOUS
10
0.5977638582677165
20
0.5665324015748031
11
0.5977322834645669
21
0.5667827165354331
0
LINE
8
BLACK
6
CONTINUOUS
10
0.5977322834645669
20
0.5667827165354331
11
0.5976830314960629
21
0.5670303937007873
0
LINE
8
BLACK
6
CONTINUOUS
10
0.5976830314960629
20
0.5670303937007873
11
0.5976830314960629
21
0.5689051574803149
0
LINE
8
BLACK
6
CONTINUOUS
10
0.5976830314960629
20
0.5689051574803149
11
0.5977322834645669
21
0.569152874015748
0
LINE
8
BLACK
6
CONTINUOUS
10
0.5977322834645669
20
0.569152874015748
11
0.5977638582677165
21
0.5694031496062992
0
LINE
8
BLACK
6
CONTINUOUS
10
0.5977638582677165
20
0.5694031496062992
11
0.5987012598425197
21
0.5722152755905512
0
LINE
8
BLACK
6
CONTINUOUS
10
0.5987012598425197
20
0.5722152755905512
11
0.59874031496063
21
0.5722838188976378
0
LINE
8
BLACK
6
CONTINUOUS
10
0.59874031496063
20
0.5722838188976378
11
0.59874031496063
21
0.5723199212598425
0
LINE
8
BLACK
6
CONTINUOUS
10
0.59874031496063
20
0.5723199212598425
11
0.5988805118110236
21
0.5725297637795276
0
LINE
8
BLACK
6
CONTINUOUS
10
0.5988805118110236
20
0.5725297637795276
11
0.5990055511811023
21
0.572749094488189
0
LINE
8
BLACK
6
CONTINUOUS
10
0.5990055511811023
20
0.572749094488189
11
0.599037874015748
21
0.5727652755905511
0
LINE
8
BLACK
6
CONTINUOUS
10
0.599037874015748
20
0.5727652755905511
11
0.5990816929133859
21
0.5728308267716535
0
LINE
8
BLACK
6
CONTINUOUS
10
0.5990816929133859
20
0.5728308267716535
11
0.6009564173228347
21
0.5747055905511811
0
LINE
8
BLACK
6
CONTINUOUS
10
0.6009564173228347
20
0.5747055905511811
11
0.6011663385826772
21
0.574845905511811
0
LINE
8
BLACK
6
CONTINUOUS
10
0.6011663385826772
20
0.574845905511811
11
0.6013657086614174
21
0.5750005905511811
0
LINE
8
BLACK
6
CONTINUOUS
10
0.6013657086614174
20
0.5750005905511811
11
0.6032404724409449
21
0.5759379921259843
0
LINE
8
BLACK
6
CONTINUOUS
10
0.6032404724409449
20
0.5759379921259843
11
0.6034068503937008
21
0.5759835826771653
0
LINE
8
BLACK
6
CONTINUOUS
10
0.6034068503937008
20
0.5759835826771653
11
0.6035628346456693
21
0.5760572440944882
0
LINE
8
BLACK
6
CONTINUOUS
10
0.6035628346456693
20
0.5760572440944882
11
0.6073123622047244
21
0.5769946062992126
0
LINE
8
BLACK
6
CONTINUOUS
10
0.6073123622047244
20
0.5769946062992126
11
0.6075050787401575
21
0.5770040157480315
0
LINE
8
BLACK
6
CONTINUOUS
10
0.6075050787401575
20
0.5770040157480315
11
0.6076942913385827
21
0.5770416141732283
0
LINE
8
BLACK
6
CONTINUOUS
10
0.6076942913385827
20
0.5770416141732283
11
0.6105064173228346
21
0.5770416141732283
0
LINE
8
BLACK
6
CONTINUOUS
10
0.6105064173228346
20
0.5770416141732283
11
0.6106955905511811
21
0.5770040157480315
0
LINE
8
BLACK
6
CONTINUOUS
10
0.6353596062992126
20
0.6011887401574803
11
0.6364249606299213
21
0.6001233858267716
0
LINE
8
BLACK
6
CONTINUOUS
10
0.6364249606299213
20
0.6001233858267716
11
0.6365748031496062
21
0.5993700787401575
0
LINE
8
BLACK
6
CONTINUOUS
10
0.6365748031496062
20
0.5993700787401575
11
0.6365748031496062
21
0.5206299212598425
0
LINE
8
BLACK
6
CONTINUOUS
10
0.6365748031496062
20
0.5206299212598425
11
0.6364249606299213
21
0.5198766141732283
0
LINE
8
BLACK
6
CONTINUOUS
10
0.6364249606299213
20
0.5198766141732283
11
0.6353596062992126
21
0.5188112598425196
0
LINE
8
BLACK
6
CONTINUOUS
10
0.6353596062992126
20
0.5188112598425196
11
0.6346062992125984
21
0.5186614173228347
0
LINE
8
BLACK
6
CONTINUOUS
10
0.6346062992125984
20
0.5186614173228347
11
0.5853937007874016
21
0.5186614173228347
0
LINE
8
BLACK
6
CONTINUOUS
10
0.5853937007874016
20
0.5186614173228347
11
0.5846403937007874
21
0.5188112598425196
0
LINE
8
BLACK
6
CONTINUOUS
10
0.5846403937007874
20
0.5188112598425196
11
0.5835750393700787
21
0.5198766141732283
0
LINE
8
BLACK
6
CONTINUOUS
10
0.5835750393700787
20
0.5198766141732283
11
0.5834251968503937
21
0.5206299212598425
0
LINE
8
BLACK
6
CONTINUOUS
10
0.5834251968503937
20
0.5206299212598425
11
0.5834251968503937
21
0.5993700787401575
0
LINE
8
BLACK
6
CONTINUOUS
10
0.5834251968503937
20
0.5993700787401575
11
0.5835750393700787
21
0.6001233858267716
0
LINE
8
BLACK
6
CONTINUOUS
10
0.5835750393700787
20
0.6001233858267716
11
0.5846403937007874
21
0.6011887401574803
0
LINE
8
BLACK
6
CONTINUOUS
10
0.5846403937007874
20
0.6011887401574803
11
0.5853937007874016
21
0.6013385826771653
0
LINE
8
BLACK
6
CONTINUOUS
10
0.5853937007874016
20
0.6013385826771653
11
0.6346062992125984
21
0.6013385826771653
0
LINE
8
BLACK
6
CONTINUOUS
10
0.6346062992125984
20
0.6013385826771653
11
0.6353596062992126
21
0.6011887401574803
0
LINE
8
BLACK
6
CONTINUOUS
10
0.5873622047244095
20
0.5974015748031496
11
0.5873622047244095
21
0.5225984251968504
0
LINE
8
BLACK
6
CONTINUOUS
10
0.5873622047244095
20
0.5225984251968504
11
0.6326377952755905
21
0.5225984251968504
0
LINE
8
BLACK
6
CONTINUOUS
10
0.6326377952755905
20
0.5225984251968504
11
0.6326377952755905
21
0.5974015748031496
0
LINE
8
BLACK
6
CONTINUOUS
10
0.6326377952755905
20
0.5974015748031496
11
0.5873622047244095
21
0.5974015748031496
0
LINE
8
BLACK
6
CONTINUOUS
10
0.6889997244094488
20
0.5507100393700787
11
0.6890977165354331
21
0.5506694488188977
0
LINE
8
BLACK
6
CONTINUOUS
10
0.6890977165354331
20
0.5506694488188977
11
0.6892035433070866
21
0.5506619291338583
0
LINE
8
BLACK
6
CONTINUOUS
10
0.6892035433070866
20
0.5506619291338583
11
0.6897441732283465
21
0.5504550393700788
0
LINE
8
BLACK
6
CONTINUOUS
10
0.6897441732283465
20
0.5504550393700788
11
0.6934937401574803
21
0.5485802755905511
0
LINE
8
BLACK
6
CONTINUOUS
10
0.6934937401574803
20
0.5485802755905511
11
0.6935900393700787
21
0.5485196456692913
0
LINE
8
BLACK
6
CONTINUOUS
10
0.6935900393700787
20
0.5485196456692913
11
0.6936355118110236
21
0.5485044881889763
0
LINE
8
BLACK
6
CONTINUOUS
10
0.6936355118110236
20
0.5485044881889763
11
0.6936920866141733
21
0.5484554330708661
0
LINE
8
BLACK
6
CONTINUOUS
10
0.6936920866141733
20
0.5484554330708661
11
0.6939835826771653
21
0.5482719291338582
0
LINE
8
BLACK
6
CONTINUOUS
10
0.6939835826771653
20
0.5482719291338582
11
0.694226062992126
21
0.5479923228346456
0
LINE
8
BLACK
6
CONTINUOUS
10
0.694226062992126
20
0.5479923228346456
11
0.694505905511811
21
0.5477496456692913
0
LINE
8
BLACK
6
CONTINUOUS
10
0.694505905511811
20
0.5477496456692913
11
0.6946894094488189
21
0.5474581102362205
0
LINE
8
BLACK
6
CONTINUOUS
10
0.6946894094488189
20
0.5474581102362205
11
0.6947384645669291
21
0.5474015354330709
0
LINE
8
BLACK
6
CONTINUOUS
10
0.6947384645669291
20
0.5474015354330709
11
0.6947535826771654
21
0.5473561417322834
0
LINE
8
BLACK
6
CONTINUOUS
10
0.6947535826771654
20
0.5473561417322834
11
0.6948142519685039
21
0.5472597637795276
0
LINE
8
BLACK
6
CONTINUOUS
10
0.6948142519685039
20
0.5472597637795276
11
0.6966890157480314
21
0.5435102362204725
0
LINE
8
BLACK
6
CONTINUOUS
10
0.6966890157480314
20
0.5435102362204725
11
0.696895905511811
21
0.5429696456692913
0
LINE
8
BLACK
6
CONTINUOUS
10
0.696895905511811
20
0.5429696456692913
11
0.6969034251968503
21
0.542863779527559
0
LINE
8
BLACK
6
CONTINUOUS
10
0.6969034251968503
20
0.542863779527559
11
0.6969440157480314
21
0.5427657874015748
0
LINE
8
BLACK
6
CONTINUOUS
10
0.6969440157480314
20
0.5427657874015748
11
0.697000748031496
21
0.5421897244094488
0
LINE
8
BLACK
6
CONTINUOUS
10
0.697000748031496
20
0.5421897244094488
11
0.697000748031496
21
0.5365654330708661
0
LINE
8
BLACK
6
CONTINUOUS
10
0.697000748031496
20
0.5365654330708661
11
0.6969440157480314
21
0.5359893700787401
0
LINE
8
BLACK
6
CONTINUOUS
10
0.6969440157480314
20
0.5359893700787401
11
0.6969034251968503
21
0.5358914173228346
0
LINE
8
BLACK
6
CONTINUOUS
10
0.6969034251968503
20
0.5358914173228346
11
0.696895905511811
21
0.5357855118110236
0
LINE
8
BLACK
6
CONTINUOUS
10
0.696895905511811
20
0.5357855118110236
11
0.6966890157480314
21
0.5352449212598425
0
LINE
8
BLACK
6
CONTINUOUS
10
0.6966890157480314
20
0.5352449212598425
11
0.6957392519685039
21
0.5333454724409449
0
LINE
8
BLACK
6
CONTINUOUS
10
0.6957392519685039
20
0.5333454724409449
11
0.6965031102362205
21
0.5325816141732284
0
LINE
8
BLACK
6
CONTINUOUS
10
0.6965031102362205
20
0.5325816141732284
11
0.6969440157480314
21
0.5315172047244094
0
LINE
8
BLACK
6
CONTINUOUS
10
0.6969440157480314
20
0.5315172047244094
11
0.6969440157480314
21
0.5303650787401575
0
LINE
8
BLACK
6
CONTINUOUS
10
0.6969440157480314
20
0.5303650787401575
11
0.6965031102362205
21
0.5293006692913386
0
LINE
8
BLACK
6
CONTINUOUS
10
0.6965031102362205
20
0.5293006692913386
11
0.6956884645669291
21
0.5284860236220472
0
LINE
8
BLACK
6
CONTINUOUS
10
0.6956884645669291
20
0.5284860236220472
11
0.6946240551181102
21
0.5280451181102362
0
LINE
8
BLACK
6
CONTINUOUS
10
0.6946240551181102
20
0.5280451181102362
11
0.6940479921259842
21
0.5279883858267717
0
LINE
8
BLACK
6
CONTINUOUS
10
0.6940479921259842
20
0.5279883858267717
11
0.6678012598425197
21
0.5279883858267717
0
LINE
8
BLACK
6
CONTINUOUS
10
0.6678012598425197
20
0.5279883858267717
11
0.6672251968503937
21
0.5280451181102362
0
LINE
8
BLACK
6
CONTINUOUS
10
0.6672251968503937
20
0.5280451181102362
11
0.6661607874015748
21
0.5284860236220472
0
LINE
8
BLACK
6
CONTINUOUS
10
0.6661607874015748
20
0.5284860236220472
11
0.6653461417322835
21
0.5293006692913386
0
LINE
8
BLACK
6
CONTINUOUS
10
0.6653461417322835
20
0.5293006692913386
11
0.6649052362204724
21
0.5303650787401575
0
LINE
8
BLACK
6
CONTINUOUS
10
0.6649052362204724
20
0.5303650787401575
11
0.6649052362204724
21
0.5315172047244094
0
LINE
8
BLACK
6
CONTINUOUS
10
0.6649052362204724
20
0.5315172047244094
11
0.6653461417322835
21
0.5325816141732284
0
LINE
8
BLACK
6
CONTINUOUS
10
0.6653461417322835
20
0.5325816141732284
11
0.6661607874015748
21
0.5333962598425197
0
LINE
8
BLACK
6
CONTINUOUS
10
0.6661607874015748
20
0.5333962598425197
11
0.6672251968503937
21
0.5338371653543307
0
LINE
8
BLACK
6
CONTINUOUS
10
0.6672251968503937
20
0.5338371653543307
11
0.6678012598425197
21
0.5338938976377953
0
LINE
8
BLACK
6
CONTINUOUS
10
0.6678012598425197
20
0.5338938976377953
11
0.6890753543307087
21
0.5338938976377953
0
LINE
8
BLACK
6
CONTINUOUS
10
0.6890753543307087
20
0.5338938976377953
11
0.6897464960629921
21
0.5345650393700787
0
LINE
8
BLACK
6
CONTINUOUS
10
0.6897464960629921
20
0.5345650393700787
11
0.6910952362204724
21
0.5372624803149606
0
LINE
8
BLACK
6
CONTINUOUS
10
0.6910952362204724
20
0.5372624803149606
11
0.6910952362204724
21
0.5414926771653543
0
LINE
8
BLACK
6
CONTINUOUS
10
0.6910952362204724
20
0.5414926771653543
11
0.6899723622047244
21
0.5437384251968503
0
LINE
8
BLACK
6
CONTINUOUS
10
0.6899723622047244
20
0.5437384251968503
11
0.6877266141732283
21
0.5448612598425197
0
LINE
8
BLACK
6
CONTINUOUS
10
0.6877266141732283
20
0.5448612598425197
11
0.6678012598425197
21
0.5448612598425197
0
LINE
8
BLACK
6
CONTINUOUS
10
0.6678012598425197
20
0.5448612598425197
11
0.6672251968503937
21
0.5449179921259842
0
LINE
8
BLACK
6
CONTINUOUS
10
0.6672251968503937
20
0.5449179921259842
11
0.6661607874015748
21
0.5453588976377952
0
LINE
8
BLACK
6
CONTINUOUS
10
0.6661607874015748
20
0.5453588976377952
11
0.6653461417322835
21
0.5461735433070866
0
LINE
8
BLACK
6
CONTINUOUS
10
0.6653461417322835
20
0.5461735433070866
11
0.6649052362204724
21
0.5472379527559055
0
LINE
8
BLACK
6
CONTINUOUS
10
0.6649052362204724
20
0.5472379527559055
11
0.6649052362204724
21
0.5483900787401574
0
LINE
8
BLACK
6
CONTINUOUS
10
0.6649052362204724
20
0.5483900787401574
11
0.6653461417322835
21
0.5494544881889764
0
LINE
8
BLACK
6
CONTINUOUS
10
0.6653461417322835
20
0.5494544881889764
11
0.6661607874015748
21
0.5502691338582677
0
LINE
8
BLACK
6
CONTINUOUS
10
0.6661607874015748
20
0.5502691338582677
11
0.6672251968503937
21
0.5507100393700787
0
LINE
8
BLACK
6
CONTINUOUS
10
0.6672251968503937
20
0.5507100393700787
11
0.6678012598425197
21
0.5507667716535433
0
LINE
8
BLACK
6
CONTINUOUS
10
0.6678012598425197
20
0.5507667716535433
11
0.6884236614173228
21
0.5507667716535433
0
LINE
8
BLACK
6
CONTINUOUS
10
0.6884236614173228
20
0.5507667716535433
11
0.6889997244094488
21
0.5507100393700787
0
LINE
8
BLACK
6
CONTINUOUS
10
0.1055485826771654
20
0.5647093307086614
11
0.1063632283464567
21
0.56389468503937
0
LINE
8
BLACK
6
CONTINUOUS
10
0.1063632283464567
20
0.56389468503937
11
0.1068041338582677
21
0.5628302755905512
0
LINE
8
BLACK
6
CONTINUOUS
10
0.1068041338582677
20
0.5628302755905512
11
0.1068608661417323
21
0.5622542125984252
0
LINE
8
BLACK
6
CONTINUOUS
10
0.1068608661417323
20
0.5622542125984252
11
0.1068608661417323
21
0.5322579527559055
0
LINE
8
BLACK
6
CONTINUOUS
10
0.1068608661417323
20
0.5322579527559055
11
0.1068041338582677
21
0.5316818897637795
0
LINE
8
BLACK
6
CONTINUOUS
10
0.1068041338582677
20
0.5316818897637795
11
0.1063632283464567
21
0.5306174803149606
0
LINE
8
BLACK
6
CONTINUOUS
10
0.1063632283464567
20
0.5306174803149606
11
0.1055485826771654
21
0.5298028346456692
0
LINE
8
BLACK
6
CONTINUOUS
10
0.1055485826771654
20
0.5298028346456692
11
0.1044841732283465
21
0.5293619291338583
0
LINE
8
BLACK
6
CONTINUOUS
10
0.1044841732283465
20
0.5293619291338583
11
0.1033320472440945
21
0.5293619291338583
0
LINE
8
BLACK
6
CONTINUOUS
10
0.1033320472440945
20
0.5293619291338583
11
0.1022676377952756
21
0.5298028346456692
0
LINE
8
BLACK
6
CONTINUOUS
10
0.1022676377952756
20
0.5298028346456692
11
0.1014529921259843
21
0.5306174803149606
0
LINE
8
BLACK
6
CONTINUOUS
10
0.1014529921259843
20
0.5306174803149606
11
0.1010120866141732
21
0.5316818897637795
0
LINE
8
BLACK
6
CONTINUOUS
10
0.1010120866141732
20
0.5316818897637795
11
0.1009553543307087
21
0.5322579527559055
0
LINE
8
BLACK
6
CONTINUOUS
10
0.1009553543307087
20
0.5322579527559055
11
0.1009553543307087
21
0.5622542125984252
0
LINE
8
BLACK
6
CONTINUOUS
10
0.1009553543307087
20
0.5622542125984252
11
0.1010120866141732
21
0.5628302755905512
0
LINE
8
BLACK
6
CONTINUOUS
10
0.1010120866141732
20
0.5628302755905512
11
0.1014529921259843
21
0.56389468503937
0
LINE
8
BLACK
6
CONTINUOUS
10
0.1014529921259843
20
0.56389468503937
11
0.1022676377952756
21
0.5647093307086614
0
LINE
8
BLACK
6
CONTINUOUS
10
0.1022676377952756
20
0.5647093307086614
11
0.1033320472440945
21
0.5651502362204724
0
LINE
8
BLACK
6
CONTINUOUS
10
0.1033320472440945
20
0.5651502362204724
11
0.1044841732283465
21
0.5651502362204724
0
LINE
8
BLACK
6
CONTINUOUS
10
0.1044841732283465
20
0.5651502362204724
11
0.1055485826771654
21
0.5647093307086614
0
LINE
8
BLACK
6
CONTINUOUS
10
0.6791503543307087
20
0.590126968503937
11
0.6791933858267717
21
0.5901333464566929
0
LINE
8
BLACK
6
CONTINUOUS
10
0.6791933858267717
20
0.5901333464566929
11
0.6794088582677165
21
0.5901014960629921
0
LINE
8
BLACK
6
CONTINUOUS
10
0.6794088582677165
20
0.5901014960629921
11
0.679625905511811
21
0.5900801181102362
0
LINE
8
BLACK
6
CONTINUOUS
10
0.679625905511811
20
0.5900801181102362
11
0.6796661023622047
21
0.5900635039370079
0
LINE
8
BLACK
6
CONTINUOUS
10
0.6796661023622047
20
0.5900635039370079
11
0.6797659842519684
21
0.5900487007874016
0
LINE
8
BLACK
6
CONTINUOUS
10
0.6797659842519684
20
0.5900487007874016
11
0.6872650393700788
21
0.588173937007874
0
LINE
8
BLACK
6
CONTINUOUS
10
0.6872650393700788
20
0.588173937007874
11
0.6873075196850393
21
0.588158779527559
0
LINE
8
BLACK
6
CONTINUOUS
10
0.6873075196850393
20
0.588158779527559
11
0.687328779527559
21
0.5881572440944882
0
LINE
8
BLACK
6
CONTINUOUS
10
0.687328779527559
20
0.5881572440944882
11
0.6875681889763779
21
0.5880656299212599
0
LINE
8
BLACK
6
CONTINUOUS
10
0.6875681889763779
20
0.5880656299212599
11
0.6878101574803149
21
0.5879791732283465
0
LINE
8
BLACK
6
CONTINUOUS
10
0.6878101574803149
20
0.5879791732283465
11
0.6878272834645669
21
0.5879664960629921
0
LINE
8
BLACK
6
CONTINUOUS
10
0.6878272834645669
20
0.5879664960629921
11
0.6878694094488189
21
0.5879503543307086
0
LINE
8
BLACK
6
CONTINUOUS
10
0.6878694094488189
20
0.5879503543307086
11
0.691618937007874
21
0.5860755905511811
0
LINE
8
BLACK
6
CONTINUOUS
10
0.691618937007874
20
0.5860755905511811
11
0.691866811023622
21
0.5859195669291338
0
LINE
8
BLACK
6
CONTINUOUS
10
0.691866811023622
20
0.5859195669291338
11
0.6919388582677165
21
0.5858897244094488
0
LINE
8
BLACK
6
CONTINUOUS
10
0.6919388582677165
20
0.5858897244094488
11
0.6920198818897637
21
0.5858232283464567
0
LINE
8
BLACK
6
CONTINUOUS
10
0.6920198818897637
20
0.5858232283464567
11
0.6921088188976378
21
0.5857672440944882
0
LINE
8
BLACK
6
CONTINUOUS
10
0.6921088188976378
20
0.5857672440944882
11
0.6921599606299212
21
0.5857082677165354
0
LINE
8
BLACK
6
CONTINUOUS
10
0.6921599606299212
20
0.5857082677165354
11
0.6923862992125984
21
0.5855225196850393
0
LINE
8
BLACK
6
CONTINUOUS
10
0.6923862992125984
20
0.5855225196850393
11
0.6942611023622047
21
0.5836477559055118
0
LINE
8
BLACK
6
CONTINUOUS
10
0.6942611023622047
20
0.5836477559055118
11
0.6944468503937008
21
0.5834214173228346
0
LINE
8
BLACK
6
CONTINUOUS
10
0.6944468503937008
20
0.5834214173228346
11
0.694505905511811
21
0.5833701968503937
0
LINE
8
BLACK
6
CONTINUOUS
10
0.694505905511811
20
0.5833701968503937
11
0.6945618897637795
21
0.5832812598425197
0
LINE
8
BLACK
6
CONTINUOUS
10
0.6945618897637795
20
0.5832812598425197
11
0.6946283464566929
21
0.5832002755905512
0
LINE
8
BLACK
6
CONTINUOUS
10
0.6946283464566929
20
0.5832002755905512
11
0.6946581496062992
21
0.5831283464566929
0
LINE
8
BLACK
6
CONTINUOUS
10
0.6946581496062992
20
0.5831283464566929
11
0.6948142519685039
21
0.5828803149606299
0
LINE
8
BLACK
6
CONTINUOUS
10
0.6948142519685039
20
0.5828803149606299
11
0.6966890157480314
21
0.5791307874015748
0
LINE
8
BLACK
6
CONTINUOUS
10
0.6966890157480314
20
0.5791307874015748
11
0.696895905511811
21
0.5785901968503937
0
LINE
8
BLACK
6
CONTINUOUS
10
0.696895905511811
20
0.5785901968503937
11
0.6969034251968503
21
0.5784843307086615
0
LINE
8
BLACK
6
CONTINUOUS
10
0.6969034251968503
20
0.5784843307086615
11
0.6969440157480314
21
0.5783863385826772
0
LINE
8
BLACK
6
CONTINUOUS
10
0.6969440157480314
20
0.5783863385826772
11
0.697000748031496
21
0.5778102755905512
0
LINE
8
BLACK
6
CONTINUOUS
10
0.697000748031496
20
0.5778102755905512
11
0.697000748031496
21
0.5740607480314961
0
LINE
8
BLACK
6
CONTINUOUS
10
0.697000748031496
20
0.5740607480314961
11
0.6969440157480314
21
0.5734846850393701
0
LINE
8
BLACK
6
CONTINUOUS
10
0.6969440157480314
20
0.5734846850393701
11
0.6969034251968503
21
0.5733867322834646
0
LINE
8
BLACK
6
CONTINUOUS
10
0.6969034251968503
20
0.5733867322834646
11
0.696895905511811
21
0.5732808267716535
0
LINE
8
BLACK
6
CONTINUOUS
10
0.696895905511811
20
0.5732808267716535
11
0.6966890157480314
21
0.5727402362204724
0
LINE
8
BLACK
6
CONTINUOUS
10
0.6966890157480314
20
0.5727402362204724
11
0.6948142519685039
21
0.5689907086614173
0
LINE
8
BLACK
6
CONTINUOUS
10
0.6948142519685039
20
0.5689907086614173
11
0.6946581496062992
21
0.5687427165354331
0
LINE
8
BLACK
6
CONTINUOUS
10
0.6946581496062992
20
0.5687427165354331
11
0.6946283464566929
21
0.5686707480314961
0
LINE
8
BLACK
6
CONTINUOUS
10
0.6946283464566929
20
0.5686707480314961
11
0.6945618897637795
21
0.5685898031496063
0
LINE
8
BLACK
6
CONTINUOUS
10
0.6945618897637795
20
0.5685898031496063
11
0.694505905511811
21
0.5685008267716535
0
LINE
8
BLACK
6
CONTINUOUS
10
0.694505905511811
20
0.5685008267716535
11
0.6944468503937008
21
0.5684496456692913
0
LINE
8
BLACK
6
CONTINUOUS
10
0.6944468503937008
20
0.5684496456692913
11
0.6942611023622047
21
0.5682232677165354
0
LINE
8
BLACK
6
CONTINUOUS
10
0.6942611023622047
20
0.5682232677165354
11
0.6923862992125984
21
0.5663485039370079
0
LINE
8
BLACK
6
CONTINUOUS
10
0.6923862992125984
20
0.5663485039370079
11
0.6921599606299212
21
0.5661627952755905
0
LINE
8
BLACK
6
CONTINUOUS
10
0.6921599606299212
20
0.5661627952755905
11
0.6921088188976378
21
0.5661037795275591
0
LINE
8
BLACK
6
CONTINUOUS
10
0.6921088188976378
20
0.5661037795275591
11
0.6920198818897637
21
0.5660478346456693
0
LINE
8
BLACK
6
CONTINUOUS
10
0.6920198818897637
20
0.5660478346456693
11
0.6919388582677165
21
0.5659812992125984
0
LINE
8
BLACK
6
CONTINUOUS
10
0.6919388582677165
20
0.5659812992125984
11
0.691866811023622
21
0.5659514960629921
0
LINE
8
BLACK
6
CONTINUOUS
10
0.691866811023622
20
0.5659514960629921
11
0.691618937007874
21
0.5657954330708661
0
LINE
8
BLACK
6
CONTINUOUS
10
0.691618937007874
20
0.5657954330708661
11
0.6878694094488189
21
0.5639206692913385
0
LINE
8
BLACK
6
CONTINUOUS
10
0.6878694094488189
20
0.5639206692913385
11
0.6878272834645669
21
0.5639045669291338
0
LINE
8
BLACK
6
CONTINUOUS
10
0.6878272834645669
20
0.5639045669291338
11
0.6878101574803149
21
0.5638918503937008
0
LINE
8
BLACK
6
CONTINUOUS
10
0.6878101574803149
20
0.5638918503937008
11
0.6875681889763779
21
0.5638054330708662
0
LINE
8
BLACK
6
CONTINUOUS
10
0.6875681889763779
20
0.5638054330708662
11
0.687328779527559
21
0.5637137795275591
0
LINE
8
BLACK
6
CONTINUOUS
10
0.687328779527559
20
0.5637137795275591
11
0.6873075196850393
21
0.5637122834645669
0
LINE
8
BLACK
6
CONTINUOUS
10
0.6873075196850393
20
0.5637122834645669
11
0.6872650393700788
21
0.5636970866141732
0
LINE
8
BLACK
6
CONTINUOUS
10
0.6872650393700788
20
0.5636970866141732
11
0.6797659842519684
21
0.5618223228346456
0
LINE
8
BLACK
6
CONTINUOUS
10
0.6797659842519684
20
0.5618223228346456
11
0.6796661023622047
21
0.5618075590551181
0
LINE
8
BLACK
6
CONTINUOUS
10
0.6796661023622047
20
0.5618075590551181
11
0.679625905511811
21
0.561790905511811
0
LINE
8
BLACK
6
CONTINUOUS
10
0.679625905511811
20
0.561790905511811
11
0.6794088582677165
21
0.5617695669291338
0
LINE
8
BLACK
6
CONTINUOUS
10
0.6794088582677165
20
0.5617695669291338
11
0.6791933858267717
21
0.5617376771653543
0
LINE
8
BLACK
6
CONTINUOUS
10
0.6791933858267717
20
0.5617376771653543
11
0.6791503543307087
21
0.561744094488189
0
LINE
8
BLACK
6
CONTINUOUS
10
0.6791503543307087
20
0.561744094488189
11
0.679049842519685
21
0.5617341732283464
0
LINE
8
BLACK
6
CONTINUOUS
10
0.679049842519685
20
0.5617341732283464
11
0.6696760236220473
21
0.5617341732283464
0
LINE
8
BLACK
6
CONTINUOUS
10
0.6696760236220473
20
0.5617341732283464
11
0.6695754724409448
21
0.561744094488189
0
LINE
8
BLACK
6
CONTINUOUS
10
0.6695754724409448
20
0.561744094488189
11
0.6695324803149606
21
0.5617376771653543
0
LINE
8
BLACK
6
CONTINUOUS
10
0.6695324803149606
20
0.5617376771653543
11
0.669316968503937
21
0.5617695669291338
0
LINE
8
BLACK
6
CONTINUOUS
10
0.669316968503937
20
0.5617695669291338
11
0.6690999606299213
21
0.561790905511811
0
LINE
8
BLACK
6
CONTINUOUS
10
0.6690999606299213
20
0.561790905511811
11
0.6690597244094488
21
0.5618075590551181
0
LINE
8
BLACK
6
CONTINUOUS
10
0.6690597244094488
20
0.5618075590551181
11
0.6689598818897637
21
0.5618223228346456
0
LINE
8
BLACK
6
CONTINUOUS
10
0.6689598818897637
20
0.5618223228346456
11
0.6614608267716535
21
0.5636970866141732
0
LINE
8
BLACK
6
CONTINUOUS
10
0.6614608267716535
20
0.5636970866141732
11
0.6614183070866142
21
0.5637122834645669
0
LINE
8
BLACK
6
CONTINUOUS
10
0.6614183070866142
20
0.5637122834645669
11
0.6613970472440944
21
0.5637137795275591
0
LINE
8
BLACK
6
CONTINUOUS
10
0.6613970472440944
20
0.5637137795275591
11
0.6611572834645669
21
0.5638055511811023
0
LINE
8
BLACK
6
CONTINUOUS
10
0.6611572834645669
20
0.5638055511811023
11
0.6609157086614174
21
0.5638918503937008
0
LINE
8
BLACK
6
CONTINUOUS
10
0.6609157086614174
20
0.5638918503937008
11
0.6608985433070866
21
0.5639045669291338
0
LINE
8
BLACK
6
CONTINUOUS
10
0.6608985433070866
20
0.5639045669291338
11
0.6608564566929134
21
0.5639206692913385
0
LINE
8
BLACK
6
CONTINUOUS
10
0.6608564566929134
20
0.5639206692913385
11
0.6571069291338583
21
0.5657954330708661
0
LINE
8
BLACK
6
CONTINUOUS
10
0.6571069291338583
20
0.5657954330708661
11
0.6568588976377953
21
0.5659515354330709
0
LINE
8
BLACK
6
CONTINUOUS
10
0.6568588976377953
20
0.5659515354330709
11
0.656786968503937
21
0.5659813385826772
0
LINE
8
BLACK
6
CONTINUOUS
10
0.656786968503937
20
0.5659813385826772
11
0.6567059842519685
21
0.5660478346456693
0
LINE
8
BLACK
6
CONTINUOUS
10
0.6567059842519685
20
0.5660478346456693
11
0.6566170472440944
21
0.5661037795275591
0
LINE
8
BLACK
6
CONTINUOUS
10
0.6566170472440944
20
0.5661037795275591
11
0.6565658661417323
21
0.5661627952755905
0
LINE
8
BLACK
6
CONTINUOUS
10
0.6565658661417323
20
0.5661627952755905
11
0.6563395275590551
21
0.5663485433070866
0
LINE
8
BLACK
6
CONTINUOUS
10
0.6563395275590551
20
0.5663485433070866
11
0.6544647637795276
21
0.5682233070866142
0
LINE
8
BLACK
6
CONTINUOUS
10
0.6544647637795276
20
0.5682233070866142
11
0.6542789763779527
21
0.5684496850393701
0
LINE
8
BLACK
6
CONTINUOUS
10
0.6542789763779527
20
0.5684496850393701
11
0.65422
21
0.5685008267716535
0
LINE
8
BLACK
6
CONTINUOUS
10
0.65422
20
0.5685008267716535
11
0.6541640157480315
21
0.5685898031496063
0
LINE
8
BLACK
6
CONTINUOUS
10
0.6541640157480315
20
0.5685898031496063
11
0.6540975590551181
21
0.5686707480314961
0
LINE
8
BLACK
6
CONTINUOUS
10
0.6540975590551181
20
0.5686707480314961
11
0.6540677165354331
21
0.5687427165354331
0
LINE
8
BLACK
6
CONTINUOUS
10
0.6540677165354331
20
0.5687427165354331
11
0.653911653543307
21
0.5689907086614173
0
LINE
8
BLACK
6
CONTINUOUS
10
0.653911653543307
20
0.5689907086614173
11
0.6520368897637795
21
0.5727402362204724
0
LINE
8
BLACK
6
CONTINUOUS
10
0.6520368897637795
20
0.5727402362204724
11
0.65183
21
0.5732808661417322
0
LINE
8
BLACK
6
CONTINUOUS
10
0.65183
20
0.5732808661417322
11
0.6518224803149606
21
0.5733866929133858
0
LINE
8
BLACK
6
CONTINUOUS
10
0.6518224803149606
20
0.5733866929133858
11
0.6517818897637795
21
0.5734846850393701
0
LINE
8
BLACK
6
CONTINUOUS
10
0.6517818897637795
20
0.5734846850393701
11
0.6517251574803149
21
0.5740607480314961
0
LINE
8
BLACK
6
CONTINUOUS
10
0.6517251574803149
20
0.5740607480314961
11
0.6517251574803149
21
0.5778102755905512
0
LINE
8
BLACK
6
CONTINUOUS
10
0.6517251574803149
20
0.5778102755905512
11
0.6517818897637795
21
0.5783863385826772
0
LINE
8
BLACK
6
CONTINUOUS
10
0.6517818897637795
20
0.5783863385826772
11
0.6518224803149606
21
0.5784843700787401
0
LINE
8
BLACK
6
CONTINUOUS
10
0.6518224803149606
20
0.5784843700787401
11
0.65183
21
0.5785901574803149
0
LINE
8
BLACK
6
CONTINUOUS
10
0.65183
20
0.5785901574803149
11
0.6520368897637795
21
0.5791307874015748
0
LINE
8
BLACK
6
CONTINUOUS
10
0.6520368897637795
20
0.5791307874015748
11
0.653911653543307
21
0.5828803149606299
0
LINE
8
BLACK
6
CONTINUOUS
10
0.653911653543307
20
0.5828803149606299
11
0.6540677165354331
21
0.5831283464566929
0
LINE
8
BLACK
6
CONTINUOUS
10
0.6540677165354331
20
0.5831283464566929
11
0.6540975590551181
21
0.5832002755905512
0
LINE
8
BLACK
6
CONTINUOUS
10
0.6540975590551181
20
0.5832002755905512
11
0.6541640157480315
21
0.5832812598425197
0
LINE
8
BLACK
6
CONTINUOUS
10
0.6541640157480315
20
0.5832812598425197
11
0.65422
21
0.5833701968503937
0
LINE
8
BLACK
6
CONTINUOUS
10
0.65422
20
0.5833701968503937
11
0.6542789763779527
21
0.5834213779527558
0
LINE
8
BLACK
6
CONTINUOUS
10
0.6542789763779527
20
0.5834213779527558
11
0.6544647637795276
21
0.583647716535433
0
LINE
8
BLACK
6
CONTINUOUS
10
0.6544647637795276
20
0.583647716535433
11
0.6563395275590551
21
0.5855224803149606
0
LINE
8
BLACK
6
CONTINUOUS
10
0.6563395275590551
20
0.5855224803149606
11
0.6565658661417323
21
0.5857082677165354
0
LINE
8
BLACK
6
CONTINUOUS
10
0.6565658661417323
20
0.5857082677165354
11
0.6566170472440944
21
0.5857672440944882
0
LINE
8
BLACK
6
CONTINUOUS
10
0.6566170472440944
20
0.5857672440944882
11
0.6567059842519685
21
0.5858232283464567
0
LINE
8
BLACK
6
CONTINUOUS
10
0.6567059842519685
20
0.5858232283464567
11
0.656786968503937
21
0.5858896850393701
0
LINE
8
BLACK
6
CONTINUOUS
10
0.656786968503937
20
0.5858896850393701
11
0.6568588976377953
21
0.5859195275590551
0
LINE
8
BLACK
6
CONTINUOUS
10
0.6568588976377953
20
0.5859195275590551
11
0.6571069291338583
21
0.5860755905511811
0
LINE
8
BLACK
6
CONTINUOUS
10
0.6571069291338583
20
0.5860755905511811
11
0.6608564566929134
21
0.5879503543307086
0
LINE
8
BLACK
6
CONTINUOUS
10
0.6608564566929134
20
0.5879503543307086
11
0.6608985433070866
21
0.5879664960629921
0
LINE
8
BLACK
6
CONTINUOUS
10
0.6608985433070866
20
0.5879664960629921
11
0.6609157086614174
21
0.5879791732283465
0
LINE
8
BLACK
6
CONTINUOUS
10
0.6609157086614174
20
0.5879791732283465
11
0.6611572834645669
21
0.5880655118110236
0
LINE
8
BLACK
6
CONTINUOUS
10
0.6611572834645669
20
0.5880655118110236
11
0.6613970472440944
21
0.5881572440944882
0
LINE
8
BLACK
6
CONTINUOUS
10
0.6613970472440944
20
0.5881572440944882
11
0.6614183070866142
21
0.588158779527559
0
LINE
8
BLACK
6
CONTINUOUS
10
0.6614183070866142
20
0.588158779527559
11
0.6614608267716535
21
0.588173937007874
0
LINE
8
BLACK
6
CONTINUOUS
10
0.6614608267716535
20
0.588173937007874
11
0.6689598818897637
21
0.5900487007874016
0
LINE
8
BLACK
6
CONTINUOUS
10
0.6689598818897637
20
0.5900487007874016
11
0.6690597244094488
21
0.5900635039370079
0
LINE
8
BLACK
6
CONTINUOUS
10
0.6690597244094488
20
0.5900635039370079
11
0.6690999606299213
21
0.5900801181102362
0
LINE
8
BLACK
6
CONTINUOUS
10
0.6690999606299213
20
0.5900801181102362
11
0.669316968503937
21
0.5901014960629921
0
LINE
8
BLACK
6
CONTINUOUS
10
0.669316968503937
20
0.5901014960629921
11
0.6695324803149606
21
0.5901333464566929
0
LINE
8
BLACK
6
CONTINUOUS
10
0.6695324803149606
20
0.5901333464566929
11
0.6695754724409448
21
0.590126968503937
0
LINE
8
BLACK
6
CONTINUOUS
10
0.6695754724409448
20
0.590126968503937
11
0.6696760236220473
21
0.5901368503937008
0
LINE
8
BLACK
6
CONTINUOUS
10
0.6696760236220473
20
0.5901368503937008
11
0.679049842519685
21
0.5901368503937008
0
LINE
8
BLACK
6
CONTINUOUS
10
0.679049842519685
20
0.5901368503937008
11
0.6791503543307087
21
0.590126968503937
0
LINE
8
BLACK
6
CONTINUOUS
10
0.6632075196850393
20
0.5825233464566929
11
0.6601765354330709
21
0.5810078346456693
0
LINE
8
BLACK
6
CONTINUOUS
10
0.6601765354330709
20
0.5810078346456693
11
0.6589794094488188
21
0.5798107086614173
0
LINE
8
BLACK
6
CONTINUOUS
10
0.6589794094488188
20
0.5798107086614173
11
0.6576306692913386
21
0.5771132283464567
0
LINE
8
BLACK
6
CONTINUOUS
10
0.6576306692913386
20
0.5771132283464567
11
0.6576306692913386
21
0.5747577952755906
0
LINE
8
BLACK
6
CONTINUOUS
10
0.6576306692913386
20
0.5747577952755906
11
0.6589794094488188
21
0.5720603149606299
0
LINE
8
BLACK
6
CONTINUOUS
10
0.6589794094488188
20
0.5720603149606299
11
0.6601765354330709
21
0.5708631889763779
0
LINE
8
BLACK
6
CONTINUOUS
10
0.6601765354330709
20
0.5708631889763779
11
0.6632075196850393
21
0.569347716535433
0
LINE
8
BLACK
6
CONTINUOUS
10
0.6632075196850393
20
0.569347716535433
11
0.6700395669291338
21
0.56763968503937
0
LINE
8
BLACK
6
CONTINUOUS
10
0.6700395669291338
20
0.56763968503937
11
0.6786862992125984
21
0.56763968503937
0
LINE
8
BLACK
6
CONTINUOUS
10
0.6786862992125984
20
0.56763968503937
11
0.6855183464566929
21
0.569347716535433
0
LINE
8
BLACK
6
CONTINUOUS
10
0.6855183464566929
20
0.569347716535433
11
0.6885493307086614
21
0.5708632283464566
0
LINE
8
BLACK
6
CONTINUOUS
10
0.6885493307086614
20
0.5708632283464566
11
0.6897464960629921
21
0.5720603543307087
0
LINE
8
BLACK
6
CONTINUOUS
10
0.6897464960629921
20
0.5720603543307087
11
0.6910952362204724
21
0.5747577952755906
0
LINE
8
BLACK
6
CONTINUOUS
10
0.6910952362204724
20
0.5747577952755906
11
0.6910952362204724
21
0.5771132283464567
0
LINE
8
BLACK
6
CONTINUOUS
10
0.6910952362204724
20
0.5771132283464567
11
0.6897464960629921
21
0.5798107086614173
0
LINE
8
BLACK
6
CONTINUOUS
10
0.6897464960629921
20
0.5798107086614173
11
0.6885493307086614
21
0.5810078346456693
0
LINE
8
BLACK
6
CONTINUOUS
10
0.6885493307086614
20
0.5810078346456693
11
0.6855183464566929
21
0.5825233464566929
0
LINE
8
BLACK
6
CONTINUOUS
10
0.6855183464566929
20
0.5825233464566929
11
0.6786862992125984
21
0.5842313385826772
0
LINE
8
BLACK
6
CONTINUOUS
10
0.6786862992125984
20
0.5842313385826772
11
0.6700395669291338
21
0.5842313385826772
0
LINE
8
BLACK
6
CONTINUOUS
10
0.6700395669291338
20
0.5842313385826772
11
0.6632075196850393
21
0.5825233464566929
0
LINE
8
BLACK
6
CONTINUOUS
10
0.1521394488188976
20
0.5944114566929134
11
0.1531699606299212
21
0.5938961811023622
0
LINE
8
BLACK
6
CONTINUOUS
10
0.1531699606299212
20
0.5938961811023622
11
0.1539248031496063
21
0.5930258267716535
0
LINE
8
BLACK
6
CONTINUOUS
10
0.1539248031496063
20
0.5930258267716535
11
0.1542891338582677
21
0.5919328346456693
0
LINE
8
BLACK
6
CONTINUOUS
10
0.1542891338582677
20
0.5919328346456693
11
0.1542074803149606
21
0.5907836220472441
0
LINE
8
BLACK
6
CONTINUOUS
10
0.1542074803149606
20
0.5907836220472441
11
0.1540005905511811
21
0.5902430314960629
0
LINE
8
BLACK
6
CONTINUOUS
10
0.1540005905511811
20
0.5902430314960629
11
0.1521258267716535
21
0.5864935039370078
0
LINE
8
BLACK
6
CONTINUOUS
10
0.1521258267716535
20
0.5864935039370078
11
0.1519698031496063
21
0.5862457086614173
0
LINE
8
BLACK
6
CONTINUOUS
10
0.1519698031496063
20
0.5862457086614173
11
0.1519399606299213
21
0.5861735433070866
0
LINE
8
BLACK
6
CONTINUOUS
10
0.1519399606299213
20
0.5861735433070866
11
0.1518733464566929
21
0.5860924015748031
0
LINE
8
BLACK
6
CONTINUOUS
10
0.1518733464566929
20
0.5860924015748031
11
0.1518174803149606
21
0.5860036220472441
0
LINE
8
BLACK
6
CONTINUOUS
10
0.1518174803149606
20
0.5860036220472441
11
0.1517585433070866
21
0.5859525196850394
0
LINE
8
BLACK
6
CONTINUOUS
10
0.1517585433070866
20
0.5859525196850394
11
0.1515727165354331
21
0.5857261023622047
0
LINE
8
BLACK
6
CONTINUOUS
10
0.1515727165354331
20
0.5857261023622047
11
0.1491143307086614
21
0.5832677165354331
0
LINE
8
BLACK
6
CONTINUOUS
10
0.1491143307086614
20
0.5832677165354331
11
0.1765283070866142
21
0.5832677165354331
0
LINE
8
BLACK
6
CONTINUOUS
10
0.1765283070866142
20
0.5832677165354331
11
0.1765283070866142
21
0.5915635433070866
0
LINE
8
BLACK
6
CONTINUOUS
10
0.1765283070866142
20
0.5915635433070866
11
0.1765850393700787
21
0.5921396062992126
0
LINE
8
BLACK
6
CONTINUOUS
10
0.1765850393700787
20
0.5921396062992126
11
0.1770259448818897
21
0.5932040157480315
0
LINE
8
BLACK
6
CONTINUOUS
10
0.1770259448818897
20
0.5932040157480315
11
0.1778405905511811
21
0.5940186614173228
0
LINE
8
BLACK
6
CONTINUOUS
10
0.1778405905511811
20
0.5940186614173228
11
0.178905
21
0.5944595669291338
0
LINE
8
BLACK
6
CONTINUOUS
10
0.178905
20
0.5944595669291338
11
0.180057125984252
21
0.5944595669291338
0
LINE
8
BLACK
6
CONTINUOUS
10
0.180057125984252
20
0.5944595669291338
11
0.1811215354330709
21
0.5940186614173228
0
LINE
8
BLACK
6
CONTINUOUS
10
0.1811215354330709
20
0.5940186614173228
11
0.1819361811023622
21
0.5932040157480315
0
LINE
8
BLACK
6
CONTINUOUS
10
0.1819361811023622
20
0.5932040157480315
11
0.1823770866141732
21
0.5921396062992126
0
LINE
8
BLACK
6
CONTINUOUS
10
0.1823770866141732
20
0.5921396062992126
11
0.1824338188976378
21
0.5915635433070866
0
LINE
8
BLACK
6
CONTINUOUS
10
0.1824338188976378
20
0.5915635433070866
11
0.1824338188976378
21
0.5690663779527559
0
LINE
8
BLACK
6
CONTINUOUS
10
0.1824338188976378
20
0.5690663779527559
11
0.1823770866141732
21
0.56849031496063
0
LINE
8
BLACK
6
CONTINUOUS
10
0.1823770866141732
20
0.56849031496063
11
0.1819361811023622
21
0.567425905511811
0
LINE
8
BLACK
6
CONTINUOUS
10
0.1819361811023622
20
0.567425905511811
11
0.1811215354330709
21
0.5666112598425197
0
LINE
8
BLACK
6
CONTINUOUS
10
0.1811215354330709
20
0.5666112598425197
11
0.180057125984252
21
0.5661703543307086
0
LINE
8
BLACK
6
CONTINUOUS
10
0.180057125984252
20
0.5661703543307086
11
0.178905
21
0.5661703543307086
0
LINE
8
BLACK
6
CONTINUOUS
10
0.178905
20
0.5661703543307086
11
0.1778405905511811
21
0.5666112598425197
0
LINE
8
BLACK
6
CONTINUOUS
10
0.1778405905511811
20
0.5666112598425197
11
0.1770259448818897
21
0.567425905511811
0
LINE
8
BLACK
6
CONTINUOUS
10
0.1770259448818897
20
0.567425905511811
11
0.1765850393700787
21
0.56849031496063
0
LINE
8
BLACK
6
CONTINUOUS
10
0.1765850393700787
20
0.56849031496063
11
0.1765283070866142
21
0.5690663779527559
0
LINE
8
BLACK
6
CONTINUOUS
10
0.1765283070866142
20
0.5690663779527559
11
0.1765283070866142
21
0.5773622047244095
0
LINE
8
BLACK
6
CONTINUOUS
10
0.1765283070866142
20
0.5773622047244095
11
0.1401109842519685
21
0.5773622047244095
0
LINE
8
BLACK
6
CONTINUOUS
10
0.1401109842519685
20
0.5773622047244095
11
0.1401088976377953
21
0.5773624409448819
0
LINE
8
BLACK
6
CONTINUOUS
10
0.1401088976377953
20
0.5773624409448819
11
0.140107874015748
21
0.5773622047244095
0
LINE
8
BLACK
6
CONTINUOUS
10
0.140107874015748
20
0.5773622047244095
11
0.140104842519685
21
0.5773628346456693
0
LINE
8
BLACK
6
CONTINUOUS
10
0.140104842519685
20
0.5773628346456693
11
0.1395349212598425
21
0.5774189370078741
0
LINE
8
BLACK
6
CONTINUOUS
10
0.1395349212598425
20
0.5774189370078741
11
0.1392648031496063
21
0.5775308267716536
0
LINE
8
BLACK
6
CONTINUOUS
10
0.1392648031496063
20
0.5775308267716536
11
0.138978188976378
21
0.5775881496062992
0
LINE
8
BLACK
6
CONTINUOUS
10
0.138978188976378
20
0.5775881496062992
11
0.1387377952755905
21
0.5777491338582676
0
LINE
8
BLACK
6
CONTINUOUS
10
0.1387377952755905
20
0.5777491338582676
11
0.1384705118110236
21
0.577859842519685
0
LINE
8
BLACK
6
CONTINUOUS
10
0.1384705118110236
20
0.577859842519685
11
0.1382637795275591
21
0.5780665748031496
0
LINE
8
BLACK
6
CONTINUOUS
10
0.1382637795275591
20
0.5780665748031496
11
0.138020905511811
21
0.5782292125984252
0
LINE
8
BLACK
6
CONTINUOUS
10
0.138020905511811
20
0.5782292125984252
11
0.1378603937007874
21
0.5784699606299213
0
LINE
8
BLACK
6
CONTINUOUS
10
0.1378603937007874
20
0.5784699606299213
11
0.1376558661417323
21
0.5786744881889764
0
LINE
8
BLACK
6
CONTINUOUS
10
0.1376558661417323
20
0.5786744881889764
11
0.1375439763779528
21
0.5789446062992126
0
LINE
8
BLACK
6
CONTINUOUS
10
0.1375439763779528
20
0.5789446062992126
11
0.137381811023622
21
0.5791878346456693
0
LINE
8
BLACK
6
CONTINUOUS
10
0.137381811023622
20
0.5791878346456693
11
0.1373256692913386
21
0.5794716535433071
0
LINE
8
BLACK
6
CONTINUOUS
10
0.1373256692913386
20
0.5794716535433071
11
0.1372149606299213
21
0.5797388976377953
0
LINE
8
BLACK
6
CONTINUOUS
10
0.1372149606299213
20
0.5797388976377953
11
0.1372149606299213
21
0.5800312992125984
0
LINE
8
BLACK
6
CONTINUOUS
10
0.1372149606299213
20
0.5800312992125984
11
0.1371582283464567
21
0.5803180708661417
0
LINE
8
BLACK
6
CONTINUOUS
10
0.1371582283464567
20
0.5803180708661417
11
0.1372149606299213
21
0.5806017322834646
0
LINE
8
BLACK
6
CONTINUOUS
10
0.1372149606299213
20
0.5806017322834646
11
0.1372149606299213
21
0.5808910236220473
0
LINE
8
BLACK
6
CONTINUOUS
10
0.1372149606299213
20
0.5808910236220473
11
0.137326811023622
21
0.5811611417322835
0
LINE
8
BLACK
6
CONTINUOUS
10
0.137326811023622
20
0.5811611417322835
11
0.1373841732283465
21
0.5814477559055118
0
LINE
8
BLACK
6
CONTINUOUS
10
0.1373841732283465
20
0.5814477559055118
11
0.1375451181102362
21
0.5816881496062992
0
LINE
8
BLACK
6
CONTINUOUS
10
0.1375451181102362
20
0.5816881496062992
11
0.1376558661417323
21
0.5819554330708662
0
LINE
8
BLACK
6
CONTINUOUS
10
0.1376558661417323
20
0.5819554330708662
11
0.1378625590551181
21
0.5821621653543307
0
LINE
8
BLACK
6
CONTINUOUS
10
0.1378625590551181
20
0.5821621653543307
11
0.1380252362204724
21
0.5824050393700787
0
LINE
8
BLACK
6
CONTINUOUS
10
0.1380252362204724
20
0.5824050393700787
11
0.1384684645669291
21
0.5827680708661417
0
LINE
8
BLACK
6
CONTINUOUS
10
0.1384684645669291
20
0.5827680708661417
11
0.1384705118110236
21
0.5827700787401575
0
LINE
8
BLACK
6
CONTINUOUS
10
0.1384705118110236
20
0.5827700787401575
11
0.1384713779527559
21
0.5827704724409448
0
LINE
8
BLACK
6
CONTINUOUS
10
0.1384713779527559
20
0.5827704724409448
11
0.1384730708661417
21
0.5827718110236221
0
LINE
8
BLACK
6
CONTINUOUS
10
0.1384730708661417
20
0.5827718110236221
11
0.143854094488189
21
0.5863591732283464
0
LINE
8
BLACK
6
CONTINUOUS
10
0.143854094488189
20
0.5863591732283464
11
0.1470580708661417
21
0.5895631102362204
0
LINE
8
BLACK
6
CONTINUOUS
10
0.1470580708661417
20
0.5895631102362204
11
0.1487185433070866
21
0.5928840551181103
0
LINE
8
BLACK
6
CONTINUOUS
10
0.1487185433070866
20
0.5928840551181103
11
0.1490268897637795
21
0.593373937007874
0
LINE
8
BLACK
6
CONTINUOUS
10
0.1490268897637795
20
0.593373937007874
11
0.1498972834645669
21
0.594128779527559
0
LINE
8
BLACK
6
CONTINUOUS
10
0.1498972834645669
20
0.594128779527559
11
0.1509902362204724
21
0.5944931102362204
0
LINE
8
BLACK
6
CONTINUOUS
10
0.1509902362204724
20
0.5944931102362204
11
0.1521394488188976
21
0.5944114566929134
0
LINE
8
BLACK
6
CONTINUOUS
10
0.1021338582677165
20
0.6064419291338583
11
0.1021768897637795
21
0.6064483070866141
0
LINE
8
BLACK
6
CONTINUOUS
10
0.1021768897637795
20
0.6064483070866141
11
0.1023923622047244
21
0.6064164566929133
0
LINE
8
BLACK
6
CONTINUOUS
10
0.1023923622047244
20
0.6064164566929133
11
0.1026094094488189
21
0.6063950787401574
0
LINE
8
BLACK
6
CONTINUOUS
10
0.1026094094488189
20
0.6063950787401574
11
0.1026496062992126
21
0.6063784645669291
0
LINE
8
BLACK
6
CONTINUOUS
10
0.1026496062992126
20
0.6063784645669291
11
0.1027494881889764
21
0.6063636614173228
0
LINE
8
BLACK
6
CONTINUOUS
10
0.1027494881889764
20
0.6063636614173228
11
0.1102485433070866
21
0.6044888976377952
0
LINE
8
BLACK
6
CONTINUOUS
10
0.1102485433070866
20
0.6044888976377952
11
0.1102910236220472
21
0.6044737401574803
0
LINE
8
BLACK
6
CONTINUOUS
10
0.1102910236220472
20
0.6044737401574803
11
0.1103122834645669
21
0.6044722047244094
0
LINE
8
BLACK
6
CONTINUOUS
10
0.1103122834645669
20
0.6044722047244094
11
0.1105516929133858
21
0.6043805905511811
0
LINE
8
BLACK
6
CONTINUOUS
10
0.1105516929133858
20
0.6043805905511811
11
0.1107936614173228
21
0.6042941338582677
0
LINE
8
BLACK
6
CONTINUOUS
10
0.1107936614173228
20
0.6042941338582677
11
0.1108107874015748
21
0.6042814566929133
0
LINE
8
BLACK
6
CONTINUOUS
10
0.1108107874015748
20
0.6042814566929133
11
0.1108529133858268
21
0.60426531496063
0
LINE
8
BLACK
6
CONTINUOUS
10
0.1108529133858268
20
0.60426531496063
11
0.1146024409448819
21
0.6023905511811023
0
LINE
8
BLACK
6
CONTINUOUS
10
0.1146024409448819
20
0.6023905511811023
11
0.1148503149606299
21
0.6022345275590552
0
LINE
8
BLACK
6
CONTINUOUS
10
0.1148503149606299
20
0.6022345275590552
11
0.1149223622047244
21
0.6022046850393701
0
LINE
8
BLACK
6
CONTINUOUS
10
0.1149223622047244
20
0.6022046850393701
11
0.1150033858267717
21
0.6021381889763779
0
LINE
8
BLACK
6
CONTINUOUS
10
0.1150033858267717
20
0.6021381889763779
11
0.1150923228346457
21
0.6020822047244094
0
LINE
8
BLACK
6
CONTINUOUS
10
0.1150923228346457
20
0.6020822047244094
11
0.1151434645669291
21
0.6020232283464567
0
LINE
8
BLACK
6
CONTINUOUS
10
0.1151434645669291
20
0.6020232283464567
11
0.115369842519685
21
0.6018374409448819
0
LINE
8
BLACK
6
CONTINUOUS
10
0.115369842519685
20
0.6018374409448819
11
0.1191194094488189
21
0.5980879133858268
0
LINE
8
BLACK
6
CONTINUOUS
10
0.1191194094488189
20
0.5980879133858268
11
0.1194866535433071
21
0.5976404724409449
0
LINE
8
BLACK
6
CONTINUOUS
10
0.1194866535433071
20
0.5976404724409449
11
0.1195272440944882
21
0.5975424409448818
0
LINE
8
BLACK
6
CONTINUOUS
10
0.1195272440944882
20
0.5975424409448818
11
0.1195967322834646
21
0.5974623228346456
0
LINE
8
BLACK
6
CONTINUOUS
10
0.1195967322834646
20
0.5974623228346456
11
0.1198327165354331
21
0.5969337401574804
0
LINE
8
BLACK
6
CONTINUOUS
10
0.1198327165354331
20
0.5969337401574804
11
0.1217074803149606
21
0.5913094881889763
0
LINE
8
BLACK
6
CONTINUOUS
10
0.1217074803149606
20
0.5913094881889763
11
0.1217724015748032
21
0.5910238582677165
0
LINE
8
BLACK
6
CONTINUOUS
10
0.1217724015748032
20
0.5910238582677165
11
0.1218022834645669
21
0.5909517716535433
0
LINE
8
BLACK
6
CONTINUOUS
10
0.1218022834645669
20
0.5909517716535433
11
0.1218125590551181
21
0.5908473228346457
0
LINE
8
BLACK
6
CONTINUOUS
10
0.1218125590551181
20
0.5908473228346457
11
0.1218358267716535
21
0.5907450393700787
0
LINE
8
BLACK
6
CONTINUOUS
10
0.1218358267716535
20
0.5907450393700787
11
0.1218302755905512
21
0.5906673228346456
0
LINE
8
BLACK
6
CONTINUOUS
10
0.1218302755905512
20
0.5906673228346456
11
0.1218590157480315
21
0.5903757086614173
0
LINE
8
BLACK
6
CONTINUOUS
10
0.1218590157480315
20
0.5903757086614173
11
0.1218590157480315
21
0.5866261811023622
0
LINE
8
BLACK
6
CONTINUOUS
10
0.1218590157480315
20
0.5866261811023622
11
0.1218302755905512
21
0.5863346062992126
0
LINE
8
BLACK
6
CONTINUOUS
10
0.1218302755905512
20
0.5863346062992126
11
0.1218358267716535
21
0.5862568503937008
0
LINE
8
BLACK
6
CONTINUOUS
10
0.1218358267716535
20
0.5862568503937008
11
0.1218125590551181
21
0.5861546062992126
0
LINE
8
BLACK
6
CONTINUOUS
10
0.1218125590551181
20
0.5861546062992126
11
0.1218022834645669
21
0.5860501181102362
0
LINE
8
BLACK
6
CONTINUOUS
10
0.1218022834645669
20
0.5860501181102362
11
0.1217724015748032
21
0.5859780708661417
0
LINE
8
BLACK
6
CONTINUOUS
10
0.1217724015748032
20
0.5859780708661417
11
0.1217074803149606
21
0.5856924015748032
0
LINE
8
BLACK
6
CONTINUOUS
10
0.1217074803149606
20
0.5856924015748032
11
0.1198327165354331
21
0.5800681496062992
0
LINE
8
BLACK
6
CONTINUOUS
10
0.1198327165354331
20
0.5800681496062992
11
0.1195967322834646
21
0.5795395669291339
0
LINE
8
BLACK
6
CONTINUOUS
10
0.1195967322834646
20
0.5795395669291339
11
0.1195271653543307
21
0.5794594094488189
0
LINE
8
BLACK
6
CONTINUOUS
10
0.1195271653543307
20
0.5794594094488189
11
0.1194866141732283
21
0.5793614173228346
0
LINE
8
BLACK
6
CONTINUOUS
10
0.1194866141732283
20
0.5793614173228346
11
0.1191193700787402
21
0.578913937007874
0
LINE
8
BLACK
6
CONTINUOUS
10
0.1191193700787402
20
0.578913937007874
11
0.1172445669291339
21
0.5770391732283464
0
LINE
8
BLACK
6
CONTINUOUS
10
0.1172445669291339
20
0.5770391732283464
11
0.116797125984252
21
0.576671968503937
0
LINE
8
BLACK
6
CONTINUOUS
10
0.116797125984252
20
0.576671968503937
11
0.1157327165354331
21
0.5762311023622048
0
LINE
8
BLACK
6
CONTINUOUS
10
0.1157327165354331
20
0.5762311023622048
11
0.1145806299212598
21
0.5762311023622048
0
LINE
8
BLACK
6
CONTINUOUS
10
0.1145806299212598
20
0.5762311023622048
11
0.1135162204724409
21
0.5766720078740157
0
LINE
8
BLACK
6
CONTINUOUS
10
0.1135162204724409
20
0.5766720078740157
11
0.1127015354330709
21
0.5774866929133858
0
LINE
8
BLACK
6
CONTINUOUS
10
0.1127015354330709
20
0.5774866929133858
11
0.1122606692913386
21
0.5785511023622047
0
LINE
8
BLACK
6
CONTINUOUS
10
0.1122606692913386
20
0.5785511023622047
11
0.1122606692913386
21
0.579703188976378
0
LINE
8
BLACK
6
CONTINUOUS
10
0.1122606692913386
20
0.579703188976378
11
0.1127015748031496
21
0.5807675984251969
0
LINE
8
BLACK
6
CONTINUOUS
10
0.1127015748031496
20
0.5807675984251969
11
0.1130688188976378
21
0.5812150787401574
0
LINE
8
BLACK
6
CONTINUOUS
10
0.1130688188976378
20
0.5812150787401574
11
0.1144507086614173
21
0.5825969685039369
0
LINE
8
BLACK
6
CONTINUOUS
10
0.1144507086614173
20
0.5825969685039369
11
0.1159535039370079
21
0.5871053149606299
0
LINE
8
BLACK
6
CONTINUOUS
10
0.1159535039370079
20
0.5871053149606299
11
0.1159535039370079
21
0.5898965748031496
0
LINE
8
BLACK
6
CONTINUOUS
10
0.1159535039370079
20
0.5898965748031496
11
0.1144507086614173
21
0.5944049606299212
0
LINE
8
BLACK
6
CONTINUOUS
10
0.1144507086614173
20
0.5944049606299212
11
0.1115328346456693
21
0.5973227952755905
0
LINE
8
BLACK
6
CONTINUOUS
10
0.1115328346456693
20
0.5973227952755905
11
0.1085018503937008
21
0.5988383070866141
0
LINE
8
BLACK
6
CONTINUOUS
10
0.1085018503937008
20
0.5988383070866141
11
0.1016698031496063
21
0.6005462992125984
0
LINE
8
BLACK
6
CONTINUOUS
10
0.1016698031496063
20
0.6005462992125984
11
0.0967725984251969
21
0.6005462992125984
0
LINE
8
BLACK
6
CONTINUOUS
10
0.0967725984251969
20
0.6005462992125984
11
0.0899405511811024
21
0.5988383070866141
0
LINE
8
BLACK
6
CONTINUOUS
10
0.0899405511811024
20
0.5988383070866141
11
0.0869095669291339
21
0.5973227952755905
0
LINE
8
BLACK
6
CONTINUOUS
10
0.0869095669291339
20
0.5973227952755905
11
0.0839917322834646
21
0.594405
0
LINE
8
BLACK
6
CONTINUOUS
10
0.0839917322834646
20
0.594405
11
0.082488937007874
21
0.5898965748031496
0
LINE
8
BLACK
6
CONTINUOUS
10
0.082488937007874
20
0.5898965748031496
11
0.082488937007874
21
0.5871053543307087
0
LINE
8
BLACK
6
CONTINUOUS
10
0.082488937007874
20
0.5871053543307087
11
0.0839917322834646
21
0.5825969291338583
0
LINE
8
BLACK
6
CONTINUOUS
10
0.0839917322834646
20
0.5825969291338583
11
0.0853736220472441
21
0.5812150393700787
0
LINE
8
BLACK
6
CONTINUOUS
10
0.0853736220472441
20
0.5812150393700787
11
0.0857408267716535
21
0.5807675984251969
0
LINE
8
BLACK
6
CONTINUOUS
10
0.0857408267716535
20
0.5807675984251969
11
0.0861817322834646
21
0.579703188976378
0
LINE
8
BLACK
6
CONTINUOUS
10
0.0861817322834646
20
0.579703188976378
11
0.0861817322834646
21
0.5785511023622047
0
LINE
8
BLACK
6
CONTINUOUS
10
0.0861817322834646
20
0.5785511023622047
11
0.0857408267716535
21
0.5774866929133858
0
LINE
8
BLACK
6
CONTINUOUS
10
0.0857408267716535
20
0.5774866929133858
11
0.0849261417322835
21
0.5766720078740157
0
LINE
8
BLACK
6
CONTINUOUS
10
0.0849261417322835
20
0.5766720078740157
11
0.0838617322834646
21
0.5762311023622048
0
LINE
8
BLACK
6
CONTINUOUS
10
0.0838617322834646
20
0.5762311023622048
11
0.0827096456692913
21
0.5762311023622048
0
LINE
8
BLACK
6
CONTINUOUS
10
0.0827096456692913
20
0.5762311023622048
11
0.0816452362204724
21
0.5766720078740157
0
LINE
8
BLACK
6
CONTINUOUS
10
0.0816452362204724
20
0.5766720078740157
11
0.0811977952755906
21
0.5770392125984252
0
LINE
8
BLACK
6
CONTINUOUS
10
0.0811977952755906
20
0.5770392125984252
11
0.079323031496063
21
0.5789139763779527
0
LINE
8
BLACK
6
CONTINUOUS
10
0.079323031496063
20
0.5789139763779527
11
0.0789558267716535
21
0.5793614173228346
0
LINE
8
BLACK
6
CONTINUOUS
10
0.0789558267716535
20
0.5793614173228346
11
0.0789151968503937
21
0.5794594881889764
0
LINE
8
BLACK
6
CONTINUOUS
10
0.0789151968503937
20
0.5794594881889764
11
0.0788457086614173
21
0.5795396062992126
0
LINE
8
BLACK
6
CONTINUOUS
10
0.0788457086614173
20
0.5795396062992126
11
0.0786097244094488
21
0.5800681496062992
0
LINE
8
BLACK
6
CONTINUOUS
10
0.0786097244094488
20
0.5800681496062992
11
0.0767349606299213
21
0.5856924409448819
0
LINE
8
BLACK
6
CONTINUOUS
10
0.0767349606299213
20
0.5856924409448819
11
0.07667
21
0.585978031496063
0
LINE
8
BLACK
6
CONTINUOUS
10
0.07667
20
0.585978031496063
11
0.076640157480315
21
0.5860501181102362
0
LINE
8
BLACK
6
CONTINUOUS
10
0.076640157480315
20
0.5860501181102362
11
0.076629842519685
21
0.5861546456692913
0
LINE
8
BLACK
6
CONTINUOUS
10
0.076629842519685
20
0.5861546456692913
11
0.0766066141732283
21
0.5862568897637795
0
LINE
8
BLACK
6
CONTINUOUS
10
0.0766066141732283
20
0.5862568897637795
11
0.076612125984252
21
0.5863346456692913
0
LINE
8
BLACK
6
CONTINUOUS
10
0.076612125984252
20
0.5863346456692913
11
0.0765834251968504
21
0.5866261811023622
0
LINE
8
BLACK
6
CONTINUOUS
10
0.0765834251968504
20
0.5866261811023622
11
0.0765834251968504
21
0.5903757086614173
0
LINE
8
BLACK
6
CONTINUOUS
10
0.0765834251968504
20
0.5903757086614173
11
0.076612125984252
21
0.5906672834645669
0
LINE
8
BLACK
6
CONTINUOUS
10
0.076612125984252
20
0.5906672834645669
11
0.0766066141732283
21
0.590745
0
LINE
8
BLACK
6
CONTINUOUS
10
0.0766066141732283
20
0.590745
11
0.076629842519685
21
0.5908472834645669
0
LINE
8
BLACK
6
CONTINUOUS
10
0.076629842519685
20
0.5908472834645669
11
0.076640157480315
21
0.5909517716535433
0
LINE
8
BLACK
6
CONTINUOUS
10
0.076640157480315
20
0.5909517716535433
11
0.07667
21
0.5910238976377953
0
LINE
8
BLACK
6
CONTINUOUS
10
0.07667
20
0.5910238976377953
11
0.0767349606299213
21
0.5913094488188976
0
LINE
8
BLACK
6
CONTINUOUS
10
0.0767349606299213
20
0.5913094488188976
11
0.0786097244094488
21
0.5969337401574804
0
LINE
8
BLACK
6
CONTINUOUS
10
0.0786097244094488
20
0.5969337401574804
11
0.0788457086614173
21
0.5974622834645669
0
LINE
8
BLACK
6
CONTINUOUS
10
0.0788457086614173
20
0.5974622834645669
11
0.0789151968503937
21
0.5975424409448818
0
LINE
8
BLACK
6
CONTINUOUS
10
0.0789151968503937
20
0.5975424409448818
11
0.0789558267716535
21
0.5976404724409449
0
LINE
8
BLACK
6
CONTINUOUS
10
0.0789558267716535
20
0.5976404724409449
11
0.079323031496063
21
0.5980879133858268
0
LINE
8
BLACK
6
CONTINUOUS
10
0.079323031496063
20
0.5980879133858268
11
0.0830725590551181
21
0.6018374409448819
0
LINE
8
BLACK
6
CONTINUOUS
10
0.0830725590551181
20
0.6018374409448819
11
0.083298937007874
21
0.6020233070866141
0
LINE
8
BLACK
6
CONTINUOUS
10
0.083298937007874
20
0.6020233070866141
11
0.0833500787401575
21
0.6020822047244094
0
LINE
8
BLACK
6
CONTINUOUS
10
0.0833500787401575
20
0.6020822047244094
11
0.0834388188976378
21
0.6021381102362204
0
LINE
8
BLACK
6
CONTINUOUS
10
0.0834388188976378
20
0.6021381102362204
11
0.08352
21
0.6022046850393701
0
LINE
8
BLACK
6
CONTINUOUS
10
0.08352
20
0.6022046850393701
11
0.083592125984252
21
0.6022345669291338
0
LINE
8
BLACK
6
CONTINUOUS
10
0.083592125984252
20
0.6022345669291338
11
0.0838399606299213
21
0.6023905511811023
0
LINE
8
BLACK
6
CONTINUOUS
10
0.0838399606299213
20
0.6023905511811023
11
0.0875894881889764
21
0.60426531496063
0
LINE
8
BLACK
6
CONTINUOUS
10
0.0875894881889764
20
0.60426531496063
11
0.0876315748031496
21
0.6042814566929133
0
LINE
8
BLACK
6
CONTINUOUS
10
0.0876315748031496
20
0.6042814566929133
11
0.0876487401574803
21
0.6042941338582677
0
LINE
8
BLACK
6
CONTINUOUS
10
0.0876487401574803
20
0.6042941338582677
11
0.0878903149606299
21
0.6043804724409448
0
LINE
8
BLACK
6
CONTINUOUS
10
0.0878903149606299
20
0.6043804724409448
11
0.0881300787401575
21
0.6044722047244094
0
LINE
8
BLACK
6
CONTINUOUS
10
0.0881300787401575
20
0.6044722047244094
11
0.0881513385826772
21
0.6044737401574803
0
LINE
8
BLACK
6
CONTINUOUS
10
0.0881513385826772
20
0.6044737401574803
11
0.0881938582677165
21
0.6044888976377952
0
LINE
8
BLACK
6
CONTINUOUS
10
0.0881938582677165
20
0.6044888976377952
11
0.0956929133858268
21
0.6063636614173228
0
LINE
8
BLACK
6
CONTINUOUS
10
0.0956929133858268
20
0.6063636614173228
11
0.0957927559055118
21
0.6063784645669291
0
LINE
8
BLACK
6
CONTINUOUS
10
0.0957927559055118
20
0.6063784645669291
11
0.0958329921259843
21
0.6063950787401574
0
LINE
8
BLACK
6
CONTINUOUS
10
0.0958329921259843
20
0.6063950787401574
11
0.09605
21
0.6064164566929133
0
LINE
8
BLACK
6
CONTINUOUS
10
0.09605
20
0.6064164566929133
11
0.0962655118110236
21
0.6064483070866141
0
LINE
8
BLACK
6
CONTINUOUS
10
0.0962655118110236
20
0.6064483070866141
11
0.0963085039370079
21
0.6064419291338583
0
LINE
8
BLACK
6
CONTINUOUS
10
0.0963085039370079
20
0.6064419291338583
11
0.0964090551181102
21
0.606451811023622
0
LINE
8
BLACK
6
CONTINUOUS
10
0.0964090551181102
20
0.606451811023622
11
0.1020333464566929
21
0.606451811023622
0
LINE
8
BLACK
6
CONTINUOUS
10
0.1020333464566929
20
0.606451811023622
11
0.1021338582677165
21
0.6064419291338583
0
LINE
8
BLACK
6
CONTINUOUS
10
0.6667063779527559
20
0.6275273228346456
11
0.6677368897637795
21
0.6270120472440944
0
LINE
8
BLACK
6
CONTINUOUS
10
0.6677368897637795
20
0.6270120472440944
11
0.6684917322834646
21
0.6261416929133858
0
LINE
8
BLACK
6
CONTINUOUS
10
0.6684917322834646
20
0.6261416929133858
11
0.668856062992126
21
0.6250487007874016
0
LINE
8
BLACK
6
CONTINUOUS
10
0.668856062992126
20
0.6250487007874016
11
0.6687744094488188
21
0.6238994881889763
0
LINE
8
BLACK
6
CONTINUOUS
10
0.6687744094488188
20
0.6238994881889763
11
0.6685675196850394
21
0.6233588976377953
0
LINE
8
BLACK
6
CONTINUOUS
10
0.6685675196850394
20
0.6233588976377953
11
0.6666927559055118
21
0.6196093700787402
0
LINE
8
BLACK
6
CONTINUOUS
10
0.6666927559055118
20
0.6196093700787402
11
0.6665367322834646
21
0.6193615748031496
0
LINE
8
BLACK
6
CONTINUOUS
10
0.6665367322834646
20
0.6193615748031496
11
0.6665068897637795
21
0.6192894094488188
0
LINE
8
BLACK
6
CONTINUOUS
10
0.6665068897637795
20
0.6192894094488188
11
0.6664402755905512
21
0.6192082677165354
0
LINE
8
BLACK
6
CONTINUOUS
10
0.6664402755905512
20
0.6192082677165354
11
0.6663844094488189
21
0.6191194881889763
0
LINE
8
BLACK
6
CONTINUOUS
10
0.6663844094488189
20
0.6191194881889763
11
0.6663254724409449
21
0.6190683858267716
0
LINE
8
BLACK
6
CONTINUOUS
10
0.6663254724409449
20
0.6190683858267716
11
0.6661396456692913
21
0.618841968503937
0
LINE
8
BLACK
6
CONTINUOUS
10
0.6661396456692913
20
0.618841968503937
11
0.6636812598425197
21
0.6163835826771653
0
LINE
8
BLACK
6
CONTINUOUS
10
0.6636812598425197
20
0.6163835826771653
11
0.6910952362204724
21
0.6163835826771653
0
LINE
8
BLACK
6
CONTINUOUS
10
0.6910952362204724
20
0.6163835826771653
11
0.6910952362204724
21
0.6246794094488188
0
LINE
8
BLACK
6
CONTINUOUS
10
0.6910952362204724
20
0.6246794094488188
11
0.691151968503937
21
0.6252554724409448
0
LINE
8
BLACK
6
CONTINUOUS
10
0.691151968503937
20
0.6252554724409448
11
0.691592874015748
21
0.6263198818897637
0
LINE
8
BLACK
6
CONTINUOUS
10
0.691592874015748
20
0.6263198818897637
11
0.6924075196850393
21
0.6271345275590551
0
LINE
8
BLACK
6
CONTINUOUS
10
0.6924075196850393
20
0.6271345275590551
11
0.6934719291338582
21
0.6275754330708662
0
LINE
8
BLACK
6
CONTINUOUS
10
0.6934719291338582
20
0.6275754330708662
11
0.6946240551181102
21
0.6275754330708662
0
LINE
8
BLACK
6
CONTINUOUS
10
0.6946240551181102
20
0.6275754330708662
11
0.6956884645669291
21
0.6271345275590551
0
LINE
8
BLACK
6
CONTINUOUS
10
0.6956884645669291
20
0.6271345275590551
11
0.6965031102362205
21
0.6263198818897637
0
LINE
8
BLACK
6
CONTINUOUS
10
0.6965031102362205
20
0.6263198818897637
11
0.6969440157480314
21
0.6252554724409448
0
LINE
8
BLACK
6
CONTINUOUS
10
0.6969440157480314
20
0.6252554724409448
11
0.697000748031496
21
0.6246794094488188
0
LINE
8
BLACK
6
CONTINUOUS
10
0.697000748031496
20
0.6246794094488188
11
0.697000748031496
21
0.6021822440944882
0
LINE
8
BLACK
6
CONTINUOUS
10
0.697000748031496
20
0.6021822440944882
11
0.6969440157480314
21
0.6016061811023622
0
LINE
8
BLACK
6
CONTINUOUS
10
0.6969440157480314
20
0.6016061811023622
11
0.6965031102362205
21
0.6005417716535433
0
LINE
8
BLACK
6
CONTINUOUS
10
0.6965031102362205
20
0.6005417716535433
11
0.6956884645669291
21
0.5997271259842519
0
LINE
8
BLACK
6
CONTINUOUS
10
0.6956884645669291
20
0.5997271259842519
11
0.6946240551181102
21
0.599286220472441
0
LINE
8
BLACK
6
CONTINUOUS
10
0.6946240551181102
20
0.599286220472441
11
0.6934719291338582
21
0.599286220472441
0
LINE
8
BLACK
6
CONTINUOUS
10
0.6934719291338582
20
0.599286220472441
11
0.6924075196850393
21
0.5997271259842519
0
LINE
8
BLACK
6
CONTINUOUS
10
0.6924075196850393
20
0.5997271259842519
11
0.691592874015748
21
0.6005417716535433
0
LINE
8
BLACK
6
CONTINUOUS
10
0.691592874015748
20
0.6005417716535433
11
0.691151968503937
21
0.6016061811023622
0
LINE
8
BLACK
6
CONTINUOUS
10
0.691151968503937
20
0.6016061811023622
11
0.6910952362204724
21
0.6021822440944882
0
LINE
8
BLACK
6
CONTINUOUS
10
0.6910952362204724
20
0.6021822440944882
11
0.6910952362204724
21
0.6104780708661417
0
LINE
8
BLACK
6
CONTINUOUS
10
0.6910952362204724
20
0.6104780708661417
11
0.6546779133858267
21
0.6104780708661417
0
LINE
8
BLACK
6
CONTINUOUS
10
0.6546779133858267
20
0.6104780708661417
11
0.6546758267716535
21
0.6104783070866142
0
LINE
8
BLACK
6
CONTINUOUS
10
0.6546758267716535
20
0.6104783070866142
11
0.6546748031496062
21
0.6104780708661417
0
LINE
8
BLACK
6
CONTINUOUS
10
0.6546748031496062
20
0.6104780708661417
11
0.6546717716535433
21
0.6104787007874015
0
LINE
8
BLACK
6
CONTINUOUS
10
0.6546717716535433
20
0.6104787007874015
11
0.6541018503937007
21
0.6105348031496063
0
LINE
8
BLACK
6
CONTINUOUS
10
0.6541018503937007
20
0.6105348031496063
11
0.6538317322834646
21
0.6106466929133858
0
LINE
8
BLACK
6
CONTINUOUS
10
0.6538317322834646
20
0.6106466929133858
11
0.6535451181102362
21
0.6107040157480315
0
LINE
8
BLACK
6
CONTINUOUS
10
0.6535451181102362
20
0.6107040157480315
11
0.6533047244094488
21
0.610865
0
LINE
8
BLACK
6
CONTINUOUS
10
0.6533047244094488
20
0.610865
11
0.6530374409448819
21
0.6109757086614173
0
LINE
8
BLACK
6
CONTINUOUS
10
0.6530374409448819
20
0.6109757086614173
11
0.6528307086614173
21
0.6111824409448818
0
LINE
8
BLACK
6
CONTINUOUS
10
0.6528307086614173
20
0.6111824409448818
11
0.6525878346456693
21
0.6113450787401574
0
LINE
8
BLACK
6
CONTINUOUS
10
0.6525878346456693
20
0.6113450787401574
11
0.6524273228346457
21
0.6115858267716535
0
LINE
8
BLACK
6
CONTINUOUS
10
0.6524273228346457
20
0.6115858267716535
11
0.6522227952755906
21
0.6117903543307086
0
LINE
8
BLACK
6
CONTINUOUS
10
0.6522227952755906
20
0.6117903543307086
11
0.6521109055118111
21
0.6120604724409449
0
LINE
8
BLACK
6
CONTINUOUS
10
0.6521109055118111
20
0.6120604724409449
11
0.6519487401574803
21
0.6123037007874016
0
LINE
8
BLACK
6
CONTINUOUS
10
0.6519487401574803
20
0.6123037007874016
11
0.6518925984251969
21
0.6125875196850393
0
LINE
8
BLACK
6
CONTINUOUS
10
0.6518925984251969
20
0.6125875196850393
11
0.6517818897637795
21
0.6128547637795275
0
LINE
8
BLACK
6
CONTINUOUS
10
0.6517818897637795
20
0.6128547637795275
11
0.6517818897637795
21
0.6131471653543307
0
LINE
8
BLACK
6
CONTINUOUS
10
0.6517818897637795
20
0.6131471653543307
11
0.6517251574803149
21
0.613433937007874
0
LINE
8
BLACK
6
CONTINUOUS
10
0.6517251574803149
20
0.613433937007874
11
0.6517818897637795
21
0.6137175984251968
0
LINE
8
BLACK
6
CONTINUOUS
10
0.6517818897637795
20
0.6137175984251968
11
0.6517818897637795
21
0.6140068897637795
0
LINE
8
BLACK
6
CONTINUOUS
10
0.6517818897637795
20
0.6140068897637795
11
0.6518937401574803
21
0.6142770078740157
0
LINE
8
BLACK
6
CONTINUOUS
10
0.6518937401574803
20
0.6142770078740157
11
0.6519511023622047
21
0.6145636220472441
0
LINE
8
BLACK
6
CONTINUOUS
10
0.6519511023622047
20
0.6145636220472441
11
0.6521120472440944
21
0.6148040157480315
0
LINE
8
BLACK
6
CONTINUOUS
10
0.6521120472440944
20
0.6148040157480315
11
0.6522227952755906
21
0.6150712992125984
0
LINE
8
BLACK
6
CONTINUOUS
10
0.6522227952755906
20
0.6150712992125984
11
0.6524294881889764
21
0.615278031496063
0
LINE
8
BLACK
6
CONTINUOUS
10
0.6524294881889764
20
0.615278031496063
11
0.6525921653543307
21
0.615520905511811
0
LINE
8
BLACK
6
CONTINUOUS
10
0.6525921653543307
20
0.615520905511811
11
0.6530353937007873
21
0.615883937007874
0
LINE
8
BLACK
6
CONTINUOUS
10
0.6530353937007873
20
0.615883937007874
11
0.6530374409448819
21
0.6158859448818897
0
LINE
8
BLACK
6
CONTINUOUS
10
0.6530374409448819
20
0.6158859448818897
11
0.6530383070866141
21
0.6158863385826772
0
LINE
8
BLACK
6
CONTINUOUS
10
0.6530383070866141
20
0.6158863385826772
11
0.65304
21
0.6158876771653543
0
LINE
8
BLACK
6
CONTINUOUS
10
0.65304
20
0.6158876771653543
11
0.6584210236220472
21
0.6194750393700788
0
LINE
8
BLACK
6
CONTINUOUS
10
0.6584210236220472
20
0.6194750393700788
11
0.661625
21
0.6226789763779528
0
LINE
8
BLACK
6
CONTINUOUS
10
0.661625
20
0.6226789763779528
11
0.6632854724409448
21
0.6259999212598425
0
LINE
8
BLACK
6
CONTINUOUS
10
0.6632854724409448
20
0.6259999212598425
11
0.6635938188976378
21
0.6264898031496063
0
LINE
8
BLACK
6
CONTINUOUS
10
0.6635938188976378
20
0.6264898031496063
11
0.6644642125984251
21
0.6272446456692913
0
LINE
8
BLACK
6
CONTINUOUS
10
0.6644642125984251
20
0.6272446456692913
11
0.6655571653543307
21
0.6276089763779528
0
LINE
8
BLACK
6
CONTINUOUS
10
0.6655571653543307
20
0.6276089763779528
11
0.6667063779527559
21
0.6275273228346456
0
LINE
8
BLACK
6
CONTINUOUS
10
0.180057125984252
20
0.6319548818897638
11
0.1811215354330709
21
0.6315139763779527
0
LINE
8
BLACK
6
CONTINUOUS
10
0.1811215354330709
20
0.6315139763779527
11
0.1819361811023622
21
0.6306993307086614
0
LINE
8
BLACK
6
CONTINUOUS
10
0.1819361811023622
20
0.6306993307086614
11
0.1823770866141732
21
0.6296349212598426
0
LINE
8
BLACK
6
CONTINUOUS
10
0.1823770866141732
20
0.6296349212598426
11
0.1824338188976378
21
0.6290588582677166
0
LINE
8
BLACK
6
CONTINUOUS
10
0.1824338188976378
20
0.6290588582677166
11
0.1824338188976378
21
0.6196850393700787
0
LINE
8
BLACK
6
CONTINUOUS
10
0.1824338188976378
20
0.6196850393700787
11
0.1824050787401575
21
0.6193934645669291
0
LINE
8
BLACK
6
CONTINUOUS
10
0.1824050787401575
20
0.6193934645669291
11
0.1824106299212598
21
0.6193157086614173
0
LINE
8
BLACK
6
CONTINUOUS
10
0.1824106299212598
20
0.6193157086614173
11
0.1823873622047244
21
0.6192134645669292
0
LINE
8
BLACK
6
CONTINUOUS
10
0.1823873622047244
20
0.6192134645669292
11
0.1823770866141732
21
0.6191089763779527
0
LINE
8
BLACK
6
CONTINUOUS
10
0.1823770866141732
20
0.6191089763779527
11
0.1823472047244094
21
0.6190369291338582
0
LINE
8
BLACK
6
CONTINUOUS
10
0.1823472047244094
20
0.6190369291338582
11
0.1822822834645669
21
0.6187512598425197
0
LINE
8
BLACK
6
CONTINUOUS
10
0.1822822834645669
20
0.6187512598425197
11
0.1804075196850394
21
0.6131270078740158
0
LINE
8
BLACK
6
CONTINUOUS
10
0.1804075196850394
20
0.6131270078740158
11
0.1801715354330709
21
0.6125984251968504
0
LINE
8
BLACK
6
CONTINUOUS
10
0.1801715354330709
20
0.6125984251968504
11
0.1801020472440945
21
0.6125183464566929
0
LINE
8
BLACK
6
CONTINUOUS
10
0.1801020472440945
20
0.6125183464566929
11
0.1800614566929134
21
0.6124202755905511
0
LINE
8
BLACK
6
CONTINUOUS
10
0.1800614566929134
20
0.6124202755905511
11
0.1796942125984252
21
0.6119728346456693
0
LINE
8
BLACK
6
CONTINUOUS
10
0.1796942125984252
20
0.6119728346456693
11
0.1759446456692913
21
0.6082233070866142
0
LINE
8
BLACK
6
CONTINUOUS
10
0.1759446456692913
20
0.6082233070866142
11
0.1757182677165354
21
0.6080375590551181
0
LINE
8
BLACK
6
CONTINUOUS
10
0.1757182677165354
20
0.6080375590551181
11
0.175667125984252
21
0.6079785433070866
0
LINE
8
BLACK
6
CONTINUOUS
10
0.175667125984252
20
0.6079785433070866
11
0.1755781889763779
21
0.6079225984251968
0
LINE
8
BLACK
6
CONTINUOUS
10
0.1755781889763779
20
0.6079225984251968
11
0.1754971653543307
21
0.607856062992126
0
LINE
8
BLACK
6
CONTINUOUS
10
0.1754971653543307
20
0.607856062992126
11
0.1754251181102362
21
0.6078262598425197
0
LINE
8
BLACK
6
CONTINUOUS
10
0.1754251181102362
20
0.6078262598425197
11
0.1751772440944882
21
0.6076701968503937
0
LINE
8
BLACK
6
CONTINUOUS
10
0.1751772440944882
20
0.6076701968503937
11
0.1714277165354331
21
0.6057954330708661
0
LINE
8
BLACK
6
CONTINUOUS
10
0.1714277165354331
20
0.6057954330708661
11
0.1713855905511811
21
0.6057793307086614
0
LINE
8
BLACK
6
CONTINUOUS
10
0.1713855905511811
20
0.6057793307086614
11
0.1713684645669291
21
0.6057666141732283
0
LINE
8
BLACK
6
CONTINUOUS
10
0.1713684645669291
20
0.6057666141732283
11
0.1711264960629921
21
0.6056801968503936
0
LINE
8
BLACK
6
CONTINUOUS
10
0.1711264960629921
20
0.6056801968503936
11
0.1708870866141732
21
0.6055885433070866
0
LINE
8
BLACK
6
CONTINUOUS
10
0.1708870866141732
20
0.6055885433070866
11
0.1708658267716535
21
0.6055870472440945
0
LINE
8
BLACK
6
CONTINUOUS
10
0.1708658267716535
20
0.6055870472440945
11
0.1708233464566929
21
0.6055718503937008
0
LINE
8
BLACK
6
CONTINUOUS
10
0.1708233464566929
20
0.6055718503937008
11
0.1633242913385827
21
0.6036970866141732
0
LINE
8
BLACK
6
CONTINUOUS
10
0.1633242913385827
20
0.6036970866141732
11
0.1632244094488189
21
0.6036823228346456
0
LINE
8
BLACK
6
CONTINUOUS
10
0.1632244094488189
20
0.6036823228346456
11
0.1631842125984252
21
0.6036656692913386
0
LINE
8
BLACK
6
CONTINUOUS
10
0.1631842125984252
20
0.6036656692913386
11
0.1629671653543307
21
0.6036443307086614
0
LINE
8
BLACK
6
CONTINUOUS
10
0.1629671653543307
20
0.6036443307086614
11
0.1627516929133858
21
0.6036124409448819
0
LINE
8
BLACK
6
CONTINUOUS
10
0.1627516929133858
20
0.6036124409448819
11
0.1627086614173228
21
0.6036188582677166
0
LINE
8
BLACK
6
CONTINUOUS
10
0.1627086614173228
20
0.6036188582677166
11
0.1626081496062992
21
0.603608937007874
0
LINE
8
BLACK
6
CONTINUOUS
10
0.1626081496062992
20
0.603608937007874
11
0.1569838582677165
21
0.603608937007874
0
LINE
8
BLACK
6
CONTINUOUS
10
0.1569838582677165
20
0.603608937007874
11
0.1568833070866142
21
0.6036188582677166
0
LINE
8
BLACK
6
CONTINUOUS
10
0.1568833070866142
20
0.6036188582677166
11
0.1568403149606299
21
0.6036124409448819
0
LINE
8
BLACK
6
CONTINUOUS
10
0.1568403149606299
20
0.6036124409448819
11
0.1566248031496063
21
0.6036443307086614
0
LINE
8
BLACK
6
CONTINUOUS
10
0.1566248031496063
20
0.6036443307086614
11
0.1564077952755905
21
0.6036656692913386
0
LINE
8
BLACK
6
CONTINUOUS
10
0.1564077952755905
20
0.6036656692913386
11
0.1563675590551181
21
0.6036823228346456
0
LINE
8
BLACK
6
CONTINUOUS
10
0.1563675590551181
20
0.6036823228346456
11
0.1562677165354331
21
0.6036970866141732
0
LINE
8
BLACK
6
CONTINUOUS
10
0.1562677165354331
20
0.6036970866141732
11
0.1487686614173228
21
0.6055718503937008
0
LINE
8
BLACK
6
CONTINUOUS
10
0.1487686614173228
20
0.6055718503937008
11
0.1487261417322835
21
0.6055870472440945
0
LINE
8
BLACK
6
CONTINUOUS
10
0.1487261417322835
20
0.6055870472440945
11
0.1487048818897638
21
0.6055885433070866
0
LINE
8
BLACK
6
CONTINUOUS
10
0.1487048818897638
20
0.6055885433070866
11
0.1484651181102362
21
0.6056803149606299
0
LINE
8
BLACK
6
CONTINUOUS
10
0.1484651181102362
20
0.6056803149606299
11
0.1482235433070866
21
0.6057666141732283
0
LINE
8
BLACK
6
CONTINUOUS
10
0.1482235433070866
20
0.6057666141732283
11
0.1482063779527559
21
0.6057793307086614
0
LINE
8
BLACK
6
CONTINUOUS
10
0.1482063779527559
20
0.6057793307086614
11
0.1481642913385827
21
0.6057954330708661
0
LINE
8
BLACK
6
CONTINUOUS
10
0.1481642913385827
20
0.6057954330708661
11
0.1444147637795276
21
0.6076701968503937
0
LINE
8
BLACK
6
CONTINUOUS
10
0.1444147637795276
20
0.6076701968503937
11
0.1441669291338583
21
0.6078262204724409
0
LINE
8
BLACK
6
CONTINUOUS
10
0.1441669291338583
20
0.6078262204724409
11
0.1440948031496063
21
0.607856062992126
0
LINE
8
BLACK
6
CONTINUOUS
10
0.1440948031496063
20
0.607856062992126
11
0.1440136220472441
21
0.6079226771653543
0
LINE
8
BLACK
6
CONTINUOUS
10
0.1440136220472441
20
0.6079226771653543
11
0.1439248818897638
21
0.6079785433070866
0
LINE
8
BLACK
6
CONTINUOUS
10
0.1439248818897638
20
0.6079785433070866
11
0.1438737401574803
21
0.6080374803149606
0
LINE
8
BLACK
6
CONTINUOUS
10
0.1438737401574803
20
0.6080374803149606
11
0.1436473622047244
21
0.6082233070866142
0
LINE
8
BLACK
6
CONTINUOUS
10
0.1436473622047244
20
0.6082233070866142
11
0.1398978346456693
21
0.6119728346456693
0
LINE
8
BLACK
6
CONTINUOUS
10
0.1398978346456693
20
0.6119728346456693
11
0.1395306299212598
21
0.6124202755905511
0
LINE
8
BLACK
6
CONTINUOUS
10
0.1395306299212598
20
0.6124202755905511
11
0.13949
21
0.6125183464566929
0
LINE
8
BLACK
6
CONTINUOUS
10
0.13949
20
0.6125183464566929
11
0.1394205118110236
21
0.6125984645669291
0
LINE
8
BLACK
6
CONTINUOUS
10
0.1394205118110236
20
0.6125984645669291
11
0.1391845275590551
21
0.6131270078740158
0
LINE
8
BLACK
6
CONTINUOUS
10
0.1391845275590551
20
0.6131270078740158
11
0.1373097637795276
21
0.6187512992125984
0
LINE
8
BLACK
6
CONTINUOUS
10
0.1373097637795276
20
0.6187512992125984
11
0.1372448031496063
21
0.6190368897637795
0
LINE
8
BLACK
6
CONTINUOUS
10
0.1372448031496063
20
0.6190368897637795
11
0.1372149606299213
21
0.6191089763779527
0
LINE
8
BLACK
6
CONTINUOUS
10
0.1372149606299213
20
0.6191089763779527
11
0.1372046456692913
21
0.6192135039370079
0
LINE
8
BLACK
6
CONTINUOUS
10
0.1372046456692913
20
0.6192135039370079
11
0.1371814173228346
21
0.619315748031496
0
LINE
8
BLACK
6
CONTINUOUS
10
0.1371814173228346
20
0.619315748031496
11
0.1371869291338583
21
0.6193935039370079
0
LINE
8
BLACK
6
CONTINUOUS
10
0.1371869291338583
20
0.6193935039370079
11
0.1371582283464567
21
0.6196850393700787
0
LINE
8
BLACK
6
CONTINUOUS
10
0.1371582283464567
20
0.6196850393700787
11
0.1371582283464567
21
0.6290588582677166
0
LINE
8
BLACK
6
CONTINUOUS
10
0.1371582283464567
20
0.6290588582677166
11
0.1372149606299213
21
0.6296349212598426
0
LINE
8
BLACK
6
CONTINUOUS
10
0.1372149606299213
20
0.6296349212598426
11
0.1376558661417323
21
0.6306993307086614
0
LINE
8
BLACK
6
CONTINUOUS
10
0.1376558661417323
20
0.6306993307086614
11
0.1384705118110236
21
0.6315139763779527
0
LINE
8
BLACK
6
CONTINUOUS
10
0.1384705118110236
20
0.6315139763779527
11
0.1395349212598425
21
0.6319548818897638
0
LINE
8
BLACK
6
CONTINUOUS
10
0.1395349212598425
20
0.6319548818897638
11
0.1401109842519685
21
0.6320116141732284
0
LINE
8
BLACK
6
CONTINUOUS
10
0.1401109842519685
20
0.6320116141732284
11
0.179481062992126
21
0.6320116141732284
0
LINE
8
BLACK
6
CONTINUOUS
10
0.179481062992126
20
0.6320116141732284
11
0.180057125984252
21
0.6319548818897638
0
LINE
8
BLACK
6
CONTINUOUS
10
0.1430637401574803
20
0.6201642125984251
11
0.1445665354330709
21
0.6156557874015748
0
LINE
8
BLACK
6
CONTINUOUS
10
0.1445665354330709
20
0.6156557874015748
11
0.1474843700787402
21
0.6127379527559055
0
LINE
8
BLACK
6
CONTINUOUS
10
0.1474843700787402
20
0.6127379527559055
11
0.1505153543307086
21
0.6112224803149606
0
LINE
8
BLACK
6
CONTINUOUS
10
0.1505153543307086
20
0.6112224803149606
11
0.1573474015748031
21
0.6095144488188976
0
LINE
8
BLACK
6
CONTINUOUS
10
0.1573474015748031
20
0.6095144488188976
11
0.1622446062992126
21
0.6095144488188976
0
LINE
8
BLACK
6
CONTINUOUS
10
0.1622446062992126
20
0.6095144488188976
11
0.1690766535433071
21
0.6112224803149606
0
LINE
8
BLACK
6
CONTINUOUS
10
0.1690766535433071
20
0.6112224803149606
11
0.1721076377952756
21
0.6127379921259842
0
LINE
8
BLACK
6
CONTINUOUS
10
0.1721076377952756
20
0.6127379921259842
11
0.1750255118110236
21
0.6156558267716535
0
LINE
8
BLACK
6
CONTINUOUS
10
0.1750255118110236
20
0.6156558267716535
11
0.1765283070866142
21
0.6201641732283465
0
LINE
8
BLACK
6
CONTINUOUS
10
0.1765283070866142
20
0.6201641732283465
11
0.1765283070866142
21
0.6261061023622048
0
LINE
8
BLACK
6
CONTINUOUS
10
0.1765283070866142
20
0.6261061023622048
11
0.1430637401574803
21
0.6261061023622048
0
LINE
8
BLACK
6
CONTINUOUS
10
0.1430637401574803
20
0.6261061023622048
11
0.1430637401574803
21
0.6201642125984251
0
LINE
8
BLACK
6
CONTINUOUS
10
0.0987112204724409
20
0.6438903937007874
11
0.098859842519685
21
0.6438903937007874
0
LINE
8
BLACK
6
CONTINUOUS
10
0.098859842519685
20
0.6438903937007874
11
0.0992584251968504
21
0.6437253149606299
0
LINE
8
BLACK
6
CONTINUOUS
10
0.0992584251968504
20
0.6437253149606299
11
0.0996718503937008
21
0.6436005511811024
0
LINE
8
BLACK
6
CONTINUOUS
10
0.0996718503937008
20
0.6436005511811024
11
0.099786968503937
21
0.6435063779527559
0
LINE
8
BLACK
6
CONTINUOUS
10
0.099786968503937
20
0.6435063779527559
11
0.0999242519685039
21
0.6434494881889764
0
LINE
8
BLACK
6
CONTINUOUS
10
0.0999242519685039
20
0.6434494881889764
11
0.1002292913385827
21
0.6431444488188977
0
LINE
8
BLACK
6
CONTINUOUS
10
0.1002292913385827
20
0.6431444488188977
11
0.1005635039370079
21
0.6428709842519685
0
LINE
8
BLACK
6
CONTINUOUS
10
0.1005635039370079
20
0.6428709842519685
11
0.1006337795275591
21
0.6427399606299212
0
LINE
8
BLACK
6
CONTINUOUS
10
0.1006337795275591
20
0.6427399606299212
11
0.100738937007874
21
0.6426348031496063
0
LINE
8
BLACK
6
CONTINUOUS
10
0.100738937007874
20
0.6426348031496063
11
0.1009040157480315
21
0.6422362204724409
0
LINE
8
BLACK
6
CONTINUOUS
10
0.1009040157480315
20
0.6422362204724409
11
0.1011081496062992
21
0.641855748031496
0
LINE
8
BLACK
6
CONTINUOUS
10
0.1011081496062992
20
0.641855748031496
11
0.1011229133858268
21
0.6417077559055118
0
LINE
8
BLACK
6
CONTINUOUS
10
0.1011229133858268
20
0.6417077559055118
11
0.101179842519685
21
0.6415703937007874
0
LINE
8
BLACK
6
CONTINUOUS
10
0.101179842519685
20
0.6415703937007874
11
0.101179842519685
21
0.6411388582677165
0
LINE
8
BLACK
6
CONTINUOUS
10
0.101179842519685
20
0.6411388582677165
11
0.1012227952755906
21
0.6407093307086614
0
LINE
8
BLACK
6
CONTINUOUS
10
0.1012227952755906
20
0.6407093307086614
11
0.101179842519685
21
0.6405670078740158
0
LINE
8
BLACK
6
CONTINUOUS
10
0.101179842519685
20
0.6405670078740158
11
0.101179842519685
21
0.6404183070866142
0
LINE
8
BLACK
6
CONTINUOUS
10
0.101179842519685
20
0.6404183070866142
11
0.1010146850393701
21
0.6400196456692914
0
LINE
8
BLACK
6
CONTINUOUS
10
0.1010146850393701
20
0.6400196456692914
11
0.10089
21
0.6396063385826771
0
LINE
8
BLACK
6
CONTINUOUS
10
0.10089
20
0.6396063385826771
11
0.1007958267716535
21
0.6394912598425196
0
LINE
8
BLACK
6
CONTINUOUS
10
0.1007958267716535
20
0.6394912598425196
11
0.100738937007874
21
0.6393538976377953
0
LINE
8
BLACK
6
CONTINUOUS
10
0.100738937007874
20
0.6393538976377953
11
0.1003717322834646
21
0.6389064566929133
0
LINE
8
BLACK
6
CONTINUOUS
10
0.1003717322834646
20
0.6389064566929133
11
0.0988357874015748
21
0.6373705118110236
0
LINE
8
BLACK
6
CONTINUOUS
10
0.0988357874015748
20
0.6373705118110236
11
0.0974870472440945
21
0.634673031496063
0
LINE
8
BLACK
6
CONTINUOUS
10
0.0974870472440945
20
0.634673031496063
11
0.0974870472440945
21
0.6266933070866142
0
LINE
8
BLACK
6
CONTINUOUS
10
0.0974870472440945
20
0.6266933070866142
11
0.0988357874015748
21
0.6239958267716536
0
LINE
8
BLACK
6
CONTINUOUS
10
0.0988357874015748
20
0.6239958267716536
11
0.1000329133858268
21
0.6227987007874015
0
LINE
8
BLACK
6
CONTINUOUS
10
0.1000329133858268
20
0.6227987007874015
11
0.1027303937007874
21
0.6214499606299212
0
LINE
8
BLACK
6
CONTINUOUS
10
0.1027303937007874
20
0.6214499606299212
11
0.1107101181102362
21
0.6214499606299212
0
LINE
8
BLACK
6
CONTINUOUS
10
0.1107101181102362
20
0.6214499606299212
11
0.1134075984251968
21
0.6227987401574803
0
LINE
8
BLACK
6
CONTINUOUS
10
0.1134075984251968
20
0.6227987401574803
11
0.1146047637795276
21
0.6239958661417323
0
LINE
8
BLACK
6
CONTINUOUS
10
0.1146047637795276
20
0.6239958661417323
11
0.1159535039370079
21
0.6266933070866142
0
LINE
8
BLACK
6
CONTINUOUS
10
0.1159535039370079
20
0.6266933070866142
11
0.1159535039370079
21
0.634673031496063
0
LINE
8
BLACK
6
CONTINUOUS
10
0.1159535039370079
20
0.634673031496063
11
0.1146047637795276
21
0.6373705118110236
0
LINE
8
BLACK
6
CONTINUOUS
10
0.1146047637795276
20
0.6373705118110236
11
0.1130688188976378
21
0.6389064173228346
0
LINE
8
BLACK
6
CONTINUOUS
10
0.1130688188976378
20
0.6389064173228346
11
0.1127015748031496
21
0.6393538976377953
0
LINE
8
BLACK
6
CONTINUOUS
10
0.1127015748031496
20
0.6393538976377953
11
0.1122606692913386
21
0.6404183070866142
0
LINE
8
BLACK
6
CONTINUOUS
10
0.1122606692913386
20
0.6404183070866142
11
0.1122606692913386
21
0.6415703937007874
0
LINE
8
BLACK
6
CONTINUOUS
10
0.1122606692913386
20
0.6415703937007874
11
0.1127015354330709
21
0.6426348031496063
0
LINE
8
BLACK
6
CONTINUOUS
10
0.1127015354330709
20
0.6426348031496063
11
0.1135162204724409
21
0.6434494881889764
0
LINE
8
BLACK
6
CONTINUOUS
10
0.1135162204724409
20
0.6434494881889764
11
0.1145806299212598
21
0.6438903937007874
0
LINE
8
BLACK
6
CONTINUOUS
10
0.1145806299212598
20
0.6438903937007874
11
0.1157327165354331
21
0.6438903937007874
0
LINE
8
BLACK
6
CONTINUOUS
10
0.1157327165354331
20
0.6438903937007874
11
0.116797125984252
21
0.6434495275590552
0
LINE
8
BLACK
6
CONTINUOUS
10
0.116797125984252
20
0.6434495275590552
11
0.1172445669291339
21
0.6430823228346456
0
LINE
8
BLACK
6
CONTINUOUS
10
0.1172445669291339
20
0.6430823228346456
11
0.1191193700787402
21
0.6412075590551181
0
LINE
8
BLACK
6
CONTINUOUS
10
0.1191193700787402
20
0.6412075590551181
11
0.1193051181102362
21
0.6409812204724409
0
LINE
8
BLACK
6
CONTINUOUS
10
0.1193051181102362
20
0.6409812204724409
11
0.1193641732283465
21
0.64093
0
LINE
8
BLACK
6
CONTINUOUS
10
0.1193641732283465
20
0.64093
11
0.119420157480315
21
0.640841062992126
0
LINE
8
BLACK
6
CONTINUOUS
10
0.119420157480315
20
0.640841062992126
11
0.1194866141732283
21
0.6407600787401575
0
LINE
8
BLACK
6
CONTINUOUS
10
0.1194866141732283
20
0.6407600787401575
11
0.1195164173228346
21
0.6406881496062992
0
LINE
8
BLACK
6
CONTINUOUS
10
0.1195164173228346
20
0.6406881496062992
11
0.1196725196850394
21
0.6404401181102362
0
LINE
8
BLACK
6
CONTINUOUS
10
0.1196725196850394
20
0.6404401181102362
11
0.1215472834645669
21
0.636690590551181
0
LINE
8
BLACK
6
CONTINUOUS
10
0.1215472834645669
20
0.636690590551181
11
0.1217541732283465
21
0.63615
0
LINE
8
BLACK
6
CONTINUOUS
10
0.1217541732283465
20
0.63615
11
0.1217616929133858
21
0.6360441338582677
0
LINE
8
BLACK
6
CONTINUOUS
10
0.1217616929133858
20
0.6360441338582677
11
0.1218022834645669
21
0.6359461417322835
0
LINE
8
BLACK
6
CONTINUOUS
10
0.1218022834645669
20
0.6359461417322835
11
0.1218590157480315
21
0.6353700787401575
0
LINE
8
BLACK
6
CONTINUOUS
10
0.1218590157480315
20
0.6353700787401575
11
0.1218590157480315
21
0.6259962598425197
0
LINE
8
BLACK
6
CONTINUOUS
10
0.1218590157480315
20
0.6259962598425197
11
0.1218022834645669
21
0.6254201968503937
0
LINE
8
BLACK
6
CONTINUOUS
10
0.1218022834645669
20
0.6254201968503937
11
0.1217616929133858
21
0.6253222440944882
0
LINE
8
BLACK
6
CONTINUOUS
10
0.1217616929133858
20
0.6253222440944882
11
0.1217541732283465
21
0.6252163385826771
0
LINE
8
BLACK
6
CONTINUOUS
10
0.1217541732283465
20
0.6252163385826771
11
0.1215472834645669
21
0.6246757480314961
0
LINE
8
BLACK
6
CONTINUOUS
10
0.1215472834645669
20
0.6246757480314961
11
0.1196725196850394
21
0.6209262204724409
0
LINE
8
BLACK
6
CONTINUOUS
10
0.1196725196850394
20
0.6209262204724409
11
0.1195164173228346
21
0.6206782283464567
0
LINE
8
BLACK
6
CONTINUOUS
10
0.1195164173228346
20
0.6206782283464567
11
0.1194866141732283
21
0.6206062598425197
0
LINE
8
BLACK
6
CONTINUOUS
10
0.1194866141732283
20
0.6206062598425197
11
0.119420157480315
21
0.6205253149606299
0
LINE
8
BLACK
6
CONTINUOUS
10
0.119420157480315
20
0.6205253149606299
11
0.1193641732283465
21
0.6204363385826771
0
LINE
8
BLACK
6
CONTINUOUS
10
0.1193641732283465
20
0.6204363385826771
11
0.1193051181102362
21
0.620385157480315
0
LINE
8
BLACK
6
CONTINUOUS
10
0.1193051181102362
20
0.620385157480315
11
0.1191193700787402
21
0.620158779527559
0
LINE
8
BLACK
6
CONTINUOUS
10
0.1191193700787402
20
0.620158779527559
11
0.1172445669291339
21
0.6182840157480315
0
LINE
8
BLACK
6
CONTINUOUS
10
0.1172445669291339
20
0.6182840157480315
11
0.1170182283464567
21
0.6180983070866142
0
LINE
8
BLACK
6
CONTINUOUS
10
0.1170182283464567
20
0.6180983070866142
11
0.1169670866141732
21
0.6180392913385827
0
LINE
8
BLACK
6
CONTINUOUS
10
0.1169670866141732
20
0.6180392913385827
11
0.1168781496062992
21
0.617983346456693
0
LINE
8
BLACK
6
CONTINUOUS
10
0.1168781496062992
20
0.617983346456693
11
0.116797125984252
21
0.6179168110236221
0
LINE
8
BLACK
6
CONTINUOUS
10
0.116797125984252
20
0.6179168110236221
11
0.1167250787401575
21
0.6178870078740157
0
LINE
8
BLACK
6
CONTINUOUS
10
0.1167250787401575
20
0.6178870078740157
11
0.1164772047244094
21
0.6177309448818897
0
LINE
8
BLACK
6
CONTINUOUS
10
0.1164772047244094
20
0.6177309448818897
11
0.1127276771653543
21
0.6158561811023622
0
LINE
8
BLACK
6
CONTINUOUS
10
0.1127276771653543
20
0.6158561811023622
11
0.1121870472440945
21
0.6156492913385827
0
LINE
8
BLACK
6
CONTINUOUS
10
0.1121870472440945
20
0.6156492913385827
11
0.1120812204724409
21
0.615641811023622
0
LINE
8
BLACK
6
CONTINUOUS
10
0.1120812204724409
20
0.615641811023622
11
0.1119832283464567
21
0.6156011811023622
0
LINE
8
BLACK
6
CONTINUOUS
10
0.1119832283464567
20
0.6156011811023622
11
0.1114071653543307
21
0.6155444488188976
0
LINE
8
BLACK
6
CONTINUOUS
10
0.1114071653543307
20
0.6155444488188976
11
0.1020333464566929
21
0.6155444488188976
0
LINE
8
BLACK
6
CONTINUOUS
10
0.1020333464566929
20
0.6155444488188976
11
0.1014572834645669
21
0.6156011811023622
0
LINE
8
BLACK
6
CONTINUOUS
10
0.1014572834645669
20
0.6156011811023622
11
0.1013592913385827
21
0.6156417716535433
0
LINE
8
BLACK
6
CONTINUOUS
10
0.1013592913385827
20
0.6156417716535433
11
0.1012534251968504
21
0.6156492913385827
0
LINE
8
BLACK
6
CONTINUOUS
10
0.1012534251968504
20
0.6156492913385827
11
0.1007128346456693
21
0.6158561811023622
0
LINE
8
BLACK
6
CONTINUOUS
10
0.1007128346456693
20
0.6158561811023622
11
0.0969633070866142
21
0.6177309448818897
0
LINE
8
BLACK
6
CONTINUOUS
10
0.0969633070866142
20
0.6177309448818897
11
0.0967152755905512
21
0.6178870472440945
0
LINE
8
BLACK
6
CONTINUOUS
10
0.0967152755905512
20
0.6178870472440945
11
0.0966433464566929
21
0.6179168503937008
0
LINE
8
BLACK
6
CONTINUOUS
10
0.0966433464566929
20
0.6179168503937008
11
0.0965623622047244
21
0.617983346456693
0
LINE
8
BLACK
6
CONTINUOUS
10
0.0965623622047244
20
0.617983346456693
11
0.0964734251968504
21
0.6180392913385827
0
LINE
8
BLACK
6
CONTINUOUS
10
0.0964734251968504
20
0.6180392913385827
11
0.0964222440944882
21
0.6180983070866142
0
LINE
8
BLACK
6
CONTINUOUS
10
0.0964222440944882
20
0.6180983070866142
11
0.096195905511811
21
0.6182840551181102
0
LINE
8
BLACK
6
CONTINUOUS
10
0.096195905511811
20
0.6182840551181102
11
0.0943211417322835
21
0.6201588188976378
0
LINE
8
BLACK
6
CONTINUOUS
10
0.0943211417322835
20
0.6201588188976378
11
0.0941353543307087
21
0.6203851968503937
0
LINE
8
BLACK
6
CONTINUOUS
10
0.0941353543307087
20
0.6203851968503937
11
0.0940763779527559
21
0.6204363385826771
0
LINE
8
BLACK
6
CONTINUOUS
10
0.0940763779527559
20
0.6204363385826771
11
0.0940203937007874
21
0.6205253149606299
0
LINE
8
BLACK
6
CONTINUOUS
10
0.0940203937007874
20
0.6205253149606299
11
0.093953937007874
21
0.6206062598425197
0
LINE
8
BLACK
6
CONTINUOUS
10
0.093953937007874
20
0.6206062598425197
11
0.093924094488189
21
0.6206782283464567
0
LINE
8
BLACK
6
CONTINUOUS
10
0.093924094488189
20
0.6206782283464567
11
0.093768031496063
21
0.6209262204724409
0
LINE
8
BLACK
6
CONTINUOUS
10
0.093768031496063
20
0.6209262204724409
11
0.0918932677165354
21
0.6246757480314961
0
LINE
8
BLACK
6
CONTINUOUS
10
0.0918932677165354
20
0.6246757480314961
11
0.0916863779527559
21
0.6252163779527559
0
LINE
8
BLACK
6
CONTINUOUS
10
0.0916863779527559
20
0.6252163779527559
11
0.0916788582677165
21
0.6253222047244095
0
LINE
8
BLACK
6
CONTINUOUS
10
0.0916788582677165
20
0.6253222047244095
11
0.0916382677165354
21
0.6254201968503937
0
LINE
8
BLACK
6
CONTINUOUS
10
0.0916382677165354
20
0.6254201968503937
11
0.0915815354330709
21
0.6259962598425197
0
LINE
8
BLACK
6
CONTINUOUS
10
0.0915815354330709
20
0.6259962598425197
11
0.0915815354330709
21
0.6353700787401575
0
LINE
8
BLACK
6
CONTINUOUS
10
0.0915815354330709
20
0.6353700787401575
11
0.0916382677165354
21
0.6359461417322835
0
LINE
8
BLACK
6
CONTINUOUS
10
0.0916382677165354
20
0.6359461417322835
11
0.0916788582677165
21
0.6360441732283464
0
LINE
8
BLACK
6
CONTINUOUS
10
0.0916788582677165
20
0.6360441732283464
11
0.0916863779527559
21
0.6361499606299212
0
LINE
8
BLACK
6
CONTINUOUS
10
0.0916863779527559
20
0.6361499606299212
11
0.0918932677165354
21
0.636690590551181
0
LINE
8
BLACK
6
CONTINUOUS
10
0.0918932677165354
20
0.636690590551181
11
0.0922601968503937
21
0.6374245275590551
0
LINE
8
BLACK
6
CONTINUOUS
10
0.0922601968503937
20
0.6374245275590551
11
0.082488937007874
21
0.6364474015748032
0
LINE
8
BLACK
6
CONTINUOUS
10
0.082488937007874
20
0.6364474015748032
11
0.082488937007874
21
0.6203719685039369
0
LINE
8
BLACK
6
CONTINUOUS
10
0.082488937007874
20
0.6203719685039369
11
0.0824322047244094
21
0.619795905511811
0
LINE
8
BLACK
6
CONTINUOUS
10
0.0824322047244094
20
0.619795905511811
11
0.0819912992125984
21
0.6187314960629922
0
LINE
8
BLACK
6
CONTINUOUS
10
0.0819912992125984
20
0.6187314960629922
11
0.0811766535433071
21
0.6179168503937008
0
LINE
8
BLACK
6
CONTINUOUS
10
0.0811766535433071
20
0.6179168503937008
11
0.0801122440944882
21
0.6174759448818897
0
LINE
8
BLACK
6
CONTINUOUS
10
0.0801122440944882
20
0.6174759448818897
11
0.0789601181102362
21
0.6174759448818897
0
LINE
8
BLACK
6
CONTINUOUS
10
0.0789601181102362
20
0.6174759448818897
11
0.0778957086614173
21
0.6179168503937008
0
LINE
8
BLACK
6
CONTINUOUS
10
0.0778957086614173
20
0.6179168503937008
11
0.077081062992126
21
0.6187314960629922
0
LINE
8
BLACK
6
CONTINUOUS
10
0.077081062992126
20
0.6187314960629922
11
0.076640157480315
21
0.619795905511811
0
LINE
8
BLACK
6
CONTINUOUS
10
0.076640157480315
20
0.619795905511811
11
0.0765834251968504
21
0.6203719685039369
0
LINE
8
BLACK
6
CONTINUOUS
10
0.0765834251968504
20
0.6203719685039369
11
0.0765834251968504
21
0.6391196062992126
0
LINE
8
BLACK
6
CONTINUOUS
10
0.0765834251968504
20
0.6391196062992126
11
0.0766043700787402
21
0.6393326771653544
0
LINE
8
BLACK
6
CONTINUOUS
10
0.0766043700787402
20
0.6393326771653544
11
0.0765972047244095
21
0.6394046456692913
0
LINE
8
BLACK
6
CONTINUOUS
10
0.0765972047244095
20
0.6394046456692913
11
0.0766183858267716
21
0.639475
0
LINE
8
BLACK
6
CONTINUOUS
10
0.0766183858267716
20
0.639475
11
0.076640157480315
21
0.6396956692913386
0
LINE
8
BLACK
6
CONTINUOUS
10
0.076640157480315
20
0.6396956692913386
11
0.0768052755905512
21
0.6400943700787401
0
LINE
8
BLACK
6
CONTINUOUS
10
0.0768052755905512
20
0.6400943700787401
11
0.07693
21
0.6405076377952755
0
LINE
8
BLACK
6
CONTINUOUS
10
0.07693
20
0.6405076377952755
11
0.0770241338582677
21
0.6406227559055118
0
LINE
8
BLACK
6
CONTINUOUS
10
0.0770241338582677
20
0.6406227559055118
11
0.077081062992126
21
0.6407600787401575
0
LINE
8
BLACK
6
CONTINUOUS
10
0.077081062992126
20
0.6407600787401575
11
0.0773862992125984
21
0.6410653543307087
0
LINE
8
BLACK
6
CONTINUOUS
10
0.0773862992125984
20
0.6410653543307087
11
0.0776595669291339
21
0.6413992913385826
0
LINE
8
BLACK
6
CONTINUOUS
10
0.0776595669291339
20
0.6413992913385826
11
0.0777905118110236
21
0.6414695669291338
0
LINE
8
BLACK
6
CONTINUOUS
10
0.0777905118110236
20
0.6414695669291338
11
0.0778957086614173
21
0.6415747244094488
0
LINE
8
BLACK
6
CONTINUOUS
10
0.0778957086614173
20
0.6415747244094488
11
0.0782944881889764
21
0.6417399212598425
0
LINE
8
BLACK
6
CONTINUOUS
10
0.0782944881889764
20
0.6417399212598425
11
0.0786748031496063
21
0.641943937007874
0
LINE
8
BLACK
6
CONTINUOUS
10
0.0786748031496063
20
0.641943937007874
11
0.0788922834645669
21
0.6419875590551181
0
LINE
8
BLACK
6
CONTINUOUS
10
0.0788922834645669
20
0.6419875590551181
11
0.0789601181102362
21
0.6420156299212598
0
LINE
8
BLACK
6
CONTINUOUS
10
0.0789601181102362
20
0.6420156299212598
11
0.0790324409448819
21
0.6420156299212598
0
LINE
8
BLACK
6
CONTINUOUS
10
0.0790324409448819
20
0.6420156299212598
11
0.0792423622047244
21
0.6420577165354331
0
LINE
8
BLACK
6
CONTINUOUS
10
0.0792423622047244
20
0.6420577165354331
11
0.09799
21
0.6439324803149606
0
LINE
8
BLACK
6
CONTINUOUS
10
0.09799
20
0.6439324803149606
11
0.0985688582677165
21
0.6439333464566929
0
LINE
8
BLACK
6
CONTINUOUS
10
0.0985688582677165
20
0.6439333464566929
11
0.0987112204724409
21
0.6438903937007874
0
LINE
8
BLACK
6
CONTINUOUS
10
0.0987112204724409
20
0.6813857086614173
11
0.098859842519685
21
0.6813857086614173
0
LINE
8
BLACK
6
CONTINUOUS
10
0.098859842519685
20
0.6813857086614173
11
0.0992584251968504
21
0.6812206299212599
0
LINE
8
BLACK
6
CONTINUOUS
10
0.0992584251968504
20
0.6812206299212599
11
0.0996718503937008
21
0.6810958661417322
0
LINE
8
BLACK
6
CONTINUOUS
10
0.0996718503937008
20
0.6810958661417322
11
0.099786968503937
21
0.6810016929133859
0
LINE
8
BLACK
6
CONTINUOUS
10
0.099786968503937
20
0.6810016929133859
11
0.0999242519685039
21
0.6809448031496063
0
LINE
8
BLACK
6
CONTINUOUS
10
0.0999242519685039
20
0.6809448031496063
11
0.1002292913385827
21
0.6806397637795275
0
LINE
8
BLACK
6
CONTINUOUS
10
0.1002292913385827
20
0.6806397637795275
11
0.1005635039370079
21
0.6803662992125984
0
LINE
8
BLACK
6
CONTINUOUS
10
0.1005635039370079
20
0.6803662992125984
11
0.1006337795275591
21
0.6802352755905512
0
LINE
8
BLACK
6
CONTINUOUS
10
0.1006337795275591
20
0.6802352755905512
11
0.100738937007874
21
0.6801301181102362
0
LINE
8
BLACK
6
CONTINUOUS
10
0.100738937007874
20
0.6801301181102362
11
0.1009040157480315
21
0.6797315354330709
0
LINE
8
BLACK
6
CONTINUOUS
10
0.1009040157480315
20
0.6797315354330709
11
0.1011081496062992
21
0.679351062992126
0
LINE
8
BLACK
6
CONTINUOUS
10
0.1011081496062992
20
0.679351062992126
11
0.1011229133858268
21
0.6792030708661417
0
LINE
8
BLACK
6
CONTINUOUS
10
0.1011229133858268
20
0.6792030708661417
11
0.101179842519685
21
0.6790657086614174
0
LINE
8
BLACK
6
CONTINUOUS
10
0.101179842519685
20
0.6790657086614174
11
0.101179842519685
21
0.6786341732283464
0
LINE
8
BLACK
6
CONTINUOUS
10
0.101179842519685
20
0.6786341732283464
11
0.1012227952755906
21
0.6782046456692913
0
LINE
8
BLACK
6
CONTINUOUS
10
0.1012227952755906
20
0.6782046456692913
11
0.101179842519685
21
0.6780623228346456
0
LINE
8
BLACK
6
CONTINUOUS
10
0.101179842519685
20
0.6780623228346456
11
0.101179842519685
21
0.677913622047244
0
LINE
8
BLACK
6
CONTINUOUS
10
0.101179842519685
20
0.677913622047244
11
0.1010146850393701
21
0.6775149606299212
0
LINE
8
BLACK
6
CONTINUOUS
10
0.1010146850393701
20
0.6775149606299212
11
0.10089
21
0.6771016535433071
0
LINE
8
BLACK
6
CONTINUOUS
10
0.10089
20
0.6771016535433071
11
0.1007958267716535
21
0.6769865748031496
0
LINE
8
BLACK
6
CONTINUOUS
10
0.1007958267716535
20
0.6769865748031496
11
0.100738937007874
21
0.6768492125984252
0
LINE
8
BLACK
6
CONTINUOUS
10
0.100738937007874
20
0.6768492125984252
11
0.1003717322834646
21
0.6764017716535433
0
LINE
8
BLACK
6
CONTINUOUS
10
0.1003717322834646
20
0.6764017716535433
11
0.0988357874015748
21
0.6748658267716535
0
LINE
8
BLACK
6
CONTINUOUS
10
0.0988357874015748
20
0.6748658267716535
11
0.0974870472440945
21
0.6721683464566929
0
LINE
8
BLACK
6
CONTINUOUS
10
0.0974870472440945
20
0.6721683464566929
11
0.0974870472440945
21
0.664188622047244
0
LINE
8
BLACK
6
CONTINUOUS
10
0.0974870472440945
20
0.664188622047244
11
0.0988357874015748
21
0.6614911417322834
0
LINE
8
BLACK
6
CONTINUOUS
10
0.0988357874015748
20
0.6614911417322834
11
0.1000329133858268
21
0.6602940157480315
0
LINE
8
BLACK
6
CONTINUOUS
10
0.1000329133858268
20
0.6602940157480315
11
0.1027303937007874
21
0.6589452755905512
0
LINE
8
BLACK
6
CONTINUOUS
10
0.1027303937007874
20
0.6589452755905512
11
0.1107101181102362
21
0.6589452755905512
0
LINE
8
BLACK
6
CONTINUOUS
10
0.1107101181102362
20
0.6589452755905512
11
0.1134075984251968
21
0.6602940551181102
0
LINE
8
BLACK
6
CONTINUOUS
10
0.1134075984251968
20
0.6602940551181102
11
0.1146047637795276
21
0.6614911811023622
0
LINE
8
BLACK
6
CONTINUOUS
10
0.1146047637795276
20
0.6614911811023622
11
0.1159535039370079
21
0.664188622047244
0
LINE
8
BLACK
6
CONTINUOUS
10
0.1159535039370079
20
0.664188622047244
11
0.1159535039370079
21
0.6721683464566929
0
LINE
8
BLACK
6
CONTINUOUS
10
0.1159535039370079
20
0.6721683464566929
11
0.1146047637795276
21
0.6748658267716535
0
LINE
8
BLACK
6
CONTINUOUS
10
0.1146047637795276
20
0.6748658267716535
11
0.1130688188976378
21
0.6764017322834646
0
LINE
8
BLACK
6
CONTINUOUS
10
0.1130688188976378
20
0.6764017322834646
11
0.1127015748031496
21
0.6768492125984252
0
LINE
8
BLACK
6
CONTINUOUS
10
0.1127015748031496
20
0.6768492125984252
11
0.1122606692913386
21
0.677913622047244
0
LINE
8
BLACK
6
CONTINUOUS
10
0.1122606692913386
20
0.677913622047244
11
0.1122606692913386
21
0.6790657086614174
0
LINE
8
BLACK
6
CONTINUOUS
10
0.1122606692913386
20
0.6790657086614174
11
0.1127015354330709
21
0.6801301181102362
0
LINE
8
BLACK
6
CONTINUOUS
10
0.1127015354330709
20
0.6801301181102362
11
0.1135162204724409
21
0.6809448031496063
0
LINE
8
BLACK
6
CONTINUOUS
10
0.1135162204724409
20
0.6809448031496063
11
0.1145806299212598
21
0.6813857086614173
0
LINE
8
BLACK
6
CONTINUOUS
10
0.1145806299212598
20
0.6813857086614173
11
0.1157327165354331
21
0.6813857086614173
0
LINE
8
BLACK
6
CONTINUOUS
10
0.1157327165354331
20
0.6813857086614173
11
0.116797125984252
21
0.680944842519685
0
LINE
8
BLACK
6
CONTINUOUS
10
0.116797125984252
20
0.680944842519685
11
0.1172445669291339
21
0.6805776377952756
0
LINE
8
BLACK
6
CONTINUOUS
10
0.1172445669291339
20
0.6805776377952756
11
0.1191193700787402
21
0.678702874015748
0
LINE
8
BLACK
6
CONTINUOUS
10
0.1191193700787402
20
0.678702874015748
11
0.1193051181102362
21
0.6784765354330708
0
LINE
8
BLACK
6
CONTINUOUS
10
0.1193051181102362
20
0.6784765354330708
11
0.1193641732283465
21
0.6784253149606299
0
LINE
8
BLACK
6
CONTINUOUS
10
0.1193641732283465
20
0.6784253149606299
11
0.119420157480315
21
0.6783363779527559
0
LINE
8
BLACK
6
CONTINUOUS
10
0.119420157480315
20
0.6783363779527559
11
0.1194866141732283
21
0.6782553937007874
0
LINE
8
BLACK
6
CONTINUOUS
10
0.1194866141732283
20
0.6782553937007874
11
0.1195164173228346
21
0.6781834645669291
0
LINE
8
BLACK
6
CONTINUOUS
10
0.1195164173228346
20
0.6781834645669291
11
0.1196725196850394
21
0.6779354330708661
0
LINE
8
BLACK
6
CONTINUOUS
10
0.1196725196850394
20
0.6779354330708661
11
0.1215472834645669
21
0.674185905511811
0
LINE
8
BLACK
6
CONTINUOUS
10
0.1215472834645669
20
0.674185905511811
11
0.1217541732283465
21
0.67364531496063
0
LINE
8
BLACK
6
CONTINUOUS
10
0.1217541732283465
20
0.67364531496063
11
0.1217616929133858
21
0.6735394488188976
0
LINE
8
BLACK
6
CONTINUOUS
10
0.1217616929133858
20
0.6735394488188976
11
0.1218022834645669
21
0.6734414566929133
0
LINE
8
BLACK
6
CONTINUOUS
10
0.1218022834645669
20
0.6734414566929133
11
0.1218590157480315
21
0.6728653937007874
0
LINE
8
BLACK
6
CONTINUOUS
10
0.1218590157480315
20
0.6728653937007874
11
0.1218590157480315
21
0.6634915748031496
0
LINE
8
BLACK
6
CONTINUOUS
10
0.1218590157480315
20
0.6634915748031496
11
0.1218022834645669
21
0.6629155118110236
0
LINE
8
BLACK
6
CONTINUOUS
10
0.1218022834645669
20
0.6629155118110236
11
0.1217616929133858
21
0.6628175590551181
0
LINE
8
BLACK
6
CONTINUOUS
10
0.1217616929133858
20
0.6628175590551181
11
0.1217541732283465
21
0.6627116535433071
0
LINE
8
BLACK
6
CONTINUOUS
10
0.1217541732283465
20
0.6627116535433071
11
0.1215472834645669
21
0.6621710629921259
0
LINE
8
BLACK
6
CONTINUOUS
10
0.1215472834645669
20
0.6621710629921259
11
0.1196725196850394
21
0.6584215354330708
0
LINE
8
BLACK
6
CONTINUOUS
10
0.1196725196850394
20
0.6584215354330708
11
0.1195164173228346
21
0.6581735433070866
0
LINE
8
BLACK
6
CONTINUOUS
10
0.1195164173228346
20
0.6581735433070866
11
0.1194866141732283
21
0.6581015748031496
0
LINE
8
BLACK
6
CONTINUOUS
10
0.1194866141732283
20
0.6581015748031496
11
0.119420157480315
21
0.6580206299212599
0
LINE
8
BLACK
6
CONTINUOUS
10
0.119420157480315
20
0.6580206299212599
11
0.1193641732283465
21
0.6579316535433071
0
LINE
8
BLACK
6
CONTINUOUS
10
0.1193641732283465
20
0.6579316535433071
11
0.1193051181102362
21
0.6578804724409448
0
LINE
8
BLACK
6
CONTINUOUS
10
0.1193051181102362
20
0.6578804724409448
11
0.1191193700787402
21
0.657654094488189
0
LINE
8
BLACK
6
CONTINUOUS
10
0.1191193700787402
20
0.657654094488189
11
0.1172445669291339
21
0.6557793307086615
0
LINE
8
BLACK
6
CONTINUOUS
10
0.1172445669291339
20
0.6557793307086615
11
0.1170182283464567
21
0.655593622047244
0
LINE
8
BLACK
6
CONTINUOUS
10
0.1170182283464567
20
0.655593622047244
11
0.1169670866141732
21
0.6555346062992126
0
LINE
8
BLACK
6
CONTINUOUS
10
0.1169670866141732
20
0.6555346062992126
11
0.1168781496062992
21
0.6554786614173228
0
LINE
8
BLACK
6
CONTINUOUS
10
0.1168781496062992
20
0.6554786614173228
11
0.116797125984252
21
0.6554121259842519
0
LINE
8
BLACK
6
CONTINUOUS
10
0.116797125984252
20
0.6554121259842519
11
0.1167250787401575
21
0.6553823228346457
0
LINE
8
BLACK
6
CONTINUOUS
10
0.1167250787401575
20
0.6553823228346457
11
0.1164772047244094
21
0.6552262598425197
0
LINE
8
BLACK
6
CONTINUOUS
10
0.1164772047244094
20
0.6552262598425197
11
0.1127276771653543
21
0.6533514960629921
0
LINE
8
BLACK
6
CONTINUOUS
10
0.1127276771653543
20
0.6533514960629921
11
0.1121870472440945
21
0.6531446062992126
0
LINE
8
BLACK
6
CONTINUOUS
10
0.1121870472440945
20
0.6531446062992126
11
0.1120812204724409
21
0.653137125984252
0
LINE
8
BLACK
6
CONTINUOUS
10
0.1120812204724409
20
0.653137125984252
11
0.1119832283464567
21
0.6530964960629921
0
LINE
8
BLACK
6
CONTINUOUS
10
0.1119832283464567
20
0.6530964960629921
11
0.1114071653543307
21
0.6530397637795275
0
LINE
8
BLACK
6
CONTINUOUS
10
0.1114071653543307
20
0.6530397637795275
11
0.1020333464566929
21
0.6530397637795275
0
LINE
8
BLACK
6
CONTINUOUS
10
0.1020333464566929
20
0.6530397637795275
11
0.1014572834645669
21
0.6530964960629921
0
LINE
8
BLACK
6
CONTINUOUS
10
0.1014572834645669
20
0.6530964960629921
11
0.1013592913385827
21
0.6531370866141732
0
LINE
8
BLACK
6
CONTINUOUS
10
0.1013592913385827
20
0.6531370866141732
11
0.1012534251968504
21
0.6531446062992126
0
LINE
8
BLACK
6
CONTINUOUS
10
0.1012534251968504
20
0.6531446062992126
11
0.1007128346456693
21
0.6533514960629921
0
LINE
8
BLACK
6
CONTINUOUS
10
0.1007128346456693
20
0.6533514960629921
11
0.0969633070866142
21
0.6552262598425197
0
LINE
8
BLACK
6
CONTINUOUS
10
0.0969633070866142
20
0.6552262598425197
11
0.0967152755905512
21
0.6553823622047243
0
LINE
8
BLACK
6
CONTINUOUS
10
0.0967152755905512
20
0.6553823622047243
11
0.0966433464566929
21
0.6554121653543307
0
LINE
8
BLACK
6
CONTINUOUS
10
0.0966433464566929
20
0.6554121653543307
11
0.0965623622047244
21
0.6554786614173228
0
LINE
8
BLACK
6
CONTINUOUS
10
0.0965623622047244
20
0.6554786614173228
11
0.0964734251968504
21
0.6555346062992126
0
LINE
8
BLACK
6
CONTINUOUS
10
0.0964734251968504
20
0.6555346062992126
11
0.0964222440944882
21
0.655593622047244
0
LINE
8
BLACK
6
CONTINUOUS
10
0.0964222440944882
20
0.655593622047244
11
0.096195905511811
21
0.6557793700787401
0
LINE
8
BLACK
6
CONTINUOUS
10
0.096195905511811
20
0.6557793700787401
11
0.0943211417322835
21
0.6576541338582677
0
LINE
8
BLACK
6
CONTINUOUS
10
0.0943211417322835
20
0.6576541338582677
11
0.0941353543307087
21
0.6578805118110236
0
LINE
8
BLACK
6
CONTINUOUS
10
0.0941353543307087
20
0.6578805118110236
11
0.0940763779527559
21
0.6579316535433071
0
LINE
8
BLACK
6
CONTINUOUS
10
0.0940763779527559
20
0.6579316535433071
11
0.0940203937007874
21
0.6580206299212599
0
LINE
8
BLACK
6
CONTINUOUS
10
0.0940203937007874
20
0.6580206299212599
11
0.093953937007874
21
0.6581015748031496
0
LINE
8
BLACK
6
CONTINUOUS
10
0.093953937007874
20
0.6581015748031496
11
0.093924094488189
21
0.6581735433070866
0
LINE
8
BLACK
6
CONTINUOUS
10
0.093924094488189
20
0.6581735433070866
11
0.093768031496063
21
0.6584215354330708
0
LINE
8
BLACK
6
CONTINUOUS
10
0.093768031496063
20
0.6584215354330708
11
0.0918932677165354
21
0.6621710629921259
0
LINE
8
BLACK
6
CONTINUOUS
10
0.0918932677165354
20
0.6621710629921259
11
0.0916863779527559
21
0.6627116929133858
0
LINE
8
BLACK
6
CONTINUOUS
10
0.0916863779527559
20
0.6627116929133858
11
0.0916788582677165
21
0.6628175196850393
0
LINE
8
BLACK
6
CONTINUOUS
10
0.0916788582677165
20
0.6628175196850393
11
0.0916382677165354
21
0.6629155118110236
0
LINE
8
BLACK
6
CONTINUOUS
10
0.0916382677165354
20
0.6629155118110236
11
0.0915815354330709
21
0.6634915748031496
0
LINE
8
BLACK
6
CONTINUOUS
10
0.0915815354330709
20
0.6634915748031496
11
0.0915815354330709
21
0.6728653937007874
0
LINE
8
BLACK
6
CONTINUOUS
10
0.0915815354330709
20
0.6728653937007874
11
0.0916382677165354
21
0.6734414566929133
0
LINE
8
BLACK
6
CONTINUOUS
10
0.0916382677165354
20
0.6734414566929133
11
0.0916788582677165
21
0.6735394881889764
0
LINE
8
BLACK
6
CONTINUOUS
10
0.0916788582677165
20
0.6735394881889764
11
0.0916863779527559
21
0.6736452755905512
0
LINE
8
BLACK
6
CONTINUOUS
10
0.0916863779527559
20
0.6736452755905512
11
0.0918932677165354
21
0.674185905511811
0
LINE
8
BLACK
6
CONTINUOUS
10
0.0918932677165354
20
0.674185905511811
11
0.0922601968503937
21
0.6749198425196851
0
LINE
8
BLACK
6
CONTINUOUS
10
0.0922601968503937
20
0.6749198425196851
11
0.082488937007874
21
0.673942716535433
0
LINE
8
BLACK
6
CONTINUOUS
10
0.082488937007874
20
0.673942716535433
11
0.082488937007874
21
0.6578672834645669
0
LINE
8
BLACK
6
CONTINUOUS
10
0.082488937007874
20
0.6578672834645669
11
0.0824322047244094
21
0.6572912204724409
0
LINE
8
BLACK
6
CONTINUOUS
10
0.0824322047244094
20
0.6572912204724409
11
0.0819912992125984
21
0.656226811023622
0
LINE
8
BLACK
6
CONTINUOUS
10
0.0819912992125984
20
0.656226811023622
11
0.0811766535433071
21
0.6554121653543307
0
LINE
8
BLACK
6
CONTINUOUS
10
0.0811766535433071
20
0.6554121653543307
11
0.0801122440944882
21
0.6549712598425197
0
LINE
8
BLACK
6
CONTINUOUS
10
0.0801122440944882
20
0.6549712598425197
11
0.0789601181102362
21
0.6549712598425197
0
LINE
8
BLACK
6
CONTINUOUS
10
0.0789601181102362
20
0.6549712598425197
11
0.0778957086614173
21
0.6554121653543307
0
LINE
8
BLACK
6
CONTINUOUS
10
0.0778957086614173
20
0.6554121653543307
11
0.077081062992126
21
0.656226811023622
0
LINE
8
BLACK
6
CONTINUOUS
10
0.077081062992126
20
0.656226811023622
11
0.076640157480315
21
0.6572912204724409
0
LINE
8
BLACK
6
CONTINUOUS
10
0.076640157480315
20
0.6572912204724409
11
0.0765834251968504
21
0.6578672834645669
0
LINE
8
BLACK
6
CONTINUOUS
10
0.0765834251968504
20
0.6578672834645669
11
0.0765834251968504
21
0.6766149212598425
0
LINE
8
BLACK
6
CONTINUOUS
10
0.0765834251968504
20
0.6766149212598425
11
0.0766043700787402
21
0.6768279921259842
0
LINE
8
BLACK
6
CONTINUOUS
10
0.0766043700787402
20
0.6768279921259842
11
0.0765972047244095
21
0.6768999606299212
0
LINE
8
BLACK
6
CONTINUOUS
10
0.0765972047244095
20
0.6768999606299212
11
0.0766183858267716
21
0.6769703149606299
0
LINE
8
BLACK
6
CONTINUOUS
10
0.0766183858267716
20
0.6769703149606299
11
0.076640157480315
21
0.6771909842519684
0
LINE
8
BLACK
6
CONTINUOUS
10
0.076640157480315
20
0.6771909842519684
11
0.0768052755905512
21
0.6775896850393701
0
LINE
8
BLACK
6
CONTINUOUS
10
0.0768052755905512
20
0.6775896850393701
11
0.07693
21
0.6780029527559055
0
LINE
8
BLACK
6
CONTINUOUS
10
0.07693
20
0.6780029527559055
11
0.0770241338582677
21
0.6781180708661417
0
LINE
8
BLACK
6
CONTINUOUS
10
0.0770241338582677
20
0.6781180708661417
11
0.077081062992126
21
0.6782553937007874
0
LINE
8
BLACK
6
CONTINUOUS
10
0.077081062992126
20
0.6782553937007874
11
0.0773862992125984
21
0.6785606692913385
0
LINE
8
BLACK
6
CONTINUOUS
10
0.0773862992125984
20
0.6785606692913385
11
0.0776595669291339
21
0.6788946062992126
0
LINE
8
BLACK
6
CONTINUOUS
10
0.0776595669291339
20
0.6788946062992126
11
0.0777905118110236
21
0.6789648818897638
0
LINE
8
BLACK
6
CONTINUOUS
10
0.0777905118110236
20
0.6789648818897638
11
0.0778957086614173
21
0.6790700393700787
0
LINE
8
BLACK
6
CONTINUOUS
10
0.0778957086614173
20
0.6790700393700787
11
0.0782944881889764
21
0.6792352362204724
0
LINE
8
BLACK
6
CONTINUOUS
10
0.0782944881889764
20
0.6792352362204724
11
0.0786748031496063
21
0.679439251968504
0
LINE
8
BLACK
6
CONTINUOUS
10
0.0786748031496063
20
0.679439251968504
11
0.0788922834645669
21
0.679482874015748
0
LINE
8
BLACK
6
CONTINUOUS
10
0.0788922834645669
20
0.679482874015748
11
0.0789601181102362
21
0.6795109448818898
0
LINE
8
BLACK
6
CONTINUOUS
10
0.0789601181102362
20
0.6795109448818898
11
0.0790324409448819
21
0.6795109448818898
0
LINE
8
BLACK
6
CONTINUOUS
10
0.0790324409448819
20
0.6795109448818898
11
0.0792423622047244
21
0.6795530314960629
0
LINE
8
BLACK
6
CONTINUOUS
10
0.0792423622047244
20
0.6795530314960629
11
0.09799
21
0.6814277952755905
0
LINE
8
BLACK
6
CONTINUOUS
10
0.09799
20
0.6814277952755905
11
0.0985688582677165
21
0.6814286614173228
0
LINE
8
BLACK
6
CONTINUOUS
10
0.0985688582677165
20
0.6814286614173228
11
0.0987112204724409
21
0.6813857086614173
0
LINE
8
BLACK
6
CONTINUOUS
10
0.0804699212598425
20
0.7187862204724409
11
0.11984
21
0.705662874015748
0
LINE
8
BLACK
6
CONTINUOUS
10
0.11984
20
0.705662874015748
11
0.1203685433070866
21
0.7054268897637795
0
LINE
8
BLACK
6
CONTINUOUS
10
0.1203685433070866
20
0.7054268897637795
11
0.120527874015748
21
0.7052887007874016
0
LINE
8
BLACK
6
CONTINUOUS
10
0.120527874015748
20
0.7052887007874016
11
0.1207166141732283
21
0.7051943307086614
0
LINE
8
BLACK
6
CONTINUOUS
10
0.1207166141732283
20
0.7051943307086614
11
0.1209592913385827
21
0.7049145275590551
0
LINE
8
BLACK
6
CONTINUOUS
10
0.1209592913385827
20
0.7049145275590551
11
0.1212388976377953
21
0.7046720078740157
0
LINE
8
BLACK
6
CONTINUOUS
10
0.1212388976377953
20
0.7046720078740157
11
0.1213331889763779
21
0.7044833858267716
0
LINE
8
BLACK
6
CONTINUOUS
10
0.1213331889763779
20
0.7044833858267716
11
0.1214714960629921
21
0.704323937007874
0
LINE
8
BLACK
6
CONTINUOUS
10
0.1214714960629921
20
0.704323937007874
11
0.1215885826771654
21
0.7039726771653543
0
LINE
8
BLACK
6
CONTINUOUS
10
0.1215885826771654
20
0.7039726771653543
11
0.1217541338582677
21
0.7036415748031496
0
LINE
8
BLACK
6
CONTINUOUS
10
0.1217541338582677
20
0.7036415748031496
11
0.1217690551181102
21
0.7034311811023621
0
LINE
8
BLACK
6
CONTINUOUS
10
0.1217690551181102
20
0.7034311811023621
11
0.1218358267716535
21
0.7032309448818898
0
LINE
8
BLACK
6
CONTINUOUS
10
0.1218358267716535
20
0.7032309448818898
11
0.1218095669291339
21
0.7028616535433071
0
LINE
8
BLACK
6
CONTINUOUS
10
0.1218095669291339
20
0.7028616535433071
11
0.1218358267716535
21
0.7024923622047244
0
LINE
8
BLACK
6
CONTINUOUS
10
0.1218358267716535
20
0.7024923622047244
11
0.1217690551181102
21
0.7022921653543307
0
LINE
8
BLACK
6
CONTINUOUS
10
0.1217690551181102
20
0.7022921653543307
11
0.1217541338582677
21
0.7020817322834646
0
LINE
8
BLACK
6
CONTINUOUS
10
0.1217541338582677
20
0.7020817322834646
11
0.1215885826771654
21
0.7017506692913386
0
LINE
8
BLACK
6
CONTINUOUS
10
0.1215885826771654
20
0.7017506692913386
11
0.1214714960629921
21
0.7013993700787401
0
LINE
8
BLACK
6
CONTINUOUS
10
0.1214714960629921
20
0.7013993700787401
11
0.1213331889763779
21
0.7012399606299212
0
LINE
8
BLACK
6
CONTINUOUS
10
0.1213331889763779
20
0.7012399606299212
11
0.1212388976377953
21
0.7010512992125985
0
LINE
8
BLACK
6
CONTINUOUS
10
0.1212388976377953
20
0.7010512992125985
11
0.1209592913385827
21
0.7008088188976378
0
LINE
8
BLACK
6
CONTINUOUS
10
0.1209592913385827
20
0.7008088188976378
11
0.1207166141732283
21
0.7005289763779528
0
LINE
8
BLACK
6
CONTINUOUS
10
0.1207166141732283
20
0.7005289763779528
11
0.120527874015748
21
0.7004346456692914
0
LINE
8
BLACK
6
CONTINUOUS
10
0.120527874015748
20
0.7004346456692914
11
0.1203685433070866
21
0.7002964173228347
0
LINE
8
BLACK
6
CONTINUOUS
10
0.1203685433070866
20
0.7002964173228347
11
0.11984
21
0.7000604330708661
0
LINE
8
BLACK
6
CONTINUOUS
10
0.11984
20
0.7000604330708661
11
0.0804699212598425
21
0.6869370866141732
0
LINE
8
BLACK
6
CONTINUOUS
10
0.0804699212598425
20
0.6869370866141732
11
0.0799054724409449
21
0.6868087401574803
0
LINE
8
BLACK
6
CONTINUOUS
10
0.0799054724409449
20
0.6868087401574803
11
0.0787562598425197
21
0.6868904330708662
0
LINE
8
BLACK
6
CONTINUOUS
10
0.0787562598425197
20
0.6868904330708662
11
0.0777258267716535
21
0.6874056299212599
0
LINE
8
BLACK
6
CONTINUOUS
10
0.0777258267716535
20
0.6874056299212599
11
0.0769709448818898
21
0.6882759842519685
0
LINE
8
BLACK
6
CONTINUOUS
10
0.0769709448818898
20
0.6882759842519685
11
0.0766066141732283
21
0.6893690157480314
0
LINE
8
BLACK
6
CONTINUOUS
10
0.0766066141732283
20
0.6893690157480314
11
0.0766883070866142
21
0.6905182283464567
0
LINE
8
BLACK
6
CONTINUOUS
10
0.0766883070866142
20
0.6905182283464567
11
0.0772035039370079
21
0.6915486614173229
0
LINE
8
BLACK
6
CONTINUOUS
10
0.0772035039370079
20
0.6915486614173229
11
0.0780738582677165
21
0.6923035433070865
0
LINE
8
BLACK
6
CONTINUOUS
10
0.0780738582677165
20
0.6923035433070865
11
0.0786024409448819
21
0.6925395275590551
0
LINE
8
BLACK
6
CONTINUOUS
10
0.0786024409448819
20
0.6925395275590551
11
0.1095688188976378
21
0.7028616535433071
0
LINE
8
BLACK
6
CONTINUOUS
10
0.1095688188976378
20
0.7028616535433071
11
0.0786024409448819
21
0.7131837795275591
0
LINE
8
BLACK
6
CONTINUOUS
10
0.0786024409448819
20
0.7131837795275591
11
0.0780738582677165
21
0.7134197637795275
0
LINE
8
BLACK
6
CONTINUOUS
10
0.0780738582677165
20
0.7134197637795275
11
0.0772035039370079
21
0.7141746456692913
0
LINE
8
BLACK
6
CONTINUOUS
10
0.0772035039370079
20
0.7141746456692913
11
0.0766883070866142
21
0.7152050787401575
0
LINE
8
BLACK
6
CONTINUOUS
10
0.0766883070866142
20
0.7152050787401575
11
0.0766066141732283
21
0.7163542913385826
0
LINE
8
BLACK
6
CONTINUOUS
10
0.0766066141732283
20
0.7163542913385826
11
0.0769709448818898
21
0.7174473228346456
0
LINE
8
BLACK
6
CONTINUOUS
10
0.0769709448818898
20
0.7174473228346456
11
0.0777258267716535
21
0.7183176771653543
0
LINE
8
BLACK
6
CONTINUOUS
10
0.0777258267716535
20
0.7183176771653543
11
0.0787562598425197
21
0.718832874015748
0
LINE
8
BLACK
6
CONTINUOUS
10
0.0787562598425197
20
0.718832874015748
11
0.0799054724409449
21
0.7189145669291338
0
LINE
8
BLACK
6
CONTINUOUS
10
0.0799054724409449
20
0.7189145669291338
11
0.0804699212598425
21
0.7187862204724409
0
LINE
8
BLACK
6
CONTINUOUS
10
0.119193031496063
20
0.7545015748031496
11
0.1194823228346457
21
0.7545015748031496
0
LINE
8
BLACK
6
CONTINUOUS
10
0.1194823228346457
20
0.7545015748031496
11
0.1197524015748031
21
0.7543897244094488
0
LINE
8
BLACK
6
CONTINUOUS
10
0.1197524015748031
20
0.7543897244094488
11
0.1200390551181102
21
0.7543323622047244
0
LINE
8
BLACK
6
CONTINUOUS
10
0.1200390551181102
20
0.7543323622047244
11
0.1202794094488189
21
0.7541714173228347
0
LINE
8
BLACK
6
CONTINUOUS
10
0.1202794094488189
20
0.7541714173228347
11
0.1205467322834646
21
0.7540606692913385
0
LINE
8
BLACK
6
CONTINUOUS
10
0.1205467322834646
20
0.7540606692913385
11
0.1207534251968504
21
0.7538539763779527
0
LINE
8
BLACK
6
CONTINUOUS
10
0.1207534251968504
20
0.7538539763779527
11
0.1209963385826772
21
0.7536912992125984
0
LINE
8
BLACK
6
CONTINUOUS
10
0.1209963385826772
20
0.7536912992125984
11
0.121156811023622
21
0.7534505905511811
0
LINE
8
BLACK
6
CONTINUOUS
10
0.121156811023622
20
0.7534505905511811
11
0.1213613779527559
21
0.7532460236220472
0
LINE
8
BLACK
6
CONTINUOUS
10
0.1213613779527559
20
0.7532460236220472
11
0.1214732283464567
21
0.7529759448818898
0
LINE
8
BLACK
6
CONTINUOUS
10
0.1214732283464567
20
0.7529759448818898
11
0.1216354330708661
21
0.7527326771653543
0
LINE
8
BLACK
6
CONTINUOUS
10
0.1216354330708661
20
0.7527326771653543
11
0.1216915354330709
21
0.7524488976377952
0
LINE
8
BLACK
6
CONTINUOUS
10
0.1216915354330709
20
0.7524488976377952
11
0.1218022834645669
21
0.7521816141732284
0
LINE
8
BLACK
6
CONTINUOUS
10
0.1218022834645669
20
0.7521816141732284
11
0.1218590157480315
21
0.7516055511811024
0
LINE
8
BLACK
6
CONTINUOUS
10
0.1218590157480315
20
0.7516055511811024
11
0.1218590157480315
21
0.7253588582677165
0
LINE
8
BLACK
6
CONTINUOUS
10
0.1218590157480315
20
0.7253588582677165
11
0.1218022834645669
21
0.7247827952755905
0
LINE
8
BLACK
6
CONTINUOUS
10
0.1218022834645669
20
0.7247827952755905
11
0.1213613779527559
21
0.7237183858267716
0
LINE
8
BLACK
6
CONTINUOUS
10
0.1213613779527559
20
0.7237183858267716
11
0.1205467322834646
21
0.7229037401574803
0
LINE
8
BLACK
6
CONTINUOUS
10
0.1205467322834646
20
0.7229037401574803
11
0.1194823228346457
21
0.7224628346456693
0
LINE
8
BLACK
6
CONTINUOUS
10
0.1194823228346457
20
0.7224628346456693
11
0.1183301968503937
21
0.7224628346456693
0
LINE
8
BLACK
6
CONTINUOUS
10
0.1183301968503937
20
0.7224628346456693
11
0.1172657874015748
21
0.7229037401574803
0
LINE
8
BLACK
6
CONTINUOUS
10
0.1172657874015748
20
0.7229037401574803
11
0.1164511417322835
21
0.7237183858267716
0
LINE
8
BLACK
6
CONTINUOUS
10
0.1164511417322835
20
0.7237183858267716
11
0.1160102362204724
21
0.7247827952755905
0
LINE
8
BLACK
6
CONTINUOUS
10
0.1160102362204724
20
0.7247827952755905
11
0.1159535039370079
21
0.7253588582677165
0
LINE
8
BLACK
6
CONTINUOUS
10
0.1159535039370079
20
0.7253588582677165
11
0.1159535039370079
21
0.7460883070866141
0
LINE
8
BLACK
6
CONTINUOUS
10
0.1159535039370079
20
0.7460883070866141
11
0.0811740551181102
21
0.7229020078740157
0
LINE
8
BLACK
6
CONTINUOUS
10
0.0811740551181102
20
0.7229020078740157
11
0.0806633070866142
21
0.7226296850393701
0
LINE
8
BLACK
6
CONTINUOUS
10
0.0806633070866142
20
0.7226296850393701
11
0.0803794881889764
21
0.7225735826771653
0
LINE
8
BLACK
6
CONTINUOUS
10
0.0803794881889764
20
0.7225735826771653
11
0.0801122440944882
21
0.7224628346456693
0
LINE
8
BLACK
6
CONTINUOUS
10
0.0801122440944882
20
0.7224628346456693
11
0.079819842519685
21
0.7224628346456693
0
LINE
8
BLACK
6
CONTINUOUS
10
0.079819842519685
20
0.7224628346456693
11
0.0795330708661417
21
0.7224061023622047
0
LINE
8
BLACK
6
CONTINUOUS
10
0.0795330708661417
20
0.7224061023622047
11
0.0792494094488189
21
0.7224628346456693
0
LINE
8
BLACK
6
CONTINUOUS
10
0.0792494094488189
20
0.7224628346456693
11
0.0789601181102362
21
0.7224628346456693
0
LINE
8
BLACK
6
CONTINUOUS
10
0.0789601181102362
20
0.7224628346456693
11
0.07869
21
0.7225747244094488
0
LINE
8
BLACK
6
CONTINUOUS
10
0.07869
20
0.7225747244094488
11
0.0784033858267717
21
0.7226320472440945
0
LINE
8
BLACK
6
CONTINUOUS
10
0.0784033858267717
20
0.7226320472440945
11
0.0781629921259843
21
0.722793031496063
0
LINE
8
BLACK
6
CONTINUOUS
10
0.0781629921259843
20
0.722793031496063
11
0.0778957086614173
21
0.7229037401574803
0
LINE
8
BLACK
6
CONTINUOUS
10
0.0778957086614173
20
0.7229037401574803
11
0.0776889763779528
21
0.7231104724409448
0
LINE
8
BLACK
6
CONTINUOUS
10
0.0776889763779528
20
0.7231104724409448
11
0.0774461023622047
21
0.7232731102362204
0
LINE
8
BLACK
6
CONTINUOUS
10
0.0774461023622047
20
0.7232731102362204
11
0.0772855905511811
21
0.7235138582677165
0
LINE
8
BLACK
6
CONTINUOUS
10
0.0772855905511811
20
0.7235138582677165
11
0.077081062992126
21
0.7237183858267716
0
LINE
8
BLACK
6
CONTINUOUS
10
0.077081062992126
20
0.7237183858267716
11
0.0769691732283465
21
0.7239885039370079
0
LINE
8
BLACK
6
CONTINUOUS
10
0.0769691732283465
20
0.7239885039370079
11
0.0768070078740157
21
0.7242317322834646
0
LINE
8
BLACK
6
CONTINUOUS
10
0.0768070078740157
20
0.7242317322834646
11
0.0767508661417323
21
0.7245155511811023
0
LINE
8
BLACK
6
CONTINUOUS
10
0.0767508661417323
20
0.7245155511811023
11
0.076640157480315
21
0.7247827952755905
0
LINE
8
BLACK
6
CONTINUOUS
10
0.076640157480315
20
0.7247827952755905
11
0.0765834251968504
21
0.7253588582677165
0
LINE
8
BLACK
6
CONTINUOUS
10
0.0765834251968504
20
0.7253588582677165
11
0.0765834251968504
21
0.7516055511811024
0
LINE
8
BLACK
6
CONTINUOUS
10
0.0765834251968504
20
0.7516055511811024
11
0.076640157480315
21
0.7521816141732284
0
LINE
8
BLACK
6
CONTINUOUS
10
0.076640157480315
20
0.7521816141732284
11
0.077081062992126
21
0.7532460236220472
0
LINE
8
BLACK
6
CONTINUOUS
10
0.077081062992126
20
0.7532460236220472
11
0.0778957086614173
21
0.7540606692913385
0
LINE
8
BLACK
6
CONTINUOUS
10
0.0778957086614173
20
0.7540606692913385
11
0.0789601181102362
21
0.7545015748031496
0
LINE
8
BLACK
6
CONTINUOUS
10
0.0789601181102362
20
0.7545015748031496
11
0.0801122440944882
21
0.7545015748031496
0
LINE
8
BLACK
6
CONTINUOUS
10
0.0801122440944882
20
0.7545015748031496
11
0.0811766535433071
21
0.7540606692913385
0
LINE
8
BLACK
6
CONTINUOUS
10
0.0811766535433071
20
0.7540606692913385
11
0.0819912992125984
21
0.7532460236220472
0
LINE
8
BLACK
6
CONTINUOUS
10
0.0819912992125984
20
0.7532460236220472
11
0.0824322047244094
21
0.7521816141732284
0
LINE
8
BLACK
6
CONTINUOUS
10
0.0824322047244094
20
0.7521816141732284
11
0.082488937007874
21
0.7516055511811024
0
LINE
8
BLACK
6
CONTINUOUS
10
0.082488937007874
20
0.7516055511811024
11
0.082488937007874
21
0.7308761417322834
0
LINE
8
BLACK
6
CONTINUOUS
10
0.082488937007874
20
0.7308761417322834
11
0.1172683464566929
21
0.7540624015748031
0
LINE
8
BLACK
6
CONTINUOUS
10
0.1172683464566929
20
0.7540624015748031
11
0.1177791338582677
21
0.7543347244094488
0
LINE
8
BLACK
6
CONTINUOUS
10
0.1177791338582677
20
0.7543347244094488
11
0.1180629133858268
21
0.7543908661417322
0
LINE
8
BLACK
6
CONTINUOUS
10
0.1180629133858268
20
0.7543908661417322
11
0.1183301968503937
21
0.7545015748031496
0
LINE
8
BLACK
6
CONTINUOUS
10
0.1183301968503937
20
0.7545015748031496
11
0.1186225984251968
21
0.7545015748031496
0
LINE
8
BLACK
6
CONTINUOUS
10
0.1186225984251968
20
0.7545015748031496
11
0.1189093700787402
21
0.7545583070866142
0
LINE
8
BLACK
6
CONTINUOUS
10
0.1189093700787402
20
0.7545583070866142
11
0.119193031496063
21
0.7545015748031496
0
LINE
8
BLACK
6
CONTINUOUS
10
0.3096386614173228
20
0.7682181102362204
11
0.3097366535433071
21
0.7681775196850393
0
LINE
8
BLACK
6
CONTINUOUS
10
0.3097366535433071
20
0.7681775196850393
11
0.3098424803149606
21
0.76817
0
LINE
8
BLACK
6
CONTINUOUS
10
0.3098424803149606
20
0.76817
11
0.3103831102362204
21
0.7679631102362204
0
LINE
8
BLACK
6
CONTINUOUS
10
0.3103831102362204
20
0.7679631102362204
11
0.3141326377952756
21
0.7660883464566929
0
LINE
8
BLACK
6
CONTINUOUS
10
0.3141326377952756
20
0.7660883464566929
11
0.3143806299212598
21
0.7659322834645669
0
LINE
8
BLACK
6
CONTINUOUS
10
0.3143806299212598
20
0.7659322834645669
11
0.3144525984251968
21
0.7659024409448819
0
LINE
8
BLACK
6
CONTINUOUS
10
0.3144525984251968
20
0.7659024409448819
11
0.3145335433070866
21
0.7658359842519685
0
LINE
8
BLACK
6
CONTINUOUS
10
0.3145335433070866
20
0.7658359842519685
11
0.3146225196850393
21
0.76578
0
LINE
8
BLACK
6
CONTINUOUS
10
0.3146225196850393
20
0.76578
11
0.3146736614173228
21
0.7657210236220472
0
LINE
8
BLACK
6
CONTINUOUS
10
0.3146736614173228
20
0.7657210236220472
11
0.3149000393700787
21
0.7655352362204724
0
LINE
8
BLACK
6
CONTINUOUS
10
0.3149000393700787
20
0.7655352362204724
11
0.3167748031496063
21
0.7636604724409448
0
LINE
8
BLACK
6
CONTINUOUS
10
0.3167748031496063
20
0.7636604724409448
11
0.3169605511811023
21
0.7634341338582677
0
LINE
8
BLACK
6
CONTINUOUS
10
0.3169605511811023
20
0.7634341338582677
11
0.3170195669291339
21
0.7633829527559055
0
LINE
8
BLACK
6
CONTINUOUS
10
0.3170195669291339
20
0.7633829527559055
11
0.3170755118110236
21
0.7632940157480315
0
LINE
8
BLACK
6
CONTINUOUS
10
0.3170755118110236
20
0.7632940157480315
11
0.3171420078740158
21
0.763213031496063
0
LINE
8
BLACK
6
CONTINUOUS
10
0.3171420078740158
20
0.763213031496063
11
0.317171811023622
21
0.7631411023622047
0
LINE
8
BLACK
6
CONTINUOUS
10
0.317171811023622
20
0.7631411023622047
11
0.3173279133858268
21
0.7628930708661417
0
LINE
8
BLACK
6
CONTINUOUS
10
0.3173279133858268
20
0.7628930708661417
11
0.3192026771653543
21
0.7591435433070866
0
LINE
8
BLACK
6
CONTINUOUS
10
0.3192026771653543
20
0.7591435433070866
11
0.3192187795275591
21
0.7591014566929134
0
LINE
8
BLACK
6
CONTINUOUS
10
0.3192187795275591
20
0.7591014566929134
11
0.3192314960629921
21
0.7590842913385827
0
LINE
8
BLACK
6
CONTINUOUS
10
0.3192314960629921
20
0.7590842913385827
11
0.3193177952755906
21
0.758842716535433
0
LINE
8
BLACK
6
CONTINUOUS
10
0.3193177952755906
20
0.758842716535433
11
0.3194095669291339
21
0.7586029527559055
0
LINE
8
BLACK
6
CONTINUOUS
10
0.3194095669291339
20
0.7586029527559055
11
0.319411062992126
21
0.7585816929133858
0
LINE
8
BLACK
6
CONTINUOUS
10
0.319411062992126
20
0.7585816929133858
11
0.3194262598425197
21
0.7585391732283464
0
LINE
8
BLACK
6
CONTINUOUS
10
0.3194262598425197
20
0.7585391732283464
11
0.3213010236220472
21
0.7510401181102362
0
LINE
8
BLACK
6
CONTINUOUS
10
0.3213010236220472
20
0.7510401181102362
11
0.3213157874015748
21
0.7509402755905512
0
LINE
8
BLACK
6
CONTINUOUS
10
0.3213157874015748
20
0.7509402755905512
11
0.3213324409448819
21
0.7509000393700788
0
LINE
8
BLACK
6
CONTINUOUS
10
0.3213324409448819
20
0.7509000393700788
11
0.3213537795275591
21
0.750683031496063
0
LINE
8
BLACK
6
CONTINUOUS
10
0.3213537795275591
20
0.750683031496063
11
0.3213856692913385
21
0.7504675196850393
0
LINE
8
BLACK
6
CONTINUOUS
10
0.3213856692913385
20
0.7504675196850393
11
0.3213792519685039
21
0.7504245275590551
0
LINE
8
BLACK
6
CONTINUOUS
10
0.3213792519685039
20
0.7504245275590551
11
0.3213891732283464
21
0.7503239763779528
0
LINE
8
BLACK
6
CONTINUOUS
10
0.3213891732283464
20
0.7503239763779528
11
0.3213891732283464
21
0.7409501574803149
0
LINE
8
BLACK
6
CONTINUOUS
10
0.3213891732283464
20
0.7409501574803149
11
0.3213792519685039
21
0.7408496456692913
0
LINE
8
BLACK
6
CONTINUOUS
10
0.3213792519685039
20
0.7408496456692913
11
0.3213856692913385
21
0.7408066141732284
0
LINE
8
BLACK
6
CONTINUOUS
10
0.3213856692913385
20
0.7408066141732284
11
0.3213537795275591
21
0.7405911417322835
0
LINE
8
BLACK
6
CONTINUOUS
10
0.3213537795275591
20
0.7405911417322835
11
0.3213324409448819
21
0.7403740944881889
0
LINE
8
BLACK
6
CONTINUOUS
10
0.3213324409448819
20
0.7403740944881889
11
0.3213157874015748
21
0.7403338976377952
0
LINE
8
BLACK
6
CONTINUOUS
10
0.3213157874015748
20
0.7403338976377952
11
0.3213010236220472
21
0.7402340157480315
0
LINE
8
BLACK
6
CONTINUOUS
10
0.3213010236220472
20
0.7402340157480315
11
0.3194262598425197
21
0.7327349606299213
0
LINE
8
BLACK
6
CONTINUOUS
10
0.3194262598425197
20
0.7327349606299213
11
0.319411062992126
21
0.7326924803149606
0
LINE
8
BLACK
6
CONTINUOUS
10
0.319411062992126
20
0.7326924803149606
11
0.3194095669291339
21
0.7326711811023622
0
LINE
8
BLACK
6
CONTINUOUS
10
0.3194095669291339
20
0.7326711811023622
11
0.3193177952755906
21
0.7324314566929133
0
LINE
8
BLACK
6
CONTINUOUS
10
0.3193177952755906
20
0.7324314566929133
11
0.3192314960629921
21
0.732189842519685
0
LINE
8
BLACK
6
CONTINUOUS
10
0.3192314960629921
20
0.732189842519685
11
0.3192187795275591
21
0.732172716535433
0
LINE
8
BLACK
6
CONTINUOUS
10
0.3192187795275591
20
0.732172716535433
11
0.3192026771653543
21
0.7321305905511811
0
LINE
8
BLACK
6
CONTINUOUS
10
0.3192026771653543
20
0.7321305905511811
11
0.3173279133858268
21
0.728381062992126
0
LINE
8
BLACK
6
CONTINUOUS
10
0.3173279133858268
20
0.728381062992126
11
0.3171718503937008
21
0.7281331889763779
0
LINE
8
BLACK
6
CONTINUOUS
10
0.3171718503937008
20
0.7281331889763779
11
0.3171420472440945
21
0.7280611417322834
0
LINE
8
BLACK
6
CONTINUOUS
10
0.3171420472440945
20
0.7280611417322834
11
0.3170755118110236
21
0.7279801181102362
0
LINE
8
BLACK
6
CONTINUOUS
10
0.3170755118110236
20
0.7279801181102362
11
0.3170195669291339
21
0.7278911811023622
0
LINE
8
BLACK
6
CONTINUOUS
10
0.3170195669291339
20
0.7278911811023622
11
0.3169605511811023
21
0.7278400393700787
0
LINE
8
BLACK
6
CONTINUOUS
10
0.3169605511811023
20
0.7278400393700787
11
0.3167748031496063
21
0.7276136614173229
0
LINE
8
BLACK
6
CONTINUOUS
10
0.3167748031496063
20
0.7276136614173229
11
0.3149000787401575
21
0.7257388976377953
0
LINE
8
BLACK
6
CONTINUOUS
10
0.3149000787401575
20
0.7257388976377953
11
0.3146737007874016
21
0.7255531496062992
0
LINE
8
BLACK
6
CONTINUOUS
10
0.3146737007874016
20
0.7255531496062992
11
0.3146225196850393
21
0.7254940944881889
0
LINE
8
BLACK
6
CONTINUOUS
10
0.3146225196850393
20
0.7254940944881889
11
0.3145335433070866
21
0.7254381102362204
0
LINE
8
BLACK
6
CONTINUOUS
10
0.3145335433070866
20
0.7254381102362204
11
0.3144525984251968
21
0.725371653543307
0
LINE
8
BLACK
6
CONTINUOUS
10
0.3144525984251968
20
0.725371653543307
11
0.3143806299212598
21
0.7253418503937008
0
LINE
8
BLACK
6
CONTINUOUS
10
0.3143806299212598
20
0.7253418503937008
11
0.3141326377952756
21
0.725185748031496
0
LINE
8
BLACK
6
CONTINUOUS
10
0.3141326377952756
20
0.725185748031496
11
0.3103831102362204
21
0.7233109842519685
0
LINE
8
BLACK
6
CONTINUOUS
10
0.3103831102362204
20
0.7233109842519685
11
0.3098424803149606
21
0.7231040944881889
0
LINE
8
BLACK
6
CONTINUOUS
10
0.3098424803149606
20
0.7231040944881889
11
0.3097366535433071
21
0.7230966141732283
0
LINE
8
BLACK
6
CONTINUOUS
10
0.3097366535433071
20
0.7230966141732283
11
0.3096386614173228
21
0.7230559842519685
0
LINE
8
BLACK
6
CONTINUOUS
10
0.3096386614173228
20
0.7230559842519685
11
0.3090625984251968
21
0.7229992519685039
0
LINE
8
BLACK
6
CONTINUOUS
10
0.3090625984251968
20
0.7229992519685039
11
0.3053130708661417
21
0.7229992519685039
0
LINE
8
BLACK
6
CONTINUOUS
10
0.3053130708661417
20
0.7229992519685039
11
0.3047370078740158
21
0.7230559842519685
0
LINE
8
BLACK
6
CONTINUOUS
10
0.3047370078740158
20
0.7230559842519685
11
0.3046390157480315
21
0.7230965748031496
0
LINE
8
BLACK
6
CONTINUOUS
10
0.3046390157480315
20
0.7230965748031496
11
0.3045331496062992
21
0.7231040944881889
0
LINE
8
BLACK
6
CONTINUOUS
10
0.3045331496062992
20
0.7231040944881889
11
0.3039925590551181
21
0.7233109842519685
0
LINE
8
BLACK
6
CONTINUOUS
10
0.3039925590551181
20
0.7233109842519685
11
0.300243031496063
21
0.725185748031496
0
LINE
8
BLACK
6
CONTINUOUS
10
0.300243031496063
20
0.725185748031496
11
0.299995
21
0.7253418503937008
0
LINE
8
BLACK
6
CONTINUOUS
10
0.299995
20
0.7253418503937008
11
0.2999230708661417
21
0.725371653543307
0
LINE
8
BLACK
6
CONTINUOUS
10
0.2999230708661417
20
0.725371653543307
11
0.2998420866141732
21
0.7254381102362204
0
LINE
8
BLACK
6
CONTINUOUS
10
0.2998420866141732
20
0.7254381102362204
11
0.2997531496062992
21
0.7254940944881889
0
LINE
8
BLACK
6
CONTINUOUS
10
0.2997531496062992
20
0.7254940944881889
11
0.2997019291338582
21
0.7255531496062992
0
LINE
8
BLACK
6
CONTINUOUS
10
0.2997019291338582
20
0.7255531496062992
11
0.2994755905511811
21
0.7257388976377953
0
LINE
8
BLACK
6
CONTINUOUS
10
0.2994755905511811
20
0.7257388976377953
11
0.2976008267716536
21
0.7276137007874015
0
LINE
8
BLACK
6
CONTINUOUS
10
0.2976008267716536
20
0.7276137007874015
11
0.2974150787401575
21
0.7278400393700787
0
LINE
8
BLACK
6
CONTINUOUS
10
0.2974150787401575
20
0.7278400393700787
11
0.2973561023622047
21
0.7278911811023622
0
LINE
8
BLACK
6
CONTINUOUS
10
0.2973561023622047
20
0.7278911811023622
11
0.2973001181102362
21
0.7279801181102362
0
LINE
8
BLACK
6
CONTINUOUS
10
0.2973001181102362
20
0.7279801181102362
11
0.2972336220472441
21
0.7280611417322834
0
LINE
8
BLACK
6
CONTINUOUS
10
0.2972336220472441
20
0.7280611417322834
11
0.2972037795275591
21
0.7281331889763779
0
LINE
8
BLACK
6
CONTINUOUS
10
0.2972037795275591
20
0.7281331889763779
11
0.2970477559055118
21
0.728381062992126
0
LINE
8
BLACK
6
CONTINUOUS
10
0.2970477559055118
20
0.728381062992126
11
0.2951729921259842
21
0.7321305905511811
0
LINE
8
BLACK
6
CONTINUOUS
10
0.2951729921259842
20
0.7321305905511811
11
0.2951568503937008
21
0.732172716535433
0
LINE
8
BLACK
6
CONTINUOUS
10
0.2951568503937008
20
0.732172716535433
11
0.2951441732283465
21
0.732189842519685
0
LINE
8
BLACK
6
CONTINUOUS
10
0.2951441732283465
20
0.732189842519685
11
0.2950577165354331
21
0.732431811023622
0
LINE
8
BLACK
6
CONTINUOUS
10
0.2950577165354331
20
0.732431811023622
11
0.2949661023622047
21
0.7326712204724409
0
LINE
8
BLACK
6
CONTINUOUS
10
0.2949661023622047
20
0.7326712204724409
11
0.2949645669291339
21
0.7326924803149606
0
LINE
8
BLACK
6
CONTINUOUS
10
0.2949645669291339
20
0.7326924803149606
11
0.2949494094488189
21
0.7327349606299213
0
LINE
8
BLACK
6
CONTINUOUS
10
0.2949494094488189
20
0.7327349606299213
11
0.2930746456692913
21
0.7402340157480315
0
LINE
8
BLACK
6
CONTINUOUS
10
0.2930746456692913
20
0.7402340157480315
11
0.293059842519685
21
0.7403338976377952
0
LINE
8
BLACK
6
CONTINUOUS
10
0.293059842519685
20
0.7403338976377952
11
0.2930432283464567
21
0.7403740944881889
0
LINE
8
BLACK
6
CONTINUOUS
10
0.2930432283464567
20
0.7403740944881889
11
0.2930218503937008
21
0.7405911417322835
0
LINE
8
BLACK
6
CONTINUOUS
10
0.2930218503937008
20
0.7405911417322835
11
0.29299
21
0.7408066141732284
0
LINE
8
BLACK
6
CONTINUOUS
10
0.29299
20
0.7408066141732284
11
0.2929963779527559
21
0.7408496456692913
0
LINE
8
BLACK
6
CONTINUOUS
10
0.2929963779527559
20
0.7408496456692913
11
0.2929864960629921
21
0.7409501574803149
0
LINE
8
BLACK
6
CONTINUOUS
10
0.2929864960629921
20
0.7409501574803149
11
0.2929864960629921
21
0.7503239763779528
0
LINE
8
BLACK
6
CONTINUOUS
10
0.2929864960629921
20
0.7503239763779528
11
0.2929963779527559
21
0.7504245275590551
0
LINE
8
BLACK
6
CONTINUOUS
10
0.2929963779527559
20
0.7504245275590551
11
0.29299
21
0.7504675196850393
0
LINE
8
BLACK
6
CONTINUOUS
10
0.29299
20
0.7504675196850393
11
0.2930218503937008
21
0.750683031496063
0
LINE
8
BLACK
6
CONTINUOUS
10
0.2930218503937008
20
0.750683031496063
11
0.2930432283464567
21
0.7509000393700788
0
LINE
8
BLACK
6
CONTINUOUS
10
0.2930432283464567
20
0.7509000393700788
11
0.293059842519685
21
0.7509402755905512
0
LINE
8
BLACK
6
CONTINUOUS
10
0.293059842519685
20
0.7509402755905512
11
0.2930746456692913
21
0.7510401181102362
0
LINE
8
BLACK
6
CONTINUOUS
10
0.2930746456692913
20
0.7510401181102362
11
0.2949494094488189
21
0.7585391732283464
0
LINE
8
BLACK
6
CONTINUOUS
10
0.2949494094488189
20
0.7585391732283464
11
0.2949645669291339
21
0.7585816929133858
0
LINE
8
BLACK
6
CONTINUOUS
10
0.2949645669291339
20
0.7585816929133858
11
0.2949661023622047
21
0.7586029133858267
0
LINE
8
BLACK
6
CONTINUOUS
10
0.2949661023622047
20
0.7586029133858267
11
0.2950577165354331
21
0.7588423622047243
0
LINE
8
BLACK
6
CONTINUOUS
10
0.2950577165354331
20
0.7588423622047243
11
0.2951441732283465
21
0.7590842913385827
0
LINE
8
BLACK
6
CONTINUOUS
10
0.2951441732283465
20
0.7590842913385827
11
0.2951568503937008
21
0.7591014566929134
0
LINE
8
BLACK
6
CONTINUOUS
10
0.2951568503937008
20
0.7591014566929134
11
0.2951729921259842
21
0.7591435433070866
0
LINE
8
BLACK
6
CONTINUOUS
10
0.2951729921259842
20
0.7591435433070866
11
0.2970477559055118
21
0.7628930708661417
0
LINE
8
BLACK
6
CONTINUOUS
10
0.2970477559055118
20
0.7628930708661417
11
0.2972038188976378
21
0.7631411023622047
0
LINE
8
BLACK
6
CONTINUOUS
10
0.2972038188976378
20
0.7631411023622047
11
0.2972336614173228
21
0.763213031496063
0
LINE
8
BLACK
6
CONTINUOUS
10
0.2972336614173228
20
0.763213031496063
11
0.2973001181102362
21
0.7632940157480315
0
LINE
8
BLACK
6
CONTINUOUS
10
0.2973001181102362
20
0.7632940157480315
11
0.2973561023622047
21
0.7633829527559055
0
LINE
8
BLACK
6
CONTINUOUS
10
0.2973561023622047
20
0.7633829527559055
11
0.2974150787401575
21
0.7634341338582677
0
LINE
8
BLACK
6
CONTINUOUS
10
0.2974150787401575
20
0.7634341338582677
11
0.2976008661417323
21
0.7636604724409448
0
LINE
8
BLACK
6
CONTINUOUS
10
0.2976008661417323
20
0.7636604724409448
11
0.2994756299212598
21
0.7655352362204724
0
LINE
8
BLACK
6
CONTINUOUS
10
0.2994756299212598
20
0.7655352362204724
11
0.299701968503937
21
0.7657210236220472
0
LINE
8
BLACK
6
CONTINUOUS
10
0.299701968503937
20
0.7657210236220472
11
0.2997531496062992
21
0.76578
0
LINE
8
BLACK
6
CONTINUOUS
10
0.2997531496062992
20
0.76578
11
0.2998420866141732
21
0.7658359842519685
0
LINE
8
BLACK
6
CONTINUOUS
10
0.2998420866141732
20
0.7658359842519685
11
0.2999230708661417
21
0.7659024409448819
0
LINE
8
BLACK
6
CONTINUOUS
10
0.2999230708661417
20
0.7659024409448819
11
0.299995
21
0.7659322834645669
0
LINE
8
BLACK
6
CONTINUOUS
10
0.299995
20
0.7659322834645669
11
0.300243031496063
21
0.7660883464566929
0
LINE
8
BLACK
6
CONTINUOUS
10
0.300243031496063
20
0.7660883464566929
11
0.3039925590551181
21
0.7679631102362204
0
LINE
8
BLACK
6
CONTINUOUS
10
0.3039925590551181
20
0.7679631102362204
11
0.3045331496062992
21
0.76817
0
LINE
8
BLACK
6
CONTINUOUS
10
0.3045331496062992
20
0.76817
11
0.3046390157480315
21
0.7681775590551181
0
LINE
8
BLACK
6
CONTINUOUS
10
0.3046390157480315
20
0.7681775590551181
11
0.3047370078740158
21
0.7682181102362204
0
LINE
8
BLACK
6
CONTINUOUS
10
0.3047370078740158
20
0.7682181102362204
11
0.3053130708661417
21
0.768274842519685
0
LINE
8
BLACK
6
CONTINUOUS
10
0.3053130708661417
20
0.768274842519685
11
0.3090625984251968
21
0.768274842519685
0
LINE
8
BLACK
6
CONTINUOUS
10
0.3090625984251968
20
0.768274842519685
11
0.3096386614173228
21
0.7682181102362204
0
LINE
8
BLACK
6
CONTINUOUS
10
0.3033126377952756
20
0.7610205905511811
11
0.3021155118110236
21
0.7598234645669291
0
LINE
8
BLACK
6
CONTINUOUS
10
0.3021155118110236
20
0.7598234645669291
11
0.3006
21
0.7567924803149606
0
LINE
8
BLACK
6
CONTINUOUS
10
0.3006
20
0.7567924803149606
11
0.2988920078740158
21
0.7499604330708661
0
LINE
8
BLACK
6
CONTINUOUS
10
0.2988920078740158
20
0.7499604330708661
11
0.2988920078740158
21
0.7413137007874016
0
LINE
8
BLACK
6
CONTINUOUS
10
0.2988920078740158
20
0.7413137007874016
11
0.3006
21
0.7344816535433071
0
LINE
8
BLACK
6
CONTINUOUS
10
0.3006
20
0.7344816535433071
11
0.3021155118110236
21
0.7314506692913386
0
LINE
8
BLACK
6
CONTINUOUS
10
0.3021155118110236
20
0.7314506692913386
11
0.3033126377952756
21
0.7302535039370078
0
LINE
8
BLACK
6
CONTINUOUS
10
0.3033126377952756
20
0.7302535039370078
11
0.3060101181102362
21
0.7289047637795275
0
LINE
8
BLACK
6
CONTINUOUS
10
0.3060101181102362
20
0.7289047637795275
11
0.3083655511811024
21
0.7289047637795275
0
LINE
8
BLACK
6
CONTINUOUS
10
0.3083655511811024
20
0.7289047637795275
11
0.3110629921259843
21
0.7302535039370078
0
LINE
8
BLACK
6
CONTINUOUS
10
0.3110629921259843
20
0.7302535039370078
11
0.3122601181102362
21
0.7314506692913386
0
LINE
8
BLACK
6
CONTINUOUS
10
0.3122601181102362
20
0.7314506692913386
11
0.3137756299212598
21
0.7344816535433071
0
LINE
8
BLACK
6
CONTINUOUS
10
0.3137756299212598
20
0.7344816535433071
11
0.3154836614173228
21
0.7413137007874016
0
LINE
8
BLACK
6
CONTINUOUS
10
0.3154836614173228
20
0.7413137007874016
11
0.3154836614173228
21
0.7499604330708661
0
LINE
8
BLACK
6
CONTINUOUS
10
0.3154836614173228
20
0.7499604330708661
11
0.3137756299212598
21
0.7567924803149606
0
LINE
8
BLACK
6
CONTINUOUS
10
0.3137756299212598
20
0.7567924803149606
11
0.3122601574803149
21
0.7598234645669291
0
LINE
8
BLACK
6
CONTINUOUS
10
0.3122601574803149
20
0.7598234645669291
11
0.311063031496063
21
0.7610205905511811
0
LINE
8
BLACK
6
CONTINUOUS
10
0.311063031496063
20
0.7610205905511811
11
0.3083655511811024
21
0.7623693307086614
0
LINE
8
BLACK
6
CONTINUOUS
10
0.3083655511811024
20
0.7623693307086614
11
0.3060101181102362
21
0.7623693307086614
0
LINE
8
BLACK
6
CONTINUOUS
10
0.3060101181102362
20
0.7623693307086614
11
0.3033126377952756
21
0.7610205905511811
0
LINE
8
BLACK
6
CONTINUOUS
10
0.3471339763779527
20
0.7682181102362204
11
0.347231968503937
21
0.7681775196850393
0
LINE
8
BLACK
6
CONTINUOUS
10
0.347231968503937
20
0.7681775196850393
11
0.3473377952755906
21
0.76817
0
LINE
8
BLACK
6
CONTINUOUS
10
0.3473377952755906
20
0.76817
11
0.3478784251968504
21
0.7679631102362204
0
LINE
8
BLACK
6
CONTINUOUS
10
0.3478784251968504
20
0.7679631102362204
11
0.3516279527559055
21
0.7660883464566929
0
LINE
8
BLACK
6
CONTINUOUS
10
0.3516279527559055
20
0.7660883464566929
11
0.3518759448818898
21
0.7659322834645669
0
LINE
8
BLACK
6
CONTINUOUS
10
0.3518759448818898
20
0.7659322834645669
11
0.3519479133858268
21
0.7659024409448819
0
LINE
8
BLACK
6
CONTINUOUS
10
0.3519479133858268
20
0.7659024409448819
11
0.3520288582677165
21
0.7658359842519685
0
LINE
8
BLACK
6
CONTINUOUS
10
0.3520288582677165
20
0.7658359842519685
11
0.3521178346456693
21
0.76578
0
LINE
8
BLACK
6
CONTINUOUS
10
0.3521178346456693
20
0.76578
11
0.3521689763779527
21
0.7657210236220472
0
LINE
8
BLACK
6
CONTINUOUS
10
0.3521689763779527
20
0.7657210236220472
11
0.3523953543307087
21
0.7655352362204724
0
LINE
8
BLACK
6
CONTINUOUS
10
0.3523953543307087
20
0.7655352362204724
11
0.3542701181102362
21
0.7636604724409448
0
LINE
8
BLACK
6
CONTINUOUS
10
0.3542701181102362
20
0.7636604724409448
11
0.3544558661417323
21
0.7634341338582677
0
LINE
8
BLACK
6
CONTINUOUS
10
0.3544558661417323
20
0.7634341338582677
11
0.3545148818897638
21
0.7633829527559055
0
LINE
8
BLACK
6
CONTINUOUS
10
0.3545148818897638
20
0.7633829527559055
11
0.3545708267716535
21
0.7632940157480315
0
LINE
8
BLACK
6
CONTINUOUS
10
0.3545708267716535
20
0.7632940157480315
11
0.3546373228346457
21
0.763213031496063
0
LINE
8
BLACK
6
CONTINUOUS
10
0.3546373228346457
20
0.763213031496063
11
0.354667125984252
21
0.7631411023622047
0
LINE
8
BLACK
6
CONTINUOUS
10
0.354667125984252
20
0.7631411023622047
11
0.3548232283464567
21
0.7628930708661417
0
LINE
8
BLACK
6
CONTINUOUS
10
0.3548232283464567
20
0.7628930708661417
11
0.3566979921259842
21
0.7591435433070866
0
LINE
8
BLACK
6
CONTINUOUS
10
0.3566979921259842
20
0.7591435433070866
11
0.356714094488189
21
0.7591014566929134
0
LINE
8
BLACK
6
CONTINUOUS
10
0.356714094488189
20
0.7591014566929134
11
0.356726811023622
21
0.7590842913385827
0
LINE
8
BLACK
6
CONTINUOUS
10
0.356726811023622
20
0.7590842913385827
11
0.3568131102362205
21
0.758842716535433
0
LINE
8
BLACK
6
CONTINUOUS
10
0.3568131102362205
20
0.758842716535433
11
0.3569048818897638
21
0.7586029527559055
0
LINE
8
BLACK
6
CONTINUOUS
10
0.3569048818897638
20
0.7586029527559055
11
0.3569063779527559
21
0.7585816929133858
0
LINE
8
BLACK
6
CONTINUOUS
10
0.3569063779527559
20
0.7585816929133858
11
0.3569215748031496
21
0.7585391732283464
0
LINE
8
BLACK
6
CONTINUOUS
10
0.3569215748031496
20
0.7585391732283464
11
0.3587963385826772
21
0.7510401181102362
0
LINE
8
BLACK
6
CONTINUOUS
10
0.3587963385826772
20
0.7510401181102362
11
0.3588111023622047
21
0.7509402755905512
0
LINE
8
BLACK
6
CONTINUOUS
10
0.3588111023622047
20
0.7509402755905512
11
0.3588277559055118
21
0.7509000393700788
0
LINE
8
BLACK
6
CONTINUOUS
10
0.3588277559055118
20
0.7509000393700788
11
0.358849094488189
21
0.750683031496063
0
LINE
8
BLACK
6
CONTINUOUS
10
0.358849094488189
20
0.750683031496063
11
0.3588809842519685
21
0.7504675196850393
0
LINE
8
BLACK
6
CONTINUOUS
10
0.3588809842519685
20
0.7504675196850393
11
0.3588745669291338
21
0.7504245275590551
0
LINE
8
BLACK
6
CONTINUOUS
10
0.3588745669291338
20
0.7504245275590551
11
0.3588844881889764
21
0.7503239763779528
0
LINE
8
BLACK
6
CONTINUOUS
10
0.3588844881889764
20
0.7503239763779528
11
0.3588844881889764
21
0.7409501574803149
0
LINE
8
BLACK
6
CONTINUOUS
10
0.3588844881889764
20
0.7409501574803149
11
0.3588745669291338
21
0.7408496456692913
0
LINE
8
BLACK
6
CONTINUOUS
10
0.3588745669291338
20
0.7408496456692913
11
0.3588809842519685
21
0.7408066141732284
0
LINE
8
BLACK
6
CONTINUOUS
10
0.3588809842519685
20
0.7408066141732284
11
0.358849094488189
21
0.7405911417322835
0
LINE
8
BLACK
6
CONTINUOUS
10
0.358849094488189
20
0.7405911417322835
11
0.3588277559055118
21
0.7403740944881889
0
LINE
8
BLACK
6
CONTINUOUS
10
0.3588277559055118
20
0.7403740944881889
11
0.3588111023622047
21
0.7403338976377952
0
LINE
8
BLACK
6
CONTINUOUS
10
0.3588111023622047
20
0.7403338976377952
11
0.3587963385826772
21
0.7402340157480315
0
LINE
8
BLACK
6
CONTINUOUS
10
0.3587963385826772
20
0.7402340157480315
11
0.3569215748031496
21
0.7327349606299213
0
LINE
8
BLACK
6
CONTINUOUS
10
0.3569215748031496
20
0.7327349606299213
11
0.3569063779527559
21
0.7326924803149606
0
LINE
8
BLACK
6
CONTINUOUS
10
0.3569063779527559
20
0.7326924803149606
11
0.3569048818897638
21
0.7326711811023622
0
LINE
8
BLACK
6
CONTINUOUS
10
0.3569048818897638
20
0.7326711811023622
11
0.3568131102362205
21
0.7324314566929133
0
LINE
8
BLACK
6
CONTINUOUS
10
0.3568131102362205
20
0.7324314566929133
11
0.356726811023622
21
0.732189842519685
0
LINE
8
BLACK
6
CONTINUOUS
10
0.356726811023622
20
0.732189842519685
11
0.356714094488189
21
0.732172716535433
0
LINE
8
BLACK
6
CONTINUOUS
10
0.356714094488189
20
0.732172716535433
11
0.3566979921259842
21
0.7321305905511811
0
LINE
8
BLACK
6
CONTINUOUS
10
0.3566979921259842
20
0.7321305905511811
11
0.3548232283464567
21
0.728381062992126
0
LINE
8
BLACK
6
CONTINUOUS
10
0.3548232283464567
20
0.728381062992126
11
0.3546671653543307
21
0.7281331889763779
0
LINE
8
BLACK
6
CONTINUOUS
10
0.3546671653543307
20
0.7281331889763779
11
0.3546373622047244
21
0.7280611417322834
0
LINE
8
BLACK
6
CONTINUOUS
10
0.3546373622047244
20
0.7280611417322834
11
0.3545708267716535
21
0.7279801181102362
0
LINE
8
BLACK
6
CONTINUOUS
10
0.3545708267716535
20
0.7279801181102362
11
0.3545148818897638
21
0.7278911811023622
0
LINE
8
BLACK
6
CONTINUOUS
10
0.3545148818897638
20
0.7278911811023622
11
0.3544558661417323
21
0.7278400393700787
0
LINE
8
BLACK
6
CONTINUOUS
10
0.3544558661417323
20
0.7278400393700787
11
0.3542701181102362
21
0.7276136614173229
0
LINE
8
BLACK
6
CONTINUOUS
10
0.3542701181102362
20
0.7276136614173229
11
0.3523953937007874
21
0.7257388976377953
0
LINE
8
BLACK
6
CONTINUOUS
10
0.3523953937007874
20
0.7257388976377953
11
0.3521690157480315
21
0.7255531496062992
0
LINE
8
BLACK
6
CONTINUOUS
10
0.3521690157480315
20
0.7255531496062992
11
0.3521178346456693
21
0.7254940944881889
0
LINE
8
BLACK
6
CONTINUOUS
10
0.3521178346456693
20
0.7254940944881889
11
0.3520288582677165
21
0.7254381102362204
0
LINE
8
BLACK
6
CONTINUOUS
10
0.3520288582677165
20
0.7254381102362204
11
0.3519479133858268
21
0.725371653543307
0
LINE
8
BLACK
6
CONTINUOUS
10
0.3519479133858268
20
0.725371653543307
11
0.3518759448818898
21
0.7253418503937008
0
LINE
8
BLACK
6
CONTINUOUS
10
0.3518759448818898
20
0.7253418503937008
11
0.3516279527559055
21
0.725185748031496
0
LINE
8
BLACK
6
CONTINUOUS
10
0.3516279527559055
20
0.725185748031496
11
0.3478784251968504
21
0.7233109842519685
0
LINE
8
BLACK
6
CONTINUOUS
10
0.3478784251968504
20
0.7233109842519685
11
0.3473377952755906
21
0.7231040944881889
0
LINE
8
BLACK
6
CONTINUOUS
10
0.3473377952755906
20
0.7231040944881889
11
0.347231968503937
21
0.7230966141732283
0
LINE
8
BLACK
6
CONTINUOUS
10
0.347231968503937
20
0.7230966141732283
11
0.3471339763779527
21
0.7230559842519685
0
LINE
8
BLACK
6
CONTINUOUS
10
0.3471339763779527
20
0.7230559842519685
11
0.3465579133858268
21
0.7229992519685039
0
LINE
8
BLACK
6
CONTINUOUS
10
0.3465579133858268
20
0.7229992519685039
11
0.3428083858267716
21
0.7229992519685039
0
LINE
8
BLACK
6
CONTINUOUS
10
0.3428083858267716
20
0.7229992519685039
11
0.3422323228346457
21
0.7230559842519685
0
LINE
8
BLACK
6
CONTINUOUS
10
0.3422323228346457
20
0.7230559842519685
11
0.3421343307086614
21
0.7230965748031496
0
LINE
8
BLACK
6
CONTINUOUS
10
0.3421343307086614
20
0.7230965748031496
11
0.3420284645669291
21
0.7231040944881889
0
LINE
8
BLACK
6
CONTINUOUS
10
0.3420284645669291
20
0.7231040944881889
11
0.341487874015748
21
0.7233109842519685
0
LINE
8
BLACK
6
CONTINUOUS
10
0.341487874015748
20
0.7233109842519685
11
0.3377383464566929
21
0.725185748031496
0
LINE
8
BLACK
6
CONTINUOUS
10
0.3377383464566929
20
0.725185748031496
11
0.3374903149606299
21
0.7253418503937008
0
LINE
8
BLACK
6
CONTINUOUS
10
0.3374903149606299
20
0.7253418503937008
11
0.3374183858267716
21
0.725371653543307
0
LINE
8
BLACK
6
CONTINUOUS
10
0.3374183858267716
20
0.725371653543307
11
0.3373374015748031
21
0.7254381102362204
0
LINE
8
BLACK
6
CONTINUOUS
10
0.3373374015748031
20
0.7254381102362204
11
0.3372484645669291
21
0.7254940944881889
0
LINE
8
BLACK
6
CONTINUOUS
10
0.3372484645669291
20
0.7254940944881889
11
0.3371972440944882
21
0.7255531496062992
0
LINE
8
BLACK
6
CONTINUOUS
10
0.3371972440944882
20
0.7255531496062992
11
0.336970905511811
21
0.7257388976377953
0
LINE
8
BLACK
6
CONTINUOUS
10
0.336970905511811
20
0.7257388976377953
11
0.3350961417322835
21
0.7276137007874015
0
LINE
8
BLACK
6
CONTINUOUS
10
0.3350961417322835
20
0.7276137007874015
11
0.3349103937007874
21
0.7278400393700787
0
LINE
8
BLACK
6
CONTINUOUS
10
0.3349103937007874
20
0.7278400393700787
11
0.3348514173228346
21
0.7278911811023622
0
LINE
8
BLACK
6
CONTINUOUS
10
0.3348514173228346
20
0.7278911811023622
11
0.3347954330708661
21
0.7279801181102362
0
LINE
8
BLACK
6
CONTINUOUS
10
0.3347954330708661
20
0.7279801181102362
11
0.334728937007874
21
0.7280611417322834
0
LINE
8
BLACK
6
CONTINUOUS
10
0.334728937007874
20
0.7280611417322834
11
0.334699094488189
21
0.7281331889763779
0
LINE
8
BLACK
6
CONTINUOUS
10
0.334699094488189
20
0.7281331889763779
11
0.3345430708661417
21
0.728381062992126
0
LINE
8
BLACK
6
CONTINUOUS
10
0.3345430708661417
20
0.728381062992126
11
0.3326683070866142
21
0.7321305905511811
0
LINE
8
BLACK
6
CONTINUOUS
10
0.3326683070866142
20
0.7321305905511811
11
0.3326521653543307
21
0.732172716535433
0
LINE
8
BLACK
6
CONTINUOUS
10
0.3326521653543307
20
0.732172716535433
11
0.3326394881889764
21
0.732189842519685
0
LINE
8
BLACK
6
CONTINUOUS
10
0.3326394881889764
20
0.732189842519685
11
0.332553031496063
21
0.732431811023622
0
LINE
8
BLACK
6
CONTINUOUS
10
0.332553031496063
20
0.732431811023622
11
0.3324614173228346
21
0.7326712204724409
0
LINE
8
BLACK
6
CONTINUOUS
10
0.3324614173228346
20
0.7326712204724409
11
0.3324598818897638
21
0.7326924803149606
0
LINE
8
BLACK
6
CONTINUOUS
10
0.3324598818897638
20
0.7326924803149606
11
0.3324447244094488
21
0.7327349606299213
0
LINE
8
BLACK
6
CONTINUOUS
10
0.3324447244094488
20
0.7327349606299213
11
0.3305699606299213
21
0.7402340157480315
0
LINE
8
BLACK
6
CONTINUOUS
10
0.3305699606299213
20
0.7402340157480315
11
0.3305551574803149
21
0.7403338976377952
0
LINE
8
BLACK
6
CONTINUOUS
10
0.3305551574803149
20
0.7403338976377952
11
0.3305385433070866
21
0.7403740944881889
0
LINE
8
BLACK
6
CONTINUOUS
10
0.3305385433070866
20
0.7403740944881889
11
0.3305171653543307
21
0.7405911417322835
0
LINE
8
BLACK
6
CONTINUOUS
10
0.3305171653543307
20
0.7405911417322835
11
0.3304853149606299
21
0.7408066141732284
0
LINE
8
BLACK
6
CONTINUOUS
10
0.3304853149606299
20
0.7408066141732284
11
0.3304916929133858
21
0.7408496456692913
0
LINE
8
BLACK
6
CONTINUOUS
10
0.3304916929133858
20
0.7408496456692913
11
0.3304818110236221
21
0.7409501574803149
0
LINE
8
BLACK
6
CONTINUOUS
10
0.3304818110236221
20
0.7409501574803149
11
0.3304818110236221
21
0.7503239763779528
0
LINE
8
BLACK
6
CONTINUOUS
10
0.3304818110236221
20
0.7503239763779528
11
0.3304916929133858
21
0.7504245275590551
0
LINE
8
BLACK
6
CONTINUOUS
10
0.3304916929133858
20
0.7504245275590551
11
0.3304853149606299
21
0.7504675196850393
0
LINE
8
BLACK
6
CONTINUOUS
10
0.3304853149606299
20
0.7504675196850393
11
0.3305171653543307
21
0.750683031496063
0
LINE
8
BLACK
6
CONTINUOUS
10
0.3305171653543307
20
0.750683031496063
11
0.3305385433070866
21
0.7509000393700788
0
LINE
8
BLACK
6
CONTINUOUS
10
0.3305385433070866
20
0.7509000393700788
11
0.3305551574803149
21
0.7509402755905512
0
LINE
8
BLACK
6
CONTINUOUS
10
0.3305551574803149
20
0.7509402755905512
11
0.3305699606299213
21
0.7510401181102362
0
LINE
8
BLACK
6
CONTINUOUS
10
0.3305699606299213
20
0.7510401181102362
11
0.3324447244094488
21
0.7585391732283464
0
LINE
8
BLACK
6
CONTINUOUS
10
0.3324447244094488
20
0.7585391732283464
11
0.3324598818897638
21
0.7585816929133858
0
LINE
8
BLACK
6
CONTINUOUS
10
0.3324598818897638
20
0.7585816929133858
11
0.3324614173228346
21
0.7586029133858267
0
LINE
8
BLACK
6
CONTINUOUS
10
0.3324614173228346
20
0.7586029133858267
11
0.332553031496063
21
0.7588423622047243
0
LINE
8
BLACK
6
CONTINUOUS
10
0.332553031496063
20
0.7588423622047243
11
0.3326394881889764
21
0.7590842913385827
0
LINE
8
BLACK
6
CONTINUOUS
10
0.3326394881889764
20
0.7590842913385827
11
0.3326521653543307
21
0.7591014566929134
0
LINE
8
BLACK
6
CONTINUOUS
10
0.3326521653543307
20
0.7591014566929134
11
0.3326683070866142
21
0.7591435433070866
0
LINE
8
BLACK
6
CONTINUOUS
10
0.3326683070866142
20
0.7591435433070866
11
0.3345430708661417
21
0.7628930708661417
0
LINE
8
BLACK
6
CONTINUOUS
10
0.3345430708661417
20
0.7628930708661417
11
0.3346991338582677
21
0.7631411023622047
0
LINE
8
BLACK
6
CONTINUOUS
10
0.3346991338582677
20
0.7631411023622047
11
0.3347289763779527
21
0.763213031496063
0
LINE
8
BLACK
6
CONTINUOUS
10
0.3347289763779527
20
0.763213031496063
11
0.3347954330708661
21
0.7632940157480315
0
LINE
8
BLACK
6
CONTINUOUS
10
0.3347954330708661
20
0.7632940157480315
11
0.3348514173228346
21
0.7633829527559055
0
LINE
8
BLACK
6
CONTINUOUS
10
0.3348514173228346
20
0.7633829527559055
11
0.3349103937007874
21
0.7634341338582677
0
LINE
8
BLACK
6
CONTINUOUS
10
0.3349103937007874
20
0.7634341338582677
11
0.3350961811023622
21
0.7636604724409448
0
LINE
8
BLACK
6
CONTINUOUS
10
0.3350961811023622
20
0.7636604724409448
11
0.3369709448818898
21
0.7655352362204724
0
LINE
8
BLACK
6
CONTINUOUS
10
0.3369709448818898
20
0.7655352362204724
11
0.3371972834645669
21
0.7657210236220472
0
LINE
8
BLACK
6
CONTINUOUS
10
0.3371972834645669
20
0.7657210236220472
11
0.3372484645669291
21
0.76578
0
LINE
8
BLACK
6
CONTINUOUS
10
0.3372484645669291
20
0.76578
11
0.3373374015748031
21
0.7658359842519685
0
LINE
8
BLACK
6
CONTINUOUS
10
0.3373374015748031
20
0.7658359842519685
11
0.3374183858267716
21
0.7659024409448819
0
LINE
8
BLACK
6
CONTINUOUS
10
0.3374183858267716
20
0.7659024409448819
11
0.3374903149606299
21
0.7659322834645669
0
LINE
8
BLACK
6
CONTINUOUS
10
0.3374903149606299
20
0.7659322834645669
11
0.3377383464566929
21
0.7660883464566929
0
LINE
8
BLACK
6
CONTINUOUS
10
0.3377383464566929
20
0.7660883464566929
11
0.341487874015748
21
0.7679631102362204
0
LINE
8
BLACK
6
CONTINUOUS
10
0.341487874015748
20
0.7679631102362204
11
0.3420284645669291
21
0.76817
0
LINE
8
BLACK
6
CONTINUOUS
10
0.3420284645669291
20
0.76817
11
0.3421343307086614
21
0.7681775590551181
0
LINE
8
BLACK
6
CONTINUOUS
10
0.3421343307086614
20
0.7681775590551181
11
0.3422323228346457
21
0.7682181102362204
0
LINE
8
BLACK
6
CONTINUOUS
10
0.3422323228346457
20
0.7682181102362204
11
0.3428083858267716
21
0.768274842519685
0
LINE
8
BLACK
6
CONTINUOUS
10
0.3428083858267716
20
0.768274842519685
11
0.3465579133858268
21
0.768274842519685
0
LINE
8
BLACK
6
CONTINUOUS
10
0.3465579133858268
20
0.768274842519685
11
0.3471339763779527
21
0.7682181102362204
0
LINE
8
BLACK
6
CONTINUOUS
10
0.3408079527559055
20
0.7610205905511811
11
0.3396108267716536
21
0.7598234645669291
0
LINE
8
BLACK
6
CONTINUOUS
10
0.3396108267716536
20
0.7598234645669291
11
0.3380953149606299
21
0.7567924803149606
0
LINE
8
BLACK
6
CONTINUOUS
10
0.3380953149606299
20
0.7567924803149606
11
0.3363873228346457
21
0.7499604330708661
0
LINE
8
BLACK
6
CONTINUOUS
10
0.3363873228346457
20
0.7499604330708661
11
0.3363873228346457
21
0.7413137007874016
0
LINE
8
BLACK
6
CONTINUOUS
10
0.3363873228346457
20
0.7413137007874016
11
0.3380953149606299
21
0.7344816535433071
0
LINE
8
BLACK
6
CONTINUOUS
10
0.3380953149606299
20
0.7344816535433071
11
0.3396108267716536
21
0.7314506692913386
0
LINE
8
BLACK
6
CONTINUOUS
10
0.3396108267716536
20
0.7314506692913386
11
0.3408079527559055
21
0.7302535039370078
0
LINE
8
BLACK
6
CONTINUOUS
10
0.3408079527559055
20
0.7302535039370078
11
0.3435054330708661
21
0.7289047637795275
0
LINE
8
BLACK
6
CONTINUOUS
10
0.3435054330708661
20
0.7289047637795275
11
0.3458608661417323
21
0.7289047637795275
0
LINE
8
BLACK
6
CONTINUOUS
10
0.3458608661417323
20
0.7289047637795275
11
0.3485583070866142
21
0.7302535039370078
0
LINE
8
BLACK
6
CONTINUOUS
10
0.3485583070866142
20
0.7302535039370078
11
0.3497554330708662
21
0.7314506692913386
0
LINE
8
BLACK
6
CONTINUOUS
10
0.3497554330708662
20
0.7314506692913386
11
0.3512709448818898
21
0.7344816535433071
0
LINE
8
BLACK
6
CONTINUOUS
10
0.3512709448818898
20
0.7344816535433071
11
0.3529789763779527
21
0.7413137007874016
0
LINE
8
BLACK
6
CONTINUOUS
10
0.3529789763779527
20
0.7413137007874016
11
0.3529789763779527
21
0.7499604330708661
0
LINE
8
BLACK
6
CONTINUOUS
10
0.3529789763779527
20
0.7499604330708661
11
0.3512709448818898
21
0.7567924803149606
0
LINE
8
BLACK
6
CONTINUOUS
10
0.3512709448818898
20
0.7567924803149606
11
0.3497554724409448
21
0.7598234645669291
0
LINE
8
BLACK
6
CONTINUOUS
10
0.3497554724409448
20
0.7598234645669291
11
0.3485583464566929
21
0.7610205905511811
0
LINE
8
BLACK
6
CONTINUOUS
10
0.3485583464566929
20
0.7610205905511811
11
0.3458608661417323
21
0.7623693307086614
0
LINE
8
BLACK
6
CONTINUOUS
10
0.3458608661417323
20
0.7623693307086614
11
0.3435054330708661
21
0.7623693307086614
0
LINE
8
BLACK
6
CONTINUOUS
10
0.3435054330708661
20
0.7623693307086614
11
0.3408079527559055
21
0.7610205905511811
0
LINE
8
BLACK
6
CONTINUOUS
10
0.3824652362204725
20
0.7682181102362204
11
0.3827545275590551
21
0.7682181102362204
0
LINE
8
BLACK
6
CONTINUOUS
10
0.3827545275590551
20
0.7682181102362204
11
0.3830246062992126
21
0.7681062598425197
0
LINE
8
BLACK
6
CONTINUOUS
10
0.3830246062992126
20
0.7681062598425197
11
0.3833112598425197
21
0.7680488976377953
0
LINE
8
BLACK
6
CONTINUOUS
10
0.3833112598425197
20
0.7680488976377953
11
0.3835516141732284
21
0.7678879527559055
0
LINE
8
BLACK
6
CONTINUOUS
10
0.3835516141732284
20
0.7678879527559055
11
0.383818937007874
21
0.7677772047244095
0
LINE
8
BLACK
6
CONTINUOUS
10
0.383818937007874
20
0.7677772047244095
11
0.3840256299212598
21
0.7675705118110236
0
LINE
8
BLACK
6
CONTINUOUS
10
0.3840256299212598
20
0.7675705118110236
11
0.3842685433070866
21
0.7674078346456693
0
LINE
8
BLACK
6
CONTINUOUS
10
0.3842685433070866
20
0.7674078346456693
11
0.3846315354330709
21
0.7669646062992126
0
LINE
8
BLACK
6
CONTINUOUS
10
0.3846315354330709
20
0.7669646062992126
11
0.3846335826771654
21
0.7669625590551181
0
LINE
8
BLACK
6
CONTINUOUS
10
0.3846335826771654
20
0.7669625590551181
11
0.384633937007874
21
0.7669616929133858
0
LINE
8
BLACK
6
CONTINUOUS
10
0.384633937007874
20
0.7669616929133858
11
0.3846353149606299
21
0.76696
0
LINE
8
BLACK
6
CONTINUOUS
10
0.3846353149606299
20
0.76696
11
0.3882226377952756
21
0.7615789763779527
0
LINE
8
BLACK
6
CONTINUOUS
10
0.3882226377952756
20
0.7615789763779527
11
0.3914266141732283
21
0.758375
0
LINE
8
BLACK
6
CONTINUOUS
10
0.3914266141732283
20
0.758375
11
0.3947475590551181
21
0.7567145275590551
0
LINE
8
BLACK
6
CONTINUOUS
10
0.3947475590551181
20
0.7567145275590551
11
0.3952374409448819
21
0.7564061811023622
0
LINE
8
BLACK
6
CONTINUOUS
10
0.3952374409448819
20
0.7564061811023622
11
0.3959922834645669
21
0.7555357874015748
0
LINE
8
BLACK
6
CONTINUOUS
10
0.3959922834645669
20
0.7555357874015748
11
0.3963566141732283
21
0.7544428346456693
0
LINE
8
BLACK
6
CONTINUOUS
10
0.3963566141732283
20
0.7544428346456693
11
0.3962749606299212
21
0.753293622047244
0
LINE
8
BLACK
6
CONTINUOUS
10
0.3962749606299212
20
0.753293622047244
11
0.3957596850393701
21
0.7522631102362205
0
LINE
8
BLACK
6
CONTINUOUS
10
0.3957596850393701
20
0.7522631102362205
11
0.3948893307086614
21
0.7515082677165354
0
LINE
8
BLACK
6
CONTINUOUS
10
0.3948893307086614
20
0.7515082677165354
11
0.3937963385826772
21
0.751143937007874
0
LINE
8
BLACK
6
CONTINUOUS
10
0.3937963385826772
20
0.751143937007874
11
0.3926471259842519
21
0.7512255905511811
0
LINE
8
BLACK
6
CONTINUOUS
10
0.3926471259842519
20
0.7512255905511811
11
0.3921065354330708
21
0.7514324803149606
0
LINE
8
BLACK
6
CONTINUOUS
10
0.3921065354330708
20
0.7514324803149606
11
0.3883570078740157
21
0.7533072440944881
0
LINE
8
BLACK
6
CONTINUOUS
10
0.3883570078740157
20
0.7533072440944881
11
0.3881091732283464
21
0.7534632677165354
0
LINE
8
BLACK
6
CONTINUOUS
10
0.3881091732283464
20
0.7534632677165354
11
0.3880370472440945
21
0.7534931102362205
0
LINE
8
BLACK
6
CONTINUOUS
10
0.3880370472440945
20
0.7534931102362205
11
0.3879558661417323
21
0.7535597244094489
0
LINE
8
BLACK
6
CONTINUOUS
10
0.3879558661417323
20
0.7535597244094489
11
0.3878671259842519
21
0.7536155905511811
0
LINE
8
BLACK
6
CONTINUOUS
10
0.3878671259842519
20
0.7536155905511811
11
0.3878159842519685
21
0.7536745275590551
0
LINE
8
BLACK
6
CONTINUOUS
10
0.3878159842519685
20
0.7536745275590551
11
0.3875896062992126
21
0.7538603543307086
0
LINE
8
BLACK
6
CONTINUOUS
10
0.3875896062992126
20
0.7538603543307086
11
0.3851312204724409
21
0.7563187401574804
0
LINE
8
BLACK
6
CONTINUOUS
10
0.3851312204724409
20
0.7563187401574804
11
0.3851312204724409
21
0.7289047637795275
0
LINE
8
BLACK
6
CONTINUOUS
10
0.3851312204724409
20
0.7289047637795275
11
0.3934270472440945
21
0.7289047637795275
0
LINE
8
BLACK
6
CONTINUOUS
10
0.3934270472440945
20
0.7289047637795275
11
0.3940031102362205
21
0.7288480314960629
0
LINE
8
BLACK
6
CONTINUOUS
10
0.3940031102362205
20
0.7288480314960629
11
0.3950675196850393
21
0.7284071259842519
0
LINE
8
BLACK
6
CONTINUOUS
10
0.3950675196850393
20
0.7284071259842519
11
0.3958821653543307
21
0.7275924803149606
0
LINE
8
BLACK
6
CONTINUOUS
10
0.3958821653543307
20
0.7275924803149606
11
0.3963230708661417
21
0.7265280708661417
0
LINE
8
BLACK
6
CONTINUOUS
10
0.3963230708661417
20
0.7265280708661417
11
0.3963230708661417
21
0.7253759448818897
0
LINE
8
BLACK
6
CONTINUOUS
10
0.3963230708661417
20
0.7253759448818897
11
0.3958821653543307
21
0.7243115354330708
0
LINE
8
BLACK
6
CONTINUOUS
10
0.3958821653543307
20
0.7243115354330708
11
0.3950675196850393
21
0.7234968897637795
0
LINE
8
BLACK
6
CONTINUOUS
10
0.3950675196850393
20
0.7234968897637795
11
0.3940031102362205
21
0.7230559842519685
0
LINE
8
BLACK
6
CONTINUOUS
10
0.3940031102362205
20
0.7230559842519685
11
0.3934270472440945
21
0.7229992519685039
0
LINE
8
BLACK
6
CONTINUOUS
10
0.3934270472440945
20
0.7229992519685039
11
0.3709298818897638
21
0.7229992519685039
0
LINE
8
BLACK
6
CONTINUOUS
10
0.3709298818897638
20
0.7229992519685039
11
0.3703538188976378
21
0.7230559842519685
0
LINE
8
BLACK
6
CONTINUOUS
10
0.3703538188976378
20
0.7230559842519685
11
0.3692894094488189
21
0.7234968897637795
0
LINE
8
BLACK
6
CONTINUOUS
10
0.3692894094488189
20
0.7234968897637795
11
0.3684747637795275
21
0.7243115354330708
0
LINE
8
BLACK
6
CONTINUOUS
10
0.3684747637795275
20
0.7243115354330708
11
0.3680338582677165
21
0.7253759448818897
0
LINE
8
BLACK
6
CONTINUOUS
10
0.3680338582677165
20
0.7253759448818897
11
0.3680338582677165
21
0.7265280708661417
0
LINE
8
BLACK
6
CONTINUOUS
10
0.3680338582677165
20
0.7265280708661417
11
0.3684747637795275
21
0.7275924803149606
0
LINE
8
BLACK
6
CONTINUOUS
10
0.3684747637795275
20
0.7275924803149606
11
0.3692894094488189
21
0.7284071259842519
0
LINE
8
BLACK
6
CONTINUOUS
10
0.3692894094488189
20
0.7284071259842519
11
0.3703538188976378
21
0.7288480314960629
0
LINE
8
BLACK
6
CONTINUOUS
10
0.3703538188976378
20
0.7288480314960629
11
0.3709298818897638
21
0.7289047637795275
0
LINE
8
BLACK
6
CONTINUOUS
10
0.3709298818897638
20
0.7289047637795275
11
0.3792257086614173
21
0.7289047637795275
0
LINE
8
BLACK
6
CONTINUOUS
10
0.3792257086614173
20
0.7289047637795275
11
0.3792257086614173
21
0.7653220866141732
0
LINE
8
BLACK
6
CONTINUOUS
10
0.3792257086614173
20
0.7653220866141732
11
0.379225905511811
21
0.7653241732283464
0
LINE
8
BLACK
6
CONTINUOUS
10
0.379225905511811
20
0.7653241732283464
11
0.3792257086614173
21
0.7653251968503937
0
LINE
8
BLACK
6
CONTINUOUS
10
0.3792257086614173
20
0.7653251968503937
11
0.3792262992125984
21
0.7653282283464566
0
LINE
8
BLACK
6
CONTINUOUS
10
0.3792262992125984
20
0.7653282283464566
11
0.3792824409448819
21
0.7658981496062992
0
LINE
8
BLACK
6
CONTINUOUS
10
0.3792824409448819
20
0.7658981496062992
11
0.3793942913385827
21
0.7661682677165355
0
LINE
8
BLACK
6
CONTINUOUS
10
0.3793942913385827
20
0.7661682677165355
11
0.3794516535433071
21
0.7664548818897637
0
LINE
8
BLACK
6
CONTINUOUS
10
0.3794516535433071
20
0.7664548818897637
11
0.3796125984251968
21
0.7666952755905512
0
LINE
8
BLACK
6
CONTINUOUS
10
0.3796125984251968
20
0.7666952755905512
11
0.3797233464566929
21
0.7669625590551181
0
LINE
8
BLACK
6
CONTINUOUS
10
0.3797233464566929
20
0.7669625590551181
11
0.3799300393700787
21
0.7671692913385827
0
LINE
8
BLACK
6
CONTINUOUS
10
0.3799300393700787
20
0.7671692913385827
11
0.3800927165354331
21
0.7674121653543307
0
LINE
8
BLACK
6
CONTINUOUS
10
0.3800927165354331
20
0.7674121653543307
11
0.3803334251968504
21
0.7675726771653543
0
LINE
8
BLACK
6
CONTINUOUS
10
0.3803334251968504
20
0.7675726771653543
11
0.3805379921259843
21
0.7677772047244095
0
LINE
8
BLACK
6
CONTINUOUS
10
0.3805379921259843
20
0.7677772047244095
11
0.3808080708661417
21
0.767889094488189
0
LINE
8
BLACK
6
CONTINUOUS
10
0.3808080708661417
20
0.767889094488189
11
0.3810513385826771
21
0.7680512598425197
0
LINE
8
BLACK
6
CONTINUOUS
10
0.3810513385826771
20
0.7680512598425197
11
0.3813351181102362
21
0.7681074015748032
0
LINE
8
BLACK
6
CONTINUOUS
10
0.3813351181102362
20
0.7681074015748032
11
0.3816024015748031
21
0.7682181102362204
0
LINE
8
BLACK
6
CONTINUOUS
10
0.3816024015748031
20
0.7682181102362204
11
0.3818948031496063
21
0.7682181102362204
0
LINE
8
BLACK
6
CONTINUOUS
10
0.3818948031496063
20
0.7682181102362204
11
0.3821815748031496
21
0.768274842519685
0
LINE
8
BLACK
6
CONTINUOUS
10
0.3821815748031496
20
0.768274842519685
11
0.3824652362204725
21
0.7682181102362204
0
LINE
8
BLACK
6
CONTINUOUS
10
0.2440218503937008
20
0.7682181102362204
11
0.2450862598425197
21
0.7677772047244095
0
LINE
8
BLACK
6
CONTINUOUS
10
0.2450862598425197
20
0.7677772047244095
11
0.245900905511811
21
0.7669625590551181
0
LINE
8
BLACK
6
CONTINUOUS
10
0.245900905511811
20
0.7669625590551181
11
0.246341811023622
21
0.7658981496062992
0
LINE
8
BLACK
6
CONTINUOUS
10
0.246341811023622
20
0.7658981496062992
11
0.2463985433070866
21
0.7653220866141732
0
LINE
8
BLACK
6
CONTINUOUS
10
0.2463985433070866
20
0.7653220866141732
11
0.2463985433070866
21
0.7259520078740157
0
LINE
8
BLACK
6
CONTINUOUS
10
0.2463985433070866
20
0.7259520078740157
11
0.246341811023622
21
0.7253759448818897
0
LINE
8
BLACK
6
CONTINUOUS
10
0.246341811023622
20
0.7253759448818897
11
0.245900905511811
21
0.7243115354330708
0
LINE
8
BLACK
6
CONTINUOUS
10
0.245900905511811
20
0.7243115354330708
11
0.2450862598425197
21
0.7234968897637795
0
LINE
8
BLACK
6
CONTINUOUS
10
0.2450862598425197
20
0.7234968897637795
11
0.2440218503937008
21
0.7230559842519685
0
LINE
8
BLACK
6
CONTINUOUS
10
0.2440218503937008
20
0.7230559842519685
11
0.2428697244094488
21
0.7230559842519685
0
LINE
8
BLACK
6
CONTINUOUS
10
0.2428697244094488
20
0.7230559842519685
11
0.2418053149606299
21
0.7234968897637795
0
LINE
8
BLACK
6
CONTINUOUS
10
0.2418053149606299
20
0.7234968897637795
11
0.2409906692913386
21
0.7243115354330708
0
LINE
8
BLACK
6
CONTINUOUS
10
0.2409906692913386
20
0.7243115354330708
11
0.2405497637795276
21
0.7253759448818897
0
LINE
8
BLACK
6
CONTINUOUS
10
0.2405497637795276
20
0.7253759448818897
11
0.240493031496063
21
0.7259520078740157
0
LINE
8
BLACK
6
CONTINUOUS
10
0.240493031496063
20
0.7259520078740157
11
0.240493031496063
21
0.7436216929133858
0
LINE
8
BLACK
6
CONTINUOUS
10
0.240493031496063
20
0.7436216929133858
11
0.2303224409448819
21
0.7436216929133858
0
LINE
8
BLACK
6
CONTINUOUS
10
0.2303224409448819
20
0.7436216929133858
11
0.2297463779527559
21
0.7436784251968503
0
LINE
8
BLACK
6
CONTINUOUS
10
0.2297463779527559
20
0.7436784251968503
11
0.228681968503937
21
0.7441193307086614
0
LINE
8
BLACK
6
CONTINUOUS
10
0.228681968503937
20
0.7441193307086614
11
0.2278673228346457
21
0.7449339763779528
0
LINE
8
BLACK
6
CONTINUOUS
10
0.2278673228346457
20
0.7449339763779528
11
0.2274264173228346
21
0.7459983858267716
0
LINE
8
BLACK
6
CONTINUOUS
10
0.2274264173228346
20
0.7459983858267716
11
0.2274264173228346
21
0.7471505118110237
0
LINE
8
BLACK
6
CONTINUOUS
10
0.2274264173228346
20
0.7471505118110237
11
0.2278673228346457
21
0.7482149212598425
0
LINE
8
BLACK
6
CONTINUOUS
10
0.2278673228346457
20
0.7482149212598425
11
0.228681968503937
21
0.7490295669291338
0
LINE
8
BLACK
6
CONTINUOUS
10
0.228681968503937
20
0.7490295669291338
11
0.2297463779527559
21
0.7494704724409449
0
LINE
8
BLACK
6
CONTINUOUS
10
0.2297463779527559
20
0.7494704724409449
11
0.2303224409448819
21
0.7495272047244095
0
LINE
8
BLACK
6
CONTINUOUS
10
0.2303224409448819
20
0.7495272047244095
11
0.240493031496063
21
0.7495272047244095
0
LINE
8
BLACK
6
CONTINUOUS
10
0.240493031496063
20
0.7495272047244095
11
0.240493031496063
21
0.7623693307086614
0
LINE
8
BLACK
6
CONTINUOUS
10
0.240493031496063
20
0.7623693307086614
11
0.2246981496062992
21
0.7623693307086614
0
LINE
8
BLACK
6
CONTINUOUS
10
0.2246981496062992
20
0.7623693307086614
11
0.2241220866141732
21
0.762426062992126
0
LINE
8
BLACK
6
CONTINUOUS
10
0.2241220866141732
20
0.762426062992126
11
0.2230576771653543
21
0.762866968503937
0
LINE
8
BLACK
6
CONTINUOUS
10
0.2230576771653543
20
0.762866968503937
11
0.222243031496063
21
0.7636816141732283
0
LINE
8
BLACK
6
CONTINUOUS
10
0.222243031496063
20
0.7636816141732283
11
0.221802125984252
21
0.7647460236220472
0
LINE
8
BLACK
6
CONTINUOUS
10
0.221802125984252
20
0.7647460236220472
11
0.221802125984252
21
0.7658981496062992
0
LINE
8
BLACK
6
CONTINUOUS
10
0.221802125984252
20
0.7658981496062992
11
0.222243031496063
21
0.7669625590551181
0
LINE
8
BLACK
6
CONTINUOUS
10
0.222243031496063
20
0.7669625590551181
11
0.2230576771653543
21
0.7677772047244095
0
LINE
8
BLACK
6
CONTINUOUS
10
0.2230576771653543
20
0.7677772047244095
11
0.2241220866141732
21
0.7682181102362204
0
LINE
8
BLACK
6
CONTINUOUS
10
0.2241220866141732
20
0.7682181102362204
11
0.2246981496062992
21
0.768274842519685
0
LINE
8
BLACK
6
CONTINUOUS
10
0.2246981496062992
20
0.768274842519685
11
0.2434457874015748
21
0.768274842519685
0
LINE
8
BLACK
6
CONTINUOUS
10
0.2434457874015748
20
0.768274842519685
11
0.2440218503937008
21
0.7682181102362204
0
LINE
8
BLACK
6
CONTINUOUS
10
0.2740181102362205
20
0.7550947637795276
11
0.2741161023622047
21
0.7550541732283464
0
LINE
8
BLACK
6
CONTINUOUS
10
0.2741161023622047
20
0.7550541732283464
11
0.2742219291338583
21
0.755046653543307
0
LINE
8
BLACK
6
CONTINUOUS
10
0.2742219291338583
20
0.755046653543307
11
0.2747625590551181
21
0.7548397637795276
0
LINE
8
BLACK
6
CONTINUOUS
10
0.2747625590551181
20
0.7548397637795276
11
0.2766620078740157
21
0.7538900393700787
0
LINE
8
BLACK
6
CONTINUOUS
10
0.2766620078740157
20
0.7538900393700787
11
0.2774258661417323
21
0.7546538582677165
0
LINE
8
BLACK
6
CONTINUOUS
10
0.2774258661417323
20
0.7546538582677165
11
0.2784902755905512
21
0.7550947637795276
0
LINE
8
BLACK
6
CONTINUOUS
10
0.2784902755905512
20
0.7550947637795276
11
0.2796424015748031
21
0.7550947637795276
0
LINE
8
BLACK
6
CONTINUOUS
10
0.2796424015748031
20
0.7550947637795276
11
0.280706811023622
21
0.7546538582677165
0
LINE
8
BLACK
6
CONTINUOUS
10
0.280706811023622
20
0.7546538582677165
11
0.2815214566929134
21
0.7538392125984252
0
LINE
8
BLACK
6
CONTINUOUS
10
0.2815214566929134
20
0.7538392125984252
11
0.2819623622047244
21
0.7527748031496063
0
LINE
8
BLACK
6
CONTINUOUS
10
0.2819623622047244
20
0.7527748031496063
11
0.282019094488189
21
0.7521987401574803
0
LINE
8
BLACK
6
CONTINUOUS
10
0.282019094488189
20
0.7521987401574803
11
0.282019094488189
21
0.7259520078740157
0
LINE
8
BLACK
6
CONTINUOUS
10
0.282019094488189
20
0.7259520078740157
11
0.2819623622047244
21
0.7253759448818897
0
LINE
8
BLACK
6
CONTINUOUS
10
0.2819623622047244
20
0.7253759448818897
11
0.2815214566929134
21
0.7243115354330708
0
LINE
8
BLACK
6
CONTINUOUS
10
0.2815214566929134
20
0.7243115354330708
11
0.280706811023622
21
0.7234968897637795
0
LINE
8
BLACK
6
CONTINUOUS
10
0.280706811023622
20
0.7234968897637795
11
0.2796424015748031
21
0.7230559842519685
0
LINE
8
BLACK
6
CONTINUOUS
10
0.2796424015748031
20
0.7230559842519685
11
0.2784902755905512
21
0.7230559842519685
0
LINE
8
BLACK
6
CONTINUOUS
10
0.2784902755905512
20
0.7230559842519685
11
0.2774258661417323
21
0.7234968897637795
0
LINE
8
BLACK
6
CONTINUOUS
10
0.2774258661417323
20
0.7234968897637795
11
0.276611220472441
21
0.7243115354330708
0
LINE
8
BLACK
6
CONTINUOUS
10
0.276611220472441
20
0.7243115354330708
11
0.2761703149606299
21
0.7253759448818897
0
LINE
8
BLACK
6
CONTINUOUS
10
0.2761703149606299
20
0.7253759448818897
11
0.2761135826771653
21
0.7259520078740157
0
LINE
8
BLACK
6
CONTINUOUS
10
0.2761135826771653
20
0.7259520078740157
11
0.2761135826771653
21
0.7472261417322834
0
LINE
8
BLACK
6
CONTINUOUS
10
0.2761135826771653
20
0.7472261417322834
11
0.2754424803149606
21
0.7478972440944882
0
LINE
8
BLACK
6
CONTINUOUS
10
0.2754424803149606
20
0.7478972440944882
11
0.272745
21
0.7492459842519685
0
LINE
8
BLACK
6
CONTINUOUS
10
0.272745
20
0.7492459842519685
11
0.2685148031496063
21
0.7492459842519685
0
LINE
8
BLACK
6
CONTINUOUS
10
0.2685148031496063
20
0.7492459842519685
11
0.2662690551181102
21
0.7481231496062992
0
LINE
8
BLACK
6
CONTINUOUS
10
0.2662690551181102
20
0.7481231496062992
11
0.265146220472441
21
0.7458774015748031
0
LINE
8
BLACK
6
CONTINUOUS
10
0.265146220472441
20
0.7458774015748031
11
0.265146220472441
21
0.7259520078740157
0
LINE
8
BLACK
6
CONTINUOUS
10
0.265146220472441
20
0.7259520078740157
11
0.2650894881889764
21
0.7253759448818897
0
LINE
8
BLACK
6
CONTINUOUS
10
0.2650894881889764
20
0.7253759448818897
11
0.2646485826771653
21
0.7243115354330708
0
LINE
8
BLACK
6
CONTINUOUS
10
0.2646485826771653
20
0.7243115354330708
11
0.263833937007874
21
0.7234968897637795
0
LINE
8
BLACK
6
CONTINUOUS
10
0.263833937007874
20
0.7234968897637795
11
0.2627695275590551
21
0.7230559842519685
0
LINE
8
BLACK
6
CONTINUOUS
10
0.2627695275590551
20
0.7230559842519685
11
0.2616174015748031
21
0.7230559842519685
0
LINE
8
BLACK
6
CONTINUOUS
10
0.2616174015748031
20
0.7230559842519685
11
0.2605529921259843
21
0.7234968897637795
0
LINE
8
BLACK
6
CONTINUOUS
10
0.2605529921259843
20
0.7234968897637795
11
0.2597383464566929
21
0.7243115354330708
0
LINE
8
BLACK
6
CONTINUOUS
10
0.2597383464566929
20
0.7243115354330708
11
0.2592974409448819
21
0.7253759448818897
0
LINE
8
BLACK
6
CONTINUOUS
10
0.2592974409448819
20
0.7253759448818897
11
0.2592407086614173
21
0.7259520078740157
0
LINE
8
BLACK
6
CONTINUOUS
10
0.2592407086614173
20
0.7259520078740157
11
0.2592407086614173
21
0.7465744488188977
0
LINE
8
BLACK
6
CONTINUOUS
10
0.2592407086614173
20
0.7465744488188977
11
0.2592974409448819
21
0.7471505118110237
0
LINE
8
BLACK
6
CONTINUOUS
10
0.2592974409448819
20
0.7471505118110237
11
0.259338031496063
21
0.7472485433070866
0
LINE
8
BLACK
6
CONTINUOUS
10
0.259338031496063
20
0.7472485433070866
11
0.2593455511811024
21
0.7473543307086614
0
LINE
8
BLACK
6
CONTINUOUS
10
0.2593455511811024
20
0.7473543307086614
11
0.2595524409448819
21
0.7478949606299212
0
LINE
8
BLACK
6
CONTINUOUS
10
0.2595524409448819
20
0.7478949606299212
11
0.2614272047244094
21
0.7516444881889763
0
LINE
8
BLACK
6
CONTINUOUS
10
0.2614272047244094
20
0.7516444881889763
11
0.2614878346456693
21
0.7517408661417323
0
LINE
8
BLACK
6
CONTINUOUS
10
0.2614878346456693
20
0.7517408661417323
11
0.2615029921259843
21
0.7517862598425197
0
LINE
8
BLACK
6
CONTINUOUS
10
0.2615029921259843
20
0.7517862598425197
11
0.2615520078740157
21
0.7518428346456693
0
LINE
8
BLACK
6
CONTINUOUS
10
0.2615520078740157
20
0.7518428346456693
11
0.2617355511811024
21
0.7521343700787402
0
LINE
8
BLACK
6
CONTINUOUS
10
0.2617355511811024
20
0.7521343700787402
11
0.2620152362204725
21
0.752376968503937
0
LINE
8
BLACK
6
CONTINUOUS
10
0.2620152362204725
20
0.752376968503937
11
0.2622578346456693
21
0.752656653543307
0
LINE
8
BLACK
6
CONTINUOUS
10
0.2622578346456693
20
0.752656653543307
11
0.2625493700787401
21
0.7528401968503937
0
LINE
8
BLACK
6
CONTINUOUS
10
0.2625493700787401
20
0.7528401968503937
11
0.2626059448818898
21
0.7528892125984252
0
LINE
8
BLACK
6
CONTINUOUS
10
0.2626059448818898
20
0.7528892125984252
11
0.2626513385826771
21
0.7529043700787401
0
LINE
8
BLACK
6
CONTINUOUS
10
0.2626513385826771
20
0.7529043700787401
11
0.2627477165354331
21
0.752965
0
LINE
8
BLACK
6
CONTINUOUS
10
0.2627477165354331
20
0.752965
11
0.2664972440944882
21
0.7548397637795276
0
LINE
8
BLACK
6
CONTINUOUS
10
0.2664972440944882
20
0.7548397637795276
11
0.2670378346456693
21
0.755046653543307
0
LINE
8
BLACK
6
CONTINUOUS
10
0.2670378346456693
20
0.755046653543307
11
0.2671437007874016
21
0.7550542125984252
0
LINE
8
BLACK
6
CONTINUOUS
10
0.2671437007874016
20
0.7550542125984252
11
0.2672416929133858
21
0.7550947637795276
0
LINE
8
BLACK
6
CONTINUOUS
10
0.2672416929133858
20
0.7550947637795276
11
0.2678177559055118
21
0.7551514960629921
0
LINE
8
BLACK
6
CONTINUOUS
10
0.2678177559055118
20
0.7551514960629921
11
0.2734420472440945
21
0.7551514960629921
0
LINE
8
BLACK
6
CONTINUOUS
10
0.2734420472440945
20
0.7551514960629921
11
0.2740181102362205
21
0.7550947637795276
0
LINE
8
BLACK
6
CONTINUOUS
10
0.6045216929133859
20
0.7700876377952756
11
0.6055861023622047
21
0.7696467322834646
0
LINE
8
BLACK
6
CONTINUOUS
10
0.6055861023622047
20
0.7696467322834646
11
0.606400748031496
21
0.7688320866141732
0
LINE
8
BLACK
6
CONTINUOUS
10
0.606400748031496
20
0.7688320866141732
11
0.6068416535433071
21
0.7677676771653543
0
LINE
8
BLACK
6
CONTINUOUS
10
0.6068416535433071
20
0.7677676771653543
11
0.6068416535433071
21
0.7666155511811024
0
LINE
8
BLACK
6
CONTINUOUS
10
0.6068416535433071
20
0.7666155511811024
11
0.606400748031496
21
0.7655511417322834
0
LINE
8
BLACK
6
CONTINUOUS
10
0.606400748031496
20
0.7655511417322834
11
0.6055861023622047
21
0.7647364960629921
0
LINE
8
BLACK
6
CONTINUOUS
10
0.6055861023622047
20
0.7647364960629921
11
0.6045216929133859
21
0.7642955905511811
0
LINE
8
BLACK
6
CONTINUOUS
10
0.6045216929133859
20
0.7642955905511811
11
0.6039456299212598
21
0.7642388582677165
0
LINE
8
BLACK
6
CONTINUOUS
10
0.6039456299212598
20
0.7642388582677165
11
0.5862759448818897
21
0.7642388582677165
0
LINE
8
BLACK
6
CONTINUOUS
10
0.5862759448818897
20
0.7642388582677165
11
0.5862759448818897
21
0.7540682677165355
0
LINE
8
BLACK
6
CONTINUOUS
10
0.5862759448818897
20
0.7540682677165355
11
0.5862192125984251
21
0.7534922047244095
0
LINE
8
BLACK
6
CONTINUOUS
10
0.5862192125984251
20
0.7534922047244095
11
0.5857783070866142
21
0.7524277952755906
0
LINE
8
BLACK
6
CONTINUOUS
10
0.5857783070866142
20
0.7524277952755906
11
0.5849636614173228
21
0.7516131496062992
0
LINE
8
BLACK
6
CONTINUOUS
10
0.5849636614173228
20
0.7516131496062992
11
0.5838992519685039
21
0.7511722440944881
0
LINE
8
BLACK
6
CONTINUOUS
10
0.5838992519685039
20
0.7511722440944881
11
0.5827471259842519
21
0.7511722440944881
0
LINE
8
BLACK
6
CONTINUOUS
10
0.5827471259842519
20
0.7511722440944881
11
0.581682716535433
21
0.7516131496062992
0
LINE
8
BLACK
6
CONTINUOUS
10
0.581682716535433
20
0.7516131496062992
11
0.5808680708661417
21
0.7524277952755906
0
LINE
8
BLACK
6
CONTINUOUS
10
0.5808680708661417
20
0.7524277952755906
11
0.5804271653543307
21
0.7534922047244095
0
LINE
8
BLACK
6
CONTINUOUS
10
0.5804271653543307
20
0.7534922047244095
11
0.5803704330708661
21
0.7540682677165355
0
LINE
8
BLACK
6
CONTINUOUS
10
0.5803704330708661
20
0.7540682677165355
11
0.5803704330708661
21
0.7642388582677165
0
LINE
8
BLACK
6
CONTINUOUS
10
0.5803704330708661
20
0.7642388582677165
11
0.5675283070866142
21
0.7642388582677165
0
LINE
8
BLACK
6
CONTINUOUS
10
0.5675283070866142
20
0.7642388582677165
11
0.5675283070866142
21
0.7484439763779528
0
LINE
8
BLACK
6
CONTINUOUS
10
0.5675283070866142
20
0.7484439763779528
11
0.5674715748031496
21
0.7478679133858267
0
LINE
8
BLACK
6
CONTINUOUS
10
0.5674715748031496
20
0.7478679133858267
11
0.5670306692913386
21
0.7468035039370079
0
LINE
8
BLACK
6
CONTINUOUS
10
0.5670306692913386
20
0.7468035039370079
11
0.5662160236220473
21
0.7459888582677165
0
LINE
8
BLACK
6
CONTINUOUS
10
0.5662160236220473
20
0.7459888582677165
11
0.5651516141732283
21
0.7455479527559055
0
LINE
8
BLACK
6
CONTINUOUS
10
0.5651516141732283
20
0.7455479527559055
11
0.5639994881889764
21
0.7455479527559055
0
LINE
8
BLACK
6
CONTINUOUS
10
0.5639994881889764
20
0.7455479527559055
11
0.5629350787401575
21
0.7459888582677165
0
LINE
8
BLACK
6
CONTINUOUS
10
0.5629350787401575
20
0.7459888582677165
11
0.5621204330708661
21
0.7468035039370079
0
LINE
8
BLACK
6
CONTINUOUS
10
0.5621204330708661
20
0.7468035039370079
11
0.5616795275590551
21
0.7478679133858267
0
LINE
8
BLACK
6
CONTINUOUS
10
0.5616795275590551
20
0.7478679133858267
11
0.5616227952755906
21
0.7484439763779528
0
LINE
8
BLACK
6
CONTINUOUS
10
0.5616227952755906
20
0.7484439763779528
11
0.5616227952755906
21
0.7671916141732283
0
LINE
8
BLACK
6
CONTINUOUS
10
0.5616227952755906
20
0.7671916141732283
11
0.5616795275590551
21
0.7677676771653543
0
LINE
8
BLACK
6
CONTINUOUS
10
0.5616795275590551
20
0.7677676771653543
11
0.5621204330708661
21
0.7688320866141732
0
LINE
8
BLACK
6
CONTINUOUS
10
0.5621204330708661
20
0.7688320866141732
11
0.5629350787401575
21
0.7696467322834646
0
LINE
8
BLACK
6
CONTINUOUS
10
0.5629350787401575
20
0.7696467322834646
11
0.5639994881889764
21
0.7700876377952756
0
LINE
8
BLACK
6
CONTINUOUS
10
0.5639994881889764
20
0.7700876377952756
11
0.5645755511811024
21
0.7701443700787401
0
LINE
8
BLACK
6
CONTINUOUS
10
0.5645755511811024
20
0.7701443700787401
11
0.6039456299212598
21
0.7701443700787401
0
LINE
8
BLACK
6
CONTINUOUS
10
0.6039456299212598
20
0.7701443700787401
11
0.6045216929133859
21
0.7700876377952756
0
LINE
8
BLACK
6
CONTINUOUS
10
0.6613977952755905
20
0.7973218503937007
11
0.6613977952755905
21
0.797321811023622
0
LINE
8
BLACK
6
CONTINUOUS
10
0.6613977952755905
20
0.797321811023622
11
0.6615176771653544
21
0.7967191732283464
0
LINE
8
BLACK
6
CONTINUOUS
10
0.6615176771653544
20
0.7967191732283464
11
0.6615176771653544
21
0.7845331889763779
0
LINE
8
BLACK
6
CONTINUOUS
10
0.6615176771653544
20
0.7845331889763779
11
0.6613977952755905
21
0.7839305511811023
0
LINE
8
BLACK
6
CONTINUOUS
10
0.6613977952755905
20
0.7839305511811023
11
0.6605455118110236
21
0.7830782677165354
0
LINE
8
BLACK
6
CONTINUOUS
10
0.6605455118110236
20
0.7830782677165354
11
0.6593402362204724
21
0.7830782677165354
0
LINE
8
BLACK
6
CONTINUOUS
10
0.6593402362204724
20
0.7830782677165354
11
0.6584879527559055
21
0.7839305511811023
0
LINE
8
BLACK
6
CONTINUOUS
10
0.6584879527559055
20
0.7839305511811023
11
0.6583680708661417
21
0.7845331889763779
0
LINE
8
BLACK
6
CONTINUOUS
10
0.6583680708661417
20
0.7845331889763779
11
0.6583680708661417
21
0.7929172834645669
0
LINE
8
BLACK
6
CONTINUOUS
10
0.6583680708661417
20
0.7929172834645669
11
0.6498078346456693
21
0.7843570472440945
0
LINE
8
BLACK
6
CONTINUOUS
10
0.6498078346456693
20
0.7843570472440945
11
0.6497422440944882
21
0.7843132677165354
0
LINE
8
BLACK
6
CONTINUOUS
10
0.6497422440944882
20
0.7843132677165354
11
0.6497261023622047
21
0.784280905511811
0
LINE
8
BLACK
6
CONTINUOUS
10
0.6497261023622047
20
0.784280905511811
11
0.6495067322834646
21
0.784155905511811
0
LINE
8
BLACK
6
CONTINUOUS
10
0.6495067322834646
20
0.784155905511811
11
0.6492969291338583
21
0.7840156692913386
0
LINE
8
BLACK
6
CONTINUOUS
10
0.6492969291338583
20
0.7840156692913386
11
0.6492607874015748
21
0.7840156692913386
0
LINE
8
BLACK
6
CONTINUOUS
10
0.6492607874015748
20
0.7840156692913386
11
0.6491922834645669
21
0.7839766141732283
0
LINE
8
BLACK
6
CONTINUOUS
10
0.6491922834645669
20
0.7839766141732283
11
0.6463801181102362
21
0.7830392125984251
0
LINE
8
BLACK
6
CONTINUOUS
10
0.6463801181102362
20
0.7830392125984251
11
0.6461298031496063
21
0.7830076771653544
0
LINE
8
BLACK
6
CONTINUOUS
10
0.6461298031496063
20
0.7830076771653544
11
0.645882125984252
21
0.7829583858267717
0
LINE
8
BLACK
6
CONTINUOUS
10
0.645882125984252
20
0.7829583858267717
11
0.6440073622047244
21
0.7829583858267717
0
LINE
8
BLACK
6
CONTINUOUS
10
0.6440073622047244
20
0.7829583858267717
11
0.6439299606299212
21
0.7829738188976377
0
LINE
8
BLACK
6
CONTINUOUS
10
0.6439299606299212
20
0.7829738188976377
11
0.6438957086614173
21
0.7829623622047244
0
LINE
8
BLACK
6
CONTINUOUS
10
0.6438957086614173
20
0.7829623622047244
11
0.6436522440944882
21
0.7830290551181103
0
LINE
8
BLACK
6
CONTINUOUS
10
0.6436522440944882
20
0.7830290551181103
11
0.6434047244094488
21
0.7830782677165354
0
LINE
8
BLACK
6
CONTINUOUS
10
0.6434047244094488
20
0.7830782677165354
11
0.6433791732283465
21
0.7831038188976378
0
LINE
8
BLACK
6
CONTINUOUS
10
0.6433791732283465
20
0.7831038188976378
11
0.6433030708661417
21
0.7831246456692913
0
LINE
8
BLACK
6
CONTINUOUS
10
0.6433030708661417
20
0.7831246456692913
11
0.6414283070866141
21
0.7840620472440945
0
LINE
8
BLACK
6
CONTINUOUS
10
0.6414283070866141
20
0.7840620472440945
11
0.6412287007874016
21
0.784216968503937
0
LINE
8
BLACK
6
CONTINUOUS
10
0.6412287007874016
20
0.784216968503937
11
0.6410190551181102
21
0.7843570472440945
0
LINE
8
BLACK
6
CONTINUOUS
10
0.6410190551181102
20
0.7843570472440945
11
0.6400816929133858
21
0.7852944094488189
0
LINE
8
BLACK
6
CONTINUOUS
10
0.6400816929133858
20
0.7852944094488189
11
0.6399415748031496
21
0.7855040944881889
0
LINE
8
BLACK
6
CONTINUOUS
10
0.6399415748031496
20
0.7855040944881889
11
0.6397866929133859
21
0.7857036614173228
0
LINE
8
BLACK
6
CONTINUOUS
10
0.6397866929133859
20
0.7857036614173228
11
0.6388492913385827
21
0.7875784251968504
0
LINE
8
BLACK
6
CONTINUOUS
10
0.6388492913385827
20
0.7875784251968504
11
0.6388284251968503
21
0.7876545669291338
0
LINE
8
BLACK
6
CONTINUOUS
10
0.6388284251968503
20
0.7876545669291338
11
0.6388029133858267
21
0.7876800787401574
0
LINE
8
BLACK
6
CONTINUOUS
10
0.6388029133858267
20
0.7876800787401574
11
0.6387536614173228
21
0.7879276377952755
0
LINE
8
BLACK
6
CONTINUOUS
10
0.6387536614173228
20
0.7879276377952755
11
0.6386870078740158
21
0.7881710629921259
0
LINE
8
BLACK
6
CONTINUOUS
10
0.6386870078740158
20
0.7881710629921259
11
0.6386984251968504
21
0.7882053543307086
0
LINE
8
BLACK
6
CONTINUOUS
10
0.6386984251968504
20
0.7882053543307086
11
0.638683031496063
21
0.788282716535433
0
LINE
8
BLACK
6
CONTINUOUS
10
0.638683031496063
20
0.788282716535433
11
0.638683031496063
21
0.7929696456692913
0
LINE
8
BLACK
6
CONTINUOUS
10
0.638683031496063
20
0.7929696456692913
11
0.6386984251968504
21
0.7930470472440945
0
LINE
8
BLACK
6
CONTINUOUS
10
0.6386984251968504
20
0.7930470472440945
11
0.6386870078740158
21
0.7930812992125984
0
LINE
8
BLACK
6
CONTINUOUS
10
0.6386870078740158
20
0.7930812992125984
11
0.6387536614173228
21
0.7933247637795275
0
LINE
8
BLACK
6
CONTINUOUS
10
0.6387536614173228
20
0.7933247637795275
11
0.6388029133858267
21
0.7935722834645669
0
LINE
8
BLACK
6
CONTINUOUS
10
0.6388029133858267
20
0.7935722834645669
11
0.6388284251968503
21
0.7935978346456692
0
LINE
8
BLACK
6
CONTINUOUS
10
0.6388284251968503
20
0.7935978346456692
11
0.6388492913385827
21
0.793673937007874
0
LINE
8
BLACK
6
CONTINUOUS
10
0.6388492913385827
20
0.793673937007874
11
0.6397866929133859
21
0.7955487007874016
0
LINE
8
BLACK
6
CONTINUOUS
10
0.6397866929133859
20
0.7955487007874016
11
0.6399415748031496
21
0.7957483070866141
0
LINE
8
BLACK
6
CONTINUOUS
10
0.6399415748031496
20
0.7957483070866141
11
0.6400816929133858
21
0.7959579527559055
0
LINE
8
BLACK
6
CONTINUOUS
10
0.6400816929133858
20
0.7959579527559055
11
0.6410190551181102
21
0.7968953149606299
0
LINE
8
BLACK
6
CONTINUOUS
10
0.6410190551181102
20
0.7968953149606299
11
0.6415299606299213
21
0.7972366929133858
0
LINE
8
BLACK
6
CONTINUOUS
10
0.6415299606299213
20
0.7972366929133858
11
0.6427352362204725
21
0.7972366929133858
0
LINE
8
BLACK
6
CONTINUOUS
10
0.6427352362204725
20
0.7972366929133858
11
0.6435875196850394
21
0.7963844094488188
0
LINE
8
BLACK
6
CONTINUOUS
10
0.6435875196850394
20
0.7963844094488188
11
0.6435875196850394
21
0.7951791338582677
0
LINE
8
BLACK
6
CONTINUOUS
10
0.6435875196850394
20
0.7951791338582677
11
0.6432461417322834
21
0.7946682283464567
0
LINE
8
BLACK
6
CONTINUOUS
10
0.6432461417322834
20
0.7946682283464567
11
0.6424894881889763
21
0.7939116141732283
0
LINE
8
BLACK
6
CONTINUOUS
10
0.6424894881889763
20
0.7939116141732283
11
0.6418326377952756
21
0.792597874015748
0
LINE
8
BLACK
6
CONTINUOUS
10
0.6418326377952756
20
0.792597874015748
11
0.6418326377952756
21
0.7886545275590551
0
LINE
8
BLACK
6
CONTINUOUS
10
0.6418326377952756
20
0.7886545275590551
11
0.6424894881889763
21
0.7873407874015748
0
LINE
8
BLACK
6
CONTINUOUS
10
0.6424894881889763
20
0.7873407874015748
11
0.6430653937007874
21
0.7867648818897638
0
LINE
8
BLACK
6
CONTINUOUS
10
0.6430653937007874
20
0.7867648818897638
11
0.6443791338582677
21
0.7861079921259843
0
LINE
8
BLACK
6
CONTINUOUS
10
0.6443791338582677
20
0.7861079921259843
11
0.6456266141732283
21
0.7861079921259843
0
LINE
8
BLACK
6
CONTINUOUS
10
0.6456266141732283
20
0.7861079921259843
11
0.6478435826771654
21
0.7868470078740157
0
LINE
8
BLACK
6
CONTINUOUS
10
0.6478435826771654
20
0.7868470078740157
11
0.6588293307086615
21
0.7978327559055118
0
LINE
8
BLACK
6
CONTINUOUS
10
0.6588293307086615
20
0.7978327559055118
11
0.6593402362204724
21
0.798174094488189
0
LINE
8
BLACK
6
CONTINUOUS
10
0.6593402362204724
20
0.798174094488189
11
0.6605455511811024
21
0.798174094488189
0
LINE
8
BLACK
6
CONTINUOUS
10
0.6605455511811024
20
0.798174094488189
11
0.6613977952755905
21
0.7973218503937007
0
LINE
8
BLACK
6
CONTINUOUS
10
0.6605455118110236
20
0.8159843700787401
11
0.6613977952755905
21
0.8151320866141732
0
LINE
8
BLACK
6
CONTINUOUS
10
0.6613977952755905
20
0.8151320866141732
11
0.6613977952755905
21
0.8139268110236221
0
LINE
8
BLACK
6
CONTINUOUS
10
0.6613977952755905
20
0.8139268110236221
11
0.6605455118110236
21
0.8130745275590551
0
LINE
8
BLACK
6
CONTINUOUS
10
0.6605455118110236
20
0.8130745275590551
11
0.659942874015748
21
0.8129546456692913
0
LINE
8
BLACK
6
CONTINUOUS
10
0.659942874015748
20
0.8129546456692913
11
0.6521438582677165
21
0.8129546456692913
0
LINE
8
BLACK
6
CONTINUOUS
10
0.6521438582677165
20
0.8129546456692913
11
0.6521438582677165
21
0.8106624409448818
0
LINE
8
BLACK
6
CONTINUOUS
10
0.6521438582677165
20
0.8106624409448818
11
0.6608459842519685
21
0.8045709842519685
0
LINE
8
BLACK
6
CONTINUOUS
10
0.6608459842519685
20
0.8045709842519685
11
0.6612709448818898
21
0.8041272047244095
0
LINE
8
BLACK
6
CONTINUOUS
10
0.6612709448818898
20
0.8041272047244095
11
0.6614803937007874
21
0.8029402362204724
0
LINE
8
BLACK
6
CONTINUOUS
10
0.6614803937007874
20
0.8029402362204724
11
0.6607892125984252
21
0.8019528346456692
0
LINE
8
BLACK
6
CONTINUOUS
10
0.6607892125984252
20
0.8019528346456692
11
0.6596022440944882
21
0.8017433464566929
0
LINE
8
BLACK
6
CONTINUOUS
10
0.6596022440944882
20
0.8017433464566929
11
0.6590398031496063
21
0.8019907480314961
0
LINE
8
BLACK
6
CONTINUOUS
10
0.6590398031496063
20
0.8019907480314961
11
0.6521173228346456
21
0.8068364566929134
0
LINE
8
BLACK
6
CONTINUOUS
10
0.6521173228346456
20
0.8068364566929134
11
0.6520731889763779
21
0.8066753149606299
0
LINE
8
BLACK
6
CONTINUOUS
10
0.6520731889763779
20
0.8066753149606299
11
0.6520239763779527
21
0.8064277559055117
0
LINE
8
BLACK
6
CONTINUOUS
10
0.6520239763779527
20
0.8064277559055117
11
0.6519984251968504
21
0.8064022440944881
0
LINE
8
BLACK
6
CONTINUOUS
10
0.6519984251968504
20
0.8064022440944881
11
0.6519775984251969
21
0.8063261023622047
0
LINE
8
BLACK
6
CONTINUOUS
10
0.6519775984251969
20
0.8063261023622047
11
0.6510401968503937
21
0.8044513385826771
0
LINE
8
BLACK
6
CONTINUOUS
10
0.6510401968503937
20
0.8044513385826771
11
0.6508852755905512
21
0.8042517716535433
0
LINE
8
BLACK
6
CONTINUOUS
10
0.6508852755905512
20
0.8042517716535433
11
0.6507452362204724
21
0.804042125984252
0
LINE
8
BLACK
6
CONTINUOUS
10
0.6507452362204724
20
0.804042125984252
11
0.649807874015748
21
0.80310468503937
0
LINE
8
BLACK
6
CONTINUOUS
10
0.649807874015748
20
0.80310468503937
11
0.6495979133858267
21
0.8029644488188976
0
LINE
8
BLACK
6
CONTINUOUS
10
0.6495979133858267
20
0.8029644488188976
11
0.6493985433070866
21
0.8028096850393701
0
LINE
8
BLACK
6
CONTINUOUS
10
0.6493985433070866
20
0.8028096850393701
11
0.647523779527559
21
0.8018723228346456
0
LINE
8
BLACK
6
CONTINUOUS
10
0.647523779527559
20
0.8018723228346456
11
0.6474476771653543
21
0.8018514960629921
0
LINE
8
BLACK
6
CONTINUOUS
10
0.6474476771653543
20
0.8018514960629921
11
0.6474221653543307
21
0.8018259448818897
0
LINE
8
BLACK
6
CONTINUOUS
10
0.6474221653543307
20
0.8018259448818897
11
0.6471744488188976
21
0.8017766929133858
0
LINE
8
BLACK
6
CONTINUOUS
10
0.6471744488188976
20
0.8017766929133858
11
0.6469311417322835
21
0.8017100393700787
0
LINE
8
BLACK
6
CONTINUOUS
10
0.6469311417322835
20
0.8017100393700787
11
0.6468968897637795
21
0.8017214566929134
0
LINE
8
BLACK
6
CONTINUOUS
10
0.6468968897637795
20
0.8017214566929134
11
0.6468195275590551
21
0.801706062992126
0
LINE
8
BLACK
6
CONTINUOUS
10
0.6468195275590551
20
0.801706062992126
11
0.6440073622047244
21
0.801706062992126
0
LINE
8
BLACK
6
CONTINUOUS
10
0.6440073622047244
20
0.801706062992126
11
0.6439299606299212
21
0.8017214960629921
0
LINE
8
BLACK
6
CONTINUOUS
10
0.6439299606299212
20
0.8017214960629921
11
0.6438957086614173
21
0.8017100393700787
0
LINE
8
BLACK
6
CONTINUOUS
10
0.6438957086614173
20
0.8017100393700787
11
0.6436522440944882
21
0.8017767322834646
0
LINE
8
BLACK
6
CONTINUOUS
10
0.6436522440944882
20
0.8017767322834646
11
0.6434047244094488
21
0.8018259448818897
0
LINE
8
BLACK
6
CONTINUOUS
10
0.6434047244094488
20
0.8018259448818897
11
0.6433791732283465
21
0.8018514960629921
0
LINE
8
BLACK
6
CONTINUOUS
10
0.6433791732283465
20
0.8018514960629921
11
0.6433030708661417
21
0.8018723228346456
0
LINE
8
BLACK
6
CONTINUOUS
10
0.6433030708661417
20
0.8018723228346456
11
0.6414283464566929
21
0.8028096850393701
0
LINE
8
BLACK
6
CONTINUOUS
10
0.6414283464566929
20
0.8028096850393701
11
0.6412291338582677
21
0.8029642913385827
0
LINE
8
BLACK
6
CONTINUOUS
10
0.6412291338582677
20
0.8029642913385827
11
0.6410190157480314
21
0.80310468503937
0
LINE
8
BLACK
6
CONTINUOUS
10
0.6410190157480314
20
0.80310468503937
11
0.640081653543307
21
0.8040420866141732
0
LINE
8
BLACK
6
CONTINUOUS
10
0.640081653543307
20
0.8040420866141732
11
0.6399414173228346
21
0.8042520078740157
0
LINE
8
BLACK
6
CONTINUOUS
10
0.6399414173228346
20
0.8042520078740157
11
0.6397866929133859
21
0.8044513385826771
0
LINE
8
BLACK
6
CONTINUOUS
10
0.6397866929133859
20
0.8044513385826771
11
0.6388492913385827
21
0.8063261023622047
0
LINE
8
BLACK
6
CONTINUOUS
10
0.6388492913385827
20
0.8063261023622047
11
0.6388284251968503
21
0.8064022440944881
0
LINE
8
BLACK
6
CONTINUOUS
10
0.6388284251968503
20
0.8064022440944881
11
0.6388029133858267
21
0.8064277559055117
0
LINE
8
BLACK
6
CONTINUOUS
10
0.6388029133858267
20
0.8064277559055117
11
0.6387536614173228
21
0.8066753149606299
0
LINE
8
BLACK
6
CONTINUOUS
10
0.6387536614173228
20
0.8066753149606299
11
0.6386870078740158
21
0.8069187401574803
0
LINE
8
BLACK
6
CONTINUOUS
10
0.6386870078740158
20
0.8069187401574803
11
0.6386984251968504
21
0.806953031496063
0
LINE
8
BLACK
6
CONTINUOUS
10
0.6386984251968504
20
0.806953031496063
11
0.638683031496063
21
0.8070303937007873
0
LINE
8
BLACK
6
CONTINUOUS
10
0.638683031496063
20
0.8070303937007873
11
0.638683031496063
21
0.8145294488188977
0
LINE
8
BLACK
6
CONTINUOUS
10
0.638683031496063
20
0.8145294488188977
11
0.6388029133858267
21
0.8151320866141732
0
LINE
8
BLACK
6
CONTINUOUS
10
0.6388029133858267
20
0.8151320866141732
11
0.6396551968503937
21
0.8159843700787401
0
LINE
8
BLACK
6
CONTINUOUS
10
0.6396551968503937
20
0.8159843700787401
11
0.6402578346456693
21
0.8161042519685039
0
LINE
8
BLACK
6
CONTINUOUS
10
0.6402578346456693
20
0.8161042519685039
11
0.659942874015748
21
0.8161042519685039
0
LINE
8
BLACK
6
CONTINUOUS
10
0.659942874015748
20
0.8161042519685039
11
0.6605455118110236
21
0.8159843700787401
0
LINE
8
BLACK
6
CONTINUOUS
10
0.6418326377952756
20
0.8074022047244094
11
0.6424894881889763
21
0.8060885039370078
0
LINE
8
BLACK
6
CONTINUOUS
10
0.6424894881889763
20
0.8060885039370078
11
0.6430654330708662
21
0.8055124803149606
0
LINE
8
BLACK
6
CONTINUOUS
10
0.6430654330708662
20
0.8055124803149606
11
0.644379094488189
21
0.8048556692913386
0
LINE
8
BLACK
6
CONTINUOUS
10
0.644379094488189
20
0.8048556692913386
11
0.6464477952755905
21
0.8048556692913386
0
LINE
8
BLACK
6
CONTINUOUS
10
0.6464477952755905
20
0.8048556692913386
11
0.6477613779527559
21
0.8055124803149606
0
LINE
8
BLACK
6
CONTINUOUS
10
0.6477613779527559
20
0.8055124803149606
11
0.6483373622047244
21
0.8060885039370078
0
LINE
8
BLACK
6
CONTINUOUS
10
0.6483373622047244
20
0.8060885039370078
11
0.6489942519685039
21
0.8074022047244094
0
LINE
8
BLACK
6
CONTINUOUS
10
0.6489942519685039
20
0.8074022047244094
11
0.6489942519685039
21
0.8129546456692913
0
LINE
8
BLACK
6
CONTINUOUS
10
0.6489942519685039
20
0.8129546456692913
11
0.6418326377952756
21
0.8129546456692913
0
LINE
8
BLACK
6
CONTINUOUS
10
0.6418326377952756
20
0.8129546456692913
11
0.6418326377952756
21
0.8074022047244094
0
LINE
8
BLACK
6
CONTINUOUS
10
0.6763596062992125
20
0.8411887401574802
11
0.6774249606299212
21
0.8401233858267716
0
LINE
8
BLACK
6
CONTINUOUS
10
0.6774249606299212
20
0.8401233858267716
11
0.6775748031496063
21
0.8393700787401575
0
LINE
8
BLACK
6
CONTINUOUS
10
0.6775748031496063
20
0.8393700787401575
11
0.6775748031496063
21
0.7606299212598425
0
LINE
8
BLACK
6
CONTINUOUS
10
0.6775748031496063
20
0.7606299212598425
11
0.6774249606299212
21
0.7598766141732284
0
LINE
8
BLACK
6
CONTINUOUS
10
0.6774249606299212
20
0.7598766141732284
11
0.6763596062992125
21
0.7588112598425196
0
LINE
8
BLACK
6
CONTINUOUS
10
0.6763596062992125
20
0.7588112598425196
11
0.6756062992125984
21
0.7586614173228347
0
LINE
8
BLACK
6
CONTINUOUS
10
0.6756062992125984
20
0.7586614173228347
11
0.6263937007874015
21
0.7586614173228347
0
LINE
8
BLACK
6
CONTINUOUS
10
0.6263937007874015
20
0.7586614173228347
11
0.6256403937007874
21
0.7588112598425196
0
LINE
8
BLACK
6
CONTINUOUS
10
0.6256403937007874
20
0.7588112598425196
11
0.6245750393700787
21
0.7598766141732284
0
LINE
8
BLACK
6
CONTINUOUS
10
0.6245750393700787
20
0.7598766141732284
11
0.6244251968503937
21
0.7606299212598425
0
LINE
8
BLACK
6
CONTINUOUS
10
0.6244251968503937
20
0.7606299212598425
11
0.6244251968503937
21
0.8393700787401575
0
LINE
8
BLACK
6
CONTINUOUS
10
0.6244251968503937
20
0.8393700787401575
11
0.6245750393700787
21
0.8401233858267716
0
LINE
8
BLACK
6
CONTINUOUS
10
0.6245750393700787
20
0.8401233858267716
11
0.6256403937007874
21
0.8411887401574802
0
LINE
8
BLACK
6
CONTINUOUS
10
0.6256403937007874
20
0.8411887401574802
11
0.6263937007874015
21
0.8413385826771653
0
LINE
8
BLACK
6
CONTINUOUS
10
0.6263937007874015
20
0.8413385826771653
11
0.6756062992125984
21
0.8413385826771653
0
LINE
8
BLACK
6
CONTINUOUS
10
0.6756062992125984
20
0.8413385826771653
11
0.6763596062992125
21
0.8411887401574802
0
LINE
8
BLACK
6
CONTINUOUS
10
0.6283622047244094
20
0.8374015748031496
11
0.6283622047244094
21
0.7625984251968504
0
LINE
8
BLACK
6
CONTINUOUS
10
0.6283622047244094
20
0.7625984251968504
11
0.6736377952755905
21
0.7625984251968504
0
LINE
8
BLACK
6
CONTINUOUS
10
0.6736377952755905
20
0.7625984251968504
11
0.6736377952755905
21
0.8374015748031496
0
LINE
8
BLACK
6
CONTINUOUS
10
0.6736377952755905
20
0.8374015748031496
11
0.6283622047244094
21
0.8374015748031496
0
LINE
8
BLACK
6
CONTINUOUS
10
0.1194823228346457
20
0.7901221259842519
11
0.1205467322834646
21
0.7896812204724409
0
LINE
8
BLACK
6
CONTINUOUS
10
0.1205467322834646
20
0.7896812204724409
11
0.1213613779527559
21
0.7888665748031496
0
LINE
8
BLACK
6
CONTINUOUS
10
0.1213613779527559
20
0.7888665748031496
11
0.1218022834645669
21
0.7878021653543307
0
LINE
8
BLACK
6
CONTINUOUS
10
0.1218022834645669
20
0.7878021653543307
11
0.1218590157480315
21
0.7872261023622047
0
LINE
8
BLACK
6
CONTINUOUS
10
0.1218590157480315
20
0.7872261023622047
11
0.1218590157480315
21
0.7722279921259843
0
LINE
8
BLACK
6
CONTINUOUS
10
0.1218590157480315
20
0.7722279921259843
11
0.1218022834645669
21
0.7716519291338583
0
LINE
8
BLACK
6
CONTINUOUS
10
0.1218022834645669
20
0.7716519291338583
11
0.1217616929133858
21
0.7715539763779528
0
LINE
8
BLACK
6
CONTINUOUS
10
0.1217616929133858
20
0.7715539763779528
11
0.1217541732283465
21
0.7714480708661418
0
LINE
8
BLACK
6
CONTINUOUS
10
0.1217541732283465
20
0.7714480708661418
11
0.1215472834645669
21
0.7709074803149606
0
LINE
8
BLACK
6
CONTINUOUS
10
0.1215472834645669
20
0.7709074803149606
11
0.1196725196850394
21
0.7671579527559055
0
LINE
8
BLACK
6
CONTINUOUS
10
0.1196725196850394
20
0.7671579527559055
11
0.1195164173228346
21
0.7669099606299212
0
LINE
8
BLACK
6
CONTINUOUS
10
0.1195164173228346
20
0.7669099606299212
11
0.1194866141732283
21
0.7668379921259842
0
LINE
8
BLACK
6
CONTINUOUS
10
0.1194866141732283
20
0.7668379921259842
11
0.119420157480315
21
0.7667570472440944
0
LINE
8
BLACK
6
CONTINUOUS
10
0.119420157480315
20
0.7667570472440944
11
0.1193641732283465
21
0.7666680708661417
0
LINE
8
BLACK
6
CONTINUOUS
10
0.1193641732283465
20
0.7666680708661417
11
0.1193051181102362
21
0.7666168897637795
0
LINE
8
BLACK
6
CONTINUOUS
10
0.1193051181102362
20
0.7666168897637795
11
0.1191193700787402
21
0.7663905118110236
0
LINE
8
BLACK
6
CONTINUOUS
10
0.1191193700787402
20
0.7663905118110236
11
0.1172445669291339
21
0.764515748031496
0
LINE
8
BLACK
6
CONTINUOUS
10
0.1172445669291339
20
0.764515748031496
11
0.1170182283464567
21
0.7643300393700787
0
LINE
8
BLACK
6
CONTINUOUS
10
0.1170182283464567
20
0.7643300393700787
11
0.1169670866141732
21
0.7642710236220472
0
LINE
8
BLACK
6
CONTINUOUS
10
0.1169670866141732
20
0.7642710236220472
11
0.1168781496062992
21
0.7642150787401575
0
LINE
8
BLACK
6
CONTINUOUS
10
0.1168781496062992
20
0.7642150787401575
11
0.116797125984252
21
0.7641485433070866
0
LINE
8
BLACK
6
CONTINUOUS
10
0.116797125984252
20
0.7641485433070866
11
0.1167250787401575
21
0.7641187401574803
0
LINE
8
BLACK
6
CONTINUOUS
10
0.1167250787401575
20
0.7641187401574803
11
0.1164772047244094
21
0.7639626771653543
0
LINE
8
BLACK
6
CONTINUOUS
10
0.1164772047244094
20
0.7639626771653543
11
0.1127276771653543
21
0.7620879133858267
0
LINE
8
BLACK
6
CONTINUOUS
10
0.1127276771653543
20
0.7620879133858267
11
0.1121870472440945
21
0.7618810236220472
0
LINE
8
BLACK
6
CONTINUOUS
10
0.1121870472440945
20
0.7618810236220472
11
0.1120812204724409
21
0.7618735433070866
0
LINE
8
BLACK
6
CONTINUOUS
10
0.1120812204724409
20
0.7618735433070866
11
0.1119832283464567
21
0.7618329133858267
0
LINE
8
BLACK
6
CONTINUOUS
10
0.1119832283464567
20
0.7618329133858267
11
0.1114071653543307
21
0.7617761811023622
0
LINE
8
BLACK
6
CONTINUOUS
10
0.1114071653543307
20
0.7617761811023622
11
0.105782874015748
21
0.7617761811023622
0
LINE
8
BLACK
6
CONTINUOUS
10
0.105782874015748
20
0.7617761811023622
11
0.105206811023622
21
0.7618329133858267
0
LINE
8
BLACK
6
CONTINUOUS
10
0.105206811023622
20
0.7618329133858267
11
0.1051088188976378
21
0.7618735039370078
0
LINE
8
BLACK
6
CONTINUOUS
10
0.1051088188976378
20
0.7618735039370078
11
0.1050029527559055
21
0.7618810236220472
0
LINE
8
BLACK
6
CONTINUOUS
10
0.1050029527559055
20
0.7618810236220472
11
0.1044623622047244
21
0.7620879133858267
0
LINE
8
BLACK
6
CONTINUOUS
10
0.1044623622047244
20
0.7620879133858267
11
0.1007128346456693
21
0.7639626771653543
0
LINE
8
BLACK
6
CONTINUOUS
10
0.1007128346456693
20
0.7639626771653543
11
0.1004648031496063
21
0.764118779527559
0
LINE
8
BLACK
6
CONTINUOUS
10
0.1004648031496063
20
0.764118779527559
11
0.100392874015748
21
0.7641485826771653
0
LINE
8
BLACK
6
CONTINUOUS
10
0.100392874015748
20
0.7641485826771653
11
0.1003118897637795
21
0.7642150787401575
0
LINE
8
BLACK
6
CONTINUOUS
10
0.1003118897637795
20
0.7642150787401575
11
0.1002229527559055
21
0.7642710236220472
0
LINE
8
BLACK
6
CONTINUOUS
10
0.1002229527559055
20
0.7642710236220472
11
0.1001717716535433
21
0.7643300393700787
0
LINE
8
BLACK
6
CONTINUOUS
10
0.1001717716535433
20
0.7643300393700787
11
0.0999454330708661
21
0.7645157874015748
0
LINE
8
BLACK
6
CONTINUOUS
10
0.0999454330708661
20
0.7645157874015748
11
0.0980706692913386
21
0.7663905511811023
0
LINE
8
BLACK
6
CONTINUOUS
10
0.0980706692913386
20
0.7663905511811023
11
0.0977034645669291
21
0.7668379921259842
0
LINE
8
BLACK
6
CONTINUOUS
10
0.0977034645669291
20
0.7668379921259842
11
0.0976628346456693
21
0.766936062992126
0
LINE
8
BLACK
6
CONTINUOUS
10
0.0976628346456693
20
0.766936062992126
11
0.0975933464566929
21
0.7670161811023621
0
LINE
8
BLACK
6
CONTINUOUS
10
0.0975933464566929
20
0.7670161811023621
11
0.0974866929133858
21
0.7672550787401574
0
LINE
8
BLACK
6
CONTINUOUS
10
0.0974866929133858
20
0.7672550787401574
11
0.0966222047244095
21
0.7663905511811023
0
LINE
8
BLACK
6
CONTINUOUS
10
0.0966222047244095
20
0.7663905511811023
11
0.0963958267716535
21
0.7662048031496063
0
LINE
8
BLACK
6
CONTINUOUS
10
0.0963958267716535
20
0.7662048031496063
11
0.0963446850393701
21
0.7661457874015748
0
LINE
8
BLACK
6
CONTINUOUS
10
0.0963446850393701
20
0.7661457874015748
11
0.0962557086614173
21
0.766089842519685
0
LINE
8
BLACK
6
CONTINUOUS
10
0.0962557086614173
20
0.766089842519685
11
0.0961747637795276
21
0.7660233464566929
0
LINE
8
BLACK
6
CONTINUOUS
10
0.0961747637795276
20
0.7660233464566929
11
0.0961027952755906
21
0.7659935433070866
0
LINE
8
BLACK
6
CONTINUOUS
10
0.0961027952755906
20
0.7659935433070866
11
0.0958548031496063
21
0.7658374409448818
0
LINE
8
BLACK
6
CONTINUOUS
10
0.0958548031496063
20
0.7658374409448818
11
0.0921052755905512
21
0.7639626771653543
0
LINE
8
BLACK
6
CONTINUOUS
10
0.0921052755905512
20
0.7639626771653543
11
0.0915646456692913
21
0.7637557874015748
0
LINE
8
BLACK
6
CONTINUOUS
10
0.0915646456692913
20
0.7637557874015748
11
0.0914588188976378
21
0.7637483070866141
0
LINE
8
BLACK
6
CONTINUOUS
10
0.0914588188976378
20
0.7637483070866141
11
0.0913608267716535
21
0.7637076771653543
0
LINE
8
BLACK
6
CONTINUOUS
10
0.0913608267716535
20
0.7637076771653543
11
0.0907847637795276
21
0.7636509448818898
0
LINE
8
BLACK
6
CONTINUOUS
10
0.0907847637795276
20
0.7636509448818898
11
0.0870352362204724
21
0.7636509448818898
0
LINE
8
BLACK
6
CONTINUOUS
10
0.0870352362204724
20
0.7636509448818898
11
0.0864591732283465
21
0.7637076771653543
0
LINE
8
BLACK
6
CONTINUOUS
10
0.0864591732283465
20
0.7637076771653543
11
0.0863611811023622
21
0.7637482677165354
0
LINE
8
BLACK
6
CONTINUOUS
10
0.0863611811023622
20
0.7637482677165354
11
0.0862553149606299
21
0.7637557874015748
0
LINE
8
BLACK
6
CONTINUOUS
10
0.0862553149606299
20
0.7637557874015748
11
0.0857147244094488
21
0.7639626771653543
0
LINE
8
BLACK
6
CONTINUOUS
10
0.0857147244094488
20
0.7639626771653543
11
0.0819651968503937
21
0.7658374409448818
0
LINE
8
BLACK
6
CONTINUOUS
10
0.0819651968503937
20
0.7658374409448818
11
0.0817171653543307
21
0.7659935433070866
0
LINE
8
BLACK
6
CONTINUOUS
10
0.0817171653543307
20
0.7659935433070866
11
0.0816452362204724
21
0.7660233464566929
0
LINE
8
BLACK
6
CONTINUOUS
10
0.0816452362204724
20
0.7660233464566929
11
0.0815642519685039
21
0.766089842519685
0
LINE
8
BLACK
6
CONTINUOUS
10
0.0815642519685039
20
0.766089842519685
11
0.0814753149606299
21
0.7661457874015748
0
LINE
8
BLACK
6
CONTINUOUS
10
0.0814753149606299
20
0.7661457874015748
11
0.0814241338582677
21
0.7662048031496063
0
LINE
8
BLACK
6
CONTINUOUS
10
0.0814241338582677
20
0.7662048031496063
11
0.0811977952755906
21
0.7663905511811023
0
LINE
8
BLACK
6
CONTINUOUS
10
0.0811977952755906
20
0.7663905511811023
11
0.079323031496063
21
0.7682653149606299
0
LINE
8
BLACK
6
CONTINUOUS
10
0.079323031496063
20
0.7682653149606299
11
0.0791372440944882
21
0.7684916929133858
0
LINE
8
BLACK
6
CONTINUOUS
10
0.0791372440944882
20
0.7684916929133858
11
0.0790782677165354
21
0.7685428346456693
0
LINE
8
BLACK
6
CONTINUOUS
10
0.0790782677165354
20
0.7685428346456693
11
0.0790222834645669
21
0.768631811023622
0
LINE
8
BLACK
6
CONTINUOUS
10
0.0790222834645669
20
0.768631811023622
11
0.0789558267716535
21
0.7687127559055118
0
LINE
8
BLACK
6
CONTINUOUS
10
0.0789558267716535
20
0.7687127559055118
11
0.0789259842519685
21
0.7687847244094488
0
LINE
8
BLACK
6
CONTINUOUS
10
0.0789259842519685
20
0.7687847244094488
11
0.0787699212598425
21
0.769032716535433
0
LINE
8
BLACK
6
CONTINUOUS
10
0.0787699212598425
20
0.769032716535433
11
0.076895157480315
21
0.7727822440944881
0
LINE
8
BLACK
6
CONTINUOUS
10
0.076895157480315
20
0.7727822440944881
11
0.0766882677165354
21
0.7733228740157481
0
LINE
8
BLACK
6
CONTINUOUS
10
0.0766882677165354
20
0.7733228740157481
11
0.0766807480314961
21
0.7734287007874016
0
LINE
8
BLACK
6
CONTINUOUS
10
0.0766807480314961
20
0.7734287007874016
11
0.076640157480315
21
0.7735266929133858
0
LINE
8
BLACK
6
CONTINUOUS
10
0.076640157480315
20
0.7735266929133858
11
0.0765834251968504
21
0.7741027559055118
0
LINE
8
BLACK
6
CONTINUOUS
10
0.0765834251968504
20
0.7741027559055118
11
0.0765834251968504
21
0.7872261023622047
0
LINE
8
BLACK
6
CONTINUOUS
10
0.0765834251968504
20
0.7872261023622047
11
0.076640157480315
21
0.7878021653543307
0
LINE
8
BLACK
6
CONTINUOUS
10
0.076640157480315
20
0.7878021653543307
11
0.077081062992126
21
0.7888665748031496
0
LINE
8
BLACK
6
CONTINUOUS
10
0.077081062992126
20
0.7888665748031496
11
0.0778957086614173
21
0.7896812204724409
0
LINE
8
BLACK
6
CONTINUOUS
10
0.0778957086614173
20
0.7896812204724409
11
0.0789601181102362
21
0.7901221259842519
0
LINE
8
BLACK
6
CONTINUOUS
10
0.0789601181102362
20
0.7901221259842519
11
0.0795361811023622
21
0.7901788582677165
0
LINE
8
BLACK
6
CONTINUOUS
10
0.0795361811023622
20
0.7901788582677165
11
0.1189062598425197
21
0.7901788582677165
0
LINE
8
BLACK
6
CONTINUOUS
10
0.1189062598425197
20
0.7901788582677165
11
0.1194823228346457
21
0.7901221259842519
0
LINE
8
BLACK
6
CONTINUOUS
10
0.1012365748031496
20
0.7745819291338583
11
0.1027393700787401
21
0.7700735039370079
0
LINE
8
BLACK
6
CONTINUOUS
10
0.1027393700787401
20
0.7700735039370079
11
0.1037824409448819
21
0.7690304330708662
0
LINE
8
BLACK
6
CONTINUOUS
10
0.1037824409448819
20
0.7690304330708662
11
0.1064799212598425
21
0.7676816929133858
0
LINE
8
BLACK
6
CONTINUOUS
10
0.1064799212598425
20
0.7676816929133858
11
0.1107101181102362
21
0.7676816929133858
0
LINE
8
BLACK
6
CONTINUOUS
10
0.1107101181102362
20
0.7676816929133858
11
0.1134075984251968
21
0.7690304724409449
0
LINE
8
BLACK
6
CONTINUOUS
10
0.1134075984251968
20
0.7690304724409449
11
0.1146047637795276
21
0.7702275984251968
0
LINE
8
BLACK
6
CONTINUOUS
10
0.1146047637795276
20
0.7702275984251968
11
0.1159535039370079
21
0.7729250393700787
0
LINE
8
BLACK
6
CONTINUOUS
10
0.1159535039370079
20
0.7729250393700787
11
0.1159535039370079
21
0.7842733464566929
0
LINE
8
BLACK
6
CONTINUOUS
10
0.1159535039370079
20
0.7842733464566929
11
0.1012365748031496
21
0.7842733464566929
0
LINE
8
BLACK
6
CONTINUOUS
10
0.1012365748031496
20
0.7842733464566929
11
0.1012365748031496
21
0.7745819291338583
0
LINE
8
BLACK
6
CONTINUOUS
10
0.082488937007874
20
0.7747998031496063
11
0.0838376771653543
21
0.7721023228346456
0
LINE
8
BLACK
6
CONTINUOUS
10
0.0838376771653543
20
0.7721023228346456
11
0.0850348031496063
21
0.7709051968503937
0
LINE
8
BLACK
6
CONTINUOUS
10
0.0850348031496063
20
0.7709051968503937
11
0.0877322834645669
21
0.7695564566929134
0
LINE
8
BLACK
6
CONTINUOUS
10
0.0877322834645669
20
0.7695564566929134
11
0.0900877165354331
21
0.7695564566929134
0
LINE
8
BLACK
6
CONTINUOUS
10
0.0900877165354331
20
0.7695564566929134
11
0.0927851968503937
21
0.7709051968503937
0
LINE
8
BLACK
6
CONTINUOUS
10
0.0927851968503937
20
0.7709051968503937
11
0.0939823228346457
21
0.7721023228346456
0
LINE
8
BLACK
6
CONTINUOUS
10
0.0939823228346457
20
0.7721023228346456
11
0.095331062992126
21
0.7747998031496063
0
LINE
8
BLACK
6
CONTINUOUS
10
0.095331062992126
20
0.7747998031496063
11
0.095331062992126
21
0.7842733464566929
0
LINE
8
BLACK
6
CONTINUOUS
10
0.095331062992126
20
0.7842733464566929
11
0.082488937007874
21
0.7842733464566929
0
LINE
8
BLACK
6
CONTINUOUS
10
0.082488937007874
20
0.7842733464566929
11
0.082488937007874
21
0.7747998031496063
0
LINE
8
BLACK
6
CONTINUOUS
10
0.6045216929133859
20
0.8113324803149606
11
0.6055861023622047
21
0.8108915748031496
0
LINE
8
BLACK
6
CONTINUOUS
10
0.6055861023622047
20
0.8108915748031496
11
0.606400748031496
21
0.8100769291338582
0
LINE
8
BLACK
6
CONTINUOUS
10
0.606400748031496
20
0.8100769291338582
11
0.6068416535433071
21
0.8090125196850394
0
LINE
8
BLACK
6
CONTINUOUS
10
0.6068416535433071
20
0.8090125196850394
11
0.6068416535433071
21
0.8078603937007874
0
LINE
8
BLACK
6
CONTINUOUS
10
0.6068416535433071
20
0.8078603937007874
11
0.606400748031496
21
0.8067959842519685
0
LINE
8
BLACK
6
CONTINUOUS
10
0.606400748031496
20
0.8067959842519685
11
0.6055861023622047
21
0.8059813385826772
0
LINE
8
BLACK
6
CONTINUOUS
10
0.6055861023622047
20
0.8059813385826772
11
0.6045216929133859
21
0.8055404330708661
0
LINE
8
BLACK
6
CONTINUOUS
10
0.6045216929133859
20
0.8055404330708661
11
0.6039456299212598
21
0.8054837007874015
0
LINE
8
BLACK
6
CONTINUOUS
10
0.6039456299212598
20
0.8054837007874015
11
0.5756943307086614
21
0.8054837007874015
0
LINE
8
BLACK
6
CONTINUOUS
10
0.5756943307086614
20
0.8054837007874015
11
0.6054106299212598
21
0.7885029921259842
0
LINE
8
BLACK
6
CONTINUOUS
10
0.6054106299212598
20
0.7885029921259842
11
0.6055320472440945
21
0.788416811023622
0
LINE
8
BLACK
6
CONTINUOUS
10
0.6055320472440945
20
0.788416811023622
11
0.6055861023622047
21
0.7883944094488189
0
LINE
8
BLACK
6
CONTINUOUS
10
0.6055861023622047
20
0.7883944094488189
11
0.6056411023622047
21
0.7883394094488189
0
LINE
8
BLACK
6
CONTINUOUS
10
0.6056411023622047
20
0.7883394094488189
11
0.6058826377952756
21
0.7881679527559055
0
LINE
8
BLACK
6
CONTINUOUS
10
0.6058826377952756
20
0.7881679527559055
11
0.6061231102362205
21
0.7878574015748031
0
LINE
8
BLACK
6
CONTINUOUS
10
0.6061231102362205
20
0.7878574015748031
11
0.606400748031496
21
0.7875797637795275
0
LINE
8
BLACK
6
CONTINUOUS
10
0.606400748031496
20
0.7875797637795275
11
0.6064727952755905
21
0.7874058267716535
0
LINE
8
BLACK
6
CONTINUOUS
10
0.6064727952755905
20
0.7874058267716535
11
0.606588031496063
21
0.7872570078740158
0
LINE
8
BLACK
6
CONTINUOUS
10
0.606588031496063
20
0.7872570078740158
11
0.6066913385826771
21
0.7868782283464567
0
LINE
8
BLACK
6
CONTINUOUS
10
0.6066913385826771
20
0.7868782283464567
11
0.6068416535433071
21
0.7865153543307086
0
LINE
8
BLACK
6
CONTINUOUS
10
0.6068416535433071
20
0.7865153543307086
11
0.6068416535433071
21
0.7863271653543307
0
LINE
8
BLACK
6
CONTINUOUS
10
0.6068416535433071
20
0.7863271653543307
11
0.6068911811023622
21
0.7861455511811023
0
LINE
8
BLACK
6
CONTINUOUS
10
0.6068911811023622
20
0.7861455511811023
11
0.6068416535433071
21
0.7857559448818897
0
LINE
8
BLACK
6
CONTINUOUS
10
0.6068416535433071
20
0.7857559448818897
11
0.6068416535433071
21
0.7853632283464567
0
LINE
8
BLACK
6
CONTINUOUS
10
0.6068416535433071
20
0.7853632283464567
11
0.6067696062992126
21
0.7851894094488189
0
LINE
8
BLACK
6
CONTINUOUS
10
0.6067696062992126
20
0.7851894094488189
11
0.606745905511811
21
0.7850026377952756
0
LINE
8
BLACK
6
CONTINUOUS
10
0.606745905511811
20
0.7850026377952756
11
0.6065509842519685
21
0.7846615354330708
0
LINE
8
BLACK
6
CONTINUOUS
10
0.6065509842519685
20
0.7846615354330708
11
0.606400748031496
21
0.7842988188976378
0
LINE
8
BLACK
6
CONTINUOUS
10
0.606400748031496
20
0.7842988188976378
11
0.6062677165354331
21
0.7841658267716535
0
LINE
8
BLACK
6
CONTINUOUS
10
0.6062677165354331
20
0.7841658267716535
11
0.6061742913385827
21
0.7840022834645669
0
LINE
8
BLACK
6
CONTINUOUS
10
0.6061742913385827
20
0.7840022834645669
11
0.6058636614173228
21
0.7837617716535433
0
LINE
8
BLACK
6
CONTINUOUS
10
0.6058636614173228
20
0.7837617716535433
11
0.6055861023622047
21
0.7834841732283464
0
LINE
8
BLACK
6
CONTINUOUS
10
0.6055861023622047
20
0.7834841732283464
11
0.6054122047244095
21
0.7834121653543307
0
LINE
8
BLACK
6
CONTINUOUS
10
0.6054122047244095
20
0.7834121653543307
11
0.6052633858267716
21
0.7832968897637795
0
LINE
8
BLACK
6
CONTINUOUS
10
0.6052633858267716
20
0.7832968897637795
11
0.6048844881889763
21
0.7831935826771653
0
LINE
8
BLACK
6
CONTINUOUS
10
0.6048844881889763
20
0.7831935826771653
11
0.6045216929133859
21
0.7830432677165354
0
LINE
8
BLACK
6
CONTINUOUS
10
0.6045216929133859
20
0.7830432677165354
11
0.6042270866141732
21
0.7830142913385827
0
LINE
8
BLACK
6
CONTINUOUS
10
0.6042270866141732
20
0.7830142913385827
11
0.6041518897637795
21
0.7829937401574802
0
LINE
8
BLACK
6
CONTINUOUS
10
0.6041518897637795
20
0.7829937401574802
11
0.604093779527559
21
0.7830011417322834
0
LINE
8
BLACK
6
CONTINUOUS
10
0.604093779527559
20
0.7830011417322834
11
0.6039456299212598
21
0.7829865354330708
0
LINE
8
BLACK
6
CONTINUOUS
10
0.6039456299212598
20
0.7829865354330708
11
0.5645755511811024
21
0.7829865354330708
0
LINE
8
BLACK
6
CONTINUOUS
10
0.5645755511811024
20
0.7829865354330708
11
0.5639994881889764
21
0.7830432677165354
0
LINE
8
BLACK
6
CONTINUOUS
10
0.5639994881889764
20
0.7830432677165354
11
0.5629350787401575
21
0.7834841732283464
0
LINE
8
BLACK
6
CONTINUOUS
10
0.5629350787401575
20
0.7834841732283464
11
0.5621204330708661
21
0.7842988188976378
0
LINE
8
BLACK
6
CONTINUOUS
10
0.5621204330708661
20
0.7842988188976378
11
0.5616795275590551
21
0.7853632283464567
0
LINE
8
BLACK
6
CONTINUOUS
10
0.5616795275590551
20
0.7853632283464567
11
0.5616795275590551
21
0.7865153543307086
0
LINE
8
BLACK
6
CONTINUOUS
10
0.5616795275590551
20
0.7865153543307086
11
0.5621204330708661
21
0.7875797637795275
0
LINE
8
BLACK
6
CONTINUOUS
10
0.5621204330708661
20
0.7875797637795275
11
0.5629350787401575
21
0.7883944094488189
0
LINE
8
BLACK
6
CONTINUOUS
10
0.5629350787401575
20
0.7883944094488189
11
0.5639994881889764
21
0.7888353149606299
0
LINE
8
BLACK
6
CONTINUOUS
10
0.5639994881889764
20
0.7888353149606299
11
0.5645755511811024
21
0.7888920472440945
0
LINE
8
BLACK
6
CONTINUOUS
10
0.5645755511811024
20
0.7888920472440945
11
0.5928268503937008
21
0.7888920472440945
0
LINE
8
BLACK
6
CONTINUOUS
10
0.5928268503937008
20
0.7888920472440945
11
0.5631105905511811
21
0.8058727559055118
0
LINE
8
BLACK
6
CONTINUOUS
10
0.5631105905511811
20
0.8058727559055118
11
0.5629891732283464
21
0.805958937007874
0
LINE
8
BLACK
6
CONTINUOUS
10
0.5629891732283464
20
0.805958937007874
11
0.5629350787401575
21
0.8059813385826772
0
LINE
8
BLACK
6
CONTINUOUS
10
0.5629350787401575
20
0.8059813385826772
11
0.5628799606299213
21
0.8060364566929134
0
LINE
8
BLACK
6
CONTINUOUS
10
0.5628799606299213
20
0.8060364566929134
11
0.5626385433070866
21
0.8062077952755905
0
LINE
8
BLACK
6
CONTINUOUS
10
0.5626385433070866
20
0.8062077952755905
11
0.5623979921259843
21
0.8065184251968504
0
LINE
8
BLACK
6
CONTINUOUS
10
0.5623979921259843
20
0.8065184251968504
11
0.5621204330708661
21
0.8067959842519685
0
LINE
8
BLACK
6
CONTINUOUS
10
0.5621204330708661
20
0.8067959842519685
11
0.5620483858267716
21
0.8069698818897637
0
LINE
8
BLACK
6
CONTINUOUS
10
0.5620483858267716
20
0.8069698818897637
11
0.5619331496062993
21
0.8071187007874016
0
LINE
8
BLACK
6
CONTINUOUS
10
0.5619331496062993
20
0.8071187007874016
11
0.5618298031496063
21
0.8074975984251969
0
LINE
8
BLACK
6
CONTINUOUS
10
0.5618298031496063
20
0.8074975984251969
11
0.5616795275590551
21
0.8078603937007874
0
LINE
8
BLACK
6
CONTINUOUS
10
0.5616795275590551
20
0.8078603937007874
11
0.5616795275590551
21
0.808048622047244
0
LINE
8
BLACK
6
CONTINUOUS
10
0.5616795275590551
20
0.808048622047244
11
0.56163
21
0.8082301968503937
0
LINE
8
BLACK
6
CONTINUOUS
10
0.56163
20
0.8082301968503937
11
0.5616795275590551
21
0.808619842519685
0
LINE
8
BLACK
6
CONTINUOUS
10
0.5616795275590551
20
0.808619842519685
11
0.5616795275590551
21
0.8090125196850394
0
LINE
8
BLACK
6
CONTINUOUS
10
0.5616795275590551
20
0.8090125196850394
11
0.5617515354330709
21
0.8091863779527559
0
LINE
8
BLACK
6
CONTINUOUS
10
0.5617515354330709
20
0.8091863779527559
11
0.5617752755905512
21
0.8093731102362205
0
LINE
8
BLACK
6
CONTINUOUS
10
0.5617752755905512
20
0.8093731102362205
11
0.561970157480315
21
0.8097142519685039
0
LINE
8
BLACK
6
CONTINUOUS
10
0.561970157480315
20
0.8097142519685039
11
0.5621204330708661
21
0.8100769291338582
0
LINE
8
BLACK
6
CONTINUOUS
10
0.5621204330708661
20
0.8100769291338582
11
0.5622534251968504
21
0.8102099606299212
0
LINE
8
BLACK
6
CONTINUOUS
10
0.5622534251968504
20
0.8102099606299212
11
0.5623468897637796
21
0.8103734645669292
0
LINE
8
BLACK
6
CONTINUOUS
10
0.5623468897637796
20
0.8103734645669292
11
0.5626574803149607
21
0.8106140157480315
0
LINE
8
BLACK
6
CONTINUOUS
10
0.5626574803149607
20
0.8106140157480315
11
0.5629350787401575
21
0.8108915748031496
0
LINE
8
BLACK
6
CONTINUOUS
10
0.5629350787401575
20
0.8108915748031496
11
0.563108937007874
21
0.810963622047244
0
LINE
8
BLACK
6
CONTINUOUS
10
0.563108937007874
20
0.810963622047244
11
0.5632577952755905
21
0.8110788582677165
0
LINE
8
BLACK
6
CONTINUOUS
10
0.5632577952755905
20
0.8110788582677165
11
0.5636366535433071
21
0.8111822047244094
0
LINE
8
BLACK
6
CONTINUOUS
10
0.5636366535433071
20
0.8111822047244094
11
0.5639994881889764
21
0.8113324803149606
0
LINE
8
BLACK
6
CONTINUOUS
10
0.5639994881889764
20
0.8113324803149606
11
0.5642940551181103
21
0.8113614960629921
0
LINE
8
BLACK
6
CONTINUOUS
10
0.5642940551181103
20
0.8113614960629921
11
0.5643692913385827
21
0.8113820078740157
0
LINE
8
BLACK
6
CONTINUOUS
10
0.5643692913385827
20
0.8113820078740157
11
0.5644273622047244
21
0.8113746456692913
0
LINE
8
BLACK
6
CONTINUOUS
10
0.5644273622047244
20
0.8113746456692913
11
0.5645755511811024
21
0.8113892125984252
0
LINE
8
BLACK
6
CONTINUOUS
10
0.5645755511811024
20
0.8113892125984252
11
0.6039456299212598
21
0.8113892125984252
0
LINE
8
BLACK
6
CONTINUOUS
10
0.6039456299212598
20
0.8113892125984252
11
0.6045216929133859
21
0.8113324803149606
0
LINE
8
BLACK
6
CONTINUOUS
10
0.3191527952755905
20
0.8222677165354331
11
0.3194031102362205
21
0.8222361417322834
0
LINE
8
BLACK
6
CONTINUOUS
10
0.3194031102362205
20
0.8222361417322834
11
0.3222152362204724
21
0.8212987401574803
0
LINE
8
BLACK
6
CONTINUOUS
10
0.3222152362204724
20
0.8212987401574803
11
0.3222837401574803
21
0.8212596850393701
0
LINE
8
BLACK
6
CONTINUOUS
10
0.3222837401574803
20
0.8212596850393701
11
0.3223198818897638
21
0.8212596850393701
0
LINE
8
BLACK
6
CONTINUOUS
10
0.3223198818897638
20
0.8212596850393701
11
0.3225296850393701
21
0.8211194881889764
0
LINE
8
BLACK
6
CONTINUOUS
10
0.3225296850393701
20
0.8211194881889764
11
0.3227490551181103
21
0.8209944488188976
0
LINE
8
BLACK
6
CONTINUOUS
10
0.3227490551181103
20
0.8209944488188976
11
0.3227651968503937
21
0.820962125984252
0
LINE
8
BLACK
6
CONTINUOUS
10
0.3227651968503937
20
0.820962125984252
11
0.3228307874015748
21
0.8209183070866142
0
LINE
8
BLACK
6
CONTINUOUS
10
0.3228307874015748
20
0.8209183070866142
11
0.3247055511811023
21
0.8190435826771654
0
LINE
8
BLACK
6
CONTINUOUS
10
0.3247055511811023
20
0.8190435826771654
11
0.3248458267716535
21
0.8188336614173228
0
LINE
8
BLACK
6
CONTINUOUS
10
0.3248458267716535
20
0.8188336614173228
11
0.3250005511811024
21
0.8186342913385827
0
LINE
8
BLACK
6
CONTINUOUS
10
0.3250005511811024
20
0.8186342913385827
11
0.3259379527559055
21
0.8167595275590551
0
LINE
8
BLACK
6
CONTINUOUS
10
0.3259379527559055
20
0.8167595275590551
11
0.3259835039370079
21
0.8165931496062991
0
LINE
8
BLACK
6
CONTINUOUS
10
0.3259835039370079
20
0.8165931496062991
11
0.3260572047244095
21
0.8164371653543306
0
LINE
8
BLACK
6
CONTINUOUS
10
0.3260572047244095
20
0.8164371653543306
11
0.3269945669291339
21
0.8126876377952755
0
LINE
8
BLACK
6
CONTINUOUS
10
0.3269945669291339
20
0.8126876377952755
11
0.327003937007874
21
0.8124949212598425
0
LINE
8
BLACK
6
CONTINUOUS
10
0.327003937007874
20
0.8124949212598425
11
0.3270415748031496
21
0.8123057086614173
0
LINE
8
BLACK
6
CONTINUOUS
10
0.3270415748031496
20
0.8123057086614173
11
0.3270415748031496
21
0.8094935826771653
0
LINE
8
BLACK
6
CONTINUOUS
10
0.3270415748031496
20
0.8094935826771653
11
0.327003937007874
21
0.8093044094488189
0
LINE
8
BLACK
6
CONTINUOUS
10
0.327003937007874
20
0.8093044094488189
11
0.3269945669291339
21
0.8091116535433071
0
LINE
8
BLACK
6
CONTINUOUS
10
0.3269945669291339
20
0.8091116535433071
11
0.3260572047244095
21
0.8053621259842519
0
LINE
8
BLACK
6
CONTINUOUS
10
0.3260572047244095
20
0.8053621259842519
11
0.3259835039370079
21
0.8052061811023622
0
LINE
8
BLACK
6
CONTINUOUS
10
0.3259835039370079
20
0.8052061811023622
11
0.3259379527559055
21
0.8050397637795276
0
LINE
8
BLACK
6
CONTINUOUS
10
0.3259379527559055
20
0.8050397637795276
11
0.3250005511811024
21
0.803165
0
LINE
8
BLACK
6
CONTINUOUS
10
0.3250005511811024
20
0.803165
11
0.3248456299212598
21
0.8029654330708661
0
LINE
8
BLACK
6
CONTINUOUS
10
0.3248456299212598
20
0.8029654330708661
11
0.3247055511811023
21
0.8027557480314961
0
LINE
8
BLACK
6
CONTINUOUS
10
0.3247055511811023
20
0.8027557480314961
11
0.3228308267716535
21
0.8008809448818898
0
LINE
8
BLACK
6
CONTINUOUS
10
0.3228308267716535
20
0.8008809448818898
11
0.3227651968503937
21
0.8008371259842519
0
LINE
8
BLACK
6
CONTINUOUS
10
0.3227651968503937
20
0.8008371259842519
11
0.3227490551181103
21
0.8008048031496062
0
LINE
8
BLACK
6
CONTINUOUS
10
0.3227490551181103
20
0.8008048031496062
11
0.3225299606299212
21
0.8006799606299212
0
LINE
8
BLACK
6
CONTINUOUS
10
0.3225299606299212
20
0.8006799606299212
11
0.3223199212598425
21
0.8005395669291339
0
LINE
8
BLACK
6
CONTINUOUS
10
0.3223199212598425
20
0.8005395669291339
11
0.3222837401574803
21
0.8005395669291339
0
LINE
8
BLACK
6
CONTINUOUS
10
0.3222837401574803
20
0.8005395669291339
11
0.3222152362204724
21
0.8005005118110236
0
LINE
8
BLACK
6
CONTINUOUS
10
0.3222152362204724
20
0.8005005118110236
11
0.3194031102362205
21
0.7995631496062992
0
LINE
8
BLACK
6
CONTINUOUS
10
0.3194031102362205
20
0.7995631496062992
11
0.3191527952755905
21
0.7995316141732284
0
LINE
8
BLACK
6
CONTINUOUS
10
0.3191527952755905
20
0.7995316141732284
11
0.3189051181102362
21
0.7994823228346456
0
LINE
8
BLACK
6
CONTINUOUS
10
0.3189051181102362
20
0.7994823228346456
11
0.3170303543307086
21
0.7994823228346456
0
LINE
8
BLACK
6
CONTINUOUS
10
0.3170303543307086
20
0.7994823228346456
11
0.3167829133858268
21
0.7995315748031496
0
LINE
8
BLACK
6
CONTINUOUS
10
0.3167829133858268
20
0.7995315748031496
11
0.3165324015748032
21
0.7995631102362205
0
LINE
8
BLACK
6
CONTINUOUS
10
0.3165324015748032
20
0.7995631102362205
11
0.3137201968503937
21
0.8005005118110236
0
LINE
8
BLACK
6
CONTINUOUS
10
0.3137201968503937
20
0.8005005118110236
11
0.3136516929133858
21
0.8005395669291339
0
LINE
8
BLACK
6
CONTINUOUS
10
0.3136516929133858
20
0.8005395669291339
11
0.3136155118110236
21
0.8005395669291339
0
LINE
8
BLACK
6
CONTINUOUS
10
0.3136155118110236
20
0.8005395669291339
11
0.3134053149606299
21
0.8006800393700787
0
LINE
8
BLACK
6
CONTINUOUS
10
0.3134053149606299
20
0.8006800393700787
11
0.3131864173228346
21
0.8008048031496062
0
LINE
8
BLACK
6
CONTINUOUS
10
0.3131864173228346
20
0.8008048031496062
11
0.3131702755905512
21
0.8008370866141732
0
LINE
8
BLACK
6
CONTINUOUS
10
0.3131702755905512
20
0.8008370866141732
11
0.3131046062992126
21
0.8008809448818898
0
LINE
8
BLACK
6
CONTINUOUS
10
0.3131046062992126
20
0.8008809448818898
11
0.3121672440944882
21
0.8018183464566929
0
LINE
8
BLACK
6
CONTINUOUS
10
0.3121672440944882
20
0.8018183464566929
11
0.311825905511811
21
0.8023292519685039
0
LINE
8
BLACK
6
CONTINUOUS
10
0.311825905511811
20
0.8023292519685039
11
0.3118259448818897
21
0.8035345669291338
0
LINE
8
BLACK
6
CONTINUOUS
10
0.3118259448818897
20
0.8035345669291338
11
0.3126781889763779
21
0.8043868110236221
0
LINE
8
BLACK
6
CONTINUOUS
10
0.3126781889763779
20
0.8043868110236221
11
0.3138835039370079
21
0.8043867716535433
0
LINE
8
BLACK
6
CONTINUOUS
10
0.3138835039370079
20
0.8043867716535433
11
0.3143944094488189
21
0.8040454330708662
0
LINE
8
BLACK
6
CONTINUOUS
10
0.3143944094488189
20
0.8040454330708662
11
0.3150688582677165
21
0.803370905511811
0
LINE
8
BLACK
6
CONTINUOUS
10
0.3150688582677165
20
0.803370905511811
11
0.3172858661417323
21
0.8026319291338583
0
LINE
8
BLACK
6
CONTINUOUS
10
0.3172858661417323
20
0.8026319291338583
11
0.3186496062992126
21
0.8026319291338583
0
LINE
8
BLACK
6
CONTINUOUS
10
0.3186496062992126
20
0.8026319291338583
11
0.3208665354330709
21
0.8033709448818898
0
LINE
8
BLACK
6
CONTINUOUS
10
0.3208665354330709
20
0.8033709448818898
11
0.3222977559055118
21
0.8048021653543307
0
LINE
8
BLACK
6
CONTINUOUS
10
0.3222977559055118
20
0.8048021653543307
11
0.3230435039370079
21
0.8062937401574803
0
LINE
8
BLACK
6
CONTINUOUS
10
0.3230435039370079
20
0.8062937401574803
11
0.323891968503937
21
0.8096874803149606
0
LINE
8
BLACK
6
CONTINUOUS
10
0.323891968503937
20
0.8096874803149606
11
0.323891968503937
21
0.8121118503937008
0
LINE
8
BLACK
6
CONTINUOUS
10
0.323891968503937
20
0.8121118503937008
11
0.3230435039370079
21
0.8155055905511811
0
LINE
8
BLACK
6
CONTINUOUS
10
0.3230435039370079
20
0.8155055905511811
11
0.3222977559055118
21
0.8169971653543306
0
LINE
8
BLACK
6
CONTINUOUS
10
0.3222977559055118
20
0.8169971653543306
11
0.3208665354330709
21
0.8184283858267717
0
LINE
8
BLACK
6
CONTINUOUS
10
0.3208665354330709
20
0.8184283858267717
11
0.3186496062992126
21
0.8191673622047244
0
LINE
8
BLACK
6
CONTINUOUS
10
0.3186496062992126
20
0.8191673622047244
11
0.3172858661417323
21
0.8191673622047244
0
LINE
8
BLACK
6
CONTINUOUS
10
0.3172858661417323
20
0.8191673622047244
11
0.3150688582677165
21
0.8184283858267717
0
LINE
8
BLACK
6
CONTINUOUS
10
0.3150688582677165
20
0.8184283858267717
11
0.3143943700787402
21
0.8177538582677165
0
LINE
8
BLACK
6
CONTINUOUS
10
0.3143943700787402
20
0.8177538582677165
11
0.3138834645669291
21
0.8174124803149606
0
LINE
8
BLACK
6
CONTINUOUS
10
0.3138834645669291
20
0.8174124803149606
11
0.3126781889763779
21
0.8174124803149606
0
LINE
8
BLACK
6
CONTINUOUS
10
0.3126781889763779
20
0.8174124803149606
11
0.311825905511811
21
0.8182647637795275
0
LINE
8
BLACK
6
CONTINUOUS
10
0.311825905511811
20
0.8182647637795275
11
0.311825905511811
21
0.8194700393700787
0
LINE
8
BLACK
6
CONTINUOUS
10
0.311825905511811
20
0.8194700393700787
11
0.3121672834645669
21
0.8199809448818898
0
LINE
8
BLACK
6
CONTINUOUS
10
0.3121672834645669
20
0.8199809448818898
11
0.3131046456692913
21
0.8209183070866142
0
LINE
8
BLACK
6
CONTINUOUS
10
0.3131046456692913
20
0.8209183070866142
11
0.3131701968503937
21
0.820962125984252
0
LINE
8
BLACK
6
CONTINUOUS
10
0.3131701968503937
20
0.820962125984252
11
0.3131863779527559
21
0.8209944488188976
0
LINE
8
BLACK
6
CONTINUOUS
10
0.3131863779527559
20
0.8209944488188976
11
0.3134057086614173
21
0.8211194881889764
0
LINE
8
BLACK
6
CONTINUOUS
10
0.3134057086614173
20
0.8211194881889764
11
0.3136155511811023
21
0.8212596850393701
0
LINE
8
BLACK
6
CONTINUOUS
10
0.3136155511811023
20
0.8212596850393701
11
0.3136516929133858
21
0.8212596850393701
0
LINE
8
BLACK
6
CONTINUOUS
10
0.3136516929133858
20
0.8212596850393701
11
0.3137201968503937
21
0.8212987401574803
0
LINE
8
BLACK
6
CONTINUOUS
10
0.3137201968503937
20
0.8212987401574803
11
0.3165323622047244
21
0.8222361417322834
0
LINE
8
BLACK
6
CONTINUOUS
10
0.3165323622047244
20
0.8222361417322834
11
0.3167826377952756
21
0.8222677165354331
0
LINE
8
BLACK
6
CONTINUOUS
10
0.3167826377952756
20
0.8222677165354331
11
0.3170303543307086
21
0.822316968503937
0
LINE
8
BLACK
6
CONTINUOUS
10
0.3170303543307086
20
0.822316968503937
11
0.3189051181102362
21
0.822316968503937
0
LINE
8
BLACK
6
CONTINUOUS
10
0.3189051181102362
20
0.822316968503937
11
0.3191527952755905
21
0.8222677165354331
0
LINE
8
BLACK
6
CONTINUOUS
10
0.3022845275590551
20
0.8227113385826772
11
0.3025888188976378
21
0.8221775196850394
0
LINE
8
BLACK
6
CONTINUOUS
10
0.3025888188976378
20
0.8221775196850394
11
0.3072757086614173
21
0.808116811023622
0
LINE
8
BLACK
6
CONTINUOUS
10
0.3072757086614173
20
0.808116811023622
11
0.3073525590551181
21
0.8075071653543306
0
LINE
8
BLACK
6
CONTINUOUS
10
0.3073525590551181
20
0.8075071653543306
11
0.3072366535433071
21
0.8072753543307086
0
LINE
8
BLACK
6
CONTINUOUS
10
0.3072366535433071
20
0.8072753543307086
11
0.3072366535433071
21
0.8070161811023622
0
LINE
8
BLACK
6
CONTINUOUS
10
0.3072366535433071
20
0.8070161811023622
11
0.3069774803149606
21
0.8067570078740157
0
LINE
8
BLACK
6
CONTINUOUS
10
0.3069774803149606
20
0.8067570078740157
11
0.3068135433070866
21
0.8064291338582676
0
LINE
8
BLACK
6
CONTINUOUS
10
0.3068135433070866
20
0.8064291338582676
11
0.3065676377952756
21
0.8063471653543307
0
LINE
8
BLACK
6
CONTINUOUS
10
0.3065676377952756
20
0.8063471653543307
11
0.3063843700787401
21
0.8061638976377953
0
LINE
8
BLACK
6
CONTINUOUS
10
0.3063843700787401
20
0.8061638976377953
11
0.3057817322834646
21
0.8060440157480315
0
LINE
8
BLACK
6
CONTINUOUS
10
0.3057817322834646
20
0.8060440157480315
11
0.2979827165354331
21
0.8060440157480315
0
LINE
8
BLACK
6
CONTINUOUS
10
0.2979827165354331
20
0.8060440157480315
11
0.2979827165354331
21
0.8010571259842519
0
LINE
8
BLACK
6
CONTINUOUS
10
0.2979827165354331
20
0.8010571259842519
11
0.2978628346456693
21
0.8004544881889764
0
LINE
8
BLACK
6
CONTINUOUS
10
0.2978628346456693
20
0.8004544881889764
11
0.2970105511811024
21
0.7996022047244095
0
LINE
8
BLACK
6
CONTINUOUS
10
0.2970105511811024
20
0.7996022047244095
11
0.2958052755905512
21
0.7996022047244095
0
LINE
8
BLACK
6
CONTINUOUS
10
0.2958052755905512
20
0.7996022047244095
11
0.2949529921259842
21
0.8004544881889764
0
LINE
8
BLACK
6
CONTINUOUS
10
0.2949529921259842
20
0.8004544881889764
11
0.2948331102362204
21
0.8010571259842519
0
LINE
8
BLACK
6
CONTINUOUS
10
0.2948331102362204
20
0.8010571259842519
11
0.2948331102362204
21
0.8060440157480315
0
LINE
8
BLACK
6
CONTINUOUS
10
0.2948331102362204
20
0.8060440157480315
11
0.2935957874015748
21
0.8060440157480315
0
LINE
8
BLACK
6
CONTINUOUS
10
0.2935957874015748
20
0.8060440157480315
11
0.2929931496062992
21
0.8061638976377953
0
LINE
8
BLACK
6
CONTINUOUS
10
0.2929931496062992
20
0.8061638976377953
11
0.2921408661417323
21
0.8070161811023622
0
LINE
8
BLACK
6
CONTINUOUS
10
0.2921408661417323
20
0.8070161811023622
11
0.2921408661417323
21
0.8082214566929133
0
LINE
8
BLACK
6
CONTINUOUS
10
0.2921408661417323
20
0.8082214566929133
11
0.2929931496062992
21
0.8090737401574803
0
LINE
8
BLACK
6
CONTINUOUS
10
0.2929931496062992
20
0.8090737401574803
11
0.2935957874015748
21
0.8091936220472441
0
LINE
8
BLACK
6
CONTINUOUS
10
0.2935957874015748
20
0.8091936220472441
11
0.2948331102362204
21
0.8091936220472441
0
LINE
8
BLACK
6
CONTINUOUS
10
0.2948331102362204
20
0.8091936220472441
11
0.2948331102362204
21
0.8141804724409448
0
LINE
8
BLACK
6
CONTINUOUS
10
0.2948331102362204
20
0.8141804724409448
11
0.2949529921259842
21
0.8147831102362204
0
LINE
8
BLACK
6
CONTINUOUS
10
0.2949529921259842
20
0.8147831102362204
11
0.2958052755905512
21
0.8156353937007874
0
LINE
8
BLACK
6
CONTINUOUS
10
0.2958052755905512
20
0.8156353937007874
11
0.2970105511811024
21
0.8156353937007874
0
LINE
8
BLACK
6
CONTINUOUS
10
0.2970105511811024
20
0.8156353937007874
11
0.2978628346456693
21
0.8147831102362204
0
LINE
8
BLACK
6
CONTINUOUS
10
0.2978628346456693
20
0.8147831102362204
11
0.2979827165354331
21
0.8141804724409448
0
LINE
8
BLACK
6
CONTINUOUS
10
0.2979827165354331
20
0.8141804724409448
11
0.2979827165354331
21
0.8091936220472441
0
LINE
8
BLACK
6
CONTINUOUS
10
0.2979827165354331
20
0.8091936220472441
11
0.303596811023622
21
0.8091936220472441
0
LINE
8
BLACK
6
CONTINUOUS
10
0.303596811023622
20
0.8091936220472441
11
0.2996008661417323
21
0.8211815354330708
0
LINE
8
BLACK
6
CONTINUOUS
10
0.2996008661417323
20
0.8211815354330708
11
0.2995240157480315
21
0.8217911417322834
0
LINE
8
BLACK
6
CONTINUOUS
10
0.2995240157480315
20
0.8217911417322834
11
0.300063031496063
21
0.8228692125984252
0
LINE
8
BLACK
6
CONTINUOUS
10
0.300063031496063
20
0.8228692125984252
11
0.3012064566929134
21
0.8232503543307086
0
LINE
8
BLACK
6
CONTINUOUS
10
0.3012064566929134
20
0.8232503543307086
11
0.3022845275590551
21
0.8227113385826772
0
LINE
8
BLACK
6
CONTINUOUS
10
0.3501233858267717
20
0.8364249606299212
11
0.3511887401574803
21
0.8353596062992126
0
LINE
8
BLACK
6
CONTINUOUS
10
0.3511887401574803
20
0.8353596062992126
11
0.3513385826771653
21
0.8346062992125984
0
LINE
8
BLACK
6
CONTINUOUS
10
0.3513385826771653
20
0.8346062992125984
11
0.3513385826771653
21
0.7853937007874016
0
LINE
8
BLACK
6
CONTINUOUS
10
0.3513385826771653
20
0.7853937007874016
11
0.3511887401574803
21
0.7846403937007874
0
LINE
8
BLACK
6
CONTINUOUS
10
0.3511887401574803
20
0.7846403937007874
11
0.3501233858267717
21
0.7835750393700788
0
LINE
8
BLACK
6
CONTINUOUS
10
0.3501233858267717
20
0.7835750393700788
11
0.3493700787401575
21
0.7834251968503937
0
LINE
8
BLACK
6
CONTINUOUS
10
0.3493700787401575
20
0.7834251968503937
11
0.2706299212598425
21
0.7834251968503937
0
LINE
8
BLACK
6
CONTINUOUS
10
0.2706299212598425
20
0.7834251968503937
11
0.2698766141732283
21
0.7835750393700788
0
LINE
8
BLACK
6
CONTINUOUS
10
0.2698766141732283
20
0.7835750393700788
11
0.2688112598425197
21
0.7846403937007874
0
LINE
8
BLACK
6
CONTINUOUS
10
0.2688112598425197
20
0.7846403937007874
11
0.2686614173228347
21
0.7853937007874016
0
LINE
8
BLACK
6
CONTINUOUS
10
0.2686614173228347
20
0.7853937007874016
11
0.2686614173228347
21
0.8346062992125984
0
LINE
8
BLACK
6
CONTINUOUS
10
0.2686614173228347
20
0.8346062992125984
11
0.2688112598425197
21
0.8353596062992126
0
LINE
8
BLACK
6
CONTINUOUS
10
0.2688112598425197
20
0.8353596062992126
11
0.2698766141732283
21
0.8364249606299212
0
LINE
8
BLACK
6
CONTINUOUS
10
0.2698766141732283
20
0.8364249606299212
11
0.2706299212598425
21
0.8365748031496063
0
LINE
8
BLACK
6
CONTINUOUS
10
0.2706299212598425
20
0.8365748031496063
11
0.3493700787401575
21
0.8365748031496063
0
LINE
8
BLACK
6
CONTINUOUS
10
0.3493700787401575
20
0.8365748031496063
11
0.3501233858267717
21
0.8364249606299212
0
LINE
8
BLACK
6
CONTINUOUS
10
0.2725984251968504
20
0.8326377952755906
11
0.2725984251968504
21
0.7873622047244094
0
LINE
8
BLACK
6
CONTINUOUS
10
0.2725984251968504
20
0.7873622047244094
11
0.3474015748031496
21
0.7873622047244094
0
LINE
8
BLACK
6
CONTINUOUS
10
0.3474015748031496
20
0.7873622047244094
11
0.3474015748031496
21
0.8326377952755906
0
LINE
8
BLACK
6
CONTINUOUS
10
0.3474015748031496
20
0.8326377952755906
11
0.2725984251968504
21
0.8326377952755906
0
LINE
8
BLACK
6
CONTINUOUS
10
0.443046968503937
20
0.8223015748031496
11
0.4430812598425197
21
0.8223129921259842
0
LINE
8
BLACK
6
CONTINUOUS
10
0.4430812598425197
20
0.8223129921259842
11
0.4433246850393701
21
0.8222463385826771
0
LINE
8
BLACK
6
CONTINUOUS
10
0.4433246850393701
20
0.8222463385826771
11
0.4435722440944882
21
0.8221970866141732
0
LINE
8
BLACK
6
CONTINUOUS
10
0.4435722440944882
20
0.8221970866141732
11
0.4435977559055118
21
0.8221715748031496
0
LINE
8
BLACK
6
CONTINUOUS
10
0.4435977559055118
20
0.8221715748031496
11
0.4436738976377952
21
0.8221507086614173
0
LINE
8
BLACK
6
CONTINUOUS
10
0.4436738976377952
20
0.8221507086614173
11
0.4455486614173228
21
0.8212133070866141
0
LINE
8
BLACK
6
CONTINUOUS
10
0.4455486614173228
20
0.8212133070866141
11
0.4457482283464567
21
0.8210584251968503
0
LINE
8
BLACK
6
CONTINUOUS
10
0.4457482283464567
20
0.8210584251968503
11
0.4459579133858267
21
0.8209183070866142
0
LINE
8
BLACK
6
CONTINUOUS
10
0.4459579133858267
20
0.8209183070866142
11
0.4468952755905511
21
0.8199809448818898
0
LINE
8
BLACK
6
CONTINUOUS
10
0.4468952755905511
20
0.8199809448818898
11
0.4472366535433071
21
0.8194700393700787
0
LINE
8
BLACK
6
CONTINUOUS
10
0.4472366535433071
20
0.8194700393700787
11
0.4472366535433071
21
0.8182647637795275
0
LINE
8
BLACK
6
CONTINUOUS
10
0.4472366535433071
20
0.8182647637795275
11
0.4463843700787402
21
0.8174124803149606
0
LINE
8
BLACK
6
CONTINUOUS
10
0.4463843700787402
20
0.8174124803149606
11
0.445179094488189
21
0.8174124803149606
0
LINE
8
BLACK
6
CONTINUOUS
10
0.445179094488189
20
0.8174124803149606
11
0.4446681889763779
21
0.8177538582677165
0
LINE
8
BLACK
6
CONTINUOUS
10
0.4446681889763779
20
0.8177538582677165
11
0.4439115354330709
21
0.8185105118110236
0
LINE
8
BLACK
6
CONTINUOUS
10
0.4439115354330709
20
0.8185105118110236
11
0.4425978346456693
21
0.8191673622047244
0
LINE
8
BLACK
6
CONTINUOUS
10
0.4425978346456693
20
0.8191673622047244
11
0.4386544488188976
21
0.8191673622047244
0
LINE
8
BLACK
6
CONTINUOUS
10
0.4386544488188976
20
0.8191673622047244
11
0.4373407086614173
21
0.8185105118110236
0
LINE
8
BLACK
6
CONTINUOUS
10
0.4373407086614173
20
0.8185105118110236
11
0.4367648031496063
21
0.8179346062992126
0
LINE
8
BLACK
6
CONTINUOUS
10
0.4367648031496063
20
0.8179346062992126
11
0.4361079527559055
21
0.8166208661417322
0
LINE
8
BLACK
6
CONTINUOUS
10
0.4361079527559055
20
0.8166208661417322
11
0.4361079527559055
21
0.8153734251968504
0
LINE
8
BLACK
6
CONTINUOUS
10
0.4361079527559055
20
0.8153734251968504
11
0.4368469291338583
21
0.8131564173228346
0
LINE
8
BLACK
6
CONTINUOUS
10
0.4368469291338583
20
0.8131564173228346
11
0.4478327165354331
21
0.8021706692913385
0
LINE
8
BLACK
6
CONTINUOUS
10
0.4478327165354331
20
0.8021706692913385
11
0.4481740551181102
21
0.8016597637795275
0
LINE
8
BLACK
6
CONTINUOUS
10
0.4481740551181102
20
0.8016597637795275
11
0.4481740551181102
21
0.8004544488188976
0
LINE
8
BLACK
6
CONTINUOUS
10
0.4481740551181102
20
0.8004544488188976
11
0.4473218110236221
21
0.7996022047244095
0
LINE
8
BLACK
6
CONTINUOUS
10
0.4473218110236221
20
0.7996022047244095
11
0.4473217716535433
21
0.7996022047244095
0
LINE
8
BLACK
6
CONTINUOUS
10
0.4473217716535433
20
0.7996022047244095
11
0.4467191338582677
21
0.7994823228346456
0
LINE
8
BLACK
6
CONTINUOUS
10
0.4467191338582677
20
0.7994823228346456
11
0.4345331496062992
21
0.7994823228346456
0
LINE
8
BLACK
6
CONTINUOUS
10
0.4345331496062992
20
0.7994823228346456
11
0.4339305118110236
21
0.7996022047244095
0
LINE
8
BLACK
6
CONTINUOUS
10
0.4339305118110236
20
0.7996022047244095
11
0.4330782283464567
21
0.8004544881889764
0
LINE
8
BLACK
6
CONTINUOUS
10
0.4330782283464567
20
0.8004544881889764
11
0.4330782283464567
21
0.8016597637795275
0
LINE
8
BLACK
6
CONTINUOUS
10
0.4330782283464567
20
0.8016597637795275
11
0.4339305118110236
21
0.8025120472440944
0
LINE
8
BLACK
6
CONTINUOUS
10
0.4339305118110236
20
0.8025120472440944
11
0.4345331496062992
21
0.8026319291338583
0
LINE
8
BLACK
6
CONTINUOUS
10
0.4345331496062992
20
0.8026319291338583
11
0.4429172047244094
21
0.8026319291338583
0
LINE
8
BLACK
6
CONTINUOUS
10
0.4429172047244094
20
0.8026319291338583
11
0.4343570078740158
21
0.8111921653543307
0
LINE
8
BLACK
6
CONTINUOUS
10
0.4343570078740158
20
0.8111921653543307
11
0.4343131889763779
21
0.8112577559055117
0
LINE
8
BLACK
6
CONTINUOUS
10
0.4343131889763779
20
0.8112577559055117
11
0.4342808661417323
21
0.8112738976377952
0
LINE
8
BLACK
6
CONTINUOUS
10
0.4342808661417323
20
0.8112738976377952
11
0.4341558267716535
21
0.8114932677165354
0
LINE
8
BLACK
6
CONTINUOUS
10
0.4341558267716535
20
0.8114932677165354
11
0.4340156299212599
21
0.8117030708661417
0
LINE
8
BLACK
6
CONTINUOUS
10
0.4340156299212599
20
0.8117030708661417
11
0.4340156299212599
21
0.8117392125984252
0
LINE
8
BLACK
6
CONTINUOUS
10
0.4340156299212599
20
0.8117392125984252
11
0.4339765748031496
21
0.811807716535433
0
LINE
8
BLACK
6
CONTINUOUS
10
0.4339765748031496
20
0.811807716535433
11
0.4330391732283465
21
0.8146198818897638
0
LINE
8
BLACK
6
CONTINUOUS
10
0.4330391732283465
20
0.8146198818897638
11
0.4330075984251968
21
0.8148701968503936
0
LINE
8
BLACK
6
CONTINUOUS
10
0.4330075984251968
20
0.8148701968503936
11
0.4329583464566929
21
0.815117874015748
0
LINE
8
BLACK
6
CONTINUOUS
10
0.4329583464566929
20
0.815117874015748
11
0.4329583464566929
21
0.8169926377952755
0
LINE
8
BLACK
6
CONTINUOUS
10
0.4329583464566929
20
0.8169926377952755
11
0.4329737401574803
21
0.8170700393700787
0
LINE
8
BLACK
6
CONTINUOUS
10
0.4329737401574803
20
0.8170700393700787
11
0.4329623228346456
21
0.8171042913385826
0
LINE
8
BLACK
6
CONTINUOUS
10
0.4329623228346456
20
0.8171042913385826
11
0.4330289763779527
21
0.8173477559055118
0
LINE
8
BLACK
6
CONTINUOUS
10
0.4330289763779527
20
0.8173477559055118
11
0.4330782283464567
21
0.8175952755905511
0
LINE
8
BLACK
6
CONTINUOUS
10
0.4330782283464567
20
0.8175952755905511
11
0.4331037401574803
21
0.8176208267716535
0
LINE
8
BLACK
6
CONTINUOUS
10
0.4331037401574803
20
0.8176208267716535
11
0.4331246062992126
21
0.8176969291338583
0
LINE
8
BLACK
6
CONTINUOUS
10
0.4331246062992126
20
0.8176969291338583
11
0.4340620078740157
21
0.8195716929133858
0
LINE
8
BLACK
6
CONTINUOUS
10
0.4340620078740157
20
0.8195716929133858
11
0.4342168897637795
21
0.8197712992125984
0
LINE
8
BLACK
6
CONTINUOUS
10
0.4342168897637795
20
0.8197712992125984
11
0.4343570078740158
21
0.8199809448818898
0
LINE
8
BLACK
6
CONTINUOUS
10
0.4343570078740158
20
0.8199809448818898
11
0.4352943700787402
21
0.8209183070866142
0
LINE
8
BLACK
6
CONTINUOUS
10
0.4352943700787402
20
0.8209183070866142
11
0.4355040157480315
21
0.8210584251968503
0
LINE
8
BLACK
6
CONTINUOUS
10
0.4355040157480315
20
0.8210584251968503
11
0.4357036220472441
21
0.8212133070866141
0
LINE
8
BLACK
6
CONTINUOUS
10
0.4357036220472441
20
0.8212133070866141
11
0.4375783858267717
21
0.8221507086614173
0
LINE
8
BLACK
6
CONTINUOUS
10
0.4375783858267717
20
0.8221507086614173
11
0.4376544881889763
21
0.8221715748031496
0
LINE
8
BLACK
6
CONTINUOUS
10
0.4376544881889763
20
0.8221715748031496
11
0.4376800393700787
21
0.8221970866141732
0
LINE
8
BLACK
6
CONTINUOUS
10
0.4376800393700787
20
0.8221970866141732
11
0.4379275590551181
21
0.8222463385826771
0
LINE
8
BLACK
6
CONTINUOUS
10
0.4379275590551181
20
0.8222463385826771
11
0.4381710236220472
21
0.8223129921259842
0
LINE
8
BLACK
6
CONTINUOUS
10
0.4381710236220472
20
0.8223129921259842
11
0.4382052755905512
21
0.8223015748031496
0
LINE
8
BLACK
6
CONTINUOUS
10
0.4382052755905512
20
0.8223015748031496
11
0.4382826771653543
21
0.822316968503937
0
LINE
8
BLACK
6
CONTINUOUS
10
0.4382826771653543
20
0.822316968503937
11
0.4429696062992126
21
0.822316968503937
0
LINE
8
BLACK
6
CONTINUOUS
10
0.4429696062992126
20
0.822316968503937
11
0.443046968503937
21
0.8223015748031496
0
LINE
8
BLACK
6
CONTINUOUS
10
0.4591527952755906
20
0.8222677165354331
11
0.4594031102362204
21
0.8222361417322834
0
LINE
8
BLACK
6
CONTINUOUS
10
0.4594031102362204
20
0.8222361417322834
11
0.4622152362204724
21
0.8212987401574803
0
LINE
8
BLACK
6
CONTINUOUS
10
0.4622152362204724
20
0.8212987401574803
11
0.4622837401574803
21
0.8212596850393701
0
LINE
8
BLACK
6
CONTINUOUS
10
0.4622837401574803
20
0.8212596850393701
11
0.4623198818897638
21
0.8212596850393701
0
LINE
8
BLACK
6
CONTINUOUS
10
0.4623198818897638
20
0.8212596850393701
11
0.4625296850393701
21
0.8211194881889764
0
LINE
8
BLACK
6
CONTINUOUS
10
0.4625296850393701
20
0.8211194881889764
11
0.4627490551181102
21
0.8209944488188976
0
LINE
8
BLACK
6
CONTINUOUS
10
0.4627490551181102
20
0.8209944488188976
11
0.4627651968503937
21
0.820962125984252
0
LINE
8
BLACK
6
CONTINUOUS
10
0.4627651968503937
20
0.820962125984252
11
0.4628307874015748
21
0.8209183070866142
0
LINE
8
BLACK
6
CONTINUOUS
10
0.4628307874015748
20
0.8209183070866142
11
0.4647055511811023
21
0.8190435826771654
0
LINE
8
BLACK
6
CONTINUOUS
10
0.4647055511811023
20
0.8190435826771654
11
0.4648458267716535
21
0.8188336614173228
0
LINE
8
BLACK
6
CONTINUOUS
10
0.4648458267716535
20
0.8188336614173228
11
0.4650005511811023
21
0.8186342913385827
0
LINE
8
BLACK
6
CONTINUOUS
10
0.4650005511811023
20
0.8186342913385827
11
0.4659379527559055
21
0.8167595275590551
0
LINE
8
BLACK
6
CONTINUOUS
10
0.4659379527559055
20
0.8167595275590551
11
0.4659835039370079
21
0.8165931496062991
0
LINE
8
BLACK
6
CONTINUOUS
10
0.4659835039370079
20
0.8165931496062991
11
0.4660572047244094
21
0.8164371653543306
0
LINE
8
BLACK
6
CONTINUOUS
10
0.4660572047244094
20
0.8164371653543306
11
0.4669945669291338
21
0.8126876377952755
0
LINE
8
BLACK
6
CONTINUOUS
10
0.4669945669291338
20
0.8126876377952755
11
0.467003937007874
21
0.8124949212598425
0
LINE
8
BLACK
6
CONTINUOUS
10
0.467003937007874
20
0.8124949212598425
11
0.4670415748031496
21
0.8123057086614173
0
LINE
8
BLACK
6
CONTINUOUS
10
0.4670415748031496
20
0.8123057086614173
11
0.4670415748031496
21
0.8094935826771653
0
LINE
8
BLACK
6
CONTINUOUS
10
0.4670415748031496
20
0.8094935826771653
11
0.467003937007874
21
0.8093044094488189
0
LINE
8
BLACK
6
CONTINUOUS
10
0.467003937007874
20
0.8093044094488189
11
0.4669945669291338
21
0.8091116535433071
0
LINE
8
BLACK
6
CONTINUOUS
10
0.4669945669291338
20
0.8091116535433071
11
0.4660572047244094
21
0.8053621259842519
0
LINE
8
BLACK
6
CONTINUOUS
10
0.4660572047244094
20
0.8053621259842519
11
0.4659835039370079
21
0.8052061811023622
0
LINE
8
BLACK
6
CONTINUOUS
10
0.4659835039370079
20
0.8052061811023622
11
0.4659379527559055
21
0.8050397637795276
0
LINE
8
BLACK
6
CONTINUOUS
10
0.4659379527559055
20
0.8050397637795276
11
0.4650005511811023
21
0.803165
0
LINE
8
BLACK
6
CONTINUOUS
10
0.4650005511811023
20
0.803165
11
0.4648456299212598
21
0.8029654330708661
0
LINE
8
BLACK
6
CONTINUOUS
10
0.4648456299212598
20
0.8029654330708661
11
0.4647055511811023
21
0.8027557480314961
0
LINE
8
BLACK
6
CONTINUOUS
10
0.4647055511811023
20
0.8027557480314961
11
0.4628308267716535
21
0.8008809448818898
0
LINE
8
BLACK
6
CONTINUOUS
10
0.4628308267716535
20
0.8008809448818898
11
0.4627651968503937
21
0.8008371259842519
0
LINE
8
BLACK
6
CONTINUOUS
10
0.4627651968503937
20
0.8008371259842519
11
0.4627490551181102
21
0.8008048031496062
0
LINE
8
BLACK
6
CONTINUOUS
10
0.4627490551181102
20
0.8008048031496062
11
0.4625299606299212
21
0.8006799606299212
0
LINE
8
BLACK
6
CONTINUOUS
10
0.4625299606299212
20
0.8006799606299212
11
0.4623199212598425
21
0.8005395669291339
0
LINE
8
BLACK
6
CONTINUOUS
10
0.4623199212598425
20
0.8005395669291339
11
0.4622837401574803
21
0.8005395669291339
0
LINE
8
BLACK
6
CONTINUOUS
10
0.4622837401574803
20
0.8005395669291339
11
0.4622152362204724
21
0.8005005118110236
0
LINE
8
BLACK
6
CONTINUOUS
10
0.4622152362204724
20
0.8005005118110236
11
0.4594031102362204
21
0.7995631496062992
0
LINE
8
BLACK
6
CONTINUOUS
10
0.4594031102362204
20
0.7995631496062992
11
0.4591527952755906
21
0.7995316141732284
0
LINE
8
BLACK
6
CONTINUOUS
10
0.4591527952755906
20
0.7995316141732284
11
0.4589051181102362
21
0.7994823228346456
0
LINE
8
BLACK
6
CONTINUOUS
10
0.4589051181102362
20
0.7994823228346456
11
0.4570303543307087
21
0.7994823228346456
0
LINE
8
BLACK
6
CONTINUOUS
10
0.4570303543307087
20
0.7994823228346456
11
0.4567829133858268
21
0.7995315748031496
0
LINE
8
BLACK
6
CONTINUOUS
10
0.4567829133858268
20
0.7995315748031496
11
0.4565324015748031
21
0.7995631102362205
0
LINE
8
BLACK
6
CONTINUOUS
10
0.4565324015748031
20
0.7995631102362205
11
0.4537201968503937
21
0.8005005118110236
0
LINE
8
BLACK
6
CONTINUOUS
10
0.4537201968503937
20
0.8005005118110236
11
0.4536516929133858
21
0.8005395669291339
0
LINE
8
BLACK
6
CONTINUOUS
10
0.4536516929133858
20
0.8005395669291339
11
0.4536155118110236
21
0.8005395669291339
0
LINE
8
BLACK
6
CONTINUOUS
10
0.4536155118110236
20
0.8005395669291339
11
0.4534053149606299
21
0.8006800393700787
0
LINE
8
BLACK
6
CONTINUOUS
10
0.4534053149606299
20
0.8006800393700787
11
0.4531864173228347
21
0.8008048031496062
0
LINE
8
BLACK
6
CONTINUOUS
10
0.4531864173228347
20
0.8008048031496062
11
0.4531702755905512
21
0.8008370866141732
0
LINE
8
BLACK
6
CONTINUOUS
10
0.4531702755905512
20
0.8008370866141732
11
0.4531046062992126
21
0.8008809448818898
0
LINE
8
BLACK
6
CONTINUOUS
10
0.4531046062992126
20
0.8008809448818898
11
0.4521672440944882
21
0.8018183464566929
0
LINE
8
BLACK
6
CONTINUOUS
10
0.4521672440944882
20
0.8018183464566929
11
0.451825905511811
21
0.8023292519685039
0
LINE
8
BLACK
6
CONTINUOUS
10
0.451825905511811
20
0.8023292519685039
11
0.4518259448818898
21
0.8035345669291338
0
LINE
8
BLACK
6
CONTINUOUS
10
0.4518259448818898
20
0.8035345669291338
11
0.452678188976378
21
0.8043868110236221
0
LINE
8
BLACK
6
CONTINUOUS
10
0.452678188976378
20
0.8043868110236221
11
0.4538835039370079
21
0.8043867716535433
0
LINE
8
BLACK
6
CONTINUOUS
10
0.4538835039370079
20
0.8043867716535433
11
0.4543944094488189
21
0.8040454330708662
0
LINE
8
BLACK
6
CONTINUOUS
10
0.4543944094488189
20
0.8040454330708662
11
0.4550688582677165
21
0.803370905511811
0
LINE
8
BLACK
6
CONTINUOUS
10
0.4550688582677165
20
0.803370905511811
11
0.4572858661417323
21
0.8026319291338583
0
LINE
8
BLACK
6
CONTINUOUS
10
0.4572858661417323
20
0.8026319291338583
11
0.4586496062992126
21
0.8026319291338583
0
LINE
8
BLACK
6
CONTINUOUS
10
0.4586496062992126
20
0.8026319291338583
11
0.4608665354330709
21
0.8033709448818898
0
LINE
8
BLACK
6
CONTINUOUS
10
0.4608665354330709
20
0.8033709448818898
11
0.4622977559055118
21
0.8048021653543307
0
LINE
8
BLACK
6
CONTINUOUS
10
0.4622977559055118
20
0.8048021653543307
11
0.4630435039370079
21
0.8062937401574803
0
LINE
8
BLACK
6
CONTINUOUS
10
0.4630435039370079
20
0.8062937401574803
11
0.463891968503937
21
0.8096874803149606
0
LINE
8
BLACK
6
CONTINUOUS
10
0.463891968503937
20
0.8096874803149606
11
0.463891968503937
21
0.8121118503937008
0
LINE
8
BLACK
6
CONTINUOUS
10
0.463891968503937
20
0.8121118503937008
11
0.4630435039370079
21
0.8155055905511811
0
LINE
8
BLACK
6
CONTINUOUS
10
0.4630435039370079
20
0.8155055905511811
11
0.4622977559055118
21
0.8169971653543306
0
LINE
8
BLACK
6
CONTINUOUS
10
0.4622977559055118
20
0.8169971653543306
11
0.4608665354330709
21
0.8184283858267717
0
LINE
8
BLACK
6
CONTINUOUS
10
0.4608665354330709
20
0.8184283858267717
11
0.4586496062992126
21
0.8191673622047244
0
LINE
8
BLACK
6
CONTINUOUS
10
0.4586496062992126
20
0.8191673622047244
11
0.4572858661417323
21
0.8191673622047244
0
LINE
8
BLACK
6
CONTINUOUS
10
0.4572858661417323
20
0.8191673622047244
11
0.4550688582677165
21
0.8184283858267717
0
LINE
8
BLACK
6
CONTINUOUS
10
0.4550688582677165
20
0.8184283858267717
11
0.4543943700787402
21
0.8177538582677165
0
LINE
8
BLACK
6
CONTINUOUS
10
0.4543943700787402
20
0.8177538582677165
11
0.4538834645669291
21
0.8174124803149606
0
LINE
8
BLACK
6
CONTINUOUS
10
0.4538834645669291
20
0.8174124803149606
11
0.452678188976378
21
0.8174124803149606
0
LINE
8
BLACK
6
CONTINUOUS
10
0.452678188976378
20
0.8174124803149606
11
0.451825905511811
21
0.8182647637795275
0
LINE
8
BLACK
6
CONTINUOUS
10
0.451825905511811
20
0.8182647637795275
11
0.451825905511811
21
0.8194700393700787
0
LINE
8
BLACK
6
CONTINUOUS
10
0.451825905511811
20
0.8194700393700787
11
0.4521672834645669
21
0.8199809448818898
0
LINE
8
BLACK
6
CONTINUOUS
10
0.4521672834645669
20
0.8199809448818898
11
0.4531046456692913
21
0.8209183070866142
0
LINE
8
BLACK
6
CONTINUOUS
10
0.4531046456692913
20
0.8209183070866142
11
0.4531701968503937
21
0.820962125984252
0
LINE
8
BLACK
6
CONTINUOUS
10
0.4531701968503937
20
0.820962125984252
11
0.4531863779527559
21
0.8209944488188976
0
LINE
8
BLACK
6
CONTINUOUS
10
0.4531863779527559
20
0.8209944488188976
11
0.4534057086614173
21
0.8211194881889764
0
LINE
8
BLACK
6
CONTINUOUS
10
0.4534057086614173
20
0.8211194881889764
11
0.4536155511811024
21
0.8212596850393701
0
LINE
8
BLACK
6
CONTINUOUS
10
0.4536155511811024
20
0.8212596850393701
11
0.4536516929133858
21
0.8212596850393701
0
LINE
8
BLACK
6
CONTINUOUS
10
0.4536516929133858
20
0.8212596850393701
11
0.4537201968503937
21
0.8212987401574803
0
LINE
8
BLACK
6
CONTINUOUS
10
0.4537201968503937
20
0.8212987401574803
11
0.4565323622047244
21
0.8222361417322834
0
LINE
8
BLACK
6
CONTINUOUS
10
0.4565323622047244
20
0.8222361417322834
11
0.4567826377952756
21
0.8222677165354331
0
LINE
8
BLACK
6
CONTINUOUS
10
0.4567826377952756
20
0.8222677165354331
11
0.4570303543307087
21
0.822316968503937
0
LINE
8
BLACK
6
CONTINUOUS
10
0.4570303543307087
20
0.822316968503937
11
0.4589051181102362
21
0.822316968503937
0
LINE
8
BLACK
6
CONTINUOUS
10
0.4589051181102362
20
0.822316968503937
11
0.4591527952755906
21
0.8222677165354331
0
LINE
8
BLACK
6
CONTINUOUS
10
0.4901233858267716
20
0.8364249606299212
11
0.4911887401574803
21
0.8353596062992126
0
LINE
8
BLACK
6
CONTINUOUS
10
0.4911887401574803
20
0.8353596062992126
11
0.4913385826771653
21
0.8346062992125984
0
LINE
8
BLACK
6
CONTINUOUS
10
0.4913385826771653
20
0.8346062992125984
11
0.4913385826771653
21
0.7853937007874016
0
LINE
8
BLACK
6
CONTINUOUS
10
0.4913385826771653
20
0.7853937007874016
11
0.4911887401574803
21
0.7846403937007874
0
LINE
8
BLACK
6
CONTINUOUS
10
0.4911887401574803
20
0.7846403937007874
11
0.4901233858267716
21
0.7835750393700788
0
LINE
8
BLACK
6
CONTINUOUS
10
0.4901233858267716
20
0.7835750393700788
11
0.4893700787401575
21
0.7834251968503937
0
LINE
8
BLACK
6
CONTINUOUS
10
0.4893700787401575
20
0.7834251968503937
11
0.4106299212598425
21
0.7834251968503937
0
LINE
8
BLACK
6
CONTINUOUS
10
0.4106299212598425
20
0.7834251968503937
11
0.4098766141732283
21
0.7835750393700788
0
LINE
8
BLACK
6
CONTINUOUS
10
0.4098766141732283
20
0.7835750393700788
11
0.4088112598425197
21
0.7846403937007874
0
LINE
8
BLACK
6
CONTINUOUS
10
0.4088112598425197
20
0.7846403937007874
11
0.4086614173228346
21
0.7853937007874016
0
LINE
8
BLACK
6
CONTINUOUS
10
0.4086614173228346
20
0.7853937007874016
11
0.4086614173228346
21
0.8346062992125984
0
LINE
8
BLACK
6
CONTINUOUS
10
0.4086614173228346
20
0.8346062992125984
11
0.4088112598425197
21
0.8353596062992126
0
LINE
8
BLACK
6
CONTINUOUS
10
0.4088112598425197
20
0.8353596062992126
11
0.4098766141732283
21
0.8364249606299212
0
LINE
8
BLACK
6
CONTINUOUS
10
0.4098766141732283
20
0.8364249606299212
11
0.4106299212598425
21
0.8365748031496063
0
LINE
8
BLACK
6
CONTINUOUS
10
0.4106299212598425
20
0.8365748031496063
11
0.4893700787401575
21
0.8365748031496063
0
LINE
8
BLACK
6
CONTINUOUS
10
0.4893700787401575
20
0.8365748031496063
11
0.4901233858267716
21
0.8364249606299212
0
LINE
8
BLACK
6
CONTINUOUS
10
0.4125984251968504
20
0.8326377952755906
11
0.4125984251968504
21
0.7873622047244094
0
LINE
8
BLACK
6
CONTINUOUS
10
0.4125984251968504
20
0.7873622047244094
11
0.4874015748031496
21
0.7873622047244094
0
LINE
8
BLACK
6
CONTINUOUS
10
0.4874015748031496
20
0.7873622047244094
11
0.4874015748031496
21
0.8326377952755906
0
LINE
8
BLACK
6
CONTINUOUS
10
0.4874015748031496
20
0.8326377952755906
11
0.4125984251968504
21
0.8326377952755906
0
LINE
8
BLACK
6
CONTINUOUS
10
0.6045216929133859
20
0.850702559055118
11
0.6055861023622047
21
0.8502616535433071
0
LINE
8
BLACK
6
CONTINUOUS
10
0.6055861023622047
20
0.8502616535433071
11
0.606400748031496
21
0.8494470078740157
0
LINE
8
BLACK
6
CONTINUOUS
10
0.606400748031496
20
0.8494470078740157
11
0.6068416535433071
21
0.8483825984251968
0
LINE
8
BLACK
6
CONTINUOUS
10
0.6068416535433071
20
0.8483825984251968
11
0.6068983858267717
21
0.8478065354330708
0
LINE
8
BLACK
6
CONTINUOUS
10
0.6068983858267717
20
0.8478065354330708
11
0.6068983858267717
21
0.8384327165354331
0
LINE
8
BLACK
6
CONTINUOUS
10
0.6068983858267717
20
0.8384327165354331
11
0.6068696456692914
21
0.8381411417322835
0
LINE
8
BLACK
6
CONTINUOUS
10
0.6068696456692914
20
0.8381411417322835
11
0.6068751968503937
21
0.8380633858267716
0
LINE
8
BLACK
6
CONTINUOUS
10
0.6068751968503937
20
0.8380633858267716
11
0.6068519291338582
21
0.8379611417322834
0
LINE
8
BLACK
6
CONTINUOUS
10
0.6068519291338582
20
0.8379611417322834
11
0.6068416535433071
21
0.8378566535433071
0
LINE
8
BLACK
6
CONTINUOUS
10
0.6068416535433071
20
0.8378566535433071
11
0.6068117716535433
21
0.8377846062992126
0
LINE
8
BLACK
6
CONTINUOUS
10
0.6068117716535433
20
0.8377846062992126
11
0.6067468503937008
21
0.837498937007874
0
LINE
8
BLACK
6
CONTINUOUS
10
0.6067468503937008
20
0.837498937007874
11
0.6048720866141732
21
0.83187468503937
0
LINE
8
BLACK
6
CONTINUOUS
10
0.6048720866141732
20
0.83187468503937
11
0.6046361023622047
21
0.8313461023622047
0
LINE
8
BLACK
6
CONTINUOUS
10
0.6046361023622047
20
0.8313461023622047
11
0.6045666141732283
21
0.8312660236220473
0
LINE
8
BLACK
6
CONTINUOUS
10
0.6045666141732283
20
0.8312660236220473
11
0.6045260236220472
21
0.8311679527559055
0
LINE
8
BLACK
6
CONTINUOUS
10
0.6045260236220472
20
0.8311679527559055
11
0.604158779527559
21
0.8307205118110236
0
LINE
8
BLACK
6
CONTINUOUS
10
0.604158779527559
20
0.8307205118110236
11
0.6004092125984252
21
0.8269709842519685
0
LINE
8
BLACK
6
CONTINUOUS
10
0.6004092125984252
20
0.8269709842519685
11
0.6001828346456692
21
0.8267852362204724
0
LINE
8
BLACK
6
CONTINUOUS
10
0.6001828346456692
20
0.8267852362204724
11
0.6001316929133859
21
0.8267262204724409
0
LINE
8
BLACK
6
CONTINUOUS
10
0.6001316929133859
20
0.8267262204724409
11
0.6000427559055118
21
0.8266702755905512
0
LINE
8
BLACK
6
CONTINUOUS
10
0.6000427559055118
20
0.8266702755905512
11
0.5999617322834645
21
0.8266037401574803
0
LINE
8
BLACK
6
CONTINUOUS
10
0.5999617322834645
20
0.8266037401574803
11
0.59988968503937
21
0.826573937007874
0
LINE
8
BLACK
6
CONTINUOUS
10
0.59988968503937
20
0.826573937007874
11
0.599641811023622
21
0.8264178740157481
0
LINE
8
BLACK
6
CONTINUOUS
10
0.599641811023622
20
0.8264178740157481
11
0.5958922834645669
21
0.8245431102362204
0
LINE
8
BLACK
6
CONTINUOUS
10
0.5958922834645669
20
0.8245431102362204
11
0.595850157480315
21
0.8245270078740158
0
LINE
8
BLACK
6
CONTINUOUS
10
0.595850157480315
20
0.8245270078740158
11
0.5958330314960629
21
0.8245142913385827
0
LINE
8
BLACK
6
CONTINUOUS
10
0.5958330314960629
20
0.8245142913385827
11
0.5955910629921259
21
0.824427874015748
0
LINE
8
BLACK
6
CONTINUOUS
10
0.5955910629921259
20
0.824427874015748
11
0.5953516535433071
21
0.8243362204724409
0
LINE
8
BLACK
6
CONTINUOUS
10
0.5953516535433071
20
0.8243362204724409
11
0.5953303937007874
21
0.8243347244094488
0
LINE
8
BLACK
6
CONTINUOUS
10
0.5953303937007874
20
0.8243347244094488
11
0.5952879133858268
21
0.8243195275590551
0
LINE
8
BLACK
6
CONTINUOUS
10
0.5952879133858268
20
0.8243195275590551
11
0.5877888582677165
21
0.8224447637795276
0
LINE
8
BLACK
6
CONTINUOUS
10
0.5877888582677165
20
0.8224447637795276
11
0.5876889763779527
21
0.82243
0
LINE
8
BLACK
6
CONTINUOUS
10
0.5876889763779527
20
0.82243
11
0.587648779527559
21
0.8224133464566928
0
LINE
8
BLACK
6
CONTINUOUS
10
0.587648779527559
20
0.8224133464566928
11
0.5874317322834646
21
0.8223920078740158
0
LINE
8
BLACK
6
CONTINUOUS
10
0.5874317322834646
20
0.8223920078740158
11
0.5872162598425197
21
0.8223601181102362
0
LINE
8
BLACK
6
CONTINUOUS
10
0.5872162598425197
20
0.8223601181102362
11
0.5871732283464567
21
0.8223665354330708
0
LINE
8
BLACK
6
CONTINUOUS
10
0.5871732283464567
20
0.8223665354330708
11
0.587072716535433
21
0.8223566141732284
0
LINE
8
BLACK
6
CONTINUOUS
10
0.587072716535433
20
0.8223566141732284
11
0.5814484251968504
21
0.8223566141732284
0
LINE
8
BLACK
6
CONTINUOUS
10
0.5814484251968504
20
0.8223566141732284
11
0.5813478740157481
21
0.8223665354330708
0
LINE
8
BLACK
6
CONTINUOUS
10
0.5813478740157481
20
0.8223665354330708
11
0.5813048818897638
21
0.8223601181102362
0
LINE
8
BLACK
6
CONTINUOUS
10
0.5813048818897638
20
0.8223601181102362
11
0.5810893700787402
21
0.8223920078740158
0
LINE
8
BLACK
6
CONTINUOUS
10
0.5810893700787402
20
0.8223920078740158
11
0.5808723622047244
21
0.8224133464566928
0
LINE
8
BLACK
6
CONTINUOUS
10
0.5808723622047244
20
0.8224133464566928
11
0.5808321259842519
21
0.82243
0
LINE
8
BLACK
6
CONTINUOUS
10
0.5808321259842519
20
0.82243
11
0.580732283464567
21
0.8224447637795276
0
LINE
8
BLACK
6
CONTINUOUS
10
0.580732283464567
20
0.8224447637795276
11
0.5732332283464566
21
0.8243195275590551
0
LINE
8
BLACK
6
CONTINUOUS
10
0.5732332283464566
20
0.8243195275590551
11
0.5731907086614173
21
0.8243347244094488
0
LINE
8
BLACK
6
CONTINUOUS
10
0.5731907086614173
20
0.8243347244094488
11
0.5731694488188976
21
0.8243362204724409
0
LINE
8
BLACK
6
CONTINUOUS
10
0.5731694488188976
20
0.8243362204724409
11
0.57292968503937
21
0.8244279921259843
0
LINE
8
BLACK
6
CONTINUOUS
10
0.57292968503937
20
0.8244279921259843
11
0.5726881102362205
21
0.8245142913385827
0
LINE
8
BLACK
6
CONTINUOUS
10
0.5726881102362205
20
0.8245142913385827
11
0.5726709448818897
21
0.8245270078740158
0
LINE
8
BLACK
6
CONTINUOUS
10
0.5726709448818897
20
0.8245270078740158
11
0.5726288582677165
21
0.8245431102362204
0
LINE
8
BLACK
6
CONTINUOUS
10
0.5726288582677165
20
0.8245431102362204
11
0.5688793307086614
21
0.8264178740157481
0
LINE
8
BLACK
6
CONTINUOUS
10
0.5688793307086614
20
0.8264178740157481
11
0.5686314960629921
21
0.8265738976377952
0
LINE
8
BLACK
6
CONTINUOUS
10
0.5686314960629921
20
0.8265738976377952
11
0.5685593700787401
21
0.8266037401574803
0
LINE
8
BLACK
6
CONTINUOUS
10
0.5685593700787401
20
0.8266037401574803
11
0.5684781889763779
21
0.8266703543307087
0
LINE
8
BLACK
6
CONTINUOUS
10
0.5684781889763779
20
0.8266703543307087
11
0.5683894488188976
21
0.8267262204724409
0
LINE
8
BLACK
6
CONTINUOUS
10
0.5683894488188976
20
0.8267262204724409
11
0.5683383070866141
21
0.8267851574803149
0
LINE
8
BLACK
6
CONTINUOUS
10
0.5683383070866141
20
0.8267851574803149
11
0.5681119291338582
21
0.8269709842519685
0
LINE
8
BLACK
6
CONTINUOUS
10
0.5681119291338582
20
0.8269709842519685
11
0.5643624015748031
21
0.8307205118110236
0
LINE
8
BLACK
6
CONTINUOUS
10
0.5643624015748031
20
0.8307205118110236
11
0.5639951968503937
21
0.8311679527559055
0
LINE
8
BLACK
6
CONTINUOUS
10
0.5639951968503937
20
0.8311679527559055
11
0.5639545669291338
21
0.8312660236220473
0
LINE
8
BLACK
6
CONTINUOUS
10
0.5639545669291338
20
0.8312660236220473
11
0.5638850787401575
21
0.8313461417322835
0
LINE
8
BLACK
6
CONTINUOUS
10
0.5638850787401575
20
0.8313461417322835
11
0.563649094488189
21
0.83187468503937
0
LINE
8
BLACK
6
CONTINUOUS
10
0.563649094488189
20
0.83187468503937
11
0.5617743307086615
21
0.8374989763779528
0
LINE
8
BLACK
6
CONTINUOUS
10
0.5617743307086615
20
0.8374989763779528
11
0.5617093700787401
21
0.8377845669291338
0
LINE
8
BLACK
6
CONTINUOUS
10
0.5617093700787401
20
0.8377845669291338
11
0.5616795275590551
21
0.8378566535433071
0
LINE
8
BLACK
6
CONTINUOUS
10
0.5616795275590551
20
0.8378566535433071
11
0.5616692125984252
21
0.8379611811023622
0
LINE
8
BLACK
6
CONTINUOUS
10
0.5616692125984252
20
0.8379611811023622
11
0.5616459842519685
21
0.8380634251968504
0
LINE
8
BLACK
6
CONTINUOUS
10
0.5616459842519685
20
0.8380634251968504
11
0.5616514960629921
21
0.8381411811023621
0
LINE
8
BLACK
6
CONTINUOUS
10
0.5616514960629921
20
0.8381411811023621
11
0.5616227952755906
21
0.8384327165354331
0
LINE
8
BLACK
6
CONTINUOUS
10
0.5616227952755906
20
0.8384327165354331
11
0.5616227952755906
21
0.8478065354330708
0
LINE
8
BLACK
6
CONTINUOUS
10
0.5616227952755906
20
0.8478065354330708
11
0.5616795275590551
21
0.8483825984251968
0
LINE
8
BLACK
6
CONTINUOUS
10
0.5616795275590551
20
0.8483825984251968
11
0.5621204330708661
21
0.8494470078740157
0
LINE
8
BLACK
6
CONTINUOUS
10
0.5621204330708661
20
0.8494470078740157
11
0.5629350787401575
21
0.8502616535433071
0
LINE
8
BLACK
6
CONTINUOUS
10
0.5629350787401575
20
0.8502616535433071
11
0.5639994881889764
21
0.850702559055118
0
LINE
8
BLACK
6
CONTINUOUS
10
0.5639994881889764
20
0.850702559055118
11
0.5645755511811024
21
0.8507592913385826
0
LINE
8
BLACK
6
CONTINUOUS
10
0.5645755511811024
20
0.8507592913385826
11
0.6039456299212598
21
0.8507592913385826
0
LINE
8
BLACK
6
CONTINUOUS
10
0.6039456299212598
20
0.8507592913385826
11
0.6045216929133859
21
0.850702559055118
0
LINE
8
BLACK
6
CONTINUOUS
10
0.5675283070866142
20
0.8389118897637795
11
0.5690311023622047
21
0.8344034645669292
0
LINE
8
BLACK
6
CONTINUOUS
10
0.5690311023622047
20
0.8344034645669292
11
0.571948937007874
21
0.8314856299212599
0
LINE
8
BLACK
6
CONTINUOUS
10
0.571948937007874
20
0.8314856299212599
11
0.5749799212598425
21
0.829970157480315
0
LINE
8
BLACK
6
CONTINUOUS
10
0.5749799212598425
20
0.829970157480315
11
0.581811968503937
21
0.828262125984252
0
LINE
8
BLACK
6
CONTINUOUS
10
0.581811968503937
20
0.828262125984252
11
0.5867091732283465
21
0.828262125984252
0
LINE
8
BLACK
6
CONTINUOUS
10
0.5867091732283465
20
0.828262125984252
11
0.593541220472441
21
0.829970157480315
0
LINE
8
BLACK
6
CONTINUOUS
10
0.593541220472441
20
0.829970157480315
11
0.5965722047244094
21
0.8314856692913386
0
LINE
8
BLACK
6
CONTINUOUS
10
0.5965722047244094
20
0.8314856692913386
11
0.5994900787401575
21
0.8344035039370079
0
LINE
8
BLACK
6
CONTINUOUS
10
0.5994900787401575
20
0.8344035039370079
11
0.600992874015748
21
0.8389118503937008
0
LINE
8
BLACK
6
CONTINUOUS
10
0.600992874015748
20
0.8389118503937008
11
0.600992874015748
21
0.844853779527559
0
LINE
8
BLACK
6
CONTINUOUS
10
0.600992874015748
20
0.844853779527559
11
0.5675283070866142
21
0.844853779527559
0
LINE
8
BLACK
6
CONTINUOUS
10
0.5675283070866142
20
0.844853779527559
11
0.5675283070866142
21
0.8389118897637795
0
LINE
8
BLACK
6
CONTINUOUS
10
0.4413292519685039
20
0.8869373228346457
11
0.4421438976377953
21
0.8861226771653543
0
LINE
8
BLACK
6
CONTINUOUS
10
0.4421438976377953
20
0.8861226771653543
11
0.4425848031496063
21
0.8850582677165354
0
LINE
8
BLACK
6
CONTINUOUS
10
0.4425848031496063
20
0.8850582677165354
11
0.4426415354330708
21
0.8844822047244094
0
LINE
8
BLACK
6
CONTINUOUS
10
0.4426415354330708
20
0.8844822047244094
11
0.4426415354330708
21
0.8632081102362205
0
LINE
8
BLACK
6
CONTINUOUS
10
0.4426415354330708
20
0.8632081102362205
11
0.4433126377952756
21
0.862536968503937
0
LINE
8
BLACK
6
CONTINUOUS
10
0.4433126377952756
20
0.862536968503937
11
0.4460101181102362
21
0.8611882283464567
0
LINE
8
BLACK
6
CONTINUOUS
10
0.4460101181102362
20
0.8611882283464567
11
0.4502403149606299
21
0.8611882283464567
0
LINE
8
BLACK
6
CONTINUOUS
10
0.4502403149606299
20
0.8611882283464567
11
0.4524860236220472
21
0.8623111023622047
0
LINE
8
BLACK
6
CONTINUOUS
10
0.4524860236220472
20
0.8623111023622047
11
0.4536088976377953
21
0.8645568503937008
0
LINE
8
BLACK
6
CONTINUOUS
10
0.4536088976377953
20
0.8645568503937008
11
0.4536088976377953
21
0.8844822047244094
0
LINE
8
BLACK
6
CONTINUOUS
10
0.4536088976377953
20
0.8844822047244094
11
0.4536656299212598
21
0.8850582677165354
0
LINE
8
BLACK
6
CONTINUOUS
10
0.4536656299212598
20
0.8850582677165354
11
0.4541065354330708
21
0.8861226771653543
0
LINE
8
BLACK
6
CONTINUOUS
10
0.4541065354330708
20
0.8861226771653543
11
0.4549211811023622
21
0.8869373228346457
0
LINE
8
BLACK
6
CONTINUOUS
10
0.4549211811023622
20
0.8869373228346457
11
0.4559855905511811
21
0.8873782283464566
0
LINE
8
BLACK
6
CONTINUOUS
10
0.4559855905511811
20
0.8873782283464566
11
0.4571377165354331
21
0.8873782283464566
0
LINE
8
BLACK
6
CONTINUOUS
10
0.4571377165354331
20
0.8873782283464566
11
0.458202125984252
21
0.8869373228346457
0
LINE
8
BLACK
6
CONTINUOUS
10
0.458202125984252
20
0.8869373228346457
11
0.4590167716535433
21
0.8861226771653543
0
LINE
8
BLACK
6
CONTINUOUS
10
0.4590167716535433
20
0.8861226771653543
11
0.4594576771653543
21
0.8850582677165354
0
LINE
8
BLACK
6
CONTINUOUS
10
0.4594576771653543
20
0.8850582677165354
11
0.4595144094488189
21
0.8844822047244094
0
LINE
8
BLACK
6
CONTINUOUS
10
0.4595144094488189
20
0.8844822047244094
11
0.4595144094488189
21
0.8638598031496063
0
LINE
8
BLACK
6
CONTINUOUS
10
0.4595144094488189
20
0.8638598031496063
11
0.4594576771653543
21
0.8632837401574803
0
LINE
8
BLACK
6
CONTINUOUS
10
0.4594576771653543
20
0.8632837401574803
11
0.4594170472440945
21
0.8631857480314961
0
LINE
8
BLACK
6
CONTINUOUS
10
0.4594170472440945
20
0.8631857480314961
11
0.4594095669291339
21
0.8630799212598425
0
LINE
8
BLACK
6
CONTINUOUS
10
0.4594095669291339
20
0.8630799212598425
11
0.4592026771653543
21
0.8625392913385826
0
LINE
8
BLACK
6
CONTINUOUS
10
0.4592026771653543
20
0.8625392913385826
11
0.4573279133858267
21
0.8587897244094488
0
LINE
8
BLACK
6
CONTINUOUS
10
0.4573279133858267
20
0.8587897244094488
11
0.4572672440944882
21
0.8586933858267717
0
LINE
8
BLACK
6
CONTINUOUS
10
0.4572672440944882
20
0.8586933858267717
11
0.457252125984252
21
0.8586479527559054
0
LINE
8
BLACK
6
CONTINUOUS
10
0.457252125984252
20
0.8586479527559054
11
0.4572030708661417
21
0.8585914173228346
0
LINE
8
BLACK
6
CONTINUOUS
10
0.4572030708661417
20
0.8585914173228346
11
0.4570195669291339
21
0.8582998425196851
0
LINE
8
BLACK
6
CONTINUOUS
10
0.4570195669291339
20
0.8582998425196851
11
0.456739842519685
21
0.8580572834645669
0
LINE
8
BLACK
6
CONTINUOUS
10
0.456739842519685
20
0.8580572834645669
11
0.4564972834645669
21
0.8577775590551181
0
LINE
8
BLACK
6
CONTINUOUS
10
0.4564972834645669
20
0.8577775590551181
11
0.4562057086614173
21
0.8575940551181103
0
LINE
8
BLACK
6
CONTINUOUS
10
0.4562057086614173
20
0.8575940551181103
11
0.4561491732283465
21
0.857545
0
LINE
8
BLACK
6
CONTINUOUS
10
0.4561491732283465
20
0.857545
11
0.4561037401574803
21
0.8575298818897638
0
LINE
8
BLACK
6
CONTINUOUS
10
0.4561037401574803
20
0.8575298818897638
11
0.4560074015748031
21
0.8574692125984251
0
LINE
8
BLACK
6
CONTINUOUS
10
0.4560074015748031
20
0.8574692125984251
11
0.452257874015748
21
0.8555944488188976
0
LINE
8
BLACK
6
CONTINUOUS
10
0.452257874015748
20
0.8555944488188976
11
0.4517172440944882
21
0.8553875590551181
0
LINE
8
BLACK
6
CONTINUOUS
10
0.4517172440944882
20
0.8553875590551181
11
0.4516114173228347
21
0.8553800787401574
0
LINE
8
BLACK
6
CONTINUOUS
10
0.4516114173228347
20
0.8553800787401574
11
0.4515134251968504
21
0.8553394488188976
0
LINE
8
BLACK
6
CONTINUOUS
10
0.4515134251968504
20
0.8553394488188976
11
0.4509373622047244
21
0.8552827165354331
0
LINE
8
BLACK
6
CONTINUOUS
10
0.4509373622047244
20
0.8552827165354331
11
0.4453130708661417
21
0.8552827165354331
0
LINE
8
BLACK
6
CONTINUOUS
10
0.4453130708661417
20
0.8552827165354331
11
0.4447370078740157
21
0.8553394488188976
0
LINE
8
BLACK
6
CONTINUOUS
10
0.4447370078740157
20
0.8553394488188976
11
0.4446390157480315
21
0.8553800393700787
0
LINE
8
BLACK
6
CONTINUOUS
10
0.4446390157480315
20
0.8553800393700787
11
0.4445331496062992
21
0.8553875590551181
0
LINE
8
BLACK
6
CONTINUOUS
10
0.4445331496062992
20
0.8553875590551181
11
0.4439925590551181
21
0.8555944488188976
0
LINE
8
BLACK
6
CONTINUOUS
10
0.4439925590551181
20
0.8555944488188976
11
0.4420930708661417
21
0.8565442125984252
0
LINE
8
BLACK
6
CONTINUOUS
10
0.4420930708661417
20
0.8565442125984252
11
0.4413292519685039
21
0.8557803543307086
0
LINE
8
BLACK
6
CONTINUOUS
10
0.4413292519685039
20
0.8557803543307086
11
0.440264842519685
21
0.8553394488188976
0
LINE
8
BLACK
6
CONTINUOUS
10
0.440264842519685
20
0.8553394488188976
11
0.439112716535433
21
0.8553394488188976
0
LINE
8
BLACK
6
CONTINUOUS
10
0.439112716535433
20
0.8553394488188976
11
0.4380483070866142
21
0.8557803543307086
0
LINE
8
BLACK
6
CONTINUOUS
10
0.4380483070866142
20
0.8557803543307086
11
0.4372336614173228
21
0.856595
0
LINE
8
BLACK
6
CONTINUOUS
10
0.4372336614173228
20
0.856595
11
0.4367927559055118
21
0.8576594094488189
0
LINE
8
BLACK
6
CONTINUOUS
10
0.4367927559055118
20
0.8576594094488189
11
0.4367360236220472
21
0.8582354724409449
0
LINE
8
BLACK
6
CONTINUOUS
10
0.4367360236220472
20
0.8582354724409449
11
0.4367360236220472
21
0.8844822047244094
0
LINE
8
BLACK
6
CONTINUOUS
10
0.4367360236220472
20
0.8844822047244094
11
0.4367927559055118
21
0.8850582677165354
0
LINE
8
BLACK
6
CONTINUOUS
10
0.4367927559055118
20
0.8850582677165354
11
0.4372336614173228
21
0.8861226771653543
0
LINE
8
BLACK
6
CONTINUOUS
10
0.4372336614173228
20
0.8861226771653543
11
0.4380483070866142
21
0.8869373228346457
0
LINE
8
BLACK
6
CONTINUOUS
10
0.4380483070866142
20
0.8869373228346457
11
0.439112716535433
21
0.8873782283464566
0
LINE
8
BLACK
6
CONTINUOUS
10
0.439112716535433
20
0.8873782283464566
11
0.440264842519685
21
0.8873782283464566
0
LINE
8
BLACK
6
CONTINUOUS
10
0.440264842519685
20
0.8873782283464566
11
0.4413292519685039
21
0.8869373228346457
0
LINE
8
BLACK
6
CONTINUOUS
10
0.4849699212598425
20
0.9005015748031496
11
0.4852592125984252
21
0.9005015748031496
0
LINE
8
BLACK
6
CONTINUOUS
10
0.4852592125984252
20
0.9005015748031496
11
0.4855292913385827
21
0.9003897244094488
0
LINE
8
BLACK
6
CONTINUOUS
10
0.4855292913385827
20
0.9003897244094488
11
0.4858159448818897
21
0.9003323622047243
0
LINE
8
BLACK
6
CONTINUOUS
10
0.4858159448818897
20
0.9003323622047243
11
0.4860562992125984
21
0.9001714173228347
0
LINE
8
BLACK
6
CONTINUOUS
10
0.4860562992125984
20
0.9001714173228347
11
0.4863236220472441
21
0.9000606692913385
0
LINE
8
BLACK
6
CONTINUOUS
10
0.4863236220472441
20
0.9000606692913385
11
0.4865303149606299
21
0.8998539763779527
0
LINE
8
BLACK
6
CONTINUOUS
10
0.4865303149606299
20
0.8998539763779527
11
0.4867732283464567
21
0.8996912992125984
0
LINE
8
BLACK
6
CONTINUOUS
10
0.4867732283464567
20
0.8996912992125984
11
0.4871362204724409
21
0.8992480708661417
0
LINE
8
BLACK
6
CONTINUOUS
10
0.4871362204724409
20
0.8992480708661417
11
0.4871382677165354
21
0.8992460236220472
0
LINE
8
BLACK
6
CONTINUOUS
10
0.4871382677165354
20
0.8992460236220472
11
0.4871386220472441
21
0.899245157480315
0
LINE
8
BLACK
6
CONTINUOUS
10
0.4871386220472441
20
0.899245157480315
11
0.48714
21
0.8992434645669292
0
LINE
8
BLACK
6
CONTINUOUS
10
0.48714
20
0.8992434645669292
11
0.4907273228346457
21
0.8938624409448819
0
LINE
8
BLACK
6
CONTINUOUS
10
0.4907273228346457
20
0.8938624409448819
11
0.4939312992125984
21
0.8906584645669291
0
LINE
8
BLACK
6
CONTINUOUS
10
0.4939312992125984
20
0.8906584645669291
11
0.4972522440944882
21
0.8889979921259842
0
LINE
8
BLACK
6
CONTINUOUS
10
0.4972522440944882
20
0.8889979921259842
11
0.4977421259842519
21
0.8886896456692913
0
LINE
8
BLACK
6
CONTINUOUS
10
0.4977421259842519
20
0.8886896456692913
11
0.498496968503937
21
0.8878192519685039
0
LINE
8
BLACK
6
CONTINUOUS
10
0.498496968503937
20
0.8878192519685039
11
0.4988612992125984
21
0.8867262992125984
0
LINE
8
BLACK
6
CONTINUOUS
10
0.4988612992125984
20
0.8867262992125984
11
0.4987796456692913
21
0.8855770866141732
0
LINE
8
BLACK
6
CONTINUOUS
10
0.4987796456692913
20
0.8855770866141732
11
0.4982643700787401
21
0.8845465748031496
0
LINE
8
BLACK
6
CONTINUOUS
10
0.4982643700787401
20
0.8845465748031496
11
0.4973940157480315
21
0.8837917322834645
0
LINE
8
BLACK
6
CONTINUOUS
10
0.4973940157480315
20
0.8837917322834645
11
0.4963010236220473
21
0.8834274015748032
0
LINE
8
BLACK
6
CONTINUOUS
10
0.4963010236220473
20
0.8834274015748032
11
0.495151811023622
21
0.8835090551181102
0
LINE
8
BLACK
6
CONTINUOUS
10
0.495151811023622
20
0.8835090551181102
11
0.4946112204724409
21
0.8837159448818898
0
LINE
8
BLACK
6
CONTINUOUS
10
0.4946112204724409
20
0.8837159448818898
11
0.4908616929133858
21
0.8855907086614173
0
LINE
8
BLACK
6
CONTINUOUS
10
0.4908616929133858
20
0.8855907086614173
11
0.4906138582677165
21
0.8857467322834646
0
LINE
8
BLACK
6
CONTINUOUS
10
0.4906138582677165
20
0.8857467322834646
11
0.4905417322834645
21
0.8857765748031496
0
LINE
8
BLACK
6
CONTINUOUS
10
0.4905417322834645
20
0.8857765748031496
11
0.4904605511811024
21
0.8858431889763779
0
LINE
8
BLACK
6
CONTINUOUS
10
0.4904605511811024
20
0.8858431889763779
11
0.490371811023622
21
0.8858990551181102
0
LINE
8
BLACK
6
CONTINUOUS
10
0.490371811023622
20
0.8858990551181102
11
0.4903206692913386
21
0.8859579921259843
0
LINE
8
BLACK
6
CONTINUOUS
10
0.4903206692913386
20
0.8859579921259843
11
0.4900942913385827
21
0.8861438188976378
0
LINE
8
BLACK
6
CONTINUOUS
10
0.4900942913385827
20
0.8861438188976378
11
0.487635905511811
21
0.8886022047244094
0
LINE
8
BLACK
6
CONTINUOUS
10
0.487635905511811
20
0.8886022047244094
11
0.487635905511811
21
0.8611882283464567
0
LINE
8
BLACK
6
CONTINUOUS
10
0.487635905511811
20
0.8611882283464567
11
0.4959317322834645
21
0.8611882283464567
0
LINE
8
BLACK
6
CONTINUOUS
10
0.4959317322834645
20
0.8611882283464567
11
0.4965077952755905
21
0.8611314960629921
0
LINE
8
BLACK
6
CONTINUOUS
10
0.4965077952755905
20
0.8611314960629921
11
0.4975722047244094
21
0.8606905905511811
0
LINE
8
BLACK
6
CONTINUOUS
10
0.4975722047244094
20
0.8606905905511811
11
0.4983868503937008
21
0.8598759448818898
0
LINE
8
BLACK
6
CONTINUOUS
10
0.4983868503937008
20
0.8598759448818898
11
0.4988277559055118
21
0.8588115354330709
0
LINE
8
BLACK
6
CONTINUOUS
10
0.4988277559055118
20
0.8588115354330709
11
0.4988277559055118
21
0.8576594094488189
0
LINE
8
BLACK
6
CONTINUOUS
10
0.4988277559055118
20
0.8576594094488189
11
0.4983868503937008
21
0.856595
0
LINE
8
BLACK
6
CONTINUOUS
10
0.4983868503937008
20
0.856595
11
0.4975722047244094
21
0.8557803543307086
0
LINE
8
BLACK
6
CONTINUOUS
10
0.4975722047244094
20
0.8557803543307086
11
0.4965077952755905
21
0.8553394488188976
0
LINE
8
BLACK
6
CONTINUOUS
10
0.4965077952755905
20
0.8553394488188976
11
0.4959317322834645
21
0.8552827165354331
0
LINE
8
BLACK
6
CONTINUOUS
10
0.4959317322834645
20
0.8552827165354331
11
0.4734345669291338
21
0.8552827165354331
0
LINE
8
BLACK
6
CONTINUOUS
10
0.4734345669291338
20
0.8552827165354331
11
0.4728585039370078
21
0.8553394488188976
0
LINE
8
BLACK
6
CONTINUOUS
10
0.4728585039370078
20
0.8553394488188976
11
0.471794094488189
21
0.8557803543307086
0
LINE
8
BLACK
6
CONTINUOUS
10
0.471794094488189
20
0.8557803543307086
11
0.4709794488188976
21
0.856595
0
LINE
8
BLACK
6
CONTINUOUS
10
0.4709794488188976
20
0.856595
11
0.4705385433070866
21
0.8576594094488189
0
LINE
8
BLACK
6
CONTINUOUS
10
0.4705385433070866
20
0.8576594094488189
11
0.4705385433070866
21
0.8588115354330709
0
LINE
8
BLACK
6
CONTINUOUS
10
0.4705385433070866
20
0.8588115354330709
11
0.4709794488188976
21
0.8598759448818898
0
LINE
8
BLACK
6
CONTINUOUS
10
0.4709794488188976
20
0.8598759448818898
11
0.471794094488189
21
0.8606905905511811
0
LINE
8
BLACK
6
CONTINUOUS
10
0.471794094488189
20
0.8606905905511811
11
0.4728585039370078
21
0.8611314960629921
0
LINE
8
BLACK
6
CONTINUOUS
10
0.4728585039370078
20
0.8611314960629921
11
0.4734345669291338
21
0.8611882283464567
0
LINE
8
BLACK
6
CONTINUOUS
10
0.4734345669291338
20
0.8611882283464567
11
0.4817303937007874
21
0.8611882283464567
0
LINE
8
BLACK
6
CONTINUOUS
10
0.4817303937007874
20
0.8611882283464567
11
0.4817303937007874
21
0.8976055511811023
0
LINE
8
BLACK
6
CONTINUOUS
10
0.4817303937007874
20
0.8976055511811023
11
0.4817305905511811
21
0.8976076377952755
0
LINE
8
BLACK
6
CONTINUOUS
10
0.4817305905511811
20
0.8976076377952755
11
0.4817303937007874
21
0.8976086614173228
0
LINE
8
BLACK
6
CONTINUOUS
10
0.4817303937007874
20
0.8976086614173228
11
0.4817309842519685
21
0.8976116929133858
0
LINE
8
BLACK
6
CONTINUOUS
10
0.4817309842519685
20
0.8976116929133858
11
0.4817871259842519
21
0.8981816141732283
0
LINE
8
BLACK
6
CONTINUOUS
10
0.4817871259842519
20
0.8981816141732283
11
0.4818989763779528
21
0.8984517322834645
0
LINE
8
BLACK
6
CONTINUOUS
10
0.4818989763779528
20
0.8984517322834645
11
0.4819563385826772
21
0.8987383464566929
0
LINE
8
BLACK
6
CONTINUOUS
10
0.4819563385826772
20
0.8987383464566929
11
0.4821172834645669
21
0.8989787401574802
0
LINE
8
BLACK
6
CONTINUOUS
10
0.4821172834645669
20
0.8989787401574802
11
0.482228031496063
21
0.8992460236220472
0
LINE
8
BLACK
6
CONTINUOUS
10
0.482228031496063
20
0.8992460236220472
11
0.4824347244094488
21
0.8994527559055118
0
LINE
8
BLACK
6
CONTINUOUS
10
0.4824347244094488
20
0.8994527559055118
11
0.4825974015748031
21
0.8996956299212598
0
LINE
8
BLACK
6
CONTINUOUS
10
0.4825974015748031
20
0.8996956299212598
11
0.4828381102362205
21
0.8998561417322835
0
LINE
8
BLACK
6
CONTINUOUS
10
0.4828381102362205
20
0.8998561417322835
11
0.4830426771653543
21
0.9000606692913385
0
LINE
8
BLACK
6
CONTINUOUS
10
0.4830426771653543
20
0.9000606692913385
11
0.4833127559055118
21
0.9001725590551181
0
LINE
8
BLACK
6
CONTINUOUS
10
0.4833127559055118
20
0.9001725590551181
11
0.4835560236220472
21
0.9003347244094488
0
LINE
8
BLACK
6
CONTINUOUS
10
0.4835560236220472
20
0.9003347244094488
11
0.4838398031496063
21
0.9003908661417322
0
LINE
8
BLACK
6
CONTINUOUS
10
0.4838398031496063
20
0.9003908661417322
11
0.4841070866141732
21
0.9005015748031496
0
LINE
8
BLACK
6
CONTINUOUS
10
0.4841070866141732
20
0.9005015748031496
11
0.4843994881889764
21
0.9005015748031496
0
LINE
8
BLACK
6
CONTINUOUS
10
0.4843994881889764
20
0.9005015748031496
11
0.4846862598425197
21
0.9005583070866141
0
LINE
8
BLACK
6
CONTINUOUS
10
0.4846862598425197
20
0.9005583070866141
11
0.4849699212598425
21
0.9005015748031496
0
LINE
8
BLACK
6
CONTINUOUS
10
0.4215171653543307
20
0.9005015748031496
11
0.4225815748031496
21
0.9000606692913385
0
LINE
8
BLACK
6
CONTINUOUS
10
0.4225815748031496
20
0.9000606692913385
11
0.4233962204724409
21
0.8992460236220472
0
LINE
8
BLACK
6
CONTINUOUS
10
0.4233962204724409
20
0.8992460236220472
11
0.4238371259842519
21
0.8981816141732283
0
LINE
8
BLACK
6
CONTINUOUS
10
0.4238371259842519
20
0.8981816141732283
11
0.4238938582677165
21
0.8976055511811023
0
LINE
8
BLACK
6
CONTINUOUS
10
0.4238938582677165
20
0.8976055511811023
11
0.4238938582677165
21
0.8582354724409449
0
LINE
8
BLACK
6
CONTINUOUS
10
0.4238938582677165
20
0.8582354724409449
11
0.4238371259842519
21
0.8576594094488189
0
LINE
8
BLACK
6
CONTINUOUS
10
0.4238371259842519
20
0.8576594094488189
11
0.4233962204724409
21
0.856595
0
LINE
8
BLACK
6
CONTINUOUS
10
0.4233962204724409
20
0.856595
11
0.4225815748031496
21
0.8557803543307086
0
LINE
8
BLACK
6
CONTINUOUS
10
0.4225815748031496
20
0.8557803543307086
11
0.4215171653543307
21
0.8553394488188976
0
LINE
8
BLACK
6
CONTINUOUS
10
0.4215171653543307
20
0.8553394488188976
11
0.4203650393700787
21
0.8553394488188976
0
LINE
8
BLACK
6
CONTINUOUS
10
0.4203650393700787
20
0.8553394488188976
11
0.4193006299212598
21
0.8557803543307086
0
LINE
8
BLACK
6
CONTINUOUS
10
0.4193006299212598
20
0.8557803543307086
11
0.4184859842519685
21
0.856595
0
LINE
8
BLACK
6
CONTINUOUS
10
0.4184859842519685
20
0.856595
11
0.4180450787401574
21
0.8576594094488189
0
LINE
8
BLACK
6
CONTINUOUS
10
0.4180450787401574
20
0.8576594094488189
11
0.4179883464566929
21
0.8582354724409449
0
LINE
8
BLACK
6
CONTINUOUS
10
0.4179883464566929
20
0.8582354724409449
11
0.4179883464566929
21
0.8759051574803149
0
LINE
8
BLACK
6
CONTINUOUS
10
0.4179883464566929
20
0.8759051574803149
11
0.4078177559055118
21
0.8759051574803149
0
LINE
8
BLACK
6
CONTINUOUS
10
0.4078177559055118
20
0.8759051574803149
11
0.4072416929133858
21
0.8759618897637795
0
LINE
8
BLACK
6
CONTINUOUS
10
0.4072416929133858
20
0.8759618897637795
11
0.4061772834645669
21
0.8764027952755905
0
LINE
8
BLACK
6
CONTINUOUS
10
0.4061772834645669
20
0.8764027952755905
11
0.4053626377952756
21
0.8772174409448819
0
LINE
8
BLACK
6
CONTINUOUS
10
0.4053626377952756
20
0.8772174409448819
11
0.4049217322834646
21
0.8782818503937008
0
LINE
8
BLACK
6
CONTINUOUS
10
0.4049217322834646
20
0.8782818503937008
11
0.4049217322834646
21
0.8794339763779527
0
LINE
8
BLACK
6
CONTINUOUS
10
0.4049217322834646
20
0.8794339763779527
11
0.4053626377952756
21
0.8804983858267716
0
LINE
8
BLACK
6
CONTINUOUS
10
0.4053626377952756
20
0.8804983858267716
11
0.4061772834645669
21
0.881313031496063
0
LINE
8
BLACK
6
CONTINUOUS
10
0.4061772834645669
20
0.881313031496063
11
0.4072416929133858
21
0.881753937007874
0
LINE
8
BLACK
6
CONTINUOUS
10
0.4072416929133858
20
0.881753937007874
11
0.4078177559055118
21
0.8818106692913386
0
LINE
8
BLACK
6
CONTINUOUS
10
0.4078177559055118
20
0.8818106692913386
11
0.4179883464566929
21
0.8818106692913386
0
LINE
8
BLACK
6
CONTINUOUS
10
0.4179883464566929
20
0.8818106692913386
11
0.4179883464566929
21
0.8946527952755905
0
LINE
8
BLACK
6
CONTINUOUS
10
0.4179883464566929
20
0.8946527952755905
11
0.4021934645669291
21
0.8946527952755905
0
LINE
8
BLACK
6
CONTINUOUS
10
0.4021934645669291
20
0.8946527952755905
11
0.4016174015748031
21
0.8947095275590551
0
LINE
8
BLACK
6
CONTINUOUS
10
0.4016174015748031
20
0.8947095275590551
11
0.4005529921259842
21
0.8951504330708662
0
LINE
8
BLACK
6
CONTINUOUS
10
0.4005529921259842
20
0.8951504330708662
11
0.3997383464566929
21
0.8959650787401574
0
LINE
8
BLACK
6
CONTINUOUS
10
0.3997383464566929
20
0.8959650787401574
11
0.3992974409448819
21
0.8970294881889763
0
LINE
8
BLACK
6
CONTINUOUS
10
0.3992974409448819
20
0.8970294881889763
11
0.3992974409448819
21
0.8981816141732283
0
LINE
8
BLACK
6
CONTINUOUS
10
0.3992974409448819
20
0.8981816141732283
11
0.3997383464566929
21
0.8992460236220472
0
LINE
8
BLACK
6
CONTINUOUS
10
0.3997383464566929
20
0.8992460236220472
11
0.4005529921259842
21
0.9000606692913385
0
LINE
8
BLACK
6
CONTINUOUS
10
0.4005529921259842
20
0.9000606692913385
11
0.4016174015748031
21
0.9005015748031496
0
LINE
8
BLACK
6
CONTINUOUS
10
0.4016174015748031
20
0.9005015748031496
11
0.4021934645669291
21
0.9005583070866141
0
LINE
8
BLACK
6
CONTINUOUS
10
0.4021934645669291
20
0.9005583070866141
11
0.4209411023622047
21
0.9005583070866141
0
LINE
8
BLACK
6
CONTINUOUS
10
0.4209411023622047
20
0.9005583070866141
11
0.4215171653543307
21
0.9005015748031496
0
LINE
8
BLACK
6
CONTINUOUS
10
0.2882334645669291
20
0.9576022834645669
11
0.2882805905511811
21
0.9576179527559054
0
LINE
8
BLACK
6
CONTINUOUS
10
0.2882805905511811
20
0.9576179527559054
11
0.2886151181102362
21
0.9575263385826771
0
LINE
8
BLACK
6
CONTINUOUS
10
0.2886151181102362
20
0.9575263385826771
11
0.288955748031496
21
0.9574585826771653
0
LINE
8
BLACK
6
CONTINUOUS
10
0.288955748031496
20
0.9574585826771653
11
0.2889908661417322
21
0.9574234645669291
0
LINE
8
BLACK
6
CONTINUOUS
10
0.2889908661417322
20
0.9574234645669291
11
0.2890954724409449
21
0.9573948031496062
0
LINE
8
BLACK
6
CONTINUOUS
10
0.2890954724409449
20
0.9573948031496062
11
0.2917951181102362
21
0.9560449606299213
0
LINE
8
BLACK
6
CONTINUOUS
10
0.2917951181102362
20
0.9560449606299213
11
0.2920691338582677
21
0.9558322834645669
0
LINE
8
BLACK
6
CONTINUOUS
10
0.2920691338582677
20
0.9558322834645669
11
0.292357874015748
21
0.9556393700787401
0
LINE
8
BLACK
6
CONTINUOUS
10
0.292357874015748
20
0.9556393700787401
11
0.293707716535433
21
0.9542895275590551
0
LINE
8
BLACK
6
CONTINUOUS
10
0.293707716535433
20
0.9542895275590551
11
0.2941771259842519
21
0.9535870078740157
0
LINE
8
BLACK
6
CONTINUOUS
10
0.2941771259842519
20
0.9535870078740157
11
0.2941771259842519
21
0.9519297637795275
0
LINE
8
BLACK
6
CONTINUOUS
10
0.2941771259842519
20
0.9519297637795275
11
0.2930051968503937
21
0.9507578346456693
0
LINE
8
BLACK
6
CONTINUOUS
10
0.2930051968503937
20
0.9507578346456693
11
0.2913479527559055
21
0.9507578346456693
0
LINE
8
BLACK
6
CONTINUOUS
10
0.2913479527559055
20
0.9507578346456693
11
0.2906454330708662
21
0.9512272440944882
0
LINE
8
BLACK
6
CONTINUOUS
10
0.2906454330708662
20
0.9512272440944882
11
0.2895439763779528
21
0.9523287007874015
0
LINE
8
BLACK
6
CONTINUOUS
10
0.2895439763779528
20
0.9523287007874015
11
0.2876159448818897
21
0.953292716535433
0
LINE
8
BLACK
6
CONTINUOUS
10
0.2876159448818897
20
0.953292716535433
11
0.2818890551181102
21
0.953292716535433
0
LINE
8
BLACK
6
CONTINUOUS
10
0.2818890551181102
20
0.953292716535433
11
0.2799609842519685
21
0.9523287007874015
0
LINE
8
BLACK
6
CONTINUOUS
10
0.2799609842519685
20
0.9523287007874015
11
0.2791079527559055
21
0.9514756692913385
0
LINE
8
BLACK
6
CONTINUOUS
10
0.2791079527559055
20
0.9514756692913385
11
0.278143937007874
21
0.9495475984251969
0
LINE
8
BLACK
6
CONTINUOUS
10
0.278143937007874
20
0.9495475984251969
11
0.278143937007874
21
0.9477105511811024
0
LINE
8
BLACK
6
CONTINUOUS
10
0.278143937007874
20
0.9477105511811024
11
0.2792210236220473
21
0.9444792519685039
0
LINE
8
BLACK
6
CONTINUOUS
10
0.2792210236220473
20
0.9444792519685039
11
0.2950575196850393
21
0.9286427559055118
0
LINE
8
BLACK
6
CONTINUOUS
10
0.2950575196850393
20
0.9286427559055118
11
0.2955267716535433
21
0.9279403937007874
0
LINE
8
BLACK
6
CONTINUOUS
10
0.2955267716535433
20
0.9279403937007874
11
0.2955268897637795
21
0.9279402755905511
0
LINE
8
BLACK
6
CONTINUOUS
10
0.2955268897637795
20
0.9279402755905511
11
0.2955268897637795
21
0.9262829527559054
0
LINE
8
BLACK
6
CONTINUOUS
10
0.2955268897637795
20
0.9262829527559054
11
0.2943550393700787
21
0.9251111023622047
0
LINE
8
BLACK
6
CONTINUOUS
10
0.2943550393700787
20
0.9251111023622047
11
0.2935263779527559
21
0.9249462598425197
0
LINE
8
BLACK
6
CONTINUOUS
10
0.2935263779527559
20
0.9249462598425197
11
0.2759785826771654
21
0.9249462598425197
0
LINE
8
BLACK
6
CONTINUOUS
10
0.2759785826771654
20
0.9249462598425197
11
0.2751499212598425
21
0.9251111023622047
0
LINE
8
BLACK
6
CONTINUOUS
10
0.2751499212598425
20
0.9251111023622047
11
0.2739780708661417
21
0.9262829527559054
0
LINE
8
BLACK
6
CONTINUOUS
10
0.2739780708661417
20
0.9262829527559054
11
0.2739780708661417
21
0.9279402755905511
0
LINE
8
BLACK
6
CONTINUOUS
10
0.2739780708661417
20
0.9279402755905511
11
0.2751499212598425
21
0.929112125984252
0
LINE
8
BLACK
6
CONTINUOUS
10
0.2751499212598425
20
0.929112125984252
11
0.2759785826771654
21
0.929276968503937
0
LINE
8
BLACK
6
CONTINUOUS
10
0.2759785826771654
20
0.929276968503937
11
0.2882987401574803
21
0.929276968503937
0
LINE
8
BLACK
6
CONTINUOUS
10
0.2882987401574803
20
0.929276968503937
11
0.2757972834645669
21
0.9417784251968504
0
LINE
8
BLACK
6
CONTINUOUS
10
0.2757972834645669
20
0.9417784251968504
11
0.2757370078740157
21
0.9418686220472441
0
LINE
8
BLACK
6
CONTINUOUS
10
0.2757370078740157
20
0.9418686220472441
11
0.2756926377952756
21
0.9418907874015748
0
LINE
8
BLACK
6
CONTINUOUS
10
0.2756926377952756
20
0.9418907874015748
11
0.2755206299212599
21
0.9421925196850394
0
LINE
8
BLACK
6
CONTINUOUS
10
0.2755206299212599
20
0.9421925196850394
11
0.2753279133858267
21
0.9424809448818897
0
LINE
8
BLACK
6
CONTINUOUS
10
0.2753279133858267
20
0.9424809448818897
11
0.2753279133858267
21
0.9425305511811023
0
LINE
8
BLACK
6
CONTINUOUS
10
0.2753279133858267
20
0.9425305511811023
11
0.2752741732283465
21
0.9426248031496063
0
LINE
8
BLACK
6
CONTINUOUS
10
0.2752741732283465
20
0.9426248031496063
11
0.2739243307086614
21
0.9466742913385826
0
LINE
8
BLACK
6
CONTINUOUS
10
0.2739243307086614
20
0.9466742913385826
11
0.273880905511811
21
0.9470187401574803
0
LINE
8
BLACK
6
CONTINUOUS
10
0.273880905511811
20
0.9470187401574803
11
0.2738132283464567
21
0.9473590551181102
0
LINE
8
BLACK
6
CONTINUOUS
10
0.2738132283464567
20
0.9473590551181102
11
0.2738132283464567
21
0.9500587401574803
0
LINE
8
BLACK
6
CONTINUOUS
10
0.2738132283464567
20
0.9500587401574803
11
0.2738343700787402
21
0.9501651574803149
0
LINE
8
BLACK
6
CONTINUOUS
10
0.2738343700787402
20
0.9501651574803149
11
0.2738187007874016
21
0.9502122440944881
0
LINE
8
BLACK
6
CONTINUOUS
10
0.2738187007874016
20
0.9502122440944881
11
0.2739103149606299
21
0.950546811023622
0
LINE
8
BLACK
6
CONTINUOUS
10
0.2739103149606299
20
0.950546811023622
11
0.2739780708661417
21
0.9508874015748031
0
LINE
8
BLACK
6
CONTINUOUS
10
0.2739780708661417
20
0.9508874015748031
11
0.2740131889763779
21
0.9509225590551181
0
LINE
8
BLACK
6
CONTINUOUS
10
0.2740131889763779
20
0.9509225590551181
11
0.2740418503937008
21
0.951027125984252
0
LINE
8
BLACK
6
CONTINUOUS
10
0.2740418503937008
20
0.951027125984252
11
0.2753916929133858
21
0.9537267716535432
0
LINE
8
BLACK
6
CONTINUOUS
10
0.2753916929133858
20
0.9537267716535432
11
0.2756043700787402
21
0.9540008267716535
0
LINE
8
BLACK
6
CONTINUOUS
10
0.2756043700787402
20
0.9540008267716535
11
0.2757972834645669
21
0.9542895275590551
0
LINE
8
BLACK
6
CONTINUOUS
10
0.2757972834645669
20
0.9542895275590551
11
0.277147125984252
21
0.9556393700787401
0
LINE
8
BLACK
6
CONTINUOUS
10
0.277147125984252
20
0.9556393700787401
11
0.2774359842519685
21
0.9558324015748031
0
LINE
8
BLACK
6
CONTINUOUS
10
0.2774359842519685
20
0.9558324015748031
11
0.2777098818897638
21
0.9560449606299213
0
LINE
8
BLACK
6
CONTINUOUS
10
0.2777098818897638
20
0.9560449606299213
11
0.2804095275590551
21
0.9573948031496062
0
LINE
8
BLACK
6
CONTINUOUS
10
0.2804095275590551
20
0.9573948031496062
11
0.280514094488189
21
0.9574234645669291
0
LINE
8
BLACK
6
CONTINUOUS
10
0.280514094488189
20
0.9574234645669291
11
0.2805492519685039
21
0.9574585826771653
0
LINE
8
BLACK
6
CONTINUOUS
10
0.2805492519685039
20
0.9574585826771653
11
0.280889842519685
21
0.9575263385826771
0
LINE
8
BLACK
6
CONTINUOUS
10
0.280889842519685
20
0.9575263385826771
11
0.2812244094488189
21
0.9576179527559054
0
LINE
8
BLACK
6
CONTINUOUS
10
0.2812244094488189
20
0.9576179527559054
11
0.2812714960629921
21
0.9576022834645669
0
LINE
8
BLACK
6
CONTINUOUS
10
0.2812714960629921
20
0.9576022834645669
11
0.2813779133858267
21
0.9576234251968504
0
LINE
8
BLACK
6
CONTINUOUS
10
0.2813779133858267
20
0.9576234251968504
11
0.2881270866141732
21
0.9576234251968504
0
LINE
8
BLACK
6
CONTINUOUS
10
0.2881270866141732
20
0.9576234251968504
11
0.2882334645669291
21
0.9576022834645669
0
LINE
8
BLACK
6
CONTINUOUS
10
0.3114145275590551
20
0.957555748031496
11
0.3117589763779527
21
0.9575123228346456
0
LINE
8
BLACK
6
CONTINUOUS
10
0.3117589763779527
20
0.9575123228346456
11
0.3158084645669291
21
0.9561624803149606
0
LINE
8
BLACK
6
CONTINUOUS
10
0.3158084645669291
20
0.9561624803149606
11
0.3159027165354331
21
0.9561087401574803
0
LINE
8
BLACK
6
CONTINUOUS
10
0.3159027165354331
20
0.9561087401574803
11
0.3159523228346456
21
0.9561087401574803
0
LINE
8
BLACK
6
CONTINUOUS
10
0.3159523228346456
20
0.9561087401574803
11
0.316240748031496
21
0.9559160236220472
0
LINE
8
BLACK
6
CONTINUOUS
10
0.316240748031496
20
0.9559160236220472
11
0.3165424803149606
21
0.9557440157480315
0
LINE
8
BLACK
6
CONTINUOUS
10
0.3165424803149606
20
0.9557440157480315
11
0.3165646456692913
21
0.9556996456692913
0
LINE
8
BLACK
6
CONTINUOUS
10
0.3165646456692913
20
0.9556996456692913
11
0.316654842519685
21
0.9556393700787401
0
LINE
8
BLACK
6
CONTINUOUS
10
0.316654842519685
20
0.9556393700787401
11
0.3193544881889764
21
0.9529397244094489
0
LINE
8
BLACK
6
CONTINUOUS
10
0.3193544881889764
20
0.9529397244094489
11
0.3195472834645669
21
0.9526511417322835
0
LINE
8
BLACK
6
CONTINUOUS
10
0.3195472834645669
20
0.9526511417322835
11
0.3197600787401575
21
0.9523769685039369
0
LINE
8
BLACK
6
CONTINUOUS
10
0.3197600787401575
20
0.9523769685039369
11
0.3211099606299213
21
0.9496772834645669
0
LINE
8
BLACK
6
CONTINUOUS
10
0.3211099606299213
20
0.9496772834645669
11
0.3211725984251969
21
0.9494485039370079
0
LINE
8
BLACK
6
CONTINUOUS
10
0.3211725984251969
20
0.9494485039370079
11
0.3212738976377953
21
0.949234094488189
0
LINE
8
BLACK
6
CONTINUOUS
10
0.3212738976377953
20
0.949234094488189
11
0.3226237401574803
21
0.9438347244094488
0
LINE
8
BLACK
6
CONTINUOUS
10
0.3226237401574803
20
0.9438347244094488
11
0.3226366141732284
21
0.9435697244094488
0
LINE
8
BLACK
6
CONTINUOUS
10
0.3226366141732284
20
0.9435697244094488
11
0.3226883858267717
21
0.9433095669291338
0
LINE
8
BLACK
6
CONTINUOUS
10
0.3226883858267717
20
0.9433095669291338
11
0.3226883858267717
21
0.9392600787401575
0
LINE
8
BLACK
6
CONTINUOUS
10
0.3226883858267717
20
0.9392600787401575
11
0.3226366141732284
21
0.9389999606299212
0
LINE
8
BLACK
6
CONTINUOUS
10
0.3226366141732284
20
0.9389999606299212
11
0.3226237401574803
21
0.9387349212598425
0
LINE
8
BLACK
6
CONTINUOUS
10
0.3226237401574803
20
0.9387349212598425
11
0.3212738976377953
21
0.9333355511811023
0
LINE
8
BLACK
6
CONTINUOUS
10
0.3212738976377953
20
0.9333355511811023
11
0.3211725196850393
21
0.9331209842519684
0
LINE
8
BLACK
6
CONTINUOUS
10
0.3211725196850393
20
0.9331209842519684
11
0.3211099212598425
21
0.9328923622047244
0
LINE
8
BLACK
6
CONTINUOUS
10
0.3211099212598425
20
0.9328923622047244
11
0.3197600787401575
21
0.930192716535433
0
LINE
8
BLACK
6
CONTINUOUS
10
0.3197600787401575
20
0.930192716535433
11
0.3195473228346457
21
0.9299186220472441
0
LINE
8
BLACK
6
CONTINUOUS
10
0.3195473228346457
20
0.9299186220472441
11
0.3193544881889764
21
0.92963
0
LINE
8
BLACK
6
CONTINUOUS
10
0.3193544881889764
20
0.92963
11
0.316654842519685
21
0.9269302755905512
0
LINE
8
BLACK
6
CONTINUOUS
10
0.316654842519685
20
0.9269302755905512
11
0.3165646850393701
21
0.9268700787401575
0
LINE
8
BLACK
6
CONTINUOUS
10
0.3165646850393701
20
0.9268700787401575
11
0.3165424803149606
21
0.9268255905511811
0
LINE
8
BLACK
6
CONTINUOUS
10
0.3165424803149606
20
0.9268255905511811
11
0.3162405118110236
21
0.9266535039370078
0
LINE
8
BLACK
6
CONTINUOUS
10
0.3162405118110236
20
0.9266535039370078
11
0.3159523228346456
21
0.926460905511811
0
LINE
8
BLACK
6
CONTINUOUS
10
0.3159523228346456
20
0.926460905511811
11
0.3159027165354331
21
0.926460905511811
0
LINE
8
BLACK
6
CONTINUOUS
10
0.3159027165354331
20
0.926460905511811
11
0.3158084645669291
21
0.9264071653543307
0
LINE
8
BLACK
6
CONTINUOUS
10
0.3158084645669291
20
0.9264071653543307
11
0.311758937007874
21
0.9250573622047243
0
LINE
8
BLACK
6
CONTINUOUS
10
0.311758937007874
20
0.9250573622047243
11
0.3114146062992126
21
0.9250139763779527
0
LINE
8
BLACK
6
CONTINUOUS
10
0.3114146062992126
20
0.9250139763779527
11
0.3110742125984252
21
0.9249462598425197
0
LINE
8
BLACK
6
CONTINUOUS
10
0.3110742125984252
20
0.9249462598425197
11
0.3083745275590551
21
0.9249462598425197
0
LINE
8
BLACK
6
CONTINUOUS
10
0.3083745275590551
20
0.9249462598425197
11
0.3080343307086614
21
0.925013937007874
0
LINE
8
BLACK
6
CONTINUOUS
10
0.3080343307086614
20
0.925013937007874
11
0.3076898031496063
21
0.9250573622047243
0
LINE
8
BLACK
6
CONTINUOUS
10
0.3076898031496063
20
0.9250573622047243
11
0.3036403149606299
21
0.9264071653543307
0
LINE
8
BLACK
6
CONTINUOUS
10
0.3036403149606299
20
0.9264071653543307
11
0.3035461023622047
21
0.9264608661417323
0
LINE
8
BLACK
6
CONTINUOUS
10
0.3035461023622047
20
0.9264608661417323
11
0.3034964173228347
21
0.9264608661417323
0
LINE
8
BLACK
6
CONTINUOUS
10
0.3034964173228347
20
0.9264608661417323
11
0.303207716535433
21
0.926653779527559
0
LINE
8
BLACK
6
CONTINUOUS
10
0.303207716535433
20
0.926653779527559
11
0.3029062992125984
21
0.9268255905511811
0
LINE
8
BLACK
6
CONTINUOUS
10
0.3029062992125984
20
0.9268255905511811
11
0.3028840551181102
21
0.9268700393700787
0
LINE
8
BLACK
6
CONTINUOUS
10
0.3028840551181102
20
0.9268700393700787
11
0.3027938976377953
21
0.9269302755905512
0
LINE
8
BLACK
6
CONTINUOUS
10
0.3027938976377953
20
0.9269302755905512
11
0.3014440551181102
21
0.9282801181102363
0
LINE
8
BLACK
6
CONTINUOUS
10
0.3014440551181102
20
0.9282801181102363
11
0.3009746850393701
21
0.9289826377952756
0
LINE
8
BLACK
6
CONTINUOUS
10
0.3009746850393701
20
0.9289826377952756
11
0.3009746850393701
21
0.9306398818897638
0
LINE
8
BLACK
6
CONTINUOUS
10
0.3009746850393701
20
0.9306398818897638
11
0.3021465748031496
21
0.9318117716535432
0
LINE
8
BLACK
6
CONTINUOUS
10
0.3021465748031496
20
0.9318117716535432
11
0.3038038188976378
21
0.9318117716535432
0
LINE
8
BLACK
6
CONTINUOUS
10
0.3038038188976378
20
0.9318117716535432
11
0.3045063385826772
21
0.9313424015748031
0
LINE
8
BLACK
6
CONTINUOUS
10
0.3045063385826772
20
0.9313424015748031
11
0.3054946850393701
21
0.9303540551181102
0
LINE
8
BLACK
6
CONTINUOUS
10
0.3054946850393701
20
0.9303540551181102
11
0.3087259842519685
21
0.929276968503937
0
LINE
8
BLACK
6
CONTINUOUS
10
0.3087259842519685
20
0.929276968503937
11
0.3107227952755905
21
0.929276968503937
0
LINE
8
BLACK
6
CONTINUOUS
10
0.3107227952755905
20
0.929276968503937
11
0.3139539763779527
21
0.9303540551181102
0
LINE
8
BLACK
6
CONTINUOUS
10
0.3139539763779527
20
0.9303540551181102
11
0.316043779527559
21
0.9324438188976377
0
LINE
8
BLACK
6
CONTINUOUS
10
0.316043779527559
20
0.9324438188976377
11
0.3171300787401575
21
0.9346164566929134
0
LINE
8
BLACK
6
CONTINUOUS
10
0.3171300787401575
20
0.9346164566929134
11
0.3183576771653543
21
0.9395267322834645
0
LINE
8
BLACK
6
CONTINUOUS
10
0.3183576771653543
20
0.9395267322834645
11
0.3183576771653543
21
0.9430429527559054
0
LINE
8
BLACK
6
CONTINUOUS
10
0.3183576771653543
20
0.9430429527559054
11
0.3171300787401575
21
0.9479532283464567
0
LINE
8
BLACK
6
CONTINUOUS
10
0.3171300787401575
20
0.9479532283464567
11
0.316043779527559
21
0.9501258661417322
0
LINE
8
BLACK
6
CONTINUOUS
10
0.316043779527559
20
0.9501258661417322
11
0.3139540157480315
21
0.9522156299212599
0
LINE
8
BLACK
6
CONTINUOUS
10
0.3139540157480315
20
0.9522156299212599
11
0.3107227559055118
21
0.953292716535433
0
LINE
8
BLACK
6
CONTINUOUS
10
0.3107227559055118
20
0.953292716535433
11
0.3087259842519685
21
0.953292716535433
0
LINE
8
BLACK
6
CONTINUOUS
10
0.3087259842519685
20
0.953292716535433
11
0.3054946850393701
21
0.9522156299212599
0
LINE
8
BLACK
6
CONTINUOUS
10
0.3054946850393701
20
0.9522156299212599
11
0.3045063385826772
21
0.9512272440944882
0
LINE
8
BLACK
6
CONTINUOUS
10
0.3045063385826772
20
0.9512272440944882
11
0.3038038188976378
21
0.950757874015748
0
LINE
8
BLACK
6
CONTINUOUS
10
0.3038038188976378
20
0.950757874015748
11
0.3021465748031496
21
0.950757874015748
0
LINE
8
BLACK
6
CONTINUOUS
10
0.3021465748031496
20
0.950757874015748
11
0.3009746850393701
21
0.9519297637795275
0
LINE
8
BLACK
6
CONTINUOUS
10
0.3009746850393701
20
0.9519297637795275
11
0.3009746850393701
21
0.9535870078740157
0
LINE
8
BLACK
6
CONTINUOUS
10
0.3009746850393701
20
0.9535870078740157
11
0.3014440551181102
21
0.9542895275590551
0
LINE
8
BLACK
6
CONTINUOUS
10
0.3014440551181102
20
0.9542895275590551
11
0.3027938976377953
21
0.9556393700787401
0
LINE
8
BLACK
6
CONTINUOUS
10
0.3027938976377953
20
0.9556393700787401
11
0.302884094488189
21
0.9556996850393701
0
LINE
8
BLACK
6
CONTINUOUS
10
0.302884094488189
20
0.9556996850393701
11
0.3029062992125984
21
0.9557440157480315
0
LINE
8
BLACK
6
CONTINUOUS
10
0.3029062992125984
20
0.9557440157480315
11
0.3032075590551181
21
0.9559158267716535
0
LINE
8
BLACK
6
CONTINUOUS
10
0.3032075590551181
20
0.9559158267716535
11
0.3034964173228347
21
0.956108779527559
0
LINE
8
BLACK
6
CONTINUOUS
10
0.3034964173228347
20
0.956108779527559
11
0.3035461023622047
21
0.956108779527559
0
LINE
8
BLACK
6
CONTINUOUS
10
0.3035461023622047
20
0.956108779527559
11
0.3036402755905512
21
0.9561624803149606
0
LINE
8
BLACK
6
CONTINUOUS
10
0.3036402755905512
20
0.9561624803149606
11
0.3076897637795276
21
0.9575123228346456
0
LINE
8
BLACK
6
CONTINUOUS
10
0.3076897637795276
20
0.9575123228346456
11
0.3080341732283465
21
0.957555748031496
0
LINE
8
BLACK
6
CONTINUOUS
10
0.3080341732283465
20
0.957555748031496
11
0.3083745275590551
21
0.9576234251968504
0
LINE
8
BLACK
6
CONTINUOUS
10
0.3083745275590551
20
0.9576234251968504
11
0.3110742125984252
21
0.9576234251968504
0
LINE
8
BLACK
6
CONTINUOUS
10
0.3110742125984252
20
0.9576234251968504
11
0.3114145275590551
21
0.957555748031496
0
LINE
8
BLACK
6
CONTINUOUS
10
0.3346720078740157
20
0.9562867322834645
11
0.3348368503937008
21
0.9554580708661418
0
LINE
8
BLACK
6
CONTINUOUS
10
0.3348368503937008
20
0.9554580708661418
11
0.3348368503937008
21
0.9271116141732283
0
LINE
8
BLACK
6
CONTINUOUS
10
0.3348368503937008
20
0.9271116141732283
11
0.3346720078740157
21
0.9262829527559054
0
LINE
8
BLACK
6
CONTINUOUS
10
0.3346720078740157
20
0.9262829527559054
11
0.333500157480315
21
0.9251111023622047
0
LINE
8
BLACK
6
CONTINUOUS
10
0.333500157480315
20
0.9251111023622047
11
0.3318428346456693
21
0.9251111023622047
0
LINE
8
BLACK
6
CONTINUOUS
10
0.3318428346456693
20
0.9251111023622047
11
0.3306709842519685
21
0.9262829527559054
0
LINE
8
BLACK
6
CONTINUOUS
10
0.3306709842519685
20
0.9262829527559054
11
0.3305061417322834
21
0.9271116141732283
0
LINE
8
BLACK
6
CONTINUOUS
10
0.3305061417322834
20
0.9271116141732283
11
0.3305061417322834
21
0.9554580708661418
0
LINE
8
BLACK
6
CONTINUOUS
10
0.3305061417322834
20
0.9554580708661418
11
0.3306709842519685
21
0.9562867322834645
0
LINE
8
BLACK
6
CONTINUOUS
10
0.3306709842519685
20
0.9562867322834645
11
0.3318428346456693
21
0.9574585826771653
0
LINE
8
BLACK
6
CONTINUOUS
10
0.3318428346456693
20
0.9574585826771653
11
0.333500157480315
21
0.9574585826771653
0
LINE
8
BLACK
6
CONTINUOUS
10
0.333500157480315
20
0.9574585826771653
11
0.3346720078740157
21
0.9562867322834645
0
LINE
8
BLACK
6
CONTINUOUS
10
0.3628399212598425
20
0.9733147244094488
11
0.3639052755905512
21
0.9722493700787401
0
LINE
8
BLACK
6
CONTINUOUS
10
0.3639052755905512
20
0.9722493700787401
11
0.3640551181102362
21
0.971496062992126
0
LINE
8
BLACK
6
CONTINUOUS
10
0.3640551181102362
20
0.971496062992126
11
0.3640551181102362
21
0.908503937007874
0
LINE
8
BLACK
6
CONTINUOUS
10
0.3640551181102362
20
0.908503937007874
11
0.3639052755905512
21
0.9077506299212599
0
LINE
8
BLACK
6
CONTINUOUS
10
0.3639052755905512
20
0.9077506299212599
11
0.3628399212598425
21
0.9066852755905511
0
LINE
8
BLACK
6
CONTINUOUS
10
0.3628399212598425
20
0.9066852755905511
11
0.3620866141732283
21
0.9065354330708661
0
LINE
8
BLACK
6
CONTINUOUS
10
0.3620866141732283
20
0.9065354330708661
11
0.2479133858267716
21
0.9065354330708661
0
LINE
8
BLACK
6
CONTINUOUS
10
0.2479133858267716
20
0.9065354330708661
11
0.2471600787401575
21
0.9066852755905511
0
LINE
8
BLACK
6
CONTINUOUS
10
0.2471600787401575
20
0.9066852755905511
11
0.2460947244094488
21
0.9077506299212599
0
LINE
8
BLACK
6
CONTINUOUS
10
0.2460947244094488
20
0.9077506299212599
11
0.2459448818897638
21
0.908503937007874
0
LINE
8
BLACK
6
CONTINUOUS
10
0.2459448818897638
20
0.908503937007874
11
0.2459448818897638
21
0.955748031496063
0
LINE
8
BLACK
6
CONTINUOUS
10
0.2459448818897638
20
0.955748031496063
11
0.2460947244094488
21
0.9565013385826772
0
LINE
8
BLACK
6
CONTINUOUS
10
0.2460947244094488
20
0.9565013385826772
11
0.2465214566929134
21
0.9571399606299212
0
LINE
8
BLACK
6
CONTINUOUS
10
0.2465214566929134
20
0.9571399606299212
11
0.2622694488188976
21
0.9728879921259842
0
LINE
8
BLACK
6
CONTINUOUS
10
0.2622694488188976
20
0.9728879921259842
11
0.2629080708661417
21
0.9733147244094488
0
LINE
8
BLACK
6
CONTINUOUS
10
0.2629080708661417
20
0.9733147244094488
11
0.2629081102362205
21
0.9733147244094488
0
LINE
8
BLACK
6
CONTINUOUS
10
0.2629081102362205
20
0.9733147244094488
11
0.2636614173228347
21
0.9734645669291339
0
LINE
8
BLACK
6
CONTINUOUS
10
0.2636614173228347
20
0.9734645669291339
11
0.3620866141732283
21
0.9734645669291339
0
LINE
8
BLACK
6
CONTINUOUS
10
0.3620866141732283
20
0.9734645669291339
11
0.3628399212598425
21
0.9733147244094488
0
LINE
8
BLACK
6
CONTINUOUS
10
0.264476811023622
20
0.9695275590551181
11
0.2498818897637795
21
0.9549326771653543
0
LINE
8
BLACK
6
CONTINUOUS
10
0.2498818897637795
20
0.9549326771653543
11
0.2498818897637795
21
0.9104724409448819
0
LINE
8
BLACK
6
CONTINUOUS
10
0.2498818897637795
20
0.9104724409448819
11
0.3601181102362205
21
0.9104724409448819
0
LINE
8
BLACK
6
CONTINUOUS
10
0.3601181102362205
20
0.9104724409448819
11
0.3601181102362205
21
0.9695275590551181
0
LINE
8
BLACK
6
CONTINUOUS
10
0.3601181102362205
20
0.9695275590551181
11
0.264476811023622
21
0.9695275590551181
0
LINE
8
BLACK
6
CONTINUOUS
10
0.2289611417322835
20
0.9982402362204724
11
0.2300255511811024
21
0.9977993307086614
0
LINE
8
BLACK
6
CONTINUOUS
10
0.2300255511811024
20
0.9977993307086614
11
0.2308401968503937
21
0.9969846850393701
0
LINE
8
BLACK
6
CONTINUOUS
10
0.2308401968503937
20
0.9969846850393701
11
0.2312811023622047
21
0.9959202755905512
0
LINE
8
BLACK
6
CONTINUOUS
10
0.2312811023622047
20
0.9959202755905512
11
0.2312811023622047
21
0.9947681496062992
0
LINE
8
BLACK
6
CONTINUOUS
10
0.2312811023622047
20
0.9947681496062992
11
0.2308401968503937
21
0.9937037401574803
0
LINE
8
BLACK
6
CONTINUOUS
10
0.2308401968503937
20
0.9937037401574803
11
0.2300255511811024
21
0.992889094488189
0
LINE
8
BLACK
6
CONTINUOUS
10
0.2300255511811024
20
0.992889094488189
11
0.2289611417322835
21
0.9924481889763779
0
LINE
8
BLACK
6
CONTINUOUS
10
0.2289611417322835
20
0.9924481889763779
11
0.2283850787401575
21
0.9923914566929134
0
LINE
8
BLACK
6
CONTINUOUS
10
0.2283850787401575
20
0.9923914566929134
11
0.1983888188976378
21
0.9923914566929134
0
LINE
8
BLACK
6
CONTINUOUS
10
0.1983888188976378
20
0.9923914566929134
11
0.1978127559055118
21
0.9924481889763779
0
LINE
8
BLACK
6
CONTINUOUS
10
0.1978127559055118
20
0.9924481889763779
11
0.1967483464566929
21
0.992889094488189
0
LINE
8
BLACK
6
CONTINUOUS
10
0.1967483464566929
20
0.992889094488189
11
0.1959337007874016
21
0.9937037401574803
0
LINE
8
BLACK
6
CONTINUOUS
10
0.1959337007874016
20
0.9937037401574803
11
0.1954927952755905
21
0.9947681496062992
0
LINE
8
BLACK
6
CONTINUOUS
10
0.1954927952755905
20
0.9947681496062992
11
0.1954927952755905
21
0.9959202755905512
0
LINE
8
BLACK
6
CONTINUOUS
10
0.1954927952755905
20
0.9959202755905512
11
0.1959337007874016
21
0.9969846850393701
0
LINE
8
BLACK
6
CONTINUOUS
10
0.1959337007874016
20
0.9969846850393701
11
0.1967483464566929
21
0.9977993307086614
0
LINE
8
BLACK
6
CONTINUOUS
10
0.1967483464566929
20
0.9977993307086614
11
0.1978127559055118
21
0.9982402362204724
0
LINE
8
BLACK
6
CONTINUOUS
10
0.1978127559055118
20
0.9982402362204724
11
0.1983888188976378
21
0.998296968503937
0
LINE
8
BLACK
6
CONTINUOUS
10
0.1983888188976378
20
0.998296968503937
11
0.2283850787401575
21
0.998296968503937
0
LINE
8
BLACK
6
CONTINUOUS
10
0.2283850787401575
20
0.998296968503937
11
0.2289611417322835
21
0.9982402362204724
0
LINE
8
BLACK
6
CONTINUOUS
10
0.0677312598425197
20
1.0413598425196851
11
0.0687956692913386
21
1.040918937007874
0
LINE
8
BLACK
6
CONTINUOUS
10
0.0687956692913386
20
1.040918937007874
11
0.0696103149606299
21
1.0401042913385827
0
LINE
8
BLACK
6
CONTINUOUS
10
0.0696103149606299
20
1.0401042913385827
11
0.0700512204724409
21
1.0390398818897637
0
LINE
8
BLACK
6
CONTINUOUS
10
0.0700512204724409
20
1.0390398818897637
11
0.0701079527559055
21
1.0384638188976378
0
LINE
8
BLACK
6
CONTINUOUS
10
0.0701079527559055
20
1.0384638188976378
11
0.0701079527559055
21
0.9990937401574803
0
LINE
8
BLACK
6
CONTINUOUS
10
0.0701079527559055
20
0.9990937401574803
11
0.0700512204724409
21
0.9985176771653543
0
LINE
8
BLACK
6
CONTINUOUS
10
0.0700512204724409
20
0.9985176771653543
11
0.0696103149606299
21
0.9974532677165354
0
LINE
8
BLACK
6
CONTINUOUS
10
0.0696103149606299
20
0.9974532677165354
11
0.0687956692913386
21
0.9966386220472441
0
LINE
8
BLACK
6
CONTINUOUS
10
0.0687956692913386
20
0.9966386220472441
11
0.0677312598425197
21
0.9961977165354331
0
LINE
8
BLACK
6
CONTINUOUS
10
0.0677312598425197
20
0.9961977165354331
11
0.0671551968503937
21
0.9961409842519685
0
LINE
8
BLACK
6
CONTINUOUS
10
0.0671551968503937
20
0.9961409842519685
11
0.0521570866141732
21
0.9961409842519685
0
LINE
8
BLACK
6
CONTINUOUS
10
0.0521570866141732
20
0.9961409842519685
11
0.0515810236220472
21
0.9961977165354331
0
LINE
8
BLACK
6
CONTINUOUS
10
0.0515810236220472
20
0.9961977165354331
11
0.051483031496063
21
0.9962383070866142
0
LINE
8
BLACK
6
CONTINUOUS
10
0.051483031496063
20
0.9962383070866142
11
0.0513771653543307
21
0.9962458267716535
0
LINE
8
BLACK
6
CONTINUOUS
10
0.0513771653543307
20
0.9962458267716535
11
0.0508365748031496
21
0.9964527165354331
0
LINE
8
BLACK
6
CONTINUOUS
10
0.0508365748031496
20
0.9964527165354331
11
0.0470870472440945
21
0.9983274803149607
0
LINE
8
BLACK
6
CONTINUOUS
10
0.0470870472440945
20
0.9983274803149607
11
0.0468390157480315
21
0.9984835826771653
0
LINE
8
BLACK
6
CONTINUOUS
10
0.0468390157480315
20
0.9984835826771653
11
0.0467670866141732
21
0.9985133858267716
0
LINE
8
BLACK
6
CONTINUOUS
10
0.0467670866141732
20
0.9985133858267716
11
0.0466861023622047
21
0.998579842519685
0
LINE
8
BLACK
6
CONTINUOUS
10
0.0466861023622047
20
0.998579842519685
11
0.0465971653543307
21
0.9986358267716535
0
LINE
8
BLACK
6
CONTINUOUS
10
0.0465971653543307
20
0.9986358267716535
11
0.0465459448818898
21
0.9986948818897637
0
LINE
8
BLACK
6
CONTINUOUS
10
0.0465459448818898
20
0.9986948818897637
11
0.0463196062992126
21
0.9988806299212598
0
LINE
8
BLACK
6
CONTINUOUS
10
0.0463196062992126
20
0.9988806299212598
11
0.044444842519685
21
1.0007554330708661
0
LINE
8
BLACK
6
CONTINUOUS
10
0.044444842519685
20
1.0007554330708661
11
0.044259094488189
21
1.0009817716535432
0
LINE
8
BLACK
6
CONTINUOUS
10
0.044259094488189
20
1.0009817716535432
11
0.0442001181102362
21
1.0010329133858267
0
LINE
8
BLACK
6
CONTINUOUS
10
0.0442001181102362
20
1.0010329133858267
11
0.0441441338582677
21
1.0011218503937007
0
LINE
8
BLACK
6
CONTINUOUS
10
0.0441441338582677
20
1.0011218503937007
11
0.0440776377952756
21
1.0012028740157479
0
LINE
8
BLACK
6
CONTINUOUS
10
0.0440776377952756
20
1.0012028740157479
11
0.0440477952755906
21
1.0012749212598424
0
LINE
8
BLACK
6
CONTINUOUS
10
0.0440477952755906
20
1.0012749212598424
11
0.0438917716535433
21
1.0015227952755905
0
LINE
8
BLACK
6
CONTINUOUS
10
0.0438917716535433
20
1.0015227952755905
11
0.0420170078740157
21
1.0052723228346456
0
LINE
8
BLACK
6
CONTINUOUS
10
0.0420170078740157
20
1.0052723228346456
11
0.0418101181102362
21
1.0058129527559054
0
LINE
8
BLACK
6
CONTINUOUS
10
0.0418101181102362
20
1.0058129527559054
11
0.0418025984251968
21
1.005918779527559
0
LINE
8
BLACK
6
CONTINUOUS
10
0.0418025984251968
20
1.005918779527559
11
0.0417620078740157
21
1.0060167716535433
0
LINE
8
BLACK
6
CONTINUOUS
10
0.0417620078740157
20
1.0060167716535433
11
0.0417052755905512
21
1.0065928346456692
0
LINE
8
BLACK
6
CONTINUOUS
10
0.0417052755905512
20
1.0065928346456692
11
0.0417052755905512
21
1.0122171259842518
0
LINE
8
BLACK
6
CONTINUOUS
10
0.0417052755905512
20
1.0122171259842518
11
0.0417620078740157
21
1.0127931889763779
0
LINE
8
BLACK
6
CONTINUOUS
10
0.0417620078740157
20
1.0127931889763779
11
0.0418025984251968
21
1.012891220472441
0
LINE
8
BLACK
6
CONTINUOUS
10
0.0418025984251968
20
1.012891220472441
11
0.0418101181102362
21
1.0129970078740158
0
LINE
8
BLACK
6
CONTINUOUS
10
0.0418101181102362
20
1.0129970078740158
11
0.0420170078740157
21
1.0135376377952756
0
LINE
8
BLACK
6
CONTINUOUS
10
0.0420170078740157
20
1.0135376377952756
11
0.0438917716535433
21
1.0172871653543307
0
LINE
8
BLACK
6
CONTINUOUS
10
0.0438917716535433
20
1.0172871653543307
11
0.0440478346456693
21
1.0175351968503936
0
LINE
8
BLACK
6
CONTINUOUS
10
0.0440478346456693
20
1.0175351968503936
11
0.0440776771653543
21
1.0176071259842518
0
LINE
8
BLACK
6
CONTINUOUS
10
0.0440776771653543
20
1.0176071259842518
11
0.0441441338582677
21
1.0176881102362205
0
LINE
8
BLACK
6
CONTINUOUS
10
0.0441441338582677
20
1.0176881102362205
11
0.0442001181102362
21
1.0177770472440946
0
LINE
8
BLACK
6
CONTINUOUS
10
0.0442001181102362
20
1.0177770472440946
11
0.044259094488189
21
1.0178282283464566
0
LINE
8
BLACK
6
CONTINUOUS
10
0.044259094488189
20
1.0178282283464566
11
0.0444448818897638
21
1.0180545669291339
0
LINE
8
BLACK
6
CONTINUOUS
10
0.0444448818897638
20
1.0180545669291339
11
0.0463196456692913
21
1.0199293307086614
0
LINE
8
BLACK
6
CONTINUOUS
10
0.0463196456692913
20
1.0199293307086614
11
0.0467670866141732
21
1.0202965354330709
0
LINE
8
BLACK
6
CONTINUOUS
10
0.0467670866141732
20
1.0202965354330709
11
0.0468650393700787
21
1.020337125984252
0
LINE
8
BLACK
6
CONTINUOUS
10
0.0468650393700787
20
1.020337125984252
11
0.0469452362204724
21
1.0204066535433072
0
LINE
8
BLACK
6
CONTINUOUS
10
0.0469452362204724
20
1.0204066535433072
11
0.047184094488189
21
1.0205133464566929
0
LINE
8
BLACK
6
CONTINUOUS
10
0.047184094488189
20
1.0205133464566929
11
0.0463196456692913
21
1.0213777952755905
0
LINE
8
BLACK
6
CONTINUOUS
10
0.0463196456692913
20
1.0213777952755905
11
0.0461338582677165
21
1.0216041732283465
0
LINE
8
BLACK
6
CONTINUOUS
10
0.0461338582677165
20
1.0216041732283465
11
0.0460748818897638
21
1.02165531496063
0
LINE
8
BLACK
6
CONTINUOUS
10
0.0460748818897638
20
1.02165531496063
11
0.0460188976377953
21
1.0217442913385826
0
LINE
8
BLACK
6
CONTINUOUS
10
0.0460188976377953
20
1.0217442913385826
11
0.0459524409448819
21
1.0218252362204725
0
LINE
8
BLACK
6
CONTINUOUS
10
0.0459524409448819
20
1.0218252362204725
11
0.0459225984251969
21
1.0218972047244095
0
LINE
8
BLACK
6
CONTINUOUS
10
0.0459225984251969
20
1.0218972047244095
11
0.0457665354330709
21
1.0221451968503936
0
LINE
8
BLACK
6
CONTINUOUS
10
0.0457665354330709
20
1.0221451968503936
11
0.0438917716535433
21
1.0258947244094487
0
LINE
8
BLACK
6
CONTINUOUS
10
0.0438917716535433
20
1.0258947244094487
11
0.0436848818897638
21
1.0264353543307085
0
LINE
8
BLACK
6
CONTINUOUS
10
0.0436848818897638
20
1.0264353543307085
11
0.0436773622047244
21
1.0265411811023621
0
LINE
8
BLACK
6
CONTINUOUS
10
0.0436773622047244
20
1.0265411811023621
11
0.0436367716535433
21
1.0266391732283464
0
LINE
8
BLACK
6
CONTINUOUS
10
0.0436367716535433
20
1.0266391732283464
11
0.0435800393700787
21
1.0272152362204725
0
LINE
8
BLACK
6
CONTINUOUS
10
0.0435800393700787
20
1.0272152362204725
11
0.0435800393700787
21
1.0309647637795276
0
LINE
8
BLACK
6
CONTINUOUS
10
0.0435800393700787
20
1.0309647637795276
11
0.0436367716535433
21
1.0315408267716535
0
LINE
8
BLACK
6
CONTINUOUS
10
0.0436367716535433
20
1.0315408267716535
11
0.0436773622047244
21
1.0316388582677165
0
LINE
8
BLACK
6
CONTINUOUS
10
0.0436773622047244
20
1.0316388582677165
11
0.0436848818897638
21
1.0317446456692914
0
LINE
8
BLACK
6
CONTINUOUS
10
0.0436848818897638
20
1.0317446456692914
11
0.0438917716535433
21
1.0322852755905512
0
LINE
8
BLACK
6
CONTINUOUS
10
0.0438917716535433
20
1.0322852755905512
11
0.0457665354330709
21
1.0360348031496063
0
LINE
8
BLACK
6
CONTINUOUS
10
0.0457665354330709
20
1.0360348031496063
11
0.0459225984251969
21
1.0362828346456692
0
LINE
8
BLACK
6
CONTINUOUS
10
0.0459225984251969
20
1.0362828346456692
11
0.0459524409448819
21
1.0363547637795276
0
LINE
8
BLACK
6
CONTINUOUS
10
0.0459524409448819
20
1.0363547637795276
11
0.0460188976377953
21
1.0364357480314961
0
LINE
8
BLACK
6
CONTINUOUS
10
0.0460188976377953
20
1.0364357480314961
11
0.0460748818897638
21
1.0365246850393701
0
LINE
8
BLACK
6
CONTINUOUS
10
0.0460748818897638
20
1.0365246850393701
11
0.0461338582677165
21
1.0365758661417324
0
LINE
8
BLACK
6
CONTINUOUS
10
0.0461338582677165
20
1.0365758661417324
11
0.0463196456692913
21
1.0368022047244094
0
LINE
8
BLACK
6
CONTINUOUS
10
0.0463196456692913
20
1.0368022047244094
11
0.0481944094488189
21
1.038676968503937
0
LINE
8
BLACK
6
CONTINUOUS
10
0.0481944094488189
20
1.038676968503937
11
0.0484207480314961
21
1.0388627559055117
0
LINE
8
BLACK
6
CONTINUOUS
10
0.0484207480314961
20
1.0388627559055117
11
0.0484719291338583
21
1.0389217322834645
0
LINE
8
BLACK
6
CONTINUOUS
10
0.0484719291338583
20
1.0389217322834645
11
0.0485608661417323
21
1.038977716535433
0
LINE
8
BLACK
6
CONTINUOUS
10
0.0485608661417323
20
1.038977716535433
11
0.0486418503937008
21
1.0390441732283464
0
LINE
8
BLACK
6
CONTINUOUS
10
0.0486418503937008
20
1.0390441732283464
11
0.0487137795275591
21
1.0390740157480314
0
LINE
8
BLACK
6
CONTINUOUS
10
0.0487137795275591
20
1.0390740157480314
11
0.048961811023622
21
1.0392300787401574
0
LINE
8
BLACK
6
CONTINUOUS
10
0.048961811023622
20
1.0392300787401574
11
0.0527113385826772
21
1.0411048425196849
0
LINE
8
BLACK
6
CONTINUOUS
10
0.0527113385826772
20
1.0411048425196849
11
0.0532519291338583
21
1.0413117322834646
0
LINE
8
BLACK
6
CONTINUOUS
10
0.0532519291338583
20
1.0413117322834646
11
0.0533577952755905
21
1.0413192913385827
0
LINE
8
BLACK
6
CONTINUOUS
10
0.0533577952755905
20
1.0413192913385827
11
0.0534557874015748
21
1.0413598425196851
0
LINE
8
BLACK
6
CONTINUOUS
10
0.0534557874015748
20
1.0413598425196851
11
0.0540318503937008
21
1.0414165748031496
0
LINE
8
BLACK
6
CONTINUOUS
10
0.0540318503937008
20
1.0414165748031496
11
0.0671551968503937
21
1.0414165748031496
0
LINE
8
BLACK
6
CONTINUOUS
10
0.0671551968503937
20
1.0414165748031496
11
0.0677312598425197
21
1.0413598425196851
0
LINE
8
BLACK
6
CONTINUOUS
10
0.0500025984251969
20
1.0152606299212599
11
0.0489595275590551
21
1.0142175590551181
0
LINE
8
BLACK
6
CONTINUOUS
10
0.0489595275590551
20
1.0142175590551181
11
0.0476107874015748
21
1.0115200787401575
0
LINE
8
BLACK
6
CONTINUOUS
10
0.0476107874015748
20
1.0115200787401575
11
0.0476107874015748
21
1.0072898818897638
0
LINE
8
BLACK
6
CONTINUOUS
10
0.0476107874015748
20
1.0072898818897638
11
0.0489595275590551
21
1.0045924015748031
0
LINE
8
BLACK
6
CONTINUOUS
10
0.0489595275590551
20
1.0045924015748031
11
0.0501566535433071
21
1.0033952362204723
0
LINE
8
BLACK
6
CONTINUOUS
10
0.0501566535433071
20
1.0033952362204723
11
0.0528541338582677
21
1.002046496062992
0
LINE
8
BLACK
6
CONTINUOUS
10
0.0528541338582677
20
1.002046496062992
11
0.0642024409448819
21
1.002046496062992
0
LINE
8
BLACK
6
CONTINUOUS
10
0.0642024409448819
20
1.002046496062992
11
0.0642024409448819
21
1.0167634251968505
0
LINE
8
BLACK
6
CONTINUOUS
10
0.0642024409448819
20
1.0167634251968505
11
0.0545109842519685
21
1.0167634251968505
0
LINE
8
BLACK
6
CONTINUOUS
10
0.0545109842519685
20
1.0167634251968505
11
0.0500025984251969
21
1.0152606299212599
0
LINE
8
BLACK
6
CONTINUOUS
10
0.0520314173228346
20
1.0341623228346457
11
0.0508342913385827
21
1.0329651968503937
0
LINE
8
BLACK
6
CONTINUOUS
10
0.0508342913385827
20
1.0329651968503937
11
0.0494855511811024
21
1.030267716535433
0
LINE
8
BLACK
6
CONTINUOUS
10
0.0494855511811024
20
1.030267716535433
11
0.0494855511811024
21
1.0279122834645669
0
LINE
8
BLACK
6
CONTINUOUS
10
0.0494855511811024
20
1.0279122834645669
11
0.0508342913385827
21
1.0252148031496062
0
LINE
8
BLACK
6
CONTINUOUS
10
0.0508342913385827
20
1.0252148031496062
11
0.0520314173228346
21
1.0240176771653544
0
LINE
8
BLACK
6
CONTINUOUS
10
0.0520314173228346
20
1.0240176771653544
11
0.0547288976377953
21
1.0226689370078741
0
LINE
8
BLACK
6
CONTINUOUS
10
0.0547288976377953
20
1.0226689370078741
11
0.0642024409448819
21
1.0226689370078741
0
LINE
8
BLACK
6
CONTINUOUS
10
0.0642024409448819
20
1.0226689370078741
11
0.0642024409448819
21
1.035511062992126
0
LINE
8
BLACK
6
CONTINUOUS
10
0.0642024409448819
20
1.035511062992126
11
0.0547288976377953
21
1.035511062992126
0
LINE
8
BLACK
6
CONTINUOUS
10
0.0547288976377953
20
1.035511062992126
11
0.0520314173228346
21
1.0341623228346457
0
LINE
8
BLACK
6
CONTINUOUS
10
0.140847125984252
20
1.0413598425196851
11
0.1409451181102362
21
1.0413192519685039
0
LINE
8
BLACK
6
CONTINUOUS
10
0.1409451181102362
20
1.0413192519685039
11
0.1410509448818898
21
1.0413117322834646
0
LINE
8
BLACK
6
CONTINUOUS
10
0.1410509448818898
20
1.0413117322834646
11
0.1415915748031496
21
1.0411048425196849
0
LINE
8
BLACK
6
CONTINUOUS
10
0.1415915748031496
20
1.0411048425196849
11
0.1453411023622047
21
1.0392300787401574
0
LINE
8
BLACK
6
CONTINUOUS
10
0.1453411023622047
20
1.0392300787401574
11
0.145589094488189
21
1.0390740157480314
0
LINE
8
BLACK
6
CONTINUOUS
10
0.145589094488189
20
1.0390740157480314
11
0.145661062992126
21
1.0390441732283464
0
LINE
8
BLACK
6
CONTINUOUS
10
0.145661062992126
20
1.0390441732283464
11
0.1457420078740158
21
1.038977716535433
0
LINE
8
BLACK
6
CONTINUOUS
10
0.1457420078740158
20
1.038977716535433
11
0.1458309842519685
21
1.0389217322834645
0
LINE
8
BLACK
6
CONTINUOUS
10
0.1458309842519685
20
1.0389217322834645
11
0.145882125984252
21
1.0388627559055117
0
LINE
8
BLACK
6
CONTINUOUS
10
0.145882125984252
20
1.0388627559055117
11
0.1461085039370079
21
1.038676968503937
0
LINE
8
BLACK
6
CONTINUOUS
10
0.1461085039370079
20
1.038676968503937
11
0.149858031496063
21
1.0349274409448819
0
LINE
8
BLACK
6
CONTINUOUS
10
0.149858031496063
20
1.0349274409448819
11
0.1502252755905512
21
1.0344800000000001
0
LINE
8
BLACK
6
CONTINUOUS
10
0.1502252755905512
20
1.0344800000000001
11
0.1503092913385827
21
1.034277125984252
0
LINE
8
BLACK
6
CONTINUOUS
10
0.1503092913385827
20
1.034277125984252
11
0.1504399606299213
21
1.0341007874015749
0
LINE
8
BLACK
6
CONTINUOUS
10
0.1504399606299213
20
1.0341007874015749
11
0.1506347244094488
21
1.0335556692913386
0
LINE
8
BLACK
6
CONTINUOUS
10
0.1506347244094488
20
1.0335556692913386
11
0.1525094881889764
21
1.0260566141732284
0
LINE
8
BLACK
6
CONTINUOUS
10
0.1525094881889764
20
1.0260566141732284
11
0.1525242519685039
21
1.0259567716535434
0
LINE
8
BLACK
6
CONTINUOUS
10
0.1525242519685039
20
1.0259567716535434
11
0.152540905511811
21
1.0259165354330708
0
LINE
8
BLACK
6
CONTINUOUS
10
0.152540905511811
20
1.0259165354330708
11
0.1525622440944882
21
1.025699527559055
0
LINE
8
BLACK
6
CONTINUOUS
10
0.1525622440944882
20
1.025699527559055
11
0.1525941338582677
21
1.0254840157480314
0
LINE
8
BLACK
6
CONTINUOUS
10
0.1525941338582677
20
1.0254840157480314
11
0.1525877165354331
21
1.0254410236220473
0
LINE
8
BLACK
6
CONTINUOUS
10
0.1525877165354331
20
1.0254410236220473
11
0.1525976377952756
21
1.0253404724409449
0
LINE
8
BLACK
6
CONTINUOUS
10
0.1525976377952756
20
1.0253404724409449
11
0.1525976377952756
21
1.0122171259842518
0
LINE
8
BLACK
6
CONTINUOUS
10
0.1525976377952756
20
1.0122171259842518
11
0.1525877165354331
21
1.0121166141732283
0
LINE
8
BLACK
6
CONTINUOUS
10
0.1525877165354331
20
1.0121166141732283
11
0.1525941338582677
21
1.0120735826771654
0
LINE
8
BLACK
6
CONTINUOUS
10
0.1525941338582677
20
1.0120735826771654
11
0.1525622440944882
21
1.0118581102362205
0
LINE
8
BLACK
6
CONTINUOUS
10
0.1525622440944882
20
1.0118581102362205
11
0.152540905511811
21
1.011641062992126
0
LINE
8
BLACK
6
CONTINUOUS
10
0.152540905511811
20
1.011641062992126
11
0.1525242519685039
21
1.0116008661417322
0
LINE
8
BLACK
6
CONTINUOUS
10
0.1525242519685039
20
1.0116008661417322
11
0.1525094881889764
21
1.0115009842519684
0
LINE
8
BLACK
6
CONTINUOUS
10
0.1525094881889764
20
1.0115009842519684
11
0.1506347244094488
21
1.0040019291338582
0
LINE
8
BLACK
6
CONTINUOUS
10
0.1506347244094488
20
1.0040019291338582
11
0.1504399606299213
21
1.0034568110236219
0
LINE
8
BLACK
6
CONTINUOUS
10
0.1504399606299213
20
1.0034568110236219
11
0.1503092519685039
21
1.0032804724409448
0
LINE
8
BLACK
6
CONTINUOUS
10
0.1503092519685039
20
1.0032804724409448
11
0.1502252755905512
21
1.0030776377952755
0
LINE
8
BLACK
6
CONTINUOUS
10
0.1502252755905512
20
1.0030776377952755
11
0.1498580708661417
21
1.0026301968503937
0
LINE
8
BLACK
6
CONTINUOUS
10
0.1498580708661417
20
1.0026301968503937
11
0.1461085039370079
21
0.9988805905511811
0
LINE
8
BLACK
6
CONTINUOUS
10
0.1461085039370079
20
0.9988805905511811
11
0.145882125984252
21
0.998694842519685
0
LINE
8
BLACK
6
CONTINUOUS
10
0.145882125984252
20
0.998694842519685
11
0.1458309842519685
21
0.9986358267716535
0
LINE
8
BLACK
6
CONTINUOUS
10
0.1458309842519685
20
0.9986358267716535
11
0.1457420078740158
21
0.9985798818897638
0
LINE
8
BLACK
6
CONTINUOUS
10
0.1457420078740158
20
0.9985798818897638
11
0.145661062992126
21
0.9985133858267716
0
LINE
8
BLACK
6
CONTINUOUS
10
0.145661062992126
20
0.9985133858267716
11
0.145589094488189
21
0.9984835826771653
0
LINE
8
BLACK
6
CONTINUOUS
10
0.145589094488189
20
0.9984835826771653
11
0.1453411023622047
21
0.9983274803149607
0
LINE
8
BLACK
6
CONTINUOUS
10
0.1453411023622047
20
0.9983274803149607
11
0.1415915748031496
21
0.9964527165354331
0
LINE
8
BLACK
6
CONTINUOUS
10
0.1415915748031496
20
0.9964527165354331
11
0.1410509448818898
21
0.9962458267716535
0
LINE
8
BLACK
6
CONTINUOUS
10
0.1410509448818898
20
0.9962458267716535
11
0.1409451181102362
21
0.9962383464566928
0
LINE
8
BLACK
6
CONTINUOUS
10
0.1409451181102362
20
0.9962383464566928
11
0.140847125984252
21
0.9961977165354331
0
LINE
8
BLACK
6
CONTINUOUS
10
0.140847125984252
20
0.9961977165354331
11
0.140271062992126
21
0.9961409842519685
0
LINE
8
BLACK
6
CONTINUOUS
10
0.140271062992126
20
0.9961409842519685
11
0.1327720078740157
21
0.9961409842519685
0
LINE
8
BLACK
6
CONTINUOUS
10
0.1327720078740157
20
0.9961409842519685
11
0.1321959448818898
21
0.9961977165354331
0
LINE
8
BLACK
6
CONTINUOUS
10
0.1321959448818898
20
0.9961977165354331
11
0.1320979527559055
21
0.9962383070866142
0
LINE
8
BLACK
6
CONTINUOUS
10
0.1320979527559055
20
0.9962383070866142
11
0.1319920866141732
21
0.9962458267716535
0
LINE
8
BLACK
6
CONTINUOUS
10
0.1319920866141732
20
0.9962458267716535
11
0.1314514960629921
21
0.9964527165354331
0
LINE
8
BLACK
6
CONTINUOUS
10
0.1314514960629921
20
0.9964527165354331
11
0.127701968503937
21
0.9983274803149607
0
LINE
8
BLACK
6
CONTINUOUS
10
0.127701968503937
20
0.9983274803149607
11
0.1274541338582677
21
0.9984835039370078
0
LINE
8
BLACK
6
CONTINUOUS
10
0.1274541338582677
20
0.9984835039370078
11
0.1273820078740157
21
0.9985133464566929
0
LINE
8
BLACK
6
CONTINUOUS
10
0.1273820078740157
20
0.9985133464566929
11
0.1273008267716536
21
0.9985799606299213
0
LINE
8
BLACK
6
CONTINUOUS
10
0.1273008267716536
20
0.9985799606299213
11
0.1272120866141732
21
0.9986358267716535
0
LINE
8
BLACK
6
CONTINUOUS
10
0.1272120866141732
20
0.9986358267716535
11
0.1271609448818898
21
0.9986947637795275
0
LINE
8
BLACK
6
CONTINUOUS
10
0.1271609448818898
20
0.9986947637795275
11
0.1269345669291339
21
0.9988805905511811
0
LINE
8
BLACK
6
CONTINUOUS
10
0.1269345669291339
20
0.9988805905511811
11
0.1231850393700787
21
1.0026301574803149
0
LINE
8
BLACK
6
CONTINUOUS
10
0.1231850393700787
20
1.0026301574803149
11
0.1228177952755905
21
1.0030776377952755
0
LINE
8
BLACK
6
CONTINUOUS
10
0.1228177952755905
20
1.0030776377952755
11
0.1227337795275591
21
1.0032804724409448
0
LINE
8
BLACK
6
CONTINUOUS
10
0.1227337795275591
20
1.0032804724409448
11
0.1226031102362205
21
1.0034568110236219
0
LINE
8
BLACK
6
CONTINUOUS
10
0.1226031102362205
20
1.0034568110236219
11
0.1224083464566929
21
1.0040019291338582
0
LINE
8
BLACK
6
CONTINUOUS
10
0.1224083464566929
20
1.0040019291338582
11
0.1205335826771654
21
1.0115009842519684
0
LINE
8
BLACK
6
CONTINUOUS
10
0.1205335826771654
20
1.0115009842519684
11
0.1205187795275591
21
1.0116008661417322
0
LINE
8
BLACK
6
CONTINUOUS
10
0.1205187795275591
20
1.0116008661417322
11
0.1205021653543307
21
1.011641062992126
0
LINE
8
BLACK
6
CONTINUOUS
10
0.1205021653543307
20
1.011641062992126
11
0.1204807874015748
21
1.0118581102362205
0
LINE
8
BLACK
6
CONTINUOUS
10
0.1204807874015748
20
1.0118581102362205
11
0.120448937007874
21
1.0120735826771654
0
LINE
8
BLACK
6
CONTINUOUS
10
0.120448937007874
20
1.0120735826771654
11
0.1204553149606299
21
1.0121166141732283
0
LINE
8
BLACK
6
CONTINUOUS
10
0.1204553149606299
20
1.0121166141732283
11
0.1204454330708661
21
1.0122171259842518
0
LINE
8
BLACK
6
CONTINUOUS
10
0.1204454330708661
20
1.0122171259842518
11
0.1204454330708661
21
1.0253404724409449
0
LINE
8
BLACK
6
CONTINUOUS
10
0.1204454330708661
20
1.0253404724409449
11
0.1204553149606299
21
1.0254410236220473
0
LINE
8
BLACK
6
CONTINUOUS
10
0.1204553149606299
20
1.0254410236220473
11
0.120448937007874
21
1.0254840157480314
0
LINE
8
BLACK
6
CONTINUOUS
10
0.120448937007874
20
1.0254840157480314
11
0.1204807874015748
21
1.025699527559055
0
LINE
8
BLACK
6
CONTINUOUS
10
0.1204807874015748
20
1.025699527559055
11
0.1205021653543307
21
1.0259165354330708
0
LINE
8
BLACK
6
CONTINUOUS
10
0.1205021653543307
20
1.0259165354330708
11
0.1205187795275591
21
1.0259567716535434
0
LINE
8
BLACK
6
CONTINUOUS
10
0.1205187795275591
20
1.0259567716535434
11
0.1205335826771654
21
1.0260566141732284
0
LINE
8
BLACK
6
CONTINUOUS
10
0.1205335826771654
20
1.0260566141732284
11
0.1224083464566929
21
1.0335556692913386
0
LINE
8
BLACK
6
CONTINUOUS
10
0.1224083464566929
20
1.0335556692913386
11
0.1226031102362205
21
1.0341007874015749
0
LINE
8
BLACK
6
CONTINUOUS
10
0.1226031102362205
20
1.0341007874015749
11
0.1227338188976378
21
1.0342772440944881
0
LINE
8
BLACK
6
CONTINUOUS
10
0.1227338188976378
20
1.0342772440944881
11
0.1228178346456693
21
1.0344800000000001
0
LINE
8
BLACK
6
CONTINUOUS
10
0.1228178346456693
20
1.0344800000000001
11
0.1231850393700787
21
1.0349274409448819
0
LINE
8
BLACK
6
CONTINUOUS
10
0.1231850393700787
20
1.0349274409448819
11
0.1269345669291339
21
1.038676968503937
0
LINE
8
BLACK
6
CONTINUOUS
10
0.1269345669291339
20
1.038676968503937
11
0.1271609448818898
21
1.0388628346456692
0
LINE
8
BLACK
6
CONTINUOUS
10
0.1271609448818898
20
1.0388628346456692
11
0.1272120866141732
21
1.0389217322834645
0
LINE
8
BLACK
6
CONTINUOUS
10
0.1272120866141732
20
1.0389217322834645
11
0.1273008267716536
21
1.0389776377952755
0
LINE
8
BLACK
6
CONTINUOUS
10
0.1273008267716536
20
1.0389776377952755
11
0.1273820078740157
21
1.0390442125984252
0
LINE
8
BLACK
6
CONTINUOUS
10
0.1273820078740157
20
1.0390442125984252
11
0.1274541338582677
21
1.0390740944881889
0
LINE
8
BLACK
6
CONTINUOUS
10
0.1274541338582677
20
1.0390740944881889
11
0.127701968503937
21
1.0392300787401574
0
LINE
8
BLACK
6
CONTINUOUS
10
0.127701968503937
20
1.0392300787401574
11
0.1314514960629921
21
1.0411048425196849
0
LINE
8
BLACK
6
CONTINUOUS
10
0.1314514960629921
20
1.0411048425196849
11
0.1319920866141732
21
1.0413117322834646
0
LINE
8
BLACK
6
CONTINUOUS
10
0.1319920866141732
20
1.0413117322834646
11
0.1320979527559055
21
1.0413192913385827
0
LINE
8
BLACK
6
CONTINUOUS
10
0.1320979527559055
20
1.0413192913385827
11
0.1321959448818898
21
1.0413598425196851
0
LINE
8
BLACK
6
CONTINUOUS
10
0.1321959448818898
20
1.0413598425196851
11
0.1327720078740157
21
1.0414165748031496
0
LINE
8
BLACK
6
CONTINUOUS
10
0.1327720078740157
20
1.0414165748031496
11
0.140271062992126
21
1.0414165748031496
0
LINE
8
BLACK
6
CONTINUOUS
10
0.140271062992126
20
1.0414165748031496
11
0.140847125984252
21
1.0413598425196851
0
LINE
8
BLACK
6
CONTINUOUS
10
0.1307715748031496
20
1.0341623228346457
11
0.1279391732283464
21
1.0313299606299213
0
LINE
8
BLACK
6
CONTINUOUS
10
0.1279391732283464
20
1.0313299606299213
11
0.1263509448818897
21
1.0249769291338582
0
LINE
8
BLACK
6
CONTINUOUS
10
0.1263509448818897
20
1.0249769291338582
11
0.1263509448818897
21
1.0125806692913386
0
LINE
8
BLACK
6
CONTINUOUS
10
0.1263509448818897
20
1.0125806692913386
11
0.1279391732283464
21
1.0062276771653542
0
LINE
8
BLACK
6
CONTINUOUS
10
0.1279391732283464
20
1.0062276771653542
11
0.1307715748031496
21
1.0033952362204723
0
LINE
8
BLACK
6
CONTINUOUS
10
0.1307715748031496
20
1.0033952362204723
11
0.1334690551181102
21
1.002046496062992
0
LINE
8
BLACK
6
CONTINUOUS
10
0.1334690551181102
20
1.002046496062992
11
0.1395740157480315
21
1.002046496062992
0
LINE
8
BLACK
6
CONTINUOUS
10
0.1395740157480315
20
1.002046496062992
11
0.1422714566929134
21
1.0033952362204723
0
LINE
8
BLACK
6
CONTINUOUS
10
0.1422714566929134
20
1.0033952362204723
11
0.1451038582677165
21
1.0062276771653542
0
LINE
8
BLACK
6
CONTINUOUS
10
0.1451038582677165
20
1.0062276771653542
11
0.146692125984252
21
1.0125806692913386
0
LINE
8
BLACK
6
CONTINUOUS
10
0.146692125984252
20
1.0125806692913386
11
0.146692125984252
21
1.0249769291338582
0
LINE
8
BLACK
6
CONTINUOUS
10
0.146692125984252
20
1.0249769291338582
11
0.1451038582677165
21
1.0313299606299213
0
LINE
8
BLACK
6
CONTINUOUS
10
0.1451038582677165
20
1.0313299606299213
11
0.1422714960629921
21
1.0341623228346457
0
LINE
8
BLACK
6
CONTINUOUS
10
0.1422714960629921
20
1.0341623228346457
11
0.1395740157480315
21
1.035511062992126
0
LINE
8
BLACK
6
CONTINUOUS
10
0.1395740157480315
20
1.035511062992126
11
0.1334690551181102
21
1.035511062992126
0
LINE
8
BLACK
6
CONTINUOUS
10
0.1334690551181102
20
1.035511062992126
11
0.1307715748031496
21
1.0341623228346457
0
LINE
8
BLACK
6
CONTINUOUS
10
0.3339479921259842
20
1.0413598425196851
11
0.3340459842519685
21
1.0413192519685039
0
LINE
8
BLACK
6
CONTINUOUS
10
0.3340459842519685
20
1.0413192519685039
11
0.334151811023622
21
1.0413117322834646
0
LINE
8
BLACK
6
CONTINUOUS
10
0.334151811023622
20
1.0413117322834646
11
0.3346924409448819
21
1.0411048425196849
0
LINE
8
BLACK
6
CONTINUOUS
10
0.3346924409448819
20
1.0411048425196849
11
0.338441968503937
21
1.0392300787401574
0
LINE
8
BLACK
6
CONTINUOUS
10
0.338441968503937
20
1.0392300787401574
11
0.3386899606299212
21
1.0390740157480314
0
LINE
8
BLACK
6
CONTINUOUS
10
0.3386899606299212
20
1.0390740157480314
11
0.3387619291338583
21
1.0390441732283464
0
LINE
8
BLACK
6
CONTINUOUS
10
0.3387619291338583
20
1.0390441732283464
11
0.338842874015748
21
1.038977716535433
0
LINE
8
BLACK
6
CONTINUOUS
10
0.338842874015748
20
1.038977716535433
11
0.3389318503937008
21
1.0389217322834645
0
LINE
8
BLACK
6
CONTINUOUS
10
0.3389318503937008
20
1.0389217322834645
11
0.3389829921259843
21
1.0388627559055117
0
LINE
8
BLACK
6
CONTINUOUS
10
0.3389829921259843
20
1.0388627559055117
11
0.3392093700787401
21
1.038676968503937
0
LINE
8
BLACK
6
CONTINUOUS
10
0.3392093700787401
20
1.038676968503937
11
0.3410841338582677
21
1.0368022047244094
0
LINE
8
BLACK
6
CONTINUOUS
10
0.3410841338582677
20
1.0368022047244094
11
0.3412698818897638
21
1.0365758661417324
0
LINE
8
BLACK
6
CONTINUOUS
10
0.3412698818897638
20
1.0365758661417324
11
0.3413288976377953
21
1.0365246850393701
0
LINE
8
BLACK
6
CONTINUOUS
10
0.3413288976377953
20
1.0365246850393701
11
0.341384842519685
21
1.0364357480314961
0
LINE
8
BLACK
6
CONTINUOUS
10
0.341384842519685
20
1.0364357480314961
11
0.3414513385826772
21
1.0363547637795276
0
LINE
8
BLACK
6
CONTINUOUS
10
0.3414513385826772
20
1.0363547637795276
11
0.3414811417322834
21
1.0362828346456692
0
LINE
8
BLACK
6
CONTINUOUS
10
0.3414811417322834
20
1.0362828346456692
11
0.3416372440944882
21
1.0360348031496063
0
LINE
8
BLACK
6
CONTINUOUS
10
0.3416372440944882
20
1.0360348031496063
11
0.3435120078740158
21
1.0322852755905512
0
LINE
8
BLACK
6
CONTINUOUS
10
0.3435120078740158
20
1.0322852755905512
11
0.3435281102362205
21
1.0322431889763779
0
LINE
8
BLACK
6
CONTINUOUS
10
0.3435281102362205
20
1.0322431889763779
11
0.3435408267716535
21
1.0322260236220473
0
LINE
8
BLACK
6
CONTINUOUS
10
0.3435408267716535
20
1.0322260236220473
11
0.3436271259842519
21
1.0319844488188976
0
LINE
8
BLACK
6
CONTINUOUS
10
0.3436271259842519
20
1.0319844488188976
11
0.3437188976377953
21
1.0317446850393701
0
LINE
8
BLACK
6
CONTINUOUS
10
0.3437188976377953
20
1.0317446850393701
11
0.3437203937007874
21
1.0317234251968503
0
LINE
8
BLACK
6
CONTINUOUS
10
0.3437203937007874
20
1.0317234251968503
11
0.3437355905511811
21
1.031680905511811
0
LINE
8
BLACK
6
CONTINUOUS
10
0.3437355905511811
20
1.031680905511811
11
0.3456103543307086
21
1.0241818503937008
0
LINE
8
BLACK
6
CONTINUOUS
10
0.3456103543307086
20
1.0241818503937008
11
0.3456251181102362
21
1.0240820078740158
0
LINE
8
BLACK
6
CONTINUOUS
10
0.3456251181102362
20
1.0240820078740158
11
0.3456417716535433
21
1.0240417716535433
0
LINE
8
BLACK
6
CONTINUOUS
10
0.3456417716535433
20
1.0240417716535433
11
0.3456631102362205
21
1.0238247637795275
0
LINE
8
BLACK
6
CONTINUOUS
10
0.3456631102362205
20
1.0238247637795275
11
0.345695
21
1.0236092519685038
0
LINE
8
BLACK
6
CONTINUOUS
10
0.345695
20
1.0236092519685038
11
0.3456885826771653
21
1.0235662598425197
0
LINE
8
BLACK
6
CONTINUOUS
10
0.3456885826771653
20
1.0235662598425197
11
0.3456985039370079
21
1.0234657086614174
0
LINE
8
BLACK
6
CONTINUOUS
10
0.3456985039370079
20
1.0234657086614174
11
0.3456985039370079
21
1.0140918897637794
0
LINE
8
BLACK
6
CONTINUOUS
10
0.3456985039370079
20
1.0140918897637794
11
0.3456885826771653
21
1.0139913779527558
0
LINE
8
BLACK
6
CONTINUOUS
10
0.3456885826771653
20
1.0139913779527558
11
0.345695
21
1.013948346456693
0
LINE
8
BLACK
6
CONTINUOUS
10
0.345695
20
1.013948346456693
11
0.3456631102362205
21
1.0137328740157481
0
LINE
8
BLACK
6
CONTINUOUS
10
0.3456631102362205
20
1.0137328740157481
11
0.3456417716535433
21
1.0135158267716535
0
LINE
8
BLACK
6
CONTINUOUS
10
0.3456417716535433
20
1.0135158267716535
11
0.3456251181102362
21
1.0134756299212597
0
LINE
8
BLACK
6
CONTINUOUS
10
0.3456251181102362
20
1.0134756299212597
11
0.3456103543307086
21
1.013375748031496
0
LINE
8
BLACK
6
CONTINUOUS
10
0.3456103543307086
20
1.013375748031496
11
0.3437355905511811
21
1.0058766929133858
0
LINE
8
BLACK
6
CONTINUOUS
10
0.3437355905511811
20
1.0058766929133858
11
0.3437203937007874
21
1.0058342125984252
0
LINE
8
BLACK
6
CONTINUOUS
10
0.3437203937007874
20
1.0058342125984252
11
0.3437188976377953
21
1.0058129133858267
0
LINE
8
BLACK
6
CONTINUOUS
10
0.3437188976377953
20
1.0058129133858267
11
0.3436271259842519
21
1.0055731889763779
0
LINE
8
BLACK
6
CONTINUOUS
10
0.3436271259842519
20
1.0055731889763779
11
0.3435408267716535
21
1.0053315748031495
0
LINE
8
BLACK
6
CONTINUOUS
10
0.3435408267716535
20
1.0053315748031495
11
0.3435281102362205
21
1.0053144488188976
0
LINE
8
BLACK
6
CONTINUOUS
10
0.3435281102362205
20
1.0053144488188976
11
0.3435120078740158
21
1.0052723228346456
0
LINE
8
BLACK
6
CONTINUOUS
10
0.3435120078740158
20
1.0052723228346456
11
0.3416372440944882
21
1.0015227952755905
0
LINE
8
BLACK
6
CONTINUOUS
10
0.3416372440944882
20
1.0015227952755905
11
0.3414811811023622
21
1.0012749212598424
0
LINE
8
BLACK
6
CONTINUOUS
10
0.3414811811023622
20
1.0012749212598424
11
0.3414513779527559
21
1.0012028740157479
0
LINE
8
BLACK
6
CONTINUOUS
10
0.3414513779527559
20
1.0012028740157479
11
0.341384842519685
21
1.0011218503937007
0
LINE
8
BLACK
6
CONTINUOUS
10
0.341384842519685
20
1.0011218503937007
11
0.3413288976377953
21
1.0010329133858267
0
LINE
8
BLACK
6
CONTINUOUS
10
0.3413288976377953
20
1.0010329133858267
11
0.3412698818897638
21
1.0009817716535432
0
LINE
8
BLACK
6
CONTINUOUS
10
0.3412698818897638
20
1.0009817716535432
11
0.3410841338582677
21
1.0007553937007874
0
LINE
8
BLACK
6
CONTINUOUS
10
0.3410841338582677
20
1.0007553937007874
11
0.3392094094488189
21
0.9988806299212598
0
LINE
8
BLACK
6
CONTINUOUS
10
0.3392094094488189
20
0.9988806299212598
11
0.338983031496063
21
0.9986948818897637
0
LINE
8
BLACK
6
CONTINUOUS
10
0.338983031496063
20
0.9986948818897637
11
0.3389318503937008
21
0.9986358267716535
0
LINE
8
BLACK
6
CONTINUOUS
10
0.3389318503937008
20
0.9986358267716535
11
0.338842874015748
21
0.998579842519685
0
LINE
8
BLACK
6
CONTINUOUS
10
0.338842874015748
20
0.998579842519685
11
0.3387619291338583
21
0.9985133858267716
0
LINE
8
BLACK
6
CONTINUOUS
10
0.3387619291338583
20
0.9985133858267716
11
0.3386899606299212
21
0.9984835826771653
0
LINE
8
BLACK
6
CONTINUOUS
10
0.3386899606299212
20
0.9984835826771653
11
0.338441968503937
21
0.9983274803149607
0
LINE
8
BLACK
6
CONTINUOUS
10
0.338441968503937
20
0.9983274803149607
11
0.3346924409448819
21
0.9964527165354331
0
LINE
8
BLACK
6
CONTINUOUS
10
0.3346924409448819
20
0.9964527165354331
11
0.334151811023622
21
0.9962458267716535
0
LINE
8
BLACK
6
CONTINUOUS
10
0.334151811023622
20
0.9962458267716535
11
0.3340459842519685
21
0.9962383464566928
0
LINE
8
BLACK
6
CONTINUOUS
10
0.3340459842519685
20
0.9962383464566928
11
0.3339479921259842
21
0.9961977165354331
0
LINE
8
BLACK
6
CONTINUOUS
10
0.3339479921259842
20
0.9961977165354331
11
0.3333719291338583
21
0.9961409842519685
0
LINE
8
BLACK
6
CONTINUOUS
10
0.3333719291338583
20
0.9961409842519685
11
0.3296224015748032
21
0.9961409842519685
0
LINE
8
BLACK
6
CONTINUOUS
10
0.3296224015748032
20
0.9961409842519685
11
0.3290463385826772
21
0.9961977165354331
0
LINE
8
BLACK
6
CONTINUOUS
10
0.3290463385826772
20
0.9961977165354331
11
0.3289483464566929
21
0.9962383070866142
0
LINE
8
BLACK
6
CONTINUOUS
10
0.3289483464566929
20
0.9962383070866142
11
0.3288424803149606
21
0.9962458267716535
0
LINE
8
BLACK
6
CONTINUOUS
10
0.3288424803149606
20
0.9962458267716535
11
0.3283018897637795
21
0.9964527165354331
0
LINE
8
BLACK
6
CONTINUOUS
10
0.3283018897637795
20
0.9964527165354331
11
0.3245523622047244
21
0.9983274803149607
0
LINE
8
BLACK
6
CONTINUOUS
10
0.3245523622047244
20
0.9983274803149607
11
0.3243043307086614
21
0.9984835826771653
0
LINE
8
BLACK
6
CONTINUOUS
10
0.3243043307086614
20
0.9984835826771653
11
0.3242324015748032
21
0.9985133858267716
0
LINE
8
BLACK
6
CONTINUOUS
10
0.3242324015748032
20
0.9985133858267716
11
0.3241514173228346
21
0.998579842519685
0
LINE
8
BLACK
6
CONTINUOUS
10
0.3241514173228346
20
0.998579842519685
11
0.3240624803149606
21
0.9986358267716535
0
LINE
8
BLACK
6
CONTINUOUS
10
0.3240624803149606
20
0.9986358267716535
11
0.3240112598425197
21
0.9986948818897637
0
LINE
8
BLACK
6
CONTINUOUS
10
0.3240112598425197
20
0.9986948818897637
11
0.3237849212598425
21
0.9988806299212598
0
LINE
8
BLACK
6
CONTINUOUS
10
0.3237849212598425
20
0.9988806299212598
11
0.3219101574803149
21
1.0007554330708661
0
LINE
8
BLACK
6
CONTINUOUS
10
0.3219101574803149
20
1.0007554330708661
11
0.3217244094488189
21
1.0009817716535432
0
LINE
8
BLACK
6
CONTINUOUS
10
0.3217244094488189
20
1.0009817716535432
11
0.3216654330708661
21
1.0010329133858267
0
LINE
8
BLACK
6
CONTINUOUS
10
0.3216654330708661
20
1.0010329133858267
11
0.3216094488188976
21
1.0011218503937007
0
LINE
8
BLACK
6
CONTINUOUS
10
0.3216094488188976
20
1.0011218503937007
11
0.3215429527559055
21
1.0012028740157479
0
LINE
8
BLACK
6
CONTINUOUS
10
0.3215429527559055
20
1.0012028740157479
11
0.3215131102362205
21
1.0012749212598424
0
LINE
8
BLACK
6
CONTINUOUS
10
0.3215131102362205
20
1.0012749212598424
11
0.3213570866141732
21
1.0015227952755905
0
LINE
8
BLACK
6
CONTINUOUS
10
0.3213570866141732
20
1.0015227952755905
11
0.3194823228346457
21
1.0052723228346456
0
LINE
8
BLACK
6
CONTINUOUS
10
0.3194823228346457
20
1.0052723228346456
11
0.3194661811023622
21
1.0053144488188976
0
LINE
8
BLACK
6
CONTINUOUS
10
0.3194661811023622
20
1.0053144488188976
11
0.3194535039370079
21
1.0053315748031495
0
LINE
8
BLACK
6
CONTINUOUS
10
0.3194535039370079
20
1.0053315748031495
11
0.3193670472440945
21
1.0055735433070865
0
LINE
8
BLACK
6
CONTINUOUS
10
0.3193670472440945
20
1.0055735433070865
11
0.3192754330708661
21
1.0058129527559054
0
LINE
8
BLACK
6
CONTINUOUS
10
0.3192754330708661
20
1.0058129527559054
11
0.3192738976377953
21
1.0058342125984252
0
LINE
8
BLACK
6
CONTINUOUS
10
0.3192738976377953
20
1.0058342125984252
11
0.3192587401574803
21
1.0058766929133858
0
LINE
8
BLACK
6
CONTINUOUS
10
0.3192587401574803
20
1.0058766929133858
11
0.3173839763779527
21
1.013375748031496
0
LINE
8
BLACK
6
CONTINUOUS
10
0.3173839763779527
20
1.013375748031496
11
0.3173691732283465
21
1.0134756299212597
0
LINE
8
BLACK
6
CONTINUOUS
10
0.3173691732283465
20
1.0134756299212597
11
0.3173525590551181
21
1.0135158267716535
0
LINE
8
BLACK
6
CONTINUOUS
10
0.3173525590551181
20
1.0135158267716535
11
0.3173311811023622
21
1.0137328740157481
0
LINE
8
BLACK
6
CONTINUOUS
10
0.3173311811023622
20
1.0137328740157481
11
0.3172993307086614
21
1.013948346456693
0
LINE
8
BLACK
6
CONTINUOUS
10
0.3172993307086614
20
1.013948346456693
11
0.3173057086614173
21
1.0139913779527558
0
LINE
8
BLACK
6
CONTINUOUS
10
0.3173057086614173
20
1.0139913779527558
11
0.3172958267716535
21
1.0140918897637794
0
LINE
8
BLACK
6
CONTINUOUS
10
0.3172958267716535
20
1.0140918897637794
11
0.3172958267716535
21
1.0234657086614174
0
LINE
8
BLACK
6
CONTINUOUS
10
0.3172958267716535
20
1.0234657086614174
11
0.3173057086614173
21
1.0235662598425197
0
LINE
8
BLACK
6
CONTINUOUS
10
0.3173057086614173
20
1.0235662598425197
11
0.3172993307086614
21
1.0236092519685038
0
LINE
8
BLACK
6
CONTINUOUS
10
0.3172993307086614
20
1.0236092519685038
11
0.3173311811023622
21
1.0238247637795275
0
LINE
8
BLACK
6
CONTINUOUS
10
0.3173311811023622
20
1.0238247637795275
11
0.3173525590551181
21
1.0240417716535433
0
LINE
8
BLACK
6
CONTINUOUS
10
0.3173525590551181
20
1.0240417716535433
11
0.3173691732283465
21
1.0240820078740158
0
LINE
8
BLACK
6
CONTINUOUS
10
0.3173691732283465
20
1.0240820078740158
11
0.3173839763779527
21
1.0241818503937008
0
LINE
8
BLACK
6
CONTINUOUS
10
0.3173839763779527
20
1.0241818503937008
11
0.3192587401574803
21
1.031680905511811
0
LINE
8
BLACK
6
CONTINUOUS
10
0.3192587401574803
20
1.031680905511811
11
0.3192738976377953
21
1.0317234251968503
0
LINE
8
BLACK
6
CONTINUOUS
10
0.3192738976377953
20
1.0317234251968503
11
0.3192754330708661
21
1.0317446456692914
0
LINE
8
BLACK
6
CONTINUOUS
10
0.3192754330708661
20
1.0317446456692914
11
0.3193670472440945
21
1.0319840944881891
0
LINE
8
BLACK
6
CONTINUOUS
10
0.3193670472440945
20
1.0319840944881891
11
0.3194535039370079
21
1.0322260236220473
0
LINE
8
BLACK
6
CONTINUOUS
10
0.3194535039370079
20
1.0322260236220473
11
0.3194661811023622
21
1.0322431889763779
0
LINE
8
BLACK
6
CONTINUOUS
10
0.3194661811023622
20
1.0322431889763779
11
0.3194823228346457
21
1.0322852755905512
0
LINE
8
BLACK
6
CONTINUOUS
10
0.3194823228346457
20
1.0322852755905512
11
0.3213570866141732
21
1.0360348031496063
0
LINE
8
BLACK
6
CONTINUOUS
10
0.3213570866141732
20
1.0360348031496063
11
0.3215131496062992
21
1.0362828346456692
0
LINE
8
BLACK
6
CONTINUOUS
10
0.3215131496062992
20
1.0362828346456692
11
0.3215429921259843
21
1.0363547637795276
0
LINE
8
BLACK
6
CONTINUOUS
10
0.3215429921259843
20
1.0363547637795276
11
0.3216094488188976
21
1.0364357480314961
0
LINE
8
BLACK
6
CONTINUOUS
10
0.3216094488188976
20
1.0364357480314961
11
0.3216654330708661
21
1.0365246850393701
0
LINE
8
BLACK
6
CONTINUOUS
10
0.3216654330708661
20
1.0365246850393701
11
0.3217244094488189
21
1.0365758661417324
0
LINE
8
BLACK
6
CONTINUOUS
10
0.3217244094488189
20
1.0365758661417324
11
0.3219101968503937
21
1.0368022047244094
0
LINE
8
BLACK
6
CONTINUOUS
10
0.3219101968503937
20
1.0368022047244094
11
0.3237849606299212
21
1.038676968503937
0
LINE
8
BLACK
6
CONTINUOUS
10
0.3237849606299212
20
1.038676968503937
11
0.3240112992125984
21
1.0388627559055117
0
LINE
8
BLACK
6
CONTINUOUS
10
0.3240112992125984
20
1.0388627559055117
11
0.3240624803149606
21
1.0389217322834645
0
LINE
8
BLACK
6
CONTINUOUS
10
0.3240624803149606
20
1.0389217322834645
11
0.3241514173228346
21
1.038977716535433
0
LINE
8
BLACK
6
CONTINUOUS
10
0.3241514173228346
20
1.038977716535433
11
0.3242324015748032
21
1.0390441732283464
0
LINE
8
BLACK
6
CONTINUOUS
10
0.3242324015748032
20
1.0390441732283464
11
0.3243043307086614
21
1.0390740157480314
0
LINE
8
BLACK
6
CONTINUOUS
10
0.3243043307086614
20
1.0390740157480314
11
0.3245523622047244
21
1.0392300787401574
0
LINE
8
BLACK
6
CONTINUOUS
10
0.3245523622047244
20
1.0392300787401574
11
0.3283018897637795
21
1.0411048425196849
0
LINE
8
BLACK
6
CONTINUOUS
10
0.3283018897637795
20
1.0411048425196849
11
0.3288424803149606
21
1.0413117322834646
0
LINE
8
BLACK
6
CONTINUOUS
10
0.3288424803149606
20
1.0413117322834646
11
0.3289483464566929
21
1.0413192913385827
0
LINE
8
BLACK
6
CONTINUOUS
10
0.3289483464566929
20
1.0413192913385827
11
0.3290463385826772
21
1.0413598425196851
0
LINE
8
BLACK
6
CONTINUOUS
10
0.3290463385826772
20
1.0413598425196851
11
0.3296224015748032
21
1.0414165748031496
0
LINE
8
BLACK
6
CONTINUOUS
10
0.3296224015748032
20
1.0414165748031496
11
0.3333719291338583
21
1.0414165748031496
0
LINE
8
BLACK
6
CONTINUOUS
10
0.3333719291338583
20
1.0414165748031496
11
0.3339479921259842
21
1.0413598425196851
0
LINE
8
BLACK
6
CONTINUOUS
10
0.327621968503937
20
1.0341623228346457
11
0.326424842519685
21
1.0329651968503937
0
LINE
8
BLACK
6
CONTINUOUS
10
0.326424842519685
20
1.0329651968503937
11
0.3249093307086614
21
1.0299342125984252
0
LINE
8
BLACK
6
CONTINUOUS
10
0.3249093307086614
20
1.0299342125984252
11
0.3232013385826771
21
1.0231021653543306
0
LINE
8
BLACK
6
CONTINUOUS
10
0.3232013385826771
20
1.0231021653543306
11
0.3232013385826771
21
1.0144554330708662
0
LINE
8
BLACK
6
CONTINUOUS
10
0.3232013385826771
20
1.0144554330708662
11
0.3249093307086614
21
1.0076233858267716
0
LINE
8
BLACK
6
CONTINUOUS
10
0.3249093307086614
20
1.0076233858267716
11
0.326424842519685
21
1.0045924015748031
0
LINE
8
BLACK
6
CONTINUOUS
10
0.326424842519685
20
1.0045924015748031
11
0.327621968503937
21
1.0033952362204723
0
LINE
8
BLACK
6
CONTINUOUS
10
0.327621968503937
20
1.0033952362204723
11
0.3303194488188976
21
1.002046496062992
0
LINE
8
BLACK
6
CONTINUOUS
10
0.3303194488188976
20
1.002046496062992
11
0.3326748818897638
21
1.002046496062992
0
LINE
8
BLACK
6
CONTINUOUS
10
0.3326748818897638
20
1.002046496062992
11
0.3353723228346457
21
1.0033952362204723
0
LINE
8
BLACK
6
CONTINUOUS
10
0.3353723228346457
20
1.0033952362204723
11
0.3365694488188976
21
1.0045924015748031
0
LINE
8
BLACK
6
CONTINUOUS
10
0.3365694488188976
20
1.0045924015748031
11
0.3380849606299213
21
1.0076233858267716
0
LINE
8
BLACK
6
CONTINUOUS
10
0.3380849606299213
20
1.0076233858267716
11
0.3397929921259842
21
1.0144554330708662
0
LINE
8
BLACK
6
CONTINUOUS
10
0.3397929921259842
20
1.0144554330708662
11
0.3397929921259842
21
1.0231021653543306
0
LINE
8
BLACK
6
CONTINUOUS
10
0.3397929921259842
20
1.0231021653543306
11
0.3380849606299213
21
1.0299342125984252
0
LINE
8
BLACK
6
CONTINUOUS
10
0.3380849606299213
20
1.0299342125984252
11
0.3365694881889764
21
1.0329651968503937
0
LINE
8
BLACK
6
CONTINUOUS
10
0.3365694881889764
20
1.0329651968503937
11
0.3353723622047244
21
1.0341623228346457
0
LINE
8
BLACK
6
CONTINUOUS
10
0.3353723622047244
20
1.0341623228346457
11
0.3326748818897638
21
1.035511062992126
0
LINE
8
BLACK
6
CONTINUOUS
10
0.3326748818897638
20
1.035511062992126
11
0.3303194488188976
21
1.035511062992126
0
LINE
8
BLACK
6
CONTINUOUS
10
0.3303194488188976
20
1.035511062992126
11
0.327621968503937
21
1.0341623228346457
0
LINE
8
BLACK
6
CONTINUOUS
10
0.3751928346456693
20
1.0413598425196851
11
0.3752908267716535
21
1.0413192519685039
0
LINE
8
BLACK
6
CONTINUOUS
10
0.3752908267716535
20
1.0413192519685039
11
0.3753966535433071
21
1.0413117322834646
0
LINE
8
BLACK
6
CONTINUOUS
10
0.3753966535433071
20
1.0413117322834646
11
0.3759372834645669
21
1.0411048425196849
0
LINE
8
BLACK
6
CONTINUOUS
10
0.3759372834645669
20
1.0411048425196849
11
0.3796868110236221
21
1.0392300787401574
0
LINE
8
BLACK
6
CONTINUOUS
10
0.3796868110236221
20
1.0392300787401574
11
0.3799348031496063
21
1.0390740157480314
0
LINE
8
BLACK
6
CONTINUOUS
10
0.3799348031496063
20
1.0390740157480314
11
0.3800067716535433
21
1.0390441732283464
0
LINE
8
BLACK
6
CONTINUOUS
10
0.3800067716535433
20
1.0390441732283464
11
0.3800877165354331
21
1.038977716535433
0
LINE
8
BLACK
6
CONTINUOUS
10
0.3800877165354331
20
1.038977716535433
11
0.3801766929133858
21
1.0389217322834645
0
LINE
8
BLACK
6
CONTINUOUS
10
0.3801766929133858
20
1.0389217322834645
11
0.3802278346456693
21
1.0388627559055117
0
LINE
8
BLACK
6
CONTINUOUS
10
0.3802278346456693
20
1.0388627559055117
11
0.3804542125984252
21
1.038676968503937
0
LINE
8
BLACK
6
CONTINUOUS
10
0.3804542125984252
20
1.038676968503937
11
0.3823289763779528
21
1.0368022047244094
0
LINE
8
BLACK
6
CONTINUOUS
10
0.3823289763779528
20
1.0368022047244094
11
0.3826961811023622
21
1.0363547637795276
0
LINE
8
BLACK
6
CONTINUOUS
10
0.3826961811023622
20
1.0363547637795276
11
0.3831370866141732
21
1.0352903543307086
0
LINE
8
BLACK
6
CONTINUOUS
10
0.3831370866141732
20
1.0352903543307086
11
0.3831370866141732
21
1.0341382677165354
0
LINE
8
BLACK
6
CONTINUOUS
10
0.3831370866141732
20
1.0341382677165354
11
0.3826961811023622
21
1.0330738582677166
0
LINE
8
BLACK
6
CONTINUOUS
10
0.3826961811023622
20
1.0330738582677166
11
0.3818814960629921
21
1.0322591732283464
0
LINE
8
BLACK
6
CONTINUOUS
10
0.3818814960629921
20
1.0322591732283464
11
0.3808170866141732
21
1.0318182677165355
0
LINE
8
BLACK
6
CONTINUOUS
10
0.3808170866141732
20
1.0318182677165355
11
0.379665
21
1.0318182677165355
0
LINE
8
BLACK
6
CONTINUOUS
10
0.379665
20
1.0318182677165355
11
0.3786005905511811
21
1.0322591732283464
0
LINE
8
BLACK
6
CONTINUOUS
10
0.3786005905511811
20
1.0322591732283464
11
0.3781531496062992
21
1.0326263779527558
0
LINE
8
BLACK
6
CONTINUOUS
10
0.3781531496062992
20
1.0326263779527558
11
0.3766172047244095
21
1.0341623228346457
0
LINE
8
BLACK
6
CONTINUOUS
10
0.3766172047244095
20
1.0341623228346457
11
0.3739197244094488
21
1.035511062992126
0
LINE
8
BLACK
6
CONTINUOUS
10
0.3739197244094488
20
1.035511062992126
11
0.36594
21
1.035511062992126
0
LINE
8
BLACK
6
CONTINUOUS
10
0.36594
20
1.035511062992126
11
0.3632425196850393
21
1.0341623228346457
0
LINE
8
BLACK
6
CONTINUOUS
10
0.3632425196850393
20
1.0341623228346457
11
0.3620453937007874
21
1.0329651968503937
0
LINE
8
BLACK
6
CONTINUOUS
10
0.3620453937007874
20
1.0329651968503937
11
0.3606966535433071
21
1.030267716535433
0
LINE
8
BLACK
6
CONTINUOUS
10
0.3606966535433071
20
1.030267716535433
11
0.3606966535433071
21
1.027694409448819
0
LINE
8
BLACK
6
CONTINUOUS
10
0.3606966535433071
20
1.027694409448819
11
0.3621994488188977
21
1.0231859842519684
0
LINE
8
BLACK
6
CONTINUOUS
10
0.3621994488188977
20
1.0231859842519684
11
0.3842037401574803
21
1.0011816535433071
0
LINE
8
BLACK
6
CONTINUOUS
10
0.3842037401574803
20
1.0011816535433071
11
0.3845709842519685
21
1.0007342125984251
0
LINE
8
BLACK
6
CONTINUOUS
10
0.3845709842519685
20
1.0007342125984251
11
0.3847686614173228
21
1.0002568897637796
0
LINE
8
BLACK
6
CONTINUOUS
10
0.3847686614173228
20
1.0002568897637796
11
0.3849972047244095
21
0.9997050787401575
0
LINE
8
BLACK
6
CONTINUOUS
10
0.3849972047244095
20
0.9997050787401575
11
0.3850118503937008
21
0.9996697637795275
0
LINE
8
BLACK
6
CONTINUOUS
10
0.3850118503937008
20
0.9996697637795275
11
0.3850118503937008
21
0.9985176771653543
0
LINE
8
BLACK
6
CONTINUOUS
10
0.3850118503937008
20
0.9985176771653543
11
0.3845709448818898
21
0.9974532677165354
0
LINE
8
BLACK
6
CONTINUOUS
10
0.3845709448818898
20
0.9974532677165354
11
0.3837562992125984
21
0.9966385826771653
0
LINE
8
BLACK
6
CONTINUOUS
10
0.3837562992125984
20
0.9966385826771653
11
0.3830036220472441
21
0.9963268503937007
0
LINE
8
BLACK
6
CONTINUOUS
10
0.3830036220472441
20
0.9963268503937007
11
0.3826918897637795
21
0.9961977165354331
0
LINE
8
BLACK
6
CONTINUOUS
10
0.3826918897637795
20
0.9961977165354331
11
0.3821158267716535
21
0.9961409842519685
0
LINE
8
BLACK
6
CONTINUOUS
10
0.3821158267716535
20
0.9961409842519685
11
0.3577438976377953
21
0.9961409842519685
0
LINE
8
BLACK
6
CONTINUOUS
10
0.3577438976377953
20
0.9961409842519685
11
0.3571678346456693
21
0.9961977165354331
0
LINE
8
BLACK
6
CONTINUOUS
10
0.3571678346456693
20
0.9961977165354331
11
0.3561034251968504
21
0.9966386220472441
0
LINE
8
BLACK
6
CONTINUOUS
10
0.3561034251968504
20
0.9966386220472441
11
0.3552887795275591
21
0.9974532677165354
0
LINE
8
BLACK
6
CONTINUOUS
10
0.3552887795275591
20
0.9974532677165354
11
0.354847874015748
21
0.9985176771653543
0
LINE
8
BLACK
6
CONTINUOUS
10
0.354847874015748
20
0.9985176771653543
11
0.354847874015748
21
0.9996698031496063
0
LINE
8
BLACK
6
CONTINUOUS
10
0.354847874015748
20
0.9996698031496063
11
0.3552887795275591
21
1.0007342125984251
0
LINE
8
BLACK
6
CONTINUOUS
10
0.3552887795275591
20
1.0007342125984251
11
0.3561034251968504
21
1.0015488582677166
0
LINE
8
BLACK
6
CONTINUOUS
10
0.3561034251968504
20
1.0015488582677166
11
0.3571678346456693
21
1.0019897637795276
0
LINE
8
BLACK
6
CONTINUOUS
10
0.3571678346456693
20
1.0019897637795276
11
0.3577438976377953
21
1.002046496062992
0
LINE
8
BLACK
6
CONTINUOUS
10
0.3577438976377953
20
1.002046496062992
11
0.3749872440944882
21
1.002046496062992
0
LINE
8
BLACK
6
CONTINUOUS
10
0.3749872440944882
20
1.002046496062992
11
0.357530748031496
21
1.0195030314960629
0
LINE
8
BLACK
6
CONTINUOUS
10
0.357530748031496
20
1.0195030314960629
11
0.3571635433070866
21
1.0199504724409449
0
LINE
8
BLACK
6
CONTINUOUS
10
0.3571635433070866
20
1.0199504724409449
11
0.3571229133858267
21
1.0200485433070865
0
LINE
8
BLACK
6
CONTINUOUS
10
0.3571229133858267
20
1.0200485433070865
11
0.3570534251968504
21
1.0201286614173228
0
LINE
8
BLACK
6
CONTINUOUS
10
0.3570534251968504
20
1.0201286614173228
11
0.3568174409448819
21
1.0206572047244094
0
LINE
8
BLACK
6
CONTINUOUS
10
0.3568174409448819
20
1.0206572047244094
11
0.3549426771653543
21
1.026281496062992
0
LINE
8
BLACK
6
CONTINUOUS
10
0.3549426771653543
20
1.026281496062992
11
0.354877716535433
21
1.0265670866141732
0
LINE
8
BLACK
6
CONTINUOUS
10
0.354877716535433
20
1.0265670866141732
11
0.354847874015748
21
1.0266391732283464
0
LINE
8
BLACK
6
CONTINUOUS
10
0.354847874015748
20
1.0266391732283464
11
0.3548375590551181
21
1.0267437007874016
0
LINE
8
BLACK
6
CONTINUOUS
10
0.3548375590551181
20
1.0267437007874016
11
0.3548143307086614
21
1.0268459448818898
0
LINE
8
BLACK
6
CONTINUOUS
10
0.3548143307086614
20
1.0268459448818898
11
0.354819842519685
21
1.0269237007874015
0
LINE
8
BLACK
6
CONTINUOUS
10
0.354819842519685
20
1.0269237007874015
11
0.3547911417322834
21
1.0272152362204725
0
LINE
8
BLACK
6
CONTINUOUS
10
0.3547911417322834
20
1.0272152362204725
11
0.3547911417322834
21
1.0309647637795276
0
LINE
8
BLACK
6
CONTINUOUS
10
0.3547911417322834
20
1.0309647637795276
11
0.354847874015748
21
1.0315408267716535
0
LINE
8
BLACK
6
CONTINUOUS
10
0.354847874015748
20
1.0315408267716535
11
0.3548884645669291
21
1.0316388582677165
0
LINE
8
BLACK
6
CONTINUOUS
10
0.3548884645669291
20
1.0316388582677165
11
0.3548959842519685
21
1.0317446456692914
0
LINE
8
BLACK
6
CONTINUOUS
10
0.3548959842519685
20
1.0317446456692914
11
0.355102874015748
21
1.0322852755905512
0
LINE
8
BLACK
6
CONTINUOUS
10
0.355102874015748
20
1.0322852755905512
11
0.3569776377952756
21
1.0360348031496063
0
LINE
8
BLACK
6
CONTINUOUS
10
0.3569776377952756
20
1.0360348031496063
11
0.3571337007874016
21
1.0362828346456692
0
LINE
8
BLACK
6
CONTINUOUS
10
0.3571337007874016
20
1.0362828346456692
11
0.3571635433070866
21
1.0363547637795276
0
LINE
8
BLACK
6
CONTINUOUS
10
0.3571635433070866
20
1.0363547637795276
11
0.35723
21
1.0364357480314961
0
LINE
8
BLACK
6
CONTINUOUS
10
0.35723
20
1.0364357480314961
11
0.3572859842519685
21
1.0365246850393701
0
LINE
8
BLACK
6
CONTINUOUS
10
0.3572859842519685
20
1.0365246850393701
11
0.3573449606299213
21
1.0365758661417324
0
LINE
8
BLACK
6
CONTINUOUS
10
0.3573449606299213
20
1.0365758661417324
11
0.357530748031496
21
1.0368022047244094
0
LINE
8
BLACK
6
CONTINUOUS
10
0.357530748031496
20
1.0368022047244094
11
0.3594055118110236
21
1.038676968503937
0
LINE
8
BLACK
6
CONTINUOUS
10
0.3594055118110236
20
1.038676968503937
11
0.3596318503937008
21
1.0388627559055117
0
LINE
8
BLACK
6
CONTINUOUS
10
0.3596318503937008
20
1.0388627559055117
11
0.359683031496063
21
1.0389217322834645
0
LINE
8
BLACK
6
CONTINUOUS
10
0.359683031496063
20
1.0389217322834645
11
0.359771968503937
21
1.038977716535433
0
LINE
8
BLACK
6
CONTINUOUS
10
0.359771968503937
20
1.038977716535433
11
0.3598529527559055
21
1.0390441732283464
0
LINE
8
BLACK
6
CONTINUOUS
10
0.3598529527559055
20
1.0390441732283464
11
0.3599248818897638
21
1.0390740157480314
0
LINE
8
BLACK
6
CONTINUOUS
10
0.3599248818897638
20
1.0390740157480314
11
0.3601729133858267
21
1.0392300787401574
0
LINE
8
BLACK
6
CONTINUOUS
10
0.3601729133858267
20
1.0392300787401574
11
0.3639224409448819
21
1.0411048425196849
0
LINE
8
BLACK
6
CONTINUOUS
10
0.3639224409448819
20
1.0411048425196849
11
0.364463031496063
21
1.0413117322834646
0
LINE
8
BLACK
6
CONTINUOUS
10
0.364463031496063
20
1.0413117322834646
11
0.3645688976377953
21
1.0413192913385827
0
LINE
8
BLACK
6
CONTINUOUS
10
0.3645688976377953
20
1.0413192913385827
11
0.3646668897637795
21
1.0413598425196851
0
LINE
8
BLACK
6
CONTINUOUS
10
0.3646668897637795
20
1.0413598425196851
11
0.3652429527559055
21
1.0414165748031496
0
LINE
8
BLACK
6
CONTINUOUS
10
0.3652429527559055
20
1.0414165748031496
11
0.3746167716535433
21
1.0414165748031496
0
LINE
8
BLACK
6
CONTINUOUS
10
0.3746167716535433
20
1.0414165748031496
11
0.3751928346456693
21
1.0413598425196851
0
LINE
8
BLACK
6
CONTINUOUS
10
0.4126881496062992
20
1.0413598425196851
11
0.4127861417322835
21
1.0413192519685039
0
LINE
8
BLACK
6
CONTINUOUS
10
0.4127861417322835
20
1.0413192519685039
11
0.412891968503937
21
1.0413117322834646
0
LINE
8
BLACK
6
CONTINUOUS
10
0.412891968503937
20
1.0413117322834646
11
0.4134325984251969
21
1.0411048425196849
0
LINE
8
BLACK
6
CONTINUOUS
10
0.4134325984251969
20
1.0411048425196849
11
0.417182125984252
21
1.0392300787401574
0
LINE
8
BLACK
6
CONTINUOUS
10
0.417182125984252
20
1.0392300787401574
11
0.4174301181102362
21
1.0390740157480314
0
LINE
8
BLACK
6
CONTINUOUS
10
0.4174301181102362
20
1.0390740157480314
11
0.4175020866141732
21
1.0390441732283464
0
LINE
8
BLACK
6
CONTINUOUS
10
0.4175020866141732
20
1.0390441732283464
11
0.417583031496063
21
1.038977716535433
0
LINE
8
BLACK
6
CONTINUOUS
10
0.417583031496063
20
1.038977716535433
11
0.4176720078740158
21
1.0389217322834645
0
LINE
8
BLACK
6
CONTINUOUS
10
0.4176720078740158
20
1.0389217322834645
11
0.4177231496062992
21
1.0388627559055117
0
LINE
8
BLACK
6
CONTINUOUS
10
0.4177231496062992
20
1.0388627559055117
11
0.4179495275590551
21
1.038676968503937
0
LINE
8
BLACK
6
CONTINUOUS
10
0.4179495275590551
20
1.038676968503937
11
0.4198242913385827
21
1.0368022047244094
0
LINE
8
BLACK
6
CONTINUOUS
10
0.4198242913385827
20
1.0368022047244094
11
0.4201914960629921
21
1.0363547637795276
0
LINE
8
BLACK
6
CONTINUOUS
10
0.4201914960629921
20
1.0363547637795276
11
0.4206324015748031
21
1.0352903543307086
0
LINE
8
BLACK
6
CONTINUOUS
10
0.4206324015748031
20
1.0352903543307086
11
0.4206324015748031
21
1.0341382677165354
0
LINE
8
BLACK
6
CONTINUOUS
10
0.4206324015748031
20
1.0341382677165354
11
0.4201914960629921
21
1.0330738582677166
0
LINE
8
BLACK
6
CONTINUOUS
10
0.4201914960629921
20
1.0330738582677166
11
0.4193768110236221
21
1.0322591732283464
0
LINE
8
BLACK
6
CONTINUOUS
10
0.4193768110236221
20
1.0322591732283464
11
0.4183124015748031
21
1.0318182677165355
0
LINE
8
BLACK
6
CONTINUOUS
10
0.4183124015748031
20
1.0318182677165355
11
0.4171603149606299
21
1.0318182677165355
0
LINE
8
BLACK
6
CONTINUOUS
10
0.4171603149606299
20
1.0318182677165355
11
0.416095905511811
21
1.0322591732283464
0
LINE
8
BLACK
6
CONTINUOUS
10
0.416095905511811
20
1.0322591732283464
11
0.4156484645669291
21
1.0326263779527558
0
LINE
8
BLACK
6
CONTINUOUS
10
0.4156484645669291
20
1.0326263779527558
11
0.4141125196850394
21
1.0341623228346457
0
LINE
8
BLACK
6
CONTINUOUS
10
0.4141125196850394
20
1.0341623228346457
11
0.4114150393700787
21
1.035511062992126
0
LINE
8
BLACK
6
CONTINUOUS
10
0.4114150393700787
20
1.035511062992126
11
0.4034353149606299
21
1.035511062992126
0
LINE
8
BLACK
6
CONTINUOUS
10
0.4034353149606299
20
1.035511062992126
11
0.4007378346456693
21
1.0341623228346457
0
LINE
8
BLACK
6
CONTINUOUS
10
0.4007378346456693
20
1.0341623228346457
11
0.3995407086614173
21
1.0329651968503937
0
LINE
8
BLACK
6
CONTINUOUS
10
0.3995407086614173
20
1.0329651968503937
11
0.398191968503937
21
1.030267716535433
0
LINE
8
BLACK
6
CONTINUOUS
10
0.398191968503937
20
1.030267716535433
11
0.398191968503937
21
1.027694409448819
0
LINE
8
BLACK
6
CONTINUOUS
10
0.398191968503937
20
1.027694409448819
11
0.3996947637795276
21
1.0231859842519684
0
LINE
8
BLACK
6
CONTINUOUS
10
0.3996947637795276
20
1.0231859842519684
11
0.4216990551181102
21
1.0011816535433071
0
LINE
8
BLACK
6
CONTINUOUS
10
0.4216990551181102
20
1.0011816535433071
11
0.4220662992125984
21
1.0007342125984251
0
LINE
8
BLACK
6
CONTINUOUS
10
0.4220662992125984
20
1.0007342125984251
11
0.4222639763779528
21
1.0002568897637796
0
LINE
8
BLACK
6
CONTINUOUS
10
0.4222639763779528
20
1.0002568897637796
11
0.4224925196850394
21
0.9997050787401575
0
LINE
8
BLACK
6
CONTINUOUS
10
0.4224925196850394
20
0.9997050787401575
11
0.4225071653543307
21
0.9996697637795275
0
LINE
8
BLACK
6
CONTINUOUS
10
0.4225071653543307
20
0.9996697637795275
11
0.4225071653543307
21
0.9985176771653543
0
LINE
8
BLACK
6
CONTINUOUS
10
0.4225071653543307
20
0.9985176771653543
11
0.4220662598425197
21
0.9974532677165354
0
LINE
8
BLACK
6
CONTINUOUS
10
0.4220662598425197
20
0.9974532677165354
11
0.4212516141732283
21
0.9966385826771653
0
LINE
8
BLACK
6
CONTINUOUS
10
0.4212516141732283
20
0.9966385826771653
11
0.420498937007874
21
0.9963268503937007
0
LINE
8
BLACK
6
CONTINUOUS
10
0.420498937007874
20
0.9963268503937007
11
0.4201872047244095
21
0.9961977165354331
0
LINE
8
BLACK
6
CONTINUOUS
10
0.4201872047244095
20
0.9961977165354331
11
0.4196111417322835
21
0.9961409842519685
0
LINE
8
BLACK
6
CONTINUOUS
10
0.4196111417322835
20
0.9961409842519685
11
0.3952392125984252
21
0.9961409842519685
0
LINE
8
BLACK
6
CONTINUOUS
10
0.3952392125984252
20
0.9961409842519685
11
0.3946631496062992
21
0.9961977165354331
0
LINE
8
BLACK
6
CONTINUOUS
10
0.3946631496062992
20
0.9961977165354331
11
0.3935987401574803
21
0.9966386220472441
0
LINE
8
BLACK
6
CONTINUOUS
10
0.3935987401574803
20
0.9966386220472441
11
0.392784094488189
21
0.9974532677165354
0
LINE
8
BLACK
6
CONTINUOUS
10
0.392784094488189
20
0.9974532677165354
11
0.3923431889763779
21
0.9985176771653543
0
LINE
8
BLACK
6
CONTINUOUS
10
0.3923431889763779
20
0.9985176771653543
11
0.3923431889763779
21
0.9996698031496063
0
LINE
8
BLACK
6
CONTINUOUS
10
0.3923431889763779
20
0.9996698031496063
11
0.392784094488189
21
1.0007342125984251
0
LINE
8
BLACK
6
CONTINUOUS
10
0.392784094488189
20
1.0007342125984251
11
0.3935987401574803
21
1.0015488582677166
0
LINE
8
BLACK
6
CONTINUOUS
10
0.3935987401574803
20
1.0015488582677166
11
0.3946631496062992
21
1.0019897637795276
0
LINE
8
BLACK
6
CONTINUOUS
10
0.3946631496062992
20
1.0019897637795276
11
0.3952392125984252
21
1.002046496062992
0
LINE
8
BLACK
6
CONTINUOUS
10
0.3952392125984252
20
1.002046496062992
11
0.4124825590551181
21
1.002046496062992
0
LINE
8
BLACK
6
CONTINUOUS
10
0.4124825590551181
20
1.002046496062992
11
0.3950260629921259
21
1.0195030314960629
0
LINE
8
BLACK
6
CONTINUOUS
10
0.3950260629921259
20
1.0195030314960629
11
0.3946588582677165
21
1.0199504724409449
0
LINE
8
BLACK
6
CONTINUOUS
10
0.3946588582677165
20
1.0199504724409449
11
0.3946182283464567
21
1.0200485433070865
0
LINE
8
BLACK
6
CONTINUOUS
10
0.3946182283464567
20
1.0200485433070865
11
0.3945487401574803
21
1.0201286614173228
0
LINE
8
BLACK
6
CONTINUOUS
10
0.3945487401574803
20
1.0201286614173228
11
0.3943127559055118
21
1.0206572047244094
0
LINE
8
BLACK
6
CONTINUOUS
10
0.3943127559055118
20
1.0206572047244094
11
0.3924379921259842
21
1.026281496062992
0
LINE
8
BLACK
6
CONTINUOUS
10
0.3924379921259842
20
1.026281496062992
11
0.392373031496063
21
1.0265670866141732
0
LINE
8
BLACK
6
CONTINUOUS
10
0.392373031496063
20
1.0265670866141732
11
0.3923431889763779
21
1.0266391732283464
0
LINE
8
BLACK
6
CONTINUOUS
10
0.3923431889763779
20
1.0266391732283464
11
0.392332874015748
21
1.0267437007874016
0
LINE
8
BLACK
6
CONTINUOUS
10
0.392332874015748
20
1.0267437007874016
11
0.3923096456692913
21
1.0268459448818898
0
LINE
8
BLACK
6
CONTINUOUS
10
0.3923096456692913
20
1.0268459448818898
11
0.3923151574803149
21
1.0269237007874015
0
LINE
8
BLACK
6
CONTINUOUS
10
0.3923151574803149
20
1.0269237007874015
11
0.3922864566929134
21
1.0272152362204725
0
LINE
8
BLACK
6
CONTINUOUS
10
0.3922864566929134
20
1.0272152362204725
11
0.3922864566929134
21
1.0309647637795276
0
LINE
8
BLACK
6
CONTINUOUS
10
0.3922864566929134
20
1.0309647637795276
11
0.3923431889763779
21
1.0315408267716535
0
LINE
8
BLACK
6
CONTINUOUS
10
0.3923431889763779
20
1.0315408267716535
11
0.392383779527559
21
1.0316388582677165
0
LINE
8
BLACK
6
CONTINUOUS
10
0.392383779527559
20
1.0316388582677165
11
0.3923912992125984
21
1.0317446456692914
0
LINE
8
BLACK
6
CONTINUOUS
10
0.3923912992125984
20
1.0317446456692914
11
0.3925981889763779
21
1.0322852755905512
0
LINE
8
BLACK
6
CONTINUOUS
10
0.3925981889763779
20
1.0322852755905512
11
0.3944729527559055
21
1.0360348031496063
0
LINE
8
BLACK
6
CONTINUOUS
10
0.3944729527559055
20
1.0360348031496063
11
0.3946290157480315
21
1.0362828346456692
0
LINE
8
BLACK
6
CONTINUOUS
10
0.3946290157480315
20
1.0362828346456692
11
0.3946588582677165
21
1.0363547637795276
0
LINE
8
BLACK
6
CONTINUOUS
10
0.3946588582677165
20
1.0363547637795276
11
0.3947253149606299
21
1.0364357480314961
0
LINE
8
BLACK
6
CONTINUOUS
10
0.3947253149606299
20
1.0364357480314961
11
0.3947812992125984
21
1.0365246850393701
0
LINE
8
BLACK
6
CONTINUOUS
10
0.3947812992125984
20
1.0365246850393701
11
0.3948402755905512
21
1.0365758661417324
0
LINE
8
BLACK
6
CONTINUOUS
10
0.3948402755905512
20
1.0365758661417324
11
0.3950260629921259
21
1.0368022047244094
0
LINE
8
BLACK
6
CONTINUOUS
10
0.3950260629921259
20
1.0368022047244094
11
0.3969008267716536
21
1.038676968503937
0
LINE
8
BLACK
6
CONTINUOUS
10
0.3969008267716536
20
1.038676968503937
11
0.3971271653543307
21
1.0388627559055117
0
LINE
8
BLACK
6
CONTINUOUS
10
0.3971271653543307
20
1.0388627559055117
11
0.3971783464566929
21
1.0389217322834645
0
LINE
8
BLACK
6
CONTINUOUS
10
0.3971783464566929
20
1.0389217322834645
11
0.3972672834645669
21
1.038977716535433
0
LINE
8
BLACK
6
CONTINUOUS
10
0.3972672834645669
20
1.038977716535433
11
0.3973482677165354
21
1.0390441732283464
0
LINE
8
BLACK
6
CONTINUOUS
10
0.3973482677165354
20
1.0390441732283464
11
0.3974201968503937
21
1.0390740157480314
0
LINE
8
BLACK
6
CONTINUOUS
10
0.3974201968503937
20
1.0390740157480314
11
0.3976682283464567
21
1.0392300787401574
0
LINE
8
BLACK
6
CONTINUOUS
10
0.3976682283464567
20
1.0392300787401574
11
0.4014177559055118
21
1.0411048425196849
0
LINE
8
BLACK
6
CONTINUOUS
10
0.4014177559055118
20
1.0411048425196849
11
0.4019583464566929
21
1.0413117322834646
0
LINE
8
BLACK
6
CONTINUOUS
10
0.4019583464566929
20
1.0413117322834646
11
0.4020642125984252
21
1.0413192913385827
0
LINE
8
BLACK
6
CONTINUOUS
10
0.4020642125984252
20
1.0413192913385827
11
0.4021622047244094
21
1.0413598425196851
0
LINE
8
BLACK
6
CONTINUOUS
10
0.4021622047244094
20
1.0413598425196851
11
0.4027382677165354
21
1.0414165748031496
0
LINE
8
BLACK
6
CONTINUOUS
10
0.4027382677165354
20
1.0414165748031496
11
0.4121120866141732
21
1.0414165748031496
0
LINE
8
BLACK
6
CONTINUOUS
10
0.4121120866141732
20
1.0414165748031496
11
0.4126881496062992
21
1.0413598425196851
0
LINE
8
BLACK
6
CONTINUOUS
10
0.5731076377952756
20
1.040918937007874
11
0.5739222834645669
21
1.0401042913385827
0
LINE
8
BLACK
6
CONTINUOUS
10
0.5739222834645669
20
1.0401042913385827
11
0.5743631889763779
21
1.0390398818897637
0
LINE
8
BLACK
6
CONTINUOUS
10
0.5743631889763779
20
1.0390398818897637
11
0.5744199212598425
21
1.0384638188976378
0
LINE
8
BLACK
6
CONTINUOUS
10
0.5744199212598425
20
1.0384638188976378
11
0.5744199212598425
21
0.9990937401574803
0
LINE
8
BLACK
6
CONTINUOUS
10
0.5744199212598425
20
0.9990937401574803
11
0.5743631889763779
21
0.9985176771653543
0
LINE
8
BLACK
6
CONTINUOUS
10
0.5743631889763779
20
0.9985176771653543
11
0.5739222834645669
21
0.9974532677165354
0
LINE
8
BLACK
6
CONTINUOUS
10
0.5739222834645669
20
0.9974532677165354
11
0.5731076377952756
21
0.9966386220472441
0
LINE
8
BLACK
6
CONTINUOUS
10
0.5731076377952756
20
0.9966386220472441
11
0.5720432283464567
21
0.9961977165354331
0
LINE
8
BLACK
6
CONTINUOUS
10
0.5720432283464567
20
0.9961977165354331
11
0.5714671653543307
21
0.9961409842519685
0
LINE
8
BLACK
6
CONTINUOUS
10
0.5714671653543307
20
0.9961409842519685
11
0.5527195275590551
21
0.9961409842519685
0
LINE
8
BLACK
6
CONTINUOUS
10
0.5527195275590551
20
0.9961409842519685
11
0.5521434645669291
21
0.9961977165354331
0
LINE
8
BLACK
6
CONTINUOUS
10
0.5521434645669291
20
0.9961977165354331
11
0.5510790551181102
21
0.9966386220472441
0
LINE
8
BLACK
6
CONTINUOUS
10
0.5510790551181102
20
0.9966386220472441
11
0.5502644094488189
21
0.9974532677165354
0
LINE
8
BLACK
6
CONTINUOUS
10
0.5502644094488189
20
0.9974532677165354
11
0.5498235039370079
21
0.9985176771653543
0
LINE
8
BLACK
6
CONTINUOUS
10
0.5498235039370079
20
0.9985176771653543
11
0.5498235039370079
21
0.9996698031496063
0
LINE
8
BLACK
6
CONTINUOUS
10
0.5498235039370079
20
0.9996698031496063
11
0.5502644094488189
21
1.0007342125984251
0
LINE
8
BLACK
6
CONTINUOUS
10
0.5502644094488189
20
1.0007342125984251
11
0.5510790551181102
21
1.0015488582677166
0
LINE
8
BLACK
6
CONTINUOUS
10
0.5510790551181102
20
1.0015488582677166
11
0.5521434645669291
21
1.0019897637795276
0
LINE
8
BLACK
6
CONTINUOUS
10
0.5521434645669291
20
1.0019897637795276
11
0.5527195275590551
21
1.002046496062992
0
LINE
8
BLACK
6
CONTINUOUS
10
0.5527195275590551
20
1.002046496062992
11
0.5685144094488189
21
1.002046496062992
0
LINE
8
BLACK
6
CONTINUOUS
10
0.5685144094488189
20
1.002046496062992
11
0.5685144094488189
21
1.0384638188976378
0
LINE
8
BLACK
6
CONTINUOUS
10
0.5685144094488189
20
1.0384638188976378
11
0.5685711417322834
21
1.0390398818897637
0
LINE
8
BLACK
6
CONTINUOUS
10
0.5685711417322834
20
1.0390398818897637
11
0.5690120472440945
21
1.0401042913385827
0
LINE
8
BLACK
6
CONTINUOUS
10
0.5690120472440945
20
1.0401042913385827
11
0.5698266929133858
21
1.040918937007874
0
LINE
8
BLACK
6
CONTINUOUS
10
0.5698266929133858
20
1.040918937007874
11
0.5708911023622047
21
1.0413598425196851
0
LINE
8
BLACK
6
CONTINUOUS
10
0.5708911023622047
20
1.0413598425196851
11
0.5720432283464567
21
1.0413598425196851
0
LINE
8
BLACK
6
CONTINUOUS
10
0.5720432283464567
20
1.0413598425196851
11
0.5731076377952756
21
1.040918937007874
0
LINE
8
BLACK
6
CONTINUOUS
10
0.2375246062992126
20
1.040918937007874
11
0.2379720472440945
21
1.0405517322834645
0
LINE
8
BLACK
6
CONTINUOUS
10
0.2379720472440945
20
1.0405517322834645
11
0.2554285433070866
21
1.0230952362204724
0
LINE
8
BLACK
6
CONTINUOUS
10
0.2554285433070866
20
1.0230952362204724
11
0.2554285433070866
21
1.0384638188976378
0
LINE
8
BLACK
6
CONTINUOUS
10
0.2554285433070866
20
1.0384638188976378
11
0.2554852755905512
21
1.0390398818897637
0
LINE
8
BLACK
6
CONTINUOUS
10
0.2554852755905512
20
1.0390398818897637
11
0.2559261811023622
21
1.0401042913385827
0
LINE
8
BLACK
6
CONTINUOUS
10
0.2559261811023622
20
1.0401042913385827
11
0.2567408267716536
21
1.040918937007874
0
LINE
8
BLACK
6
CONTINUOUS
10
0.2567408267716536
20
1.040918937007874
11
0.2578052362204724
21
1.0413598425196851
0
LINE
8
BLACK
6
CONTINUOUS
10
0.2578052362204724
20
1.0413598425196851
11
0.2589573622047244
21
1.0413598425196851
0
LINE
8
BLACK
6
CONTINUOUS
10
0.2589573622047244
20
1.0413598425196851
11
0.2600217716535433
21
1.040918937007874
0
LINE
8
BLACK
6
CONTINUOUS
10
0.2600217716535433
20
1.040918937007874
11
0.2608364173228346
21
1.0401042913385827
0
LINE
8
BLACK
6
CONTINUOUS
10
0.2608364173228346
20
1.0401042913385827
11
0.2612773228346457
21
1.0390398818897637
0
LINE
8
BLACK
6
CONTINUOUS
10
0.2612773228346457
20
1.0390398818897637
11
0.2613340551181103
21
1.0384638188976378
0
LINE
8
BLACK
6
CONTINUOUS
10
0.2613340551181103
20
1.0384638188976378
11
0.2613340551181103
21
0.9990937401574803
0
LINE
8
BLACK
6
CONTINUOUS
10
0.2613340551181103
20
0.9990937401574803
11
0.2612773228346457
21
0.9985176771653543
0
LINE
8
BLACK
6
CONTINUOUS
10
0.2612773228346457
20
0.9985176771653543
11
0.2608364173228346
21
0.9974532677165354
0
LINE
8
BLACK
6
CONTINUOUS
10
0.2608364173228346
20
0.9974532677165354
11
0.2600217716535433
21
0.9966386220472441
0
LINE
8
BLACK
6
CONTINUOUS
10
0.2600217716535433
20
0.9966386220472441
11
0.2589573622047244
21
0.9961977165354331
0
LINE
8
BLACK
6
CONTINUOUS
10
0.2589573622047244
20
0.9961977165354331
11
0.2578052362204724
21
0.9961977165354331
0
LINE
8
BLACK
6
CONTINUOUS
10
0.2578052362204724
20
0.9961977165354331
11
0.2567408267716536
21
0.9966386220472441
0
LINE
8
BLACK
6
CONTINUOUS
10
0.2567408267716536
20
0.9966386220472441
11
0.2559261811023622
21
0.9974532677165354
0
LINE
8
BLACK
6
CONTINUOUS
10
0.2559261811023622
20
0.9974532677165354
11
0.2554852755905512
21
0.9985176771653543
0
LINE
8
BLACK
6
CONTINUOUS
10
0.2554852755905512
20
0.9985176771653543
11
0.2554285433070866
21
0.9990937401574803
0
LINE
8
BLACK
6
CONTINUOUS
10
0.2554285433070866
20
0.9990937401574803
11
0.2554285433070866
21
1.0147435826771654
0
LINE
8
BLACK
6
CONTINUOUS
10
0.2554285433070866
20
1.0147435826771654
11
0.2530764566929134
21
1.0170956692913387
0
LINE
8
BLACK
6
CONTINUOUS
10
0.2530764566929134
20
1.0170956692913387
11
0.2382463385826772
21
0.9973220866141732
0
LINE
8
BLACK
6
CONTINUOUS
10
0.2382463385826772
20
0.9973220866141732
11
0.2378553149606299
21
0.9968952755905511
0
LINE
8
BLACK
6
CONTINUOUS
10
0.2378553149606299
20
0.9968952755905511
11
0.236863937007874
21
0.9963083070866141
0
LINE
8
BLACK
6
CONTINUOUS
10
0.236863937007874
20
0.9963083070866141
11
0.2357234251968504
21
0.9961453543307086
0
LINE
8
BLACK
6
CONTINUOUS
10
0.2357234251968504
20
0.9961453543307086
11
0.2346073622047244
21
0.9964312992125984
0
LINE
8
BLACK
6
CONTINUOUS
10
0.2346073622047244
20
0.9964312992125984
11
0.2336856692913386
21
0.997122559055118
0
LINE
8
BLACK
6
CONTINUOUS
10
0.2336856692913386
20
0.997122559055118
11
0.2330987007874016
21
0.998113937007874
0
LINE
8
BLACK
6
CONTINUOUS
10
0.2330987007874016
20
0.998113937007874
11
0.2329357480314961
21
0.9992544488188976
0
LINE
8
BLACK
6
CONTINUOUS
10
0.2329357480314961
20
0.9992544488188976
11
0.2332216929133858
21
1.0003705118110235
0
LINE
8
BLACK
6
CONTINUOUS
10
0.2332216929133858
20
1.0003705118110235
11
0.2335219291338583
21
1.0008653937007874
0
LINE
8
BLACK
6
CONTINUOUS
10
0.2335219291338583
20
1.0008653937007874
11
0.2488582283464567
21
1.0213138976377953
0
LINE
8
BLACK
6
CONTINUOUS
10
0.2488582283464567
20
1.0213138976377953
11
0.2337962204724409
21
1.0363759055118109
0
LINE
8
BLACK
6
CONTINUOUS
10
0.2337962204724409
20
1.0363759055118109
11
0.2334290157480315
21
1.0368233464566929
0
LINE
8
BLACK
6
CONTINUOUS
10
0.2334290157480315
20
1.0368233464566929
11
0.2329881102362205
21
1.0378877952755905
0
LINE
8
BLACK
6
CONTINUOUS
10
0.2329881102362205
20
1.0378877952755905
11
0.2329881102362205
21
1.039039842519685
0
LINE
8
BLACK
6
CONTINUOUS
10
0.2329881102362205
20
1.039039842519685
11
0.2334290157480315
21
1.0401042913385827
0
LINE
8
BLACK
6
CONTINUOUS
10
0.2334290157480315
20
1.0401042913385827
11
0.2342436614173228
21
1.040918937007874
0
LINE
8
BLACK
6
CONTINUOUS
10
0.2342436614173228
20
1.040918937007874
11
0.2353081102362205
21
1.0413598425196851
0
LINE
8
BLACK
6
CONTINUOUS
10
0.2353081102362205
20
1.0413598425196851
11
0.236460157480315
21
1.0413598425196851
0
LINE
8
BLACK
6
CONTINUOUS
10
0.236460157480315
20
1.0413598425196851
11
0.2375246062992126
21
1.040918937007874
0
LINE
8
BLACK
6
CONTINUOUS
10
0.1891983464566929
20
1.0413598425196851
11
0.1895910236220472
21
1.0413598425196851
0
LINE
8
BLACK
6
CONTINUOUS
10
0.1895910236220472
20
1.0413598425196851
11
0.189764842519685
21
1.0412878346456693
0
LINE
8
BLACK
6
CONTINUOUS
10
0.189764842519685
20
1.0412878346456693
11
0.1899516141732283
21
1.041264094488189
0
LINE
8
BLACK
6
CONTINUOUS
10
0.1899516141732283
20
1.041264094488189
11
0.1902927165354331
21
1.0410692125984251
0
LINE
8
BLACK
6
CONTINUOUS
10
0.1902927165354331
20
1.0410692125984251
11
0.1906554330708661
21
1.040918937007874
0
LINE
8
BLACK
6
CONTINUOUS
10
0.1906554330708661
20
1.040918937007874
11
0.1907884251968504
21
1.0407859448818897
0
LINE
8
BLACK
6
CONTINUOUS
10
0.1907884251968504
20
1.0407859448818897
11
0.190951968503937
21
1.0406924803149606
0
LINE
8
BLACK
6
CONTINUOUS
10
0.190951968503937
20
1.0406924803149606
11
0.1911924803149606
21
1.0403818897637795
0
LINE
8
BLACK
6
CONTINUOUS
10
0.1911924803149606
20
1.0403818897637795
11
0.1914700787401575
21
1.0401042913385827
0
LINE
8
BLACK
6
CONTINUOUS
10
0.1914700787401575
20
1.0401042913385827
11
0.1915420866141732
21
1.0399304330708661
0
LINE
8
BLACK
6
CONTINUOUS
10
0.1915420866141732
20
1.0399304330708661
11
0.1916573622047244
21
1.0397815748031496
0
LINE
8
BLACK
6
CONTINUOUS
10
0.1916573622047244
20
1.0397815748031496
11
0.1917606692913386
21
1.0394027165354331
0
LINE
8
BLACK
6
CONTINUOUS
10
0.1917606692913386
20
1.0394027165354331
11
0.1919109842519685
21
1.0390398818897637
0
LINE
8
BLACK
6
CONTINUOUS
10
0.1919109842519685
20
1.0390398818897637
11
0.1919399606299212
21
1.0387453149606298
0
LINE
8
BLACK
6
CONTINUOUS
10
0.1919399606299212
20
1.0387453149606298
11
0.1919605118110236
21
1.0386700787401575
0
LINE
8
BLACK
6
CONTINUOUS
10
0.1919605118110236
20
1.0386700787401575
11
0.1919531102362205
21
1.0386120078740158
0
LINE
8
BLACK
6
CONTINUOUS
10
0.1919531102362205
20
1.0386120078740158
11
0.1919677165354331
21
1.0384638188976378
0
LINE
8
BLACK
6
CONTINUOUS
10
0.1919677165354331
20
1.0384638188976378
11
0.1919677165354331
21
0.9990937401574803
0
LINE
8
BLACK
6
CONTINUOUS
10
0.1919677165354331
20
0.9990937401574803
11
0.1919109842519685
21
0.9985176771653543
0
LINE
8
BLACK
6
CONTINUOUS
10
0.1919109842519685
20
0.9985176771653543
11
0.1914700787401575
21
0.9974532677165354
0
LINE
8
BLACK
6
CONTINUOUS
10
0.1914700787401575
20
0.9974532677165354
11
0.1906554330708661
21
0.9966386220472441
0
LINE
8
BLACK
6
CONTINUOUS
10
0.1906554330708661
20
0.9966386220472441
11
0.1895910236220472
21
0.9961977165354331
0
LINE
8
BLACK
6
CONTINUOUS
10
0.1895910236220472
20
0.9961977165354331
11
0.1884388976377953
21
0.9961977165354331
0
LINE
8
BLACK
6
CONTINUOUS
10
0.1884388976377953
20
0.9961977165354331
11
0.1873744881889764
21
0.9966386220472441
0
LINE
8
BLACK
6
CONTINUOUS
10
0.1873744881889764
20
0.9966386220472441
11
0.186559842519685
21
0.9974532677165354
0
LINE
8
BLACK
6
CONTINUOUS
10
0.186559842519685
20
0.9974532677165354
11
0.186118937007874
21
0.9985176771653543
0
LINE
8
BLACK
6
CONTINUOUS
10
0.186118937007874
20
0.9985176771653543
11
0.1860622047244095
21
0.9990937401574803
0
LINE
8
BLACK
6
CONTINUOUS
10
0.1860622047244095
20
0.9990937401574803
11
0.1860622047244095
21
1.0273450787401575
0
LINE
8
BLACK
6
CONTINUOUS
10
0.1860622047244095
20
1.0273450787401575
11
0.1690814960629921
21
0.997628779527559
0
LINE
8
BLACK
6
CONTINUOUS
10
0.1690814960629921
20
0.997628779527559
11
0.1689953149606299
21
0.9975074015748031
0
LINE
8
BLACK
6
CONTINUOUS
10
0.1689953149606299
20
0.9975074015748031
11
0.1689729133858268
21
0.9974532677165354
0
LINE
8
BLACK
6
CONTINUOUS
10
0.1689729133858268
20
0.9974532677165354
11
0.1689177952755906
21
0.9973981889763779
0
LINE
8
BLACK
6
CONTINUOUS
10
0.1689177952755906
20
0.9973981889763779
11
0.1687464566929134
21
0.9971567322834646
0
LINE
8
BLACK
6
CONTINUOUS
10
0.1687464566929134
20
0.9971567322834646
11
0.1684358267716535
21
0.9969162204724409
0
LINE
8
BLACK
6
CONTINUOUS
10
0.1684358267716535
20
0.9969162204724409
11
0.1681582677165354
21
0.9966386220472441
0
LINE
8
BLACK
6
CONTINUOUS
10
0.1681582677165354
20
0.9966386220472441
11
0.1679843700787401
21
0.9965666141732283
0
LINE
8
BLACK
6
CONTINUOUS
10
0.1679843700787401
20
0.9965666141732283
11
0.1678355511811024
21
0.9964513385826771
0
LINE
8
BLACK
6
CONTINUOUS
10
0.1678355511811024
20
0.9964513385826771
11
0.1674566535433071
21
0.996348031496063
0
LINE
8
BLACK
6
CONTINUOUS
10
0.1674566535433071
20
0.996348031496063
11
0.1670938582677165
21
0.9961977165354331
0
LINE
8
BLACK
6
CONTINUOUS
10
0.1670938582677165
20
0.9961977165354331
11
0.1669056299212598
21
0.9961977165354331
0
LINE
8
BLACK
6
CONTINUOUS
10
0.1669056299212598
20
0.9961977165354331
11
0.1667240551181102
21
0.9961481889763779
0
LINE
8
BLACK
6
CONTINUOUS
10
0.1667240551181102
20
0.9961481889763779
11
0.1663344094488189
21
0.9961977165354331
0
LINE
8
BLACK
6
CONTINUOUS
10
0.1663344094488189
20
0.9961977165354331
11
0.1659417322834646
21
0.9961977165354331
0
LINE
8
BLACK
6
CONTINUOUS
10
0.1659417322834646
20
0.9961977165354331
11
0.165767874015748
21
0.9962697637795276
0
LINE
8
BLACK
6
CONTINUOUS
10
0.165767874015748
20
0.9962697637795276
11
0.1655811417322835
21
0.9962934645669291
0
LINE
8
BLACK
6
CONTINUOUS
10
0.1655811417322835
20
0.9962934645669291
11
0.16524
21
0.9964883858267717
0
LINE
8
BLACK
6
CONTINUOUS
10
0.16524
20
0.9964883858267717
11
0.1648773228346457
21
0.9966386220472441
0
LINE
8
BLACK
6
CONTINUOUS
10
0.1648773228346457
20
0.9966386220472441
11
0.1647442913385827
21
0.9967716535433071
0
LINE
8
BLACK
6
CONTINUOUS
10
0.1647442913385827
20
0.9967716535433071
11
0.1645807874015748
21
0.9968650787401575
0
LINE
8
BLACK
6
CONTINUOUS
10
0.1645807874015748
20
0.9968650787401575
11
0.1643402362204724
21
0.9971757086614172
0
LINE
8
BLACK
6
CONTINUOUS
10
0.1643402362204724
20
0.9971757086614172
11
0.1640626771653543
21
0.9974532677165354
0
LINE
8
BLACK
6
CONTINUOUS
10
0.1640626771653543
20
0.9974532677165354
11
0.1639906299212598
21
0.9976271653543307
0
LINE
8
BLACK
6
CONTINUOUS
10
0.1639906299212598
20
0.9976271653543307
11
0.1638753937007874
21
0.9977759842519685
0
LINE
8
BLACK
6
CONTINUOUS
10
0.1638753937007874
20
0.9977759842519685
11
0.1637720472440945
21
0.9981548818897638
0
LINE
8
BLACK
6
CONTINUOUS
10
0.1637720472440945
20
0.9981548818897638
11
0.1636217716535433
21
0.9985176771653543
0
LINE
8
BLACK
6
CONTINUOUS
10
0.1636217716535433
20
0.9985176771653543
11
0.1635927559055118
21
0.9988122834645669
0
LINE
8
BLACK
6
CONTINUOUS
10
0.1635927559055118
20
0.9988122834645669
11
0.1635722440944882
21
0.9988874803149606
0
LINE
8
BLACK
6
CONTINUOUS
10
0.1635722440944882
20
0.9988874803149606
11
0.1635796062992126
21
0.998945590551181
0
LINE
8
BLACK
6
CONTINUOUS
10
0.1635796062992126
20
0.998945590551181
11
0.1635650393700787
21
0.9990937401574803
0
LINE
8
BLACK
6
CONTINUOUS
10
0.1635650393700787
20
0.9990937401574803
11
0.1635650393700787
21
1.0384638188976378
0
LINE
8
BLACK
6
CONTINUOUS
10
0.1635650393700787
20
1.0384638188976378
11
0.1636217716535433
21
1.0390398818897637
0
LINE
8
BLACK
6
CONTINUOUS
10
0.1636217716535433
20
1.0390398818897637
11
0.1640626771653543
21
1.0401042913385827
0
LINE
8
BLACK
6
CONTINUOUS
10
0.1640626771653543
20
1.0401042913385827
11
0.1648773228346457
21
1.040918937007874
0
LINE
8
BLACK
6
CONTINUOUS
10
0.1648773228346457
20
1.040918937007874
11
0.1659417322834646
21
1.0413598425196851
0
LINE
8
BLACK
6
CONTINUOUS
10
0.1659417322834646
20
1.0413598425196851
11
0.1670938582677165
21
1.0413598425196851
0
LINE
8
BLACK
6
CONTINUOUS
10
0.1670938582677165
20
1.0413598425196851
11
0.1681582677165354
21
1.040918937007874
0
LINE
8
BLACK
6
CONTINUOUS
10
0.1681582677165354
20
1.040918937007874
11
0.1689729133858268
21
1.0401042913385827
0
LINE
8
BLACK
6
CONTINUOUS
10
0.1689729133858268
20
1.0401042913385827
11
0.1694138188976378
21
1.0390398818897637
0
LINE
8
BLACK
6
CONTINUOUS
10
0.1694138188976378
20
1.0390398818897637
11
0.1694705511811024
21
1.0384638188976378
0
LINE
8
BLACK
6
CONTINUOUS
10
0.1694705511811024
20
1.0384638188976378
11
0.1694705511811024
21
1.0102125196850393
0
LINE
8
BLACK
6
CONTINUOUS
10
0.1694705511811024
20
1.0102125196850393
11
0.1864512598425197
21
1.0399288188976377
0
LINE
8
BLACK
6
CONTINUOUS
10
0.1864512598425197
20
1.0399288188976377
11
0.1865374409448819
21
1.0400502755905512
0
LINE
8
BLACK
6
CONTINUOUS
10
0.1865374409448819
20
1.0400502755905512
11
0.186559842519685
21
1.0401042913385827
0
LINE
8
BLACK
6
CONTINUOUS
10
0.186559842519685
20
1.0401042913385827
11
0.186614842519685
21
1.0401593307086614
0
LINE
8
BLACK
6
CONTINUOUS
10
0.186614842519685
20
1.0401593307086614
11
0.1867862992125984
21
1.0404008267716536
0
LINE
8
BLACK
6
CONTINUOUS
10
0.1867862992125984
20
1.0404008267716536
11
0.1870968503937008
21
1.0406413385826772
0
LINE
8
BLACK
6
CONTINUOUS
10
0.1870968503937008
20
1.0406413385826772
11
0.1873744881889764
21
1.040918937007874
0
LINE
8
BLACK
6
CONTINUOUS
10
0.1873744881889764
20
1.040918937007874
11
0.1875484251968504
21
1.0409910236220472
0
LINE
8
BLACK
6
CONTINUOUS
10
0.1875484251968504
20
1.0409910236220472
11
0.1876972440944882
21
1.0411062204724408
0
LINE
8
BLACK
6
CONTINUOUS
10
0.1876972440944882
20
1.0411062204724408
11
0.1880760236220472
21
1.0412095669291339
0
LINE
8
BLACK
6
CONTINUOUS
10
0.1880760236220472
20
1.0412095669291339
11
0.1884388976377953
21
1.0413598425196851
0
LINE
8
BLACK
6
CONTINUOUS
10
0.1884388976377953
20
1.0413598425196851
11
0.188627125984252
21
1.0413598425196851
0
LINE
8
BLACK
6
CONTINUOUS
10
0.188627125984252
20
1.0413598425196851
11
0.1888087007874016
21
1.0414093700787401
0
LINE
8
BLACK
6
CONTINUOUS
10
0.1888087007874016
20
1.0414093700787401
11
0.1891983464566929
21
1.0413598425196851
0
LINE
8
BLACK
6
CONTINUOUS
10
0.4576825196850394
20
1.0413598425196851
11
0.4587469291338583
21
1.040918937007874
0
LINE
8
BLACK
6
CONTINUOUS
10
0.4587469291338583
20
1.040918937007874
11
0.4595615748031496
21
1.0401042913385827
0
LINE
8
BLACK
6
CONTINUOUS
10
0.4595615748031496
20
1.0401042913385827
11
0.4600024803149606
21
1.0390398818897637
0
LINE
8
BLACK
6
CONTINUOUS
10
0.4600024803149606
20
1.0390398818897637
11
0.4600024803149606
21
1.0378877559055117
0
LINE
8
BLACK
6
CONTINUOUS
10
0.4600024803149606
20
1.0378877559055117
11
0.4595615748031496
21
1.0368233464566929
0
LINE
8
BLACK
6
CONTINUOUS
10
0.4595615748031496
20
1.0368233464566929
11
0.4587469291338583
21
1.0360087007874015
0
LINE
8
BLACK
6
CONTINUOUS
10
0.4587469291338583
20
1.0360087007874015
11
0.4576825196850394
21
1.0355677952755906
0
LINE
8
BLACK
6
CONTINUOUS
10
0.4576825196850394
20
1.0355677952755906
11
0.4571064566929134
21
1.035511062992126
0
LINE
8
BLACK
6
CONTINUOUS
10
0.4571064566929134
20
1.035511062992126
11
0.4353377559055118
21
1.035511062992126
0
LINE
8
BLACK
6
CONTINUOUS
10
0.4353377559055118
20
1.035511062992126
11
0.4504466535433071
21
1.0002568897637796
0
LINE
8
BLACK
6
CONTINUOUS
10
0.4504466535433071
20
1.0002568897637796
11
0.4506214173228346
21
0.9997050787401575
0
LINE
8
BLACK
6
CONTINUOUS
10
0.4506214173228346
20
0.9997050787401575
11
0.4506354724409449
21
0.998553031496063
0
LINE
8
BLACK
6
CONTINUOUS
10
0.4506354724409449
20
0.998553031496063
11
0.4502075984251969
21
0.9974833464566929
0
LINE
8
BLACK
6
CONTINUOUS
10
0.4502075984251969
20
0.9974833464566929
11
0.4494029133858268
21
0.9966588188976377
0
LINE
8
BLACK
6
CONTINUOUS
10
0.4494029133858268
20
0.9966588188976377
11
0.448343937007874
21
0.9962049606299213
0
LINE
8
BLACK
6
CONTINUOUS
10
0.448343937007874
20
0.9962049606299213
11
0.4471919291338582
21
0.9961909448818898
0
LINE
8
BLACK
6
CONTINUOUS
10
0.4471919291338582
20
0.9961909448818898
11
0.4461222440944882
21
0.9966188188976378
0
LINE
8
BLACK
6
CONTINUOUS
10
0.4461222440944882
20
0.9966188188976378
11
0.4452976771653543
21
0.9974234645669291
0
LINE
8
BLACK
6
CONTINUOUS
10
0.4452976771653543
20
0.9974234645669291
11
0.4450186220472441
21
0.9979305905511811
0
LINE
8
BLACK
6
CONTINUOUS
10
0.4450186220472441
20
0.9979305905511811
11
0.4281457480314961
21
1.0373006692913385
0
LINE
8
BLACK
6
CONTINUOUS
10
0.4281457480314961
20
1.0373006692913385
11
0.4279709842519685
21
1.0378525196850394
0
LINE
8
BLACK
6
CONTINUOUS
10
0.4279709842519685
20
1.0378525196850394
11
0.427970748031496
21
1.0378708267716534
0
LINE
8
BLACK
6
CONTINUOUS
10
0.427970748031496
20
1.0378708267716534
11
0.4279637401574803
21
1.0378877559055117
0
LINE
8
BLACK
6
CONTINUOUS
10
0.4279637401574803
20
1.0378877559055117
11
0.4279637401574803
21
1.0384462992125985
0
LINE
8
BLACK
6
CONTINUOUS
10
0.4279637401574803
20
1.0384462992125985
11
0.4279569291338582
21
1.0390045275590551
0
LINE
8
BLACK
6
CONTINUOUS
10
0.4279569291338582
20
1.0390045275590551
11
0.4279637401574803
21
1.0390215748031495
0
LINE
8
BLACK
6
CONTINUOUS
10
0.4279637401574803
20
1.0390215748031495
11
0.4279637401574803
21
1.0390398818897637
0
LINE
8
BLACK
6
CONTINUOUS
10
0.4279637401574803
20
1.0390398818897637
11
0.4281771653543307
21
1.0395552362204725
0
LINE
8
BLACK
6
CONTINUOUS
10
0.4281771653543307
20
1.0395552362204725
11
0.4283848031496063
21
1.0400742125984253
0
LINE
8
BLACK
6
CONTINUOUS
10
0.4283848031496063
20
1.0400742125984253
11
0.4283975984251969
21
1.0400873622047244
0
LINE
8
BLACK
6
CONTINUOUS
10
0.4283975984251969
20
1.0400873622047244
11
0.4284046456692913
21
1.0401042913385827
0
LINE
8
BLACK
6
CONTINUOUS
10
0.4284046456692913
20
1.0401042913385827
11
0.428799094488189
21
1.0404987795275591
0
LINE
8
BLACK
6
CONTINUOUS
10
0.428799094488189
20
1.0404987795275591
11
0.4291894881889763
21
1.040898779527559
0
LINE
8
BLACK
6
CONTINUOUS
10
0.4291894881889763
20
1.040898779527559
11
0.4292063385826771
21
1.0409060236220473
0
LINE
8
BLACK
6
CONTINUOUS
10
0.4292063385826771
20
1.0409060236220473
11
0.4292192913385827
21
1.040918937007874
0
LINE
8
BLACK
6
CONTINUOUS
10
0.4292192913385827
20
1.040918937007874
11
0.4297350393700787
21
1.0411325984251969
0
LINE
8
BLACK
6
CONTINUOUS
10
0.4297350393700787
20
1.0411325984251969
11
0.4302484645669291
21
1.0413525984251968
0
LINE
8
BLACK
6
CONTINUOUS
10
0.4302484645669291
20
1.0413525984251968
11
0.4302667322834646
21
1.0413528346456693
0
LINE
8
BLACK
6
CONTINUOUS
10
0.4302667322834646
20
1.0413528346456693
11
0.4302837007874016
21
1.0413598425196851
0
LINE
8
BLACK
6
CONTINUOUS
10
0.4302837007874016
20
1.0413598425196851
11
0.4308597637795276
21
1.0414165748031496
0
LINE
8
BLACK
6
CONTINUOUS
10
0.4308597637795276
20
1.0414165748031496
11
0.4571064566929134
21
1.0414165748031496
0
LINE
8
BLACK
6
CONTINUOUS
10
0.4571064566929134
20
1.0414165748031496
11
0.4576825196850394
21
1.0413598425196851
0
LINE
8
BLACK
6
CONTINUOUS
10
0.1071013385826772
20
1.0413598425196851
11
0.1081657480314961
21
1.040918937007874
0
LINE
8
BLACK
6
CONTINUOUS
10
0.1081657480314961
20
1.040918937007874
11
0.1089803937007874
21
1.0401042913385827
0
LINE
8
BLACK
6
CONTINUOUS
10
0.1089803937007874
20
1.0401042913385827
11
0.1094212992125984
21
1.0390398818897637
0
LINE
8
BLACK
6
CONTINUOUS
10
0.1094212992125984
20
1.0390398818897637
11
0.109478031496063
21
1.0384638188976378
0
LINE
8
BLACK
6
CONTINUOUS
10
0.109478031496063
20
1.0384638188976378
11
0.109478031496063
21
0.9990937401574803
0
LINE
8
BLACK
6
CONTINUOUS
10
0.109478031496063
20
0.9990937401574803
11
0.1094212992125984
21
0.9985176771653543
0
LINE
8
BLACK
6
CONTINUOUS
10
0.1094212992125984
20
0.9985176771653543
11
0.1089803937007874
21
0.9974532677165354
0
LINE
8
BLACK
6
CONTINUOUS
10
0.1089803937007874
20
0.9974532677165354
11
0.1081657480314961
21
0.9966386220472441
0
LINE
8
BLACK
6
CONTINUOUS
10
0.1081657480314961
20
0.9966386220472441
11
0.1071013385826772
21
0.9961977165354331
0
LINE
8
BLACK
6
CONTINUOUS
10
0.1071013385826772
20
0.9961977165354331
11
0.1059492125984252
21
0.9961977165354331
0
LINE
8
BLACK
6
CONTINUOUS
10
0.1059492125984252
20
0.9961977165354331
11
0.1048848031496063
21
0.9966386220472441
0
LINE
8
BLACK
6
CONTINUOUS
10
0.1048848031496063
20
0.9966386220472441
11
0.104070157480315
21
0.9974532677165354
0
LINE
8
BLACK
6
CONTINUOUS
10
0.104070157480315
20
0.9974532677165354
11
0.1036292519685039
21
0.9985176771653543
0
LINE
8
BLACK
6
CONTINUOUS
10
0.1036292519685039
20
0.9985176771653543
11
0.1035725196850394
21
0.9990937401574803
0
LINE
8
BLACK
6
CONTINUOUS
10
0.1035725196850394
20
0.9990937401574803
11
0.1035725196850394
21
1.0148886614173227
0
LINE
8
BLACK
6
CONTINUOUS
10
0.1035725196850394
20
1.0148886614173227
11
0.0915271653543307
21
1.0148886614173227
0
LINE
8
BLACK
6
CONTINUOUS
10
0.0915271653543307
20
1.0148886614173227
11
0.0909511023622047
21
1.0149453937007873
0
LINE
8
BLACK
6
CONTINUOUS
10
0.0909511023622047
20
1.0149453937007873
11
0.0908531102362205
21
1.0149859842519684
0
LINE
8
BLACK
6
CONTINUOUS
10
0.0908531102362205
20
1.0149859842519684
11
0.0907472440944882
21
1.0149935039370079
0
LINE
8
BLACK
6
CONTINUOUS
10
0.0907472440944882
20
1.0149935039370079
11
0.0902066535433071
21
1.0152003937007874
0
LINE
8
BLACK
6
CONTINUOUS
10
0.0902066535433071
20
1.0152003937007874
11
0.086457125984252
21
1.017075157480315
0
LINE
8
BLACK
6
CONTINUOUS
10
0.086457125984252
20
1.017075157480315
11
0.086209094488189
21
1.0172312598425197
0
LINE
8
BLACK
6
CONTINUOUS
10
0.086209094488189
20
1.0172312598425197
11
0.0861371653543307
21
1.0172610629921259
0
LINE
8
BLACK
6
CONTINUOUS
10
0.0861371653543307
20
1.0172610629921259
11
0.0860561811023622
21
1.0173275590551181
0
LINE
8
BLACK
6
CONTINUOUS
10
0.0860561811023622
20
1.0173275590551181
11
0.0859672440944882
21
1.0173835039370078
0
LINE
8
BLACK
6
CONTINUOUS
10
0.0859672440944882
20
1.0173835039370078
11
0.085916062992126
21
1.0174425196850394
0
LINE
8
BLACK
6
CONTINUOUS
10
0.085916062992126
20
1.0174425196850394
11
0.0856897244094488
21
1.0176282677165354
0
LINE
8
BLACK
6
CONTINUOUS
10
0.0856897244094488
20
1.0176282677165354
11
0.0838149606299213
21
1.0195030314960629
0
LINE
8
BLACK
6
CONTINUOUS
10
0.0838149606299213
20
1.0195030314960629
11
0.0836291732283465
21
1.019729409448819
0
LINE
8
BLACK
6
CONTINUOUS
10
0.0836291732283465
20
1.019729409448819
11
0.0835701968503937
21
1.0197805511811024
0
LINE
8
BLACK
6
CONTINUOUS
10
0.0835701968503937
20
1.0197805511811024
11
0.0835142125984252
21
1.019869527559055
0
LINE
8
BLACK
6
CONTINUOUS
10
0.0835142125984252
20
1.019869527559055
11
0.0834477559055118
21
1.0199504724409449
0
LINE
8
BLACK
6
CONTINUOUS
10
0.0834477559055118
20
1.0199504724409449
11
0.0834179133858268
21
1.0200224409448819
0
LINE
8
BLACK
6
CONTINUOUS
10
0.0834179133858268
20
1.0200224409448819
11
0.0832618503937008
21
1.0202704330708661
0
LINE
8
BLACK
6
CONTINUOUS
10
0.0832618503937008
20
1.0202704330708661
11
0.0813870866141732
21
1.0240199606299212
0
LINE
8
BLACK
6
CONTINUOUS
10
0.0813870866141732
20
1.0240199606299212
11
0.0811801968503937
21
1.024560590551181
0
LINE
8
BLACK
6
CONTINUOUS
10
0.0811801968503937
20
1.024560590551181
11
0.0811726771653543
21
1.0246664173228346
0
LINE
8
BLACK
6
CONTINUOUS
10
0.0811726771653543
20
1.0246664173228346
11
0.0811320866141732
21
1.0247644094488189
0
LINE
8
BLACK
6
CONTINUOUS
10
0.0811320866141732
20
1.0247644094488189
11
0.0810753543307087
21
1.0253404724409449
0
LINE
8
BLACK
6
CONTINUOUS
10
0.0810753543307087
20
1.0253404724409449
11
0.0810753543307087
21
1.0309647637795276
0
LINE
8
BLACK
6
CONTINUOUS
10
0.0810753543307087
20
1.0309647637795276
11
0.0811320866141732
21
1.0315408267716535
0
LINE
8
BLACK
6
CONTINUOUS
10
0.0811320866141732
20
1.0315408267716535
11
0.0811726771653543
21
1.0316388582677165
0
LINE
8
BLACK
6
CONTINUOUS
10
0.0811726771653543
20
1.0316388582677165
11
0.0811801968503937
21
1.0317446456692914
0
LINE
8
BLACK
6
CONTINUOUS
10
0.0811801968503937
20
1.0317446456692914
11
0.0813870866141732
21
1.0322852755905512
0
LINE
8
BLACK
6
CONTINUOUS
10
0.0813870866141732
20
1.0322852755905512
11
0.0832618503937008
21
1.0360348031496063
0
LINE
8
BLACK
6
CONTINUOUS
10
0.0832618503937008
20
1.0360348031496063
11
0.0834179133858268
21
1.0362828346456692
0
LINE
8
BLACK
6
CONTINUOUS
10
0.0834179133858268
20
1.0362828346456692
11
0.0834477559055118
21
1.0363547637795276
0
LINE
8
BLACK
6
CONTINUOUS
10
0.0834477559055118
20
1.0363547637795276
11
0.0835142125984252
21
1.0364357480314961
0
LINE
8
BLACK
6
CONTINUOUS
10
0.0835142125984252
20
1.0364357480314961
11
0.0835701968503937
21
1.0365246850393701
0
LINE
8
BLACK
6
CONTINUOUS
10
0.0835701968503937
20
1.0365246850393701
11
0.0836291732283465
21
1.0365758661417324
0
LINE
8
BLACK
6
CONTINUOUS
10
0.0836291732283465
20
1.0365758661417324
11
0.0838149606299213
21
1.0368022047244094
0
LINE
8
BLACK
6
CONTINUOUS
10
0.0838149606299213
20
1.0368022047244094
11
0.0856897244094488
21
1.038676968503937
0
LINE
8
BLACK
6
CONTINUOUS
10
0.0856897244094488
20
1.038676968503937
11
0.085916062992126
21
1.0388627559055117
0
LINE
8
BLACK
6
CONTINUOUS
10
0.085916062992126
20
1.0388627559055117
11
0.0859672440944882
21
1.0389217322834645
0
LINE
8
BLACK
6
CONTINUOUS
10
0.0859672440944882
20
1.0389217322834645
11
0.0860561811023622
21
1.038977716535433
0
LINE
8
BLACK
6
CONTINUOUS
10
0.0860561811023622
20
1.038977716535433
11
0.0861371653543307
21
1.0390441732283464
0
LINE
8
BLACK
6
CONTINUOUS
10
0.0861371653543307
20
1.0390441732283464
11
0.086209094488189
21
1.0390740157480314
0
LINE
8
BLACK
6
CONTINUOUS
10
0.086209094488189
20
1.0390740157480314
11
0.086457125984252
21
1.0392300787401574
0
LINE
8
BLACK
6
CONTINUOUS
10
0.086457125984252
20
1.0392300787401574
11
0.0902066535433071
21
1.0411048425196849
0
LINE
8
BLACK
6
CONTINUOUS
10
0.0902066535433071
20
1.0411048425196849
11
0.0907472440944882
21
1.0413117322834646
0
LINE
8
BLACK
6
CONTINUOUS
10
0.0907472440944882
20
1.0413117322834646
11
0.0908531102362205
21
1.0413192913385827
0
LINE
8
BLACK
6
CONTINUOUS
10
0.0908531102362205
20
1.0413192913385827
11
0.0909511023622047
21
1.0413598425196851
0
LINE
8
BLACK
6
CONTINUOUS
10
0.0909511023622047
20
1.0413598425196851
11
0.0915271653543307
21
1.0414165748031496
0
LINE
8
BLACK
6
CONTINUOUS
10
0.0915271653543307
20
1.0414165748031496
11
0.1065252755905512
21
1.0414165748031496
0
LINE
8
BLACK
6
CONTINUOUS
10
0.1065252755905512
20
1.0414165748031496
11
0.1071013385826772
21
1.0413598425196851
0
LINE
8
BLACK
6
CONTINUOUS
10
0.0895267322834646
20
1.0341623228346457
11
0.0883296062992126
21
1.0329651968503937
0
LINE
8
BLACK
6
CONTINUOUS
10
0.0883296062992126
20
1.0329651968503937
11
0.0869808661417323
21
1.030267716535433
0
LINE
8
BLACK
6
CONTINUOUS
10
0.0869808661417323
20
1.030267716535433
11
0.0869808661417323
21
1.0260375196850393
0
LINE
8
BLACK
6
CONTINUOUS
10
0.0869808661417323
20
1.0260375196850393
11
0.0883296062992126
21
1.0233400393700787
0
LINE
8
BLACK
6
CONTINUOUS
10
0.0883296062992126
20
1.0233400393700787
11
0.0895267322834646
21
1.0221429133858269
0
LINE
8
BLACK
6
CONTINUOUS
10
0.0895267322834646
20
1.0221429133858269
11
0.0922242125984252
21
1.0207941732283465
0
LINE
8
BLACK
6
CONTINUOUS
10
0.0922242125984252
20
1.0207941732283465
11
0.1035725196850394
21
1.0207941732283465
0
LINE
8
BLACK
6
CONTINUOUS
10
0.1035725196850394
20
1.0207941732283465
11
0.1035725196850394
21
1.035511062992126
0
LINE
8
BLACK
6
CONTINUOUS
10
0.1035725196850394
20
1.035511062992126
11
0.0922242125984252
21
1.035511062992126
0
LINE
8
BLACK
6
CONTINUOUS
10
0.0922242125984252
20
1.035511062992126
11
0.0895267322834646
21
1.0341623228346457
0
LINE
8
BLACK
6
CONTINUOUS
10
0.3034396850393701
20
1.0413598425196851
11
0.3039517322834646
21
1.0413598425196851
0
LINE
8
BLACK
6
CONTINUOUS
10
0.3039517322834646
20
1.0413598425196851
11
0.3040124803149606
21
1.0413346850393701
0
LINE
8
BLACK
6
CONTINUOUS
10
0.3040124803149606
20
1.0413346850393701
11
0.3040783464566929
21
1.0413317716535433
0
LINE
8
BLACK
6
CONTINUOUS
10
0.3040783464566929
20
1.0413317716535433
11
0.3045431889763779
21
1.0411148818897638
0
LINE
8
BLACK
6
CONTINUOUS
10
0.3045431889763779
20
1.0411148818897638
11
0.3050161417322835
21
1.040918937007874
0
LINE
8
BLACK
6
CONTINUOUS
10
0.3050161417322835
20
1.040918937007874
11
0.3050626377952756
21
1.040872440944882
0
LINE
8
BLACK
6
CONTINUOUS
10
0.3050626377952756
20
1.040872440944882
11
0.3051223622047244
21
1.0408445669291337
0
LINE
8
BLACK
6
CONTINUOUS
10
0.3051223622047244
20
1.0408445669291337
11
0.3054685826771654
21
1.0404664960629921
0
LINE
8
BLACK
6
CONTINUOUS
10
0.3054685826771654
20
1.0404664960629921
11
0.3058307874015748
21
1.0401042913385827
0
LINE
8
BLACK
6
CONTINUOUS
10
0.3058307874015748
20
1.0401042913385827
11
0.3058559842519685
21
1.0400434645669292
0
LINE
8
BLACK
6
CONTINUOUS
10
0.3058559842519685
20
1.0400434645669292
11
0.3059004724409449
21
1.0399948818897637
0
LINE
8
BLACK
6
CONTINUOUS
10
0.3059004724409449
20
1.0399948818897637
11
0.3060755511811024
21
1.0395133858267716
0
LINE
8
BLACK
6
CONTINUOUS
10
0.3060755511811024
20
1.0395133858267716
11
0.3062716929133858
21
1.0390398818897637
0
LINE
8
BLACK
6
CONTINUOUS
10
0.3062716929133858
20
1.0390398818897637
11
0.3062805905511811
21
1.038949527559055
0
LINE
8
BLACK
6
CONTINUOUS
10
0.3062805905511811
20
1.038949527559055
11
0.3062941732283465
21
1.0389121653543307
0
LINE
8
BLACK
6
CONTINUOUS
10
0.3062941732283465
20
1.0389121653543307
11
0.3062911023622047
21
1.0388426377952755
0
LINE
8
BLACK
6
CONTINUOUS
10
0.3062911023622047
20
1.0388426377952755
11
0.3063284251968504
21
1.0384638188976378
0
LINE
8
BLACK
6
CONTINUOUS
10
0.3063284251968504
20
1.0384638188976378
11
0.3063284251968504
21
0.9990937401574803
0
LINE
8
BLACK
6
CONTINUOUS
10
0.3063284251968504
20
0.9990937401574803
11
0.3062716929133858
21
0.9985176771653543
0
LINE
8
BLACK
6
CONTINUOUS
10
0.3062716929133858
20
0.9985176771653543
11
0.3058307874015748
21
0.9974532677165354
0
LINE
8
BLACK
6
CONTINUOUS
10
0.3058307874015748
20
0.9974532677165354
11
0.3050161417322835
21
0.9966386220472441
0
LINE
8
BLACK
6
CONTINUOUS
10
0.3050161417322835
20
0.9966386220472441
11
0.3039517322834646
21
0.9961977165354331
0
LINE
8
BLACK
6
CONTINUOUS
10
0.3039517322834646
20
0.9961977165354331
11
0.3027996062992126
21
0.9961977165354331
0
LINE
8
BLACK
6
CONTINUOUS
10
0.3027996062992126
20
0.9961977165354331
11
0.3017351968503937
21
0.9966386220472441
0
LINE
8
BLACK
6
CONTINUOUS
10
0.3017351968503937
20
0.9966386220472441
11
0.3009205511811023
21
0.9974532677165354
0
LINE
8
BLACK
6
CONTINUOUS
10
0.3009205511811023
20
0.9974532677165354
11
0.3004796456692913
21
0.9985176771653543
0
LINE
8
BLACK
6
CONTINUOUS
10
0.3004796456692913
20
0.9985176771653543
11
0.3004229133858268
21
0.9990937401574803
0
LINE
8
BLACK
6
CONTINUOUS
10
0.3004229133858268
20
0.9990937401574803
11
0.3004229133858268
21
1.0251540944881889
0
LINE
8
BLACK
6
CONTINUOUS
10
0.3004229133858268
20
1.0251540944881889
11
0.2929280708661417
21
1.0090937007874015
0
LINE
8
BLACK
6
CONTINUOUS
10
0.2929280708661417
20
1.0090937007874015
11
0.2928031102362205
21
1.0088827952755905
0
LINE
8
BLACK
6
CONTINUOUS
10
0.2928031102362205
20
1.0088827952755905
11
0.292777125984252
21
1.0088112992125984
0
LINE
8
BLACK
6
CONTINUOUS
10
0.292777125984252
20
1.0088112992125984
11
0.2927307874015748
21
1.008760748031496
0
LINE
8
BLACK
6
CONTINUOUS
10
0.2927307874015748
20
1.008760748031496
11
0.292633031496063
21
1.0085956692913385
0
LINE
8
BLACK
6
CONTINUOUS
10
0.292633031496063
20
1.0085956692913385
11
0.2923022047244094
21
1.0082927559055117
0
LINE
8
BLACK
6
CONTINUOUS
10
0.2923022047244094
20
1.0082927559055117
11
0.2919990157480315
21
1.0079616141732284
0
LINE
8
BLACK
6
CONTINUOUS
10
0.2919990157480315
20
1.0079616141732284
11
0.2918800393700787
21
1.0079061417322834
0
LINE
8
BLACK
6
CONTINUOUS
10
0.2918800393700787
20
1.0079061417322834
11
0.2917833858267717
21
1.0078175590551182
0
LINE
8
BLACK
6
CONTINUOUS
10
0.2917833858267717
20
1.0078175590551182
11
0.2913618897637795
21
1.0076643307086615
0
LINE
8
BLACK
6
CONTINUOUS
10
0.2913618897637795
20
1.0076643307086615
11
0.290955
21
1.0074744094488188
0
LINE
8
BLACK
6
CONTINUOUS
10
0.290955
20
1.0074744094488188
11
0.2908238188976378
21
1.0074686614173227
0
LINE
8
BLACK
6
CONTINUOUS
10
0.2908238188976378
20
1.0074686614173227
11
0.2907006692913386
21
1.0074238582677164
0
LINE
8
BLACK
6
CONTINUOUS
10
0.2907006692913386
20
1.0074238582677164
11
0.2902525590551181
21
1.0074435433070865
0
LINE
8
BLACK
6
CONTINUOUS
10
0.2902525590551181
20
1.0074435433070865
11
0.2898039763779527
21
1.0074238188976379
0
LINE
8
BLACK
6
CONTINUOUS
10
0.2898039763779527
20
1.0074238188976379
11
0.2896806692913386
21
1.0074686614173227
0
LINE
8
BLACK
6
CONTINUOUS
10
0.2896806692913386
20
1.0074686614173227
11
0.2895496456692913
21
1.0074744094488188
0
LINE
8
BLACK
6
CONTINUOUS
10
0.2895496456692913
20
1.0074744094488188
11
0.2891429921259843
21
1.0076642125984252
0
LINE
8
BLACK
6
CONTINUOUS
10
0.2891429921259843
20
1.0076642125984252
11
0.2887212598425197
21
1.0078175590551182
0
LINE
8
BLACK
6
CONTINUOUS
10
0.2887212598425197
20
1.0078175590551182
11
0.2886244488188976
21
1.0079062204724409
0
LINE
8
BLACK
6
CONTINUOUS
10
0.2886244488188976
20
1.0079062204724409
11
0.2885056299212598
21
1.0079616535433071
0
LINE
8
BLACK
6
CONTINUOUS
10
0.2885056299212598
20
1.0079616535433071
11
0.2882026771653543
21
1.0082924803149607
0
LINE
8
BLACK
6
CONTINUOUS
10
0.2882026771653543
20
1.0082924803149607
11
0.2878716141732283
21
1.0085956299212597
0
LINE
8
BLACK
6
CONTINUOUS
10
0.2878716141732283
20
1.0085956299212597
11
0.2877737401574803
21
1.0087608267716535
0
LINE
8
BLACK
6
CONTINUOUS
10
0.2877737401574803
20
1.0087608267716535
11
0.2877275196850393
21
1.0088112992125984
0
LINE
8
BLACK
6
CONTINUOUS
10
0.2877275196850393
20
1.0088112992125984
11
0.2877015354330709
21
1.0088826771653543
0
LINE
8
BLACK
6
CONTINUOUS
10
0.2877015354330709
20
1.0088826771653543
11
0.2875765748031496
21
1.0090936614173227
0
LINE
8
BLACK
6
CONTINUOUS
10
0.2875765748031496
20
1.0090936614173227
11
0.2800817322834646
21
1.0251540944881889
0
LINE
8
BLACK
6
CONTINUOUS
10
0.2800817322834646
20
1.0251540944881889
11
0.2800817322834646
21
0.9990937401574803
0
LINE
8
BLACK
6
CONTINUOUS
10
0.2800817322834646
20
0.9990937401574803
11
0.280025
21
0.9985176771653543
0
LINE
8
BLACK
6
CONTINUOUS
10
0.280025
20
0.9985176771653543
11
0.279584094488189
21
0.9974532677165354
0
LINE
8
BLACK
6
CONTINUOUS
10
0.279584094488189
20
0.9974532677165354
11
0.2787694488188976
21
0.9966386220472441
0
LINE
8
BLACK
6
CONTINUOUS
10
0.2787694488188976
20
0.9966386220472441
11
0.2777050393700787
21
0.9961977165354331
0
LINE
8
BLACK
6
CONTINUOUS
10
0.2777050393700787
20
0.9961977165354331
11
0.2765529133858268
21
0.9961977165354331
0
LINE
8
BLACK
6
CONTINUOUS
10
0.2765529133858268
20
0.9961977165354331
11
0.2754885039370079
21
0.9966386220472441
0
LINE
8
BLACK
6
CONTINUOUS
10
0.2754885039370079
20
0.9966386220472441
11
0.2746738582677165
21
0.9974532677165354
0
LINE
8
BLACK
6
CONTINUOUS
10
0.2746738582677165
20
0.9974532677165354
11
0.2742329527559055
21
0.9985176771653543
0
LINE
8
BLACK
6
CONTINUOUS
10
0.2742329527559055
20
0.9985176771653543
11
0.2741762204724409
21
0.9990937401574803
0
LINE
8
BLACK
6
CONTINUOUS
10
0.2741762204724409
20
0.9990937401574803
11
0.2741762204724409
21
1.0384638188976378
0
LINE
8
BLACK
6
CONTINUOUS
10
0.2741762204724409
20
1.0384638188976378
11
0.2742135039370079
21
1.0388426377952755
0
LINE
8
BLACK
6
CONTINUOUS
10
0.2742135039370079
20
1.0388426377952755
11
0.2742104724409449
21
1.0389121653543307
0
LINE
8
BLACK
6
CONTINUOUS
10
0.2742104724409449
20
1.0389121653543307
11
0.2742240157480315
21
1.038949527559055
0
LINE
8
BLACK
6
CONTINUOUS
10
0.2742240157480315
20
1.038949527559055
11
0.2742329527559055
21
1.0390398818897637
0
LINE
8
BLACK
6
CONTINUOUS
10
0.2742329527559055
20
1.0390398818897637
11
0.2744290551181102
21
1.0395133858267716
0
LINE
8
BLACK
6
CONTINUOUS
10
0.2744290551181102
20
1.0395133858267716
11
0.2746041732283465
21
1.0399948818897637
0
LINE
8
BLACK
6
CONTINUOUS
10
0.2746041732283465
20
1.0399948818897637
11
0.2746486220472441
21
1.0400434645669292
0
LINE
8
BLACK
6
CONTINUOUS
10
0.2746486220472441
20
1.0400434645669292
11
0.2746738582677165
21
1.0401042913385827
0
LINE
8
BLACK
6
CONTINUOUS
10
0.2746738582677165
20
1.0401042913385827
11
0.2750362598425197
21
1.0404667322834646
0
LINE
8
BLACK
6
CONTINUOUS
10
0.2750362598425197
20
1.0404667322834646
11
0.2753822834645669
21
1.040844527559055
0
LINE
8
BLACK
6
CONTINUOUS
10
0.2753822834645669
20
1.040844527559055
11
0.2754419291338583
21
1.0408724015748032
0
LINE
8
BLACK
6
CONTINUOUS
10
0.2754419291338583
20
1.0408724015748032
11
0.2754885039370079
21
1.040918937007874
0
LINE
8
BLACK
6
CONTINUOUS
10
0.2754885039370079
20
1.040918937007874
11
0.2759617716535433
21
1.041115
0
LINE
8
BLACK
6
CONTINUOUS
10
0.2759617716535433
20
1.041115
11
0.2764262992125984
21
1.0413317716535433
0
LINE
8
BLACK
6
CONTINUOUS
10
0.2764262992125984
20
1.0413317716535433
11
0.2764920866141732
21
1.0413346850393701
0
LINE
8
BLACK
6
CONTINUOUS
10
0.2764920866141732
20
1.0413346850393701
11
0.2765529133858268
21
1.0413598425196851
0
LINE
8
BLACK
6
CONTINUOUS
10
0.2765529133858268
20
1.0413598425196851
11
0.2770654724409449
21
1.0413598425196851
0
LINE
8
BLACK
6
CONTINUOUS
10
0.2770654724409449
20
1.0413598425196851
11
0.2775773228346456
21
1.0413823228346457
0
LINE
8
BLACK
6
CONTINUOUS
10
0.2775773228346456
20
1.0413823228346457
11
0.2776391338582677
21
1.0413598425196851
0
LINE
8
BLACK
6
CONTINUOUS
10
0.2776391338582677
20
1.0413598425196851
11
0.2777050393700787
21
1.0413598425196851
0
LINE
8
BLACK
6
CONTINUOUS
10
0.2777050393700787
20
1.0413598425196851
11
0.2781785039370079
21
1.0411637401574803
0
LINE
8
BLACK
6
CONTINUOUS
10
0.2781785039370079
20
1.0411637401574803
11
0.2786600393700787
21
1.040988622047244
0
LINE
8
BLACK
6
CONTINUOUS
10
0.2786600393700787
20
1.040988622047244
11
0.2787085826771654
21
1.0409441732283464
0
LINE
8
BLACK
6
CONTINUOUS
10
0.2787085826771654
20
1.0409441732283464
11
0.2787694488188976
21
1.040918937007874
0
LINE
8
BLACK
6
CONTINUOUS
10
0.2787694488188976
20
1.040918937007874
11
0.2791318503937008
21
1.0405565354330708
0
LINE
8
BLACK
6
CONTINUOUS
10
0.2791318503937008
20
1.0405565354330708
11
0.2795096850393701
21
1.0402105118110236
0
LINE
8
BLACK
6
CONTINUOUS
10
0.2795096850393701
20
1.0402105118110236
11
0.279555905511811
21
1.0401324803149605
0
LINE
8
BLACK
6
CONTINUOUS
10
0.279555905511811
20
1.0401324803149605
11
0.279584094488189
21
1.0401042913385827
0
LINE
8
BLACK
6
CONTINUOUS
10
0.279584094488189
20
1.0401042913385827
11
0.2796107874015748
21
1.0400398818897638
0
LINE
8
BLACK
6
CONTINUOUS
10
0.2796107874015748
20
1.0400398818897638
11
0.2798047244094488
21
1.0397124803149607
0
LINE
8
BLACK
6
CONTINUOUS
10
0.2798047244094488
20
1.0397124803149607
11
0.2902522834645669
21
1.0173248031496063
0
LINE
8
BLACK
6
CONTINUOUS
10
0.2902522834645669
20
1.0173248031496063
11
0.3006999212598425
21
1.0397125196850394
0
LINE
8
BLACK
6
CONTINUOUS
10
0.3006999212598425
20
1.0397125196850394
11
0.3008938976377953
21
1.0400400000000001
0
LINE
8
BLACK
6
CONTINUOUS
10
0.3008938976377953
20
1.0400400000000001
11
0.3009205511811023
21
1.0401042913385827
0
LINE
8
BLACK
6
CONTINUOUS
10
0.3009205511811023
20
1.0401042913385827
11
0.3009486614173228
21
1.0401324409448818
0
LINE
8
BLACK
6
CONTINUOUS
10
0.3009486614173228
20
1.0401324409448818
11
0.3009949606299213
21
1.0402105511811024
0
LINE
8
BLACK
6
CONTINUOUS
10
0.3009949606299213
20
1.0402105511811024
11
0.301373031496063
21
1.0405568110236221
0
LINE
8
BLACK
6
CONTINUOUS
10
0.301373031496063
20
1.0405568110236221
11
0.3017351968503937
21
1.040918937007874
0
LINE
8
BLACK
6
CONTINUOUS
10
0.3017351968503937
20
1.040918937007874
11
0.3017960236220472
21
1.0409441338582677
0
LINE
8
BLACK
6
CONTINUOUS
10
0.3017960236220472
20
1.0409441338582677
11
0.3018446062992126
21
1.040988622047244
0
LINE
8
BLACK
6
CONTINUOUS
10
0.3018446062992126
20
1.040988622047244
11
0.3023264173228347
21
1.0411638582677165
0
LINE
8
BLACK
6
CONTINUOUS
10
0.3023264173228347
20
1.0411638582677165
11
0.3027996062992126
21
1.0413598425196851
0
LINE
8
BLACK
6
CONTINUOUS
10
0.3027996062992126
20
1.0413598425196851
11
0.3028653937007874
21
1.0413598425196851
0
LINE
8
BLACK
6
CONTINUOUS
10
0.3028653937007874
20
1.0413598425196851
11
0.3029273228346457
21
1.0413823622047245
0
LINE
8
BLACK
6
CONTINUOUS
10
0.3029273228346457
20
1.0413823622047245
11
0.3034396850393701
21
1.0413598425196851
0
LINE
8
BLACK
6
CONTINUOUS
10
0.4737450787401575
20
1.040918937007874
11
0.4745597244094488
21
1.0401042913385827
0
LINE
8
BLACK
6
CONTINUOUS
10
0.4745597244094488
20
1.0401042913385827
11
0.4750006299212599
21
1.0390398818897637
0
LINE
8
BLACK
6
CONTINUOUS
10
0.4750006299212599
20
1.0390398818897637
11
0.4750573622047244
21
1.0384638188976378
0
LINE
8
BLACK
6
CONTINUOUS
10
0.4750573622047244
20
1.0384638188976378
11
0.4750573622047244
21
1.0226689370078741
0
LINE
8
BLACK
6
CONTINUOUS
10
0.4750573622047244
20
1.0226689370078741
11
0.4916490157480315
21
1.0226689370078741
0
LINE
8
BLACK
6
CONTINUOUS
10
0.4916490157480315
20
1.0226689370078741
11
0.4916490157480315
21
1.0384638188976378
0
LINE
8
BLACK
6
CONTINUOUS
10
0.4916490157480315
20
1.0384638188976378
11
0.491705748031496
21
1.0390398818897637
0
LINE
8
BLACK
6
CONTINUOUS
10
0.491705748031496
20
1.0390398818897637
11
0.4921466535433071
21
1.0401042913385827
0
LINE
8
BLACK
6
CONTINUOUS
10
0.4921466535433071
20
1.0401042913385827
11
0.4929612992125984
21
1.040918937007874
0
LINE
8
BLACK
6
CONTINUOUS
10
0.4929612992125984
20
1.040918937007874
11
0.4940257086614173
21
1.0413598425196851
0
LINE
8
BLACK
6
CONTINUOUS
10
0.4940257086614173
20
1.0413598425196851
11
0.4951778346456693
21
1.0413598425196851
0
LINE
8
BLACK
6
CONTINUOUS
10
0.4951778346456693
20
1.0413598425196851
11
0.4962422440944882
21
1.040918937007874
0
LINE
8
BLACK
6
CONTINUOUS
10
0.4962422440944882
20
1.040918937007874
11
0.4970568897637795
21
1.0401042913385827
0
LINE
8
BLACK
6
CONTINUOUS
10
0.4970568897637795
20
1.0401042913385827
11
0.4974977952755905
21
1.0390398818897637
0
LINE
8
BLACK
6
CONTINUOUS
10
0.4974977952755905
20
1.0390398818897637
11
0.4975545275590551
21
1.0384638188976378
0
LINE
8
BLACK
6
CONTINUOUS
10
0.4975545275590551
20
1.0384638188976378
11
0.4975545275590551
21
0.9990937401574803
0
LINE
8
BLACK
6
CONTINUOUS
10
0.4975545275590551
20
0.9990937401574803
11
0.4974977952755905
21
0.9985176771653543
0
LINE
8
BLACK
6
CONTINUOUS
10
0.4974977952755905
20
0.9985176771653543
11
0.4970568897637795
21
0.9974532677165354
0
LINE
8
BLACK
6
CONTINUOUS
10
0.4970568897637795
20
0.9974532677165354
11
0.4962422440944882
21
0.9966386220472441
0
LINE
8
BLACK
6
CONTINUOUS
10
0.4962422440944882
20
0.9966386220472441
11
0.4951778346456693
21
0.9961977165354331
0
LINE
8
BLACK
6
CONTINUOUS
10
0.4951778346456693
20
0.9961977165354331
11
0.4940257086614173
21
0.9961977165354331
0
LINE
8
BLACK
6
CONTINUOUS
10
0.4940257086614173
20
0.9961977165354331
11
0.4929612992125984
21
0.9966386220472441
0
LINE
8
BLACK
6
CONTINUOUS
10
0.4929612992125984
20
0.9966386220472441
11
0.4921466535433071
21
0.9974532677165354
0
LINE
8
BLACK
6
CONTINUOUS
10
0.4921466535433071
20
0.9974532677165354
11
0.491705748031496
21
0.9985176771653543
0
LINE
8
BLACK
6
CONTINUOUS
10
0.491705748031496
20
0.9985176771653543
11
0.4916490157480315
21
0.9990937401574803
0
LINE
8
BLACK
6
CONTINUOUS
10
0.4916490157480315
20
0.9990937401574803
11
0.4916490157480315
21
1.0167634251968505
0
LINE
8
BLACK
6
CONTINUOUS
10
0.4916490157480315
20
1.0167634251968505
11
0.4750573622047244
21
1.0167634251968505
0
LINE
8
BLACK
6
CONTINUOUS
10
0.4750573622047244
20
1.0167634251968505
11
0.4750573622047244
21
0.9990937401574803
0
LINE
8
BLACK
6
CONTINUOUS
10
0.4750573622047244
20
0.9990937401574803
11
0.4750006299212599
21
0.9985176771653543
0
LINE
8
BLACK
6
CONTINUOUS
10
0.4750006299212599
20
0.9985176771653543
11
0.4745597244094488
21
0.9974532677165354
0
LINE
8
BLACK
6
CONTINUOUS
10
0.4745597244094488
20
0.9974532677165354
11
0.4737450787401575
21
0.9966386220472441
0
LINE
8
BLACK
6
CONTINUOUS
10
0.4737450787401575
20
0.9966386220472441
11
0.4726806692913386
21
0.9961977165354331
0
LINE
8
BLACK
6
CONTINUOUS
10
0.4726806692913386
20
0.9961977165354331
11
0.4715285433070866
21
0.9961977165354331
0
LINE
8
BLACK
6
CONTINUOUS
10
0.4715285433070866
20
0.9961977165354331
11
0.4704641338582677
21
0.9966386220472441
0
LINE
8
BLACK
6
CONTINUOUS
10
0.4704641338582677
20
0.9966386220472441
11
0.4696494881889764
21
0.9974532677165354
0
LINE
8
BLACK
6
CONTINUOUS
10
0.4696494881889764
20
0.9974532677165354
11
0.4692085826771654
21
0.9985176771653543
0
LINE
8
BLACK
6
CONTINUOUS
10
0.4692085826771654
20
0.9985176771653543
11
0.4691518503937008
21
0.9990937401574803
0
LINE
8
BLACK
6
CONTINUOUS
10
0.4691518503937008
20
0.9990937401574803
11
0.4691518503937008
21
1.0384638188976378
0
LINE
8
BLACK
6
CONTINUOUS
10
0.4691518503937008
20
1.0384638188976378
11
0.4692085826771654
21
1.0390398818897637
0
LINE
8
BLACK
6
CONTINUOUS
10
0.4692085826771654
20
1.0390398818897637
11
0.4696494881889764
21
1.0401042913385827
0
LINE
8
BLACK
6
CONTINUOUS
10
0.4696494881889764
20
1.0401042913385827
11
0.4704641338582677
21
1.040918937007874
0
LINE
8
BLACK
6
CONTINUOUS
10
0.4704641338582677
20
1.040918937007874
11
0.4715285433070866
21
1.0413598425196851
0
LINE
8
BLACK
6
CONTINUOUS
10
0.4715285433070866
20
1.0413598425196851
11
0.4726806692913386
21
1.0413598425196851
0
LINE
8
BLACK
6
CONTINUOUS
10
0.4726806692913386
20
1.0413598425196851
11
0.4737450787401575
21
1.040918937007874
0
LINE
8
BLACK
6
CONTINUOUS
10
0.5396601574803149
20
1.0413598425196851
11
0.5401722047244094
21
1.0413598425196851
0
LINE
8
BLACK
6
CONTINUOUS
10
0.5401722047244094
20
1.0413598425196851
11
0.5402329527559055
21
1.0413346850393701
0
LINE
8
BLACK
6
CONTINUOUS
10
0.5402329527559055
20
1.0413346850393701
11
0.5402988188976378
21
1.0413317716535433
0
LINE
8
BLACK
6
CONTINUOUS
10
0.5402988188976378
20
1.0413317716535433
11
0.5407636614173228
21
1.0411148818897638
0
LINE
8
BLACK
6
CONTINUOUS
10
0.5407636614173228
20
1.0411148818897638
11
0.5412366141732283
21
1.040918937007874
0
LINE
8
BLACK
6
CONTINUOUS
10
0.5412366141732283
20
1.040918937007874
11
0.5412831102362204
21
1.040872440944882
0
LINE
8
BLACK
6
CONTINUOUS
10
0.5412831102362204
20
1.040872440944882
11
0.5413428346456692
21
1.0408445669291337
0
LINE
8
BLACK
6
CONTINUOUS
10
0.5413428346456692
20
1.0408445669291337
11
0.5416890551181103
21
1.0404664960629921
0
LINE
8
BLACK
6
CONTINUOUS
10
0.5416890551181103
20
1.0404664960629921
11
0.5420512598425197
21
1.0401042913385827
0
LINE
8
BLACK
6
CONTINUOUS
10
0.5420512598425197
20
1.0401042913385827
11
0.5420764566929134
21
1.0400434645669292
0
LINE
8
BLACK
6
CONTINUOUS
10
0.5420764566929134
20
1.0400434645669292
11
0.5421209448818898
21
1.0399948818897637
0
LINE
8
BLACK
6
CONTINUOUS
10
0.5421209448818898
20
1.0399948818897637
11
0.5422960236220472
21
1.0395133858267716
0
LINE
8
BLACK
6
CONTINUOUS
10
0.5422960236220472
20
1.0395133858267716
11
0.5424921653543306
21
1.0390398818897637
0
LINE
8
BLACK
6
CONTINUOUS
10
0.5424921653543306
20
1.0390398818897637
11
0.542501062992126
21
1.038949527559055
0
LINE
8
BLACK
6
CONTINUOUS
10
0.542501062992126
20
1.038949527559055
11
0.5425146456692913
21
1.0389121653543307
0
LINE
8
BLACK
6
CONTINUOUS
10
0.5425146456692913
20
1.0389121653543307
11
0.5425115748031496
21
1.0388426377952755
0
LINE
8
BLACK
6
CONTINUOUS
10
0.5425115748031496
20
1.0388426377952755
11
0.5425488976377952
21
1.0384638188976378
0
LINE
8
BLACK
6
CONTINUOUS
10
0.5425488976377952
20
1.0384638188976378
11
0.5425488976377952
21
0.9990937401574803
0
LINE
8
BLACK
6
CONTINUOUS
10
0.5425488976377952
20
0.9990937401574803
11
0.5424921653543306
21
0.9985176771653543
0
LINE
8
BLACK
6
CONTINUOUS
10
0.5424921653543306
20
0.9985176771653543
11
0.5420512598425197
21
0.9974532677165354
0
LINE
8
BLACK
6
CONTINUOUS
10
0.5420512598425197
20
0.9974532677165354
11
0.5412366141732283
21
0.9966386220472441
0
LINE
8
BLACK
6
CONTINUOUS
10
0.5412366141732283
20
0.9966386220472441
11
0.5401722047244094
21
0.9961977165354331
0
LINE
8
BLACK
6
CONTINUOUS
10
0.5401722047244094
20
0.9961977165354331
11
0.5390200787401574
21
0.9961977165354331
0
LINE
8
BLACK
6
CONTINUOUS
10
0.5390200787401574
20
0.9961977165354331
11
0.5379556692913385
21
0.9966386220472441
0
LINE
8
BLACK
6
CONTINUOUS
10
0.5379556692913385
20
0.9966386220472441
11
0.5371410236220472
21
0.9974532677165354
0
LINE
8
BLACK
6
CONTINUOUS
10
0.5371410236220472
20
0.9974532677165354
11
0.5367001181102362
21
0.9985176771653543
0
LINE
8
BLACK
6
CONTINUOUS
10
0.5367001181102362
20
0.9985176771653543
11
0.5366433858267716
21
0.9990937401574803
0
LINE
8
BLACK
6
CONTINUOUS
10
0.5366433858267716
20
0.9990937401574803
11
0.5366433858267716
21
1.0251540944881889
0
LINE
8
BLACK
6
CONTINUOUS
10
0.5366433858267716
20
1.0251540944881889
11
0.5291485433070866
21
1.0090937007874015
0
LINE
8
BLACK
6
CONTINUOUS
10
0.5291485433070866
20
1.0090937007874015
11
0.5290235826771653
21
1.0088827952755905
0
LINE
8
BLACK
6
CONTINUOUS
10
0.5290235826771653
20
1.0088827952755905
11
0.5289975984251969
21
1.0088112992125984
0
LINE
8
BLACK
6
CONTINUOUS
10
0.5289975984251969
20
1.0088112992125984
11
0.5289512598425197
21
1.008760748031496
0
LINE
8
BLACK
6
CONTINUOUS
10
0.5289512598425197
20
1.008760748031496
11
0.5288535039370078
21
1.0085956692913385
0
LINE
8
BLACK
6
CONTINUOUS
10
0.5288535039370078
20
1.0085956692913385
11
0.5285226771653543
21
1.0082927559055117
0
LINE
8
BLACK
6
CONTINUOUS
10
0.5285226771653543
20
1.0082927559055117
11
0.5282194881889763
21
1.0079616141732284
0
LINE
8
BLACK
6
CONTINUOUS
10
0.5282194881889763
20
1.0079616141732284
11
0.5281005118110236
21
1.0079061417322834
0
LINE
8
BLACK
6
CONTINUOUS
10
0.5281005118110236
20
1.0079061417322834
11
0.5280038582677166
21
1.0078175590551182
0
LINE
8
BLACK
6
CONTINUOUS
10
0.5280038582677166
20
1.0078175590551182
11
0.5275823622047244
21
1.0076643307086615
0
LINE
8
BLACK
6
CONTINUOUS
10
0.5275823622047244
20
1.0076643307086615
11
0.5271754724409449
21
1.0074744094488188
0
LINE
8
BLACK
6
CONTINUOUS
10
0.5271754724409449
20
1.0074744094488188
11
0.5270442913385827
21
1.0074686614173227
0
LINE
8
BLACK
6
CONTINUOUS
10
0.5270442913385827
20
1.0074686614173227
11
0.5269211417322834
21
1.0074238582677164
0
LINE
8
BLACK
6
CONTINUOUS
10
0.5269211417322834
20
1.0074238582677164
11
0.5264730314960629
21
1.0074435433070865
0
LINE
8
BLACK
6
CONTINUOUS
10
0.5264730314960629
20
1.0074435433070865
11
0.5260244488188976
21
1.0074238188976379
0
LINE
8
BLACK
6
CONTINUOUS
10
0.5260244488188976
20
1.0074238188976379
11
0.5259011417322834
21
1.0074686614173227
0
LINE
8
BLACK
6
CONTINUOUS
10
0.5259011417322834
20
1.0074686614173227
11
0.5257701181102362
21
1.0074744094488188
0
LINE
8
BLACK
6
CONTINUOUS
10
0.5257701181102362
20
1.0074744094488188
11
0.5253634645669292
21
1.0076642125984252
0
LINE
8
BLACK
6
CONTINUOUS
10
0.5253634645669292
20
1.0076642125984252
11
0.5249417322834645
21
1.0078175590551182
0
LINE
8
BLACK
6
CONTINUOUS
10
0.5249417322834645
20
1.0078175590551182
11
0.5248449212598425
21
1.0079062204724409
0
LINE
8
BLACK
6
CONTINUOUS
10
0.5248449212598425
20
1.0079062204724409
11
0.5247261023622047
21
1.0079616535433071
0
LINE
8
BLACK
6
CONTINUOUS
10
0.5247261023622047
20
1.0079616535433071
11
0.5244231496062992
21
1.0082924803149607
0
LINE
8
BLACK
6
CONTINUOUS
10
0.5244231496062992
20
1.0082924803149607
11
0.5240920866141732
21
1.0085956299212597
0
LINE
8
BLACK
6
CONTINUOUS
10
0.5240920866141732
20
1.0085956299212597
11
0.5239942125984252
21
1.0087608267716535
0
LINE
8
BLACK
6
CONTINUOUS
10
0.5239942125984252
20
1.0087608267716535
11
0.5239479921259842
21
1.0088112992125984
0
LINE
8
BLACK
6
CONTINUOUS
10
0.5239479921259842
20
1.0088112992125984
11
0.5239220078740158
21
1.0088826771653543
0
LINE
8
BLACK
6
CONTINUOUS
10
0.5239220078740158
20
1.0088826771653543
11
0.5237970472440945
21
1.0090936614173227
0
LINE
8
BLACK
6
CONTINUOUS
10
0.5237970472440945
20
1.0090936614173227
11
0.5163022047244095
21
1.0251540944881889
0
LINE
8
BLACK
6
CONTINUOUS
10
0.5163022047244095
20
1.0251540944881889
11
0.5163022047244095
21
0.9990937401574803
0
LINE
8
BLACK
6
CONTINUOUS
10
0.5163022047244095
20
0.9990937401574803
11
0.5162454724409449
21
0.9985176771653543
0
LINE
8
BLACK
6
CONTINUOUS
10
0.5162454724409449
20
0.9985176771653543
11
0.5158045669291339
21
0.9974532677165354
0
LINE
8
BLACK
6
CONTINUOUS
10
0.5158045669291339
20
0.9974532677165354
11
0.5149899212598426
21
0.9966386220472441
0
LINE
8
BLACK
6
CONTINUOUS
10
0.5149899212598426
20
0.9966386220472441
11
0.5139255118110236
21
0.9961977165354331
0
LINE
8
BLACK
6
CONTINUOUS
10
0.5139255118110236
20
0.9961977165354331
11
0.5127733858267717
21
0.9961977165354331
0
LINE
8
BLACK
6
CONTINUOUS
10
0.5127733858267717
20
0.9961977165354331
11
0.5117089763779528
21
0.9966386220472441
0
LINE
8
BLACK
6
CONTINUOUS
10
0.5117089763779528
20
0.9966386220472441
11
0.5108943307086614
21
0.9974532677165354
0
LINE
8
BLACK
6
CONTINUOUS
10
0.5108943307086614
20
0.9974532677165354
11
0.5104534251968503
21
0.9985176771653543
0
LINE
8
BLACK
6
CONTINUOUS
10
0.5104534251968503
20
0.9985176771653543
11
0.5103966929133859
21
0.9990937401574803
0
LINE
8
BLACK
6
CONTINUOUS
10
0.5103966929133859
20
0.9990937401574803
11
0.5103966929133859
21
1.0384638188976378
0
LINE
8
BLACK
6
CONTINUOUS
10
0.5103966929133859
20
1.0384638188976378
11
0.5104339763779527
21
1.0388426377952755
0
LINE
8
BLACK
6
CONTINUOUS
10
0.5104339763779527
20
1.0388426377952755
11
0.5104309448818898
21
1.0389121653543307
0
LINE
8
BLACK
6
CONTINUOUS
10
0.5104309448818898
20
1.0389121653543307
11
0.5104444881889764
21
1.038949527559055
0
LINE
8
BLACK
6
CONTINUOUS
10
0.5104444881889764
20
1.038949527559055
11
0.5104534251968503
21
1.0390398818897637
0
LINE
8
BLACK
6
CONTINUOUS
10
0.5104534251968503
20
1.0390398818897637
11
0.5106495275590551
21
1.0395133858267716
0
LINE
8
BLACK
6
CONTINUOUS
10
0.5106495275590551
20
1.0395133858267716
11
0.5108246456692913
21
1.0399948818897637
0
LINE
8
BLACK
6
CONTINUOUS
10
0.5108246456692913
20
1.0399948818897637
11
0.510869094488189
21
1.0400434645669292
0
LINE
8
BLACK
6
CONTINUOUS
10
0.510869094488189
20
1.0400434645669292
11
0.5108943307086614
21
1.0401042913385827
0
LINE
8
BLACK
6
CONTINUOUS
10
0.5108943307086614
20
1.0401042913385827
11
0.5112567322834646
21
1.0404667322834646
0
LINE
8
BLACK
6
CONTINUOUS
10
0.5112567322834646
20
1.0404667322834646
11
0.5116027559055119
21
1.040844527559055
0
LINE
8
BLACK
6
CONTINUOUS
10
0.5116027559055119
20
1.040844527559055
11
0.5116624015748031
21
1.0408724015748032
0
LINE
8
BLACK
6
CONTINUOUS
10
0.5116624015748031
20
1.0408724015748032
11
0.5117089763779528
21
1.040918937007874
0
LINE
8
BLACK
6
CONTINUOUS
10
0.5117089763779528
20
1.040918937007874
11
0.5121822440944882
21
1.041115
0
LINE
8
BLACK
6
CONTINUOUS
10
0.5121822440944882
20
1.041115
11
0.5126467716535433
21
1.0413317716535433
0
LINE
8
BLACK
6
CONTINUOUS
10
0.5126467716535433
20
1.0413317716535433
11
0.5127125590551181
21
1.0413346850393701
0
LINE
8
BLACK
6
CONTINUOUS
10
0.5127125590551181
20
1.0413346850393701
11
0.5127733858267717
21
1.0413598425196851
0
LINE
8
BLACK
6
CONTINUOUS
10
0.5127733858267717
20
1.0413598425196851
11
0.5132859448818897
21
1.0413598425196851
0
LINE
8
BLACK
6
CONTINUOUS
10
0.5132859448818897
20
1.0413598425196851
11
0.5137977952755906
21
1.0413823228346457
0
LINE
8
BLACK
6
CONTINUOUS
10
0.5137977952755906
20
1.0413823228346457
11
0.5138596062992126
21
1.0413598425196851
0
LINE
8
BLACK
6
CONTINUOUS
10
0.5138596062992126
20
1.0413598425196851
11
0.5139255118110236
21
1.0413598425196851
0
LINE
8
BLACK
6
CONTINUOUS
10
0.5139255118110236
20
1.0413598425196851
11
0.5143989763779527
21
1.0411637401574803
0
LINE
8
BLACK
6
CONTINUOUS
10
0.5143989763779527
20
1.0411637401574803
11
0.5148805118110236
21
1.040988622047244
0
LINE
8
BLACK
6
CONTINUOUS
10
0.5148805118110236
20
1.040988622047244
11
0.5149290551181103
21
1.0409441732283464
0
LINE
8
BLACK
6
CONTINUOUS
10
0.5149290551181103
20
1.0409441732283464
11
0.5149899212598426
21
1.040918937007874
0
LINE
8
BLACK
6
CONTINUOUS
10
0.5149899212598426
20
1.040918937007874
11
0.5153523228346456
21
1.0405565354330708
0
LINE
8
BLACK
6
CONTINUOUS
10
0.5153523228346456
20
1.0405565354330708
11
0.5157301574803149
21
1.0402105118110236
0
LINE
8
BLACK
6
CONTINUOUS
10
0.5157301574803149
20
1.0402105118110236
11
0.5157763779527559
21
1.0401324803149605
0
LINE
8
BLACK
6
CONTINUOUS
10
0.5157763779527559
20
1.0401324803149605
11
0.5158045669291339
21
1.0401042913385827
0
LINE
8
BLACK
6
CONTINUOUS
10
0.5158045669291339
20
1.0401042913385827
11
0.5158312598425197
21
1.0400398818897638
0
LINE
8
BLACK
6
CONTINUOUS
10
0.5158312598425197
20
1.0400398818897638
11
0.5160251968503937
21
1.0397124803149607
0
LINE
8
BLACK
6
CONTINUOUS
10
0.5160251968503937
20
1.0397124803149607
11
0.5264727559055118
21
1.0173248031496063
0
LINE
8
BLACK
6
CONTINUOUS
10
0.5264727559055118
20
1.0173248031496063
11
0.5369203937007874
21
1.0397125196850394
0
LINE
8
BLACK
6
CONTINUOUS
10
0.5369203937007874
20
1.0397125196850394
11
0.5371143700787402
21
1.0400400000000001
0
LINE
8
BLACK
6
CONTINUOUS
10
0.5371143700787402
20
1.0400400000000001
11
0.5371410236220472
21
1.0401042913385827
0
LINE
8
BLACK
6
CONTINUOUS
10
0.5371410236220472
20
1.0401042913385827
11
0.5371691338582677
21
1.0401324409448818
0
LINE
8
BLACK
6
CONTINUOUS
10
0.5371691338582677
20
1.0401324409448818
11
0.5372154330708662
21
1.0402105511811024
0
LINE
8
BLACK
6
CONTINUOUS
10
0.5372154330708662
20
1.0402105511811024
11
0.5375935039370079
21
1.0405568110236221
0
LINE
8
BLACK
6
CONTINUOUS
10
0.5375935039370079
20
1.0405568110236221
11
0.5379556692913385
21
1.040918937007874
0
LINE
8
BLACK
6
CONTINUOUS
10
0.5379556692913385
20
1.040918937007874
11
0.5380164960629921
21
1.0409441338582677
0
LINE
8
BLACK
6
CONTINUOUS
10
0.5380164960629921
20
1.0409441338582677
11
0.5380650787401575
21
1.040988622047244
0
LINE
8
BLACK
6
CONTINUOUS
10
0.5380650787401575
20
1.040988622047244
11
0.5385468897637795
21
1.0411638582677165
0
LINE
8
BLACK
6
CONTINUOUS
10
0.5385468897637795
20
1.0411638582677165
11
0.5390200787401574
21
1.0413598425196851
0
LINE
8
BLACK
6
CONTINUOUS
10
0.5390200787401574
20
1.0413598425196851
11
0.5390858661417323
21
1.0413598425196851
0
LINE
8
BLACK
6
CONTINUOUS
10
0.5390858661417323
20
1.0413598425196851
11
0.5391477952755905
21
1.0413823622047245
0
LINE
8
BLACK
6
CONTINUOUS
10
0.5391477952755905
20
1.0413823622047245
11
0.5396601574803149
21
1.0413598425196851
0
CIRCLE
8
BLACK
10
0.85
20
0.25
40
0.0068897637795276
0
CIRCLE
8
BLACK
10
0.75
20
0.25
40
0.0068897637795276
0
CIRCLE
8
BLACK
10
0.85
20
0.35
40
0.0068897637795276
0
CIRCLE
8
BLACK
10
0.75
20
0.35
40
0.0068897637795276
0
CIRCLE
8
BLACK
10
0.85
20
0.45
40
0.0068897637795276
0
CIRCLE
8
BLACK
10
0.75
20
0.45
40
0.0068897637795276
0
CIRCLE
8
BLACK
10
0.85
20
0.5499999999999999
40
0.0068897637795276
0
CIRCLE
8
BLACK
10
0.75
20
0.5499999999999999
40
0.0068897637795276
0
CIRCLE
8
BLACK
10
0.
20
1.2
40
0.0068897637795276
0
CIRCLE
8
BLACK
10
0.7999999999999999
20
0.
40
0.0068897637795276
0
CIRCLE
8
BLACK
10
0.85
20
0.65
40
0.0068897637795276
0
CIRCLE
8
BLACK
10
0.75
20
0.65
40
0.0068897637795276
0
CIRCLE
8
BLACK
10
0.85
20
0.75
40
0.0068897637795276
0
CIRCLE
8
BLACK
10
0.75
20
0.75
40
0.0068897637795276
0
CIRCLE
8
BLACK
10
0.85
20
0.85
40
0.0068897637795276
0
CIRCLE
8
BLACK
10
0.75
20
0.85
40
0.0068897637795276
0
CIRCLE
8
BLACK
10
0.85
20
0.95
40
0.0068897637795276
0
CIRCLE
8
BLACK
10
0.75
20
0.95
40
0.0068897637795276
0
CIRCLE
8
BLACK
10
0.4
20
0.
40
0.0068897637795276
0
CIRCLE
8
BLACK
10
0.3
20
0.1
40
0.0068897637795276
0
CIRCLE
8
BLACK
10
0.3
20
-0.1
40
0.0068897637795276
0
CIRCLE
8
BLACK
10
0.5
20
0.1
40
0.0068897637795276
0
CIRCLE
8
BLACK
10
0.5
20
-0.1
40
0.0068897637795276
0
CIRCLE
8
BLACK
10
0.4
20
0.7
40
0.0068897637795276
0
CIRCLE
8
BLACK
10
0.5
20
0.7
40
0.0068897637795276
0
CIRCLE
8
BLACK
10
0.4
20
0.6
40
0.0068897637795276
0
CIRCLE
8
BLACK
10
0.5
20
0.6
40
0.0068897637795276
0
CIRCLE
8
BLACK
10
0.4
20
0.5
40
0.0068897637795276
0
CIRCLE
8
BLACK
10
0.5
20
0.5
40
0.0068897637795276
0
CIRCLE
8
BLACK
10
0.
20
0.7999999999999999
40
0.0068897637795276
0
CIRCLE
8
BLACK
10
-0.1
20
0.9
40
0.0068897637795276
0
CIRCLE
8
BLACK
10
-0.1
20
0.7
40
0.0068897637795276
0
CIRCLE
8
BLACK
10
0.1
20
0.9
40
0.0068897637795276
0
CIRCLE
8
BLACK
10
0.1
20
0.7
40
0.0068897637795276
0
CIRCLE
8
BLACK
10
0.
20
0.
40
0.0068897637795276
0
CIRCLE
8
BLACK
10
0.7999999999999999
20
1.2
40
0.0068897637795276
0
CIRCLE
8
BLACK
10
0.4
20
1.2
40
0.0068897637795276
0
CIRCLE
8
BLACK
10
0.3
20
1.3
40
0.0068897637795276
0
CIRCLE
8
BLACK
10
0.3
20
1.0999999999999999
40
0.0068897637795276
0
CIRCLE
8
BLACK
10
0.5
20
1.3
40
0.0068897637795276
0
CIRCLE
8
BLACK
10
0.5
20
1.0999999999999999
40
0.0068897637795276
0
CIRCLE
8
BLACK
10
0.
20
0.4
40
0.0068897637795276
0
CIRCLE
8
BLACK
10
-0.1
20
0.5
40
0.0068897637795276
0
CIRCLE
8
BLACK
10
-0.1
20
0.3
40
0.0068897637795276
0
CIRCLE
8
BLACK
10
0.1
20
0.5
40
0.0068897637795276
0
CIRCLE
8
BLACK
10
0.1
20
0.3
40
0.0068897637795276
0
CIRCLE
8
BLACK
10
0.85
20
0.25
40
0.0068897637795276
0
CIRCLE
8
BLACK
10
0.75
20
0.25
40
0.0068897637795276
0
CIRCLE
8
BLACK
10
0.85
20
0.35
40
0.0068897637795276
0
CIRCLE
8
BLACK
10
0.75
20
0.35
40
0.0068897637795276
0
CIRCLE
8
BLACK
10
0.85
20
0.45
40
0.0068897637795276
0
CIRCLE
8
BLACK
10
0.75
20
0.45
40
0.0068897637795276
0
CIRCLE
8
BLACK
10
0.85
20
0.5499999999999999
40
0.0068897637795276
0
CIRCLE
8
BLACK
10
0.75
20
0.5499999999999999
40
0.0068897637795276
0
CIRCLE
8
BLACK
10
0.
20
1.2
40
0.0068897637795276
0
CIRCLE
8
BLACK
10
0.7999999999999999
20
0.
40
0.0068897637795276
0
CIRCLE
8
BLACK
10
0.85
20
0.65
40
0.0068897637795276
0
CIRCLE
8
BLACK
10
0.75
20
0.65
40
0.0068897637795276
0
CIRCLE
8
BLACK
10
0.85
20
0.75
40
0.0068897637795276
0
CIRCLE
8
BLACK
10
0.75
20
0.75
40
0.0068897637795276
0
CIRCLE
8
BLACK
10
0.85
20
0.85
40
0.0068897637795276
0
CIRCLE
8
BLACK
10
0.75
20
0.85
40
0.0068897637795276
0
CIRCLE
8
BLACK
10
0.85
20
0.95
40
0.0068897637795276
0
CIRCLE
8
BLACK
10
0.75
20
0.95
40
0.0068897637795276
0
CIRCLE
8
BLACK
10
0.4
20
0.
40
0.0068897637795276
0
CIRCLE
8
BLACK
10
0.3
20
0.1
40
0.0068897637795276
0
CIRCLE
8
BLACK
10
0.3
20
-0.1
40
0.0068897637795276
0
CIRCLE
8
BLACK
10
0.5
20
0.1
40
0.0068897637795276
0
CIRCLE
8
BLACK
10
0.5
20
-0.1
40
0.0068897637795276
0
CIRCLE
8
BLACK
10
0.4
20
0.7
40
0.0068897637795276
0
CIRCLE
8
BLACK
10
0.5
20
0.7
40
0.0068897637795276
0
CIRCLE
8
BLACK
10
0.4
20
0.6
40
0.0068897637795276
0
CIRCLE
8
BLACK
10
0.5
20
0.6
40
0.0068897637795276
0
CIRCLE
8
BLACK
10
0.4
20
0.5
40
0.0068897637795276
0
CIRCLE
8
BLACK
10
0.5
20
0.5
40
0.0068897637795276
0
CIRCLE
8
BLACK
10
0.
20
0.7999999999999999
40
0.0068897637795276
0
CIRCLE
8
BLACK
10
-0.1
20
0.9
40
0.0068897637795276
0
CIRCLE
8
BLACK
10
-0.1
20
0.7
40
0.0068897637795276
0
CIRCLE
8
BLACK
10
0.1
20
0.9
40
0.0068897637795276
0
CIRCLE
8
BLACK
10
0.1
20
0.7
40
0.0068897637795276
0
CIRCLE
8
BLACK
10
0.
20
0.
40
0.0068897637795276
0
CIRCLE
8
BLACK
10
0.7999999999999999
20
1.2
40
0.0068897637795276
0
CIRCLE
8
BLACK
10
0.4
20
1.2
40
0.0068897637795276
0
CIRCLE
8
BLACK
10
0.3
20
1.3
40
0.0068897637795276
0
CIRCLE
8
BLACK
10
0.3
20
1.0999999999999999
40
0.0068897637795276
0
CIRCLE
8
BLACK
10
0.5
20
1.3
40
0.0068897637795276
0
CIRCLE
8
BLACK
10
0.5
20
1.0999999999999999
40
0.0068897637795276
0
CIRCLE
8
BLACK
10
0.
20
0.4
40
0.0068897637795276
0
CIRCLE
8
BLACK
10
-0.1
20
0.5
40
0.0068897637795276
0
CIRCLE
8
BLACK
10
-0.1
20
0.3
40
0.0068897637795276
0
CIRCLE
8
BLACK
10
0.1
20
0.5
40
0.0068897637795276
0
CIRCLE
8
BLACK
10
0.1
20
0.3
40
0.0068897637795276
  0
ENDSEC
  0
EOF
