  0
SECTION
  2
HEADER
  9
$ANGBASE
  50
0.0
  9
$ANGDIR
  70
1
  9
$MEASUREMENT
  70
0
  0
ENDSEC
  0
SECTION
  2
TABLES
  0
TABLE
  2
LTYPE
  70
4
  0
LTYPE
  5
40F
  2
CONTINUOUS
  70
0
  3
Solid line
  72
65
  73
0
  40
0.0
  0
LTYPE
  5
410
  2
DASHDOT
 70
0
  3
Dash Dot ____ _ ____ _
 72
65
 73
4
 40
2.0
 49
1.25
 49
-0.25
 49
0.25
 49
-0.25
  0
LTYPE
  5
411
  2
DASHED
 70
0
  3
Dashed __ __ __ __ __
 72
65
 73
2
 40
0.75
 49
0.5
 49
-0.25
  0
LTYPE
  5
43B
  2
DOTTED
 70
0
  3
Dotted .  .  .  .
 72
65
 73
2
 40
0.2
 49
0.0
 49
-0.2
  0
ENDTAB
  0
TABLE
  2
STYLE
  70
4
  0
STYLE
  2
KICAD
  70
0
  40
0
  41
1
  42
1
  50
0
  71
0
  3
isocp.shx
  0
STYLE
  2
KICADB
  70
0
  40
0
  41
1
  42
1
  50
0
  71
0
  3
isocp.shx
  0
STYLE
  2
KICADI
  70
0
  40
0
  41
1
  42
1
  50
15
  71
0
  3
isocp.shx
  0
STYLE
  2
KICADBI
  70
0
  40
0
  41
1
  42
1
  50
15
  71
0
  3
isocp.shx
  0
ENDTAB
  0
TABLE
  2
LAYER
  70
1
  0
LAYER
  2
BLACK
  70
0
  62
7
  6
CONTINUOUS
  0
ENDTAB
  0
ENDSEC
  0
SECTION
  2
ENTITIES
0
LINE
8
BLACK
6
CONTINUOUS
10
0.4114884645669291
20
0.0478528346456693
11
0.4188328346456693
21
0.0454664960629921
0
LINE
8
BLACK
6
CONTINUOUS
10
0.4188328346456693
20
0.0454664960629921
11
0.4257135039370079
21
0.0419606299212598
0
LINE
8
BLACK
6
CONTINUOUS
10
0.4257135039370079
20
0.0419606299212598
11
0.4319610236220472
21
0.0374215354330709
0
LINE
8
BLACK
6
CONTINUOUS
10
0.4319610236220472
20
0.0374215354330709
11
0.4374215354330708
21
0.0319610236220472
0
LINE
8
BLACK
6
CONTINUOUS
10
0.4374215354330708
20
0.0319610236220472
11
0.4419606299212598
21
0.0257135039370079
0
LINE
8
BLACK
6
CONTINUOUS
10
0.4419606299212598
20
0.0257135039370079
11
0.4454664960629921
21
0.0188328346456693
0
LINE
8
BLACK
6
CONTINUOUS
10
0.4454664960629921
20
0.0188328346456693
11
0.4478528346456693
21
0.0114884645669291
0
LINE
8
BLACK
6
CONTINUOUS
10
0.4478528346456693
20
0.0114884645669291
11
0.449060905511811
21
0.0038611811023622
0
LINE
8
BLACK
6
CONTINUOUS
10
0.449060905511811
20
0.0038611811023622
11
0.449060905511811
21
-0.0038611811023622
0
LINE
8
BLACK
6
CONTINUOUS
10
0.449060905511811
20
-0.0038611811023622
11
0.4478528346456693
21
-0.0114884645669291
0
LINE
8
BLACK
6
CONTINUOUS
10
0.4478528346456693
20
-0.0114884645669291
11
0.4454664960629921
21
-0.0188328346456693
0
LINE
8
BLACK
6
CONTINUOUS
10
0.4454664960629921
20
-0.0188328346456693
11
0.4419606299212598
21
-0.0257135039370079
0
LINE
8
BLACK
6
CONTINUOUS
10
0.4419606299212598
20
-0.0257135039370079
11
0.4374215354330708
21
-0.0319610236220472
0
LINE
8
BLACK
6
CONTINUOUS
10
0.4374215354330708
20
-0.0319610236220472
11
0.4319610236220472
21
-0.0374215354330709
0
LINE
8
BLACK
6
CONTINUOUS
10
0.4319610236220472
20
-0.0374215354330709
11
0.4257135039370079
21
-0.0419606299212598
0
LINE
8
BLACK
6
CONTINUOUS
10
0.4257135039370079
20
-0.0419606299212598
11
0.4188328346456693
21
-0.0454664960629921
0
LINE
8
BLACK
6
CONTINUOUS
10
0.4188328346456693
20
-0.0454664960629921
11
0.4114884645669291
21
-0.0478528346456693
0
LINE
8
BLACK
6
CONTINUOUS
10
0.4114884645669291
20
-0.0478528346456693
11
0.4038611811023622
21
-0.049060905511811
0
LINE
8
BLACK
6
CONTINUOUS
10
0.4038611811023622
20
-0.049060905511811
11
0.3961388188976378
21
-0.049060905511811
0
LINE
8
BLACK
6
CONTINUOUS
10
0.3961388188976378
20
-0.049060905511811
11
0.3885115354330709
21
-0.0478528346456693
0
LINE
8
BLACK
6
CONTINUOUS
10
0.3885115354330709
20
-0.0478528346456693
11
0.3811671653543307
21
-0.0454664960629921
0
LINE
8
BLACK
6
CONTINUOUS
10
0.3811671653543307
20
-0.0454664960629921
11
0.3742864960629921
21
-0.0419606299212598
0
LINE
8
BLACK
6
CONTINUOUS
10
0.3742864960629921
20
-0.0419606299212598
11
0.3680389763779527
21
-0.0374215354330709
0
LINE
8
BLACK
6
CONTINUOUS
10
0.3680389763779527
20
-0.0374215354330709
11
0.3625784645669291
21
-0.0319610236220472
0
LINE
8
BLACK
6
CONTINUOUS
10
0.3625784645669291
20
-0.0319610236220472
11
0.3580393700787401
21
-0.0257135039370079
0
LINE
8
BLACK
6
CONTINUOUS
10
0.3580393700787401
20
-0.0257135039370079
11
0.3545335039370079
21
-0.0188328346456693
0
LINE
8
BLACK
6
CONTINUOUS
10
0.3545335039370079
20
-0.0188328346456693
11
0.3521471653543307
21
-0.0114884645669291
0
LINE
8
BLACK
6
CONTINUOUS
10
0.3521471653543307
20
-0.0114884645669291
11
0.3509390944881889
21
-0.0038611811023622
0
LINE
8
BLACK
6
CONTINUOUS
10
0.3509390944881889
20
-0.0038611811023622
11
0.3509390944881889
21
0.0038611811023622
0
LINE
8
BLACK
6
CONTINUOUS
10
0.3509390944881889
20
0.0038611811023622
11
0.3521471653543307
21
0.0114884645669291
0
LINE
8
BLACK
6
CONTINUOUS
10
0.3521471653543307
20
0.0114884645669291
11
0.3545335039370079
21
0.0188328346456693
0
LINE
8
BLACK
6
CONTINUOUS
10
0.3545335039370079
20
0.0188328346456693
11
0.3580393700787401
21
0.0257135039370079
0
LINE
8
BLACK
6
CONTINUOUS
10
0.3580393700787401
20
0.0257135039370079
11
0.3625784645669291
21
0.0319610236220472
0
LINE
8
BLACK
6
CONTINUOUS
10
0.3625784645669291
20
0.0319610236220472
11
0.3680389763779527
21
0.0374215354330709
0
LINE
8
BLACK
6
CONTINUOUS
10
0.3680389763779527
20
0.0374215354330709
11
0.3742864960629921
21
0.0419606299212598
0
LINE
8
BLACK
6
CONTINUOUS
10
0.3742864960629921
20
0.0419606299212598
11
0.3811671653543307
21
0.0454664960629921
0
LINE
8
BLACK
6
CONTINUOUS
10
0.3811671653543307
20
0.0454664960629921
11
0.3885115354330709
21
0.0478528346456693
0
LINE
8
BLACK
6
CONTINUOUS
10
0.3885115354330709
20
0.0478528346456693
11
0.3961388188976378
21
0.049060905511811
0
LINE
8
BLACK
6
CONTINUOUS
10
0.3961388188976378
20
0.049060905511811
11
0.4038611811023622
21
0.049060905511811
0
LINE
8
BLACK
6
CONTINUOUS
10
0.4038611811023622
20
0.049060905511811
11
0.4114884645669291
21
0.0478528346456693
0
LINE
8
BLACK
6
CONTINUOUS
10
0.0114884645669291
20
0.4478528346456693
11
0.0188328346456693
21
0.4454664960629921
0
LINE
8
BLACK
6
CONTINUOUS
10
0.0188328346456693
20
0.4454664960629921
11
0.0257135039370079
21
0.4419606299212598
0
LINE
8
BLACK
6
CONTINUOUS
10
0.0257135039370079
20
0.4419606299212598
11
0.0319610236220472
21
0.4374215354330708
0
LINE
8
BLACK
6
CONTINUOUS
10
0.0319610236220472
20
0.4374215354330708
11
0.0374215354330709
21
0.4319610236220472
0
LINE
8
BLACK
6
CONTINUOUS
10
0.0374215354330709
20
0.4319610236220472
11
0.0419606299212598
21
0.4257135039370079
0
LINE
8
BLACK
6
CONTINUOUS
10
0.0419606299212598
20
0.4257135039370079
11
0.0454664960629921
21
0.4188328346456693
0
LINE
8
BLACK
6
CONTINUOUS
10
0.0454664960629921
20
0.4188328346456693
11
0.0478528346456693
21
0.4114884645669291
0
LINE
8
BLACK
6
CONTINUOUS
10
0.0478528346456693
20
0.4114884645669291
11
0.049060905511811
21
0.4038611811023622
0
LINE
8
BLACK
6
CONTINUOUS
10
0.049060905511811
20
0.4038611811023622
11
0.049060905511811
21
0.3961388188976378
0
LINE
8
BLACK
6
CONTINUOUS
10
0.049060905511811
20
0.3961388188976378
11
0.0478528346456693
21
0.3885115354330709
0
LINE
8
BLACK
6
CONTINUOUS
10
0.0478528346456693
20
0.3885115354330709
11
0.0454664960629921
21
0.3811671653543307
0
LINE
8
BLACK
6
CONTINUOUS
10
0.0454664960629921
20
0.3811671653543307
11
0.0419606299212598
21
0.3742864960629921
0
LINE
8
BLACK
6
CONTINUOUS
10
0.0419606299212598
20
0.3742864960629921
11
0.0374215354330709
21
0.3680389763779527
0
LINE
8
BLACK
6
CONTINUOUS
10
0.0374215354330709
20
0.3680389763779527
11
0.0319610236220472
21
0.3625784645669291
0
LINE
8
BLACK
6
CONTINUOUS
10
0.0319610236220472
20
0.3625784645669291
11
0.0257135039370079
21
0.3580393700787401
0
LINE
8
BLACK
6
CONTINUOUS
10
0.0257135039370079
20
0.3580393700787401
11
0.0188328346456693
21
0.3545335039370079
0
LINE
8
BLACK
6
CONTINUOUS
10
0.0188328346456693
20
0.3545335039370079
11
0.0114884645669291
21
0.3521471653543307
0
LINE
8
BLACK
6
CONTINUOUS
10
0.0114884645669291
20
0.3521471653543307
11
0.0038611811023622
21
0.3509390944881889
0
LINE
8
BLACK
6
CONTINUOUS
10
0.0038611811023622
20
0.3509390944881889
11
-0.0038611811023622
21
0.3509390944881889
0
LINE
8
BLACK
6
CONTINUOUS
10
-0.0038611811023622
20
0.3509390944881889
11
-0.0114884645669291
21
0.3521471653543307
0
LINE
8
BLACK
6
CONTINUOUS
10
-0.0114884645669291
20
0.3521471653543307
11
-0.0188328346456693
21
0.3545335039370079
0
LINE
8
BLACK
6
CONTINUOUS
10
-0.0188328346456693
20
0.3545335039370079
11
-0.0257135039370079
21
0.3580393700787401
0
LINE
8
BLACK
6
CONTINUOUS
10
-0.0257135039370079
20
0.3580393700787401
11
-0.0319610236220472
21
0.3625784645669291
0
LINE
8
BLACK
6
CONTINUOUS
10
-0.0319610236220472
20
0.3625784645669291
11
-0.0374215354330709
21
0.3680389763779527
0
LINE
8
BLACK
6
CONTINUOUS
10
-0.0374215354330709
20
0.3680389763779527
11
-0.0419606299212598
21
0.3742864960629921
0
LINE
8
BLACK
6
CONTINUOUS
10
-0.0419606299212598
20
0.3742864960629921
11
-0.0454664960629921
21
0.3811671653543307
0
LINE
8
BLACK
6
CONTINUOUS
10
-0.0454664960629921
20
0.3811671653543307
11
-0.0478528346456693
21
0.3885115354330709
0
LINE
8
BLACK
6
CONTINUOUS
10
-0.0478528346456693
20
0.3885115354330709
11
-0.049060905511811
21
0.3961388188976378
0
LINE
8
BLACK
6
CONTINUOUS
10
-0.049060905511811
20
0.3961388188976378
11
-0.049060905511811
21
0.4038611811023622
0
LINE
8
BLACK
6
CONTINUOUS
10
-0.049060905511811
20
0.4038611811023622
11
-0.0478528346456693
21
0.4114884645669291
0
LINE
8
BLACK
6
CONTINUOUS
10
-0.0478528346456693
20
0.4114884645669291
11
-0.0454664960629921
21
0.4188328346456693
0
LINE
8
BLACK
6
CONTINUOUS
10
-0.0454664960629921
20
0.4188328346456693
11
-0.0419606299212598
21
0.4257135039370079
0
LINE
8
BLACK
6
CONTINUOUS
10
-0.0419606299212598
20
0.4257135039370079
11
-0.0374215354330709
21
0.4319610236220472
0
LINE
8
BLACK
6
CONTINUOUS
10
-0.0374215354330709
20
0.4319610236220472
11
-0.0319610236220472
21
0.4374215354330708
0
LINE
8
BLACK
6
CONTINUOUS
10
-0.0319610236220472
20
0.4374215354330708
11
-0.0257135039370079
21
0.4419606299212598
0
LINE
8
BLACK
6
CONTINUOUS
10
-0.0257135039370079
20
0.4419606299212598
11
-0.0188328346456693
21
0.4454664960629921
0
LINE
8
BLACK
6
CONTINUOUS
10
-0.0188328346456693
20
0.4454664960629921
11
-0.0114884645669291
21
0.4478528346456693
0
LINE
8
BLACK
6
CONTINUOUS
10
-0.0114884645669291
20
0.4478528346456693
11
-0.0038611811023622
21
0.449060905511811
0
LINE
8
BLACK
6
CONTINUOUS
10
-0.0038611811023622
20
0.449060905511811
11
0.0038611811023622
21
0.449060905511811
0
LINE
8
BLACK
6
CONTINUOUS
10
0.0038611811023622
20
0.449060905511811
11
0.0114884645669291
21
0.4478528346456693
0
LINE
8
BLACK
6
CONTINUOUS
10
0.78
20
0.32
11
0.72
21
0.32
0
LINE
8
BLACK
6
CONTINUOUS
10
0.72
20
0.32
11
0.72
21
0.38
0
LINE
8
BLACK
6
CONTINUOUS
10
0.72
20
0.38
11
0.78
21
0.38
0
LINE
8
BLACK
6
CONTINUOUS
10
0.78
20
0.38
11
0.78
21
0.32
0
LINE
8
BLACK
6
CONTINUOUS
10
0.88
20
0.32
11
0.82
21
0.32
0
LINE
8
BLACK
6
CONTINUOUS
10
0.82
20
0.32
11
0.82
21
0.38
0
LINE
8
BLACK
6
CONTINUOUS
10
0.82
20
0.38
11
0.88
21
0.38
0
LINE
8
BLACK
6
CONTINUOUS
10
0.88
20
0.38
11
0.88
21
0.32
0
LINE
8
BLACK
6
CONTINUOUS
10
0.78
20
0.42
11
0.72
21
0.42
0
LINE
8
BLACK
6
CONTINUOUS
10
0.72
20
0.42
11
0.72
21
0.48
0
LINE
8
BLACK
6
CONTINUOUS
10
0.72
20
0.48
11
0.78
21
0.48
0
LINE
8
BLACK
6
CONTINUOUS
10
0.78
20
0.48
11
0.78
21
0.42
0
LINE
8
BLACK
6
CONTINUOUS
10
0.88
20
0.42
11
0.82
21
0.42
0
LINE
8
BLACK
6
CONTINUOUS
10
0.82
20
0.42
11
0.82
21
0.48
0
LINE
8
BLACK
6
CONTINUOUS
10
0.82
20
0.48
11
0.88
21
0.48
0
LINE
8
BLACK
6
CONTINUOUS
10
0.88
20
0.48
11
0.88
21
0.42
0
LINE
8
BLACK
6
CONTINUOUS
10
0.43
20
0.57
11
0.37
21
0.57
0
LINE
8
BLACK
6
CONTINUOUS
10
0.37
20
0.57
11
0.37
21
0.63
0
LINE
8
BLACK
6
CONTINUOUS
10
0.37
20
0.63
11
0.43
21
0.63
0
LINE
8
BLACK
6
CONTINUOUS
10
0.43
20
0.63
11
0.43
21
0.57
0
LINE
8
BLACK
6
CONTINUOUS
10
0.53
20
0.57
11
0.47
21
0.57
0
LINE
8
BLACK
6
CONTINUOUS
10
0.47
20
0.57
11
0.47
21
0.63
0
LINE
8
BLACK
6
CONTINUOUS
10
0.47
20
0.63
11
0.53
21
0.63
0
LINE
8
BLACK
6
CONTINUOUS
10
0.53
20
0.63
11
0.53
21
0.57
0
LINE
8
BLACK
6
CONTINUOUS
10
0.0114884645669291
20
0.8478528346456693
11
0.0188328346456693
21
0.8454664960629921
0
LINE
8
BLACK
6
CONTINUOUS
10
0.0188328346456693
20
0.8454664960629921
11
0.0257135039370079
21
0.8419606299212599
0
LINE
8
BLACK
6
CONTINUOUS
10
0.0257135039370079
20
0.8419606299212599
11
0.0319610236220472
21
0.8374215354330709
0
LINE
8
BLACK
6
CONTINUOUS
10
0.0319610236220472
20
0.8374215354330709
11
0.0374215354330709
21
0.8319610236220473
0
LINE
8
BLACK
6
CONTINUOUS
10
0.0374215354330709
20
0.8319610236220473
11
0.0419606299212598
21
0.8257135039370078
0
LINE
8
BLACK
6
CONTINUOUS
10
0.0419606299212598
20
0.8257135039370078
11
0.0454664960629921
21
0.8188328346456692
0
LINE
8
BLACK
6
CONTINUOUS
10
0.0454664960629921
20
0.8188328346456692
11
0.0478528346456693
21
0.8114884645669291
0
LINE
8
BLACK
6
CONTINUOUS
10
0.0478528346456693
20
0.8114884645669291
11
0.049060905511811
21
0.8038611811023622
0
LINE
8
BLACK
6
CONTINUOUS
10
0.049060905511811
20
0.8038611811023622
11
0.049060905511811
21
0.7961388188976378
0
LINE
8
BLACK
6
CONTINUOUS
10
0.049060905511811
20
0.7961388188976378
11
0.0478528346456693
21
0.7885115354330708
0
LINE
8
BLACK
6
CONTINUOUS
10
0.0478528346456693
20
0.7885115354330708
11
0.0454664960629921
21
0.7811671653543307
0
LINE
8
BLACK
6
CONTINUOUS
10
0.0454664960629921
20
0.7811671653543307
11
0.0419606299212598
21
0.7742864960629922
0
LINE
8
BLACK
6
CONTINUOUS
10
0.0419606299212598
20
0.7742864960629922
11
0.0374215354330709
21
0.7680389763779527
0
LINE
8
BLACK
6
CONTINUOUS
10
0.0374215354330709
20
0.7680389763779527
11
0.0319610236220472
21
0.7625784645669291
0
LINE
8
BLACK
6
CONTINUOUS
10
0.0319610236220472
20
0.7625784645669291
11
0.0257135039370079
21
0.7580393700787401
0
LINE
8
BLACK
6
CONTINUOUS
10
0.0257135039370079
20
0.7580393700787401
11
0.0188328346456693
21
0.7545335039370079
0
LINE
8
BLACK
6
CONTINUOUS
10
0.0188328346456693
20
0.7545335039370079
11
0.0114884645669291
21
0.7521471653543307
0
LINE
8
BLACK
6
CONTINUOUS
10
0.0114884645669291
20
0.7521471653543307
11
0.0038611811023622
21
0.750939094488189
0
LINE
8
BLACK
6
CONTINUOUS
10
0.0038611811023622
20
0.750939094488189
11
-0.0038611811023622
21
0.750939094488189
0
LINE
8
BLACK
6
CONTINUOUS
10
-0.0038611811023622
20
0.750939094488189
11
-0.0114884645669291
21
0.7521471653543307
0
LINE
8
BLACK
6
CONTINUOUS
10
-0.0114884645669291
20
0.7521471653543307
11
-0.0188328346456693
21
0.7545335039370079
0
LINE
8
BLACK
6
CONTINUOUS
10
-0.0188328346456693
20
0.7545335039370079
11
-0.0257135039370079
21
0.7580393700787401
0
LINE
8
BLACK
6
CONTINUOUS
10
-0.0257135039370079
20
0.7580393700787401
11
-0.0319610236220472
21
0.7625784645669291
0
LINE
8
BLACK
6
CONTINUOUS
10
-0.0319610236220472
20
0.7625784645669291
11
-0.0374215354330709
21
0.7680389763779527
0
LINE
8
BLACK
6
CONTINUOUS
10
-0.0374215354330709
20
0.7680389763779527
11
-0.0419606299212598
21
0.7742864960629922
0
LINE
8
BLACK
6
CONTINUOUS
10
-0.0419606299212598
20
0.7742864960629922
11
-0.0454664960629921
21
0.7811671653543307
0
LINE
8
BLACK
6
CONTINUOUS
10
-0.0454664960629921
20
0.7811671653543307
11
-0.0478528346456693
21
0.7885115354330708
0
LINE
8
BLACK
6
CONTINUOUS
10
-0.0478528346456693
20
0.7885115354330708
11
-0.049060905511811
21
0.7961388188976378
0
LINE
8
BLACK
6
CONTINUOUS
10
-0.049060905511811
20
0.7961388188976378
11
-0.049060905511811
21
0.8038611811023622
0
LINE
8
BLACK
6
CONTINUOUS
10
-0.049060905511811
20
0.8038611811023622
11
-0.0478528346456693
21
0.8114884645669291
0
LINE
8
BLACK
6
CONTINUOUS
10
-0.0478528346456693
20
0.8114884645669291
11
-0.0454664960629921
21
0.8188328346456692
0
LINE
8
BLACK
6
CONTINUOUS
10
-0.0454664960629921
20
0.8188328346456692
11
-0.0419606299212598
21
0.8257135039370078
0
LINE
8
BLACK
6
CONTINUOUS
10
-0.0419606299212598
20
0.8257135039370078
11
-0.0374215354330709
21
0.8319610236220473
0
LINE
8
BLACK
6
CONTINUOUS
10
-0.0374215354330709
20
0.8319610236220473
11
-0.0319610236220472
21
0.8374215354330709
0
LINE
8
BLACK
6
CONTINUOUS
10
-0.0319610236220472
20
0.8374215354330709
11
-0.0257135039370079
21
0.8419606299212599
0
LINE
8
BLACK
6
CONTINUOUS
10
-0.0257135039370079
20
0.8419606299212599
11
-0.0188328346456693
21
0.8454664960629921
0
LINE
8
BLACK
6
CONTINUOUS
10
-0.0188328346456693
20
0.8454664960629921
11
-0.0114884645669291
21
0.8478528346456693
0
LINE
8
BLACK
6
CONTINUOUS
10
-0.0114884645669291
20
0.8478528346456693
11
-0.0038611811023622
21
0.849060905511811
0
LINE
8
BLACK
6
CONTINUOUS
10
-0.0038611811023622
20
0.849060905511811
11
0.0038611811023622
21
0.849060905511811
0
LINE
8
BLACK
6
CONTINUOUS
10
0.0038611811023622
20
0.849060905511811
11
0.0114884645669291
21
0.8478528346456693
0
LINE
8
BLACK
6
CONTINUOUS
10
0.78
20
0.72
11
0.72
21
0.72
0
LINE
8
BLACK
6
CONTINUOUS
10
0.72
20
0.72
11
0.72
21
0.78
0
LINE
8
BLACK
6
CONTINUOUS
10
0.72
20
0.78
11
0.78
21
0.78
0
LINE
8
BLACK
6
CONTINUOUS
10
0.78
20
0.78
11
0.78
21
0.72
0
LINE
8
BLACK
6
CONTINUOUS
10
0.88
20
0.72
11
0.82
21
0.72
0
LINE
8
BLACK
6
CONTINUOUS
10
0.82
20
0.72
11
0.82
21
0.78
0
LINE
8
BLACK
6
CONTINUOUS
10
0.82
20
0.78
11
0.88
21
0.78
0
LINE
8
BLACK
6
CONTINUOUS
10
0.88
20
0.78
11
0.88
21
0.72
0
LINE
8
BLACK
6
CONTINUOUS
10
0.78
20
0.82
11
0.72
21
0.82
0
LINE
8
BLACK
6
CONTINUOUS
10
0.72
20
0.82
11
0.72
21
0.88
0
LINE
8
BLACK
6
CONTINUOUS
10
0.72
20
0.88
11
0.78
21
0.88
0
LINE
8
BLACK
6
CONTINUOUS
10
0.78
20
0.88
11
0.78
21
0.82
0
LINE
8
BLACK
6
CONTINUOUS
10
0.88
20
0.82
11
0.82
21
0.82
0
LINE
8
BLACK
6
CONTINUOUS
10
0.82
20
0.82
11
0.82
21
0.88
0
LINE
8
BLACK
6
CONTINUOUS
10
0.82
20
0.88
11
0.88
21
0.88
0
LINE
8
BLACK
6
CONTINUOUS
10
0.88
20
0.88
11
0.88
21
0.82
0
LINE
8
BLACK
6
CONTINUOUS
10
0.4114884645669291
20
1.2478528346456692
11
0.4188328346456693
21
1.2454664960629922
0
LINE
8
BLACK
6
CONTINUOUS
10
0.4188328346456693
20
1.2454664960629922
11
0.4257135039370079
21
1.2419606299212598
0
LINE
8
BLACK
6
CONTINUOUS
10
0.4257135039370079
20
1.2419606299212598
11
0.4319610236220472
21
1.2374215354330709
0
LINE
8
BLACK
6
CONTINUOUS
10
0.4319610236220472
20
1.2374215354330709
11
0.4374215354330708
21
1.2319610236220473
0
LINE
8
BLACK
6
CONTINUOUS
10
0.4374215354330708
20
1.2319610236220473
11
0.4419606299212598
21
1.225713503937008
0
LINE
8
BLACK
6
CONTINUOUS
10
0.4419606299212598
20
1.225713503937008
11
0.4454664960629921
21
1.2188328346456692
0
LINE
8
BLACK
6
CONTINUOUS
10
0.4454664960629921
20
1.2188328346456692
11
0.4478528346456693
21
1.211488464566929
0
LINE
8
BLACK
6
CONTINUOUS
10
0.4478528346456693
20
1.211488464566929
11
0.449060905511811
21
1.2038611811023623
0
LINE
8
BLACK
6
CONTINUOUS
10
0.449060905511811
20
1.2038611811023623
11
0.449060905511811
21
1.1961388188976378
0
LINE
8
BLACK
6
CONTINUOUS
10
0.449060905511811
20
1.1961388188976378
11
0.4478528346456693
21
1.1885115354330709
0
LINE
8
BLACK
6
CONTINUOUS
10
0.4478528346456693
20
1.1885115354330709
11
0.4454664960629921
21
1.1811671653543308
0
LINE
8
BLACK
6
CONTINUOUS
10
0.4454664960629921
20
1.1811671653543308
11
0.4419606299212598
21
1.1742864960629922
0
LINE
8
BLACK
6
CONTINUOUS
10
0.4419606299212598
20
1.1742864960629922
11
0.4374215354330708
21
1.1680389763779526
0
LINE
8
BLACK
6
CONTINUOUS
10
0.4374215354330708
20
1.1680389763779526
11
0.4319610236220472
21
1.162578464566929
0
LINE
8
BLACK
6
CONTINUOUS
10
0.4319610236220472
20
1.162578464566929
11
0.4257135039370079
21
1.1580393700787401
0
LINE
8
BLACK
6
CONTINUOUS
10
0.4257135039370079
20
1.1580393700787401
11
0.4188328346456693
21
1.1545335039370079
0
LINE
8
BLACK
6
CONTINUOUS
10
0.4188328346456693
20
1.1545335039370079
11
0.4114884645669291
21
1.1521471653543307
0
LINE
8
BLACK
6
CONTINUOUS
10
0.4114884645669291
20
1.1521471653543307
11
0.4038611811023622
21
1.150939094488189
0
LINE
8
BLACK
6
CONTINUOUS
10
0.4038611811023622
20
1.150939094488189
11
0.3961388188976378
21
1.150939094488189
0
LINE
8
BLACK
6
CONTINUOUS
10
0.3961388188976378
20
1.150939094488189
11
0.3885115354330709
21
1.1521471653543307
0
LINE
8
BLACK
6
CONTINUOUS
10
0.3885115354330709
20
1.1521471653543307
11
0.3811671653543307
21
1.1545335039370079
0
LINE
8
BLACK
6
CONTINUOUS
10
0.3811671653543307
20
1.1545335039370079
11
0.3742864960629921
21
1.1580393700787401
0
LINE
8
BLACK
6
CONTINUOUS
10
0.3742864960629921
20
1.1580393700787401
11
0.3680389763779527
21
1.162578464566929
0
LINE
8
BLACK
6
CONTINUOUS
10
0.3680389763779527
20
1.162578464566929
11
0.3625784645669291
21
1.1680389763779526
0
LINE
8
BLACK
6
CONTINUOUS
10
0.3625784645669291
20
1.1680389763779526
11
0.3580393700787401
21
1.1742864960629922
0
LINE
8
BLACK
6
CONTINUOUS
10
0.3580393700787401
20
1.1742864960629922
11
0.3545335039370079
21
1.1811671653543308
0
LINE
8
BLACK
6
CONTINUOUS
10
0.3545335039370079
20
1.1811671653543308
11
0.3521471653543307
21
1.1885115354330709
0
LINE
8
BLACK
6
CONTINUOUS
10
0.3521471653543307
20
1.1885115354330709
11
0.3509390944881889
21
1.1961388188976378
0
LINE
8
BLACK
6
CONTINUOUS
10
0.3509390944881889
20
1.1961388188976378
11
0.3509390944881889
21
1.2038611811023623
0
LINE
8
BLACK
6
CONTINUOUS
10
0.3509390944881889
20
1.2038611811023623
11
0.3521471653543307
21
1.211488464566929
0
LINE
8
BLACK
6
CONTINUOUS
10
0.3521471653543307
20
1.211488464566929
11
0.3545335039370079
21
1.2188328346456692
0
LINE
8
BLACK
6
CONTINUOUS
10
0.3545335039370079
20
1.2188328346456692
11
0.3580393700787401
21
1.225713503937008
0
LINE
8
BLACK
6
CONTINUOUS
10
0.3580393700787401
20
1.225713503937008
11
0.3625784645669291
21
1.2319610236220473
0
LINE
8
BLACK
6
CONTINUOUS
10
0.3625784645669291
20
1.2319610236220473
11
0.3680389763779527
21
1.2374215354330709
0
LINE
8
BLACK
6
CONTINUOUS
10
0.3680389763779527
20
1.2374215354330709
11
0.3742864960629921
21
1.2419606299212598
0
LINE
8
BLACK
6
CONTINUOUS
10
0.3742864960629921
20
1.2419606299212598
11
0.3811671653543307
21
1.2454664960629922
0
LINE
8
BLACK
6
CONTINUOUS
10
0.3811671653543307
20
1.2454664960629922
11
0.3885115354330709
21
1.2478528346456692
0
LINE
8
BLACK
6
CONTINUOUS
10
0.3885115354330709
20
1.2478528346456692
11
0.3961388188976378
21
1.2490609055118109
0
LINE
8
BLACK
6
CONTINUOUS
10
0.3961388188976378
20
1.2490609055118109
11
0.4038611811023622
21
1.2490609055118109
0
LINE
8
BLACK
6
CONTINUOUS
10
0.4038611811023622
20
1.2490609055118109
11
0.4114884645669291
21
1.2478528346456692
0
LINE
8
BLACK
6
CONTINUOUS
10
0.9873079133858268
20
1.3887991338582677
11
0.9891383464566929
21
1.3866866929133859
0
LINE
8
BLACK
6
CONTINUOUS
10
0.9891383464566929
20
1.3866866929133859
11
0.9895866141732284
21
1.3846259842519684
0
LINE
8
BLACK
6
CONTINUOUS
10
0.9895866141732284
20
1.3846259842519684
11
0.9895866141732284
21
-0.1846259842519685
0
LINE
8
BLACK
6
CONTINUOUS
10
0.9895866141732284
20
-0.1846259842519685
11
0.9887991338582677
21
-0.1873079133858268
0
LINE
8
BLACK
6
CONTINUOUS
10
0.9887991338582677
20
-0.1873079133858268
11
0.9866866929133858
21
-0.1891383464566929
0
LINE
8
BLACK
6
CONTINUOUS
10
0.9866866929133858
20
-0.1891383464566929
11
0.9846259842519685
21
-0.1895866141732283
0
LINE
8
BLACK
6
CONTINUOUS
10
0.9846259842519685
20
-0.1895866141732283
11
-0.1846259842519685
21
-0.1895866141732283
0
LINE
8
BLACK
6
CONTINUOUS
10
-0.1846259842519685
20
-0.1895866141732283
11
-0.1873079133858268
21
-0.1887991338582677
0
LINE
8
BLACK
6
CONTINUOUS
10
-0.1873079133858268
20
-0.1887991338582677
11
-0.1891383464566929
21
-0.1866866929133858
0
LINE
8
BLACK
6
CONTINUOUS
10
-0.1891383464566929
20
-0.1866866929133858
11
-0.1895866141732283
21
-0.1846259842519685
0
LINE
8
BLACK
6
CONTINUOUS
10
-0.1895866141732283
20
-0.1846259842519685
11
-0.1895866141732283
21
0.0001712992125984
0
LINE
8
BLACK
6
CONTINUOUS
10
-0.1895866141732283
20
0.0001712992125984
11
-0.1895866141732283
21
0.1047946062992126
0
LINE
8
BLACK
6
CONTINUOUS
10
-0.1895866141732283
20
0.1047946062992126
11
-0.1895866141732283
21
0.5047946062992126
0
LINE
8
BLACK
6
CONTINUOUS
10
-0.1895866141732283
20
0.5047946062992126
11
-0.1895866141732283
21
0.9047946062992126
0
LINE
8
BLACK
6
CONTINUOUS
10
-0.1895866141732283
20
0.9047946062992126
11
-0.1895866141732283
21
1.3047946062992126
0
LINE
8
BLACK
6
CONTINUOUS
10
-0.1895866141732283
20
1.3047946062992126
11
-0.1895866141732283
21
1.3846259842519684
0
LINE
8
BLACK
6
CONTINUOUS
10
-0.1895866141732283
20
1.3846259842519684
11
-0.1887991338582677
21
1.3873079133858268
0
LINE
8
BLACK
6
CONTINUOUS
10
-0.1887991338582677
20
1.3873079133858268
11
-0.1866866929133858
21
1.3891383464566929
0
LINE
8
BLACK
6
CONTINUOUS
10
-0.1866866929133858
20
1.3891383464566929
11
-0.1846259842519685
21
1.3895866141732283
0
LINE
8
BLACK
6
CONTINUOUS
10
-0.1846259842519685
20
1.3895866141732283
11
0.9846259842519685
21
1.3895866141732283
0
LINE
8
BLACK
6
CONTINUOUS
10
0.9846259842519685
20
1.3895866141732283
11
0.9873079133858268
21
1.3887991338582677
0
LINE
8
BLACK
6
CONTINUOUS
10
0.3277705905511811
20
-0.1453174803149606
11
0.3203394881889764
21
-0.1491038188976378
0
LINE
8
BLACK
6
CONTINUOUS
10
0.3203394881889764
20
-0.1491038188976378
11
0.3124075196850394
21
-0.151681062992126
0
LINE
8
BLACK
6
CONTINUOUS
10
0.3124075196850394
20
-0.151681062992126
11
0.3041700787401574
21
-0.1529857480314961
0
LINE
8
BLACK
6
CONTINUOUS
10
0.3041700787401574
20
-0.1529857480314961
11
0.2958299212598425
21
-0.1529857480314961
0
LINE
8
BLACK
6
CONTINUOUS
10
0.2958299212598425
20
-0.1529857480314961
11
0.2875924803149606
21
-0.151681062992126
0
LINE
8
BLACK
6
CONTINUOUS
10
0.2875924803149606
20
-0.151681062992126
11
0.2796605118110236
21
-0.1491038188976378
0
LINE
8
BLACK
6
CONTINUOUS
10
0.2796605118110236
20
-0.1491038188976378
11
0.2722294094488189
21
-0.1453174803149606
0
LINE
8
BLACK
6
CONTINUOUS
10
0.2722294094488189
20
-0.1453174803149606
11
0.2702573228346457
21
-0.1438846850393701
0
LINE
8
BLACK
6
CONTINUOUS
10
0.2702573228346457
20
-0.1438846850393701
11
0.2558310236220472
21
-0.1583110236220472
0
LINE
8
BLACK
6
CONTINUOUS
10
0.2558310236220472
20
-0.1583110236220472
11
0.2558310236220472
21
-0.158311062992126
0
LINE
8
BLACK
6
CONTINUOUS
10
0.2558310236220472
20
-0.158311062992126
11
0.259272874015748
21
-0.1609520866141732
0
LINE
8
BLACK
6
CONTINUOUS
10
0.259272874015748
20
-0.1609520866141732
11
0.2592731496062992
21
-0.1609522834645669
0
LINE
8
BLACK
6
CONTINUOUS
10
0.2592731496062992
20
-0.1609522834645669
11
0.267576811023622
21
-0.1657463779527559
0
LINE
8
BLACK
6
CONTINUOUS
10
0.267576811023622
20
-0.1657463779527559
11
0.2675772440944882
21
-0.1657466141732283
0
LINE
8
BLACK
6
CONTINUOUS
10
0.2675772440944882
20
-0.1657466141732283
11
0.2764363779527559
21
-0.1694161811023622
0
LINE
8
BLACK
6
CONTINUOUS
10
0.2764363779527559
20
-0.1694161811023622
11
0.2856988188976378
21
-0.171898031496063
0
LINE
8
BLACK
6
CONTINUOUS
10
0.2856988188976378
20
-0.171898031496063
11
0.2952053937007874
21
-0.1731495669291339
0
LINE
8
BLACK
6
CONTINUOUS
10
0.2952053937007874
20
-0.1731495669291339
11
0.2952057874015748
21
-0.1731496062992126
0
LINE
8
BLACK
6
CONTINUOUS
10
0.2952057874015748
20
-0.1731496062992126
11
0.3047942125984252
21
-0.1731496062992126
0
LINE
8
BLACK
6
CONTINUOUS
10
0.3047942125984252
20
-0.1731496062992126
11
0.3047945669291339
21
-0.1731495669291339
0
LINE
8
BLACK
6
CONTINUOUS
10
0.3047945669291339
20
-0.1731495669291339
11
0.3143011417322835
21
-0.171898031496063
0
LINE
8
BLACK
6
CONTINUOUS
10
0.3143011417322835
20
-0.171898031496063
11
0.3235635826771653
21
-0.1694161811023622
0
LINE
8
BLACK
6
CONTINUOUS
10
0.3235635826771653
20
-0.1694161811023622
11
0.332422716535433
21
-0.1657466141732283
0
LINE
8
BLACK
6
CONTINUOUS
10
0.332422716535433
20
-0.1657466141732283
11
0.3324231496062992
21
-0.1657463779527559
0
LINE
8
BLACK
6
CONTINUOUS
10
0.3324231496062992
20
-0.1657463779527559
11
0.3407267716535433
21
-0.1609522834645669
0
LINE
8
BLACK
6
CONTINUOUS
10
0.3407267716535433
20
-0.1609522834645669
11
0.3441688976377953
21
-0.1583110236220472
0
LINE
8
BLACK
6
CONTINUOUS
10
0.3441688976377953
20
-0.1583110236220472
11
0.3297425984251968
21
-0.1438846850393701
0
LINE
8
BLACK
6
CONTINUOUS
10
0.3297425984251968
20
-0.1438846850393701
11
0.3277705905511811
21
-0.1453174803149606
0
LINE
8
BLACK
6
CONTINUOUS
10
0.5277705905511811
20
-0.1453174803149606
11
0.5203394881889764
21
-0.1491038188976378
0
LINE
8
BLACK
6
CONTINUOUS
10
0.5203394881889764
20
-0.1491038188976378
11
0.5124075196850394
21
-0.151681062992126
0
LINE
8
BLACK
6
CONTINUOUS
10
0.5124075196850394
20
-0.151681062992126
11
0.5041700787401575
21
-0.1529857480314961
0
LINE
8
BLACK
6
CONTINUOUS
10
0.5041700787401575
20
-0.1529857480314961
11
0.4958299212598425
21
-0.1529857480314961
0
LINE
8
BLACK
6
CONTINUOUS
10
0.4958299212598425
20
-0.1529857480314961
11
0.4875924803149606
21
-0.151681062992126
0
LINE
8
BLACK
6
CONTINUOUS
10
0.4875924803149606
20
-0.151681062992126
11
0.4796605118110236
21
-0.1491038188976378
0
LINE
8
BLACK
6
CONTINUOUS
10
0.4796605118110236
20
-0.1491038188976378
11
0.4722294094488189
21
-0.1453174803149606
0
LINE
8
BLACK
6
CONTINUOUS
10
0.4722294094488189
20
-0.1453174803149606
11
0.4702573228346457
21
-0.1438846850393701
0
LINE
8
BLACK
6
CONTINUOUS
10
0.4702573228346457
20
-0.1438846850393701
11
0.4558310236220472
21
-0.1583110236220472
0
LINE
8
BLACK
6
CONTINUOUS
10
0.4558310236220472
20
-0.1583110236220472
11
0.4558310236220472
21
-0.158311062992126
0
LINE
8
BLACK
6
CONTINUOUS
10
0.4558310236220472
20
-0.158311062992126
11
0.459272874015748
21
-0.1609520866141732
0
LINE
8
BLACK
6
CONTINUOUS
10
0.459272874015748
20
-0.1609520866141732
11
0.4592731496062992
21
-0.1609522834645669
0
LINE
8
BLACK
6
CONTINUOUS
10
0.4592731496062992
20
-0.1609522834645669
11
0.467576811023622
21
-0.1657463779527559
0
LINE
8
BLACK
6
CONTINUOUS
10
0.467576811023622
20
-0.1657463779527559
11
0.4675772440944882
21
-0.1657466141732283
0
LINE
8
BLACK
6
CONTINUOUS
10
0.4675772440944882
20
-0.1657466141732283
11
0.4764363779527559
21
-0.1694161811023622
0
LINE
8
BLACK
6
CONTINUOUS
10
0.4764363779527559
20
-0.1694161811023622
11
0.4856988188976378
21
-0.171898031496063
0
LINE
8
BLACK
6
CONTINUOUS
10
0.4856988188976378
20
-0.171898031496063
11
0.4952053937007874
21
-0.1731495669291339
0
LINE
8
BLACK
6
CONTINUOUS
10
0.4952053937007874
20
-0.1731495669291339
11
0.4952057874015748
21
-0.1731496062992126
0
LINE
8
BLACK
6
CONTINUOUS
10
0.4952057874015748
20
-0.1731496062992126
11
0.5047942125984252
21
-0.1731496062992126
0
LINE
8
BLACK
6
CONTINUOUS
10
0.5047942125984252
20
-0.1731496062992126
11
0.5047945669291338
21
-0.1731495669291339
0
LINE
8
BLACK
6
CONTINUOUS
10
0.5047945669291338
20
-0.1731495669291339
11
0.5143011417322835
21
-0.171898031496063
0
LINE
8
BLACK
6
CONTINUOUS
10
0.5143011417322835
20
-0.171898031496063
11
0.5235635826771653
21
-0.1694161811023622
0
LINE
8
BLACK
6
CONTINUOUS
10
0.5235635826771653
20
-0.1694161811023622
11
0.532422716535433
21
-0.1657466141732283
0
LINE
8
BLACK
6
CONTINUOUS
10
0.532422716535433
20
-0.1657466141732283
11
0.5324231496062992
21
-0.1657463779527559
0
LINE
8
BLACK
6
CONTINUOUS
10
0.5324231496062992
20
-0.1657463779527559
11
0.5407267716535433
21
-0.1609522834645669
0
LINE
8
BLACK
6
CONTINUOUS
10
0.5407267716535433
20
-0.1609522834645669
11
0.5441688976377953
21
-0.1583110236220472
0
LINE
8
BLACK
6
CONTINUOUS
10
0.5441688976377953
20
-0.1583110236220472
11
0.5297425984251969
21
-0.1438846850393701
0
LINE
8
BLACK
6
CONTINUOUS
10
0.5297425984251969
20
-0.1438846850393701
11
0.5277705905511811
21
-0.1453174803149606
0
LINE
8
BLACK
6
CONTINUOUS
10
0.2390476771653543
20
-0.0592731496062992
11
0.2342535826771653
21
-0.067576811023622
0
LINE
8
BLACK
6
CONTINUOUS
10
0.2342535826771653
20
-0.067576811023622
11
0.2342533464566929
21
-0.0675772440944882
0
LINE
8
BLACK
6
CONTINUOUS
10
0.2342533464566929
20
-0.0675772440944882
11
0.230583779527559
21
-0.0764363779527559
0
LINE
8
BLACK
6
CONTINUOUS
10
0.230583779527559
20
-0.0764363779527559
11
0.2281019291338583
21
-0.0856988188976378
0
LINE
8
BLACK
6
CONTINUOUS
10
0.2281019291338583
20
-0.0856988188976378
11
0.2268503937007874
21
-0.0952053937007874
0
LINE
8
BLACK
6
CONTINUOUS
10
0.2268503937007874
20
-0.0952053937007874
11
0.2268503937007874
21
-0.1047945669291339
0
LINE
8
BLACK
6
CONTINUOUS
10
0.2268503937007874
20
-0.1047945669291339
11
0.2281019291338583
21
-0.1143011417322835
0
LINE
8
BLACK
6
CONTINUOUS
10
0.2281019291338583
20
-0.1143011417322835
11
0.230583779527559
21
-0.1235635826771654
0
LINE
8
BLACK
6
CONTINUOUS
10
0.230583779527559
20
-0.1235635826771654
11
0.2342533464566929
21
-0.1324227165354331
0
LINE
8
BLACK
6
CONTINUOUS
10
0.2342533464566929
20
-0.1324227165354331
11
0.2342535826771653
21
-0.1324231496062992
0
LINE
8
BLACK
6
CONTINUOUS
10
0.2342535826771653
20
-0.1324231496062992
11
0.2390476771653543
21
-0.1407268110236221
0
LINE
8
BLACK
6
CONTINUOUS
10
0.2390476771653543
20
-0.1407268110236221
11
0.2390478346456693
21
-0.1407270472440945
0
LINE
8
BLACK
6
CONTINUOUS
10
0.2390478346456693
20
-0.1407270472440945
11
0.2416888582677165
21
-0.1441688582677165
0
LINE
8
BLACK
6
CONTINUOUS
10
0.2416888582677165
20
-0.1441688582677165
11
0.241688937007874
21
-0.1441688976377953
0
LINE
8
BLACK
6
CONTINUOUS
10
0.241688937007874
20
-0.1441688976377953
11
0.2561152362204724
21
-0.1297425590551181
0
LINE
8
BLACK
6
CONTINUOUS
10
0.2561152362204724
20
-0.1297425590551181
11
0.2546825196850394
21
-0.1277705905511811
0
LINE
8
BLACK
6
CONTINUOUS
10
0.2546825196850394
20
-0.1277705905511811
11
0.2508961811023622
21
-0.1203394881889764
0
LINE
8
BLACK
6
CONTINUOUS
10
0.2508961811023622
20
-0.1203394881889764
11
0.248318937007874
21
-0.1124075196850394
0
LINE
8
BLACK
6
CONTINUOUS
10
0.248318937007874
20
-0.1124075196850394
11
0.2470142519685039
21
-0.1041700787401575
0
LINE
8
BLACK
6
CONTINUOUS
10
0.2470142519685039
20
-0.1041700787401575
11
0.2470142519685039
21
-0.0958299212598425
0
LINE
8
BLACK
6
CONTINUOUS
10
0.2470142519685039
20
-0.0958299212598425
11
0.248318937007874
21
-0.0875924803149606
0
LINE
8
BLACK
6
CONTINUOUS
10
0.248318937007874
20
-0.0875924803149606
11
0.2508961811023622
21
-0.0796605118110236
0
LINE
8
BLACK
6
CONTINUOUS
10
0.2508961811023622
20
-0.0796605118110236
11
0.2546825196850394
21
-0.0722294094488189
0
LINE
8
BLACK
6
CONTINUOUS
10
0.2546825196850394
20
-0.0722294094488189
11
0.2561152362204724
21
-0.0702573622047244
0
LINE
8
BLACK
6
CONTINUOUS
10
0.2561152362204724
20
-0.0702573622047244
11
0.2416888976377953
21
-0.0558310236220472
0
LINE
8
BLACK
6
CONTINUOUS
10
0.2416888976377953
20
-0.0558310236220472
11
0.2390476771653543
21
-0.0592731496062992
0
LINE
8
BLACK
6
CONTINUOUS
10
0.4390476771653543
20
0.1407268503937008
11
0.4342535826771654
21
0.1324231889763779
0
LINE
8
BLACK
6
CONTINUOUS
10
0.4342535826771654
20
0.1324231889763779
11
0.4342533464566929
21
0.1324227559055118
0
LINE
8
BLACK
6
CONTINUOUS
10
0.4342533464566929
20
0.1324227559055118
11
0.4305837795275591
21
0.1235636220472441
0
LINE
8
BLACK
6
CONTINUOUS
10
0.4305837795275591
20
0.1235636220472441
11
0.4281019291338582
21
0.1143011811023622
0
LINE
8
BLACK
6
CONTINUOUS
10
0.4281019291338582
20
0.1143011811023622
11
0.4268503937007874
21
0.1047946062992126
0
LINE
8
BLACK
6
CONTINUOUS
10
0.4268503937007874
20
0.1047946062992126
11
0.4268503937007874
21
0.0952054330708661
0
LINE
8
BLACK
6
CONTINUOUS
10
0.4268503937007874
20
0.0952054330708661
11
0.4281019291338582
21
0.0856988582677165
0
LINE
8
BLACK
6
CONTINUOUS
10
0.4281019291338582
20
0.0856988582677165
11
0.4305837795275591
21
0.0764364173228346
0
LINE
8
BLACK
6
CONTINUOUS
10
0.4305837795275591
20
0.0764364173228346
11
0.433084842519685
21
0.0703983070866142
0
LINE
8
BLACK
6
CONTINUOUS
10
0.433084842519685
20
0.0703983070866142
11
0.4333836220472441
21
0.0676191732283465
0
LINE
8
BLACK
6
CONTINUOUS
10
0.4333836220472441
20
0.0676191732283465
11
0.4321324803149606
21
0.0651196850393701
0
LINE
8
BLACK
6
CONTINUOUS
10
0.4321324803149606
20
0.0651196850393701
11
0.4297285826771653
21
0.0636934251968504
0
LINE
8
BLACK
6
CONTINUOUS
10
0.4297285826771653
20
0.0636934251968504
11
0.4269352362204724
21
0.063793188976378
0
LINE
8
BLACK
6
CONTINUOUS
10
0.4269352362204724
20
0.063793188976378
11
0.4266041338582677
21
0.0639166929133858
0
LINE
8
BLACK
6
CONTINUOUS
10
0.4266041338582677
20
0.0639166929133858
11
0.4223017322834646
21
0.0656987795275591
0
LINE
8
BLACK
6
CONTINUOUS
10
0.4223017322834646
20
0.0656987795275591
11
0.4135355118110236
21
0.0680476771653543
0
LINE
8
BLACK
6
CONTINUOUS
10
0.4135355118110236
20
0.0680476771653543
11
0.4135354330708662
21
0.0680477165354331
0
LINE
8
BLACK
6
CONTINUOUS
10
0.4135354330708662
20
0.0680477165354331
11
0.4135351968503937
21
0.0680477559055118
0
LINE
8
BLACK
6
CONTINUOUS
10
0.4135351968503937
20
0.0680477559055118
11
0.4045377952755905
21
0.0692322834645669
0
LINE
8
BLACK
6
CONTINUOUS
10
0.4045377952755905
20
0.0692322834645669
11
0.4045377165354331
21
0.0692322834645669
0
LINE
8
BLACK
6
CONTINUOUS
10
0.4045377165354331
20
0.0692322834645669
11
0.3954622834645669
21
0.0692322834645669
0
LINE
8
BLACK
6
CONTINUOUS
10
0.3954622834645669
20
0.0692322834645669
11
0.3954621653543307
21
0.0692322834645669
0
LINE
8
BLACK
6
CONTINUOUS
10
0.3954621653543307
20
0.0692322834645669
11
0.3864647637795275
21
0.0680477559055118
0
LINE
8
BLACK
6
CONTINUOUS
10
0.3864647637795275
20
0.0680477559055118
11
0.3848652755905512
21
0.0676191732283465
0
LINE
8
BLACK
6
CONTINUOUS
10
0.3848652755905512
20
0.0676191732283465
11
0.3776982677165354
21
0.0656987795275591
0
LINE
8
BLACK
6
CONTINUOUS
10
0.3776982677165354
20
0.0656987795275591
11
0.3733964566929134
21
0.0639169291338583
0
LINE
8
BLACK
6
CONTINUOUS
10
0.3733964566929134
20
0.0639169291338583
11
0.3706173622047244
21
0.0636181496062992
0
LINE
8
BLACK
6
CONTINUOUS
10
0.3706173622047244
20
0.0636181496062992
11
0.368117874015748
21
0.0648693307086614
0
LINE
8
BLACK
6
CONTINUOUS
10
0.368117874015748
20
0.0648693307086614
11
0.3666916141732283
21
0.0672731889763779
0
LINE
8
BLACK
6
CONTINUOUS
10
0.3666916141732283
20
0.0672731889763779
11
0.3667913779527559
21
0.0700665354330709
0
LINE
8
BLACK
6
CONTINUOUS
10
0.3667913779527559
20
0.0700665354330709
11
0.3669151181102362
21
0.0703983464566929
0
LINE
8
BLACK
6
CONTINUOUS
10
0.3669151181102362
20
0.0703983464566929
11
0.3694162204724409
21
0.0764365354330709
0
LINE
8
BLACK
6
CONTINUOUS
10
0.3694162204724409
20
0.0764365354330709
11
0.371898031496063
21
0.0856988582677165
0
LINE
8
BLACK
6
CONTINUOUS
10
0.371898031496063
20
0.0856988582677165
11
0.3731495669291339
21
0.0952054330708661
0
LINE
8
BLACK
6
CONTINUOUS
10
0.3731495669291339
20
0.0952054330708661
11
0.3731496062992126
21
0.0952057874015748
0
LINE
8
BLACK
6
CONTINUOUS
10
0.3731496062992126
20
0.0952057874015748
11
0.3731496062992126
21
0.1047942125984252
0
LINE
8
BLACK
6
CONTINUOUS
10
0.3731496062992126
20
0.1047942125984252
11
0.3731495669291339
21
0.1047946062992126
0
LINE
8
BLACK
6
CONTINUOUS
10
0.3731495669291339
20
0.1047946062992126
11
0.371898031496063
21
0.1143011811023622
0
LINE
8
BLACK
6
CONTINUOUS
10
0.371898031496063
20
0.1143011811023622
11
0.3694161811023622
21
0.1235636220472441
0
LINE
8
BLACK
6
CONTINUOUS
10
0.3694161811023622
20
0.1235636220472441
11
0.3657466141732283
21
0.1324227559055118
0
LINE
8
BLACK
6
CONTINUOUS
10
0.3657466141732283
20
0.1324227559055118
11
0.3657463779527559
21
0.1324231889763779
0
LINE
8
BLACK
6
CONTINUOUS
10
0.3657463779527559
20
0.1324231889763779
11
0.3609522834645669
21
0.1407268503937008
0
LINE
8
BLACK
6
CONTINUOUS
10
0.3609522834645669
20
0.1407268503937008
11
0.3609520866141732
21
0.140727125984252
0
LINE
8
BLACK
6
CONTINUOUS
10
0.3609520866141732
20
0.140727125984252
11
0.3583110236220473
21
0.1441689763779528
0
LINE
8
BLACK
6
CONTINUOUS
10
0.3583110236220473
20
0.1441689763779528
11
0.3438846850393701
21
0.1297426771653543
0
LINE
8
BLACK
6
CONTINUOUS
10
0.3438846850393701
20
0.1297426771653543
11
0.3453174803149606
21
0.1277705905511811
0
LINE
8
BLACK
6
CONTINUOUS
10
0.3453174803149606
20
0.1277705905511811
11
0.3491038188976378
21
0.1203394881889764
0
LINE
8
BLACK
6
CONTINUOUS
10
0.3491038188976378
20
0.1203394881889764
11
0.351681062992126
21
0.1124075196850394
0
LINE
8
BLACK
6
CONTINUOUS
10
0.351681062992126
20
0.1124075196850394
11
0.3529857480314961
21
0.1041700787401575
0
LINE
8
BLACK
6
CONTINUOUS
10
0.3529857480314961
20
0.1041700787401575
11
0.3529857480314961
21
0.0958299212598425
0
LINE
8
BLACK
6
CONTINUOUS
10
0.3529857480314961
20
0.0958299212598425
11
0.351681062992126
21
0.0875924803149606
0
LINE
8
BLACK
6
CONTINUOUS
10
0.351681062992126
20
0.0875924803149606
11
0.3491038188976378
21
0.0796605118110236
0
LINE
8
BLACK
6
CONTINUOUS
10
0.3491038188976378
20
0.0796605118110236
11
0.3453174803149606
21
0.0722294094488189
0
LINE
8
BLACK
6
CONTINUOUS
10
0.3453174803149606
20
0.0722294094488189
11
0.3404152755905512
21
0.0654820866141732
0
LINE
8
BLACK
6
CONTINUOUS
10
0.3404152755905512
20
0.0654820866141732
11
0.3345179133858268
21
0.0595847244094488
0
LINE
8
BLACK
6
CONTINUOUS
10
0.3345179133858268
20
0.0595847244094488
11
0.3277705905511811
21
0.0546825196850394
0
LINE
8
BLACK
6
CONTINUOUS
10
0.3277705905511811
20
0.0546825196850394
11
0.3203394881889764
21
0.0508961811023622
0
LINE
8
BLACK
6
CONTINUOUS
10
0.3203394881889764
20
0.0508961811023622
11
0.3124075196850394
21
0.048318937007874
0
LINE
8
BLACK
6
CONTINUOUS
10
0.3124075196850394
20
0.048318937007874
11
0.3041700787401574
21
0.0470142519685039
0
LINE
8
BLACK
6
CONTINUOUS
10
0.3041700787401574
20
0.0470142519685039
11
0.2958299212598425
21
0.0470142519685039
0
LINE
8
BLACK
6
CONTINUOUS
10
0.2958299212598425
20
0.0470142519685039
11
0.2875924803149606
21
0.048318937007874
0
LINE
8
BLACK
6
CONTINUOUS
10
0.2875924803149606
20
0.048318937007874
11
0.2796605118110236
21
0.0508961811023622
0
LINE
8
BLACK
6
CONTINUOUS
10
0.2796605118110236
20
0.0508961811023622
11
0.2722294094488189
21
0.0546825196850394
0
LINE
8
BLACK
6
CONTINUOUS
10
0.2722294094488189
20
0.0546825196850394
11
0.2702573228346457
21
0.0561153149606299
0
LINE
8
BLACK
6
CONTINUOUS
10
0.2702573228346457
20
0.0561153149606299
11
0.2558310236220472
21
0.0416889763779528
0
LINE
8
BLACK
6
CONTINUOUS
10
0.2558310236220472
20
0.0416889763779528
11
0.2558310236220472
21
0.041688937007874
0
LINE
8
BLACK
6
CONTINUOUS
10
0.2558310236220472
20
0.041688937007874
11
0.259272874015748
21
0.0390479133858268
0
LINE
8
BLACK
6
CONTINUOUS
10
0.259272874015748
20
0.0390479133858268
11
0.2592731496062992
21
0.0390477165354331
0
LINE
8
BLACK
6
CONTINUOUS
10
0.2592731496062992
20
0.0390477165354331
11
0.267576811023622
21
0.0342536220472441
0
LINE
8
BLACK
6
CONTINUOUS
10
0.267576811023622
20
0.0342536220472441
11
0.2675772440944882
21
0.0342533858267717
0
LINE
8
BLACK
6
CONTINUOUS
10
0.2675772440944882
20
0.0342533858267717
11
0.2764363779527559
21
0.0305838188976378
0
LINE
8
BLACK
6
CONTINUOUS
10
0.2764363779527559
20
0.0305838188976378
11
0.2856988188976378
21
0.028101968503937
0
LINE
8
BLACK
6
CONTINUOUS
10
0.2856988188976378
20
0.028101968503937
11
0.2952053937007874
21
0.0268504330708661
0
LINE
8
BLACK
6
CONTINUOUS
10
0.2952053937007874
20
0.0268504330708661
11
0.2952057874015748
21
0.0268503937007874
0
LINE
8
BLACK
6
CONTINUOUS
10
0.2952057874015748
20
0.0268503937007874
11
0.3047942125984252
21
0.0268503937007874
0
LINE
8
BLACK
6
CONTINUOUS
10
0.3047942125984252
20
0.0268503937007874
11
0.3047945669291339
21
0.0268504330708661
0
LINE
8
BLACK
6
CONTINUOUS
10
0.3047945669291339
20
0.0268504330708661
11
0.3143011417322835
21
0.028101968503937
0
LINE
8
BLACK
6
CONTINUOUS
10
0.3143011417322835
20
0.028101968503937
11
0.3235634645669291
21
0.0305837795275591
0
LINE
8
BLACK
6
CONTINUOUS
10
0.3235634645669291
20
0.0305837795275591
11
0.3296016535433071
21
0.0330848818897638
0
LINE
8
BLACK
6
CONTINUOUS
10
0.3296016535433071
20
0.0330848818897638
11
0.3323807874015748
21
0.0333836614173228
0
LINE
8
BLACK
6
CONTINUOUS
10
0.3323807874015748
20
0.0333836614173228
11
0.3348802755905512
21
0.0321325196850394
0
LINE
8
BLACK
6
CONTINUOUS
10
0.3348802755905512
20
0.0321325196850394
11
0.3363065748031496
21
0.0297286614173228
0
LINE
8
BLACK
6
CONTINUOUS
10
0.3363065748031496
20
0.0297286614173228
11
0.336206811023622
21
0.0269353149606299
0
LINE
8
BLACK
6
CONTINUOUS
10
0.336206811023622
20
0.0269353149606299
11
0.3360830708661417
21
0.0266035039370079
0
LINE
8
BLACK
6
CONTINUOUS
10
0.3360830708661417
20
0.0266035039370079
11
0.3343012204724409
21
0.0223017322834646
0
LINE
8
BLACK
6
CONTINUOUS
10
0.3343012204724409
20
0.0223017322834646
11
0.3319522440944882
21
0.0135352362204724
0
LINE
8
BLACK
6
CONTINUOUS
10
0.3319522440944882
20
0.0135352362204724
11
0.3307677165354331
21
0.0045378346456693
0
LINE
8
BLACK
6
CONTINUOUS
10
0.3307677165354331
20
0.0045378346456693
11
0.3307677165354331
21
-0.0045377952755906
0
LINE
8
BLACK
6
CONTINUOUS
10
0.3307677165354331
20
-0.0045377952755906
11
0.3319522440944882
21
-0.0135351968503937
0
LINE
8
BLACK
6
CONTINUOUS
10
0.3319522440944882
20
-0.0135351968503937
11
0.3319522834645669
21
-0.0135354330708661
0
LINE
8
BLACK
6
CONTINUOUS
10
0.3319522834645669
20
-0.0135354330708661
11
0.3319523228346457
21
-0.0135355118110236
0
LINE
8
BLACK
6
CONTINUOUS
10
0.3319523228346457
20
-0.0135355118110236
11
0.3343012204724409
21
-0.0223017322834646
0
LINE
8
BLACK
6
CONTINUOUS
10
0.3343012204724409
20
-0.0223017322834646
11
0.3360830708661417
21
-0.0266035433070866
0
LINE
8
BLACK
6
CONTINUOUS
10
0.3360830708661417
20
-0.0266035433070866
11
0.3363818503937008
21
-0.0293825984251968
0
LINE
8
BLACK
6
CONTINUOUS
10
0.3363818503937008
20
-0.0293825984251968
11
0.3351307086614173
21
-0.0318820866141732
0
LINE
8
BLACK
6
CONTINUOUS
10
0.3351307086614173
20
-0.0318820866141732
11
0.3327268110236221
21
-0.0333083464566929
0
LINE
8
BLACK
6
CONTINUOUS
10
0.3327268110236221
20
-0.0333083464566929
11
0.3299334645669291
21
-0.0332085826771654
0
LINE
8
BLACK
6
CONTINUOUS
10
0.3299334645669291
20
-0.0332085826771654
11
0.3296016929133858
21
-0.033084842519685
0
LINE
8
BLACK
6
CONTINUOUS
10
0.3296016929133858
20
-0.033084842519685
11
0.3235635826771653
21
-0.0305837795275591
0
LINE
8
BLACK
6
CONTINUOUS
10
0.3235635826771653
20
-0.0305837795275591
11
0.3143011417322835
21
-0.0281019291338583
0
LINE
8
BLACK
6
CONTINUOUS
10
0.3143011417322835
20
-0.0281019291338583
11
0.3047945669291339
21
-0.0268503937007874
0
LINE
8
BLACK
6
CONTINUOUS
10
0.3047945669291339
20
-0.0268503937007874
11
0.2952053937007874
21
-0.0268503937007874
0
LINE
8
BLACK
6
CONTINUOUS
10
0.2952053937007874
20
-0.0268503937007874
11
0.2856988188976378
21
-0.0281019291338583
0
LINE
8
BLACK
6
CONTINUOUS
10
0.2856988188976378
20
-0.0281019291338583
11
0.2764363779527559
21
-0.0305837795275591
0
LINE
8
BLACK
6
CONTINUOUS
10
0.2764363779527559
20
-0.0305837795275591
11
0.2675772440944882
21
-0.0342533464566929
0
LINE
8
BLACK
6
CONTINUOUS
10
0.2675772440944882
20
-0.0342533464566929
11
0.267576811023622
21
-0.0342535826771654
0
LINE
8
BLACK
6
CONTINUOUS
10
0.267576811023622
20
-0.0342535826771654
11
0.2592731496062992
21
-0.0390476771653543
0
LINE
8
BLACK
6
CONTINUOUS
10
0.2592731496062992
20
-0.0390476771653543
11
0.2558310236220472
21
-0.0416888976377953
0
LINE
8
BLACK
6
CONTINUOUS
10
0.2558310236220472
20
-0.0416888976377953
11
0.2702573622047244
21
-0.0561152362204724
0
LINE
8
BLACK
6
CONTINUOUS
10
0.2702573622047244
20
-0.0561152362204724
11
0.2722294094488189
21
-0.0546825196850394
0
LINE
8
BLACK
6
CONTINUOUS
10
0.2722294094488189
20
-0.0546825196850394
11
0.2796605118110236
21
-0.0508961811023622
0
LINE
8
BLACK
6
CONTINUOUS
10
0.2796605118110236
20
-0.0508961811023622
11
0.2875924803149606
21
-0.048318937007874
0
LINE
8
BLACK
6
CONTINUOUS
10
0.2875924803149606
20
-0.048318937007874
11
0.2958299212598425
21
-0.0470142519685039
0
LINE
8
BLACK
6
CONTINUOUS
10
0.2958299212598425
20
-0.0470142519685039
11
0.3041700787401574
21
-0.0470142519685039
0
LINE
8
BLACK
6
CONTINUOUS
10
0.3041700787401574
20
-0.0470142519685039
11
0.3124075196850394
21
-0.048318937007874
0
LINE
8
BLACK
6
CONTINUOUS
10
0.3124075196850394
20
-0.048318937007874
11
0.3203394881889764
21
-0.0508961811023622
0
LINE
8
BLACK
6
CONTINUOUS
10
0.3203394881889764
20
-0.0508961811023622
11
0.3277705905511811
21
-0.0546825196850394
0
LINE
8
BLACK
6
CONTINUOUS
10
0.3277705905511811
20
-0.0546825196850394
11
0.3345179133858268
21
-0.0595847244094488
0
LINE
8
BLACK
6
CONTINUOUS
10
0.3345179133858268
20
-0.0595847244094488
11
0.3404152755905512
21
-0.0654820866141732
0
LINE
8
BLACK
6
CONTINUOUS
10
0.3404152755905512
20
-0.0654820866141732
11
0.3453174803149606
21
-0.0722294094488189
0
LINE
8
BLACK
6
CONTINUOUS
10
0.3453174803149606
20
-0.0722294094488189
11
0.3491038188976378
21
-0.0796605118110236
0
LINE
8
BLACK
6
CONTINUOUS
10
0.3491038188976378
20
-0.0796605118110236
11
0.351681062992126
21
-0.0875924803149606
0
LINE
8
BLACK
6
CONTINUOUS
10
0.351681062992126
20
-0.0875924803149606
11
0.3529857480314961
21
-0.0958299212598425
0
LINE
8
BLACK
6
CONTINUOUS
10
0.3529857480314961
20
-0.0958299212598425
11
0.3529857480314961
21
-0.1041700787401575
0
LINE
8
BLACK
6
CONTINUOUS
10
0.3529857480314961
20
-0.1041700787401575
11
0.351681062992126
21
-0.1124075196850394
0
LINE
8
BLACK
6
CONTINUOUS
10
0.351681062992126
20
-0.1124075196850394
11
0.3491038188976378
21
-0.1203394881889764
0
LINE
8
BLACK
6
CONTINUOUS
10
0.3491038188976378
20
-0.1203394881889764
11
0.3453174803149606
21
-0.1277705905511811
0
LINE
8
BLACK
6
CONTINUOUS
10
0.3453174803149606
20
-0.1277705905511811
11
0.3438847244094488
21
-0.1297425984251968
0
LINE
8
BLACK
6
CONTINUOUS
10
0.3438847244094488
20
-0.1297425984251968
11
0.3583110236220473
21
-0.1441688976377953
0
LINE
8
BLACK
6
CONTINUOUS
10
0.3583110236220473
20
-0.1441688976377953
11
0.3609522834645669
21
-0.1407267716535433
0
LINE
8
BLACK
6
CONTINUOUS
10
0.3609522834645669
20
-0.1407267716535433
11
0.3657463779527559
21
-0.1324231496062992
0
LINE
8
BLACK
6
CONTINUOUS
10
0.3657463779527559
20
-0.1324231496062992
11
0.3657466141732283
21
-0.1324227165354331
0
LINE
8
BLACK
6
CONTINUOUS
10
0.3657466141732283
20
-0.1324227165354331
11
0.3694161811023622
21
-0.1235635826771654
0
LINE
8
BLACK
6
CONTINUOUS
10
0.3694161811023622
20
-0.1235635826771654
11
0.371898031496063
21
-0.1143011417322835
0
LINE
8
BLACK
6
CONTINUOUS
10
0.371898031496063
20
-0.1143011417322835
11
0.3731495669291339
21
-0.1047945669291339
0
LINE
8
BLACK
6
CONTINUOUS
10
0.3731495669291339
20
-0.1047945669291339
11
0.3731496062992126
21
-0.1047942125984252
0
LINE
8
BLACK
6
CONTINUOUS
10
0.3731496062992126
20
-0.1047942125984252
11
0.3731496062992126
21
-0.0952057874015748
0
LINE
8
BLACK
6
CONTINUOUS
10
0.3731496062992126
20
-0.0952057874015748
11
0.3731495669291339
21
-0.0952053937007874
0
LINE
8
BLACK
6
CONTINUOUS
10
0.3731495669291339
20
-0.0952053937007874
11
0.371898031496063
21
-0.0856988188976378
0
LINE
8
BLACK
6
CONTINUOUS
10
0.371898031496063
20
-0.0856988188976378
11
0.3694161811023622
21
-0.0764363779527559
0
LINE
8
BLACK
6
CONTINUOUS
10
0.3694161811023622
20
-0.0764363779527559
11
0.3669151181102362
21
-0.0703982677165354
0
LINE
8
BLACK
6
CONTINUOUS
10
0.3669151181102362
20
-0.0703982677165354
11
0.3666163385826772
21
-0.0676191732283465
0
LINE
8
BLACK
6
CONTINUOUS
10
0.3666163385826772
20
-0.0676191732283465
11
0.3678674803149606
21
-0.0651196850393701
0
LINE
8
BLACK
6
CONTINUOUS
10
0.3678674803149606
20
-0.0651196850393701
11
0.3702713385826771
21
-0.0636933858267717
0
LINE
8
BLACK
6
CONTINUOUS
10
0.3702713385826771
20
-0.0636933858267717
11
0.3730647244094488
21
-0.0637931496062992
0
LINE
8
BLACK
6
CONTINUOUS
10
0.3730647244094488
20
-0.0637931496062992
11
0.3733952362204724
21
-0.0639164173228347
0
LINE
8
BLACK
6
CONTINUOUS
10
0.3733952362204724
20
-0.0639164173228347
11
0.3776982677165354
21
-0.0656987795275591
0
LINE
8
BLACK
6
CONTINUOUS
10
0.3776982677165354
20
-0.0656987795275591
11
0.3864644881889764
21
-0.0680476771653543
0
LINE
8
BLACK
6
CONTINUOUS
10
0.3864644881889764
20
-0.0680476771653543
11
0.3864647244094488
21
-0.0680476771653543
0
LINE
8
BLACK
6
CONTINUOUS
10
0.3864647244094488
20
-0.0680476771653543
11
0.3864647637795275
21
-0.0680477165354331
0
LINE
8
BLACK
6
CONTINUOUS
10
0.3864647637795275
20
-0.0680477165354331
11
0.3874970472440945
21
-0.0681835826771654
0
LINE
8
BLACK
6
CONTINUOUS
10
0.3874970472440945
20
-0.0681835826771654
11
0.3954622834645669
21
-0.0692322834645669
0
LINE
8
BLACK
6
CONTINUOUS
10
0.3954622834645669
20
-0.0692322834645669
11
0.3954625590551181
21
-0.0692322834645669
0
LINE
8
BLACK
6
CONTINUOUS
10
0.3954625590551181
20
-0.0692322834645669
11
0.4045374409448819
21
-0.0692322834645669
0
LINE
8
BLACK
6
CONTINUOUS
10
0.4045374409448819
20
-0.0692322834645669
11
0.4045377165354331
21
-0.0692322834645669
0
LINE
8
BLACK
6
CONTINUOUS
10
0.4045377165354331
20
-0.0692322834645669
11
0.4135355118110236
21
-0.0680476771653543
0
LINE
8
BLACK
6
CONTINUOUS
10
0.4135355118110236
20
-0.0680476771653543
11
0.4223017322834646
21
-0.0656987795275591
0
LINE
8
BLACK
6
CONTINUOUS
10
0.4223017322834646
20
-0.0656987795275591
11
0.4266036614173228
21
-0.0639168503937008
0
LINE
8
BLACK
6
CONTINUOUS
10
0.4266036614173228
20
-0.0639168503937008
11
0.4293825590551181
21
-0.0636181102362205
0
LINE
8
BLACK
6
CONTINUOUS
10
0.4293825590551181
20
-0.0636181102362205
11
0.4318820472440945
21
-0.0648692519685039
0
LINE
8
BLACK
6
CONTINUOUS
10
0.4318820472440945
20
-0.0648692519685039
11
0.4333083464566929
21
-0.0672731102362205
0
LINE
8
BLACK
6
CONTINUOUS
10
0.4333083464566929
20
-0.0672731102362205
11
0.4332085826771653
21
-0.0700664566929134
0
LINE
8
BLACK
6
CONTINUOUS
10
0.4332085826771653
20
-0.0700664566929134
11
0.433084842519685
21
-0.0703982677165354
0
LINE
8
BLACK
6
CONTINUOUS
10
0.433084842519685
20
-0.0703982677165354
11
0.4305837795275591
21
-0.0764363779527559
0
LINE
8
BLACK
6
CONTINUOUS
10
0.4305837795275591
20
-0.0764363779527559
11
0.4281019291338582
21
-0.0856988188976378
0
LINE
8
BLACK
6
CONTINUOUS
10
0.4281019291338582
20
-0.0856988188976378
11
0.4268503937007874
21
-0.0952053937007874
0
LINE
8
BLACK
6
CONTINUOUS
10
0.4268503937007874
20
-0.0952053937007874
11
0.4268503937007874
21
-0.1047945669291339
0
LINE
8
BLACK
6
CONTINUOUS
10
0.4268503937007874
20
-0.1047945669291339
11
0.4281019291338582
21
-0.1143011417322835
0
LINE
8
BLACK
6
CONTINUOUS
10
0.4281019291338582
20
-0.1143011417322835
11
0.4305837795275591
21
-0.1235635826771654
0
LINE
8
BLACK
6
CONTINUOUS
10
0.4305837795275591
20
-0.1235635826771654
11
0.4342533464566929
21
-0.1324227165354331
0
LINE
8
BLACK
6
CONTINUOUS
10
0.4342533464566929
20
-0.1324227165354331
11
0.4342535826771654
21
-0.1324231496062992
0
LINE
8
BLACK
6
CONTINUOUS
10
0.4342535826771654
20
-0.1324231496062992
11
0.4390476771653543
21
-0.1407268110236221
0
LINE
8
BLACK
6
CONTINUOUS
10
0.4390476771653543
20
-0.1407268110236221
11
0.4390478346456693
21
-0.1407270472440945
0
LINE
8
BLACK
6
CONTINUOUS
10
0.4390478346456693
20
-0.1407270472440945
11
0.4416888582677165
21
-0.1441688582677165
0
LINE
8
BLACK
6
CONTINUOUS
10
0.4416888582677165
20
-0.1441688582677165
11
0.4416888976377953
21
-0.1441688976377953
0
LINE
8
BLACK
6
CONTINUOUS
10
0.4416888976377953
20
-0.1441688976377953
11
0.4561151968503937
21
-0.1297425590551181
0
LINE
8
BLACK
6
CONTINUOUS
10
0.4561151968503937
20
-0.1297425590551181
11
0.4546825196850394
21
-0.1277705905511811
0
LINE
8
BLACK
6
CONTINUOUS
10
0.4546825196850394
20
-0.1277705905511811
11
0.4508961811023622
21
-0.1203394881889764
0
LINE
8
BLACK
6
CONTINUOUS
10
0.4508961811023622
20
-0.1203394881889764
11
0.448318937007874
21
-0.1124075196850394
0
LINE
8
BLACK
6
CONTINUOUS
10
0.448318937007874
20
-0.1124075196850394
11
0.4470142519685039
21
-0.1041700787401575
0
LINE
8
BLACK
6
CONTINUOUS
10
0.4470142519685039
20
-0.1041700787401575
11
0.4470142519685039
21
-0.0958299212598425
0
LINE
8
BLACK
6
CONTINUOUS
10
0.4470142519685039
20
-0.0958299212598425
11
0.448318937007874
21
-0.0875924803149606
0
LINE
8
BLACK
6
CONTINUOUS
10
0.448318937007874
20
-0.0875924803149606
11
0.4508961811023622
21
-0.0796605118110236
0
LINE
8
BLACK
6
CONTINUOUS
10
0.4508961811023622
20
-0.0796605118110236
11
0.4546825196850394
21
-0.0722294094488189
0
LINE
8
BLACK
6
CONTINUOUS
10
0.4546825196850394
20
-0.0722294094488189
11
0.4595847244094488
21
-0.0654820866141732
0
LINE
8
BLACK
6
CONTINUOUS
10
0.4595847244094488
20
-0.0654820866141732
11
0.4654820866141732
21
-0.0595847244094488
0
LINE
8
BLACK
6
CONTINUOUS
10
0.4654820866141732
20
-0.0595847244094488
11
0.4722294094488189
21
-0.0546825196850394
0
LINE
8
BLACK
6
CONTINUOUS
10
0.4722294094488189
20
-0.0546825196850394
11
0.4796605118110236
21
-0.0508961811023622
0
LINE
8
BLACK
6
CONTINUOUS
10
0.4796605118110236
20
-0.0508961811023622
11
0.4875924803149606
21
-0.048318937007874
0
LINE
8
BLACK
6
CONTINUOUS
10
0.4875924803149606
20
-0.048318937007874
11
0.4958299212598425
21
-0.0470142519685039
0
LINE
8
BLACK
6
CONTINUOUS
10
0.4958299212598425
20
-0.0470142519685039
11
0.5041700787401575
21
-0.0470142519685039
0
LINE
8
BLACK
6
CONTINUOUS
10
0.5041700787401575
20
-0.0470142519685039
11
0.5124075196850394
21
-0.048318937007874
0
LINE
8
BLACK
6
CONTINUOUS
10
0.5124075196850394
20
-0.048318937007874
11
0.5203394881889764
21
-0.0508961811023622
0
LINE
8
BLACK
6
CONTINUOUS
10
0.5203394881889764
20
-0.0508961811023622
11
0.5277705905511811
21
-0.0546825196850394
0
LINE
8
BLACK
6
CONTINUOUS
10
0.5277705905511811
20
-0.0546825196850394
11
0.5297425590551181
21
-0.0561151968503937
0
LINE
8
BLACK
6
CONTINUOUS
10
0.5297425590551181
20
-0.0561151968503937
11
0.5441688976377953
21
-0.0416888976377953
0
LINE
8
BLACK
6
CONTINUOUS
10
0.5441688976377953
20
-0.0416888976377953
11
0.5441688582677165
21
-0.0416888582677165
0
LINE
8
BLACK
6
CONTINUOUS
10
0.5441688582677165
20
-0.0416888582677165
11
0.5407270472440945
21
-0.0390478346456693
0
LINE
8
BLACK
6
CONTINUOUS
10
0.5407270472440945
20
-0.0390478346456693
11
0.5407268110236221
21
-0.0390476771653543
0
LINE
8
BLACK
6
CONTINUOUS
10
0.5407268110236221
20
-0.0390476771653543
11
0.5324231496062992
21
-0.0342535826771654
0
LINE
8
BLACK
6
CONTINUOUS
10
0.5324231496062992
20
-0.0342535826771654
11
0.532422716535433
21
-0.0342533464566929
0
LINE
8
BLACK
6
CONTINUOUS
10
0.532422716535433
20
-0.0342533464566929
11
0.5235635826771653
21
-0.0305837795275591
0
LINE
8
BLACK
6
CONTINUOUS
10
0.5235635826771653
20
-0.0305837795275591
11
0.5143011417322835
21
-0.0281019291338583
0
LINE
8
BLACK
6
CONTINUOUS
10
0.5143011417322835
20
-0.0281019291338583
11
0.5047945669291338
21
-0.0268503937007874
0
LINE
8
BLACK
6
CONTINUOUS
10
0.5047945669291338
20
-0.0268503937007874
11
0.4952053937007874
21
-0.0268503937007874
0
LINE
8
BLACK
6
CONTINUOUS
10
0.4952053937007874
20
-0.0268503937007874
11
0.4856988188976378
21
-0.0281019291338583
0
LINE
8
BLACK
6
CONTINUOUS
10
0.4856988188976378
20
-0.0281019291338583
11
0.4764363779527559
21
-0.0305837795275591
0
LINE
8
BLACK
6
CONTINUOUS
10
0.4764363779527559
20
-0.0305837795275591
11
0.4703982677165354
21
-0.033084842519685
0
LINE
8
BLACK
6
CONTINUOUS
10
0.4703982677165354
20
-0.033084842519685
11
0.4676191338582677
21
-0.0333836220472441
0
LINE
8
BLACK
6
CONTINUOUS
10
0.4676191338582677
20
-0.0333836220472441
11
0.4651196456692913
21
-0.0321324409448819
0
LINE
8
BLACK
6
CONTINUOUS
10
0.4651196456692913
20
-0.0321324409448819
11
0.4636933858267717
21
-0.0297285826771654
0
LINE
8
BLACK
6
CONTINUOUS
10
0.4636933858267717
20
-0.0297285826771654
11
0.4637931496062992
21
-0.0269352362204724
0
LINE
8
BLACK
6
CONTINUOUS
10
0.4637931496062992
20
-0.0269352362204724
11
0.4639161023622047
21
-0.0266054330708661
0
LINE
8
BLACK
6
CONTINUOUS
10
0.4639161023622047
20
-0.0266054330708661
11
0.4656987795275591
21
-0.0223017322834646
0
LINE
8
BLACK
6
CONTINUOUS
10
0.4656987795275591
20
-0.0223017322834646
11
0.4680476771653543
21
-0.0135355118110236
0
LINE
8
BLACK
6
CONTINUOUS
10
0.4680476771653543
20
-0.0135355118110236
11
0.4692322834645669
21
-0.0045377165354331
0
LINE
8
BLACK
6
CONTINUOUS
10
0.4692322834645669
20
-0.0045377165354331
11
0.4692322834645669
21
0.0045377165354331
0
LINE
8
BLACK
6
CONTINUOUS
10
0.4692322834645669
20
0.0045377165354331
11
0.4680476771653543
21
0.0135355118110236
0
LINE
8
BLACK
6
CONTINUOUS
10
0.4680476771653543
20
0.0135355118110236
11
0.4656987795275591
21
0.0223017322834646
0
LINE
8
BLACK
6
CONTINUOUS
10
0.4656987795275591
20
0.0223017322834646
11
0.4639168503937008
21
0.0266037007874016
0
LINE
8
BLACK
6
CONTINUOUS
10
0.4639168503937008
20
0.0266037007874016
11
0.4636181102362205
21
0.0293825984251968
0
LINE
8
BLACK
6
CONTINUOUS
10
0.4636181102362205
20
0.0293825984251968
11
0.4648692519685039
21
0.0318820866141732
0
LINE
8
BLACK
6
CONTINUOUS
10
0.4648692519685039
20
0.0318820866141732
11
0.4672731102362205
21
0.0333083858267717
0
LINE
8
BLACK
6
CONTINUOUS
10
0.4672731102362205
20
0.0333083858267717
11
0.4700664566929134
21
0.0332086220472441
0
LINE
8
BLACK
6
CONTINUOUS
10
0.4700664566929134
20
0.0332086220472441
11
0.4703982677165354
21
0.0330848818897638
0
LINE
8
BLACK
6
CONTINUOUS
10
0.4703982677165354
20
0.0330848818897638
11
0.4764363779527559
21
0.0305838188976378
0
LINE
8
BLACK
6
CONTINUOUS
10
0.4764363779527559
20
0.0305838188976378
11
0.4856988188976378
21
0.028101968503937
0
LINE
8
BLACK
6
CONTINUOUS
10
0.4856988188976378
20
0.028101968503937
11
0.4952053937007874
21
0.0268504330708661
0
LINE
8
BLACK
6
CONTINUOUS
10
0.4952053937007874
20
0.0268504330708661
11
0.4952057874015748
21
0.0268503937007874
0
LINE
8
BLACK
6
CONTINUOUS
10
0.4952057874015748
20
0.0268503937007874
11
0.5047942125984252
21
0.0268503937007874
0
LINE
8
BLACK
6
CONTINUOUS
10
0.5047942125984252
20
0.0268503937007874
11
0.5047945669291338
21
0.0268504330708661
0
LINE
8
BLACK
6
CONTINUOUS
10
0.5047945669291338
20
0.0268504330708661
11
0.5143011417322835
21
0.028101968503937
0
LINE
8
BLACK
6
CONTINUOUS
10
0.5143011417322835
20
0.028101968503937
11
0.5235635826771653
21
0.0305838188976378
0
LINE
8
BLACK
6
CONTINUOUS
10
0.5235635826771653
20
0.0305838188976378
11
0.532422716535433
21
0.0342533858267717
0
LINE
8
BLACK
6
CONTINUOUS
10
0.532422716535433
20
0.0342533858267717
11
0.5324231496062992
21
0.0342536220472441
0
LINE
8
BLACK
6
CONTINUOUS
10
0.5324231496062992
20
0.0342536220472441
11
0.5407267716535433
21
0.0390477165354331
0
LINE
8
BLACK
6
CONTINUOUS
10
0.5407267716535433
20
0.0390477165354331
11
0.5441688976377953
21
0.0416889763779528
0
LINE
8
BLACK
6
CONTINUOUS
10
0.5441688976377953
20
0.0416889763779528
11
0.5297425984251969
21
0.0561152755905512
0
LINE
8
BLACK
6
CONTINUOUS
10
0.5297425984251969
20
0.0561152755905512
11
0.5277705905511811
21
0.0546825196850394
0
LINE
8
BLACK
6
CONTINUOUS
10
0.5277705905511811
20
0.0546825196850394
11
0.5203394881889764
21
0.0508961811023622
0
LINE
8
BLACK
6
CONTINUOUS
10
0.5203394881889764
20
0.0508961811023622
11
0.5124075196850394
21
0.048318937007874
0
LINE
8
BLACK
6
CONTINUOUS
10
0.5124075196850394
20
0.048318937007874
11
0.5041700787401575
21
0.0470142519685039
0
LINE
8
BLACK
6
CONTINUOUS
10
0.5041700787401575
20
0.0470142519685039
11
0.4958299212598425
21
0.0470142519685039
0
LINE
8
BLACK
6
CONTINUOUS
10
0.4958299212598425
20
0.0470142519685039
11
0.4875924803149606
21
0.048318937007874
0
LINE
8
BLACK
6
CONTINUOUS
10
0.4875924803149606
20
0.048318937007874
11
0.4796605118110236
21
0.0508961811023622
0
LINE
8
BLACK
6
CONTINUOUS
10
0.4796605118110236
20
0.0508961811023622
11
0.4722294094488189
21
0.0546825196850394
0
LINE
8
BLACK
6
CONTINUOUS
10
0.4722294094488189
20
0.0546825196850394
11
0.4654820866141732
21
0.0595847244094488
0
LINE
8
BLACK
6
CONTINUOUS
10
0.4654820866141732
20
0.0595847244094488
11
0.4595847244094488
21
0.0654820866141732
0
LINE
8
BLACK
6
CONTINUOUS
10
0.4595847244094488
20
0.0654820866141732
11
0.4546825196850394
21
0.0722294094488189
0
LINE
8
BLACK
6
CONTINUOUS
10
0.4546825196850394
20
0.0722294094488189
11
0.4508961811023622
21
0.0796605118110236
0
LINE
8
BLACK
6
CONTINUOUS
10
0.4508961811023622
20
0.0796605118110236
11
0.448318937007874
21
0.0875924803149606
0
LINE
8
BLACK
6
CONTINUOUS
10
0.448318937007874
20
0.0875924803149606
11
0.4470142519685039
21
0.0958299212598425
0
LINE
8
BLACK
6
CONTINUOUS
10
0.4470142519685039
20
0.0958299212598425
11
0.4470142519685039
21
0.1041700787401575
0
LINE
8
BLACK
6
CONTINUOUS
10
0.4470142519685039
20
0.1041700787401575
11
0.448318937007874
21
0.1124075196850394
0
LINE
8
BLACK
6
CONTINUOUS
10
0.448318937007874
20
0.1124075196850394
11
0.4508961811023622
21
0.1203394881889764
0
LINE
8
BLACK
6
CONTINUOUS
10
0.4508961811023622
20
0.1203394881889764
11
0.4546825196850394
21
0.1277705905511811
0
LINE
8
BLACK
6
CONTINUOUS
10
0.4546825196850394
20
0.1277705905511811
11
0.4561152362204725
21
0.1297426377952756
0
LINE
8
BLACK
6
CONTINUOUS
10
0.4561152362204725
20
0.1297426377952756
11
0.4416888976377953
21
0.1441689763779528
0
LINE
8
BLACK
6
CONTINUOUS
10
0.4416888976377953
20
0.1441689763779528
11
0.4390476771653543
21
0.1407268503937008
0
LINE
8
BLACK
6
CONTINUOUS
10
0.54388468503937
20
-0.0702573228346457
11
0.5453174803149606
21
-0.0722294094488189
0
LINE
8
BLACK
6
CONTINUOUS
10
0.5453174803149606
20
-0.0722294094488189
11
0.5491038188976378
21
-0.0796605118110236
0
LINE
8
BLACK
6
CONTINUOUS
10
0.5491038188976378
20
-0.0796605118110236
11
0.5516810629921259
21
-0.0875924803149606
0
LINE
8
BLACK
6
CONTINUOUS
10
0.5516810629921259
20
-0.0875924803149606
11
0.552985748031496
21
-0.0958299212598425
0
LINE
8
BLACK
6
CONTINUOUS
10
0.552985748031496
20
-0.0958299212598425
11
0.552985748031496
21
-0.1041700787401575
0
LINE
8
BLACK
6
CONTINUOUS
10
0.552985748031496
20
-0.1041700787401575
11
0.5516810629921259
21
-0.1124075196850394
0
LINE
8
BLACK
6
CONTINUOUS
10
0.5516810629921259
20
-0.1124075196850394
11
0.5491038188976378
21
-0.1203394881889764
0
LINE
8
BLACK
6
CONTINUOUS
10
0.5491038188976378
20
-0.1203394881889764
11
0.5453174803149606
21
-0.1277705905511811
0
LINE
8
BLACK
6
CONTINUOUS
10
0.5453174803149606
20
-0.1277705905511811
11
0.5438847244094488
21
-0.1297425984251968
0
LINE
8
BLACK
6
CONTINUOUS
10
0.5438847244094488
20
-0.1297425984251968
11
0.5583110236220472
21
-0.1441688976377953
0
LINE
8
BLACK
6
CONTINUOUS
10
0.5583110236220472
20
-0.1441688976377953
11
0.5609522834645669
21
-0.1407267716535433
0
LINE
8
BLACK
6
CONTINUOUS
10
0.5609522834645669
20
-0.1407267716535433
11
0.5657463779527558
21
-0.1324231496062992
0
LINE
8
BLACK
6
CONTINUOUS
10
0.5657463779527558
20
-0.1324231496062992
11
0.5657466141732284
21
-0.1324227165354331
0
LINE
8
BLACK
6
CONTINUOUS
10
0.5657466141732284
20
-0.1324227165354331
11
0.5694161811023621
21
-0.1235635826771654
0
LINE
8
BLACK
6
CONTINUOUS
10
0.5694161811023621
20
-0.1235635826771654
11
0.571898031496063
21
-0.1143011417322835
0
LINE
8
BLACK
6
CONTINUOUS
10
0.571898031496063
20
-0.1143011417322835
11
0.5731495669291339
21
-0.1047945669291339
0
LINE
8
BLACK
6
CONTINUOUS
10
0.5731495669291339
20
-0.1047945669291339
11
0.5731496062992126
21
-0.1047942125984252
0
LINE
8
BLACK
6
CONTINUOUS
10
0.5731496062992126
20
-0.1047942125984252
11
0.5731496062992126
21
-0.0952057874015748
0
LINE
8
BLACK
6
CONTINUOUS
10
0.5731496062992126
20
-0.0952057874015748
11
0.5731495669291339
21
-0.0952053937007874
0
LINE
8
BLACK
6
CONTINUOUS
10
0.5731495669291339
20
-0.0952053937007874
11
0.571898031496063
21
-0.0856988188976378
0
LINE
8
BLACK
6
CONTINUOUS
10
0.571898031496063
20
-0.0856988188976378
11
0.5694161811023621
21
-0.0764363779527559
0
LINE
8
BLACK
6
CONTINUOUS
10
0.5694161811023621
20
-0.0764363779527559
11
0.5657466141732284
21
-0.0675772440944882
0
LINE
8
BLACK
6
CONTINUOUS
10
0.5657466141732284
20
-0.0675772440944882
11
0.5657463779527558
21
-0.067576811023622
0
LINE
8
BLACK
6
CONTINUOUS
10
0.5657463779527558
20
-0.067576811023622
11
0.5609522834645669
21
-0.0592731496062992
0
LINE
8
BLACK
6
CONTINUOUS
10
0.5609522834645669
20
-0.0592731496062992
11
0.5609520866141732
21
-0.059272874015748
0
LINE
8
BLACK
6
CONTINUOUS
10
0.5609520866141732
20
-0.059272874015748
11
0.5583110236220472
21
-0.0558310236220472
0
LINE
8
BLACK
6
CONTINUOUS
10
0.5583110236220472
20
-0.0558310236220472
11
0.54388468503937
21
-0.0702573228346457
0
LINE
8
BLACK
6
CONTINUOUS
10
0.2390476771653543
20
0.1407268503937008
11
0.2342535826771653
21
0.1324231889763779
0
LINE
8
BLACK
6
CONTINUOUS
10
0.2342535826771653
20
0.1324231889763779
11
0.2342533464566929
21
0.1324227559055118
0
LINE
8
BLACK
6
CONTINUOUS
10
0.2342533464566929
20
0.1324227559055118
11
0.230583779527559
21
0.1235636220472441
0
LINE
8
BLACK
6
CONTINUOUS
10
0.230583779527559
20
0.1235636220472441
11
0.2281019291338583
21
0.1143011811023622
0
LINE
8
BLACK
6
CONTINUOUS
10
0.2281019291338583
20
0.1143011811023622
11
0.2268503937007874
21
0.1047946062992126
0
LINE
8
BLACK
6
CONTINUOUS
10
0.2268503937007874
20
0.1047946062992126
11
0.2268503937007874
21
0.0952054330708661
0
LINE
8
BLACK
6
CONTINUOUS
10
0.2268503937007874
20
0.0952054330708661
11
0.2281019291338583
21
0.0856988582677165
0
LINE
8
BLACK
6
CONTINUOUS
10
0.2281019291338583
20
0.0856988582677165
11
0.230583779527559
21
0.0764364173228346
0
LINE
8
BLACK
6
CONTINUOUS
10
0.230583779527559
20
0.0764364173228346
11
0.2342533464566929
21
0.0675772834645669
0
LINE
8
BLACK
6
CONTINUOUS
10
0.2342533464566929
20
0.0675772834645669
11
0.2342535826771653
21
0.0675768503937008
0
LINE
8
BLACK
6
CONTINUOUS
10
0.2342535826771653
20
0.0675768503937008
11
0.2390476771653543
21
0.0592731889763779
0
LINE
8
BLACK
6
CONTINUOUS
10
0.2390476771653543
20
0.0592731889763779
11
0.2390478346456693
21
0.0592729527559055
0
LINE
8
BLACK
6
CONTINUOUS
10
0.2390478346456693
20
0.0592729527559055
11
0.2416888582677165
21
0.0558311417322835
0
LINE
8
BLACK
6
CONTINUOUS
10
0.2416888582677165
20
0.0558311417322835
11
0.241688937007874
21
0.0558311023622047
0
LINE
8
BLACK
6
CONTINUOUS
10
0.241688937007874
20
0.0558311023622047
11
0.2561152362204724
21
0.0702574409448819
0
LINE
8
BLACK
6
CONTINUOUS
10
0.2561152362204724
20
0.0702574409448819
11
0.2546825196850394
21
0.0722294094488189
0
LINE
8
BLACK
6
CONTINUOUS
10
0.2546825196850394
20
0.0722294094488189
11
0.2508961811023622
21
0.0796605118110236
0
LINE
8
BLACK
6
CONTINUOUS
10
0.2508961811023622
20
0.0796605118110236
11
0.248318937007874
21
0.0875924803149606
0
LINE
8
BLACK
6
CONTINUOUS
10
0.248318937007874
20
0.0875924803149606
11
0.2470142519685039
21
0.0958299212598425
0
LINE
8
BLACK
6
CONTINUOUS
10
0.2470142519685039
20
0.0958299212598425
11
0.2470142519685039
21
0.1041700787401575
0
LINE
8
BLACK
6
CONTINUOUS
10
0.2470142519685039
20
0.1041700787401575
11
0.248318937007874
21
0.1124075196850394
0
LINE
8
BLACK
6
CONTINUOUS
10
0.248318937007874
20
0.1124075196850394
11
0.2508961811023622
21
0.1203394881889764
0
LINE
8
BLACK
6
CONTINUOUS
10
0.2508961811023622
20
0.1203394881889764
11
0.2546825196850394
21
0.1277705905511811
0
LINE
8
BLACK
6
CONTINUOUS
10
0.2546825196850394
20
0.1277705905511811
11
0.2561152362204724
21
0.1297426377952756
0
LINE
8
BLACK
6
CONTINUOUS
10
0.2561152362204724
20
0.1297426377952756
11
0.2416888976377953
21
0.1441689763779528
0
LINE
8
BLACK
6
CONTINUOUS
10
0.2416888976377953
20
0.1441689763779528
11
0.2390476771653543
21
0.1407268503937008
0
LINE
8
BLACK
6
CONTINUOUS
10
0.54388468503937
20
0.1297426771653543
11
0.5453174803149606
21
0.1277705905511811
0
LINE
8
BLACK
6
CONTINUOUS
10
0.5453174803149606
20
0.1277705905511811
11
0.5491038188976378
21
0.1203394881889764
0
LINE
8
BLACK
6
CONTINUOUS
10
0.5491038188976378
20
0.1203394881889764
11
0.5516810629921259
21
0.1124075196850394
0
LINE
8
BLACK
6
CONTINUOUS
10
0.5516810629921259
20
0.1124075196850394
11
0.552985748031496
21
0.1041700787401575
0
LINE
8
BLACK
6
CONTINUOUS
10
0.552985748031496
20
0.1041700787401575
11
0.552985748031496
21
0.0958299212598425
0
LINE
8
BLACK
6
CONTINUOUS
10
0.552985748031496
20
0.0958299212598425
11
0.5516810629921259
21
0.0875924803149606
0
LINE
8
BLACK
6
CONTINUOUS
10
0.5516810629921259
20
0.0875924803149606
11
0.5491038188976378
21
0.0796605118110236
0
LINE
8
BLACK
6
CONTINUOUS
10
0.5491038188976378
20
0.0796605118110236
11
0.5453174803149606
21
0.0722294094488189
0
LINE
8
BLACK
6
CONTINUOUS
10
0.5453174803149606
20
0.0722294094488189
11
0.5438847244094488
21
0.0702574015748031
0
LINE
8
BLACK
6
CONTINUOUS
10
0.5438847244094488
20
0.0702574015748031
11
0.5583110236220472
21
0.0558311023622047
0
LINE
8
BLACK
6
CONTINUOUS
10
0.5583110236220472
20
0.0558311023622047
11
0.5609522834645669
21
0.0592732283464567
0
LINE
8
BLACK
6
CONTINUOUS
10
0.5609522834645669
20
0.0592732283464567
11
0.5657463779527558
21
0.0675768503937008
0
LINE
8
BLACK
6
CONTINUOUS
10
0.5657463779527558
20
0.0675768503937008
11
0.5657466141732284
21
0.0675772834645669
0
LINE
8
BLACK
6
CONTINUOUS
10
0.5657466141732284
20
0.0675772834645669
11
0.5694161811023621
21
0.0764364173228346
0
LINE
8
BLACK
6
CONTINUOUS
10
0.5694161811023621
20
0.0764364173228346
11
0.571898031496063
21
0.0856988582677165
0
LINE
8
BLACK
6
CONTINUOUS
10
0.571898031496063
20
0.0856988582677165
11
0.5731495669291339
21
0.0952054330708661
0
LINE
8
BLACK
6
CONTINUOUS
10
0.5731495669291339
20
0.0952054330708661
11
0.5731496062992126
21
0.0952057874015748
0
LINE
8
BLACK
6
CONTINUOUS
10
0.5731496062992126
20
0.0952057874015748
11
0.5731496062992126
21
0.1047942125984252
0
LINE
8
BLACK
6
CONTINUOUS
10
0.5731496062992126
20
0.1047942125984252
11
0.5731495669291339
21
0.1047946062992126
0
LINE
8
BLACK
6
CONTINUOUS
10
0.5731495669291339
20
0.1047946062992126
11
0.571898031496063
21
0.1143011811023622
0
LINE
8
BLACK
6
CONTINUOUS
10
0.571898031496063
20
0.1143011811023622
11
0.5694161811023621
21
0.1235636220472441
0
LINE
8
BLACK
6
CONTINUOUS
10
0.5694161811023621
20
0.1235636220472441
11
0.5657466141732284
21
0.1324227559055118
0
LINE
8
BLACK
6
CONTINUOUS
10
0.5657466141732284
20
0.1324227559055118
11
0.5657463779527558
21
0.1324231889763779
0
LINE
8
BLACK
6
CONTINUOUS
10
0.5657463779527558
20
0.1324231889763779
11
0.5609522834645669
21
0.1407268503937008
0
LINE
8
BLACK
6
CONTINUOUS
10
0.5609522834645669
20
0.1407268503937008
11
0.5609520866141732
21
0.140727125984252
0
LINE
8
BLACK
6
CONTINUOUS
10
0.5609520866141732
20
0.140727125984252
11
0.5583110236220472
21
0.1441689763779528
0
LINE
8
BLACK
6
CONTINUOUS
10
0.5583110236220472
20
0.1441689763779528
11
0.54388468503937
21
0.1297426771653543
0
LINE
8
BLACK
6
CONTINUOUS
10
0.2856988188976378
20
0.1718980708661417
11
0.2764363779527559
21
0.169416220472441
0
LINE
8
BLACK
6
CONTINUOUS
10
0.2764363779527559
20
0.169416220472441
11
0.2675772440944882
21
0.1657466535433071
0
LINE
8
BLACK
6
CONTINUOUS
10
0.2675772440944882
20
0.1657466535433071
11
0.267576811023622
21
0.1657464173228347
0
LINE
8
BLACK
6
CONTINUOUS
10
0.267576811023622
20
0.1657464173228347
11
0.2592731496062992
21
0.1609523228346457
0
LINE
8
BLACK
6
CONTINUOUS
10
0.2592731496062992
20
0.1609523228346457
11
0.2558310236220472
21
0.1583111023622047
0
LINE
8
BLACK
6
CONTINUOUS
10
0.2558310236220472
20
0.1583111023622047
11
0.2702573622047244
21
0.1438847637795276
0
LINE
8
BLACK
6
CONTINUOUS
10
0.2702573622047244
20
0.1438847637795276
11
0.2722294094488189
21
0.1453174803149606
0
LINE
8
BLACK
6
CONTINUOUS
10
0.2722294094488189
20
0.1453174803149606
11
0.2796605118110236
21
0.1491038188976378
0
LINE
8
BLACK
6
CONTINUOUS
10
0.2796605118110236
20
0.1491038188976378
11
0.2875924803149606
21
0.151681062992126
0
LINE
8
BLACK
6
CONTINUOUS
10
0.2875924803149606
20
0.151681062992126
11
0.2958299212598425
21
0.1529857480314961
0
LINE
8
BLACK
6
CONTINUOUS
10
0.2958299212598425
20
0.1529857480314961
11
0.3041700787401574
21
0.1529857480314961
0
LINE
8
BLACK
6
CONTINUOUS
10
0.3041700787401574
20
0.1529857480314961
11
0.3124075196850394
21
0.151681062992126
0
LINE
8
BLACK
6
CONTINUOUS
10
0.3124075196850394
20
0.151681062992126
11
0.3203394881889764
21
0.1491038188976378
0
LINE
8
BLACK
6
CONTINUOUS
10
0.3203394881889764
20
0.1491038188976378
11
0.3277705905511811
21
0.1453174803149606
0
LINE
8
BLACK
6
CONTINUOUS
10
0.3277705905511811
20
0.1453174803149606
11
0.3297425590551181
21
0.1438847637795276
0
LINE
8
BLACK
6
CONTINUOUS
10
0.3297425590551181
20
0.1438847637795276
11
0.3441688976377953
21
0.158311062992126
0
LINE
8
BLACK
6
CONTINUOUS
10
0.3441688976377953
20
0.158311062992126
11
0.3441688582677165
21
0.1583111417322835
0
LINE
8
BLACK
6
CONTINUOUS
10
0.3441688582677165
20
0.1583111417322835
11
0.3407270472440945
21
0.1609521653543307
0
LINE
8
BLACK
6
CONTINUOUS
10
0.3407270472440945
20
0.1609521653543307
11
0.3407268110236221
21
0.1609523228346457
0
LINE
8
BLACK
6
CONTINUOUS
10
0.3407268110236221
20
0.1609523228346457
11
0.3324231496062992
21
0.1657464173228347
0
LINE
8
BLACK
6
CONTINUOUS
10
0.3324231496062992
20
0.1657464173228347
11
0.332422716535433
21
0.1657466535433071
0
LINE
8
BLACK
6
CONTINUOUS
10
0.332422716535433
20
0.1657466535433071
11
0.3235635826771653
21
0.169416220472441
0
LINE
8
BLACK
6
CONTINUOUS
10
0.3235635826771653
20
0.169416220472441
11
0.3143011417322835
21
0.1718980708661417
0
LINE
8
BLACK
6
CONTINUOUS
10
0.3143011417322835
20
0.1718980708661417
11
0.3047945669291339
21
0.1731496062992126
0
LINE
8
BLACK
6
CONTINUOUS
10
0.3047945669291339
20
0.1731496062992126
11
0.2952053937007874
21
0.1731496062992126
0
LINE
8
BLACK
6
CONTINUOUS
10
0.2952053937007874
20
0.1731496062992126
11
0.2856988188976378
21
0.1718980708661417
0
LINE
8
BLACK
6
CONTINUOUS
10
0.4856988188976378
20
0.1718980708661417
11
0.4764363779527559
21
0.169416220472441
0
LINE
8
BLACK
6
CONTINUOUS
10
0.4764363779527559
20
0.169416220472441
11
0.4675772440944882
21
0.1657466535433071
0
LINE
8
BLACK
6
CONTINUOUS
10
0.4675772440944882
20
0.1657466535433071
11
0.467576811023622
21
0.1657464173228347
0
LINE
8
BLACK
6
CONTINUOUS
10
0.467576811023622
20
0.1657464173228347
11
0.4592731496062992
21
0.1609523228346457
0
LINE
8
BLACK
6
CONTINUOUS
10
0.4592731496062992
20
0.1609523228346457
11
0.4558310236220472
21
0.1583111023622047
0
LINE
8
BLACK
6
CONTINUOUS
10
0.4558310236220472
20
0.1583111023622047
11
0.4702573622047244
21
0.1438847637795276
0
LINE
8
BLACK
6
CONTINUOUS
10
0.4702573622047244
20
0.1438847637795276
11
0.4722294094488189
21
0.1453174803149606
0
LINE
8
BLACK
6
CONTINUOUS
10
0.4722294094488189
20
0.1453174803149606
11
0.4796605118110236
21
0.1491038188976378
0
LINE
8
BLACK
6
CONTINUOUS
10
0.4796605118110236
20
0.1491038188976378
11
0.4875924803149606
21
0.151681062992126
0
LINE
8
BLACK
6
CONTINUOUS
10
0.4875924803149606
20
0.151681062992126
11
0.4958299212598425
21
0.1529857480314961
0
LINE
8
BLACK
6
CONTINUOUS
10
0.4958299212598425
20
0.1529857480314961
11
0.5041700787401575
21
0.1529857480314961
0
LINE
8
BLACK
6
CONTINUOUS
10
0.5041700787401575
20
0.1529857480314961
11
0.5124075196850394
21
0.151681062992126
0
LINE
8
BLACK
6
CONTINUOUS
10
0.5124075196850394
20
0.151681062992126
11
0.5203394881889764
21
0.1491038188976378
0
LINE
8
BLACK
6
CONTINUOUS
10
0.5203394881889764
20
0.1491038188976378
11
0.5277705905511811
21
0.1453174803149606
0
LINE
8
BLACK
6
CONTINUOUS
10
0.5277705905511811
20
0.1453174803149606
11
0.5297425590551181
21
0.1438847637795276
0
LINE
8
BLACK
6
CONTINUOUS
10
0.5297425590551181
20
0.1438847637795276
11
0.5441688976377953
21
0.158311062992126
0
LINE
8
BLACK
6
CONTINUOUS
10
0.5441688976377953
20
0.158311062992126
11
0.5441688582677165
21
0.1583111417322835
0
LINE
8
BLACK
6
CONTINUOUS
10
0.5441688582677165
20
0.1583111417322835
11
0.5407270472440945
21
0.1609521653543307
0
LINE
8
BLACK
6
CONTINUOUS
10
0.5407270472440945
20
0.1609521653543307
11
0.5407268110236221
21
0.1609523228346457
0
LINE
8
BLACK
6
CONTINUOUS
10
0.5407268110236221
20
0.1609523228346457
11
0.5324231496062992
21
0.1657464173228347
0
LINE
8
BLACK
6
CONTINUOUS
10
0.5324231496062992
20
0.1657464173228347
11
0.532422716535433
21
0.1657466535433071
0
LINE
8
BLACK
6
CONTINUOUS
10
0.532422716535433
20
0.1657466535433071
11
0.5235635826771653
21
0.169416220472441
0
LINE
8
BLACK
6
CONTINUOUS
10
0.5235635826771653
20
0.169416220472441
11
0.5143011417322835
21
0.1718980708661417
0
LINE
8
BLACK
6
CONTINUOUS
10
0.5143011417322835
20
0.1718980708661417
11
0.5047945669291338
21
0.1731496062992126
0
LINE
8
BLACK
6
CONTINUOUS
10
0.5047945669291338
20
0.1731496062992126
11
0.4952053937007874
21
0.1731496062992126
0
LINE
8
BLACK
6
CONTINUOUS
10
0.4952053937007874
20
0.1731496062992126
11
0.4856988188976378
21
0.1718980708661417
0
LINE
8
BLACK
6
CONTINUOUS
10
0.7
20
0.24
11
0.7
21
0.2180867322834646
0
LINE
8
BLACK
6
CONTINUOUS
10
0.7
20
0.2180867322834646
11
0.7002561023622047
21
0.215705
0
LINE
8
BLACK
6
CONTINUOUS
10
0.7002561023622047
20
0.215705
11
0.7022659448818898
21
0.2103163779527559
0
LINE
8
BLACK
6
CONTINUOUS
10
0.7022659448818898
20
0.2103163779527559
11
0.7022659448818898
21
0.2103163385826771
0
LINE
8
BLACK
6
CONTINUOUS
10
0.7022659448818898
20
0.2103163385826771
11
0.7057124015748031
21
0.2057124409448819
0
LINE
8
BLACK
6
CONTINUOUS
10
0.7057124015748031
20
0.2057124409448819
11
0.7103162992125984
21
0.2022659842519685
0
LINE
8
BLACK
6
CONTINUOUS
10
0.7103162992125984
20
0.2022659842519685
11
0.7157049606299213
21
0.2002561417322835
0
LINE
8
BLACK
6
CONTINUOUS
10
0.7157049606299213
20
0.2002561417322835
11
0.7180866929133858
21
0.2000000393700787
0
LINE
8
BLACK
6
CONTINUOUS
10
0.7180866929133858
20
0.2000000393700787
11
0.7180872047244095
21
0.2
0
LINE
8
BLACK
6
CONTINUOUS
10
0.7180872047244095
20
0.2
11
0.74
21
0.2
0
LINE
8
BLACK
6
CONTINUOUS
10
0.74
20
0.2
11
0.74
21
0.22
0
LINE
8
BLACK
6
CONTINUOUS
10
0.74
20
0.22
11
0.72
21
0.22
0
LINE
8
BLACK
6
CONTINUOUS
10
0.72
20
0.22
11
0.72
21
0.24
0
LINE
8
BLACK
6
CONTINUOUS
10
0.72
20
0.24
11
0.7
21
0.24
0
LINE
8
BLACK
6
CONTINUOUS
10
0.78
20
0.24
11
0.78
21
0.22
0
LINE
8
BLACK
6
CONTINUOUS
10
0.78
20
0.22
11
0.76
21
0.22
0
LINE
8
BLACK
6
CONTINUOUS
10
0.76
20
0.22
11
0.76
21
0.2
0
LINE
8
BLACK
6
CONTINUOUS
10
0.76
20
0.2
11
0.7819127952755905
21
0.2
0
LINE
8
BLACK
6
CONTINUOUS
10
0.7819127952755905
20
0.2
11
0.7819132677165355
21
0.2000000393700787
0
LINE
8
BLACK
6
CONTINUOUS
10
0.7819132677165355
20
0.2000000393700787
11
0.784295
21
0.2002561417322835
0
LINE
8
BLACK
6
CONTINUOUS
10
0.784295
20
0.2002561417322835
11
0.7896836220472441
21
0.2022659842519685
0
LINE
8
BLACK
6
CONTINUOUS
10
0.7896836220472441
20
0.2022659842519685
11
0.7896836614173228
21
0.2022659842519685
0
LINE
8
BLACK
6
CONTINUOUS
10
0.7896836614173228
20
0.2022659842519685
11
0.7942875590551181
21
0.2057124409448819
0
LINE
8
BLACK
6
CONTINUOUS
10
0.7942875590551181
20
0.2057124409448819
11
0.7960288188976378
21
0.2080384645669291
0
LINE
8
BLACK
6
CONTINUOUS
10
0.7960288188976378
20
0.2080384645669291
11
0.7982664566929134
21
0.2097135433070866
0
LINE
8
BLACK
6
CONTINUOUS
10
0.7982664566929134
20
0.2097135433070866
11
0.8010544488188976
21
0.2099129133858268
0
LINE
8
BLACK
6
CONTINUOUS
10
0.8010544488188976
20
0.2099129133858268
11
0.8035077165354331
21
0.2085733464566929
0
LINE
8
BLACK
6
CONTINUOUS
10
0.8035077165354331
20
0.2085733464566929
11
0.8039711811023622
21
0.2080384645669291
0
LINE
8
BLACK
6
CONTINUOUS
10
0.8039711811023622
20
0.2080384645669291
11
0.8057124015748032
21
0.2057124409448819
0
LINE
8
BLACK
6
CONTINUOUS
10
0.8057124015748032
20
0.2057124409448819
11
0.8103162992125984
21
0.2022659842519685
0
LINE
8
BLACK
6
CONTINUOUS
10
0.8103162992125984
20
0.2022659842519685
11
0.8157049606299213
21
0.2002561417322835
0
LINE
8
BLACK
6
CONTINUOUS
10
0.8157049606299213
20
0.2002561417322835
11
0.8180866929133858
21
0.2000000393700787
0
LINE
8
BLACK
6
CONTINUOUS
10
0.8180866929133858
20
0.2000000393700787
11
0.8180872047244094
21
0.2
0
LINE
8
BLACK
6
CONTINUOUS
10
0.8180872047244094
20
0.2
11
0.84
21
0.2
0
LINE
8
BLACK
6
CONTINUOUS
10
0.84
20
0.2
11
0.84
21
0.22
0
LINE
8
BLACK
6
CONTINUOUS
10
0.84
20
0.22
11
0.82
21
0.22
0
LINE
8
BLACK
6
CONTINUOUS
10
0.82
20
0.22
11
0.82
21
0.24
0
LINE
8
BLACK
6
CONTINUOUS
10
0.82
20
0.24
11
0.78
21
0.24
0
LINE
8
BLACK
6
CONTINUOUS
10
0.88
20
0.22
11
0.86
21
0.22
0
LINE
8
BLACK
6
CONTINUOUS
10
0.86
20
0.22
11
0.86
21
0.2
0
LINE
8
BLACK
6
CONTINUOUS
10
0.86
20
0.2
11
0.8819127952755905
21
0.2
0
LINE
8
BLACK
6
CONTINUOUS
10
0.8819127952755905
20
0.2
11
0.8819132677165354
21
0.2000000393700787
0
LINE
8
BLACK
6
CONTINUOUS
10
0.8819132677165354
20
0.2000000393700787
11
0.8842949999999999
21
0.2002561417322835
0
LINE
8
BLACK
6
CONTINUOUS
10
0.8842949999999999
20
0.2002561417322835
11
0.889683622047244
21
0.2022659842519685
0
LINE
8
BLACK
6
CONTINUOUS
10
0.889683622047244
20
0.2022659842519685
11
0.8896836614173228
21
0.2022659842519685
0
LINE
8
BLACK
6
CONTINUOUS
10
0.8896836614173228
20
0.2022659842519685
11
0.8942875590551181
21
0.2057124409448819
0
LINE
8
BLACK
6
CONTINUOUS
10
0.8942875590551181
20
0.2057124409448819
11
0.8977340157480315
21
0.2103163385826771
0
LINE
8
BLACK
6
CONTINUOUS
10
0.8977340157480315
20
0.2103163385826771
11
0.8977340157480315
21
0.2103163779527559
0
LINE
8
BLACK
6
CONTINUOUS
10
0.8977340157480315
20
0.2103163779527559
11
0.8997438582677165
21
0.215705
0
LINE
8
BLACK
6
CONTINUOUS
10
0.8997438582677165
20
0.215705
11
0.8999999606299213
21
0.2180867322834646
0
LINE
8
BLACK
6
CONTINUOUS
10
0.8999999606299213
20
0.2180867322834646
11
0.9
21
0.2180872047244095
0
LINE
8
BLACK
6
CONTINUOUS
10
0.9
20
0.2180872047244095
11
0.9
21
0.24
0
LINE
8
BLACK
6
CONTINUOUS
10
0.9
20
0.24
11
0.88
21
0.24
0
LINE
8
BLACK
6
CONTINUOUS
10
0.88
20
0.24
11
0.88
21
0.22
0
LINE
8
BLACK
6
CONTINUOUS
10
-0.0722294094488189
20
0.2546825196850394
11
-0.0796605118110236
21
0.2508961811023622
0
LINE
8
BLACK
6
CONTINUOUS
10
-0.0796605118110236
20
0.2508961811023622
11
-0.0875924803149606
21
0.248318937007874
0
LINE
8
BLACK
6
CONTINUOUS
10
-0.0875924803149606
20
0.248318937007874
11
-0.0958299212598425
21
0.2470142519685039
0
LINE
8
BLACK
6
CONTINUOUS
10
-0.0958299212598425
20
0.2470142519685039
11
-0.1041700787401575
21
0.2470142519685039
0
LINE
8
BLACK
6
CONTINUOUS
10
-0.1041700787401575
20
0.2470142519685039
11
-0.1124075196850394
21
0.248318937007874
0
LINE
8
BLACK
6
CONTINUOUS
10
-0.1124075196850394
20
0.248318937007874
11
-0.1203394881889764
21
0.2508961811023622
0
LINE
8
BLACK
6
CONTINUOUS
10
-0.1203394881889764
20
0.2508961811023622
11
-0.1277705905511811
21
0.2546825196850394
0
LINE
8
BLACK
6
CONTINUOUS
10
-0.1277705905511811
20
0.2546825196850394
11
-0.1297426771653543
21
0.2561153149606299
0
LINE
8
BLACK
6
CONTINUOUS
10
-0.1297426771653543
20
0.2561153149606299
11
-0.1441689763779528
21
0.2416889763779528
0
LINE
8
BLACK
6
CONTINUOUS
10
-0.1441689763779528
20
0.2416889763779528
11
-0.1441689763779528
21
0.241688937007874
0
LINE
8
BLACK
6
CONTINUOUS
10
-0.1441689763779528
20
0.241688937007874
11
-0.140727125984252
21
0.2390479133858268
0
LINE
8
BLACK
6
CONTINUOUS
10
-0.140727125984252
20
0.2390479133858268
11
-0.1407268503937008
21
0.2390477165354331
0
LINE
8
BLACK
6
CONTINUOUS
10
-0.1407268503937008
20
0.2390477165354331
11
-0.1324231889763779
21
0.2342536220472441
0
LINE
8
BLACK
6
CONTINUOUS
10
-0.1324231889763779
20
0.2342536220472441
11
-0.1324227559055118
21
0.2342533858267717
0
LINE
8
BLACK
6
CONTINUOUS
10
-0.1324227559055118
20
0.2342533858267717
11
-0.1235636220472441
21
0.2305838188976378
0
LINE
8
BLACK
6
CONTINUOUS
10
-0.1235636220472441
20
0.2305838188976378
11
-0.1143011811023622
21
0.228101968503937
0
LINE
8
BLACK
6
CONTINUOUS
10
-0.1143011811023622
20
0.228101968503937
11
-0.1047946062992126
21
0.2268504330708661
0
LINE
8
BLACK
6
CONTINUOUS
10
-0.1047946062992126
20
0.2268504330708661
11
-0.1047942125984252
21
0.2268503937007874
0
LINE
8
BLACK
6
CONTINUOUS
10
-0.1047942125984252
20
0.2268503937007874
11
-0.0952057874015748
21
0.2268503937007874
0
LINE
8
BLACK
6
CONTINUOUS
10
-0.0952057874015748
20
0.2268503937007874
11
-0.0952054330708661
21
0.2268504330708661
0
LINE
8
BLACK
6
CONTINUOUS
10
-0.0952054330708661
20
0.2268504330708661
11
-0.0856988582677165
21
0.228101968503937
0
LINE
8
BLACK
6
CONTINUOUS
10
-0.0856988582677165
20
0.228101968503937
11
-0.0764364173228346
21
0.2305838188976378
0
LINE
8
BLACK
6
CONTINUOUS
10
-0.0764364173228346
20
0.2305838188976378
11
-0.0675772834645669
21
0.2342533858267717
0
LINE
8
BLACK
6
CONTINUOUS
10
-0.0675772834645669
20
0.2342533858267717
11
-0.0675768503937008
21
0.2342536220472441
0
LINE
8
BLACK
6
CONTINUOUS
10
-0.0675768503937008
20
0.2342536220472441
11
-0.0592732283464567
21
0.2390477165354331
0
LINE
8
BLACK
6
CONTINUOUS
10
-0.0592732283464567
20
0.2390477165354331
11
-0.0558311023622047
21
0.2416889763779528
0
LINE
8
BLACK
6
CONTINUOUS
10
-0.0558311023622047
20
0.2416889763779528
11
-0.0702574015748031
21
0.2561153149606299
0
LINE
8
BLACK
6
CONTINUOUS
10
-0.0702574015748031
20
0.2561153149606299
11
-0.0722294094488189
21
0.2546825196850394
0
LINE
8
BLACK
6
CONTINUOUS
10
0.1277705905511811
20
0.2546825196850394
11
0.1203394881889764
21
0.2508961811023622
0
LINE
8
BLACK
6
CONTINUOUS
10
0.1203394881889764
20
0.2508961811023622
11
0.1124075196850394
21
0.248318937007874
0
LINE
8
BLACK
6
CONTINUOUS
10
0.1124075196850394
20
0.248318937007874
11
0.1041700787401575
21
0.2470142519685039
0
LINE
8
BLACK
6
CONTINUOUS
10
0.1041700787401575
20
0.2470142519685039
11
0.0958299212598425
21
0.2470142519685039
0
LINE
8
BLACK
6
CONTINUOUS
10
0.0958299212598425
20
0.2470142519685039
11
0.0875924803149606
21
0.248318937007874
0
LINE
8
BLACK
6
CONTINUOUS
10
0.0875924803149606
20
0.248318937007874
11
0.0796605118110236
21
0.2508961811023622
0
LINE
8
BLACK
6
CONTINUOUS
10
0.0796605118110236
20
0.2508961811023622
11
0.0722294094488189
21
0.2546825196850394
0
LINE
8
BLACK
6
CONTINUOUS
10
0.0722294094488189
20
0.2546825196850394
11
0.0702573228346457
21
0.2561153149606299
0
LINE
8
BLACK
6
CONTINUOUS
10
0.0702573228346457
20
0.2561153149606299
11
0.0558310236220472
21
0.2416889763779528
0
LINE
8
BLACK
6
CONTINUOUS
10
0.0558310236220472
20
0.2416889763779528
11
0.0558310236220472
21
0.241688937007874
0
LINE
8
BLACK
6
CONTINUOUS
10
0.0558310236220472
20
0.241688937007874
11
0.059272874015748
21
0.2390479133858268
0
LINE
8
BLACK
6
CONTINUOUS
10
0.059272874015748
20
0.2390479133858268
11
0.0592731496062992
21
0.2390477165354331
0
LINE
8
BLACK
6
CONTINUOUS
10
0.0592731496062992
20
0.2390477165354331
11
0.067576811023622
21
0.2342536220472441
0
LINE
8
BLACK
6
CONTINUOUS
10
0.067576811023622
20
0.2342536220472441
11
0.0675772440944882
21
0.2342533858267717
0
LINE
8
BLACK
6
CONTINUOUS
10
0.0675772440944882
20
0.2342533858267717
11
0.0764363779527559
21
0.2305838188976378
0
LINE
8
BLACK
6
CONTINUOUS
10
0.0764363779527559
20
0.2305838188976378
11
0.0856988188976378
21
0.228101968503937
0
LINE
8
BLACK
6
CONTINUOUS
10
0.0856988188976378
20
0.228101968503937
11
0.0952053937007874
21
0.2268504330708661
0
LINE
8
BLACK
6
CONTINUOUS
10
0.0952053937007874
20
0.2268504330708661
11
0.0952057874015748
21
0.2268503937007874
0
LINE
8
BLACK
6
CONTINUOUS
10
0.0952057874015748
20
0.2268503937007874
11
0.1047942125984252
21
0.2268503937007874
0
LINE
8
BLACK
6
CONTINUOUS
10
0.1047942125984252
20
0.2268503937007874
11
0.1047945669291339
21
0.2268504330708661
0
LINE
8
BLACK
6
CONTINUOUS
10
0.1047945669291339
20
0.2268504330708661
11
0.1143011417322835
21
0.228101968503937
0
LINE
8
BLACK
6
CONTINUOUS
10
0.1143011417322835
20
0.228101968503937
11
0.1235635826771654
21
0.2305838188976378
0
LINE
8
BLACK
6
CONTINUOUS
10
0.1235635826771654
20
0.2305838188976378
11
0.1324227165354331
21
0.2342533858267717
0
LINE
8
BLACK
6
CONTINUOUS
10
0.1324227165354331
20
0.2342533858267717
11
0.1324231496062992
21
0.2342536220472441
0
LINE
8
BLACK
6
CONTINUOUS
10
0.1324231496062992
20
0.2342536220472441
11
0.1407267716535433
21
0.2390477165354331
0
LINE
8
BLACK
6
CONTINUOUS
10
0.1407267716535433
20
0.2390477165354331
11
0.1441688976377953
21
0.2416889763779528
0
LINE
8
BLACK
6
CONTINUOUS
10
0.1441688976377953
20
0.2416889763779528
11
0.1297425984251968
21
0.2561153149606299
0
LINE
8
BLACK
6
CONTINUOUS
10
0.1297425984251968
20
0.2561153149606299
11
0.1277705905511811
21
0.2546825196850394
0
LINE
8
BLACK
6
CONTINUOUS
10
-0.1609523228346457
20
0.3407268503937008
11
-0.1657464173228347
21
0.332423188976378
0
LINE
8
BLACK
6
CONTINUOUS
10
-0.1657464173228347
20
0.332423188976378
11
-0.1657466535433071
21
0.3324227559055118
0
LINE
8
BLACK
6
CONTINUOUS
10
-0.1657466535433071
20
0.3324227559055118
11
-0.169416220472441
21
0.3235636220472441
0
LINE
8
BLACK
6
CONTINUOUS
10
-0.169416220472441
20
0.3235636220472441
11
-0.1718980708661417
21
0.3143011811023622
0
LINE
8
BLACK
6
CONTINUOUS
10
-0.1718980708661417
20
0.3143011811023622
11
-0.1731496062992126
21
0.3047946062992126
0
LINE
8
BLACK
6
CONTINUOUS
10
-0.1731496062992126
20
0.3047946062992126
11
-0.1731496062992126
21
0.2952054330708661
0
LINE
8
BLACK
6
CONTINUOUS
10
-0.1731496062992126
20
0.2952054330708661
11
-0.1718980708661417
21
0.2856988582677165
0
LINE
8
BLACK
6
CONTINUOUS
10
-0.1718980708661417
20
0.2856988582677165
11
-0.169416220472441
21
0.2764364173228346
0
LINE
8
BLACK
6
CONTINUOUS
10
-0.169416220472441
20
0.2764364173228346
11
-0.1657466535433071
21
0.2675772834645669
0
LINE
8
BLACK
6
CONTINUOUS
10
-0.1657466535433071
20
0.2675772834645669
11
-0.1657464173228347
21
0.2675768503937008
0
LINE
8
BLACK
6
CONTINUOUS
10
-0.1657464173228347
20
0.2675768503937008
11
-0.1609523228346457
21
0.259273188976378
0
LINE
8
BLACK
6
CONTINUOUS
10
-0.1609523228346457
20
0.259273188976378
11
-0.1609521653543307
21
0.2592729527559055
0
LINE
8
BLACK
6
CONTINUOUS
10
-0.1609521653543307
20
0.2592729527559055
11
-0.1583111417322835
21
0.2558311417322834
0
LINE
8
BLACK
6
CONTINUOUS
10
-0.1583111417322835
20
0.2558311417322834
11
-0.158311062992126
21
0.2558311023622047
0
LINE
8
BLACK
6
CONTINUOUS
10
-0.158311062992126
20
0.2558311023622047
11
-0.1438847637795276
21
0.2702574409448819
0
LINE
8
BLACK
6
CONTINUOUS
10
-0.1438847637795276
20
0.2702574409448819
11
-0.1453174803149606
21
0.2722294094488189
0
LINE
8
BLACK
6
CONTINUOUS
10
-0.1453174803149606
20
0.2722294094488189
11
-0.1491038188976378
21
0.2796605118110236
0
LINE
8
BLACK
6
CONTINUOUS
10
-0.1491038188976378
20
0.2796605118110236
11
-0.151681062992126
21
0.2875924803149606
0
LINE
8
BLACK
6
CONTINUOUS
10
-0.151681062992126
20
0.2875924803149606
11
-0.1529857480314961
21
0.2958299212598425
0
LINE
8
BLACK
6
CONTINUOUS
10
-0.1529857480314961
20
0.2958299212598425
11
-0.1529857480314961
21
0.3041700787401574
0
LINE
8
BLACK
6
CONTINUOUS
10
-0.1529857480314961
20
0.3041700787401574
11
-0.151681062992126
21
0.3124075196850394
0
LINE
8
BLACK
6
CONTINUOUS
10
-0.151681062992126
20
0.3124075196850394
11
-0.1491038188976378
21
0.3203394881889764
0
LINE
8
BLACK
6
CONTINUOUS
10
-0.1491038188976378
20
0.3203394881889764
11
-0.1453174803149606
21
0.3277705905511811
0
LINE
8
BLACK
6
CONTINUOUS
10
-0.1453174803149606
20
0.3277705905511811
11
-0.1438847637795276
21
0.3297426377952756
0
LINE
8
BLACK
6
CONTINUOUS
10
-0.1438847637795276
20
0.3297426377952756
11
-0.1583111023622047
21
0.3441689763779527
0
LINE
8
BLACK
6
CONTINUOUS
10
-0.1583111023622047
20
0.3441689763779527
11
-0.1609523228346457
21
0.3407268503937008
0
LINE
8
BLACK
6
CONTINUOUS
10
0.0390476771653543
20
0.5407268503937007
11
0.0342535826771654
21
0.532423188976378
0
LINE
8
BLACK
6
CONTINUOUS
10
0.0342535826771654
20
0.532423188976378
11
0.0342533464566929
21
0.5324227559055118
0
LINE
8
BLACK
6
CONTINUOUS
10
0.0342533464566929
20
0.5324227559055118
11
0.0305837795275591
21
0.523563622047244
0
LINE
8
BLACK
6
CONTINUOUS
10
0.0305837795275591
20
0.523563622047244
11
0.0281019291338583
21
0.5143011811023622
0
LINE
8
BLACK
6
CONTINUOUS
10
0.0281019291338583
20
0.5143011811023622
11
0.0268503937007874
21
0.5047946062992126
0
LINE
8
BLACK
6
CONTINUOUS
10
0.0268503937007874
20
0.5047946062992126
11
0.0268503937007874
21
0.4952054330708661
0
LINE
8
BLACK
6
CONTINUOUS
10
0.0268503937007874
20
0.4952054330708661
11
0.0281019291338583
21
0.4856988582677165
0
LINE
8
BLACK
6
CONTINUOUS
10
0.0281019291338583
20
0.4856988582677165
11
0.0305837795275591
21
0.4764364173228346
0
LINE
8
BLACK
6
CONTINUOUS
10
0.0305837795275591
20
0.4764364173228346
11
0.033084842519685
21
0.4703983070866142
0
LINE
8
BLACK
6
CONTINUOUS
10
0.033084842519685
20
0.4703983070866142
11
0.0333836220472441
21
0.4676191732283465
0
LINE
8
BLACK
6
CONTINUOUS
10
0.0333836220472441
20
0.4676191732283465
11
0.0321324803149606
21
0.4651196850393701
0
LINE
8
BLACK
6
CONTINUOUS
10
0.0321324803149606
20
0.4651196850393701
11
0.0297285826771654
21
0.4636934251968504
0
LINE
8
BLACK
6
CONTINUOUS
10
0.0297285826771654
20
0.4636934251968504
11
0.0269352362204724
21
0.4637931889763779
0
LINE
8
BLACK
6
CONTINUOUS
10
0.0269352362204724
20
0.4637931889763779
11
0.0266041338582677
21
0.4639166929133858
0
LINE
8
BLACK
6
CONTINUOUS
10
0.0266041338582677
20
0.4639166929133858
11
0.0223017322834646
21
0.4656987795275591
0
LINE
8
BLACK
6
CONTINUOUS
10
0.0223017322834646
20
0.4656987795275591
11
0.0135355118110236
21
0.4680476771653543
0
LINE
8
BLACK
6
CONTINUOUS
10
0.0135355118110236
20
0.4680476771653543
11
0.0135354330708661
21
0.468047716535433
0
LINE
8
BLACK
6
CONTINUOUS
10
0.0135354330708661
20
0.468047716535433
11
0.0135351968503937
21
0.4680477559055118
0
LINE
8
BLACK
6
CONTINUOUS
10
0.0135351968503937
20
0.4680477559055118
11
0.0045377952755906
21
0.4692322834645669
0
LINE
8
BLACK
6
CONTINUOUS
10
0.0045377952755906
20
0.4692322834645669
11
0.0045377165354331
21
0.4692322834645669
0
LINE
8
BLACK
6
CONTINUOUS
10
0.0045377165354331
20
0.4692322834645669
11
-0.0045377165354331
21
0.4692322834645669
0
LINE
8
BLACK
6
CONTINUOUS
10
-0.0045377165354331
20
0.4692322834645669
11
-0.0045378346456693
21
0.4692322834645669
0
LINE
8
BLACK
6
CONTINUOUS
10
-0.0045378346456693
20
0.4692322834645669
11
-0.0135352362204724
21
0.4680477559055118
0
LINE
8
BLACK
6
CONTINUOUS
10
-0.0135352362204724
20
0.4680477559055118
11
-0.0151347244094488
21
0.4676191732283465
0
LINE
8
BLACK
6
CONTINUOUS
10
-0.0151347244094488
20
0.4676191732283465
11
-0.0223017322834646
21
0.4656987795275591
0
LINE
8
BLACK
6
CONTINUOUS
10
-0.0223017322834646
20
0.4656987795275591
11
-0.0266035433070866
21
0.4639169291338582
0
LINE
8
BLACK
6
CONTINUOUS
10
-0.0266035433070866
20
0.4639169291338582
11
-0.0293826377952756
21
0.4636181496062992
0
LINE
8
BLACK
6
CONTINUOUS
10
-0.0293826377952756
20
0.4636181496062992
11
-0.031882125984252
21
0.4648693307086614
0
LINE
8
BLACK
6
CONTINUOUS
10
-0.031882125984252
20
0.4648693307086614
11
-0.0333083858267717
21
0.4672731889763779
0
LINE
8
BLACK
6
CONTINUOUS
10
-0.0333083858267717
20
0.4672731889763779
11
-0.0332086220472441
21
0.4700665354330709
0
LINE
8
BLACK
6
CONTINUOUS
10
-0.0332086220472441
20
0.4700665354330709
11
-0.0330848818897638
21
0.4703983464566929
0
LINE
8
BLACK
6
CONTINUOUS
10
-0.0330848818897638
20
0.4703983464566929
11
-0.0305837795275591
21
0.4764365354330709
0
LINE
8
BLACK
6
CONTINUOUS
10
-0.0305837795275591
20
0.4764365354330709
11
-0.028101968503937
21
0.4856988582677165
0
LINE
8
BLACK
6
CONTINUOUS
10
-0.028101968503937
20
0.4856988582677165
11
-0.0268504330708661
21
0.4952054330708661
0
LINE
8
BLACK
6
CONTINUOUS
10
-0.0268504330708661
20
0.4952054330708661
11
-0.0268503937007874
21
0.4952057874015748
0
LINE
8
BLACK
6
CONTINUOUS
10
-0.0268503937007874
20
0.4952057874015748
11
-0.0268503937007874
21
0.5047942125984252
0
LINE
8
BLACK
6
CONTINUOUS
10
-0.0268503937007874
20
0.5047942125984252
11
-0.0268504330708661
21
0.5047946062992126
0
LINE
8
BLACK
6
CONTINUOUS
10
-0.0268504330708661
20
0.5047946062992126
11
-0.028101968503937
21
0.5143011811023622
0
LINE
8
BLACK
6
CONTINUOUS
10
-0.028101968503937
20
0.5143011811023622
11
-0.0305838188976378
21
0.523563622047244
0
LINE
8
BLACK
6
CONTINUOUS
10
-0.0305838188976378
20
0.523563622047244
11
-0.0342533858267717
21
0.5324227559055118
0
LINE
8
BLACK
6
CONTINUOUS
10
-0.0342533858267717
20
0.5324227559055118
11
-0.0342536220472441
21
0.532423188976378
0
LINE
8
BLACK
6
CONTINUOUS
10
-0.0342536220472441
20
0.532423188976378
11
-0.0390477165354331
21
0.5407268503937007
0
LINE
8
BLACK
6
CONTINUOUS
10
-0.0390477165354331
20
0.5407268503937007
11
-0.0390479133858268
21
0.540727125984252
0
LINE
8
BLACK
6
CONTINUOUS
10
-0.0390479133858268
20
0.540727125984252
11
-0.0416889763779528
21
0.5441689763779527
0
LINE
8
BLACK
6
CONTINUOUS
10
-0.0416889763779528
20
0.5441689763779527
11
-0.0561153149606299
21
0.5297426771653543
0
LINE
8
BLACK
6
CONTINUOUS
10
-0.0561153149606299
20
0.5297426771653543
11
-0.0546825196850394
21
0.5277705905511811
0
LINE
8
BLACK
6
CONTINUOUS
10
-0.0546825196850394
20
0.5277705905511811
11
-0.0508961811023622
21
0.5203394881889764
0
LINE
8
BLACK
6
CONTINUOUS
10
-0.0508961811023622
20
0.5203394881889764
11
-0.048318937007874
21
0.5124075196850394
0
LINE
8
BLACK
6
CONTINUOUS
10
-0.048318937007874
20
0.5124075196850394
11
-0.0470142519685039
21
0.5041700787401575
0
LINE
8
BLACK
6
CONTINUOUS
10
-0.0470142519685039
20
0.5041700787401575
11
-0.0470142519685039
21
0.4958299212598425
0
LINE
8
BLACK
6
CONTINUOUS
10
-0.0470142519685039
20
0.4958299212598425
11
-0.048318937007874
21
0.4875924803149606
0
LINE
8
BLACK
6
CONTINUOUS
10
-0.048318937007874
20
0.4875924803149606
11
-0.0508961811023622
21
0.4796605118110236
0
LINE
8
BLACK
6
CONTINUOUS
10
-0.0508961811023622
20
0.4796605118110236
11
-0.0546825196850394
21
0.4722294094488189
0
LINE
8
BLACK
6
CONTINUOUS
10
-0.0546825196850394
20
0.4722294094488189
11
-0.0595847244094488
21
0.4654820866141732
0
LINE
8
BLACK
6
CONTINUOUS
10
-0.0595847244094488
20
0.4654820866141732
11
-0.0654820866141732
21
0.4595847244094488
0
LINE
8
BLACK
6
CONTINUOUS
10
-0.0654820866141732
20
0.4595847244094488
11
-0.0722294094488189
21
0.4546825196850394
0
LINE
8
BLACK
6
CONTINUOUS
10
-0.0722294094488189
20
0.4546825196850394
11
-0.0796605118110236
21
0.4508961811023622
0
LINE
8
BLACK
6
CONTINUOUS
10
-0.0796605118110236
20
0.4508961811023622
11
-0.0875924803149606
21
0.448318937007874
0
LINE
8
BLACK
6
CONTINUOUS
10
-0.0875924803149606
20
0.448318937007874
11
-0.0958299212598425
21
0.4470142519685039
0
LINE
8
BLACK
6
CONTINUOUS
10
-0.0958299212598425
20
0.4470142519685039
11
-0.1041700787401575
21
0.4470142519685039
0
LINE
8
BLACK
6
CONTINUOUS
10
-0.1041700787401575
20
0.4470142519685039
11
-0.1124075196850394
21
0.448318937007874
0
LINE
8
BLACK
6
CONTINUOUS
10
-0.1124075196850394
20
0.448318937007874
11
-0.1203394881889764
21
0.4508961811023622
0
LINE
8
BLACK
6
CONTINUOUS
10
-0.1203394881889764
20
0.4508961811023622
11
-0.1277705905511811
21
0.4546825196850394
0
LINE
8
BLACK
6
CONTINUOUS
10
-0.1277705905511811
20
0.4546825196850394
11
-0.1297426771653543
21
0.4561153149606299
0
LINE
8
BLACK
6
CONTINUOUS
10
-0.1297426771653543
20
0.4561153149606299
11
-0.1441689763779528
21
0.4416889763779527
0
LINE
8
BLACK
6
CONTINUOUS
10
-0.1441689763779528
20
0.4416889763779527
11
-0.1441689763779528
21
0.441688937007874
0
LINE
8
BLACK
6
CONTINUOUS
10
-0.1441689763779528
20
0.441688937007874
11
-0.140727125984252
21
0.4390479133858268
0
LINE
8
BLACK
6
CONTINUOUS
10
-0.140727125984252
20
0.4390479133858268
11
-0.1407268503937008
21
0.4390477165354331
0
LINE
8
BLACK
6
CONTINUOUS
10
-0.1407268503937008
20
0.4390477165354331
11
-0.1324231889763779
21
0.4342536220472441
0
LINE
8
BLACK
6
CONTINUOUS
10
-0.1324231889763779
20
0.4342536220472441
11
-0.1324227559055118
21
0.4342533858267716
0
LINE
8
BLACK
6
CONTINUOUS
10
-0.1324227559055118
20
0.4342533858267716
11
-0.1235636220472441
21
0.4305838188976378
0
LINE
8
BLACK
6
CONTINUOUS
10
-0.1235636220472441
20
0.4305838188976378
11
-0.1143011811023622
21
0.428101968503937
0
LINE
8
BLACK
6
CONTINUOUS
10
-0.1143011811023622
20
0.428101968503937
11
-0.1047946062992126
21
0.4268504330708661
0
LINE
8
BLACK
6
CONTINUOUS
10
-0.1047946062992126
20
0.4268504330708661
11
-0.1047942125984252
21
0.4268503937007874
0
LINE
8
BLACK
6
CONTINUOUS
10
-0.1047942125984252
20
0.4268503937007874
11
-0.0952057874015748
21
0.4268503937007874
0
LINE
8
BLACK
6
CONTINUOUS
10
-0.0952057874015748
20
0.4268503937007874
11
-0.0952054330708661
21
0.4268504330708661
0
LINE
8
BLACK
6
CONTINUOUS
10
-0.0952054330708661
20
0.4268504330708661
11
-0.0856988582677165
21
0.428101968503937
0
LINE
8
BLACK
6
CONTINUOUS
10
-0.0856988582677165
20
0.428101968503937
11
-0.0764365354330709
21
0.4305837795275591
0
LINE
8
BLACK
6
CONTINUOUS
10
-0.0764365354330709
20
0.4305837795275591
11
-0.0703983464566929
21
0.4330848818897638
0
LINE
8
BLACK
6
CONTINUOUS
10
-0.0703983464566929
20
0.4330848818897638
11
-0.0676192125984252
21
0.4333836614173228
0
LINE
8
BLACK
6
CONTINUOUS
10
-0.0676192125984252
20
0.4333836614173228
11
-0.0651197244094488
21
0.4321325196850394
0
LINE
8
BLACK
6
CONTINUOUS
10
-0.0651197244094488
20
0.4321325196850394
11
-0.0636934251968504
21
0.4297286614173228
0
LINE
8
BLACK
6
CONTINUOUS
10
-0.0636934251968504
20
0.4297286614173228
11
-0.063793188976378
21
0.4269353149606299
0
LINE
8
BLACK
6
CONTINUOUS
10
-0.063793188976378
20
0.4269353149606299
11
-0.0639169291338583
21
0.4266035039370079
0
LINE
8
BLACK
6
CONTINUOUS
10
-0.0639169291338583
20
0.4266035039370079
11
-0.0656987795275591
21
0.4223017322834646
0
LINE
8
BLACK
6
CONTINUOUS
10
-0.0656987795275591
20
0.4223017322834646
11
-0.0680477559055118
21
0.4135352362204724
0
LINE
8
BLACK
6
CONTINUOUS
10
-0.0680477559055118
20
0.4135352362204724
11
-0.0692322834645669
21
0.4045378346456693
0
LINE
8
BLACK
6
CONTINUOUS
10
-0.0692322834645669
20
0.4045378346456693
11
-0.0692322834645669
21
0.3954622047244095
0
LINE
8
BLACK
6
CONTINUOUS
10
-0.0692322834645669
20
0.3954622047244095
11
-0.0680477559055118
21
0.3864648031496063
0
LINE
8
BLACK
6
CONTINUOUS
10
-0.0680477559055118
20
0.3864648031496063
11
-0.0680477165354331
21
0.3864645669291338
0
LINE
8
BLACK
6
CONTINUOUS
10
-0.0680477165354331
20
0.3864645669291338
11
-0.0680476771653543
21
0.3864644881889764
0
LINE
8
BLACK
6
CONTINUOUS
10
-0.0680476771653543
20
0.3864644881889764
11
-0.0656987795275591
21
0.3776982677165354
0
LINE
8
BLACK
6
CONTINUOUS
10
-0.0656987795275591
20
0.3776982677165354
11
-0.0639169291338583
21
0.3733964566929134
0
LINE
8
BLACK
6
CONTINUOUS
10
-0.0639169291338583
20
0.3733964566929134
11
-0.0636181496062992
21
0.3706174015748032
0
LINE
8
BLACK
6
CONTINUOUS
10
-0.0636181496062992
20
0.3706174015748032
11
-0.0648692913385827
21
0.3681179133858268
0
LINE
8
BLACK
6
CONTINUOUS
10
-0.0648692913385827
20
0.3681179133858268
11
-0.0672731889763779
21
0.3666916535433071
0
LINE
8
BLACK
6
CONTINUOUS
10
-0.0672731889763779
20
0.3666916535433071
11
-0.0700665354330709
21
0.3667914173228347
0
LINE
8
BLACK
6
CONTINUOUS
10
-0.0700665354330709
20
0.3667914173228347
11
-0.0703983070866142
21
0.3669151574803149
0
LINE
8
BLACK
6
CONTINUOUS
10
-0.0703983070866142
20
0.3669151574803149
11
-0.0764364173228346
21
0.3694162204724409
0
LINE
8
BLACK
6
CONTINUOUS
10
-0.0764364173228346
20
0.3694162204724409
11
-0.0856988582677165
21
0.3718980708661417
0
LINE
8
BLACK
6
CONTINUOUS
10
-0.0856988582677165
20
0.3718980708661417
11
-0.0952054330708661
21
0.3731496062992126
0
LINE
8
BLACK
6
CONTINUOUS
10
-0.0952054330708661
20
0.3731496062992126
11
-0.1047946062992126
21
0.3731496062992126
0
LINE
8
BLACK
6
CONTINUOUS
10
-0.1047946062992126
20
0.3731496062992126
11
-0.1143011811023622
21
0.3718980708661417
0
LINE
8
BLACK
6
CONTINUOUS
10
-0.1143011811023622
20
0.3718980708661417
11
-0.1235636220472441
21
0.3694162204724409
0
LINE
8
BLACK
6
CONTINUOUS
10
-0.1235636220472441
20
0.3694162204724409
11
-0.1324227559055118
21
0.3657466535433071
0
LINE
8
BLACK
6
CONTINUOUS
10
-0.1324227559055118
20
0.3657466535433071
11
-0.1324231889763779
21
0.3657464173228346
0
LINE
8
BLACK
6
CONTINUOUS
10
-0.1324231889763779
20
0.3657464173228346
11
-0.1407268503937008
21
0.3609523228346457
0
LINE
8
BLACK
6
CONTINUOUS
10
-0.1407268503937008
20
0.3609523228346457
11
-0.1441689763779528
21
0.3583111023622047
0
LINE
8
BLACK
6
CONTINUOUS
10
-0.1441689763779528
20
0.3583111023622047
11
-0.1297426377952756
21
0.3438847637795275
0
LINE
8
BLACK
6
CONTINUOUS
10
-0.1297426377952756
20
0.3438847637795275
11
-0.1277705905511811
21
0.3453174803149606
0
LINE
8
BLACK
6
CONTINUOUS
10
-0.1277705905511811
20
0.3453174803149606
11
-0.1203394881889764
21
0.3491038188976378
0
LINE
8
BLACK
6
CONTINUOUS
10
-0.1203394881889764
20
0.3491038188976378
11
-0.1124075196850394
21
0.351681062992126
0
LINE
8
BLACK
6
CONTINUOUS
10
-0.1124075196850394
20
0.351681062992126
11
-0.1041700787401575
21
0.3529857480314961
0
LINE
8
BLACK
6
CONTINUOUS
10
-0.1041700787401575
20
0.3529857480314961
11
-0.0958299212598425
21
0.3529857480314961
0
LINE
8
BLACK
6
CONTINUOUS
10
-0.0958299212598425
20
0.3529857480314961
11
-0.0875924803149606
21
0.351681062992126
0
LINE
8
BLACK
6
CONTINUOUS
10
-0.0875924803149606
20
0.351681062992126
11
-0.0796605118110236
21
0.3491038188976378
0
LINE
8
BLACK
6
CONTINUOUS
10
-0.0796605118110236
20
0.3491038188976378
11
-0.0722294094488189
21
0.3453174803149606
0
LINE
8
BLACK
6
CONTINUOUS
10
-0.0722294094488189
20
0.3453174803149606
11
-0.0654820866141732
21
0.3404152755905512
0
LINE
8
BLACK
6
CONTINUOUS
10
-0.0654820866141732
20
0.3404152755905512
11
-0.0595847244094488
21
0.3345179133858268
0
LINE
8
BLACK
6
CONTINUOUS
10
-0.0595847244094488
20
0.3345179133858268
11
-0.0546825196850394
21
0.3277705905511811
0
LINE
8
BLACK
6
CONTINUOUS
10
-0.0546825196850394
20
0.3277705905511811
11
-0.0508961811023622
21
0.3203394881889764
0
LINE
8
BLACK
6
CONTINUOUS
10
-0.0508961811023622
20
0.3203394881889764
11
-0.048318937007874
21
0.3124075196850394
0
LINE
8
BLACK
6
CONTINUOUS
10
-0.048318937007874
20
0.3124075196850394
11
-0.0470142519685039
21
0.3041700787401574
0
LINE
8
BLACK
6
CONTINUOUS
10
-0.0470142519685039
20
0.3041700787401574
11
-0.0470142519685039
21
0.2958299212598425
0
LINE
8
BLACK
6
CONTINUOUS
10
-0.0470142519685039
20
0.2958299212598425
11
-0.048318937007874
21
0.2875924803149606
0
LINE
8
BLACK
6
CONTINUOUS
10
-0.048318937007874
20
0.2875924803149606
11
-0.0508961811023622
21
0.2796605118110236
0
LINE
8
BLACK
6
CONTINUOUS
10
-0.0508961811023622
20
0.2796605118110236
11
-0.0546825196850394
21
0.2722294094488189
0
LINE
8
BLACK
6
CONTINUOUS
10
-0.0546825196850394
20
0.2722294094488189
11
-0.0561152755905512
21
0.2702574015748032
0
LINE
8
BLACK
6
CONTINUOUS
10
-0.0561152755905512
20
0.2702574015748032
11
-0.0416889763779528
21
0.2558311023622047
0
LINE
8
BLACK
6
CONTINUOUS
10
-0.0416889763779528
20
0.2558311023622047
11
-0.0390477165354331
21
0.2592732283464567
0
LINE
8
BLACK
6
CONTINUOUS
10
-0.0390477165354331
20
0.2592732283464567
11
-0.0342536220472441
21
0.2675768503937008
0
LINE
8
BLACK
6
CONTINUOUS
10
-0.0342536220472441
20
0.2675768503937008
11
-0.0342533858267717
21
0.2675772834645669
0
LINE
8
BLACK
6
CONTINUOUS
10
-0.0342533858267717
20
0.2675772834645669
11
-0.0305838188976378
21
0.2764364173228346
0
LINE
8
BLACK
6
CONTINUOUS
10
-0.0305838188976378
20
0.2764364173228346
11
-0.028101968503937
21
0.2856988582677165
0
LINE
8
BLACK
6
CONTINUOUS
10
-0.028101968503937
20
0.2856988582677165
11
-0.0268504330708661
21
0.2952054330708661
0
LINE
8
BLACK
6
CONTINUOUS
10
-0.0268504330708661
20
0.2952054330708661
11
-0.0268503937007874
21
0.2952057874015748
0
LINE
8
BLACK
6
CONTINUOUS
10
-0.0268503937007874
20
0.2952057874015748
11
-0.0268503937007874
21
0.3047942125984252
0
LINE
8
BLACK
6
CONTINUOUS
10
-0.0268503937007874
20
0.3047942125984252
11
-0.0268504330708661
21
0.3047946062992126
0
LINE
8
BLACK
6
CONTINUOUS
10
-0.0268504330708661
20
0.3047946062992126
11
-0.028101968503937
21
0.3143011811023622
0
LINE
8
BLACK
6
CONTINUOUS
10
-0.028101968503937
20
0.3143011811023622
11
-0.0305838188976378
21
0.3235636220472441
0
LINE
8
BLACK
6
CONTINUOUS
10
-0.0305838188976378
20
0.3235636220472441
11
-0.0330848818897638
21
0.3296017322834646
0
LINE
8
BLACK
6
CONTINUOUS
10
-0.0330848818897638
20
0.3296017322834646
11
-0.0333836614173228
21
0.3323808267716535
0
LINE
8
BLACK
6
CONTINUOUS
10
-0.0333836614173228
20
0.3323808267716535
11
-0.0321325196850394
21
0.3348803149606299
0
LINE
8
BLACK
6
CONTINUOUS
10
-0.0321325196850394
20
0.3348803149606299
11
-0.0297286614173228
21
0.3363066141732283
0
LINE
8
BLACK
6
CONTINUOUS
10
-0.0297286614173228
20
0.3363066141732283
11
-0.0269352755905512
21
0.3362068503937008
0
LINE
8
BLACK
6
CONTINUOUS
10
-0.0269352755905512
20
0.3362068503937008
11
-0.0266047637795276
21
0.3360835826771654
0
LINE
8
BLACK
6
CONTINUOUS
10
-0.0266047637795276
20
0.3360835826771654
11
-0.0223017322834646
21
0.3343012204724409
0
LINE
8
BLACK
6
CONTINUOUS
10
-0.0223017322834646
20
0.3343012204724409
11
-0.0135355118110236
21
0.3319523228346457
0
LINE
8
BLACK
6
CONTINUOUS
10
-0.0135355118110236
20
0.3319523228346457
11
-0.0135352755905512
21
0.3319523228346457
0
LINE
8
BLACK
6
CONTINUOUS
10
-0.0135352755905512
20
0.3319523228346457
11
-0.0135352362204724
21
0.3319522834645669
0
LINE
8
BLACK
6
CONTINUOUS
10
-0.0135352362204724
20
0.3319522834645669
11
-0.0125029527559055
21
0.3318164173228346
0
LINE
8
BLACK
6
CONTINUOUS
10
-0.0125029527559055
20
0.3318164173228346
11
-0.0045377165354331
21
0.3307677165354331
0
LINE
8
BLACK
6
CONTINUOUS
10
-0.0045377165354331
20
0.3307677165354331
11
-0.0045374409448819
21
0.3307677165354331
0
LINE
8
BLACK
6
CONTINUOUS
10
-0.0045374409448819
20
0.3307677165354331
11
0.0045374409448819
21
0.3307677165354331
0
LINE
8
BLACK
6
CONTINUOUS
10
0.0045374409448819
20
0.3307677165354331
11
0.0045377165354331
21
0.3307677165354331
0
LINE
8
BLACK
6
CONTINUOUS
10
0.0045377165354331
20
0.3307677165354331
11
0.0135355118110236
21
0.3319523228346457
0
LINE
8
BLACK
6
CONTINUOUS
10
0.0135355118110236
20
0.3319523228346457
11
0.0223017322834646
21
0.3343012204724409
0
LINE
8
BLACK
6
CONTINUOUS
10
0.0223017322834646
20
0.3343012204724409
11
0.0266036614173228
21
0.3360831496062992
0
LINE
8
BLACK
6
CONTINUOUS
10
0.0266036614173228
20
0.3360831496062992
11
0.0293825590551181
21
0.3363818897637795
0
LINE
8
BLACK
6
CONTINUOUS
10
0.0293825590551181
20
0.3363818897637795
11
0.0318820472440945
21
0.3351307480314961
0
LINE
8
BLACK
6
CONTINUOUS
10
0.0318820472440945
20
0.3351307480314961
11
0.0333083464566929
21
0.3327268897637795
0
LINE
8
BLACK
6
CONTINUOUS
10
0.0333083464566929
20
0.3327268897637795
11
0.0332085826771654
21
0.3299335433070866
0
LINE
8
BLACK
6
CONTINUOUS
10
0.0332085826771654
20
0.3299335433070866
11
0.033084842519685
21
0.3296017322834646
0
LINE
8
BLACK
6
CONTINUOUS
10
0.033084842519685
20
0.3296017322834646
11
0.0305837795275591
21
0.3235636220472441
0
LINE
8
BLACK
6
CONTINUOUS
10
0.0305837795275591
20
0.3235636220472441
11
0.0281019291338583
21
0.3143011811023622
0
LINE
8
BLACK
6
CONTINUOUS
10
0.0281019291338583
20
0.3143011811023622
11
0.0268503937007874
21
0.3047946062992126
0
LINE
8
BLACK
6
CONTINUOUS
10
0.0268503937007874
20
0.3047946062992126
11
0.0268503937007874
21
0.2952054330708661
0
LINE
8
BLACK
6
CONTINUOUS
10
0.0268503937007874
20
0.2952054330708661
11
0.0281019291338583
21
0.2856988582677165
0
LINE
8
BLACK
6
CONTINUOUS
10
0.0281019291338583
20
0.2856988582677165
11
0.0305837795275591
21
0.2764364173228346
0
LINE
8
BLACK
6
CONTINUOUS
10
0.0305837795275591
20
0.2764364173228346
11
0.0342533464566929
21
0.2675772834645669
0
LINE
8
BLACK
6
CONTINUOUS
10
0.0342533464566929
20
0.2675772834645669
11
0.0342535826771654
21
0.2675768503937008
0
LINE
8
BLACK
6
CONTINUOUS
10
0.0342535826771654
20
0.2675768503937008
11
0.0390476771653543
21
0.259273188976378
0
LINE
8
BLACK
6
CONTINUOUS
10
0.0390476771653543
20
0.259273188976378
11
0.0390478346456693
21
0.2592729527559055
0
LINE
8
BLACK
6
CONTINUOUS
10
0.0390478346456693
20
0.2592729527559055
11
0.0416888582677165
21
0.2558311417322834
0
LINE
8
BLACK
6
CONTINUOUS
10
0.0416888582677165
20
0.2558311417322834
11
0.0416888976377953
21
0.2558311023622047
0
LINE
8
BLACK
6
CONTINUOUS
10
0.0416888976377953
20
0.2558311023622047
11
0.0561151968503937
21
0.2702574409448819
0
LINE
8
BLACK
6
CONTINUOUS
10
0.0561151968503937
20
0.2702574409448819
11
0.0546825196850394
21
0.2722294094488189
0
LINE
8
BLACK
6
CONTINUOUS
10
0.0546825196850394
20
0.2722294094488189
11
0.0508961811023622
21
0.2796605118110236
0
LINE
8
BLACK
6
CONTINUOUS
10
0.0508961811023622
20
0.2796605118110236
11
0.048318937007874
21
0.2875924803149606
0
LINE
8
BLACK
6
CONTINUOUS
10
0.048318937007874
20
0.2875924803149606
11
0.0470142519685039
21
0.2958299212598425
0
LINE
8
BLACK
6
CONTINUOUS
10
0.0470142519685039
20
0.2958299212598425
11
0.0470142519685039
21
0.3041700787401574
0
LINE
8
BLACK
6
CONTINUOUS
10
0.0470142519685039
20
0.3041700787401574
11
0.048318937007874
21
0.3124075196850394
0
LINE
8
BLACK
6
CONTINUOUS
10
0.048318937007874
20
0.3124075196850394
11
0.0508961811023622
21
0.3203394881889764
0
LINE
8
BLACK
6
CONTINUOUS
10
0.0508961811023622
20
0.3203394881889764
11
0.0546825196850394
21
0.3277705905511811
0
LINE
8
BLACK
6
CONTINUOUS
10
0.0546825196850394
20
0.3277705905511811
11
0.0595847244094488
21
0.3345179133858268
0
LINE
8
BLACK
6
CONTINUOUS
10
0.0595847244094488
20
0.3345179133858268
11
0.0654820866141732
21
0.3404152755905512
0
LINE
8
BLACK
6
CONTINUOUS
10
0.0654820866141732
20
0.3404152755905512
11
0.0722294094488189
21
0.3453174803149606
0
LINE
8
BLACK
6
CONTINUOUS
10
0.0722294094488189
20
0.3453174803149606
11
0.0796605118110236
21
0.3491038188976378
0
LINE
8
BLACK
6
CONTINUOUS
10
0.0796605118110236
20
0.3491038188976378
11
0.0875924803149606
21
0.351681062992126
0
LINE
8
BLACK
6
CONTINUOUS
10
0.0875924803149606
20
0.351681062992126
11
0.0958299212598425
21
0.3529857480314961
0
LINE
8
BLACK
6
CONTINUOUS
10
0.0958299212598425
20
0.3529857480314961
11
0.1041700787401575
21
0.3529857480314961
0
LINE
8
BLACK
6
CONTINUOUS
10
0.1041700787401575
20
0.3529857480314961
11
0.1124075196850394
21
0.351681062992126
0
LINE
8
BLACK
6
CONTINUOUS
10
0.1124075196850394
20
0.351681062992126
11
0.1203394881889764
21
0.3491038188976378
0
LINE
8
BLACK
6
CONTINUOUS
10
0.1203394881889764
20
0.3491038188976378
11
0.1277705905511811
21
0.3453174803149606
0
LINE
8
BLACK
6
CONTINUOUS
10
0.1277705905511811
20
0.3453174803149606
11
0.1297425590551181
21
0.3438848031496063
0
LINE
8
BLACK
6
CONTINUOUS
10
0.1297425590551181
20
0.3438848031496063
11
0.1441688976377953
21
0.3583111023622047
0
LINE
8
BLACK
6
CONTINUOUS
10
0.1441688976377953
20
0.3583111023622047
11
0.1441688582677165
21
0.3583111417322835
0
LINE
8
BLACK
6
CONTINUOUS
10
0.1441688582677165
20
0.3583111417322835
11
0.1407270472440945
21
0.3609521653543307
0
LINE
8
BLACK
6
CONTINUOUS
10
0.1407270472440945
20
0.3609521653543307
11
0.1407268110236221
21
0.3609523228346457
0
LINE
8
BLACK
6
CONTINUOUS
10
0.1407268110236221
20
0.3609523228346457
11
0.1324231496062992
21
0.3657464173228346
0
LINE
8
BLACK
6
CONTINUOUS
10
0.1324231496062992
20
0.3657464173228346
11
0.1324227165354331
21
0.3657466535433071
0
LINE
8
BLACK
6
CONTINUOUS
10
0.1324227165354331
20
0.3657466535433071
11
0.1235635826771654
21
0.3694162204724409
0
LINE
8
BLACK
6
CONTINUOUS
10
0.1235635826771654
20
0.3694162204724409
11
0.1143011417322835
21
0.3718980708661417
0
LINE
8
BLACK
6
CONTINUOUS
10
0.1143011417322835
20
0.3718980708661417
11
0.1047945669291339
21
0.3731496062992126
0
LINE
8
BLACK
6
CONTINUOUS
10
0.1047945669291339
20
0.3731496062992126
11
0.0952053937007874
21
0.3731496062992126
0
LINE
8
BLACK
6
CONTINUOUS
10
0.0952053937007874
20
0.3731496062992126
11
0.0856988188976378
21
0.3718980708661417
0
LINE
8
BLACK
6
CONTINUOUS
10
0.0856988188976378
20
0.3718980708661417
11
0.0764363779527559
21
0.3694162204724409
0
LINE
8
BLACK
6
CONTINUOUS
10
0.0764363779527559
20
0.3694162204724409
11
0.0703982677165354
21
0.3669151574803149
0
LINE
8
BLACK
6
CONTINUOUS
10
0.0703982677165354
20
0.3669151574803149
11
0.0676191338582677
21
0.3666163779527559
0
LINE
8
BLACK
6
CONTINUOUS
10
0.0676191338582677
20
0.3666163779527559
11
0.0651196456692913
21
0.3678675590551181
0
LINE
8
BLACK
6
CONTINUOUS
10
0.0651196456692913
20
0.3678675590551181
11
0.0636933858267717
21
0.3702714173228346
0
LINE
8
BLACK
6
CONTINUOUS
10
0.0636933858267717
20
0.3702714173228346
11
0.0637931496062992
21
0.3730647637795276
0
LINE
8
BLACK
6
CONTINUOUS
10
0.0637931496062992
20
0.3730647637795276
11
0.0639161023622047
21
0.3733945669291339
0
LINE
8
BLACK
6
CONTINUOUS
10
0.0639161023622047
20
0.3733945669291339
11
0.0656987795275591
21
0.3776982677165354
0
LINE
8
BLACK
6
CONTINUOUS
10
0.0656987795275591
20
0.3776982677165354
11
0.0680476771653543
21
0.3864644881889764
0
LINE
8
BLACK
6
CONTINUOUS
10
0.0680476771653543
20
0.3864644881889764
11
0.0692322834645669
21
0.3954622834645669
0
LINE
8
BLACK
6
CONTINUOUS
10
0.0692322834645669
20
0.3954622834645669
11
0.0692322834645669
21
0.4045377165354331
0
LINE
8
BLACK
6
CONTINUOUS
10
0.0692322834645669
20
0.4045377165354331
11
0.0680476771653543
21
0.4135355118110236
0
LINE
8
BLACK
6
CONTINUOUS
10
0.0680476771653543
20
0.4135355118110236
11
0.0656987795275591
21
0.4223017322834646
0
LINE
8
BLACK
6
CONTINUOUS
10
0.0656987795275591
20
0.4223017322834646
11
0.0639168503937008
21
0.4266037007874016
0
LINE
8
BLACK
6
CONTINUOUS
10
0.0639168503937008
20
0.4266037007874016
11
0.0636181102362205
21
0.4293825984251968
0
LINE
8
BLACK
6
CONTINUOUS
10
0.0636181102362205
20
0.4293825984251968
11
0.0648692519685039
21
0.4318820866141732
0
LINE
8
BLACK
6
CONTINUOUS
10
0.0648692519685039
20
0.4318820866141732
11
0.0672731102362205
21
0.4333083858267717
0
LINE
8
BLACK
6
CONTINUOUS
10
0.0672731102362205
20
0.4333083858267717
11
0.0700664566929134
21
0.4332086220472441
0
LINE
8
BLACK
6
CONTINUOUS
10
0.0700664566929134
20
0.4332086220472441
11
0.0703982677165354
21
0.4330848818897638
0
LINE
8
BLACK
6
CONTINUOUS
10
0.0703982677165354
20
0.4330848818897638
11
0.0764363779527559
21
0.4305838188976378
0
LINE
8
BLACK
6
CONTINUOUS
10
0.0764363779527559
20
0.4305838188976378
11
0.0856988188976378
21
0.428101968503937
0
LINE
8
BLACK
6
CONTINUOUS
10
0.0856988188976378
20
0.428101968503937
11
0.0952053937007874
21
0.4268504330708661
0
LINE
8
BLACK
6
CONTINUOUS
10
0.0952053937007874
20
0.4268504330708661
11
0.0952057874015748
21
0.4268503937007874
0
LINE
8
BLACK
6
CONTINUOUS
10
0.0952057874015748
20
0.4268503937007874
11
0.1047942125984252
21
0.4268503937007874
0
LINE
8
BLACK
6
CONTINUOUS
10
0.1047942125984252
20
0.4268503937007874
11
0.1047945669291339
21
0.4268504330708661
0
LINE
8
BLACK
6
CONTINUOUS
10
0.1047945669291339
20
0.4268504330708661
11
0.1143011417322835
21
0.428101968503937
0
LINE
8
BLACK
6
CONTINUOUS
10
0.1143011417322835
20
0.428101968503937
11
0.1235635826771654
21
0.4305838188976378
0
LINE
8
BLACK
6
CONTINUOUS
10
0.1235635826771654
20
0.4305838188976378
11
0.1324227165354331
21
0.4342533858267716
0
LINE
8
BLACK
6
CONTINUOUS
10
0.1324227165354331
20
0.4342533858267716
11
0.1324231496062992
21
0.4342536220472441
0
LINE
8
BLACK
6
CONTINUOUS
10
0.1324231496062992
20
0.4342536220472441
11
0.1407267716535433
21
0.4390477165354331
0
LINE
8
BLACK
6
CONTINUOUS
10
0.1407267716535433
20
0.4390477165354331
11
0.1441688976377953
21
0.4416889763779527
0
LINE
8
BLACK
6
CONTINUOUS
10
0.1441688976377953
20
0.4416889763779527
11
0.1297425984251968
21
0.4561152755905512
0
LINE
8
BLACK
6
CONTINUOUS
10
0.1297425984251968
20
0.4561152755905512
11
0.1277705905511811
21
0.4546825196850394
0
LINE
8
BLACK
6
CONTINUOUS
10
0.1277705905511811
20
0.4546825196850394
11
0.1203394881889764
21
0.4508961811023622
0
LINE
8
BLACK
6
CONTINUOUS
10
0.1203394881889764
20
0.4508961811023622
11
0.1124075196850394
21
0.448318937007874
0
LINE
8
BLACK
6
CONTINUOUS
10
0.1124075196850394
20
0.448318937007874
11
0.1041700787401575
21
0.4470142519685039
0
LINE
8
BLACK
6
CONTINUOUS
10
0.1041700787401575
20
0.4470142519685039
11
0.0958299212598425
21
0.4470142519685039
0
LINE
8
BLACK
6
CONTINUOUS
10
0.0958299212598425
20
0.4470142519685039
11
0.0875924803149606
21
0.448318937007874
0
LINE
8
BLACK
6
CONTINUOUS
10
0.0875924803149606
20
0.448318937007874
11
0.0796605118110236
21
0.4508961811023622
0
LINE
8
BLACK
6
CONTINUOUS
10
0.0796605118110236
20
0.4508961811023622
11
0.0722294094488189
21
0.4546825196850394
0
LINE
8
BLACK
6
CONTINUOUS
10
0.0722294094488189
20
0.4546825196850394
11
0.0654820866141732
21
0.4595847244094488
0
LINE
8
BLACK
6
CONTINUOUS
10
0.0654820866141732
20
0.4595847244094488
11
0.0595847244094488
21
0.4654820866141732
0
LINE
8
BLACK
6
CONTINUOUS
10
0.0595847244094488
20
0.4654820866141732
11
0.0546825196850394
21
0.4722294094488189
0
LINE
8
BLACK
6
CONTINUOUS
10
0.0546825196850394
20
0.4722294094488189
11
0.0508961811023622
21
0.4796605118110236
0
LINE
8
BLACK
6
CONTINUOUS
10
0.0508961811023622
20
0.4796605118110236
11
0.048318937007874
21
0.4875924803149606
0
LINE
8
BLACK
6
CONTINUOUS
10
0.048318937007874
20
0.4875924803149606
11
0.0470142519685039
21
0.4958299212598425
0
LINE
8
BLACK
6
CONTINUOUS
10
0.0470142519685039
20
0.4958299212598425
11
0.0470142519685039
21
0.5041700787401575
0
LINE
8
BLACK
6
CONTINUOUS
10
0.0470142519685039
20
0.5041700787401575
11
0.048318937007874
21
0.5124075196850394
0
LINE
8
BLACK
6
CONTINUOUS
10
0.048318937007874
20
0.5124075196850394
11
0.0508961811023622
21
0.5203394881889764
0
LINE
8
BLACK
6
CONTINUOUS
10
0.0508961811023622
20
0.5203394881889764
11
0.0546825196850394
21
0.5277705905511811
0
LINE
8
BLACK
6
CONTINUOUS
10
0.0546825196850394
20
0.5277705905511811
11
0.0561152362204724
21
0.5297426377952755
0
LINE
8
BLACK
6
CONTINUOUS
10
0.0561152362204724
20
0.5297426377952755
11
0.0416888976377953
21
0.5441689763779527
0
LINE
8
BLACK
6
CONTINUOUS
10
0.0416888976377953
20
0.5441689763779527
11
0.0390476771653543
21
0.5407268503937007
0
LINE
8
BLACK
6
CONTINUOUS
10
0.1438846850393701
20
0.3297426771653543
11
0.1453174803149606
21
0.3277705905511811
0
LINE
8
BLACK
6
CONTINUOUS
10
0.1453174803149606
20
0.3277705905511811
11
0.1491038188976378
21
0.3203394881889764
0
LINE
8
BLACK
6
CONTINUOUS
10
0.1491038188976378
20
0.3203394881889764
11
0.151681062992126
21
0.3124075196850394
0
LINE
8
BLACK
6
CONTINUOUS
10
0.151681062992126
20
0.3124075196850394
11
0.1529857480314961
21
0.3041700787401574
0
LINE
8
BLACK
6
CONTINUOUS
10
0.1529857480314961
20
0.3041700787401574
11
0.1529857480314961
21
0.2958299212598425
0
LINE
8
BLACK
6
CONTINUOUS
10
0.1529857480314961
20
0.2958299212598425
11
0.151681062992126
21
0.2875924803149606
0
LINE
8
BLACK
6
CONTINUOUS
10
0.151681062992126
20
0.2875924803149606
11
0.1491038188976378
21
0.2796605118110236
0
LINE
8
BLACK
6
CONTINUOUS
10
0.1491038188976378
20
0.2796605118110236
11
0.1453174803149606
21
0.2722294094488189
0
LINE
8
BLACK
6
CONTINUOUS
10
0.1453174803149606
20
0.2722294094488189
11
0.1438847244094488
21
0.2702574015748032
0
LINE
8
BLACK
6
CONTINUOUS
10
0.1438847244094488
20
0.2702574015748032
11
0.1583110236220472
21
0.2558311023622047
0
LINE
8
BLACK
6
CONTINUOUS
10
0.1583110236220472
20
0.2558311023622047
11
0.1609522834645669
21
0.2592732283464567
0
LINE
8
BLACK
6
CONTINUOUS
10
0.1609522834645669
20
0.2592732283464567
11
0.1657463779527559
21
0.2675768503937008
0
LINE
8
BLACK
6
CONTINUOUS
10
0.1657463779527559
20
0.2675768503937008
11
0.1657466141732283
21
0.2675772834645669
0
LINE
8
BLACK
6
CONTINUOUS
10
0.1657466141732283
20
0.2675772834645669
11
0.1694161811023622
21
0.2764364173228346
0
LINE
8
BLACK
6
CONTINUOUS
10
0.1694161811023622
20
0.2764364173228346
11
0.171898031496063
21
0.2856988582677165
0
LINE
8
BLACK
6
CONTINUOUS
10
0.171898031496063
20
0.2856988582677165
11
0.1731495669291339
21
0.2952054330708661
0
LINE
8
BLACK
6
CONTINUOUS
10
0.1731495669291339
20
0.2952054330708661
11
0.1731496062992126
21
0.2952057874015748
0
LINE
8
BLACK
6
CONTINUOUS
10
0.1731496062992126
20
0.2952057874015748
11
0.1731496062992126
21
0.3047942125984252
0
LINE
8
BLACK
6
CONTINUOUS
10
0.1731496062992126
20
0.3047942125984252
11
0.1731495669291339
21
0.3047946062992126
0
LINE
8
BLACK
6
CONTINUOUS
10
0.1731495669291339
20
0.3047946062992126
11
0.171898031496063
21
0.3143011811023622
0
LINE
8
BLACK
6
CONTINUOUS
10
0.171898031496063
20
0.3143011811023622
11
0.1694161811023622
21
0.3235636220472441
0
LINE
8
BLACK
6
CONTINUOUS
10
0.1694161811023622
20
0.3235636220472441
11
0.1657466141732283
21
0.3324227559055118
0
LINE
8
BLACK
6
CONTINUOUS
10
0.1657466141732283
20
0.3324227559055118
11
0.1657463779527559
21
0.332423188976378
0
LINE
8
BLACK
6
CONTINUOUS
10
0.1657463779527559
20
0.332423188976378
11
0.1609522834645669
21
0.3407268503937008
0
LINE
8
BLACK
6
CONTINUOUS
10
0.1609522834645669
20
0.3407268503937008
11
0.1609520866141732
21
0.340727125984252
0
LINE
8
BLACK
6
CONTINUOUS
10
0.1609520866141732
20
0.340727125984252
11
0.1583110236220472
21
0.3441689763779527
0
LINE
8
BLACK
6
CONTINUOUS
10
0.1583110236220472
20
0.3441689763779527
11
0.1438846850393701
21
0.3297426771653543
0
LINE
8
BLACK
6
CONTINUOUS
10
0.78
20
0.54
11
0.78
21
0.52
0
LINE
8
BLACK
6
CONTINUOUS
10
0.78
20
0.52
11
0.72
21
0.52
0
LINE
8
BLACK
6
CONTINUOUS
10
0.72
20
0.52
11
0.72
21
0.54
0
LINE
8
BLACK
6
CONTINUOUS
10
0.72
20
0.54
11
0.7
21
0.54
0
LINE
8
BLACK
6
CONTINUOUS
10
0.7
20
0.54
11
0.7
21
0.5180867322834646
0
LINE
8
BLACK
6
CONTINUOUS
10
0.7
20
0.5180867322834646
11
0.7002561023622047
21
0.515705
0
LINE
8
BLACK
6
CONTINUOUS
10
0.7002561023622047
20
0.515705
11
0.7022659448818898
21
0.5103163779527559
0
LINE
8
BLACK
6
CONTINUOUS
10
0.7022659448818898
20
0.5103163779527559
11
0.7022659448818898
21
0.5103163385826771
0
LINE
8
BLACK
6
CONTINUOUS
10
0.7022659448818898
20
0.5103163385826771
11
0.7057124015748031
21
0.5057124409448819
0
LINE
8
BLACK
6
CONTINUOUS
10
0.7057124015748031
20
0.5057124409448819
11
0.7080220078740157
21
0.5039835039370079
0
LINE
8
BLACK
6
CONTINUOUS
10
0.7080220078740157
20
0.5039835039370079
11
0.7096970866141732
21
0.5017458661417322
0
LINE
8
BLACK
6
CONTINUOUS
10
0.7096970866141732
20
0.5017458661417322
11
0.7098964566929133
21
0.498957874015748
0
LINE
8
BLACK
6
CONTINUOUS
10
0.7098964566929133
20
0.498957874015748
11
0.7085568897637795
21
0.4965046062992126
0
LINE
8
BLACK
6
CONTINUOUS
10
0.7085568897637795
20
0.4965046062992126
11
0.7080220866141732
21
0.4960411811023622
0
LINE
8
BLACK
6
CONTINUOUS
10
0.7080220866141732
20
0.4960411811023622
11
0.7056983464566929
21
0.4943016141732283
0
LINE
8
BLACK
6
CONTINUOUS
10
0.7056983464566929
20
0.4943016141732283
11
0.7022485039370079
21
0.4896932283464567
0
LINE
8
BLACK
6
CONTINUOUS
10
0.7022485039370079
20
0.4896932283464567
11
0.7022484251968504
21
0.489693031496063
0
LINE
8
BLACK
6
CONTINUOUS
10
0.7022484251968504
20
0.489693031496063
11
0.7002366535433071
21
0.4842994094488189
0
LINE
8
BLACK
6
CONTINUOUS
10
0.7002366535433071
20
0.4842994094488189
11
0.7002365748031496
21
0.484299094488189
0
LINE
8
BLACK
6
CONTINUOUS
10
0.7002365748031496
20
0.484299094488189
11
0.69998031496063
21
0.4819153543307086
0
LINE
8
BLACK
6
CONTINUOUS
10
0.69998031496063
20
0.4819153543307086
11
0.69998031496063
21
0.4180846850393701
0
LINE
8
BLACK
6
CONTINUOUS
10
0.69998031496063
20
0.4180846850393701
11
0.7002365748031496
21
0.4157009448818897
0
LINE
8
BLACK
6
CONTINUOUS
10
0.7002365748031496
20
0.4157009448818897
11
0.7002366535433071
21
0.4157006299212598
0
LINE
8
BLACK
6
CONTINUOUS
10
0.7002366535433071
20
0.4157006299212598
11
0.7022484251968504
21
0.4103070078740158
0
LINE
8
BLACK
6
CONTINUOUS
10
0.7022484251968504
20
0.4103070078740158
11
0.7022485039370079
21
0.410306811023622
0
LINE
8
BLACK
6
CONTINUOUS
10
0.7022485039370079
20
0.410306811023622
11
0.7056983858267717
21
0.4056983858267716
0
LINE
8
BLACK
6
CONTINUOUS
10
0.7056983858267717
20
0.4056983858267716
11
0.7080056299212598
21
0.4039711417322834
0
LINE
8
BLACK
6
CONTINUOUS
10
0.7080056299212598
20
0.4039711417322834
11
0.7096806692913386
21
0.4017335039370079
0
LINE
8
BLACK
6
CONTINUOUS
10
0.7096806692913386
20
0.4017335039370079
11
0.7098800393700787
21
0.3989455118110236
0
LINE
8
BLACK
6
CONTINUOUS
10
0.7098800393700787
20
0.3989455118110236
11
0.7085404724409449
21
0.3964922834645669
0
LINE
8
BLACK
6
CONTINUOUS
10
0.7085404724409449
20
0.3964922834645669
11
0.7080056299212598
21
0.3960288582677165
0
LINE
8
BLACK
6
CONTINUOUS
10
0.7080056299212598
20
0.3960288582677165
11
0.7056983858267717
21
0.3943016535433071
0
LINE
8
BLACK
6
CONTINUOUS
10
0.7056983858267717
20
0.3943016535433071
11
0.7022485039370079
21
0.3896932283464567
0
LINE
8
BLACK
6
CONTINUOUS
10
0.7022485039370079
20
0.3896932283464567
11
0.7022484251968504
21
0.389693031496063
0
LINE
8
BLACK
6
CONTINUOUS
10
0.7022484251968504
20
0.389693031496063
11
0.7002366535433071
21
0.3842994094488189
0
LINE
8
BLACK
6
CONTINUOUS
10
0.7002366535433071
20
0.3842994094488189
11
0.7002365748031496
21
0.3842990944881889
0
LINE
8
BLACK
6
CONTINUOUS
10
0.7002365748031496
20
0.3842990944881889
11
0.69998031496063
21
0.3819153543307087
0
LINE
8
BLACK
6
CONTINUOUS
10
0.69998031496063
20
0.3819153543307087
11
0.69998031496063
21
0.3180846850393701
0
LINE
8
BLACK
6
CONTINUOUS
10
0.69998031496063
20
0.3180846850393701
11
0.7002365748031496
21
0.3157009448818898
0
LINE
8
BLACK
6
CONTINUOUS
10
0.7002365748031496
20
0.3157009448818898
11
0.7002366535433071
21
0.3157006299212599
0
LINE
8
BLACK
6
CONTINUOUS
10
0.7002366535433071
20
0.3157006299212599
11
0.7022484251968504
21
0.3103070078740157
0
LINE
8
BLACK
6
CONTINUOUS
10
0.7022484251968504
20
0.3103070078740157
11
0.7022485039370079
21
0.3103068110236221
0
LINE
8
BLACK
6
CONTINUOUS
10
0.7022485039370079
20
0.3103068110236221
11
0.7056983070866142
21
0.3056984645669291
0
LINE
8
BLACK
6
CONTINUOUS
10
0.7056983070866142
20
0.3056984645669291
11
0.7056983464566929
21
0.3056984645669291
0
LINE
8
BLACK
6
CONTINUOUS
10
0.7056983464566929
20
0.3056984645669291
11
0.7056983858267717
21
0.3056983858267717
0
LINE
8
BLACK
6
CONTINUOUS
10
0.7056983858267717
20
0.3056983858267717
11
0.70588
21
0.3055624409448819
0
LINE
8
BLACK
6
CONTINUOUS
10
0.70588
20
0.3055624409448819
11
0.7080220472440945
21
0.3039588976377953
0
LINE
8
BLACK
6
CONTINUOUS
10
0.7080220472440945
20
0.3039588976377953
11
0.7096970866141732
21
0.3017212598425197
0
LINE
8
BLACK
6
CONTINUOUS
10
0.7096970866141732
20
0.3017212598425197
11
0.7098964566929133
21
0.2989332283464567
0
LINE
8
BLACK
6
CONTINUOUS
10
0.7098964566929133
20
0.2989332283464567
11
0.7085568897637795
21
0.29648
0
LINE
8
BLACK
6
CONTINUOUS
10
0.7085568897637795
20
0.29648
11
0.7080220472440945
21
0.2960165748031496
0
LINE
8
BLACK
6
CONTINUOUS
10
0.7080220472440945
20
0.2960165748031496
11
0.7057124409448818
21
0.2942875984251969
0
LINE
8
BLACK
6
CONTINUOUS
10
0.7057124409448818
20
0.2942875984251969
11
0.7022659448818898
21
0.2896837007874016
0
LINE
8
BLACK
6
CONTINUOUS
10
0.7022659448818898
20
0.2896837007874016
11
0.7022659448818898
21
0.2896836614173228
0
LINE
8
BLACK
6
CONTINUOUS
10
0.7022659448818898
20
0.2896836614173228
11
0.7002561023622047
21
0.2842950393700787
0
LINE
8
BLACK
6
CONTINUOUS
10
0.7002561023622047
20
0.2842950393700787
11
0.7
21
0.2819133070866142
0
LINE
8
BLACK
6
CONTINUOUS
10
0.7
20
0.2819133070866142
11
0.7
21
0.26
0
LINE
8
BLACK
6
CONTINUOUS
10
0.7
20
0.26
11
0.72
21
0.26
0
LINE
8
BLACK
6
CONTINUOUS
10
0.72
20
0.26
11
0.72
21
0.28
0
LINE
8
BLACK
6
CONTINUOUS
10
0.72
20
0.28
11
0.78
21
0.28
0
LINE
8
BLACK
6
CONTINUOUS
10
0.78
20
0.28
11
0.78
21
0.26
0
LINE
8
BLACK
6
CONTINUOUS
10
0.78
20
0.26
11
0.82
21
0.26
0
LINE
8
BLACK
6
CONTINUOUS
10
0.82
20
0.26
11
0.82
21
0.28
0
LINE
8
BLACK
6
CONTINUOUS
10
0.82
20
0.28
11
0.88
21
0.28
0
LINE
8
BLACK
6
CONTINUOUS
10
0.88
20
0.28
11
0.88
21
0.26
0
LINE
8
BLACK
6
CONTINUOUS
10
0.88
20
0.26
11
0.9
21
0.26
0
LINE
8
BLACK
6
CONTINUOUS
10
0.9
20
0.26
11
0.9
21
0.2819128346456693
0
LINE
8
BLACK
6
CONTINUOUS
10
0.9
20
0.2819128346456693
11
0.8999999606299213
21
0.2819133070866142
0
LINE
8
BLACK
6
CONTINUOUS
10
0.8999999606299213
20
0.2819133070866142
11
0.8997438582677165
21
0.2842950393700787
0
LINE
8
BLACK
6
CONTINUOUS
10
0.8997438582677165
20
0.2842950393700787
11
0.8977340157480315
21
0.2896836614173228
0
LINE
8
BLACK
6
CONTINUOUS
10
0.8977340157480315
20
0.2896836614173228
11
0.8977340157480315
21
0.2896837007874016
0
LINE
8
BLACK
6
CONTINUOUS
10
0.8977340157480315
20
0.2896837007874016
11
0.8942875590551181
21
0.2942875984251969
0
LINE
8
BLACK
6
CONTINUOUS
10
0.8942875590551181
20
0.2942875984251969
11
0.8919779527559055
21
0.2960165354330709
0
LINE
8
BLACK
6
CONTINUOUS
10
0.8919779527559055
20
0.2960165354330709
11
0.890302874015748
21
0.2982541732283465
0
LINE
8
BLACK
6
CONTINUOUS
10
0.890302874015748
20
0.2982541732283465
11
0.8901035039370079
21
0.3010422047244095
0
LINE
8
BLACK
6
CONTINUOUS
10
0.8901035039370079
20
0.3010422047244095
11
0.8914430708661417
21
0.3034954330708661
0
LINE
8
BLACK
6
CONTINUOUS
10
0.8914430708661417
20
0.3034954330708661
11
0.8919779527559055
21
0.3039588976377953
0
LINE
8
BLACK
6
CONTINUOUS
10
0.8919779527559055
20
0.3039588976377953
11
0.8943016141732283
21
0.3056983858267717
0
LINE
8
BLACK
6
CONTINUOUS
10
0.8943016141732283
20
0.3056983858267717
11
0.8977514566929133
21
0.3103068110236221
0
LINE
8
BLACK
6
CONTINUOUS
10
0.8977514566929133
20
0.3103068110236221
11
0.8977514566929133
21
0.3103068503937008
0
LINE
8
BLACK
6
CONTINUOUS
10
0.8977514566929133
20
0.3103068503937008
11
0.8977515354330708
21
0.3103069291338583
0
LINE
8
BLACK
6
CONTINUOUS
10
0.8977515354330708
20
0.3103069291338583
11
0.8997633464566929
21
0.3157007480314961
0
LINE
8
BLACK
6
CONTINUOUS
10
0.8997633464566929
20
0.3157007480314961
11
0.8997795669291339
21
0.3158514173228346
0
LINE
8
BLACK
6
CONTINUOUS
10
0.8997795669291339
20
0.3158514173228346
11
0.9000196456692913
21
0.3180846850393701
0
LINE
8
BLACK
6
CONTINUOUS
10
0.9000196456692913
20
0.3180846850393701
11
0.90001968503937
21
0.3180853543307087
0
LINE
8
BLACK
6
CONTINUOUS
10
0.90001968503937
20
0.3180853543307087
11
0.90001968503937
21
0.3819146850393701
0
LINE
8
BLACK
6
CONTINUOUS
10
0.90001968503937
20
0.3819146850393701
11
0.9000196456692913
21
0.3819153543307087
0
LINE
8
BLACK
6
CONTINUOUS
10
0.9000196456692913
20
0.3819153543307087
11
0.8997633858267716
21
0.3842990944881889
0
LINE
8
BLACK
6
CONTINUOUS
10
0.8997633858267716
20
0.3842990944881889
11
0.8997633070866141
21
0.3842994094488189
0
LINE
8
BLACK
6
CONTINUOUS
10
0.8997633070866141
20
0.3842994094488189
11
0.8977515354330708
21
0.389693031496063
0
LINE
8
BLACK
6
CONTINUOUS
10
0.8977515354330708
20
0.389693031496063
11
0.8977514566929133
21
0.3896932283464567
0
LINE
8
BLACK
6
CONTINUOUS
10
0.8977514566929133
20
0.3896932283464567
11
0.8943016141732283
21
0.3943016535433071
0
LINE
8
BLACK
6
CONTINUOUS
10
0.8943016141732283
20
0.3943016535433071
11
0.8919943700787402
21
0.3960288188976378
0
LINE
8
BLACK
6
CONTINUOUS
10
0.8919943700787402
20
0.3960288188976378
11
0.8903192913385827
21
0.3982664566929134
0
LINE
8
BLACK
6
CONTINUOUS
10
0.8903192913385827
20
0.3982664566929134
11
0.8901199212598425
21
0.4010544881889764
0
LINE
8
BLACK
6
CONTINUOUS
10
0.8901199212598425
20
0.4010544881889764
11
0.8914594881889764
21
0.403507716535433
0
LINE
8
BLACK
6
CONTINUOUS
10
0.8914594881889764
20
0.403507716535433
11
0.8919943700787402
21
0.4039711811023622
0
LINE
8
BLACK
6
CONTINUOUS
10
0.8919943700787402
20
0.4039711811023622
11
0.8943016141732283
21
0.4056983858267716
0
LINE
8
BLACK
6
CONTINUOUS
10
0.8943016141732283
20
0.4056983858267716
11
0.8977514566929133
21
0.410306811023622
0
LINE
8
BLACK
6
CONTINUOUS
10
0.8977514566929133
20
0.410306811023622
11
0.8977514566929133
21
0.4103068503937008
0
LINE
8
BLACK
6
CONTINUOUS
10
0.8977514566929133
20
0.4103068503937008
11
0.8977515354330708
21
0.4103069291338582
0
LINE
8
BLACK
6
CONTINUOUS
10
0.8977515354330708
20
0.4103069291338582
11
0.8997633464566929
21
0.415700748031496
0
LINE
8
BLACK
6
CONTINUOUS
10
0.8997633464566929
20
0.415700748031496
11
0.90001968503937
21
0.4180851181102362
0
LINE
8
BLACK
6
CONTINUOUS
10
0.90001968503937
20
0.4180851181102362
11
0.90001968503937
21
0.4819148818897638
0
LINE
8
BLACK
6
CONTINUOUS
10
0.90001968503937
20
0.4819148818897638
11
0.9
21
0.4820979921259843
0
LINE
8
BLACK
6
CONTINUOUS
10
0.9
20
0.4820979921259843
11
0.8997633858267716
21
0.484299094488189
0
LINE
8
BLACK
6
CONTINUOUS
10
0.8997633858267716
20
0.484299094488189
11
0.8997633070866141
21
0.4842994094488189
0
LINE
8
BLACK
6
CONTINUOUS
10
0.8997633070866141
20
0.4842994094488189
11
0.8977515354330708
21
0.489693031496063
0
LINE
8
BLACK
6
CONTINUOUS
10
0.8977515354330708
20
0.489693031496063
11
0.8977514566929133
21
0.4896932283464567
0
LINE
8
BLACK
6
CONTINUOUS
10
0.8977514566929133
20
0.4896932283464567
11
0.8943015748031495
21
0.4943016535433071
0
LINE
8
BLACK
6
CONTINUOUS
10
0.8943015748031495
20
0.4943016535433071
11
0.8919779133858268
21
0.4960411811023622
0
LINE
8
BLACK
6
CONTINUOUS
10
0.8919779133858268
20
0.4960411811023622
11
0.890302874015748
21
0.4982788188976378
0
LINE
8
BLACK
6
CONTINUOUS
10
0.890302874015748
20
0.4982788188976378
11
0.8901035039370079
21
0.5010668503937008
0
LINE
8
BLACK
6
CONTINUOUS
10
0.8901035039370079
20
0.5010668503937008
11
0.8914430708661417
21
0.5035200393700787
0
LINE
8
BLACK
6
CONTINUOUS
10
0.8914430708661417
20
0.5035200393700787
11
0.8919779921259843
21
0.5039835433070866
0
LINE
8
BLACK
6
CONTINUOUS
10
0.8919779921259843
20
0.5039835433070866
11
0.8942875590551181
21
0.5057124803149606
0
LINE
8
BLACK
6
CONTINUOUS
10
0.8942875590551181
20
0.5057124803149606
11
0.8977340157480315
21
0.5103163385826771
0
LINE
8
BLACK
6
CONTINUOUS
10
0.8977340157480315
20
0.5103163385826771
11
0.8977340157480315
21
0.5103163779527559
0
LINE
8
BLACK
6
CONTINUOUS
10
0.8977340157480315
20
0.5103163779527559
11
0.8997438582677165
21
0.515705
0
LINE
8
BLACK
6
CONTINUOUS
10
0.8997438582677165
20
0.515705
11
0.8999999606299213
21
0.5180867322834646
0
LINE
8
BLACK
6
CONTINUOUS
10
0.8999999606299213
20
0.5180867322834646
11
0.9
21
0.5180872047244094
0
LINE
8
BLACK
6
CONTINUOUS
10
0.9
20
0.5180872047244094
11
0.9
21
0.54
0
LINE
8
BLACK
6
CONTINUOUS
10
0.9
20
0.54
11
0.88
21
0.54
0
LINE
8
BLACK
6
CONTINUOUS
10
0.88
20
0.54
11
0.88
21
0.52
0
LINE
8
BLACK
6
CONTINUOUS
10
0.88
20
0.52
11
0.82
21
0.52
0
LINE
8
BLACK
6
CONTINUOUS
10
0.82
20
0.52
11
0.82
21
0.54
0
LINE
8
BLACK
6
CONTINUOUS
10
0.82
20
0.54
11
0.78
21
0.54
0
LINE
8
BLACK
6
CONTINUOUS
10
0.35
20
0.49
11
0.35
21
0.4680867322834645
0
LINE
8
BLACK
6
CONTINUOUS
10
0.35
20
0.4680867322834645
11
0.3502561023622047
21
0.465705
0
LINE
8
BLACK
6
CONTINUOUS
10
0.3502561023622047
20
0.465705
11
0.3522659448818898
21
0.4603163779527559
0
LINE
8
BLACK
6
CONTINUOUS
10
0.3522659448818898
20
0.4603163779527559
11
0.3522659448818898
21
0.4603163385826772
0
LINE
8
BLACK
6
CONTINUOUS
10
0.3522659448818898
20
0.4603163385826772
11
0.3557124015748032
21
0.4557124409448819
0
LINE
8
BLACK
6
CONTINUOUS
10
0.3557124015748032
20
0.4557124409448819
11
0.3603162992125984
21
0.4522659842519685
0
LINE
8
BLACK
6
CONTINUOUS
10
0.3603162992125984
20
0.4522659842519685
11
0.3657049606299212
21
0.4502561417322835
0
LINE
8
BLACK
6
CONTINUOUS
10
0.3657049606299212
20
0.4502561417322835
11
0.3680866929133858
21
0.4500000393700787
0
LINE
8
BLACK
6
CONTINUOUS
10
0.3680866929133858
20
0.4500000393700787
11
0.3680872047244094
21
0.45
0
LINE
8
BLACK
6
CONTINUOUS
10
0.3680872047244094
20
0.45
11
0.39
21
0.45
0
LINE
8
BLACK
6
CONTINUOUS
10
0.39
20
0.45
11
0.39
21
0.47
0
LINE
8
BLACK
6
CONTINUOUS
10
0.39
20
0.47
11
0.37
21
0.47
0
LINE
8
BLACK
6
CONTINUOUS
10
0.37
20
0.47
11
0.37
21
0.49
0
LINE
8
BLACK
6
CONTINUOUS
10
0.37
20
0.49
11
0.35
21
0.49
0
LINE
8
BLACK
6
CONTINUOUS
10
0.43
20
0.49
11
0.43
21
0.47
0
LINE
8
BLACK
6
CONTINUOUS
10
0.43
20
0.47
11
0.41
21
0.47
0
LINE
8
BLACK
6
CONTINUOUS
10
0.41
20
0.47
11
0.41
21
0.45
0
LINE
8
BLACK
6
CONTINUOUS
10
0.41
20
0.45
11
0.4319127952755906
21
0.45
0
LINE
8
BLACK
6
CONTINUOUS
10
0.4319127952755906
20
0.45
11
0.4319132677165354
21
0.4500000393700787
0
LINE
8
BLACK
6
CONTINUOUS
10
0.4319132677165354
20
0.4500000393700787
11
0.434295
21
0.4502561417322835
0
LINE
8
BLACK
6
CONTINUOUS
10
0.434295
20
0.4502561417322835
11
0.4396836220472441
21
0.4522659842519685
0
LINE
8
BLACK
6
CONTINUOUS
10
0.4396836220472441
20
0.4522659842519685
11
0.4396836614173228
21
0.4522659842519685
0
LINE
8
BLACK
6
CONTINUOUS
10
0.4396836614173228
20
0.4522659842519685
11
0.4442875590551181
21
0.4557124409448819
0
LINE
8
BLACK
6
CONTINUOUS
10
0.4442875590551181
20
0.4557124409448819
11
0.4460288188976378
21
0.4580384645669291
0
LINE
8
BLACK
6
CONTINUOUS
10
0.4460288188976378
20
0.4580384645669291
11
0.4482664566929134
21
0.4597135433070866
0
LINE
8
BLACK
6
CONTINUOUS
10
0.4482664566929134
20
0.4597135433070866
11
0.4510544488188976
21
0.4599129133858267
0
LINE
8
BLACK
6
CONTINUOUS
10
0.4510544488188976
20
0.4599129133858267
11
0.453507716535433
21
0.4585733464566929
0
LINE
8
BLACK
6
CONTINUOUS
10
0.453507716535433
20
0.4585733464566929
11
0.4539711811023622
21
0.4580384645669291
0
LINE
8
BLACK
6
CONTINUOUS
10
0.4539711811023622
20
0.4580384645669291
11
0.4557124015748031
21
0.4557124409448819
0
LINE
8
BLACK
6
CONTINUOUS
10
0.4557124015748031
20
0.4557124409448819
11
0.4603162992125984
21
0.4522659842519685
0
LINE
8
BLACK
6
CONTINUOUS
10
0.4603162992125984
20
0.4522659842519685
11
0.4657049606299212
21
0.4502561417322835
0
LINE
8
BLACK
6
CONTINUOUS
10
0.4657049606299212
20
0.4502561417322835
11
0.4680866929133858
21
0.4500000393700787
0
LINE
8
BLACK
6
CONTINUOUS
10
0.4680866929133858
20
0.4500000393700787
11
0.4680872047244095
21
0.45
0
LINE
8
BLACK
6
CONTINUOUS
10
0.4680872047244095
20
0.45
11
0.49
21
0.45
0
LINE
8
BLACK
6
CONTINUOUS
10
0.49
20
0.45
11
0.49
21
0.47
0
LINE
8
BLACK
6
CONTINUOUS
10
0.49
20
0.47
11
0.47
21
0.47
0
LINE
8
BLACK
6
CONTINUOUS
10
0.47
20
0.47
11
0.47
21
0.49
0
LINE
8
BLACK
6
CONTINUOUS
10
0.47
20
0.49
11
0.43
21
0.49
0
LINE
8
BLACK
6
CONTINUOUS
10
0.53
20
0.47
11
0.51
21
0.47
0
LINE
8
BLACK
6
CONTINUOUS
10
0.51
20
0.47
11
0.51
21
0.45
0
LINE
8
BLACK
6
CONTINUOUS
10
0.51
20
0.45
11
0.5319127952755905
21
0.45
0
LINE
8
BLACK
6
CONTINUOUS
10
0.5319127952755905
20
0.45
11
0.5319132677165355
21
0.4500000393700787
0
LINE
8
BLACK
6
CONTINUOUS
10
0.5319132677165355
20
0.4500000393700787
11
0.534295
21
0.4502561417322835
0
LINE
8
BLACK
6
CONTINUOUS
10
0.534295
20
0.4502561417322835
11
0.5396836220472441
21
0.4522659842519685
0
LINE
8
BLACK
6
CONTINUOUS
10
0.5396836220472441
20
0.4522659842519685
11
0.5396836614173228
21
0.4522659842519685
0
LINE
8
BLACK
6
CONTINUOUS
10
0.5396836614173228
20
0.4522659842519685
11
0.5442875590551181
21
0.4557124409448819
0
LINE
8
BLACK
6
CONTINUOUS
10
0.5442875590551181
20
0.4557124409448819
11
0.5477340157480315
21
0.4603163385826772
0
LINE
8
BLACK
6
CONTINUOUS
10
0.5477340157480315
20
0.4603163385826772
11
0.5477340157480315
21
0.4603163779527559
0
LINE
8
BLACK
6
CONTINUOUS
10
0.5477340157480315
20
0.4603163779527559
11
0.5497438582677165
21
0.465705
0
LINE
8
BLACK
6
CONTINUOUS
10
0.5497438582677165
20
0.465705
11
0.5499999606299213
21
0.4680867322834645
0
LINE
8
BLACK
6
CONTINUOUS
10
0.5499999606299213
20
0.4680867322834645
11
0.5499999999999999
21
0.4680872047244095
0
LINE
8
BLACK
6
CONTINUOUS
10
0.5499999999999999
20
0.4680872047244095
11
0.5499999999999999
21
0.49
0
LINE
8
BLACK
6
CONTINUOUS
10
0.5499999999999999
20
0.49
11
0.53
21
0.49
0
LINE
8
BLACK
6
CONTINUOUS
10
0.53
20
0.49
11
0.53
21
0.47
0
LINE
8
BLACK
6
CONTINUOUS
10
0.1438846850393701
20
0.5297426771653543
11
0.1453174803149606
21
0.5277705905511811
0
LINE
8
BLACK
6
CONTINUOUS
10
0.1453174803149606
20
0.5277705905511811
11
0.1491038188976378
21
0.5203394881889764
0
LINE
8
BLACK
6
CONTINUOUS
10
0.1491038188976378
20
0.5203394881889764
11
0.151681062992126
21
0.5124075196850394
0
LINE
8
BLACK
6
CONTINUOUS
10
0.151681062992126
20
0.5124075196850394
11
0.1529857480314961
21
0.5041700787401575
0
LINE
8
BLACK
6
CONTINUOUS
10
0.1529857480314961
20
0.5041700787401575
11
0.1529857480314961
21
0.4958299212598425
0
LINE
8
BLACK
6
CONTINUOUS
10
0.1529857480314961
20
0.4958299212598425
11
0.151681062992126
21
0.4875924803149606
0
LINE
8
BLACK
6
CONTINUOUS
10
0.151681062992126
20
0.4875924803149606
11
0.1491038188976378
21
0.4796605118110236
0
LINE
8
BLACK
6
CONTINUOUS
10
0.1491038188976378
20
0.4796605118110236
11
0.1453174803149606
21
0.4722294094488189
0
LINE
8
BLACK
6
CONTINUOUS
10
0.1453174803149606
20
0.4722294094488189
11
0.1438847244094488
21
0.4702574015748031
0
LINE
8
BLACK
6
CONTINUOUS
10
0.1438847244094488
20
0.4702574015748031
11
0.1583110236220472
21
0.4558311023622047
0
LINE
8
BLACK
6
CONTINUOUS
10
0.1583110236220472
20
0.4558311023622047
11
0.1609522834645669
21
0.4592732283464567
0
LINE
8
BLACK
6
CONTINUOUS
10
0.1609522834645669
20
0.4592732283464567
11
0.1657463779527559
21
0.4675768503937008
0
LINE
8
BLACK
6
CONTINUOUS
10
0.1657463779527559
20
0.4675768503937008
11
0.1657466141732283
21
0.4675772834645669
0
LINE
8
BLACK
6
CONTINUOUS
10
0.1657466141732283
20
0.4675772834645669
11
0.1694161811023622
21
0.4764364173228346
0
LINE
8
BLACK
6
CONTINUOUS
10
0.1694161811023622
20
0.4764364173228346
11
0.171898031496063
21
0.4856988582677165
0
LINE
8
BLACK
6
CONTINUOUS
10
0.171898031496063
20
0.4856988582677165
11
0.1728200393700787
21
0.4927022440944882
0
LINE
8
BLACK
6
CONTINUOUS
10
0.1728200393700787
20
0.4927022440944882
11
0.1731495669291339
21
0.4952054330708661
0
LINE
8
BLACK
6
CONTINUOUS
10
0.1731495669291339
20
0.4952054330708661
11
0.1731496062992126
21
0.4952057874015748
0
LINE
8
BLACK
6
CONTINUOUS
10
0.1731496062992126
20
0.4952057874015748
11
0.1731496062992126
21
0.5047942125984252
0
LINE
8
BLACK
6
CONTINUOUS
10
0.1731496062992126
20
0.5047942125984252
11
0.1731495669291339
21
0.5047946062992126
0
LINE
8
BLACK
6
CONTINUOUS
10
0.1731495669291339
20
0.5047946062992126
11
0.171898031496063
21
0.5143011811023622
0
LINE
8
BLACK
6
CONTINUOUS
10
0.171898031496063
20
0.5143011811023622
11
0.1694161811023622
21
0.523563622047244
0
LINE
8
BLACK
6
CONTINUOUS
10
0.1694161811023622
20
0.523563622047244
11
0.1657466141732283
21
0.5324227559055118
0
LINE
8
BLACK
6
CONTINUOUS
10
0.1657466141732283
20
0.5324227559055118
11
0.1657463779527559
21
0.532423188976378
0
LINE
8
BLACK
6
CONTINUOUS
10
0.1657463779527559
20
0.532423188976378
11
0.1609522834645669
21
0.5407268503937007
0
LINE
8
BLACK
6
CONTINUOUS
10
0.1609522834645669
20
0.5407268503937007
11
0.1609520866141732
21
0.540727125984252
0
LINE
8
BLACK
6
CONTINUOUS
10
0.1609520866141732
20
0.540727125984252
11
0.1583110236220472
21
0.5441689763779527
0
LINE
8
BLACK
6
CONTINUOUS
10
0.1583110236220472
20
0.5441689763779527
11
0.1438846850393701
21
0.5297426771653543
0
LINE
8
BLACK
6
CONTINUOUS
10
0.1324227165354331
20
0.6342533858267716
11
0.1324231496062992
21
0.6342536220472441
0
LINE
8
BLACK
6
CONTINUOUS
10
0.1324231496062992
20
0.6342536220472441
11
0.1360434251968504
21
0.6363437401574803
0
LINE
8
BLACK
6
CONTINUOUS
10
0.1360434251968504
20
0.6363437401574803
11
0.1407267716535433
21
0.639047716535433
0
LINE
8
BLACK
6
CONTINUOUS
10
0.1407267716535433
20
0.639047716535433
11
0.1441688976377953
21
0.6416889763779527
0
LINE
8
BLACK
6
CONTINUOUS
10
0.1441688976377953
20
0.6416889763779527
11
0.1297425984251968
21
0.6561153149606299
0
LINE
8
BLACK
6
CONTINUOUS
10
0.1297425984251968
20
0.6561153149606299
11
0.1277705905511811
21
0.6546825196850393
0
LINE
8
BLACK
6
CONTINUOUS
10
0.1277705905511811
20
0.6546825196850393
11
0.1203394881889764
21
0.6508961811023621
0
LINE
8
BLACK
6
CONTINUOUS
10
0.1203394881889764
20
0.6508961811023621
11
0.1124075196850394
21
0.648318937007874
0
LINE
8
BLACK
6
CONTINUOUS
10
0.1124075196850394
20
0.648318937007874
11
0.1041700787401575
21
0.6470142519685039
0
LINE
8
BLACK
6
CONTINUOUS
10
0.1041700787401575
20
0.6470142519685039
11
0.0958299212598425
21
0.6470142519685039
0
LINE
8
BLACK
6
CONTINUOUS
10
0.0958299212598425
20
0.6470142519685039
11
0.0875924803149606
21
0.648318937007874
0
LINE
8
BLACK
6
CONTINUOUS
10
0.0875924803149606
20
0.648318937007874
11
0.0796605118110236
21
0.6508961811023621
0
LINE
8
BLACK
6
CONTINUOUS
10
0.0796605118110236
20
0.6508961811023621
11
0.0722294094488189
21
0.6546825196850393
0
LINE
8
BLACK
6
CONTINUOUS
10
0.0722294094488189
20
0.6546825196850393
11
0.0702573228346457
21
0.6561153149606299
0
LINE
8
BLACK
6
CONTINUOUS
10
0.0702573228346457
20
0.6561153149606299
11
0.0558310236220472
21
0.6416889763779527
0
LINE
8
BLACK
6
CONTINUOUS
10
0.0558310236220472
20
0.6416889763779527
11
0.0558310236220472
21
0.641688937007874
0
LINE
8
BLACK
6
CONTINUOUS
10
0.0558310236220472
20
0.641688937007874
11
0.059272874015748
21
0.6390479133858268
0
LINE
8
BLACK
6
CONTINUOUS
10
0.059272874015748
20
0.6390479133858268
11
0.0592731496062992
21
0.639047716535433
0
LINE
8
BLACK
6
CONTINUOUS
10
0.0592731496062992
20
0.639047716535433
11
0.067576811023622
21
0.6342536220472441
0
LINE
8
BLACK
6
CONTINUOUS
10
0.067576811023622
20
0.6342536220472441
11
0.0675772440944882
21
0.6342533858267716
0
LINE
8
BLACK
6
CONTINUOUS
10
0.0675772440944882
20
0.6342533858267716
11
0.0764363779527559
21
0.6305838188976378
0
LINE
8
BLACK
6
CONTINUOUS
10
0.0764363779527559
20
0.6305838188976378
11
0.0856988188976378
21
0.628101968503937
0
LINE
8
BLACK
6
CONTINUOUS
10
0.0856988188976378
20
0.628101968503937
11
0.0952053937007874
21
0.6268504330708661
0
LINE
8
BLACK
6
CONTINUOUS
10
0.0952053937007874
20
0.6268504330708661
11
0.0952057874015748
21
0.6268503937007874
0
LINE
8
BLACK
6
CONTINUOUS
10
0.0952057874015748
20
0.6268503937007874
11
0.1047942125984252
21
0.6268503937007874
0
LINE
8
BLACK
6
CONTINUOUS
10
0.1047942125984252
20
0.6268503937007874
11
0.1047945669291339
21
0.6268504330708661
0
LINE
8
BLACK
6
CONTINUOUS
10
0.1047945669291339
20
0.6268504330708661
11
0.1143011417322835
21
0.628101968503937
0
LINE
8
BLACK
6
CONTINUOUS
10
0.1143011417322835
20
0.628101968503937
11
0.1235635826771654
21
0.6305838188976378
0
LINE
8
BLACK
6
CONTINUOUS
10
0.1235635826771654
20
0.6305838188976378
11
0.1267781889763779
21
0.6319153543307087
0
LINE
8
BLACK
6
CONTINUOUS
10
0.1267781889763779
20
0.6319153543307087
11
0.1324227165354331
21
0.6342533858267716
0
LINE
8
BLACK
6
CONTINUOUS
10
-0.1143011811023622
20
0.5718980708661418
11
-0.1235636220472441
21
0.5694162204724409
0
LINE
8
BLACK
6
CONTINUOUS
10
-0.1235636220472441
20
0.5694162204724409
11
-0.1324227559055118
21
0.5657466535433071
0
LINE
8
BLACK
6
CONTINUOUS
10
-0.1324227559055118
20
0.5657466535433071
11
-0.1324231889763779
21
0.5657464173228346
0
LINE
8
BLACK
6
CONTINUOUS
10
-0.1324231889763779
20
0.5657464173228346
11
-0.1407268503937008
21
0.5609523228346457
0
LINE
8
BLACK
6
CONTINUOUS
10
-0.1407268503937008
20
0.5609523228346457
11
-0.1441689763779528
21
0.5583111023622047
0
LINE
8
BLACK
6
CONTINUOUS
10
-0.1441689763779528
20
0.5583111023622047
11
-0.1297426377952756
21
0.5438847637795275
0
LINE
8
BLACK
6
CONTINUOUS
10
-0.1297426377952756
20
0.5438847637795275
11
-0.1277705905511811
21
0.5453174803149606
0
LINE
8
BLACK
6
CONTINUOUS
10
-0.1277705905511811
20
0.5453174803149606
11
-0.1203394881889764
21
0.5491038188976378
0
LINE
8
BLACK
6
CONTINUOUS
10
-0.1203394881889764
20
0.5491038188976378
11
-0.1124075196850394
21
0.5516810629921259
0
LINE
8
BLACK
6
CONTINUOUS
10
-0.1124075196850394
20
0.5516810629921259
11
-0.1041700787401575
21
0.552985748031496
0
LINE
8
BLACK
6
CONTINUOUS
10
-0.1041700787401575
20
0.552985748031496
11
-0.0958299212598425
21
0.552985748031496
0
LINE
8
BLACK
6
CONTINUOUS
10
-0.0958299212598425
20
0.552985748031496
11
-0.0875924803149606
21
0.5516810629921259
0
LINE
8
BLACK
6
CONTINUOUS
10
-0.0875924803149606
20
0.5516810629921259
11
-0.0796605118110236
21
0.5491038188976378
0
LINE
8
BLACK
6
CONTINUOUS
10
-0.0796605118110236
20
0.5491038188976378
11
-0.0722294094488189
21
0.5453174803149606
0
LINE
8
BLACK
6
CONTINUOUS
10
-0.0722294094488189
20
0.5453174803149606
11
-0.0702574409448819
21
0.5438847637795275
0
LINE
8
BLACK
6
CONTINUOUS
10
-0.0702574409448819
20
0.5438847637795275
11
-0.0558311023622047
21
0.558311062992126
0
LINE
8
BLACK
6
CONTINUOUS
10
-0.0558311023622047
20
0.558311062992126
11
-0.0558311417322835
21
0.5583111417322835
0
LINE
8
BLACK
6
CONTINUOUS
10
-0.0558311417322835
20
0.5583111417322835
11
-0.0592729527559055
21
0.5609521653543307
0
LINE
8
BLACK
6
CONTINUOUS
10
-0.0592729527559055
20
0.5609521653543307
11
-0.0592731889763779
21
0.5609523228346457
0
LINE
8
BLACK
6
CONTINUOUS
10
-0.0592731889763779
20
0.5609523228346457
11
-0.0675768503937008
21
0.5657464173228346
0
LINE
8
BLACK
6
CONTINUOUS
10
-0.0675768503937008
20
0.5657464173228346
11
-0.0675772834645669
21
0.5657466535433071
0
LINE
8
BLACK
6
CONTINUOUS
10
-0.0675772834645669
20
0.5657466535433071
11
-0.0764364173228346
21
0.5694162204724409
0
LINE
8
BLACK
6
CONTINUOUS
10
-0.0764364173228346
20
0.5694162204724409
11
-0.0856988582677165
21
0.5718980708661418
0
LINE
8
BLACK
6
CONTINUOUS
10
-0.0856988582677165
20
0.5718980708661418
11
-0.0952054330708661
21
0.5731496062992126
0
LINE
8
BLACK
6
CONTINUOUS
10
-0.0952054330708661
20
0.5731496062992126
11
-0.1047946062992126
21
0.5731496062992126
0
LINE
8
BLACK
6
CONTINUOUS
10
-0.1047946062992126
20
0.5731496062992126
11
-0.1143011811023622
21
0.5718980708661418
0
LINE
8
BLACK
6
CONTINUOUS
10
0.0856988188976378
20
0.5718980708661418
11
0.0764363779527559
21
0.5694162204724409
0
LINE
8
BLACK
6
CONTINUOUS
10
0.0764363779527559
20
0.5694162204724409
11
0.0675772440944882
21
0.5657466535433071
0
LINE
8
BLACK
6
CONTINUOUS
10
0.0675772440944882
20
0.5657466535433071
11
0.067576811023622
21
0.5657464173228346
0
LINE
8
BLACK
6
CONTINUOUS
10
0.067576811023622
20
0.5657464173228346
11
0.0592731496062992
21
0.5609523228346457
0
LINE
8
BLACK
6
CONTINUOUS
10
0.0592731496062992
20
0.5609523228346457
11
0.0558310236220472
21
0.5583111023622047
0
LINE
8
BLACK
6
CONTINUOUS
10
0.0558310236220472
20
0.5583111023622047
11
0.0702573622047244
21
0.5438847637795275
0
LINE
8
BLACK
6
CONTINUOUS
10
0.0702573622047244
20
0.5438847637795275
11
0.0722294094488189
21
0.5453174803149606
0
LINE
8
BLACK
6
CONTINUOUS
10
0.0722294094488189
20
0.5453174803149606
11
0.0796605118110236
21
0.5491038188976378
0
LINE
8
BLACK
6
CONTINUOUS
10
0.0796605118110236
20
0.5491038188976378
11
0.0875924803149606
21
0.5516810629921259
0
LINE
8
BLACK
6
CONTINUOUS
10
0.0875924803149606
20
0.5516810629921259
11
0.0958299212598425
21
0.552985748031496
0
LINE
8
BLACK
6
CONTINUOUS
10
0.0958299212598425
20
0.552985748031496
11
0.1041700787401575
21
0.552985748031496
0
LINE
8
BLACK
6
CONTINUOUS
10
0.1041700787401575
20
0.552985748031496
11
0.1124075196850394
21
0.5516810629921259
0
LINE
8
BLACK
6
CONTINUOUS
10
0.1124075196850394
20
0.5516810629921259
11
0.1203394881889764
21
0.5491038188976378
0
LINE
8
BLACK
6
CONTINUOUS
10
0.1203394881889764
20
0.5491038188976378
11
0.1277705905511811
21
0.5453174803149606
0
LINE
8
BLACK
6
CONTINUOUS
10
0.1277705905511811
20
0.5453174803149606
11
0.1297425590551181
21
0.5438847637795275
0
LINE
8
BLACK
6
CONTINUOUS
10
0.1297425590551181
20
0.5438847637795275
11
0.1441688976377953
21
0.558311062992126
0
LINE
8
BLACK
6
CONTINUOUS
10
0.1441688976377953
20
0.558311062992126
11
0.1441688582677165
21
0.5583111417322835
0
LINE
8
BLACK
6
CONTINUOUS
10
0.1441688582677165
20
0.5583111417322835
11
0.1407270472440945
21
0.5609521653543307
0
LINE
8
BLACK
6
CONTINUOUS
10
0.1407270472440945
20
0.5609521653543307
11
0.1407268110236221
21
0.5609523228346457
0
LINE
8
BLACK
6
CONTINUOUS
10
0.1407268110236221
20
0.5609523228346457
11
0.1324231496062992
21
0.5657464173228346
0
LINE
8
BLACK
6
CONTINUOUS
10
0.1324231496062992
20
0.5657464173228346
11
0.1324227165354331
21
0.5657466535433071
0
LINE
8
BLACK
6
CONTINUOUS
10
0.1324227165354331
20
0.5657466535433071
11
0.1235635826771654
21
0.5694162204724409
0
LINE
8
BLACK
6
CONTINUOUS
10
0.1235635826771654
20
0.5694162204724409
11
0.1143011417322835
21
0.5718980708661418
0
LINE
8
BLACK
6
CONTINUOUS
10
0.1143011417322835
20
0.5718980708661418
11
0.1047945669291339
21
0.5731496062992126
0
LINE
8
BLACK
6
CONTINUOUS
10
0.1047945669291339
20
0.5731496062992126
11
0.0952053937007874
21
0.5731496062992126
0
LINE
8
BLACK
6
CONTINUOUS
10
0.0952053937007874
20
0.5731496062992126
11
0.0856988188976378
21
0.5718980708661418
0
LINE
8
BLACK
6
CONTINUOUS
10
0.88
20
0.62
11
0.86
21
0.62
0
LINE
8
BLACK
6
CONTINUOUS
10
0.86
20
0.62
11
0.86
21
0.58
0
LINE
8
BLACK
6
CONTINUOUS
10
0.86
20
0.58
11
0.88
21
0.58
0
LINE
8
BLACK
6
CONTINUOUS
10
0.88
20
0.58
11
0.88
21
0.5599999999999999
0
LINE
8
BLACK
6
CONTINUOUS
10
0.88
20
0.5599999999999999
11
0.9
21
0.5599999999999999
0
LINE
8
BLACK
6
CONTINUOUS
10
0.9
20
0.5599999999999999
11
0.9
21
0.5819128346456692
0
LINE
8
BLACK
6
CONTINUOUS
10
0.9
20
0.5819128346456692
11
0.8999999606299213
21
0.5819133070866142
0
LINE
8
BLACK
6
CONTINUOUS
10
0.8999999606299213
20
0.5819133070866142
11
0.8997438582677165
21
0.5842950393700788
0
LINE
8
BLACK
6
CONTINUOUS
10
0.8997438582677165
20
0.5842950393700788
11
0.8977340157480315
21
0.5896836614173229
0
LINE
8
BLACK
6
CONTINUOUS
10
0.8977340157480315
20
0.5896836614173229
11
0.8977340157480315
21
0.5896837007874015
0
LINE
8
BLACK
6
CONTINUOUS
10
0.8977340157480315
20
0.5896837007874015
11
0.8942875590551181
21
0.5942875984251969
0
LINE
8
BLACK
6
CONTINUOUS
10
0.8942875590551181
20
0.5942875984251969
11
0.8919615354330709
21
0.5960288188976378
0
LINE
8
BLACK
6
CONTINUOUS
10
0.8919615354330709
20
0.5960288188976378
11
0.8902864566929134
21
0.5982664566929133
0
LINE
8
BLACK
6
CONTINUOUS
10
0.8902864566929134
20
0.5982664566929133
11
0.8900870866141732
21
0.6010544488188976
0
LINE
8
BLACK
6
CONTINUOUS
10
0.8900870866141732
20
0.6010544488188976
11
0.8914266535433071
21
0.603507716535433
0
LINE
8
BLACK
6
CONTINUOUS
10
0.8914266535433071
20
0.603507716535433
11
0.8919615354330709
21
0.6039711811023621
0
LINE
8
BLACK
6
CONTINUOUS
10
0.8919615354330709
20
0.6039711811023621
11
0.8942875590551181
21
0.6057124409448819
0
LINE
8
BLACK
6
CONTINUOUS
10
0.8942875590551181
20
0.6057124409448819
11
0.8977340157480315
21
0.6103163385826772
0
LINE
8
BLACK
6
CONTINUOUS
10
0.8977340157480315
20
0.6103163385826772
11
0.8977340157480315
21
0.6103163779527558
0
LINE
8
BLACK
6
CONTINUOUS
10
0.8977340157480315
20
0.6103163779527558
11
0.8997438582677165
21
0.6157049999999999
0
LINE
8
BLACK
6
CONTINUOUS
10
0.8997438582677165
20
0.6157049999999999
11
0.8999999606299213
21
0.6180867322834646
0
LINE
8
BLACK
6
CONTINUOUS
10
0.8999999606299213
20
0.6180867322834646
11
0.9
21
0.6180872047244095
0
LINE
8
BLACK
6
CONTINUOUS
10
0.9
20
0.6180872047244095
11
0.9
21
0.64
0
LINE
8
BLACK
6
CONTINUOUS
10
0.9
20
0.64
11
0.88
21
0.64
0
LINE
8
BLACK
6
CONTINUOUS
10
0.88
20
0.64
11
0.88
21
0.62
0
LINE
8
BLACK
6
CONTINUOUS
10
0.78
20
0.64
11
0.78
21
0.62
0
LINE
8
BLACK
6
CONTINUOUS
10
0.78
20
0.62
11
0.76
21
0.62
0
LINE
8
BLACK
6
CONTINUOUS
10
0.76
20
0.62
11
0.76
21
0.58
0
LINE
8
BLACK
6
CONTINUOUS
10
0.76
20
0.58
11
0.78
21
0.58
0
LINE
8
BLACK
6
CONTINUOUS
10
0.78
20
0.58
11
0.78
21
0.5599999999999999
0
LINE
8
BLACK
6
CONTINUOUS
10
0.78
20
0.5599999999999999
11
0.82
21
0.5599999999999999
0
LINE
8
BLACK
6
CONTINUOUS
10
0.82
20
0.5599999999999999
11
0.82
21
0.58
0
LINE
8
BLACK
6
CONTINUOUS
10
0.82
20
0.58
11
0.84
21
0.58
0
LINE
8
BLACK
6
CONTINUOUS
10
0.84
20
0.58
11
0.84
21
0.62
0
LINE
8
BLACK
6
CONTINUOUS
10
0.84
20
0.62
11
0.82
21
0.62
0
LINE
8
BLACK
6
CONTINUOUS
10
0.82
20
0.62
11
0.82
21
0.64
0
LINE
8
BLACK
6
CONTINUOUS
10
0.82
20
0.64
11
0.78
21
0.64
0
LINE
8
BLACK
6
CONTINUOUS
10
0.7
20
0.64
11
0.7
21
0.6180867322834646
0
LINE
8
BLACK
6
CONTINUOUS
10
0.7
20
0.6180867322834646
11
0.7002561023622047
21
0.6157049999999999
0
LINE
8
BLACK
6
CONTINUOUS
10
0.7002561023622047
20
0.6157049999999999
11
0.7022659448818898
21
0.6103163779527558
0
LINE
8
BLACK
6
CONTINUOUS
10
0.7022659448818898
20
0.6103163779527558
11
0.7022659448818898
21
0.6103163385826772
0
LINE
8
BLACK
6
CONTINUOUS
10
0.7022659448818898
20
0.6103163385826772
11
0.7057123622047244
21
0.6057125196850394
0
LINE
8
BLACK
6
CONTINUOUS
10
0.7057123622047244
20
0.6057125196850394
11
0.7080384645669291
21
0.6039711811023621
0
LINE
8
BLACK
6
CONTINUOUS
10
0.7080384645669291
20
0.6039711811023621
11
0.7097135039370078
21
0.6017335039370079
0
LINE
8
BLACK
6
CONTINUOUS
10
0.7097135039370078
20
0.6017335039370079
11
0.709912874015748
21
0.5989455118110236
0
LINE
8
BLACK
6
CONTINUOUS
10
0.709912874015748
20
0.5989455118110236
11
0.7085733070866141
21
0.596492283464567
0
LINE
8
BLACK
6
CONTINUOUS
10
0.7085733070866141
20
0.596492283464567
11
0.7080384645669291
21
0.5960288188976378
0
LINE
8
BLACK
6
CONTINUOUS
10
0.7080384645669291
20
0.5960288188976378
11
0.7057123622047244
21
0.5942875196850393
0
LINE
8
BLACK
6
CONTINUOUS
10
0.7057123622047244
20
0.5942875196850393
11
0.7022659448818898
21
0.5896837007874015
0
LINE
8
BLACK
6
CONTINUOUS
10
0.7022659448818898
20
0.5896837007874015
11
0.7022659448818898
21
0.5896836614173229
0
LINE
8
BLACK
6
CONTINUOUS
10
0.7022659448818898
20
0.5896836614173229
11
0.7002561023622047
21
0.5842950393700788
0
LINE
8
BLACK
6
CONTINUOUS
10
0.7002561023622047
20
0.5842950393700788
11
0.7
21
0.5819133070866142
0
LINE
8
BLACK
6
CONTINUOUS
10
0.7
20
0.5819133070866142
11
0.7
21
0.5599999999999999
0
LINE
8
BLACK
6
CONTINUOUS
10
0.7
20
0.5599999999999999
11
0.72
21
0.5599999999999999
0
LINE
8
BLACK
6
CONTINUOUS
10
0.72
20
0.5599999999999999
11
0.72
21
0.58
0
LINE
8
BLACK
6
CONTINUOUS
10
0.72
20
0.58
11
0.74
21
0.58
0
LINE
8
BLACK
6
CONTINUOUS
10
0.74
20
0.58
11
0.74
21
0.62
0
LINE
8
BLACK
6
CONTINUOUS
10
0.74
20
0.62
11
0.72
21
0.62
0
LINE
8
BLACK
6
CONTINUOUS
10
0.72
20
0.62
11
0.72
21
0.64
0
LINE
8
BLACK
6
CONTINUOUS
10
0.72
20
0.64
11
0.7
21
0.64
0
LINE
8
BLACK
6
CONTINUOUS
10
0.3499803149606299
20
0.56808468503937
11
0.3502365748031496
21
0.5657009448818897
0
LINE
8
BLACK
6
CONTINUOUS
10
0.3502365748031496
20
0.5657009448818897
11
0.3502366535433071
21
0.5657006299212598
0
LINE
8
BLACK
6
CONTINUOUS
10
0.3502366535433071
20
0.5657006299212598
11
0.3522484251968504
21
0.5603070078740158
0
LINE
8
BLACK
6
CONTINUOUS
10
0.3522484251968504
20
0.5603070078740158
11
0.3522485039370079
21
0.560306811023622
0
LINE
8
BLACK
6
CONTINUOUS
10
0.3522485039370079
20
0.560306811023622
11
0.3556983070866142
21
0.5556984645669292
0
LINE
8
BLACK
6
CONTINUOUS
10
0.3556983070866142
20
0.5556984645669292
11
0.3556983464566929
21
0.5556984645669292
0
LINE
8
BLACK
6
CONTINUOUS
10
0.3556983464566929
20
0.5556984645669292
11
0.3556983858267717
21
0.5556983858267717
0
LINE
8
BLACK
6
CONTINUOUS
10
0.3556983858267717
20
0.5556983858267717
11
0.3571214960629921
21
0.5546330708661417
0
LINE
8
BLACK
6
CONTINUOUS
10
0.3571214960629921
20
0.5546330708661417
11
0.3580220472440945
21
0.5539588976377953
0
LINE
8
BLACK
6
CONTINUOUS
10
0.3580220472440945
20
0.5539588976377953
11
0.3596970866141732
21
0.5517212598425196
0
LINE
8
BLACK
6
CONTINUOUS
10
0.3596970866141732
20
0.5517212598425196
11
0.3598964566929134
21
0.5489332283464566
0
LINE
8
BLACK
6
CONTINUOUS
10
0.3598964566929134
20
0.5489332283464566
11
0.3585568897637795
21
0.54648
0
LINE
8
BLACK
6
CONTINUOUS
10
0.3585568897637795
20
0.54648
11
0.3580220472440945
21
0.5460165748031496
0
LINE
8
BLACK
6
CONTINUOUS
10
0.3580220472440945
20
0.5460165748031496
11
0.3557124409448819
21
0.5442875984251968
0
LINE
8
BLACK
6
CONTINUOUS
10
0.3557124409448819
20
0.5442875984251968
11
0.3522659448818898
21
0.5396837007874016
0
LINE
8
BLACK
6
CONTINUOUS
10
0.3522659448818898
20
0.5396837007874016
11
0.3522659448818898
21
0.5396836614173228
0
LINE
8
BLACK
6
CONTINUOUS
10
0.3522659448818898
20
0.5396836614173228
11
0.3502561023622047
21
0.5342950393700787
0
LINE
8
BLACK
6
CONTINUOUS
10
0.3502561023622047
20
0.5342950393700787
11
0.35
21
0.5319133070866141
0
LINE
8
BLACK
6
CONTINUOUS
10
0.35
20
0.5319133070866141
11
0.35
21
0.51
0
LINE
8
BLACK
6
CONTINUOUS
10
0.35
20
0.51
11
0.37
21
0.51
0
LINE
8
BLACK
6
CONTINUOUS
10
0.37
20
0.51
11
0.37
21
0.53
0
LINE
8
BLACK
6
CONTINUOUS
10
0.37
20
0.53
11
0.43
21
0.53
0
LINE
8
BLACK
6
CONTINUOUS
10
0.43
20
0.53
11
0.43
21
0.51
0
LINE
8
BLACK
6
CONTINUOUS
10
0.43
20
0.51
11
0.47
21
0.51
0
LINE
8
BLACK
6
CONTINUOUS
10
0.47
20
0.51
11
0.47
21
0.53
0
LINE
8
BLACK
6
CONTINUOUS
10
0.47
20
0.53
11
0.53
21
0.53
0
LINE
8
BLACK
6
CONTINUOUS
10
0.53
20
0.53
11
0.53
21
0.51
0
LINE
8
BLACK
6
CONTINUOUS
10
0.53
20
0.51
11
0.5499999999999999
21
0.51
0
LINE
8
BLACK
6
CONTINUOUS
10
0.5499999999999999
20
0.51
11
0.5499999999999999
21
0.5319128346456693
0
LINE
8
BLACK
6
CONTINUOUS
10
0.5499999999999999
20
0.5319128346456693
11
0.5499999606299213
21
0.5319133070866141
0
LINE
8
BLACK
6
CONTINUOUS
10
0.5499999606299213
20
0.5319133070866141
11
0.5497438582677165
21
0.5342950393700787
0
LINE
8
BLACK
6
CONTINUOUS
10
0.5497438582677165
20
0.5342950393700787
11
0.5477340157480315
21
0.5396836614173228
0
LINE
8
BLACK
6
CONTINUOUS
10
0.5477340157480315
20
0.5396836614173228
11
0.5477340157480315
21
0.5396837007874016
0
LINE
8
BLACK
6
CONTINUOUS
10
0.5477340157480315
20
0.5396837007874016
11
0.5442875590551181
21
0.5442875984251968
0
LINE
8
BLACK
6
CONTINUOUS
10
0.5442875590551181
20
0.5442875984251968
11
0.5419779527559055
21
0.5460165354330708
0
LINE
8
BLACK
6
CONTINUOUS
10
0.5419779527559055
20
0.5460165354330708
11
0.5403028740157481
21
0.5482541732283465
0
LINE
8
BLACK
6
CONTINUOUS
10
0.5403028740157481
20
0.5482541732283465
11
0.5401035039370079
21
0.5510422047244095
0
LINE
8
BLACK
6
CONTINUOUS
10
0.5401035039370079
20
0.5510422047244095
11
0.5414430708661417
21
0.5534954330708661
0
LINE
8
BLACK
6
CONTINUOUS
10
0.5414430708661417
20
0.5534954330708661
11
0.5419779527559055
21
0.5539588976377953
0
LINE
8
BLACK
6
CONTINUOUS
10
0.5419779527559055
20
0.5539588976377953
11
0.5443016141732283
21
0.5556983858267717
0
LINE
8
BLACK
6
CONTINUOUS
10
0.5443016141732283
20
0.5556983858267717
11
0.5477514566929134
21
0.560306811023622
0
LINE
8
BLACK
6
CONTINUOUS
10
0.5477514566929134
20
0.560306811023622
11
0.5477514566929134
21
0.5603068503937008
0
LINE
8
BLACK
6
CONTINUOUS
10
0.5477514566929134
20
0.5603068503937008
11
0.5477515354330709
21
0.5603069291338583
0
LINE
8
BLACK
6
CONTINUOUS
10
0.5477515354330709
20
0.5603069291338583
11
0.5497633464566929
21
0.5657007480314961
0
LINE
8
BLACK
6
CONTINUOUS
10
0.5497633464566929
20
0.5657007480314961
11
0.5497683070866142
21
0.5657466535433071
0
LINE
8
BLACK
6
CONTINUOUS
10
0.5497683070866142
20
0.5657466535433071
11
0.5500196456692913
21
0.56808468503937
0
LINE
8
BLACK
6
CONTINUOUS
10
0.5500196456692913
20
0.56808468503937
11
0.55001968503937
21
0.5680853543307086
0
LINE
8
BLACK
6
CONTINUOUS
10
0.55001968503937
20
0.5680853543307086
11
0.55001968503937
21
0.6319146850393701
0
LINE
8
BLACK
6
CONTINUOUS
10
0.55001968503937
20
0.6319146850393701
11
0.5500196456692913
21
0.6319153543307087
0
LINE
8
BLACK
6
CONTINUOUS
10
0.5500196456692913
20
0.6319153543307087
11
0.5497633858267716
21
0.634299094488189
0
LINE
8
BLACK
6
CONTINUOUS
10
0.5497633858267716
20
0.634299094488189
11
0.5497633070866141
21
0.6342994094488189
0
LINE
8
BLACK
6
CONTINUOUS
10
0.5497633070866141
20
0.6342994094488189
11
0.5477514960629921
21
0.6396931496062992
0
LINE
8
BLACK
6
CONTINUOUS
10
0.5477514960629921
20
0.6396931496062992
11
0.5443015748031496
21
0.644301653543307
0
LINE
8
BLACK
6
CONTINUOUS
10
0.5443015748031496
20
0.644301653543307
11
0.5419779133858268
21
0.6460411811023622
0
LINE
8
BLACK
6
CONTINUOUS
10
0.5419779133858268
20
0.6460411811023622
11
0.5403028740157481
21
0.6482788188976378
0
LINE
8
BLACK
6
CONTINUOUS
10
0.5403028740157481
20
0.6482788188976378
11
0.5401035039370079
21
0.6510668503937008
0
LINE
8
BLACK
6
CONTINUOUS
10
0.5401035039370079
20
0.6510668503937008
11
0.5414430708661417
21
0.6535200393700787
0
LINE
8
BLACK
6
CONTINUOUS
10
0.5414430708661417
20
0.6535200393700787
11
0.5419779921259842
21
0.6539835433070866
0
LINE
8
BLACK
6
CONTINUOUS
10
0.5419779921259842
20
0.6539835433070866
11
0.5442875590551181
21
0.6557124803149607
0
LINE
8
BLACK
6
CONTINUOUS
10
0.5442875590551181
20
0.6557124803149607
11
0.5477340157480315
21
0.6603163385826771
0
LINE
8
BLACK
6
CONTINUOUS
10
0.5477340157480315
20
0.6603163385826771
11
0.5477340157480315
21
0.6603163779527559
0
LINE
8
BLACK
6
CONTINUOUS
10
0.5477340157480315
20
0.6603163779527559
11
0.5497438582677165
21
0.665705
0
LINE
8
BLACK
6
CONTINUOUS
10
0.5497438582677165
20
0.665705
11
0.5499999606299213
21
0.6680867322834646
0
LINE
8
BLACK
6
CONTINUOUS
10
0.5499999606299213
20
0.6680867322834646
11
0.5499999999999999
21
0.6680872047244094
0
LINE
8
BLACK
6
CONTINUOUS
10
0.5499999999999999
20
0.6680872047244094
11
0.5499999999999999
21
0.6899999999999999
0
LINE
8
BLACK
6
CONTINUOUS
10
0.5499999999999999
20
0.6899999999999999
11
0.53
21
0.6899999999999999
0
LINE
8
BLACK
6
CONTINUOUS
10
0.53
20
0.6899999999999999
11
0.53
21
0.67
0
LINE
8
BLACK
6
CONTINUOUS
10
0.53
20
0.67
11
0.47
21
0.67
0
LINE
8
BLACK
6
CONTINUOUS
10
0.47
20
0.67
11
0.47
21
0.6899999999999999
0
LINE
8
BLACK
6
CONTINUOUS
10
0.47
20
0.6899999999999999
11
0.43
21
0.6899999999999999
0
LINE
8
BLACK
6
CONTINUOUS
10
0.43
20
0.6899999999999999
11
0.43
21
0.67
0
LINE
8
BLACK
6
CONTINUOUS
10
0.43
20
0.67
11
0.37
21
0.67
0
LINE
8
BLACK
6
CONTINUOUS
10
0.37
20
0.67
11
0.37
21
0.6899999999999999
0
LINE
8
BLACK
6
CONTINUOUS
10
0.37
20
0.6899999999999999
11
0.35
21
0.6899999999999999
0
LINE
8
BLACK
6
CONTINUOUS
10
0.35
20
0.6899999999999999
11
0.35
21
0.6680867322834646
0
LINE
8
BLACK
6
CONTINUOUS
10
0.35
20
0.6680867322834646
11
0.3502561023622047
21
0.665705
0
LINE
8
BLACK
6
CONTINUOUS
10
0.3502561023622047
20
0.665705
11
0.3522659448818898
21
0.6603163779527559
0
LINE
8
BLACK
6
CONTINUOUS
10
0.3522659448818898
20
0.6603163779527559
11
0.3522659448818898
21
0.6603163385826771
0
LINE
8
BLACK
6
CONTINUOUS
10
0.3522659448818898
20
0.6603163385826771
11
0.3557124015748032
21
0.6557124409448819
0
LINE
8
BLACK
6
CONTINUOUS
10
0.3557124015748032
20
0.6557124409448819
11
0.3580220078740157
21
0.6539835039370079
0
LINE
8
BLACK
6
CONTINUOUS
10
0.3580220078740157
20
0.6539835039370079
11
0.3596970866141732
21
0.6517458661417322
0
LINE
8
BLACK
6
CONTINUOUS
10
0.3596970866141732
20
0.6517458661417322
11
0.3598964566929134
21
0.648957874015748
0
LINE
8
BLACK
6
CONTINUOUS
10
0.3598964566929134
20
0.648957874015748
11
0.3585568897637795
21
0.6465046062992126
0
LINE
8
BLACK
6
CONTINUOUS
10
0.3585568897637795
20
0.6465046062992126
11
0.3580220866141732
21
0.6460411811023622
0
LINE
8
BLACK
6
CONTINUOUS
10
0.3580220866141732
20
0.6460411811023622
11
0.3556983464566929
21
0.6443016141732283
0
LINE
8
BLACK
6
CONTINUOUS
10
0.3556983464566929
20
0.6443016141732283
11
0.3522485039370079
21
0.6396932283464567
0
LINE
8
BLACK
6
CONTINUOUS
10
0.3522485039370079
20
0.6396932283464567
11
0.3522484251968504
21
0.6396930314960629
0
LINE
8
BLACK
6
CONTINUOUS
10
0.3522484251968504
20
0.6396930314960629
11
0.3502366535433071
21
0.6342994094488189
0
LINE
8
BLACK
6
CONTINUOUS
10
0.3502366535433071
20
0.6342994094488189
11
0.3502365748031496
21
0.634299094488189
0
LINE
8
BLACK
6
CONTINUOUS
10
0.3502365748031496
20
0.634299094488189
11
0.3499803149606299
21
0.6319153543307087
0
LINE
8
BLACK
6
CONTINUOUS
10
0.3499803149606299
20
0.6319153543307087
11
0.3499803149606299
21
0.56808468503937
0
LINE
8
BLACK
6
CONTINUOUS
10
-0.0722294094488189
20
0.6546825196850393
11
-0.0796605118110236
21
0.6508961811023621
0
LINE
8
BLACK
6
CONTINUOUS
10
-0.0796605118110236
20
0.6508961811023621
11
-0.0875924803149606
21
0.648318937007874
0
LINE
8
BLACK
6
CONTINUOUS
10
-0.0875924803149606
20
0.648318937007874
11
-0.0958299212598425
21
0.6470142519685039
0
LINE
8
BLACK
6
CONTINUOUS
10
-0.0958299212598425
20
0.6470142519685039
11
-0.1041700787401575
21
0.6470142519685039
0
LINE
8
BLACK
6
CONTINUOUS
10
-0.1041700787401575
20
0.6470142519685039
11
-0.1124075196850394
21
0.648318937007874
0
LINE
8
BLACK
6
CONTINUOUS
10
-0.1124075196850394
20
0.648318937007874
11
-0.1203394881889764
21
0.6508961811023621
0
LINE
8
BLACK
6
CONTINUOUS
10
-0.1203394881889764
20
0.6508961811023621
11
-0.1277705905511811
21
0.6546825196850393
0
LINE
8
BLACK
6
CONTINUOUS
10
-0.1277705905511811
20
0.6546825196850393
11
-0.1297426771653543
21
0.6561153149606299
0
LINE
8
BLACK
6
CONTINUOUS
10
-0.1297426771653543
20
0.6561153149606299
11
-0.1441689763779528
21
0.6416889763779527
0
LINE
8
BLACK
6
CONTINUOUS
10
-0.1441689763779528
20
0.6416889763779527
11
-0.1441689763779528
21
0.641688937007874
0
LINE
8
BLACK
6
CONTINUOUS
10
-0.1441689763779528
20
0.641688937007874
11
-0.140727125984252
21
0.6390479133858268
0
LINE
8
BLACK
6
CONTINUOUS
10
-0.140727125984252
20
0.6390479133858268
11
-0.1407268503937008
21
0.639047716535433
0
LINE
8
BLACK
6
CONTINUOUS
10
-0.1407268503937008
20
0.639047716535433
11
-0.1324231889763779
21
0.6342536220472441
0
LINE
8
BLACK
6
CONTINUOUS
10
-0.1324231889763779
20
0.6342536220472441
11
-0.1324227559055118
21
0.6342533858267716
0
LINE
8
BLACK
6
CONTINUOUS
10
-0.1324227559055118
20
0.6342533858267716
11
-0.1235636220472441
21
0.6305838188976378
0
LINE
8
BLACK
6
CONTINUOUS
10
-0.1235636220472441
20
0.6305838188976378
11
-0.1143011811023622
21
0.628101968503937
0
LINE
8
BLACK
6
CONTINUOUS
10
-0.1143011811023622
20
0.628101968503937
11
-0.1047946062992126
21
0.6268504330708661
0
LINE
8
BLACK
6
CONTINUOUS
10
-0.1047946062992126
20
0.6268504330708661
11
-0.1047942125984252
21
0.6268503937007874
0
LINE
8
BLACK
6
CONTINUOUS
10
-0.1047942125984252
20
0.6268503937007874
11
-0.0952057874015748
21
0.6268503937007874
0
LINE
8
BLACK
6
CONTINUOUS
10
-0.0952057874015748
20
0.6268503937007874
11
-0.0952054330708661
21
0.6268504330708661
0
LINE
8
BLACK
6
CONTINUOUS
10
-0.0952054330708661
20
0.6268504330708661
11
-0.0856988582677165
21
0.628101968503937
0
LINE
8
BLACK
6
CONTINUOUS
10
-0.0856988582677165
20
0.628101968503937
11
-0.0764364173228346
21
0.6305838188976378
0
LINE
8
BLACK
6
CONTINUOUS
10
-0.0764364173228346
20
0.6305838188976378
11
-0.0675772834645669
21
0.6342533858267716
0
LINE
8
BLACK
6
CONTINUOUS
10
-0.0675772834645669
20
0.6342533858267716
11
-0.0675768503937008
21
0.6342536220472441
0
LINE
8
BLACK
6
CONTINUOUS
10
-0.0675768503937008
20
0.6342536220472441
11
-0.0592732283464567
21
0.639047716535433
0
LINE
8
BLACK
6
CONTINUOUS
10
-0.0592732283464567
20
0.639047716535433
11
-0.0558311023622047
21
0.6416889763779527
0
LINE
8
BLACK
6
CONTINUOUS
10
-0.0558311023622047
20
0.6416889763779527
11
-0.0702574015748031
21
0.6561153149606299
0
LINE
8
BLACK
6
CONTINUOUS
10
-0.0702574015748031
20
0.6561153149606299
11
-0.0722294094488189
21
0.6546825196850393
0
LINE
8
BLACK
6
CONTINUOUS
10
-0.1609523228346457
20
0.7407268503937008
11
-0.1657464173228347
21
0.7324231889763779
0
LINE
8
BLACK
6
CONTINUOUS
10
-0.1657464173228347
20
0.7324231889763779
11
-0.1657466535433071
21
0.7324227559055118
0
LINE
8
BLACK
6
CONTINUOUS
10
-0.1657466535433071
20
0.7324227559055118
11
-0.169416220472441
21
0.7235636220472441
0
LINE
8
BLACK
6
CONTINUOUS
10
-0.169416220472441
20
0.7235636220472441
11
-0.1718980708661417
21
0.7143011811023622
0
LINE
8
BLACK
6
CONTINUOUS
10
-0.1718980708661417
20
0.7143011811023622
11
-0.1731496062992126
21
0.7047946062992125
0
LINE
8
BLACK
6
CONTINUOUS
10
-0.1731496062992126
20
0.7047946062992125
11
-0.1731496062992126
21
0.6952054330708661
0
LINE
8
BLACK
6
CONTINUOUS
10
-0.1731496062992126
20
0.6952054330708661
11
-0.1718980708661417
21
0.6856988582677165
0
LINE
8
BLACK
6
CONTINUOUS
10
-0.1718980708661417
20
0.6856988582677165
11
-0.169416220472441
21
0.6764364173228347
0
LINE
8
BLACK
6
CONTINUOUS
10
-0.169416220472441
20
0.6764364173228347
11
-0.1657466535433071
21
0.6675772834645669
0
LINE
8
BLACK
6
CONTINUOUS
10
-0.1657466535433071
20
0.6675772834645669
11
-0.1657464173228347
21
0.6675768503937007
0
LINE
8
BLACK
6
CONTINUOUS
10
-0.1657464173228347
20
0.6675768503937007
11
-0.1609523228346457
21
0.659273188976378
0
LINE
8
BLACK
6
CONTINUOUS
10
-0.1609523228346457
20
0.659273188976378
11
-0.1609521653543307
21
0.6592729527559055
0
LINE
8
BLACK
6
CONTINUOUS
10
-0.1609521653543307
20
0.6592729527559055
11
-0.1583111417322835
21
0.6558311417322834
0
LINE
8
BLACK
6
CONTINUOUS
10
-0.1583111417322835
20
0.6558311417322834
11
-0.158311062992126
21
0.6558311023622047
0
LINE
8
BLACK
6
CONTINUOUS
10
-0.158311062992126
20
0.6558311023622047
11
-0.1438847637795276
21
0.6702574409448818
0
LINE
8
BLACK
6
CONTINUOUS
10
-0.1438847637795276
20
0.6702574409448818
11
-0.1453174803149606
21
0.6722294094488189
0
LINE
8
BLACK
6
CONTINUOUS
10
-0.1453174803149606
20
0.6722294094488189
11
-0.1491038188976378
21
0.6796605118110236
0
LINE
8
BLACK
6
CONTINUOUS
10
-0.1491038188976378
20
0.6796605118110236
11
-0.151681062992126
21
0.6875924803149606
0
LINE
8
BLACK
6
CONTINUOUS
10
-0.151681062992126
20
0.6875924803149606
11
-0.1529857480314961
21
0.6958299212598426
0
LINE
8
BLACK
6
CONTINUOUS
10
-0.1529857480314961
20
0.6958299212598426
11
-0.1529857480314961
21
0.7041700787401575
0
LINE
8
BLACK
6
CONTINUOUS
10
-0.1529857480314961
20
0.7041700787401575
11
-0.151681062992126
21
0.7124075196850393
0
LINE
8
BLACK
6
CONTINUOUS
10
-0.151681062992126
20
0.7124075196850393
11
-0.1491038188976378
21
0.7203394881889763
0
LINE
8
BLACK
6
CONTINUOUS
10
-0.1491038188976378
20
0.7203394881889763
11
-0.1453174803149606
21
0.7277705905511811
0
LINE
8
BLACK
6
CONTINUOUS
10
-0.1453174803149606
20
0.7277705905511811
11
-0.1438847637795276
21
0.7297426377952756
0
LINE
8
BLACK
6
CONTINUOUS
10
-0.1438847637795276
20
0.7297426377952756
11
-0.1583111023622047
21
0.7441689763779528
0
LINE
8
BLACK
6
CONTINUOUS
10
-0.1583111023622047
20
0.7441689763779528
11
-0.1609523228346457
21
0.7407268503937008
0
LINE
8
BLACK
6
CONTINUOUS
10
0.0390476771653543
20
0.9407268503937007
11
0.0342535826771654
21
0.9324231889763779
0
LINE
8
BLACK
6
CONTINUOUS
10
0.0342535826771654
20
0.9324231889763779
11
0.0342533464566929
21
0.9324227559055118
0
LINE
8
BLACK
6
CONTINUOUS
10
0.0342533464566929
20
0.9324227559055118
11
0.0305837795275591
21
0.9235636220472441
0
LINE
8
BLACK
6
CONTINUOUS
10
0.0305837795275591
20
0.9235636220472441
11
0.0281019291338583
21
0.9143011811023621
0
LINE
8
BLACK
6
CONTINUOUS
10
0.0281019291338583
20
0.9143011811023621
11
0.0268503937007874
21
0.9047946062992126
0
LINE
8
BLACK
6
CONTINUOUS
10
0.0268503937007874
20
0.9047946062992126
11
0.0268503937007874
21
0.8952054330708661
0
LINE
8
BLACK
6
CONTINUOUS
10
0.0268503937007874
20
0.8952054330708661
11
0.0281019291338583
21
0.8856988582677165
0
LINE
8
BLACK
6
CONTINUOUS
10
0.0281019291338583
20
0.8856988582677165
11
0.0305837795275591
21
0.8764364173228346
0
LINE
8
BLACK
6
CONTINUOUS
10
0.0305837795275591
20
0.8764364173228346
11
0.033084842519685
21
0.8703983070866141
0
LINE
8
BLACK
6
CONTINUOUS
10
0.033084842519685
20
0.8703983070866141
11
0.0333836220472441
21
0.8676191732283465
0
LINE
8
BLACK
6
CONTINUOUS
10
0.0333836220472441
20
0.8676191732283465
11
0.0321324803149606
21
0.8651196850393701
0
LINE
8
BLACK
6
CONTINUOUS
10
0.0321324803149606
20
0.8651196850393701
11
0.0297285826771654
21
0.8636934251968503
0
LINE
8
BLACK
6
CONTINUOUS
10
0.0297285826771654
20
0.8636934251968503
11
0.0269352362204724
21
0.8637931889763779
0
LINE
8
BLACK
6
CONTINUOUS
10
0.0269352362204724
20
0.8637931889763779
11
0.0266041338582677
21
0.8639166929133858
0
LINE
8
BLACK
6
CONTINUOUS
10
0.0266041338582677
20
0.8639166929133858
11
0.0223017322834646
21
0.865698779527559
0
LINE
8
BLACK
6
CONTINUOUS
10
0.0223017322834646
20
0.865698779527559
11
0.0135355118110236
21
0.8680476771653544
0
LINE
8
BLACK
6
CONTINUOUS
10
0.0135355118110236
20
0.8680476771653544
11
0.0135354330708661
21
0.868047716535433
0
LINE
8
BLACK
6
CONTINUOUS
10
0.0135354330708661
20
0.868047716535433
11
0.0135351968503937
21
0.8680477559055118
0
LINE
8
BLACK
6
CONTINUOUS
10
0.0135351968503937
20
0.8680477559055118
11
0.0045377952755906
21
0.8692322834645669
0
LINE
8
BLACK
6
CONTINUOUS
10
0.0045377952755906
20
0.8692322834645669
11
0.0045377165354331
21
0.8692322834645669
0
LINE
8
BLACK
6
CONTINUOUS
10
0.0045377165354331
20
0.8692322834645669
11
-0.0045377165354331
21
0.8692322834645669
0
LINE
8
BLACK
6
CONTINUOUS
10
-0.0045377165354331
20
0.8692322834645669
11
-0.0045378346456693
21
0.8692322834645669
0
LINE
8
BLACK
6
CONTINUOUS
10
-0.0045378346456693
20
0.8692322834645669
11
-0.0135352362204724
21
0.8680477559055118
0
LINE
8
BLACK
6
CONTINUOUS
10
-0.0135352362204724
20
0.8680477559055118
11
-0.0151347244094488
21
0.8676191732283465
0
LINE
8
BLACK
6
CONTINUOUS
10
-0.0151347244094488
20
0.8676191732283465
11
-0.0223017322834646
21
0.865698779527559
0
LINE
8
BLACK
6
CONTINUOUS
10
-0.0223017322834646
20
0.865698779527559
11
-0.0266035433070866
21
0.8639169291338582
0
LINE
8
BLACK
6
CONTINUOUS
10
-0.0266035433070866
20
0.8639169291338582
11
-0.0293826377952756
21
0.8636181496062992
0
LINE
8
BLACK
6
CONTINUOUS
10
-0.0293826377952756
20
0.8636181496062992
11
-0.031882125984252
21
0.8648693307086613
0
LINE
8
BLACK
6
CONTINUOUS
10
-0.031882125984252
20
0.8648693307086613
11
-0.0333083858267717
21
0.867273188976378
0
LINE
8
BLACK
6
CONTINUOUS
10
-0.0333083858267717
20
0.867273188976378
11
-0.0332086220472441
21
0.8700665354330709
0
LINE
8
BLACK
6
CONTINUOUS
10
-0.0332086220472441
20
0.8700665354330709
11
-0.0330848818897638
21
0.8703983464566929
0
LINE
8
BLACK
6
CONTINUOUS
10
-0.0330848818897638
20
0.8703983464566929
11
-0.0305837795275591
21
0.8764365354330709
0
LINE
8
BLACK
6
CONTINUOUS
10
-0.0305837795275591
20
0.8764365354330709
11
-0.028101968503937
21
0.8856988582677165
0
LINE
8
BLACK
6
CONTINUOUS
10
-0.028101968503937
20
0.8856988582677165
11
-0.0268504330708661
21
0.8952054330708661
0
LINE
8
BLACK
6
CONTINUOUS
10
-0.0268504330708661
20
0.8952054330708661
11
-0.0268503937007874
21
0.8952057874015747
0
LINE
8
BLACK
6
CONTINUOUS
10
-0.0268503937007874
20
0.8952057874015747
11
-0.0268503937007874
21
0.9047942125984252
0
LINE
8
BLACK
6
CONTINUOUS
10
-0.0268503937007874
20
0.9047942125984252
11
-0.0268504330708661
21
0.9047946062992126
0
LINE
8
BLACK
6
CONTINUOUS
10
-0.0268504330708661
20
0.9047946062992126
11
-0.028101968503937
21
0.9143011811023621
0
LINE
8
BLACK
6
CONTINUOUS
10
-0.028101968503937
20
0.9143011811023621
11
-0.0305838188976378
21
0.9235636220472441
0
LINE
8
BLACK
6
CONTINUOUS
10
-0.0305838188976378
20
0.9235636220472441
11
-0.0342533858267717
21
0.9324227559055118
0
LINE
8
BLACK
6
CONTINUOUS
10
-0.0342533858267717
20
0.9324227559055118
11
-0.0342536220472441
21
0.9324231889763779
0
LINE
8
BLACK
6
CONTINUOUS
10
-0.0342536220472441
20
0.9324231889763779
11
-0.0390477165354331
21
0.9407268503937007
0
LINE
8
BLACK
6
CONTINUOUS
10
-0.0390477165354331
20
0.9407268503937007
11
-0.0390479133858268
21
0.9407271259842519
0
LINE
8
BLACK
6
CONTINUOUS
10
-0.0390479133858268
20
0.9407271259842519
11
-0.0416889763779528
21
0.9441689763779527
0
LINE
8
BLACK
6
CONTINUOUS
10
-0.0416889763779528
20
0.9441689763779527
11
-0.0561153149606299
21
0.9297426771653543
0
LINE
8
BLACK
6
CONTINUOUS
10
-0.0561153149606299
20
0.9297426771653543
11
-0.0546825196850394
21
0.9277705905511811
0
LINE
8
BLACK
6
CONTINUOUS
10
-0.0546825196850394
20
0.9277705905511811
11
-0.0508961811023622
21
0.9203394881889764
0
LINE
8
BLACK
6
CONTINUOUS
10
-0.0508961811023622
20
0.9203394881889764
11
-0.048318937007874
21
0.9124075196850393
0
LINE
8
BLACK
6
CONTINUOUS
10
-0.048318937007874
20
0.9124075196850393
11
-0.0470142519685039
21
0.9041700787401574
0
LINE
8
BLACK
6
CONTINUOUS
10
-0.0470142519685039
20
0.9041700787401574
11
-0.0470142519685039
21
0.8958299212598425
0
LINE
8
BLACK
6
CONTINUOUS
10
-0.0470142519685039
20
0.8958299212598425
11
-0.048318937007874
21
0.8875924803149606
0
LINE
8
BLACK
6
CONTINUOUS
10
-0.048318937007874
20
0.8875924803149606
11
-0.0508961811023622
21
0.8796605118110236
0
LINE
8
BLACK
6
CONTINUOUS
10
-0.0508961811023622
20
0.8796605118110236
11
-0.0546825196850394
21
0.8722294094488189
0
LINE
8
BLACK
6
CONTINUOUS
10
-0.0546825196850394
20
0.8722294094488189
11
-0.0595847244094488
21
0.8654820866141733
0
LINE
8
BLACK
6
CONTINUOUS
10
-0.0595847244094488
20
0.8654820866141733
11
-0.0654820866141732
21
0.8595847244094488
0
LINE
8
BLACK
6
CONTINUOUS
10
-0.0654820866141732
20
0.8595847244094488
11
-0.0722294094488189
21
0.8546825196850394
0
LINE
8
BLACK
6
CONTINUOUS
10
-0.0722294094488189
20
0.8546825196850394
11
-0.0796605118110236
21
0.8508961811023622
0
LINE
8
BLACK
6
CONTINUOUS
10
-0.0796605118110236
20
0.8508961811023622
11
-0.0875924803149606
21
0.848318937007874
0
LINE
8
BLACK
6
CONTINUOUS
10
-0.0875924803149606
20
0.848318937007874
11
-0.0958299212598425
21
0.8470142519685039
0
LINE
8
BLACK
6
CONTINUOUS
10
-0.0958299212598425
20
0.8470142519685039
11
-0.1041700787401575
21
0.8470142519685039
0
LINE
8
BLACK
6
CONTINUOUS
10
-0.1041700787401575
20
0.8470142519685039
11
-0.1124075196850394
21
0.848318937007874
0
LINE
8
BLACK
6
CONTINUOUS
10
-0.1124075196850394
20
0.848318937007874
11
-0.1203394881889764
21
0.8508961811023622
0
LINE
8
BLACK
6
CONTINUOUS
10
-0.1203394881889764
20
0.8508961811023622
11
-0.1277705905511811
21
0.8546825196850394
0
LINE
8
BLACK
6
CONTINUOUS
10
-0.1277705905511811
20
0.8546825196850394
11
-0.1297426771653543
21
0.8561153149606299
0
LINE
8
BLACK
6
CONTINUOUS
10
-0.1297426771653543
20
0.8561153149606299
11
-0.1441689763779528
21
0.8416889763779527
0
LINE
8
BLACK
6
CONTINUOUS
10
-0.1441689763779528
20
0.8416889763779527
11
-0.1441689763779528
21
0.8416889370078739
0
LINE
8
BLACK
6
CONTINUOUS
10
-0.1441689763779528
20
0.8416889370078739
11
-0.140727125984252
21
0.8390479133858267
0
LINE
8
BLACK
6
CONTINUOUS
10
-0.140727125984252
20
0.8390479133858267
11
-0.1407268503937008
21
0.8390477165354331
0
LINE
8
BLACK
6
CONTINUOUS
10
-0.1407268503937008
20
0.8390477165354331
11
-0.1324231889763779
21
0.8342536220472441
0
LINE
8
BLACK
6
CONTINUOUS
10
-0.1324231889763779
20
0.8342536220472441
11
-0.1324227559055118
21
0.8342533858267717
0
LINE
8
BLACK
6
CONTINUOUS
10
-0.1324227559055118
20
0.8342533858267717
11
-0.1235636220472441
21
0.8305838188976378
0
LINE
8
BLACK
6
CONTINUOUS
10
-0.1235636220472441
20
0.8305838188976378
11
-0.1143011811023622
21
0.828101968503937
0
LINE
8
BLACK
6
CONTINUOUS
10
-0.1143011811023622
20
0.828101968503937
11
-0.1047946062992126
21
0.8268504330708661
0
LINE
8
BLACK
6
CONTINUOUS
10
-0.1047946062992126
20
0.8268504330708661
11
-0.1047942125984252
21
0.8268503937007874
0
LINE
8
BLACK
6
CONTINUOUS
10
-0.1047942125984252
20
0.8268503937007874
11
-0.0952057874015748
21
0.8268503937007874
0
LINE
8
BLACK
6
CONTINUOUS
10
-0.0952057874015748
20
0.8268503937007874
11
-0.0952054330708661
21
0.8268504330708661
0
LINE
8
BLACK
6
CONTINUOUS
10
-0.0952054330708661
20
0.8268504330708661
11
-0.0856988582677165
21
0.828101968503937
0
LINE
8
BLACK
6
CONTINUOUS
10
-0.0856988582677165
20
0.828101968503937
11
-0.0764365354330709
21
0.830583779527559
0
LINE
8
BLACK
6
CONTINUOUS
10
-0.0764365354330709
20
0.830583779527559
11
-0.0703983464566929
21
0.8330848818897637
0
LINE
8
BLACK
6
CONTINUOUS
10
-0.0703983464566929
20
0.8330848818897637
11
-0.0676192125984252
21
0.8333836614173228
0
LINE
8
BLACK
6
CONTINUOUS
10
-0.0676192125984252
20
0.8333836614173228
11
-0.0651197244094488
21
0.8321325196850393
0
LINE
8
BLACK
6
CONTINUOUS
10
-0.0651197244094488
20
0.8321325196850393
11
-0.0636934251968504
21
0.8297286614173228
0
LINE
8
BLACK
6
CONTINUOUS
10
-0.0636934251968504
20
0.8297286614173228
11
-0.063793188976378
21
0.8269353149606299
0
LINE
8
BLACK
6
CONTINUOUS
10
-0.063793188976378
20
0.8269353149606299
11
-0.0639169291338583
21
0.8266035039370079
0
LINE
8
BLACK
6
CONTINUOUS
10
-0.0639169291338583
20
0.8266035039370079
11
-0.0656987795275591
21
0.8223017322834646
0
LINE
8
BLACK
6
CONTINUOUS
10
-0.0656987795275591
20
0.8223017322834646
11
-0.0680477559055118
21
0.8135352362204724
0
LINE
8
BLACK
6
CONTINUOUS
10
-0.0680477559055118
20
0.8135352362204724
11
-0.0692322834645669
21
0.8045378346456693
0
LINE
8
BLACK
6
CONTINUOUS
10
-0.0692322834645669
20
0.8045378346456693
11
-0.0692322834645669
21
0.7954622047244094
0
LINE
8
BLACK
6
CONTINUOUS
10
-0.0692322834645669
20
0.7954622047244094
11
-0.0680477559055118
21
0.7864648031496063
0
LINE
8
BLACK
6
CONTINUOUS
10
-0.0680477559055118
20
0.7864648031496063
11
-0.0680477165354331
21
0.7864645669291338
0
LINE
8
BLACK
6
CONTINUOUS
10
-0.0680477165354331
20
0.7864645669291338
11
-0.0680476771653543
21
0.7864644881889764
0
LINE
8
BLACK
6
CONTINUOUS
10
-0.0680476771653543
20
0.7864644881889764
11
-0.0656987795275591
21
0.7776982677165354
0
LINE
8
BLACK
6
CONTINUOUS
10
-0.0656987795275591
20
0.7776982677165354
11
-0.0639169291338583
21
0.7733964566929133
0
LINE
8
BLACK
6
CONTINUOUS
10
-0.0639169291338583
20
0.7733964566929133
11
-0.0636181496062992
21
0.7706174015748032
0
LINE
8
BLACK
6
CONTINUOUS
10
-0.0636181496062992
20
0.7706174015748032
11
-0.0648692913385827
21
0.7681179133858268
0
LINE
8
BLACK
6
CONTINUOUS
10
-0.0648692913385827
20
0.7681179133858268
11
-0.0672731889763779
21
0.766691653543307
0
LINE
8
BLACK
6
CONTINUOUS
10
-0.0672731889763779
20
0.766691653543307
11
-0.0700665354330709
21
0.7667914173228346
0
LINE
8
BLACK
6
CONTINUOUS
10
-0.0700665354330709
20
0.7667914173228346
11
-0.0703983070866142
21
0.7669151574803149
0
LINE
8
BLACK
6
CONTINUOUS
10
-0.0703983070866142
20
0.7669151574803149
11
-0.0764364173228346
21
0.769416220472441
0
LINE
8
BLACK
6
CONTINUOUS
10
-0.0764364173228346
20
0.769416220472441
11
-0.0856988582677165
21
0.7718980708661417
0
LINE
8
BLACK
6
CONTINUOUS
10
-0.0856988582677165
20
0.7718980708661417
11
-0.0952054330708661
21
0.7731496062992126
0
LINE
8
BLACK
6
CONTINUOUS
10
-0.0952054330708661
20
0.7731496062992126
11
-0.1047946062992126
21
0.7731496062992126
0
LINE
8
BLACK
6
CONTINUOUS
10
-0.1047946062992126
20
0.7731496062992126
11
-0.1143011811023622
21
0.7718980708661417
0
LINE
8
BLACK
6
CONTINUOUS
10
-0.1143011811023622
20
0.7718980708661417
11
-0.1235636220472441
21
0.769416220472441
0
LINE
8
BLACK
6
CONTINUOUS
10
-0.1235636220472441
20
0.769416220472441
11
-0.1324227559055118
21
0.7657466535433071
0
LINE
8
BLACK
6
CONTINUOUS
10
-0.1324227559055118
20
0.7657466535433071
11
-0.1324231889763779
21
0.7657464173228347
0
LINE
8
BLACK
6
CONTINUOUS
10
-0.1324231889763779
20
0.7657464173228347
11
-0.1407268503937008
21
0.7609523228346456
0
LINE
8
BLACK
6
CONTINUOUS
10
-0.1407268503937008
20
0.7609523228346456
11
-0.1441689763779528
21
0.7583111023622047
0
LINE
8
BLACK
6
CONTINUOUS
10
-0.1441689763779528
20
0.7583111023622047
11
-0.1297426377952756
21
0.7438847637795275
0
LINE
8
BLACK
6
CONTINUOUS
10
-0.1297426377952756
20
0.7438847637795275
11
-0.1277705905511811
21
0.7453174803149606
0
LINE
8
BLACK
6
CONTINUOUS
10
-0.1277705905511811
20
0.7453174803149606
11
-0.1203394881889764
21
0.7491038188976378
0
LINE
8
BLACK
6
CONTINUOUS
10
-0.1203394881889764
20
0.7491038188976378
11
-0.1124075196850394
21
0.751681062992126
0
LINE
8
BLACK
6
CONTINUOUS
10
-0.1124075196850394
20
0.751681062992126
11
-0.1041700787401575
21
0.7529857480314961
0
LINE
8
BLACK
6
CONTINUOUS
10
-0.1041700787401575
20
0.7529857480314961
11
-0.0958299212598425
21
0.7529857480314961
0
LINE
8
BLACK
6
CONTINUOUS
10
-0.0958299212598425
20
0.7529857480314961
11
-0.0875924803149606
21
0.751681062992126
0
LINE
8
BLACK
6
CONTINUOUS
10
-0.0875924803149606
20
0.751681062992126
11
-0.0796605118110236
21
0.7491038188976378
0
LINE
8
BLACK
6
CONTINUOUS
10
-0.0796605118110236
20
0.7491038188976378
11
-0.0722294094488189
21
0.7453174803149606
0
LINE
8
BLACK
6
CONTINUOUS
10
-0.0722294094488189
20
0.7453174803149606
11
-0.0654820866141732
21
0.7404152755905512
0
LINE
8
BLACK
6
CONTINUOUS
10
-0.0654820866141732
20
0.7404152755905512
11
-0.0595847244094488
21
0.7345179133858267
0
LINE
8
BLACK
6
CONTINUOUS
10
-0.0595847244094488
20
0.7345179133858267
11
-0.0546825196850394
21
0.7277705905511811
0
LINE
8
BLACK
6
CONTINUOUS
10
-0.0546825196850394
20
0.7277705905511811
11
-0.0508961811023622
21
0.7203394881889763
0
LINE
8
BLACK
6
CONTINUOUS
10
-0.0508961811023622
20
0.7203394881889763
11
-0.048318937007874
21
0.7124075196850393
0
LINE
8
BLACK
6
CONTINUOUS
10
-0.048318937007874
20
0.7124075196850393
11
-0.0470142519685039
21
0.7041700787401575
0
LINE
8
BLACK
6
CONTINUOUS
10
-0.0470142519685039
20
0.7041700787401575
11
-0.0470142519685039
21
0.6958299212598426
0
LINE
8
BLACK
6
CONTINUOUS
10
-0.0470142519685039
20
0.6958299212598426
11
-0.048318937007874
21
0.6875924803149606
0
LINE
8
BLACK
6
CONTINUOUS
10
-0.048318937007874
20
0.6875924803149606
11
-0.0508961811023622
21
0.6796605118110236
0
LINE
8
BLACK
6
CONTINUOUS
10
-0.0508961811023622
20
0.6796605118110236
11
-0.0546825196850394
21
0.6722294094488189
0
LINE
8
BLACK
6
CONTINUOUS
10
-0.0546825196850394
20
0.6722294094488189
11
-0.0561152755905512
21
0.6702574015748032
0
LINE
8
BLACK
6
CONTINUOUS
10
-0.0561152755905512
20
0.6702574015748032
11
-0.0416889763779528
21
0.6558311023622047
0
LINE
8
BLACK
6
CONTINUOUS
10
-0.0416889763779528
20
0.6558311023622047
11
-0.0390477165354331
21
0.6592732283464566
0
LINE
8
BLACK
6
CONTINUOUS
10
-0.0390477165354331
20
0.6592732283464566
11
-0.0342536220472441
21
0.6675768503937007
0
LINE
8
BLACK
6
CONTINUOUS
10
-0.0342536220472441
20
0.6675768503937007
11
-0.0342533858267717
21
0.6675772834645669
0
LINE
8
BLACK
6
CONTINUOUS
10
-0.0342533858267717
20
0.6675772834645669
11
-0.0305838188976378
21
0.6764364173228347
0
LINE
8
BLACK
6
CONTINUOUS
10
-0.0305838188976378
20
0.6764364173228347
11
-0.028101968503937
21
0.6856988582677165
0
LINE
8
BLACK
6
CONTINUOUS
10
-0.028101968503937
20
0.6856988582677165
11
-0.0268504330708661
21
0.6952054330708661
0
LINE
8
BLACK
6
CONTINUOUS
10
-0.0268504330708661
20
0.6952054330708661
11
-0.0268503937007874
21
0.6952057874015748
0
LINE
8
BLACK
6
CONTINUOUS
10
-0.0268503937007874
20
0.6952057874015748
11
-0.0268503937007874
21
0.7047942125984252
0
LINE
8
BLACK
6
CONTINUOUS
10
-0.0268503937007874
20
0.7047942125984252
11
-0.0268504330708661
21
0.7047946062992125
0
LINE
8
BLACK
6
CONTINUOUS
10
-0.0268504330708661
20
0.7047946062992125
11
-0.028101968503937
21
0.7143011811023622
0
LINE
8
BLACK
6
CONTINUOUS
10
-0.028101968503937
20
0.7143011811023622
11
-0.0305838188976378
21
0.7235636220472441
0
LINE
8
BLACK
6
CONTINUOUS
10
-0.0305838188976378
20
0.7235636220472441
11
-0.0330848818897638
21
0.7296017322834646
0
LINE
8
BLACK
6
CONTINUOUS
10
-0.0330848818897638
20
0.7296017322834646
11
-0.0333836614173228
21
0.7323808267716535
0
LINE
8
BLACK
6
CONTINUOUS
10
-0.0333836614173228
20
0.7323808267716535
11
-0.0321325196850394
21
0.7348803149606299
0
LINE
8
BLACK
6
CONTINUOUS
10
-0.0321325196850394
20
0.7348803149606299
11
-0.0297286614173228
21
0.7363066141732283
0
LINE
8
BLACK
6
CONTINUOUS
10
-0.0297286614173228
20
0.7363066141732283
11
-0.0269352755905512
21
0.7362068503937008
0
LINE
8
BLACK
6
CONTINUOUS
10
-0.0269352755905512
20
0.7362068503937008
11
-0.0266047637795276
21
0.7360835826771653
0
LINE
8
BLACK
6
CONTINUOUS
10
-0.0266047637795276
20
0.7360835826771653
11
-0.0223017322834646
21
0.734301220472441
0
LINE
8
BLACK
6
CONTINUOUS
10
-0.0223017322834646
20
0.734301220472441
11
-0.0135355118110236
21
0.7319523228346456
0
LINE
8
BLACK
6
CONTINUOUS
10
-0.0135355118110236
20
0.7319523228346456
11
-0.0135352755905512
21
0.7319523228346456
0
LINE
8
BLACK
6
CONTINUOUS
10
-0.0135352755905512
20
0.7319523228346456
11
-0.0135352362204724
21
0.7319522834645669
0
LINE
8
BLACK
6
CONTINUOUS
10
-0.0135352362204724
20
0.7319522834645669
11
-0.0132391732283465
21
0.7319133070866142
0
LINE
8
BLACK
6
CONTINUOUS
10
-0.0132391732283465
20
0.7319133070866142
11
-0.0045377165354331
21
0.730767716535433
0
LINE
8
BLACK
6
CONTINUOUS
10
-0.0045377165354331
20
0.730767716535433
11
-0.0045374409448819
21
0.730767716535433
0
LINE
8
BLACK
6
CONTINUOUS
10
-0.0045374409448819
20
0.730767716535433
11
0.0045374409448819
21
0.730767716535433
0
LINE
8
BLACK
6
CONTINUOUS
10
0.0045374409448819
20
0.730767716535433
11
0.0045377165354331
21
0.730767716535433
0
LINE
8
BLACK
6
CONTINUOUS
10
0.0045377165354331
20
0.730767716535433
11
0.0135355118110236
21
0.7319523228346456
0
LINE
8
BLACK
6
CONTINUOUS
10
0.0135355118110236
20
0.7319523228346456
11
0.0223017322834646
21
0.734301220472441
0
LINE
8
BLACK
6
CONTINUOUS
10
0.0223017322834646
20
0.734301220472441
11
0.0266036614173228
21
0.7360831496062992
0
LINE
8
BLACK
6
CONTINUOUS
10
0.0266036614173228
20
0.7360831496062992
11
0.0293825590551181
21
0.7363818897637795
0
LINE
8
BLACK
6
CONTINUOUS
10
0.0293825590551181
20
0.7363818897637795
11
0.0318820472440945
21
0.735130748031496
0
LINE
8
BLACK
6
CONTINUOUS
10
0.0318820472440945
20
0.735130748031496
11
0.0333083464566929
21
0.7327268897637795
0
LINE
8
BLACK
6
CONTINUOUS
10
0.0333083464566929
20
0.7327268897637795
11
0.0332085826771654
21
0.7299335433070866
0
LINE
8
BLACK
6
CONTINUOUS
10
0.0332085826771654
20
0.7299335433070866
11
0.033084842519685
21
0.7296017322834646
0
LINE
8
BLACK
6
CONTINUOUS
10
0.033084842519685
20
0.7296017322834646
11
0.0305837795275591
21
0.7235636220472441
0
LINE
8
BLACK
6
CONTINUOUS
10
0.0305837795275591
20
0.7235636220472441
11
0.0281019291338583
21
0.7143011811023622
0
LINE
8
BLACK
6
CONTINUOUS
10
0.0281019291338583
20
0.7143011811023622
11
0.0268503937007874
21
0.7047946062992125
0
LINE
8
BLACK
6
CONTINUOUS
10
0.0268503937007874
20
0.7047946062992125
11
0.0268503937007874
21
0.6952054330708661
0
LINE
8
BLACK
6
CONTINUOUS
10
0.0268503937007874
20
0.6952054330708661
11
0.0281019291338583
21
0.6856988582677165
0
LINE
8
BLACK
6
CONTINUOUS
10
0.0281019291338583
20
0.6856988582677165
11
0.0305837795275591
21
0.6764364173228347
0
LINE
8
BLACK
6
CONTINUOUS
10
0.0305837795275591
20
0.6764364173228347
11
0.0342533464566929
21
0.6675772834645669
0
LINE
8
BLACK
6
CONTINUOUS
10
0.0342533464566929
20
0.6675772834645669
11
0.0342535826771654
21
0.6675768503937007
0
LINE
8
BLACK
6
CONTINUOUS
10
0.0342535826771654
20
0.6675768503937007
11
0.0390476771653543
21
0.659273188976378
0
LINE
8
BLACK
6
CONTINUOUS
10
0.0390476771653543
20
0.659273188976378
11
0.0390478346456693
21
0.6592729527559055
0
LINE
8
BLACK
6
CONTINUOUS
10
0.0390478346456693
20
0.6592729527559055
11
0.0416888582677165
21
0.6558311417322834
0
LINE
8
BLACK
6
CONTINUOUS
10
0.0416888582677165
20
0.6558311417322834
11
0.0416888976377953
21
0.6558311023622047
0
LINE
8
BLACK
6
CONTINUOUS
10
0.0416888976377953
20
0.6558311023622047
11
0.0561151968503937
21
0.6702574409448818
0
LINE
8
BLACK
6
CONTINUOUS
10
0.0561151968503937
20
0.6702574409448818
11
0.0546825196850394
21
0.6722294094488189
0
LINE
8
BLACK
6
CONTINUOUS
10
0.0546825196850394
20
0.6722294094488189
11
0.0508961811023622
21
0.6796605118110236
0
LINE
8
BLACK
6
CONTINUOUS
10
0.0508961811023622
20
0.6796605118110236
11
0.048318937007874
21
0.6875924803149606
0
LINE
8
BLACK
6
CONTINUOUS
10
0.048318937007874
20
0.6875924803149606
11
0.0470142519685039
21
0.6958299212598426
0
LINE
8
BLACK
6
CONTINUOUS
10
0.0470142519685039
20
0.6958299212598426
11
0.0470142519685039
21
0.7041700787401575
0
LINE
8
BLACK
6
CONTINUOUS
10
0.0470142519685039
20
0.7041700787401575
11
0.048318937007874
21
0.7124075196850393
0
LINE
8
BLACK
6
CONTINUOUS
10
0.048318937007874
20
0.7124075196850393
11
0.0508961811023622
21
0.7203394881889763
0
LINE
8
BLACK
6
CONTINUOUS
10
0.0508961811023622
20
0.7203394881889763
11
0.0546825196850394
21
0.7277705905511811
0
LINE
8
BLACK
6
CONTINUOUS
10
0.0546825196850394
20
0.7277705905511811
11
0.0595847244094488
21
0.7345179133858267
0
LINE
8
BLACK
6
CONTINUOUS
10
0.0595847244094488
20
0.7345179133858267
11
0.0654820866141732
21
0.7404152755905512
0
LINE
8
BLACK
6
CONTINUOUS
10
0.0654820866141732
20
0.7404152755905512
11
0.0722294094488189
21
0.7453174803149606
0
LINE
8
BLACK
6
CONTINUOUS
10
0.0722294094488189
20
0.7453174803149606
11
0.0796605118110236
21
0.7491038188976378
0
LINE
8
BLACK
6
CONTINUOUS
10
0.0796605118110236
20
0.7491038188976378
11
0.0875924803149606
21
0.751681062992126
0
LINE
8
BLACK
6
CONTINUOUS
10
0.0875924803149606
20
0.751681062992126
11
0.0958299212598425
21
0.7529857480314961
0
LINE
8
BLACK
6
CONTINUOUS
10
0.0958299212598425
20
0.7529857480314961
11
0.1041700787401575
21
0.7529857480314961
0
LINE
8
BLACK
6
CONTINUOUS
10
0.1041700787401575
20
0.7529857480314961
11
0.1124075196850394
21
0.751681062992126
0
LINE
8
BLACK
6
CONTINUOUS
10
0.1124075196850394
20
0.751681062992126
11
0.1203394881889764
21
0.7491038188976378
0
LINE
8
BLACK
6
CONTINUOUS
10
0.1203394881889764
20
0.7491038188976378
11
0.1277705905511811
21
0.7453174803149606
0
LINE
8
BLACK
6
CONTINUOUS
10
0.1277705905511811
20
0.7453174803149606
11
0.1297425590551181
21
0.7438848031496063
0
LINE
8
BLACK
6
CONTINUOUS
10
0.1297425590551181
20
0.7438848031496063
11
0.1441688976377953
21
0.7583111023622047
0
LINE
8
BLACK
6
CONTINUOUS
10
0.1441688976377953
20
0.7583111023622047
11
0.1441688582677165
21
0.7583111417322834
0
LINE
8
BLACK
6
CONTINUOUS
10
0.1441688582677165
20
0.7583111417322834
11
0.1407270472440945
21
0.7609521653543307
0
LINE
8
BLACK
6
CONTINUOUS
10
0.1407270472440945
20
0.7609521653543307
11
0.1407268110236221
21
0.7609523228346456
0
LINE
8
BLACK
6
CONTINUOUS
10
0.1407268110236221
20
0.7609523228346456
11
0.1324231496062992
21
0.7657464173228347
0
LINE
8
BLACK
6
CONTINUOUS
10
0.1324231496062992
20
0.7657464173228347
11
0.1324227165354331
21
0.7657466535433071
0
LINE
8
BLACK
6
CONTINUOUS
10
0.1324227165354331
20
0.7657466535433071
11
0.1235635826771654
21
0.769416220472441
0
LINE
8
BLACK
6
CONTINUOUS
10
0.1235635826771654
20
0.769416220472441
11
0.1143011417322835
21
0.7718980708661417
0
LINE
8
BLACK
6
CONTINUOUS
10
0.1143011417322835
20
0.7718980708661417
11
0.1047945669291339
21
0.7731496062992126
0
LINE
8
BLACK
6
CONTINUOUS
10
0.1047945669291339
20
0.7731496062992126
11
0.0952053937007874
21
0.7731496062992126
0
LINE
8
BLACK
6
CONTINUOUS
10
0.0952053937007874
20
0.7731496062992126
11
0.0856988188976378
21
0.7718980708661417
0
LINE
8
BLACK
6
CONTINUOUS
10
0.0856988188976378
20
0.7718980708661417
11
0.0764363779527559
21
0.769416220472441
0
LINE
8
BLACK
6
CONTINUOUS
10
0.0764363779527559
20
0.769416220472441
11
0.0703982677165354
21
0.7669151574803149
0
LINE
8
BLACK
6
CONTINUOUS
10
0.0703982677165354
20
0.7669151574803149
11
0.0676191338582677
21
0.7666163779527558
0
LINE
8
BLACK
6
CONTINUOUS
10
0.0676191338582677
20
0.7666163779527558
11
0.0651196456692913
21
0.7678675590551181
0
LINE
8
BLACK
6
CONTINUOUS
10
0.0651196456692913
20
0.7678675590551181
11
0.0636933858267717
21
0.7702714173228347
0
LINE
8
BLACK
6
CONTINUOUS
10
0.0636933858267717
20
0.7702714173228347
11
0.0637931496062992
21
0.7730647637795275
0
LINE
8
BLACK
6
CONTINUOUS
10
0.0637931496062992
20
0.7730647637795275
11
0.0639161023622047
21
0.7733945669291339
0
LINE
8
BLACK
6
CONTINUOUS
10
0.0639161023622047
20
0.7733945669291339
11
0.0656987795275591
21
0.7776982677165354
0
LINE
8
BLACK
6
CONTINUOUS
10
0.0656987795275591
20
0.7776982677165354
11
0.0680476771653543
21
0.7864644881889764
0
LINE
8
BLACK
6
CONTINUOUS
10
0.0680476771653543
20
0.7864644881889764
11
0.0692322834645669
21
0.7954622834645669
0
LINE
8
BLACK
6
CONTINUOUS
10
0.0692322834645669
20
0.7954622834645669
11
0.0692322834645669
21
0.804537716535433
0
LINE
8
BLACK
6
CONTINUOUS
10
0.0692322834645669
20
0.804537716535433
11
0.0680476771653543
21
0.8135355118110236
0
LINE
8
BLACK
6
CONTINUOUS
10
0.0680476771653543
20
0.8135355118110236
11
0.0656987795275591
21
0.8223017322834646
0
LINE
8
BLACK
6
CONTINUOUS
10
0.0656987795275591
20
0.8223017322834646
11
0.0639168503937008
21
0.8266037007874015
0
LINE
8
BLACK
6
CONTINUOUS
10
0.0639168503937008
20
0.8266037007874015
11
0.0636181102362205
21
0.8293825984251968
0
LINE
8
BLACK
6
CONTINUOUS
10
0.0636181102362205
20
0.8293825984251968
11
0.0648692519685039
21
0.8318820866141732
0
LINE
8
BLACK
6
CONTINUOUS
10
0.0648692519685039
20
0.8318820866141732
11
0.0672731102362205
21
0.8333083858267716
0
LINE
8
BLACK
6
CONTINUOUS
10
0.0672731102362205
20
0.8333083858267716
11
0.0700664566929134
21
0.8332086220472441
0
LINE
8
BLACK
6
CONTINUOUS
10
0.0700664566929134
20
0.8332086220472441
11
0.0703982677165354
21
0.8330848818897637
0
LINE
8
BLACK
6
CONTINUOUS
10
0.0703982677165354
20
0.8330848818897637
11
0.0764363779527559
21
0.8305838188976378
0
LINE
8
BLACK
6
CONTINUOUS
10
0.0764363779527559
20
0.8305838188976378
11
0.0856988188976378
21
0.828101968503937
0
LINE
8
BLACK
6
CONTINUOUS
10
0.0856988188976378
20
0.828101968503937
11
0.0952053937007874
21
0.8268504330708661
0
LINE
8
BLACK
6
CONTINUOUS
10
0.0952053937007874
20
0.8268504330708661
11
0.0952057874015748
21
0.8268503937007874
0
LINE
8
BLACK
6
CONTINUOUS
10
0.0952057874015748
20
0.8268503937007874
11
0.1047942125984252
21
0.8268503937007874
0
LINE
8
BLACK
6
CONTINUOUS
10
0.1047942125984252
20
0.8268503937007874
11
0.1047945669291339
21
0.8268504330708661
0
LINE
8
BLACK
6
CONTINUOUS
10
0.1047945669291339
20
0.8268504330708661
11
0.1143011417322835
21
0.828101968503937
0
LINE
8
BLACK
6
CONTINUOUS
10
0.1143011417322835
20
0.828101968503937
11
0.1235635826771654
21
0.8305838188976378
0
LINE
8
BLACK
6
CONTINUOUS
10
0.1235635826771654
20
0.8305838188976378
11
0.1324227165354331
21
0.8342533858267717
0
LINE
8
BLACK
6
CONTINUOUS
10
0.1324227165354331
20
0.8342533858267717
11
0.1324231496062992
21
0.8342536220472441
0
LINE
8
BLACK
6
CONTINUOUS
10
0.1324231496062992
20
0.8342536220472441
11
0.1407267716535433
21
0.8390477165354331
0
LINE
8
BLACK
6
CONTINUOUS
10
0.1407267716535433
20
0.8390477165354331
11
0.1441688976377953
21
0.8416889763779527
0
LINE
8
BLACK
6
CONTINUOUS
10
0.1441688976377953
20
0.8416889763779527
11
0.1297425984251968
21
0.8561152755905511
0
LINE
8
BLACK
6
CONTINUOUS
10
0.1297425984251968
20
0.8561152755905511
11
0.1277705905511811
21
0.8546825196850394
0
LINE
8
BLACK
6
CONTINUOUS
10
0.1277705905511811
20
0.8546825196850394
11
0.1203394881889764
21
0.8508961811023622
0
LINE
8
BLACK
6
CONTINUOUS
10
0.1203394881889764
20
0.8508961811023622
11
0.1124075196850394
21
0.848318937007874
0
LINE
8
BLACK
6
CONTINUOUS
10
0.1124075196850394
20
0.848318937007874
11
0.1041700787401575
21
0.8470142519685039
0
LINE
8
BLACK
6
CONTINUOUS
10
0.1041700787401575
20
0.8470142519685039
11
0.0958299212598425
21
0.8470142519685039
0
LINE
8
BLACK
6
CONTINUOUS
10
0.0958299212598425
20
0.8470142519685039
11
0.0875924803149606
21
0.848318937007874
0
LINE
8
BLACK
6
CONTINUOUS
10
0.0875924803149606
20
0.848318937007874
11
0.0796605118110236
21
0.8508961811023622
0
LINE
8
BLACK
6
CONTINUOUS
10
0.0796605118110236
20
0.8508961811023622
11
0.0722294094488189
21
0.8546825196850394
0
LINE
8
BLACK
6
CONTINUOUS
10
0.0722294094488189
20
0.8546825196850394
11
0.0654820866141732
21
0.8595847244094488
0
LINE
8
BLACK
6
CONTINUOUS
10
0.0654820866141732
20
0.8595847244094488
11
0.0595847244094488
21
0.8654820866141733
0
LINE
8
BLACK
6
CONTINUOUS
10
0.0595847244094488
20
0.8654820866141733
11
0.0546825196850394
21
0.8722294094488189
0
LINE
8
BLACK
6
CONTINUOUS
10
0.0546825196850394
20
0.8722294094488189
11
0.0508961811023622
21
0.8796605118110236
0
LINE
8
BLACK
6
CONTINUOUS
10
0.0508961811023622
20
0.8796605118110236
11
0.048318937007874
21
0.8875924803149606
0
LINE
8
BLACK
6
CONTINUOUS
10
0.048318937007874
20
0.8875924803149606
11
0.0470142519685039
21
0.8958299212598425
0
LINE
8
BLACK
6
CONTINUOUS
10
0.0470142519685039
20
0.8958299212598425
11
0.0470142519685039
21
0.9041700787401574
0
LINE
8
BLACK
6
CONTINUOUS
10
0.0470142519685039
20
0.9041700787401574
11
0.048318937007874
21
0.9124075196850393
0
LINE
8
BLACK
6
CONTINUOUS
10
0.048318937007874
20
0.9124075196850393
11
0.0508961811023622
21
0.9203394881889764
0
LINE
8
BLACK
6
CONTINUOUS
10
0.0508961811023622
20
0.9203394881889764
11
0.0546825196850394
21
0.9277705905511811
0
LINE
8
BLACK
6
CONTINUOUS
10
0.0546825196850394
20
0.9277705905511811
11
0.0561152362204724
21
0.9297426377952756
0
LINE
8
BLACK
6
CONTINUOUS
10
0.0561152362204724
20
0.9297426377952756
11
0.0416888976377953
21
0.9441689763779527
0
LINE
8
BLACK
6
CONTINUOUS
10
0.0416888976377953
20
0.9441689763779527
11
0.0390476771653543
21
0.9407268503937007
0
LINE
8
BLACK
6
CONTINUOUS
10
0.1438846850393701
20
0.7297426771653543
11
0.1453174803149606
21
0.7277705905511811
0
LINE
8
BLACK
6
CONTINUOUS
10
0.1453174803149606
20
0.7277705905511811
11
0.1491038188976378
21
0.7203394881889763
0
LINE
8
BLACK
6
CONTINUOUS
10
0.1491038188976378
20
0.7203394881889763
11
0.151681062992126
21
0.7124075196850393
0
LINE
8
BLACK
6
CONTINUOUS
10
0.151681062992126
20
0.7124075196850393
11
0.1529857480314961
21
0.7041700787401575
0
LINE
8
BLACK
6
CONTINUOUS
10
0.1529857480314961
20
0.7041700787401575
11
0.1529857480314961
21
0.6958299212598426
0
LINE
8
BLACK
6
CONTINUOUS
10
0.1529857480314961
20
0.6958299212598426
11
0.151681062992126
21
0.6875924803149606
0
LINE
8
BLACK
6
CONTINUOUS
10
0.151681062992126
20
0.6875924803149606
11
0.1491038188976378
21
0.6796605118110236
0
LINE
8
BLACK
6
CONTINUOUS
10
0.1491038188976378
20
0.6796605118110236
11
0.1453174803149606
21
0.6722294094488189
0
LINE
8
BLACK
6
CONTINUOUS
10
0.1453174803149606
20
0.6722294094488189
11
0.1438847244094488
21
0.6702574015748032
0
LINE
8
BLACK
6
CONTINUOUS
10
0.1438847244094488
20
0.6702574015748032
11
0.1583110236220472
21
0.6558311023622047
0
LINE
8
BLACK
6
CONTINUOUS
10
0.1583110236220472
20
0.6558311023622047
11
0.1609522834645669
21
0.6592732283464566
0
LINE
8
BLACK
6
CONTINUOUS
10
0.1609522834645669
20
0.6592732283464566
11
0.1657463779527559
21
0.6675768503937007
0
LINE
8
BLACK
6
CONTINUOUS
10
0.1657463779527559
20
0.6675768503937007
11
0.1657466141732283
21
0.6675772834645669
0
LINE
8
BLACK
6
CONTINUOUS
10
0.1657466141732283
20
0.6675772834645669
11
0.1694161811023622
21
0.6764364173228347
0
LINE
8
BLACK
6
CONTINUOUS
10
0.1694161811023622
20
0.6764364173228347
11
0.171898031496063
21
0.6856988582677165
0
LINE
8
BLACK
6
CONTINUOUS
10
0.171898031496063
20
0.6856988582677165
11
0.1731495669291339
21
0.6952054330708661
0
LINE
8
BLACK
6
CONTINUOUS
10
0.1731495669291339
20
0.6952054330708661
11
0.1731496062992126
21
0.6952057874015748
0
LINE
8
BLACK
6
CONTINUOUS
10
0.1731496062992126
20
0.6952057874015748
11
0.1731496062992126
21
0.7047942125984252
0
LINE
8
BLACK
6
CONTINUOUS
10
0.1731496062992126
20
0.7047942125984252
11
0.1731495669291339
21
0.7047946062992125
0
LINE
8
BLACK
6
CONTINUOUS
10
0.1731495669291339
20
0.7047946062992125
11
0.171898031496063
21
0.7143011811023622
0
LINE
8
BLACK
6
CONTINUOUS
10
0.171898031496063
20
0.7143011811023622
11
0.1694161811023622
21
0.7235636220472441
0
LINE
8
BLACK
6
CONTINUOUS
10
0.1694161811023622
20
0.7235636220472441
11
0.1666890551181102
21
0.7301475196850393
0
LINE
8
BLACK
6
CONTINUOUS
10
0.1666890551181102
20
0.7301475196850393
11
0.1657464960629921
21
0.7324229527559055
0
LINE
8
BLACK
6
CONTINUOUS
10
0.1657464960629921
20
0.7324229527559055
11
0.1657463779527559
21
0.7324231889763779
0
LINE
8
BLACK
6
CONTINUOUS
10
0.1657463779527559
20
0.7324231889763779
11
0.1609522834645669
21
0.7407268503937008
0
LINE
8
BLACK
6
CONTINUOUS
10
0.1609522834645669
20
0.7407268503937008
11
0.1609520866141732
21
0.7407271259842519
0
LINE
8
BLACK
6
CONTINUOUS
10
0.1609520866141732
20
0.7407271259842519
11
0.1583110236220472
21
0.7441689763779528
0
LINE
8
BLACK
6
CONTINUOUS
10
0.1583110236220472
20
0.7441689763779528
11
0.1438846850393701
21
0.7297426771653543
0
LINE
8
BLACK
6
CONTINUOUS
10
0.78
20
0.9399999999999999
11
0.78
21
0.9199999999999999
0
LINE
8
BLACK
6
CONTINUOUS
10
0.78
20
0.9199999999999999
11
0.72
21
0.9199999999999999
0
LINE
8
BLACK
6
CONTINUOUS
10
0.72
20
0.9199999999999999
11
0.72
21
0.9399999999999999
0
LINE
8
BLACK
6
CONTINUOUS
10
0.72
20
0.9399999999999999
11
0.7
21
0.9399999999999999
0
LINE
8
BLACK
6
CONTINUOUS
10
0.7
20
0.9399999999999999
11
0.7
21
0.9180867322834645
0
LINE
8
BLACK
6
CONTINUOUS
10
0.7
20
0.9180867322834645
11
0.7002561023622047
21
0.915705
0
LINE
8
BLACK
6
CONTINUOUS
10
0.7002561023622047
20
0.915705
11
0.7022659448818898
21
0.9103163779527559
0
LINE
8
BLACK
6
CONTINUOUS
10
0.7022659448818898
20
0.9103163779527559
11
0.7022659448818898
21
0.9103163385826771
0
LINE
8
BLACK
6
CONTINUOUS
10
0.7022659448818898
20
0.9103163385826771
11
0.7057124015748031
21
0.9057124409448819
0
LINE
8
BLACK
6
CONTINUOUS
10
0.7057124015748031
20
0.9057124409448819
11
0.7080220078740157
21
0.9039835039370079
0
LINE
8
BLACK
6
CONTINUOUS
10
0.7080220078740157
20
0.9039835039370079
11
0.7096970866141732
21
0.9017458661417322
0
LINE
8
BLACK
6
CONTINUOUS
10
0.7096970866141732
20
0.9017458661417322
11
0.7098964566929133
21
0.898957874015748
0
LINE
8
BLACK
6
CONTINUOUS
10
0.7098964566929133
20
0.898957874015748
11
0.7085568897637795
21
0.8965046062992126
0
LINE
8
BLACK
6
CONTINUOUS
10
0.7085568897637795
20
0.8965046062992126
11
0.7080220866141732
21
0.8960411811023622
0
LINE
8
BLACK
6
CONTINUOUS
10
0.7080220866141732
20
0.8960411811023622
11
0.7056983464566929
21
0.8943016141732283
0
LINE
8
BLACK
6
CONTINUOUS
10
0.7056983464566929
20
0.8943016141732283
11
0.7022485039370079
21
0.8896932283464567
0
LINE
8
BLACK
6
CONTINUOUS
10
0.7022485039370079
20
0.8896932283464567
11
0.7022484251968504
21
0.8896930314960629
0
LINE
8
BLACK
6
CONTINUOUS
10
0.7022484251968504
20
0.8896930314960629
11
0.7002366535433071
21
0.8842994094488189
0
LINE
8
BLACK
6
CONTINUOUS
10
0.7002366535433071
20
0.8842994094488189
11
0.7002365748031496
21
0.884299094488189
0
LINE
8
BLACK
6
CONTINUOUS
10
0.7002365748031496
20
0.884299094488189
11
0.69998031496063
21
0.8819153543307087
0
LINE
8
BLACK
6
CONTINUOUS
10
0.69998031496063
20
0.8819153543307087
11
0.69998031496063
21
0.81808468503937
0
LINE
8
BLACK
6
CONTINUOUS
10
0.69998031496063
20
0.81808468503937
11
0.7002365748031496
21
0.8157009448818897
0
LINE
8
BLACK
6
CONTINUOUS
10
0.7002365748031496
20
0.8157009448818897
11
0.7002366535433071
21
0.8157006299212598
0
LINE
8
BLACK
6
CONTINUOUS
10
0.7002366535433071
20
0.8157006299212598
11
0.7022484251968504
21
0.8103070078740158
0
LINE
8
BLACK
6
CONTINUOUS
10
0.7022484251968504
20
0.8103070078740158
11
0.7022485039370079
21
0.810306811023622
0
LINE
8
BLACK
6
CONTINUOUS
10
0.7022485039370079
20
0.810306811023622
11
0.7056983858267717
21
0.8056983858267717
0
LINE
8
BLACK
6
CONTINUOUS
10
0.7056983858267717
20
0.8056983858267717
11
0.7080056299212598
21
0.8039711417322835
0
LINE
8
BLACK
6
CONTINUOUS
10
0.7080056299212598
20
0.8039711417322835
11
0.7096806692913386
21
0.8017335039370078
0
LINE
8
BLACK
6
CONTINUOUS
10
0.7096806692913386
20
0.8017335039370078
11
0.7098800393700787
21
0.7989455118110236
0
LINE
8
BLACK
6
CONTINUOUS
10
0.7098800393700787
20
0.7989455118110236
11
0.7085404724409449
21
0.7964922834645669
0
LINE
8
BLACK
6
CONTINUOUS
10
0.7085404724409449
20
0.7964922834645669
11
0.7080056299212598
21
0.7960288582677165
0
LINE
8
BLACK
6
CONTINUOUS
10
0.7080056299212598
20
0.7960288582677165
11
0.7056983858267717
21
0.7943016535433071
0
LINE
8
BLACK
6
CONTINUOUS
10
0.7056983858267717
20
0.7943016535433071
11
0.7022485039370079
21
0.7896932283464567
0
LINE
8
BLACK
6
CONTINUOUS
10
0.7022485039370079
20
0.7896932283464567
11
0.7022484251968504
21
0.789693031496063
0
LINE
8
BLACK
6
CONTINUOUS
10
0.7022484251968504
20
0.789693031496063
11
0.7002366535433071
21
0.7842994094488189
0
LINE
8
BLACK
6
CONTINUOUS
10
0.7002366535433071
20
0.7842994094488189
11
0.7002365748031496
21
0.7842990944881889
0
LINE
8
BLACK
6
CONTINUOUS
10
0.7002365748031496
20
0.7842990944881889
11
0.69998031496063
21
0.7819153543307087
0
LINE
8
BLACK
6
CONTINUOUS
10
0.69998031496063
20
0.7819153543307087
11
0.69998031496063
21
0.7180846850393701
0
LINE
8
BLACK
6
CONTINUOUS
10
0.69998031496063
20
0.7180846850393701
11
0.7002365748031496
21
0.7157009448818897
0
LINE
8
BLACK
6
CONTINUOUS
10
0.7002365748031496
20
0.7157009448818897
11
0.7002366535433071
21
0.7157006299212598
0
LINE
8
BLACK
6
CONTINUOUS
10
0.7002366535433071
20
0.7157006299212598
11
0.7022484251968504
21
0.7103070078740157
0
LINE
8
BLACK
6
CONTINUOUS
10
0.7022484251968504
20
0.7103070078740157
11
0.7022485039370079
21
0.710306811023622
0
LINE
8
BLACK
6
CONTINUOUS
10
0.7022485039370079
20
0.710306811023622
11
0.7056983070866142
21
0.7056984645669291
0
LINE
8
BLACK
6
CONTINUOUS
10
0.7056983070866142
20
0.7056984645669291
11
0.7056983464566929
21
0.7056984645669291
0
LINE
8
BLACK
6
CONTINUOUS
10
0.7056983464566929
20
0.7056984645669291
11
0.7056983858267717
21
0.7056983858267717
0
LINE
8
BLACK
6
CONTINUOUS
10
0.7056983858267717
20
0.7056983858267717
11
0.70588
21
0.7055624409448819
0
LINE
8
BLACK
6
CONTINUOUS
10
0.70588
20
0.7055624409448819
11
0.7080220472440945
21
0.7039588976377953
0
LINE
8
BLACK
6
CONTINUOUS
10
0.7080220472440945
20
0.7039588976377953
11
0.7096970866141732
21
0.7017212598425197
0
LINE
8
BLACK
6
CONTINUOUS
10
0.7096970866141732
20
0.7017212598425197
11
0.7098964566929133
21
0.6989332283464567
0
LINE
8
BLACK
6
CONTINUOUS
10
0.7098964566929133
20
0.6989332283464567
11
0.7085568897637795
21
0.69648
0
LINE
8
BLACK
6
CONTINUOUS
10
0.7085568897637795
20
0.69648
11
0.7080220472440945
21
0.6960165748031496
0
LINE
8
BLACK
6
CONTINUOUS
10
0.7080220472440945
20
0.6960165748031496
11
0.7057124409448818
21
0.6942875984251968
0
LINE
8
BLACK
6
CONTINUOUS
10
0.7057124409448818
20
0.6942875984251968
11
0.7022659448818898
21
0.6896837007874016
0
LINE
8
BLACK
6
CONTINUOUS
10
0.7022659448818898
20
0.6896837007874016
11
0.7022659448818898
21
0.6896836614173228
0
LINE
8
BLACK
6
CONTINUOUS
10
0.7022659448818898
20
0.6896836614173228
11
0.7002561023622047
21
0.6842950393700787
0
LINE
8
BLACK
6
CONTINUOUS
10
0.7002561023622047
20
0.6842950393700787
11
0.7
21
0.6819133070866141
0
LINE
8
BLACK
6
CONTINUOUS
10
0.7
20
0.6819133070866141
11
0.7
21
0.66
0
LINE
8
BLACK
6
CONTINUOUS
10
0.7
20
0.66
11
0.72
21
0.66
0
LINE
8
BLACK
6
CONTINUOUS
10
0.72
20
0.66
11
0.72
21
0.6799999999999999
0
LINE
8
BLACK
6
CONTINUOUS
10
0.72
20
0.6799999999999999
11
0.78
21
0.6799999999999999
0
LINE
8
BLACK
6
CONTINUOUS
10
0.78
20
0.6799999999999999
11
0.78
21
0.66
0
LINE
8
BLACK
6
CONTINUOUS
10
0.78
20
0.66
11
0.82
21
0.66
0
LINE
8
BLACK
6
CONTINUOUS
10
0.82
20
0.66
11
0.82
21
0.6799999999999999
0
LINE
8
BLACK
6
CONTINUOUS
10
0.82
20
0.6799999999999999
11
0.88
21
0.6799999999999999
0
LINE
8
BLACK
6
CONTINUOUS
10
0.88
20
0.6799999999999999
11
0.88
21
0.66
0
LINE
8
BLACK
6
CONTINUOUS
10
0.88
20
0.66
11
0.9
21
0.66
0
LINE
8
BLACK
6
CONTINUOUS
10
0.9
20
0.66
11
0.9
21
0.6819128346456693
0
LINE
8
BLACK
6
CONTINUOUS
10
0.9
20
0.6819128346456693
11
0.8999999606299213
21
0.6819133070866141
0
LINE
8
BLACK
6
CONTINUOUS
10
0.8999999606299213
20
0.6819133070866141
11
0.8997438582677165
21
0.6842950393700787
0
LINE
8
BLACK
6
CONTINUOUS
10
0.8997438582677165
20
0.6842950393700787
11
0.8977340157480315
21
0.6896836614173228
0
LINE
8
BLACK
6
CONTINUOUS
10
0.8977340157480315
20
0.6896836614173228
11
0.8977340157480315
21
0.6896837007874016
0
LINE
8
BLACK
6
CONTINUOUS
10
0.8977340157480315
20
0.6896837007874016
11
0.8942875590551181
21
0.6942875984251968
0
LINE
8
BLACK
6
CONTINUOUS
10
0.8942875590551181
20
0.6942875984251968
11
0.8919779527559055
21
0.6960165354330708
0
LINE
8
BLACK
6
CONTINUOUS
10
0.8919779527559055
20
0.6960165354330708
11
0.890302874015748
21
0.6982541732283465
0
LINE
8
BLACK
6
CONTINUOUS
10
0.890302874015748
20
0.6982541732283465
11
0.8901035039370079
21
0.7010422047244095
0
LINE
8
BLACK
6
CONTINUOUS
10
0.8901035039370079
20
0.7010422047244095
11
0.8914430708661417
21
0.7034954330708661
0
LINE
8
BLACK
6
CONTINUOUS
10
0.8914430708661417
20
0.7034954330708661
11
0.8919779527559055
21
0.7039588976377953
0
LINE
8
BLACK
6
CONTINUOUS
10
0.8919779527559055
20
0.7039588976377953
11
0.8943016141732283
21
0.7056983858267717
0
LINE
8
BLACK
6
CONTINUOUS
10
0.8943016141732283
20
0.7056983858267717
11
0.8977514566929133
21
0.710306811023622
0
LINE
8
BLACK
6
CONTINUOUS
10
0.8977514566929133
20
0.710306811023622
11
0.8977514566929133
21
0.7103068503937008
0
LINE
8
BLACK
6
CONTINUOUS
10
0.8977514566929133
20
0.7103068503937008
11
0.8977515354330708
21
0.7103069291338583
0
LINE
8
BLACK
6
CONTINUOUS
10
0.8977515354330708
20
0.7103069291338583
11
0.8997633464566929
21
0.7157007480314961
0
LINE
8
BLACK
6
CONTINUOUS
10
0.8997633464566929
20
0.7157007480314961
11
0.8997795669291339
21
0.7158514173228346
0
LINE
8
BLACK
6
CONTINUOUS
10
0.8997795669291339
20
0.7158514173228346
11
0.9000196456692913
21
0.7180846850393701
0
LINE
8
BLACK
6
CONTINUOUS
10
0.9000196456692913
20
0.7180846850393701
11
0.90001968503937
21
0.7180853543307086
0
LINE
8
BLACK
6
CONTINUOUS
10
0.90001968503937
20
0.7180853543307086
11
0.90001968503937
21
0.78191468503937
0
LINE
8
BLACK
6
CONTINUOUS
10
0.90001968503937
20
0.78191468503937
11
0.9000196456692913
21
0.7819153543307087
0
LINE
8
BLACK
6
CONTINUOUS
10
0.9000196456692913
20
0.7819153543307087
11
0.8997633858267716
21
0.7842990944881889
0
LINE
8
BLACK
6
CONTINUOUS
10
0.8997633858267716
20
0.7842990944881889
11
0.8997633070866141
21
0.7842994094488189
0
LINE
8
BLACK
6
CONTINUOUS
10
0.8997633070866141
20
0.7842994094488189
11
0.8977515354330708
21
0.789693031496063
0
LINE
8
BLACK
6
CONTINUOUS
10
0.8977515354330708
20
0.789693031496063
11
0.8977514566929133
21
0.7896932283464567
0
LINE
8
BLACK
6
CONTINUOUS
10
0.8977514566929133
20
0.7896932283464567
11
0.8943016141732283
21
0.7943016535433071
0
LINE
8
BLACK
6
CONTINUOUS
10
0.8943016141732283
20
0.7943016535433071
11
0.8919943700787402
21
0.7960288188976378
0
LINE
8
BLACK
6
CONTINUOUS
10
0.8919943700787402
20
0.7960288188976378
11
0.8903192913385827
21
0.7982664566929134
0
LINE
8
BLACK
6
CONTINUOUS
10
0.8903192913385827
20
0.7982664566929134
11
0.8901199212598425
21
0.8010544881889764
0
LINE
8
BLACK
6
CONTINUOUS
10
0.8901199212598425
20
0.8010544881889764
11
0.8914594881889764
21
0.8035077165354331
0
LINE
8
BLACK
6
CONTINUOUS
10
0.8914594881889764
20
0.8035077165354331
11
0.8919943700787402
21
0.8039711811023622
0
LINE
8
BLACK
6
CONTINUOUS
10
0.8919943700787402
20
0.8039711811023622
11
0.8943016141732283
21
0.8056983858267717
0
LINE
8
BLACK
6
CONTINUOUS
10
0.8943016141732283
20
0.8056983858267717
11
0.8977514566929133
21
0.810306811023622
0
LINE
8
BLACK
6
CONTINUOUS
10
0.8977514566929133
20
0.810306811023622
11
0.8977514566929133
21
0.8103068503937008
0
LINE
8
BLACK
6
CONTINUOUS
10
0.8977514566929133
20
0.8103068503937008
11
0.8977515354330708
21
0.8103069291338583
0
LINE
8
BLACK
6
CONTINUOUS
10
0.8977515354330708
20
0.8103069291338583
11
0.8997633464566929
21
0.8157007480314961
0
LINE
8
BLACK
6
CONTINUOUS
10
0.8997633464566929
20
0.8157007480314961
11
0.90001968503937
21
0.8180851181102362
0
LINE
8
BLACK
6
CONTINUOUS
10
0.90001968503937
20
0.8180851181102362
11
0.90001968503937
21
0.8819148818897637
0
LINE
8
BLACK
6
CONTINUOUS
10
0.90001968503937
20
0.8819148818897637
11
0.9
21
0.8820979921259843
0
LINE
8
BLACK
6
CONTINUOUS
10
0.9
20
0.8820979921259843
11
0.8997633858267716
21
0.884299094488189
0
LINE
8
BLACK
6
CONTINUOUS
10
0.8997633858267716
20
0.884299094488189
11
0.8997633070866141
21
0.8842994094488189
0
LINE
8
BLACK
6
CONTINUOUS
10
0.8997633070866141
20
0.8842994094488189
11
0.8977515354330708
21
0.8896930314960629
0
LINE
8
BLACK
6
CONTINUOUS
10
0.8977515354330708
20
0.8896930314960629
11
0.8977514566929133
21
0.8896932283464567
0
LINE
8
BLACK
6
CONTINUOUS
10
0.8977514566929133
20
0.8896932283464567
11
0.8943015748031495
21
0.894301653543307
0
LINE
8
BLACK
6
CONTINUOUS
10
0.8943015748031495
20
0.894301653543307
11
0.8919779133858268
21
0.8960411811023622
0
LINE
8
BLACK
6
CONTINUOUS
10
0.8919779133858268
20
0.8960411811023622
11
0.890302874015748
21
0.8982788188976377
0
LINE
8
BLACK
6
CONTINUOUS
10
0.890302874015748
20
0.8982788188976377
11
0.8901035039370079
21
0.9010668503937007
0
LINE
8
BLACK
6
CONTINUOUS
10
0.8901035039370079
20
0.9010668503937007
11
0.8914430708661417
21
0.9035200393700787
0
LINE
8
BLACK
6
CONTINUOUS
10
0.8914430708661417
20
0.9035200393700787
11
0.8919779921259843
21
0.9039835433070866
0
LINE
8
BLACK
6
CONTINUOUS
10
0.8919779921259843
20
0.9039835433070866
11
0.8942875590551181
21
0.9057124803149607
0
LINE
8
BLACK
6
CONTINUOUS
10
0.8942875590551181
20
0.9057124803149607
11
0.8977340157480315
21
0.9103163385826771
0
LINE
8
BLACK
6
CONTINUOUS
10
0.8977340157480315
20
0.9103163385826771
11
0.8977340157480315
21
0.9103163779527559
0
LINE
8
BLACK
6
CONTINUOUS
10
0.8977340157480315
20
0.9103163779527559
11
0.8997438582677165
21
0.915705
0
LINE
8
BLACK
6
CONTINUOUS
10
0.8997438582677165
20
0.915705
11
0.8999999606299213
21
0.9180867322834645
0
LINE
8
BLACK
6
CONTINUOUS
10
0.8999999606299213
20
0.9180867322834645
11
0.9
21
0.9180872047244094
0
LINE
8
BLACK
6
CONTINUOUS
10
0.9
20
0.9180872047244094
11
0.9
21
0.9399999999999999
0
LINE
8
BLACK
6
CONTINUOUS
10
0.9
20
0.9399999999999999
11
0.88
21
0.9399999999999999
0
LINE
8
BLACK
6
CONTINUOUS
10
0.88
20
0.9399999999999999
11
0.88
21
0.9199999999999999
0
LINE
8
BLACK
6
CONTINUOUS
10
0.88
20
0.9199999999999999
11
0.82
21
0.9199999999999999
0
LINE
8
BLACK
6
CONTINUOUS
10
0.82
20
0.9199999999999999
11
0.82
21
0.9399999999999999
0
LINE
8
BLACK
6
CONTINUOUS
10
0.82
20
0.9399999999999999
11
0.78
21
0.9399999999999999
0
LINE
8
BLACK
6
CONTINUOUS
10
0.51
20
0.73
11
0.53
21
0.73
0
LINE
8
BLACK
6
CONTINUOUS
10
0.53
20
0.73
11
0.53
21
0.71
0
LINE
8
BLACK
6
CONTINUOUS
10
0.53
20
0.71
11
0.5499999999999999
21
0.71
0
LINE
8
BLACK
6
CONTINUOUS
10
0.5499999999999999
20
0.71
11
0.5499999999999999
21
0.7319128346456693
0
LINE
8
BLACK
6
CONTINUOUS
10
0.5499999999999999
20
0.7319128346456693
11
0.5499999606299213
21
0.7319133070866142
0
LINE
8
BLACK
6
CONTINUOUS
10
0.5499999606299213
20
0.7319133070866142
11
0.5497438582677165
21
0.7342950393700787
0
LINE
8
BLACK
6
CONTINUOUS
10
0.5497438582677165
20
0.7342950393700787
11
0.5477340157480315
21
0.7396836614173228
0
LINE
8
BLACK
6
CONTINUOUS
10
0.5477340157480315
20
0.7396836614173228
11
0.5477340157480315
21
0.7396837007874015
0
LINE
8
BLACK
6
CONTINUOUS
10
0.5477340157480315
20
0.7396837007874015
11
0.5442875590551181
21
0.7442875984251969
0
LINE
8
BLACK
6
CONTINUOUS
10
0.5442875590551181
20
0.7442875984251969
11
0.5396836614173228
21
0.7477340551181102
0
LINE
8
BLACK
6
CONTINUOUS
10
0.5396836614173228
20
0.7477340551181102
11
0.534295
21
0.7497438976377953
0
LINE
8
BLACK
6
CONTINUOUS
10
0.534295
20
0.7497438976377953
11
0.5319132677165355
21
0.75
0
LINE
8
BLACK
6
CONTINUOUS
10
0.5319132677165355
20
0.75
11
0.51
21
0.75
0
LINE
8
BLACK
6
CONTINUOUS
10
0.51
20
0.75
11
0.51
21
0.73
0
LINE
8
BLACK
6
CONTINUOUS
10
0.41
20
0.73
11
0.43
21
0.73
0
LINE
8
BLACK
6
CONTINUOUS
10
0.43
20
0.73
11
0.43
21
0.71
0
LINE
8
BLACK
6
CONTINUOUS
10
0.43
20
0.71
11
0.47
21
0.71
0
LINE
8
BLACK
6
CONTINUOUS
10
0.47
20
0.71
11
0.47
21
0.73
0
LINE
8
BLACK
6
CONTINUOUS
10
0.47
20
0.73
11
0.49
21
0.73
0
LINE
8
BLACK
6
CONTINUOUS
10
0.49
20
0.73
11
0.49
21
0.75
0
LINE
8
BLACK
6
CONTINUOUS
10
0.49
20
0.75
11
0.4680866929133858
21
0.75
0
LINE
8
BLACK
6
CONTINUOUS
10
0.4680866929133858
20
0.75
11
0.4657049606299212
21
0.7497438976377953
0
LINE
8
BLACK
6
CONTINUOUS
10
0.4657049606299212
20
0.7497438976377953
11
0.4603163385826772
21
0.7477340551181102
0
LINE
8
BLACK
6
CONTINUOUS
10
0.4603163385826772
20
0.7477340551181102
11
0.4603162992125984
21
0.7477340551181102
0
LINE
8
BLACK
6
CONTINUOUS
10
0.4603162992125984
20
0.7477340551181102
11
0.4557124803149606
21
0.7442876377952756
0
LINE
8
BLACK
6
CONTINUOUS
10
0.4557124803149606
20
0.7442876377952756
11
0.4539711811023622
21
0.7419615354330709
0
LINE
8
BLACK
6
CONTINUOUS
10
0.4539711811023622
20
0.7419615354330709
11
0.4517335039370078
21
0.7402864960629921
0
LINE
8
BLACK
6
CONTINUOUS
10
0.4517335039370078
20
0.7402864960629921
11
0.4489455118110236
21
0.740087125984252
0
LINE
8
BLACK
6
CONTINUOUS
10
0.4489455118110236
20
0.740087125984252
11
0.4464922834645669
21
0.7414266929133858
0
LINE
8
BLACK
6
CONTINUOUS
10
0.4464922834645669
20
0.7414266929133858
11
0.4460288188976378
21
0.7419615354330709
0
LINE
8
BLACK
6
CONTINUOUS
10
0.4460288188976378
20
0.7419615354330709
11
0.4442874803149606
21
0.7442876377952756
0
LINE
8
BLACK
6
CONTINUOUS
10
0.4442874803149606
20
0.7442876377952756
11
0.4396836614173228
21
0.7477340551181102
0
LINE
8
BLACK
6
CONTINUOUS
10
0.4396836614173228
20
0.7477340551181102
11
0.434295
21
0.7497438976377953
0
LINE
8
BLACK
6
CONTINUOUS
10
0.434295
20
0.7497438976377953
11
0.4319132677165354
21
0.75
0
LINE
8
BLACK
6
CONTINUOUS
10
0.4319132677165354
20
0.75
11
0.41
21
0.75
0
LINE
8
BLACK
6
CONTINUOUS
10
0.41
20
0.75
11
0.41
21
0.73
0
LINE
8
BLACK
6
CONTINUOUS
10
0.3657049606299212
20
0.7497438976377953
11
0.3603163385826771
21
0.7477340551181102
0
LINE
8
BLACK
6
CONTINUOUS
10
0.3603163385826771
20
0.7477340551181102
11
0.3603162992125984
21
0.7477340551181102
0
LINE
8
BLACK
6
CONTINUOUS
10
0.3603162992125984
20
0.7477340551181102
11
0.3557124015748032
21
0.7442875984251969
0
LINE
8
BLACK
6
CONTINUOUS
10
0.3557124015748032
20
0.7442875984251969
11
0.3522659448818898
21
0.7396837007874015
0
LINE
8
BLACK
6
CONTINUOUS
10
0.3522659448818898
20
0.7396837007874015
11
0.3522659448818898
21
0.7396836614173228
0
LINE
8
BLACK
6
CONTINUOUS
10
0.3522659448818898
20
0.7396836614173228
11
0.3502561023622047
21
0.7342950393700787
0
LINE
8
BLACK
6
CONTINUOUS
10
0.3502561023622047
20
0.7342950393700787
11
0.35
21
0.7319133070866142
0
LINE
8
BLACK
6
CONTINUOUS
10
0.35
20
0.7319133070866142
11
0.35
21
0.71
0
LINE
8
BLACK
6
CONTINUOUS
10
0.35
20
0.71
11
0.37
21
0.71
0
LINE
8
BLACK
6
CONTINUOUS
10
0.37
20
0.71
11
0.37
21
0.73
0
LINE
8
BLACK
6
CONTINUOUS
10
0.37
20
0.73
11
0.39
21
0.73
0
LINE
8
BLACK
6
CONTINUOUS
10
0.39
20
0.73
11
0.39
21
0.75
0
LINE
8
BLACK
6
CONTINUOUS
10
0.39
20
0.75
11
0.3680866929133858
21
0.75
0
LINE
8
BLACK
6
CONTINUOUS
10
0.3680866929133858
20
0.75
11
0.3657049606299212
21
0.7497438976377953
0
LINE
8
BLACK
6
CONTINUOUS
10
0.1438846850393701
20
0.9297426771653543
11
0.1453174803149606
21
0.9277705905511811
0
LINE
8
BLACK
6
CONTINUOUS
10
0.1453174803149606
20
0.9277705905511811
11
0.1491038188976378
21
0.9203394881889764
0
LINE
8
BLACK
6
CONTINUOUS
10
0.1491038188976378
20
0.9203394881889764
11
0.151681062992126
21
0.9124075196850393
0
LINE
8
BLACK
6
CONTINUOUS
10
0.151681062992126
20
0.9124075196850393
11
0.1529857480314961
21
0.9041700787401574
0
LINE
8
BLACK
6
CONTINUOUS
10
0.1529857480314961
20
0.9041700787401574
11
0.1529857480314961
21
0.8958299212598425
0
LINE
8
BLACK
6
CONTINUOUS
10
0.1529857480314961
20
0.8958299212598425
11
0.151681062992126
21
0.8875924803149606
0
LINE
8
BLACK
6
CONTINUOUS
10
0.151681062992126
20
0.8875924803149606
11
0.1491038188976378
21
0.8796605118110236
0
LINE
8
BLACK
6
CONTINUOUS
10
0.1491038188976378
20
0.8796605118110236
11
0.1453174803149606
21
0.8722294094488189
0
LINE
8
BLACK
6
CONTINUOUS
10
0.1453174803149606
20
0.8722294094488189
11
0.1438847244094488
21
0.8702574015748031
0
LINE
8
BLACK
6
CONTINUOUS
10
0.1438847244094488
20
0.8702574015748031
11
0.1583110236220472
21
0.8558311023622047
0
LINE
8
BLACK
6
CONTINUOUS
10
0.1583110236220472
20
0.8558311023622047
11
0.1609522834645669
21
0.8592732283464567
0
LINE
8
BLACK
6
CONTINUOUS
10
0.1609522834645669
20
0.8592732283464567
11
0.1657463779527559
21
0.8675768503937008
0
LINE
8
BLACK
6
CONTINUOUS
10
0.1657463779527559
20
0.8675768503937008
11
0.1657466141732283
21
0.8675772834645669
0
LINE
8
BLACK
6
CONTINUOUS
10
0.1657466141732283
20
0.8675772834645669
11
0.1694161811023622
21
0.8764364173228346
0
LINE
8
BLACK
6
CONTINUOUS
10
0.1694161811023622
20
0.8764364173228346
11
0.1708842519685039
21
0.8819153543307087
0
LINE
8
BLACK
6
CONTINUOUS
10
0.1708842519685039
20
0.8819153543307087
11
0.1712637401574803
21
0.8833316141732284
0
LINE
8
BLACK
6
CONTINUOUS
10
0.1712637401574803
20
0.8833316141732284
11
0.171898031496063
21
0.8856988976377953
0
LINE
8
BLACK
6
CONTINUOUS
10
0.171898031496063
20
0.8856988976377953
11
0.1731495669291339
21
0.8952054330708661
0
LINE
8
BLACK
6
CONTINUOUS
10
0.1731495669291339
20
0.8952054330708661
11
0.1731496062992126
21
0.8952057874015747
0
LINE
8
BLACK
6
CONTINUOUS
10
0.1731496062992126
20
0.8952057874015747
11
0.1731496062992126
21
0.9047942125984252
0
LINE
8
BLACK
6
CONTINUOUS
10
0.1731496062992126
20
0.9047942125984252
11
0.1731495669291339
21
0.9047946062992126
0
LINE
8
BLACK
6
CONTINUOUS
10
0.1731495669291339
20
0.9047946062992126
11
0.171898031496063
21
0.9143011811023621
0
LINE
8
BLACK
6
CONTINUOUS
10
0.171898031496063
20
0.9143011811023621
11
0.1694161811023622
21
0.9235636220472441
0
LINE
8
BLACK
6
CONTINUOUS
10
0.1694161811023622
20
0.9235636220472441
11
0.1657466141732283
21
0.9324227559055118
0
LINE
8
BLACK
6
CONTINUOUS
10
0.1657466141732283
20
0.9324227559055118
11
0.1657463779527559
21
0.9324231889763779
0
LINE
8
BLACK
6
CONTINUOUS
10
0.1657463779527559
20
0.9324231889763779
11
0.1609522834645669
21
0.9407268503937007
0
LINE
8
BLACK
6
CONTINUOUS
10
0.1609522834645669
20
0.9407268503937007
11
0.1609520866141732
21
0.9407271259842519
0
LINE
8
BLACK
6
CONTINUOUS
10
0.1609520866141732
20
0.9407271259842519
11
0.1583110236220472
21
0.9441689763779527
0
LINE
8
BLACK
6
CONTINUOUS
10
0.1583110236220472
20
0.9441689763779527
11
0.1438846850393701
21
0.9297426771653543
0
LINE
8
BLACK
6
CONTINUOUS
10
-0.1143011811023622
20
0.9718980708661417
11
-0.1235636220472441
21
0.9694162204724409
0
LINE
8
BLACK
6
CONTINUOUS
10
-0.1235636220472441
20
0.9694162204724409
11
-0.1324227559055118
21
0.965746653543307
0
LINE
8
BLACK
6
CONTINUOUS
10
-0.1324227559055118
20
0.965746653543307
11
-0.1324231889763779
21
0.9657464173228346
0
LINE
8
BLACK
6
CONTINUOUS
10
-0.1324231889763779
20
0.9657464173228346
11
-0.1407268503937008
21
0.9609523228346456
0
LINE
8
BLACK
6
CONTINUOUS
10
-0.1407268503937008
20
0.9609523228346456
11
-0.1441689763779528
21
0.9583111023622047
0
LINE
8
BLACK
6
CONTINUOUS
10
-0.1441689763779528
20
0.9583111023622047
11
-0.1297426377952756
21
0.9438847637795276
0
LINE
8
BLACK
6
CONTINUOUS
10
-0.1297426377952756
20
0.9438847637795276
11
-0.1277705905511811
21
0.9453174803149607
0
LINE
8
BLACK
6
CONTINUOUS
10
-0.1277705905511811
20
0.9453174803149607
11
-0.1203394881889764
21
0.9491038188976377
0
LINE
8
BLACK
6
CONTINUOUS
10
-0.1203394881889764
20
0.9491038188976377
11
-0.1124075196850394
21
0.951681062992126
0
LINE
8
BLACK
6
CONTINUOUS
10
-0.1124075196850394
20
0.951681062992126
11
-0.1041700787401575
21
0.952985748031496
0
LINE
8
BLACK
6
CONTINUOUS
10
-0.1041700787401575
20
0.952985748031496
11
-0.0958299212598425
21
0.952985748031496
0
LINE
8
BLACK
6
CONTINUOUS
10
-0.0958299212598425
20
0.952985748031496
11
-0.0875924803149606
21
0.951681062992126
0
LINE
8
BLACK
6
CONTINUOUS
10
-0.0875924803149606
20
0.951681062992126
11
-0.0796605118110236
21
0.9491038188976377
0
LINE
8
BLACK
6
CONTINUOUS
10
-0.0796605118110236
20
0.9491038188976377
11
-0.0722294094488189
21
0.9453174803149607
0
LINE
8
BLACK
6
CONTINUOUS
10
-0.0722294094488189
20
0.9453174803149607
11
-0.0702574409448819
21
0.9438847637795276
0
LINE
8
BLACK
6
CONTINUOUS
10
-0.0702574409448819
20
0.9438847637795276
11
-0.0558311023622047
21
0.958311062992126
0
LINE
8
BLACK
6
CONTINUOUS
10
-0.0558311023622047
20
0.958311062992126
11
-0.0558311417322835
21
0.9583111417322835
0
LINE
8
BLACK
6
CONTINUOUS
10
-0.0558311417322835
20
0.9583111417322835
11
-0.0592729527559055
21
0.9609521653543307
0
LINE
8
BLACK
6
CONTINUOUS
10
-0.0592729527559055
20
0.9609521653543307
11
-0.0592731889763779
21
0.9609523228346456
0
LINE
8
BLACK
6
CONTINUOUS
10
-0.0592731889763779
20
0.9609523228346456
11
-0.0675768503937008
21
0.9657464173228346
0
LINE
8
BLACK
6
CONTINUOUS
10
-0.0675768503937008
20
0.9657464173228346
11
-0.0675772834645669
21
0.965746653543307
0
LINE
8
BLACK
6
CONTINUOUS
10
-0.0675772834645669
20
0.965746653543307
11
-0.0764364173228346
21
0.9694162204724409
0
LINE
8
BLACK
6
CONTINUOUS
10
-0.0764364173228346
20
0.9694162204724409
11
-0.0856988582677165
21
0.9718980708661417
0
LINE
8
BLACK
6
CONTINUOUS
10
-0.0856988582677165
20
0.9718980708661417
11
-0.0952054330708661
21
0.9731496062992125
0
LINE
8
BLACK
6
CONTINUOUS
10
-0.0952054330708661
20
0.9731496062992125
11
-0.1047946062992126
21
0.9731496062992125
0
LINE
8
BLACK
6
CONTINUOUS
10
-0.1047946062992126
20
0.9731496062992125
11
-0.1143011811023622
21
0.9718980708661417
0
LINE
8
BLACK
6
CONTINUOUS
10
0.0856988188976378
20
0.9718980708661417
11
0.0764363779527559
21
0.9694162204724409
0
LINE
8
BLACK
6
CONTINUOUS
10
0.0764363779527559
20
0.9694162204724409
11
0.0675772440944882
21
0.965746653543307
0
LINE
8
BLACK
6
CONTINUOUS
10
0.0675772440944882
20
0.965746653543307
11
0.067576811023622
21
0.9657464173228346
0
LINE
8
BLACK
6
CONTINUOUS
10
0.067576811023622
20
0.9657464173228346
11
0.0592731496062992
21
0.9609523228346456
0
LINE
8
BLACK
6
CONTINUOUS
10
0.0592731496062992
20
0.9609523228346456
11
0.0558310236220472
21
0.9583111023622047
0
LINE
8
BLACK
6
CONTINUOUS
10
0.0558310236220472
20
0.9583111023622047
11
0.0702573622047244
21
0.9438847637795276
0
LINE
8
BLACK
6
CONTINUOUS
10
0.0702573622047244
20
0.9438847637795276
11
0.0722294094488189
21
0.9453174803149607
0
LINE
8
BLACK
6
CONTINUOUS
10
0.0722294094488189
20
0.9453174803149607
11
0.0796605118110236
21
0.9491038188976377
0
LINE
8
BLACK
6
CONTINUOUS
10
0.0796605118110236
20
0.9491038188976377
11
0.0875924803149606
21
0.951681062992126
0
LINE
8
BLACK
6
CONTINUOUS
10
0.0875924803149606
20
0.951681062992126
11
0.0958299212598425
21
0.952985748031496
0
LINE
8
BLACK
6
CONTINUOUS
10
0.0958299212598425
20
0.952985748031496
11
0.1041700787401575
21
0.952985748031496
0
LINE
8
BLACK
6
CONTINUOUS
10
0.1041700787401575
20
0.952985748031496
11
0.1124075196850394
21
0.951681062992126
0
LINE
8
BLACK
6
CONTINUOUS
10
0.1124075196850394
20
0.951681062992126
11
0.1203394881889764
21
0.9491038188976377
0
LINE
8
BLACK
6
CONTINUOUS
10
0.1203394881889764
20
0.9491038188976377
11
0.1277705905511811
21
0.9453174803149607
0
LINE
8
BLACK
6
CONTINUOUS
10
0.1277705905511811
20
0.9453174803149607
11
0.1297425590551181
21
0.9438847637795276
0
LINE
8
BLACK
6
CONTINUOUS
10
0.1297425590551181
20
0.9438847637795276
11
0.1441688976377953
21
0.958311062992126
0
LINE
8
BLACK
6
CONTINUOUS
10
0.1441688976377953
20
0.958311062992126
11
0.1441688582677165
21
0.9583111417322835
0
LINE
8
BLACK
6
CONTINUOUS
10
0.1441688582677165
20
0.9583111417322835
11
0.1407270472440945
21
0.9609521653543307
0
LINE
8
BLACK
6
CONTINUOUS
10
0.1407270472440945
20
0.9609521653543307
11
0.1407268110236221
21
0.9609523228346456
0
LINE
8
BLACK
6
CONTINUOUS
10
0.1407268110236221
20
0.9609523228346456
11
0.1324231496062992
21
0.9657464173228346
0
LINE
8
BLACK
6
CONTINUOUS
10
0.1324231496062992
20
0.9657464173228346
11
0.1324227165354331
21
0.965746653543307
0
LINE
8
BLACK
6
CONTINUOUS
10
0.1324227165354331
20
0.965746653543307
11
0.1235635826771654
21
0.9694162204724409
0
LINE
8
BLACK
6
CONTINUOUS
10
0.1235635826771654
20
0.9694162204724409
11
0.1143011417322835
21
0.9718980708661417
0
LINE
8
BLACK
6
CONTINUOUS
10
0.1143011417322835
20
0.9718980708661417
11
0.1047945669291339
21
0.9731496062992125
0
LINE
8
BLACK
6
CONTINUOUS
10
0.1047945669291339
20
0.9731496062992125
11
0.0952053937007874
21
0.9731496062992125
0
LINE
8
BLACK
6
CONTINUOUS
10
0.0952053937007874
20
0.9731496062992125
11
0.0856988188976378
21
0.9718980708661417
0
LINE
8
BLACK
6
CONTINUOUS
10
0.86
20
0.98
11
0.88
21
0.98
0
LINE
8
BLACK
6
CONTINUOUS
10
0.88
20
0.98
11
0.88
21
0.96
0
LINE
8
BLACK
6
CONTINUOUS
10
0.88
20
0.96
11
0.9
21
0.96
0
LINE
8
BLACK
6
CONTINUOUS
10
0.9
20
0.96
11
0.9
21
0.9819128346456693
0
LINE
8
BLACK
6
CONTINUOUS
10
0.9
20
0.9819128346456693
11
0.8999999606299213
21
0.9819133070866142
0
LINE
8
BLACK
6
CONTINUOUS
10
0.8999999606299213
20
0.9819133070866142
11
0.8997438582677165
21
0.9842950393700787
0
LINE
8
BLACK
6
CONTINUOUS
10
0.8997438582677165
20
0.9842950393700787
11
0.8977340157480315
21
0.9896836614173228
0
LINE
8
BLACK
6
CONTINUOUS
10
0.8977340157480315
20
0.9896836614173228
11
0.8977340157480315
21
0.9896837007874015
0
LINE
8
BLACK
6
CONTINUOUS
10
0.8977340157480315
20
0.9896837007874015
11
0.8942875590551181
21
0.9942875984251969
0
LINE
8
BLACK
6
CONTINUOUS
10
0.8942875590551181
20
0.9942875984251969
11
0.8896836614173228
21
0.9977340551181102
0
LINE
8
BLACK
6
CONTINUOUS
10
0.8896836614173228
20
0.9977340551181102
11
0.8842949999999999
21
0.9997438976377953
0
LINE
8
BLACK
6
CONTINUOUS
10
0.8842949999999999
20
0.9997438976377953
11
0.8819132677165354
21
1.
0
LINE
8
BLACK
6
CONTINUOUS
10
0.8819132677165354
20
1.
11
0.86
21
1.
0
LINE
8
BLACK
6
CONTINUOUS
10
0.86
20
1.
11
0.86
21
0.98
0
LINE
8
BLACK
6
CONTINUOUS
10
0.76
20
0.98
11
0.78
21
0.98
0
LINE
8
BLACK
6
CONTINUOUS
10
0.78
20
0.98
11
0.78
21
0.96
0
LINE
8
BLACK
6
CONTINUOUS
10
0.78
20
0.96
11
0.82
21
0.96
0
LINE
8
BLACK
6
CONTINUOUS
10
0.82
20
0.96
11
0.82
21
0.98
0
LINE
8
BLACK
6
CONTINUOUS
10
0.82
20
0.98
11
0.84
21
0.98
0
LINE
8
BLACK
6
CONTINUOUS
10
0.84
20
0.98
11
0.84
21
1.
0
LINE
8
BLACK
6
CONTINUOUS
10
0.84
20
1.
11
0.8180866929133858
21
1.
0
LINE
8
BLACK
6
CONTINUOUS
10
0.8180866929133858
20
1.
11
0.8157049606299213
21
0.9997438976377953
0
LINE
8
BLACK
6
CONTINUOUS
10
0.8157049606299213
20
0.9997438976377953
11
0.8103163385826772
21
0.9977340551181102
0
LINE
8
BLACK
6
CONTINUOUS
10
0.8103163385826772
20
0.9977340551181102
11
0.8103162992125984
21
0.9977340551181102
0
LINE
8
BLACK
6
CONTINUOUS
10
0.8103162992125984
20
0.9977340551181102
11
0.8057124803149606
21
0.9942876377952755
0
LINE
8
BLACK
6
CONTINUOUS
10
0.8057124803149606
20
0.9942876377952755
11
0.8039711811023622
21
0.9919615354330709
0
LINE
8
BLACK
6
CONTINUOUS
10
0.8039711811023622
20
0.9919615354330709
11
0.8017335039370078
21
0.9902864960629921
0
LINE
8
BLACK
6
CONTINUOUS
10
0.8017335039370078
20
0.9902864960629921
11
0.7989455118110236
21
0.990087125984252
0
LINE
8
BLACK
6
CONTINUOUS
10
0.7989455118110236
20
0.990087125984252
11
0.7964922834645669
21
0.9914266929133858
0
LINE
8
BLACK
6
CONTINUOUS
10
0.7964922834645669
20
0.9914266929133858
11
0.7960288188976378
21
0.9919615354330709
0
LINE
8
BLACK
6
CONTINUOUS
10
0.7960288188976378
20
0.9919615354330709
11
0.7942874803149607
21
0.9942876377952755
0
LINE
8
BLACK
6
CONTINUOUS
10
0.7942874803149607
20
0.9942876377952755
11
0.7896836614173228
21
0.9977340551181102
0
LINE
8
BLACK
6
CONTINUOUS
10
0.7896836614173228
20
0.9977340551181102
11
0.784295
21
0.9997438976377953
0
LINE
8
BLACK
6
CONTINUOUS
10
0.784295
20
0.9997438976377953
11
0.7819132677165355
21
1.
0
LINE
8
BLACK
6
CONTINUOUS
10
0.7819132677165355
20
1.
11
0.76
21
1.
0
LINE
8
BLACK
6
CONTINUOUS
10
0.76
20
1.
11
0.76
21
0.98
0
LINE
8
BLACK
6
CONTINUOUS
10
0.7157049606299213
20
0.9997438976377953
11
0.7103163385826772
21
0.9977340551181102
0
LINE
8
BLACK
6
CONTINUOUS
10
0.7103163385826772
20
0.9977340551181102
11
0.7103162992125984
21
0.9977340551181102
0
LINE
8
BLACK
6
CONTINUOUS
10
0.7103162992125984
20
0.9977340551181102
11
0.7057124015748031
21
0.9942875984251969
0
LINE
8
BLACK
6
CONTINUOUS
10
0.7057124015748031
20
0.9942875984251969
11
0.7022659448818898
21
0.9896837007874015
0
LINE
8
BLACK
6
CONTINUOUS
10
0.7022659448818898
20
0.9896837007874015
11
0.7022659448818898
21
0.9896836614173228
0
LINE
8
BLACK
6
CONTINUOUS
10
0.7022659448818898
20
0.9896836614173228
11
0.7002561023622047
21
0.9842950393700787
0
LINE
8
BLACK
6
CONTINUOUS
10
0.7002561023622047
20
0.9842950393700787
11
0.7
21
0.9819133070866142
0
LINE
8
BLACK
6
CONTINUOUS
10
0.7
20
0.9819133070866142
11
0.7
21
0.96
0
LINE
8
BLACK
6
CONTINUOUS
10
0.7
20
0.96
11
0.72
21
0.96
0
LINE
8
BLACK
6
CONTINUOUS
10
0.72
20
0.96
11
0.72
21
0.98
0
LINE
8
BLACK
6
CONTINUOUS
10
0.72
20
0.98
11
0.74
21
0.98
0
LINE
8
BLACK
6
CONTINUOUS
10
0.74
20
0.98
11
0.74
21
1.
0
LINE
8
BLACK
6
CONTINUOUS
10
0.74
20
1.
11
0.7180866929133858
21
1.
0
LINE
8
BLACK
6
CONTINUOUS
10
0.7180866929133858
20
1.
11
0.7157049606299213
21
0.9997438976377953
0
LINE
8
BLACK
6
CONTINUOUS
10
0.3277705905511811
20
1.0546825196850393
11
0.3203394881889764
21
1.0508961811023623
0
LINE
8
BLACK
6
CONTINUOUS
10
0.3203394881889764
20
1.0508961811023623
11
0.3124075196850394
21
1.048318937007874
0
LINE
8
BLACK
6
CONTINUOUS
10
0.3124075196850394
20
1.048318937007874
11
0.3041700787401574
21
1.047014251968504
0
LINE
8
BLACK
6
CONTINUOUS
10
0.3041700787401574
20
1.047014251968504
11
0.2958299212598425
21
1.047014251968504
0
LINE
8
BLACK
6
CONTINUOUS
10
0.2958299212598425
20
1.047014251968504
11
0.2875924803149606
21
1.048318937007874
0
LINE
8
BLACK
6
CONTINUOUS
10
0.2875924803149606
20
1.048318937007874
11
0.2796605118110236
21
1.0508961811023623
0
LINE
8
BLACK
6
CONTINUOUS
10
0.2796605118110236
20
1.0508961811023623
11
0.2722294094488189
21
1.0546825196850393
0
LINE
8
BLACK
6
CONTINUOUS
10
0.2722294094488189
20
1.0546825196850393
11
0.2702573228346457
21
1.0561153149606299
0
LINE
8
BLACK
6
CONTINUOUS
10
0.2702573228346457
20
1.0561153149606299
11
0.2558310236220472
21
1.0416889763779527
0
LINE
8
BLACK
6
CONTINUOUS
10
0.2558310236220472
20
1.0416889763779527
11
0.2558310236220472
21
1.0416889370078739
0
LINE
8
BLACK
6
CONTINUOUS
10
0.2558310236220472
20
1.0416889370078739
11
0.259272874015748
21
1.0390479133858268
0
LINE
8
BLACK
6
CONTINUOUS
10
0.259272874015748
20
1.0390479133858268
11
0.2592731496062992
21
1.039047716535433
0
LINE
8
BLACK
6
CONTINUOUS
10
0.2592731496062992
20
1.039047716535433
11
0.267576811023622
21
1.034253622047244
0
LINE
8
BLACK
6
CONTINUOUS
10
0.267576811023622
20
1.034253622047244
11
0.2675772440944882
21
1.0342533858267717
0
LINE
8
BLACK
6
CONTINUOUS
10
0.2675772440944882
20
1.0342533858267717
11
0.2764363779527559
21
1.0305838188976377
0
LINE
8
BLACK
6
CONTINUOUS
10
0.2764363779527559
20
1.0305838188976377
11
0.2856988188976378
21
1.028101968503937
0
LINE
8
BLACK
6
CONTINUOUS
10
0.2856988188976378
20
1.028101968503937
11
0.2952053937007874
21
1.0268504330708661
0
LINE
8
BLACK
6
CONTINUOUS
10
0.2952053937007874
20
1.0268504330708661
11
0.2952057874015748
21
1.0268503937007873
0
LINE
8
BLACK
6
CONTINUOUS
10
0.2952057874015748
20
1.0268503937007873
11
0.3047942125984252
21
1.0268503937007873
0
LINE
8
BLACK
6
CONTINUOUS
10
0.3047942125984252
20
1.0268503937007873
11
0.3047945669291339
21
1.0268504330708661
0
LINE
8
BLACK
6
CONTINUOUS
10
0.3047945669291339
20
1.0268504330708661
11
0.3143011417322835
21
1.028101968503937
0
LINE
8
BLACK
6
CONTINUOUS
10
0.3143011417322835
20
1.028101968503937
11
0.3235635826771653
21
1.0305838188976377
0
LINE
8
BLACK
6
CONTINUOUS
10
0.3235635826771653
20
1.0305838188976377
11
0.332422716535433
21
1.0342533858267717
0
LINE
8
BLACK
6
CONTINUOUS
10
0.332422716535433
20
1.0342533858267717
11
0.3324231496062992
21
1.034253622047244
0
LINE
8
BLACK
6
CONTINUOUS
10
0.3324231496062992
20
1.034253622047244
11
0.3407267716535433
21
1.039047716535433
0
LINE
8
BLACK
6
CONTINUOUS
10
0.3407267716535433
20
1.039047716535433
11
0.3441688976377953
21
1.0416889763779527
0
LINE
8
BLACK
6
CONTINUOUS
10
0.3441688976377953
20
1.0416889763779527
11
0.3297425984251968
21
1.0561153149606299
0
LINE
8
BLACK
6
CONTINUOUS
10
0.3297425984251968
20
1.0561153149606299
11
0.3277705905511811
21
1.0546825196850393
0
LINE
8
BLACK
6
CONTINUOUS
10
0.5277705905511811
20
1.0546825196850393
11
0.5203394881889764
21
1.0508961811023623
0
LINE
8
BLACK
6
CONTINUOUS
10
0.5203394881889764
20
1.0508961811023623
11
0.5124075196850394
21
1.048318937007874
0
LINE
8
BLACK
6
CONTINUOUS
10
0.5124075196850394
20
1.048318937007874
11
0.5041700787401575
21
1.047014251968504
0
LINE
8
BLACK
6
CONTINUOUS
10
0.5041700787401575
20
1.047014251968504
11
0.4958299212598425
21
1.047014251968504
0
LINE
8
BLACK
6
CONTINUOUS
10
0.4958299212598425
20
1.047014251968504
11
0.4875924803149606
21
1.048318937007874
0
LINE
8
BLACK
6
CONTINUOUS
10
0.4875924803149606
20
1.048318937007874
11
0.4796605118110236
21
1.0508961811023623
0
LINE
8
BLACK
6
CONTINUOUS
10
0.4796605118110236
20
1.0508961811023623
11
0.4722294094488189
21
1.0546825196850393
0
LINE
8
BLACK
6
CONTINUOUS
10
0.4722294094488189
20
1.0546825196850393
11
0.4702573228346457
21
1.0561153149606299
0
LINE
8
BLACK
6
CONTINUOUS
10
0.4702573228346457
20
1.0561153149606299
11
0.4558310236220472
21
1.0416889763779527
0
LINE
8
BLACK
6
CONTINUOUS
10
0.4558310236220472
20
1.0416889763779527
11
0.4558310236220472
21
1.0416889370078739
0
LINE
8
BLACK
6
CONTINUOUS
10
0.4558310236220472
20
1.0416889370078739
11
0.459272874015748
21
1.0390479133858268
0
LINE
8
BLACK
6
CONTINUOUS
10
0.459272874015748
20
1.0390479133858268
11
0.4592731496062992
21
1.039047716535433
0
LINE
8
BLACK
6
CONTINUOUS
10
0.4592731496062992
20
1.039047716535433
11
0.467576811023622
21
1.034253622047244
0
LINE
8
BLACK
6
CONTINUOUS
10
0.467576811023622
20
1.034253622047244
11
0.4675772440944882
21
1.0342533858267717
0
LINE
8
BLACK
6
CONTINUOUS
10
0.4675772440944882
20
1.0342533858267717
11
0.4764363779527559
21
1.0305838188976377
0
LINE
8
BLACK
6
CONTINUOUS
10
0.4764363779527559
20
1.0305838188976377
11
0.4856988188976378
21
1.028101968503937
0
LINE
8
BLACK
6
CONTINUOUS
10
0.4856988188976378
20
1.028101968503937
11
0.4952053937007874
21
1.0268504330708661
0
LINE
8
BLACK
6
CONTINUOUS
10
0.4952053937007874
20
1.0268504330708661
11
0.4952057874015748
21
1.0268503937007873
0
LINE
8
BLACK
6
CONTINUOUS
10
0.4952057874015748
20
1.0268503937007873
11
0.5047942125984252
21
1.0268503937007873
0
LINE
8
BLACK
6
CONTINUOUS
10
0.5047942125984252
20
1.0268503937007873
11
0.5047945669291338
21
1.0268504330708661
0
LINE
8
BLACK
6
CONTINUOUS
10
0.5047945669291338
20
1.0268504330708661
11
0.5143011417322835
21
1.028101968503937
0
LINE
8
BLACK
6
CONTINUOUS
10
0.5143011417322835
20
1.028101968503937
11
0.5235635826771653
21
1.0305838188976377
0
LINE
8
BLACK
6
CONTINUOUS
10
0.5235635826771653
20
1.0305838188976377
11
0.532422716535433
21
1.0342533858267717
0
LINE
8
BLACK
6
CONTINUOUS
10
0.532422716535433
20
1.0342533858267717
11
0.5324231496062992
21
1.034253622047244
0
LINE
8
BLACK
6
CONTINUOUS
10
0.5324231496062992
20
1.034253622047244
11
0.5407267716535433
21
1.039047716535433
0
LINE
8
BLACK
6
CONTINUOUS
10
0.5407267716535433
20
1.039047716535433
11
0.5441688976377953
21
1.0416889763779527
0
LINE
8
BLACK
6
CONTINUOUS
10
0.5441688976377953
20
1.0416889763779527
11
0.5297425984251969
21
1.0561153149606299
0
LINE
8
BLACK
6
CONTINUOUS
10
0.5297425984251969
20
1.0561153149606299
11
0.5277705905511811
21
1.0546825196850393
0
LINE
8
BLACK
6
CONTINUOUS
10
0.2390476771653543
20
1.1407268503937007
11
0.2342535826771653
21
1.1324231889763778
0
LINE
8
BLACK
6
CONTINUOUS
10
0.2342535826771653
20
1.1324231889763778
11
0.2342533464566929
21
1.1324227559055118
0
LINE
8
BLACK
6
CONTINUOUS
10
0.2342533464566929
20
1.1324227559055118
11
0.230583779527559
21
1.123563622047244
0
LINE
8
BLACK
6
CONTINUOUS
10
0.230583779527559
20
1.123563622047244
11
0.2281019291338583
21
1.1143011811023622
0
LINE
8
BLACK
6
CONTINUOUS
10
0.2281019291338583
20
1.1143011811023622
11
0.2268503937007874
21
1.1047946062992127
0
LINE
8
BLACK
6
CONTINUOUS
10
0.2268503937007874
20
1.1047946062992127
11
0.2268503937007874
21
1.095205433070866
0
LINE
8
BLACK
6
CONTINUOUS
10
0.2268503937007874
20
1.095205433070866
11
0.2281019291338583
21
1.0856988582677165
0
LINE
8
BLACK
6
CONTINUOUS
10
0.2281019291338583
20
1.0856988582677165
11
0.230583779527559
21
1.0764364173228347
0
LINE
8
BLACK
6
CONTINUOUS
10
0.230583779527559
20
1.0764364173228347
11
0.2342533464566929
21
1.0675772834645669
0
LINE
8
BLACK
6
CONTINUOUS
10
0.2342533464566929
20
1.0675772834645669
11
0.2342535826771653
21
1.0675768503937009
0
LINE
8
BLACK
6
CONTINUOUS
10
0.2342535826771653
20
1.0675768503937009
11
0.2390476771653543
21
1.059273188976378
0
LINE
8
BLACK
6
CONTINUOUS
10
0.2390476771653543
20
1.059273188976378
11
0.2390478346456693
21
1.0592729527559055
0
LINE
8
BLACK
6
CONTINUOUS
10
0.2390478346456693
20
1.0592729527559055
11
0.2416888582677165
21
1.0558311417322834
0
LINE
8
BLACK
6
CONTINUOUS
10
0.2416888582677165
20
1.0558311417322834
11
0.241688937007874
21
1.0558311023622047
0
LINE
8
BLACK
6
CONTINUOUS
10
0.241688937007874
20
1.0558311023622047
11
0.2561152362204724
21
1.070257440944882
0
LINE
8
BLACK
6
CONTINUOUS
10
0.2561152362204724
20
1.070257440944882
11
0.2546825196850394
21
1.0722294094488189
0
LINE
8
BLACK
6
CONTINUOUS
10
0.2546825196850394
20
1.0722294094488189
11
0.2508961811023622
21
1.0796605118110236
0
LINE
8
BLACK
6
CONTINUOUS
10
0.2508961811023622
20
1.0796605118110236
11
0.248318937007874
21
1.0875924803149606
0
LINE
8
BLACK
6
CONTINUOUS
10
0.248318937007874
20
1.0875924803149606
11
0.2470142519685039
21
1.0958299212598426
0
LINE
8
BLACK
6
CONTINUOUS
10
0.2470142519685039
20
1.0958299212598426
11
0.2470142519685039
21
1.1041700787401574
0
LINE
8
BLACK
6
CONTINUOUS
10
0.2470142519685039
20
1.1041700787401574
11
0.248318937007874
21
1.1124075196850394
0
LINE
8
BLACK
6
CONTINUOUS
10
0.248318937007874
20
1.1124075196850394
11
0.2508961811023622
21
1.1203394881889763
0
LINE
8
BLACK
6
CONTINUOUS
10
0.2508961811023622
20
1.1203394881889763
11
0.2546825196850394
21
1.127770590551181
0
LINE
8
BLACK
6
CONTINUOUS
10
0.2546825196850394
20
1.127770590551181
11
0.2561152362204724
21
1.1297426377952755
0
LINE
8
BLACK
6
CONTINUOUS
10
0.2561152362204724
20
1.1297426377952755
11
0.2416888976377953
21
1.1441689763779528
0
LINE
8
BLACK
6
CONTINUOUS
10
0.2416888976377953
20
1.1441689763779528
11
0.2390476771653543
21
1.1407268503937007
0
LINE
8
BLACK
6
CONTINUOUS
10
0.4390476771653543
20
1.3407268503937007
11
0.4342535826771654
21
1.332423188976378
0
LINE
8
BLACK
6
CONTINUOUS
10
0.4342535826771654
20
1.332423188976378
11
0.4342533464566929
21
1.3324227559055117
0
LINE
8
BLACK
6
CONTINUOUS
10
0.4342533464566929
20
1.3324227559055117
11
0.4305837795275591
21
1.323563622047244
0
LINE
8
BLACK
6
CONTINUOUS
10
0.4305837795275591
20
1.323563622047244
11
0.4281019291338582
21
1.3143011811023622
0
LINE
8
BLACK
6
CONTINUOUS
10
0.4281019291338582
20
1.3143011811023622
11
0.4268503937007874
21
1.3047946062992126
0
LINE
8
BLACK
6
CONTINUOUS
10
0.4268503937007874
20
1.3047946062992126
11
0.4268503937007874
21
1.2952054330708662
0
LINE
8
BLACK
6
CONTINUOUS
10
0.4268503937007874
20
1.2952054330708662
11
0.4281019291338582
21
1.2856988582677165
0
LINE
8
BLACK
6
CONTINUOUS
10
0.4281019291338582
20
1.2856988582677165
11
0.4305837795275591
21
1.2764364173228346
0
LINE
8
BLACK
6
CONTINUOUS
10
0.4305837795275591
20
1.2764364173228346
11
0.433084842519685
21
1.2703983070866141
0
LINE
8
BLACK
6
CONTINUOUS
10
0.433084842519685
20
1.2703983070866141
11
0.4333836220472441
21
1.2676191732283464
0
LINE
8
BLACK
6
CONTINUOUS
10
0.4333836220472441
20
1.2676191732283464
11
0.4321324803149606
21
1.26511968503937
0
LINE
8
BLACK
6
CONTINUOUS
10
0.4321324803149606
20
1.26511968503937
11
0.4297285826771653
21
1.2636934251968504
0
LINE
8
BLACK
6
CONTINUOUS
10
0.4297285826771653
20
1.2636934251968504
11
0.4269352362204724
21
1.2637931889763778
0
LINE
8
BLACK
6
CONTINUOUS
10
0.4269352362204724
20
1.2637931889763778
11
0.4266041338582677
21
1.2639166929133858
0
LINE
8
BLACK
6
CONTINUOUS
10
0.4266041338582677
20
1.2639166929133858
11
0.4223017322834646
21
1.2656987795275589
0
LINE
8
BLACK
6
CONTINUOUS
10
0.4223017322834646
20
1.2656987795275589
11
0.4135355118110236
21
1.2680476771653544
0
LINE
8
BLACK
6
CONTINUOUS
10
0.4135355118110236
20
1.2680476771653544
11
0.4135354330708662
21
1.2680477165354331
0
LINE
8
BLACK
6
CONTINUOUS
10
0.4135354330708662
20
1.2680477165354331
11
0.4135351968503937
21
1.2680477559055119
0
LINE
8
BLACK
6
CONTINUOUS
10
0.4135351968503937
20
1.2680477559055119
11
0.4045377952755905
21
1.2692322834645668
0
LINE
8
BLACK
6
CONTINUOUS
10
0.4045377952755905
20
1.2692322834645668
11
0.4045377165354331
21
1.2692322834645668
0
LINE
8
BLACK
6
CONTINUOUS
10
0.4045377165354331
20
1.2692322834645668
11
0.3954622834645669
21
1.2692322834645668
0
LINE
8
BLACK
6
CONTINUOUS
10
0.3954622834645669
20
1.2692322834645668
11
0.3954621653543307
21
1.2692322834645668
0
LINE
8
BLACK
6
CONTINUOUS
10
0.3954621653543307
20
1.2692322834645668
11
0.3864647637795275
21
1.2680477559055119
0
LINE
8
BLACK
6
CONTINUOUS
10
0.3864647637795275
20
1.2680477559055119
11
0.3848652755905512
21
1.2676191732283464
0
LINE
8
BLACK
6
CONTINUOUS
10
0.3848652755905512
20
1.2676191732283464
11
0.3776982677165354
21
1.2656987795275589
0
LINE
8
BLACK
6
CONTINUOUS
10
0.3776982677165354
20
1.2656987795275589
11
0.3733964566929134
21
1.2639169291338583
0
LINE
8
BLACK
6
CONTINUOUS
10
0.3733964566929134
20
1.2639169291338583
11
0.3706173622047244
21
1.2636181496062993
0
LINE
8
BLACK
6
CONTINUOUS
10
0.3706173622047244
20
1.2636181496062993
11
0.368117874015748
21
1.2648693307086614
0
LINE
8
BLACK
6
CONTINUOUS
10
0.368117874015748
20
1.2648693307086614
11
0.3666916141732283
21
1.267273188976378
0
LINE
8
BLACK
6
CONTINUOUS
10
0.3666916141732283
20
1.267273188976378
11
0.3667913779527559
21
1.2700665354330709
0
LINE
8
BLACK
6
CONTINUOUS
10
0.3667913779527559
20
1.2700665354330709
11
0.3669151181102362
21
1.2703983464566928
0
LINE
8
BLACK
6
CONTINUOUS
10
0.3669151181102362
20
1.2703983464566928
11
0.3694162204724409
21
1.2764365354330709
0
LINE
8
BLACK
6
CONTINUOUS
10
0.3694162204724409
20
1.2764365354330709
11
0.371898031496063
21
1.2856988582677165
0
LINE
8
BLACK
6
CONTINUOUS
10
0.371898031496063
20
1.2856988582677165
11
0.3731495669291339
21
1.2952054330708662
0
LINE
8
BLACK
6
CONTINUOUS
10
0.3731495669291339
20
1.2952054330708662
11
0.3731496062992126
21
1.2952057874015748
0
LINE
8
BLACK
6
CONTINUOUS
10
0.3731496062992126
20
1.2952057874015748
11
0.3731496062992126
21
1.3047942125984251
0
LINE
8
BLACK
6
CONTINUOUS
10
0.3731496062992126
20
1.3047942125984251
11
0.3731495669291339
21
1.3047946062992126
0
LINE
8
BLACK
6
CONTINUOUS
10
0.3731495669291339
20
1.3047946062992126
11
0.371898031496063
21
1.3143011811023622
0
LINE
8
BLACK
6
CONTINUOUS
10
0.371898031496063
20
1.3143011811023622
11
0.3694161811023622
21
1.323563622047244
0
LINE
8
BLACK
6
CONTINUOUS
10
0.3694161811023622
20
1.323563622047244
11
0.3657466141732283
21
1.3324227559055117
0
LINE
8
BLACK
6
CONTINUOUS
10
0.3657466141732283
20
1.3324227559055117
11
0.3657463779527559
21
1.332423188976378
0
LINE
8
BLACK
6
CONTINUOUS
10
0.3657463779527559
20
1.332423188976378
11
0.3609522834645669
21
1.3407268503937007
0
LINE
8
BLACK
6
CONTINUOUS
10
0.3609522834645669
20
1.3407268503937007
11
0.3609520866141732
21
1.3407271259842519
0
LINE
8
BLACK
6
CONTINUOUS
10
0.3609520866141732
20
1.3407271259842519
11
0.3583110236220473
21
1.3441689763779527
0
LINE
8
BLACK
6
CONTINUOUS
10
0.3583110236220473
20
1.3441689763779527
11
0.3438846850393701
21
1.3297426771653542
0
LINE
8
BLACK
6
CONTINUOUS
10
0.3438846850393701
20
1.3297426771653542
11
0.3453174803149606
21
1.327770590551181
0
LINE
8
BLACK
6
CONTINUOUS
10
0.3453174803149606
20
1.327770590551181
11
0.3491038188976378
21
1.3203394881889763
0
LINE
8
BLACK
6
CONTINUOUS
10
0.3491038188976378
20
1.3203394881889763
11
0.351681062992126
21
1.3124075196850393
0
LINE
8
BLACK
6
CONTINUOUS
10
0.351681062992126
20
1.3124075196850393
11
0.3529857480314961
21
1.3041700787401576
0
LINE
8
BLACK
6
CONTINUOUS
10
0.3529857480314961
20
1.3041700787401576
11
0.3529857480314961
21
1.2958299212598425
0
LINE
8
BLACK
6
CONTINUOUS
10
0.3529857480314961
20
1.2958299212598425
11
0.351681062992126
21
1.2875924803149605
0
LINE
8
BLACK
6
CONTINUOUS
10
0.351681062992126
20
1.2875924803149605
11
0.3491038188976378
21
1.2796605118110236
0
LINE
8
BLACK
6
CONTINUOUS
10
0.3491038188976378
20
1.2796605118110236
11
0.3453174803149606
21
1.2722294094488189
0
LINE
8
BLACK
6
CONTINUOUS
10
0.3453174803149606
20
1.2722294094488189
11
0.3404152755905512
21
1.2654820866141732
0
LINE
8
BLACK
6
CONTINUOUS
10
0.3404152755905512
20
1.2654820866141732
11
0.3345179133858268
21
1.2595847244094487
0
LINE
8
BLACK
6
CONTINUOUS
10
0.3345179133858268
20
1.2595847244094487
11
0.3277705905511811
21
1.2546825196850393
0
LINE
8
BLACK
6
CONTINUOUS
10
0.3277705905511811
20
1.2546825196850393
11
0.3203394881889764
21
1.2508961811023622
0
LINE
8
BLACK
6
CONTINUOUS
10
0.3203394881889764
20
1.2508961811023622
11
0.3124075196850394
21
1.248318937007874
0
LINE
8
BLACK
6
CONTINUOUS
10
0.3124075196850394
20
1.248318937007874
11
0.3041700787401574
21
1.2470142519685039
0
LINE
8
BLACK
6
CONTINUOUS
10
0.3041700787401574
20
1.2470142519685039
11
0.2958299212598425
21
1.2470142519685039
0
LINE
8
BLACK
6
CONTINUOUS
10
0.2958299212598425
20
1.2470142519685039
11
0.2875924803149606
21
1.248318937007874
0
LINE
8
BLACK
6
CONTINUOUS
10
0.2875924803149606
20
1.248318937007874
11
0.2796605118110236
21
1.2508961811023622
0
LINE
8
BLACK
6
CONTINUOUS
10
0.2796605118110236
20
1.2508961811023622
11
0.2722294094488189
21
1.2546825196850393
0
LINE
8
BLACK
6
CONTINUOUS
10
0.2722294094488189
20
1.2546825196850393
11
0.2702573228346457
21
1.2561153149606299
0
LINE
8
BLACK
6
CONTINUOUS
10
0.2702573228346457
20
1.2561153149606299
11
0.2558310236220472
21
1.2416889763779528
0
LINE
8
BLACK
6
CONTINUOUS
10
0.2558310236220472
20
1.2416889763779528
11
0.2558310236220472
21
1.2416889370078741
0
LINE
8
BLACK
6
CONTINUOUS
10
0.2558310236220472
20
1.2416889370078741
11
0.259272874015748
21
1.2390479133858268
0
LINE
8
BLACK
6
CONTINUOUS
10
0.259272874015748
20
1.2390479133858268
11
0.2592731496062992
21
1.239047716535433
0
LINE
8
BLACK
6
CONTINUOUS
10
0.2592731496062992
20
1.239047716535433
11
0.267576811023622
21
1.234253622047244
0
LINE
8
BLACK
6
CONTINUOUS
10
0.267576811023622
20
1.234253622047244
11
0.2675772440944882
21
1.2342533858267717
0
LINE
8
BLACK
6
CONTINUOUS
10
0.2675772440944882
20
1.2342533858267717
11
0.2764363779527559
21
1.2305838188976377
0
LINE
8
BLACK
6
CONTINUOUS
10
0.2764363779527559
20
1.2305838188976377
11
0.2856988188976378
21
1.2281019685039369
0
LINE
8
BLACK
6
CONTINUOUS
10
0.2856988188976378
20
1.2281019685039369
11
0.2952053937007874
21
1.2268504330708661
0
LINE
8
BLACK
6
CONTINUOUS
10
0.2952053937007874
20
1.2268504330708661
11
0.2952057874015748
21
1.2268503937007873
0
LINE
8
BLACK
6
CONTINUOUS
10
0.2952057874015748
20
1.2268503937007873
11
0.3047942125984252
21
1.2268503937007873
0
LINE
8
BLACK
6
CONTINUOUS
10
0.3047942125984252
20
1.2268503937007873
11
0.3047945669291339
21
1.2268504330708661
0
LINE
8
BLACK
6
CONTINUOUS
10
0.3047945669291339
20
1.2268504330708661
11
0.3143011417322835
21
1.2281019685039369
0
LINE
8
BLACK
6
CONTINUOUS
10
0.3143011417322835
20
1.2281019685039369
11
0.3235634645669291
21
1.2305837795275589
0
LINE
8
BLACK
6
CONTINUOUS
10
0.3235634645669291
20
1.2305837795275589
11
0.3296016535433071
21
1.2330848818897637
0
LINE
8
BLACK
6
CONTINUOUS
10
0.3296016535433071
20
1.2330848818897637
11
0.3323807874015748
21
1.2333836614173228
0
LINE
8
BLACK
6
CONTINUOUS
10
0.3323807874015748
20
1.2333836614173228
11
0.3348802755905512
21
1.2321325196850395
0
LINE
8
BLACK
6
CONTINUOUS
10
0.3348802755905512
20
1.2321325196850395
11
0.3363065748031496
21
1.2297286614173228
0
LINE
8
BLACK
6
CONTINUOUS
10
0.3363065748031496
20
1.2297286614173228
11
0.336206811023622
21
1.2269353149606299
0
LINE
8
BLACK
6
CONTINUOUS
10
0.336206811023622
20
1.2269353149606299
11
0.3360830708661417
21
1.2266035039370078
0
LINE
8
BLACK
6
CONTINUOUS
10
0.3360830708661417
20
1.2266035039370078
11
0.3343012204724409
21
1.2223017322834646
0
LINE
8
BLACK
6
CONTINUOUS
10
0.3343012204724409
20
1.2223017322834646
11
0.3319522440944882
21
1.2135352362204723
0
LINE
8
BLACK
6
CONTINUOUS
10
0.3319522440944882
20
1.2135352362204723
11
0.3307677165354331
21
1.2045378346456692
0
LINE
8
BLACK
6
CONTINUOUS
10
0.3307677165354331
20
1.2045378346456692
11
0.3307677165354331
21
1.1954622047244094
0
LINE
8
BLACK
6
CONTINUOUS
10
0.3307677165354331
20
1.1954622047244094
11
0.3319522440944882
21
1.1864648031496063
0
LINE
8
BLACK
6
CONTINUOUS
10
0.3319522440944882
20
1.1864648031496063
11
0.3319522834645669
21
1.1864645669291338
0
LINE
8
BLACK
6
CONTINUOUS
10
0.3319522834645669
20
1.1864645669291338
11
0.3319523228346457
21
1.1864644881889763
0
LINE
8
BLACK
6
CONTINUOUS
10
0.3319523228346457
20
1.1864644881889763
11
0.3343012204724409
21
1.1776982677165353
0
LINE
8
BLACK
6
CONTINUOUS
10
0.3343012204724409
20
1.1776982677165353
11
0.3360830708661417
21
1.1733964566929134
0
LINE
8
BLACK
6
CONTINUOUS
10
0.3360830708661417
20
1.1733964566929134
11
0.3363818503937008
21
1.1706174015748032
0
LINE
8
BLACK
6
CONTINUOUS
10
0.3363818503937008
20
1.1706174015748032
11
0.3351307086614173
21
1.1681179133858268
0
LINE
8
BLACK
6
CONTINUOUS
10
0.3351307086614173
20
1.1681179133858268
11
0.3327268110236221
21
1.166691653543307
0
LINE
8
BLACK
6
CONTINUOUS
10
0.3327268110236221
20
1.166691653543307
11
0.3299334645669291
21
1.1667914173228346
0
LINE
8
BLACK
6
CONTINUOUS
10
0.3299334645669291
20
1.1667914173228346
11
0.3296016929133858
21
1.1669151574803149
0
LINE
8
BLACK
6
CONTINUOUS
10
0.3296016929133858
20
1.1669151574803149
11
0.3235635826771653
21
1.169416220472441
0
LINE
8
BLACK
6
CONTINUOUS
10
0.3235635826771653
20
1.169416220472441
11
0.3143011417322835
21
1.1718980708661417
0
LINE
8
BLACK
6
CONTINUOUS
10
0.3143011417322835
20
1.1718980708661417
11
0.3047945669291339
21
1.1731496062992126
0
LINE
8
BLACK
6
CONTINUOUS
10
0.3047945669291339
20
1.1731496062992126
11
0.2952053937007874
21
1.1731496062992126
0
LINE
8
BLACK
6
CONTINUOUS
10
0.2952053937007874
20
1.1731496062992126
11
0.2856988188976378
21
1.1718980708661417
0
LINE
8
BLACK
6
CONTINUOUS
10
0.2856988188976378
20
1.1718980708661417
11
0.2764363779527559
21
1.169416220472441
0
LINE
8
BLACK
6
CONTINUOUS
10
0.2764363779527559
20
1.169416220472441
11
0.2675772440944882
21
1.165746653543307
0
LINE
8
BLACK
6
CONTINUOUS
10
0.2675772440944882
20
1.165746653543307
11
0.267576811023622
21
1.1657464173228347
0
LINE
8
BLACK
6
CONTINUOUS
10
0.267576811023622
20
1.1657464173228347
11
0.2592731496062992
21
1.1609523228346457
0
LINE
8
BLACK
6
CONTINUOUS
10
0.2592731496062992
20
1.1609523228346457
11
0.2558310236220472
21
1.1583111023622048
0
LINE
8
BLACK
6
CONTINUOUS
10
0.2558310236220472
20
1.1583111023622048
11
0.2702573622047244
21
1.1438847637795275
0
LINE
8
BLACK
6
CONTINUOUS
10
0.2702573622047244
20
1.1438847637795275
11
0.2722294094488189
21
1.1453174803149606
0
LINE
8
BLACK
6
CONTINUOUS
10
0.2722294094488189
20
1.1453174803149606
11
0.2796605118110236
21
1.1491038188976377
0
LINE
8
BLACK
6
CONTINUOUS
10
0.2796605118110236
20
1.1491038188976377
11
0.2875924803149606
21
1.1516810629921259
0
LINE
8
BLACK
6
CONTINUOUS
10
0.2875924803149606
20
1.1516810629921259
11
0.2958299212598425
21
1.152985748031496
0
LINE
8
BLACK
6
CONTINUOUS
10
0.2958299212598425
20
1.152985748031496
11
0.3041700787401574
21
1.152985748031496
0
LINE
8
BLACK
6
CONTINUOUS
10
0.3041700787401574
20
1.152985748031496
11
0.3124075196850394
21
1.1516810629921259
0
LINE
8
BLACK
6
CONTINUOUS
10
0.3124075196850394
20
1.1516810629921259
11
0.3203394881889764
21
1.1491038188976377
0
LINE
8
BLACK
6
CONTINUOUS
10
0.3203394881889764
20
1.1491038188976377
11
0.3277705905511811
21
1.1453174803149606
0
LINE
8
BLACK
6
CONTINUOUS
10
0.3277705905511811
20
1.1453174803149606
11
0.3345179133858268
21
1.1404152755905512
0
LINE
8
BLACK
6
CONTINUOUS
10
0.3345179133858268
20
1.1404152755905512
11
0.3404152755905512
21
1.1345179133858267
0
LINE
8
BLACK
6
CONTINUOUS
10
0.3404152755905512
20
1.1345179133858267
11
0.3453174803149606
21
1.127770590551181
0
LINE
8
BLACK
6
CONTINUOUS
10
0.3453174803149606
20
1.127770590551181
11
0.3491038188976378
21
1.1203394881889763
0
LINE
8
BLACK
6
CONTINUOUS
10
0.3491038188976378
20
1.1203394881889763
11
0.351681062992126
21
1.1124075196850394
0
LINE
8
BLACK
6
CONTINUOUS
10
0.351681062992126
20
1.1124075196850394
11
0.3529857480314961
21
1.1041700787401574
0
LINE
8
BLACK
6
CONTINUOUS
10
0.3529857480314961
20
1.1041700787401574
11
0.3529857480314961
21
1.0958299212598426
0
LINE
8
BLACK
6
CONTINUOUS
10
0.3529857480314961
20
1.0958299212598426
11
0.351681062992126
21
1.0875924803149606
0
LINE
8
BLACK
6
CONTINUOUS
10
0.351681062992126
20
1.0875924803149606
11
0.3491038188976378
21
1.0796605118110236
0
LINE
8
BLACK
6
CONTINUOUS
10
0.3491038188976378
20
1.0796605118110236
11
0.3453174803149606
21
1.0722294094488189
0
LINE
8
BLACK
6
CONTINUOUS
10
0.3453174803149606
20
1.0722294094488189
11
0.3438847244094488
21
1.0702574015748032
0
LINE
8
BLACK
6
CONTINUOUS
10
0.3438847244094488
20
1.0702574015748032
11
0.3583110236220473
21
1.0558311023622047
0
LINE
8
BLACK
6
CONTINUOUS
10
0.3583110236220473
20
1.0558311023622047
11
0.3609522834645669
21
1.0592732283464568
0
LINE
8
BLACK
6
CONTINUOUS
10
0.3609522834645669
20
1.0592732283464568
11
0.3657463779527559
21
1.0675768503937009
0
LINE
8
BLACK
6
CONTINUOUS
10
0.3657463779527559
20
1.0675768503937009
11
0.3657466141732283
21
1.0675772834645669
0
LINE
8
BLACK
6
CONTINUOUS
10
0.3657466141732283
20
1.0675772834645669
11
0.3694161811023622
21
1.0764364173228347
0
LINE
8
BLACK
6
CONTINUOUS
10
0.3694161811023622
20
1.0764364173228347
11
0.371898031496063
21
1.0856988582677165
0
LINE
8
BLACK
6
CONTINUOUS
10
0.371898031496063
20
1.0856988582677165
11
0.3731495669291339
21
1.095205433070866
0
LINE
8
BLACK
6
CONTINUOUS
10
0.3731495669291339
20
1.095205433070866
11
0.3731496062992126
21
1.0952057874015748
0
LINE
8
BLACK
6
CONTINUOUS
10
0.3731496062992126
20
1.0952057874015748
11
0.3731496062992126
21
1.1047942125984251
0
LINE
8
BLACK
6
CONTINUOUS
10
0.3731496062992126
20
1.1047942125984251
11
0.3731495669291339
21
1.1047946062992127
0
LINE
8
BLACK
6
CONTINUOUS
10
0.3731495669291339
20
1.1047946062992127
11
0.371898031496063
21
1.1143011811023622
0
LINE
8
BLACK
6
CONTINUOUS
10
0.371898031496063
20
1.1143011811023622
11
0.3694161811023622
21
1.123563622047244
0
LINE
8
BLACK
6
CONTINUOUS
10
0.3694161811023622
20
1.123563622047244
11
0.3669151181102362
21
1.1296017322834646
0
LINE
8
BLACK
6
CONTINUOUS
10
0.3669151181102362
20
1.1296017322834646
11
0.3666163385826772
21
1.1323808267716535
0
LINE
8
BLACK
6
CONTINUOUS
10
0.3666163385826772
20
1.1323808267716535
11
0.3678674803149606
21
1.1348803149606299
0
LINE
8
BLACK
6
CONTINUOUS
10
0.3678674803149606
20
1.1348803149606299
11
0.3702713385826771
21
1.1363066141732283
0
LINE
8
BLACK
6
CONTINUOUS
10
0.3702713385826771
20
1.1363066141732283
11
0.3730647244094488
21
1.1362068503937008
0
LINE
8
BLACK
6
CONTINUOUS
10
0.3730647244094488
20
1.1362068503937008
11
0.3733952362204724
21
1.1360835826771654
0
LINE
8
BLACK
6
CONTINUOUS
10
0.3733952362204724
20
1.1360835826771654
11
0.3776982677165354
21
1.134301220472441
0
LINE
8
BLACK
6
CONTINUOUS
10
0.3776982677165354
20
1.134301220472441
11
0.3864644881889764
21
1.1319523228346458
0
LINE
8
BLACK
6
CONTINUOUS
10
0.3864644881889764
20
1.1319523228346458
11
0.3864647244094488
21
1.1319523228346458
0
LINE
8
BLACK
6
CONTINUOUS
10
0.3864647244094488
20
1.1319523228346458
11
0.3864647637795275
21
1.131952283464567
0
LINE
8
BLACK
6
CONTINUOUS
10
0.3864647637795275
20
1.131952283464567
11
0.3874970472440945
21
1.1318164173228347
0
LINE
8
BLACK
6
CONTINUOUS
10
0.3874970472440945
20
1.1318164173228347
11
0.3954622834645669
21
1.1307677165354331
0
LINE
8
BLACK
6
CONTINUOUS
10
0.3954622834645669
20
1.1307677165354331
11
0.3954625590551181
21
1.1307677165354331
0
LINE
8
BLACK
6
CONTINUOUS
10
0.3954625590551181
20
1.1307677165354331
11
0.4045374409448819
21
1.1307677165354331
0
LINE
8
BLACK
6
CONTINUOUS
10
0.4045374409448819
20
1.1307677165354331
11
0.4045377165354331
21
1.1307677165354331
0
LINE
8
BLACK
6
CONTINUOUS
10
0.4045377165354331
20
1.1307677165354331
11
0.4135355118110236
21
1.1319523228346458
0
LINE
8
BLACK
6
CONTINUOUS
10
0.4135355118110236
20
1.1319523228346458
11
0.4223017322834646
21
1.134301220472441
0
LINE
8
BLACK
6
CONTINUOUS
10
0.4223017322834646
20
1.134301220472441
11
0.4266036614173228
21
1.1360831496062991
0
LINE
8
BLACK
6
CONTINUOUS
10
0.4266036614173228
20
1.1360831496062991
11
0.4293825590551181
21
1.1363818897637794
0
LINE
8
BLACK
6
CONTINUOUS
10
0.4293825590551181
20
1.1363818897637794
11
0.4318820472440945
21
1.1351307480314961
0
LINE
8
BLACK
6
CONTINUOUS
10
0.4318820472440945
20
1.1351307480314961
11
0.4333083464566929
21
1.1327268897637794
0
LINE
8
BLACK
6
CONTINUOUS
10
0.4333083464566929
20
1.1327268897637794
11
0.4332085826771653
21
1.1299335433070865
0
LINE
8
BLACK
6
CONTINUOUS
10
0.4332085826771653
20
1.1299335433070865
11
0.433084842519685
21
1.1296017322834646
0
LINE
8
BLACK
6
CONTINUOUS
10
0.433084842519685
20
1.1296017322834646
11
0.4305837795275591
21
1.123563622047244
0
LINE
8
BLACK
6
CONTINUOUS
10
0.4305837795275591
20
1.123563622047244
11
0.4281019291338582
21
1.1143011811023622
0
LINE
8
BLACK
6
CONTINUOUS
10
0.4281019291338582
20
1.1143011811023622
11
0.4268503937007874
21
1.1047946062992127
0
LINE
8
BLACK
6
CONTINUOUS
10
0.4268503937007874
20
1.1047946062992127
11
0.4268503937007874
21
1.095205433070866
0
LINE
8
BLACK
6
CONTINUOUS
10
0.4268503937007874
20
1.095205433070866
11
0.4281019291338582
21
1.0856988582677165
0
LINE
8
BLACK
6
CONTINUOUS
10
0.4281019291338582
20
1.0856988582677165
11
0.4305837795275591
21
1.0764364173228347
0
LINE
8
BLACK
6
CONTINUOUS
10
0.4305837795275591
20
1.0764364173228347
11
0.4342533464566929
21
1.0675772834645669
0
LINE
8
BLACK
6
CONTINUOUS
10
0.4342533464566929
20
1.0675772834645669
11
0.4342535826771654
21
1.0675768503937009
0
LINE
8
BLACK
6
CONTINUOUS
10
0.4342535826771654
20
1.0675768503937009
11
0.4390476771653543
21
1.059273188976378
0
LINE
8
BLACK
6
CONTINUOUS
10
0.4390476771653543
20
1.059273188976378
11
0.4390478346456693
21
1.0592729527559055
0
LINE
8
BLACK
6
CONTINUOUS
10
0.4390478346456693
20
1.0592729527559055
11
0.4416888582677165
21
1.0558311417322834
0
LINE
8
BLACK
6
CONTINUOUS
10
0.4416888582677165
20
1.0558311417322834
11
0.4416888976377953
21
1.0558311023622047
0
LINE
8
BLACK
6
CONTINUOUS
10
0.4416888976377953
20
1.0558311023622047
11
0.4561151968503937
21
1.070257440944882
0
LINE
8
BLACK
6
CONTINUOUS
10
0.4561151968503937
20
1.070257440944882
11
0.4546825196850394
21
1.0722294094488189
0
LINE
8
BLACK
6
CONTINUOUS
10
0.4546825196850394
20
1.0722294094488189
11
0.4508961811023622
21
1.0796605118110236
0
LINE
8
BLACK
6
CONTINUOUS
10
0.4508961811023622
20
1.0796605118110236
11
0.448318937007874
21
1.0875924803149606
0
LINE
8
BLACK
6
CONTINUOUS
10
0.448318937007874
20
1.0875924803149606
11
0.4470142519685039
21
1.0958299212598426
0
LINE
8
BLACK
6
CONTINUOUS
10
0.4470142519685039
20
1.0958299212598426
11
0.4470142519685039
21
1.1041700787401574
0
LINE
8
BLACK
6
CONTINUOUS
10
0.4470142519685039
20
1.1041700787401574
11
0.448318937007874
21
1.1124075196850394
0
LINE
8
BLACK
6
CONTINUOUS
10
0.448318937007874
20
1.1124075196850394
11
0.4508961811023622
21
1.1203394881889763
0
LINE
8
BLACK
6
CONTINUOUS
10
0.4508961811023622
20
1.1203394881889763
11
0.4546825196850394
21
1.127770590551181
0
LINE
8
BLACK
6
CONTINUOUS
10
0.4546825196850394
20
1.127770590551181
11
0.4595847244094488
21
1.1345179133858267
0
LINE
8
BLACK
6
CONTINUOUS
10
0.4595847244094488
20
1.1345179133858267
11
0.4654820866141732
21
1.1404152755905512
0
LINE
8
BLACK
6
CONTINUOUS
10
0.4654820866141732
20
1.1404152755905512
11
0.4722294094488189
21
1.1453174803149606
0
LINE
8
BLACK
6
CONTINUOUS
10
0.4722294094488189
20
1.1453174803149606
11
0.4796605118110236
21
1.1491038188976377
0
LINE
8
BLACK
6
CONTINUOUS
10
0.4796605118110236
20
1.1491038188976377
11
0.4875924803149606
21
1.1516810629921259
0
LINE
8
BLACK
6
CONTINUOUS
10
0.4875924803149606
20
1.1516810629921259
11
0.4958299212598425
21
1.152985748031496
0
LINE
8
BLACK
6
CONTINUOUS
10
0.4958299212598425
20
1.152985748031496
11
0.5041700787401575
21
1.152985748031496
0
LINE
8
BLACK
6
CONTINUOUS
10
0.5041700787401575
20
1.152985748031496
11
0.5124075196850394
21
1.1516810629921259
0
LINE
8
BLACK
6
CONTINUOUS
10
0.5124075196850394
20
1.1516810629921259
11
0.5203394881889764
21
1.1491038188976377
0
LINE
8
BLACK
6
CONTINUOUS
10
0.5203394881889764
20
1.1491038188976377
11
0.5277705905511811
21
1.1453174803149606
0
LINE
8
BLACK
6
CONTINUOUS
10
0.5277705905511811
20
1.1453174803149606
11
0.5297425590551181
21
1.1438848031496063
0
LINE
8
BLACK
6
CONTINUOUS
10
0.5297425590551181
20
1.1438848031496063
11
0.5441688976377953
21
1.1583111023622048
0
LINE
8
BLACK
6
CONTINUOUS
10
0.5441688976377953
20
1.1583111023622048
11
0.5441688582677165
21
1.1583111417322833
0
LINE
8
BLACK
6
CONTINUOUS
10
0.5441688582677165
20
1.1583111417322833
11
0.5407270472440945
21
1.1609521653543307
0
LINE
8
BLACK
6
CONTINUOUS
10
0.5407270472440945
20
1.1609521653543307
11
0.5407268110236221
21
1.1609523228346457
0
LINE
8
BLACK
6
CONTINUOUS
10
0.5407268110236221
20
1.1609523228346457
11
0.5324231496062992
21
1.1657464173228347
0
LINE
8
BLACK
6
CONTINUOUS
10
0.5324231496062992
20
1.1657464173228347
11
0.532422716535433
21
1.165746653543307
0
LINE
8
BLACK
6
CONTINUOUS
10
0.532422716535433
20
1.165746653543307
11
0.5235635826771653
21
1.169416220472441
0
LINE
8
BLACK
6
CONTINUOUS
10
0.5235635826771653
20
1.169416220472441
11
0.5143011417322835
21
1.1718980708661417
0
LINE
8
BLACK
6
CONTINUOUS
10
0.5143011417322835
20
1.1718980708661417
11
0.5047945669291338
21
1.1731496062992126
0
LINE
8
BLACK
6
CONTINUOUS
10
0.5047945669291338
20
1.1731496062992126
11
0.4952053937007874
21
1.1731496062992126
0
LINE
8
BLACK
6
CONTINUOUS
10
0.4952053937007874
20
1.1731496062992126
11
0.4856988188976378
21
1.1718980708661417
0
LINE
8
BLACK
6
CONTINUOUS
10
0.4856988188976378
20
1.1718980708661417
11
0.4764363779527559
21
1.169416220472441
0
LINE
8
BLACK
6
CONTINUOUS
10
0.4764363779527559
20
1.169416220472441
11
0.4703982677165354
21
1.1669151574803149
0
LINE
8
BLACK
6
CONTINUOUS
10
0.4703982677165354
20
1.1669151574803149
11
0.4676191338582677
21
1.1666163779527559
0
LINE
8
BLACK
6
CONTINUOUS
10
0.4676191338582677
20
1.1666163779527559
11
0.4651196456692913
21
1.1678675590551182
0
LINE
8
BLACK
6
CONTINUOUS
10
0.4651196456692913
20
1.1678675590551182
11
0.4636933858267717
21
1.1702714173228346
0
LINE
8
BLACK
6
CONTINUOUS
10
0.4636933858267717
20
1.1702714173228346
11
0.4637931496062992
21
1.1730647637795275
0
LINE
8
BLACK
6
CONTINUOUS
10
0.4637931496062992
20
1.1730647637795275
11
0.4639161023622047
21
1.1733945669291339
0
LINE
8
BLACK
6
CONTINUOUS
10
0.4639161023622047
20
1.1733945669291339
11
0.4656987795275591
21
1.1776982677165353
0
LINE
8
BLACK
6
CONTINUOUS
10
0.4656987795275591
20
1.1776982677165353
11
0.4680476771653543
21
1.1864644881889763
0
LINE
8
BLACK
6
CONTINUOUS
10
0.4680476771653543
20
1.1864644881889763
11
0.4692322834645669
21
1.195462283464567
0
LINE
8
BLACK
6
CONTINUOUS
10
0.4692322834645669
20
1.195462283464567
11
0.4692322834645669
21
1.204537716535433
0
LINE
8
BLACK
6
CONTINUOUS
10
0.4692322834645669
20
1.204537716535433
11
0.4680476771653543
21
1.2135355118110236
0
LINE
8
BLACK
6
CONTINUOUS
10
0.4680476771653543
20
1.2135355118110236
11
0.4656987795275591
21
1.2223017322834646
0
LINE
8
BLACK
6
CONTINUOUS
10
0.4656987795275591
20
1.2223017322834646
11
0.4639168503937008
21
1.2266037007874016
0
LINE
8
BLACK
6
CONTINUOUS
10
0.4639168503937008
20
1.2266037007874016
11
0.4636181102362205
21
1.2293825984251969
0
LINE
8
BLACK
6
CONTINUOUS
10
0.4636181102362205
20
1.2293825984251969
11
0.4648692519685039
21
1.2318820866141733
0
LINE
8
BLACK
6
CONTINUOUS
10
0.4648692519685039
20
1.2318820866141733
11
0.4672731102362205
21
1.2333083858267717
0
LINE
8
BLACK
6
CONTINUOUS
10
0.4672731102362205
20
1.2333083858267717
11
0.4700664566929134
21
1.233208622047244
0
LINE
8
BLACK
6
CONTINUOUS
10
0.4700664566929134
20
1.233208622047244
11
0.4703982677165354
21
1.2330848818897637
0
LINE
8
BLACK
6
CONTINUOUS
10
0.4703982677165354
20
1.2330848818897637
11
0.4764363779527559
21
1.2305838188976377
0
LINE
8
BLACK
6
CONTINUOUS
10
0.4764363779527559
20
1.2305838188976377
11
0.4856988188976378
21
1.2281019685039369
0
LINE
8
BLACK
6
CONTINUOUS
10
0.4856988188976378
20
1.2281019685039369
11
0.4952053937007874
21
1.2268504330708661
0
LINE
8
BLACK
6
CONTINUOUS
10
0.4952053937007874
20
1.2268504330708661
11
0.4952057874015748
21
1.2268503937007873
0
LINE
8
BLACK
6
CONTINUOUS
10
0.4952057874015748
20
1.2268503937007873
11
0.5047942125984252
21
1.2268503937007873
0
LINE
8
BLACK
6
CONTINUOUS
10
0.5047942125984252
20
1.2268503937007873
11
0.5047945669291338
21
1.2268504330708661
0
LINE
8
BLACK
6
CONTINUOUS
10
0.5047945669291338
20
1.2268504330708661
11
0.5143011417322835
21
1.2281019685039369
0
LINE
8
BLACK
6
CONTINUOUS
10
0.5143011417322835
20
1.2281019685039369
11
0.5235635826771653
21
1.2305838188976377
0
LINE
8
BLACK
6
CONTINUOUS
10
0.5235635826771653
20
1.2305838188976377
11
0.532422716535433
21
1.2342533858267717
0
LINE
8
BLACK
6
CONTINUOUS
10
0.532422716535433
20
1.2342533858267717
11
0.5324231496062992
21
1.234253622047244
0
LINE
8
BLACK
6
CONTINUOUS
10
0.5324231496062992
20
1.234253622047244
11
0.5407267716535433
21
1.239047716535433
0
LINE
8
BLACK
6
CONTINUOUS
10
0.5407267716535433
20
1.239047716535433
11
0.5441688976377953
21
1.2416889763779528
0
LINE
8
BLACK
6
CONTINUOUS
10
0.5441688976377953
20
1.2416889763779528
11
0.5297425984251969
21
1.2561152755905511
0
LINE
8
BLACK
6
CONTINUOUS
10
0.5297425984251969
20
1.2561152755905511
11
0.5277705905511811
21
1.2546825196850393
0
LINE
8
BLACK
6
CONTINUOUS
10
0.5277705905511811
20
1.2546825196850393
11
0.5203394881889764
21
1.2508961811023622
0
LINE
8
BLACK
6
CONTINUOUS
10
0.5203394881889764
20
1.2508961811023622
11
0.5124075196850394
21
1.248318937007874
0
LINE
8
BLACK
6
CONTINUOUS
10
0.5124075196850394
20
1.248318937007874
11
0.5041700787401575
21
1.2470142519685039
0
LINE
8
BLACK
6
CONTINUOUS
10
0.5041700787401575
20
1.2470142519685039
11
0.4958299212598425
21
1.2470142519685039
0
LINE
8
BLACK
6
CONTINUOUS
10
0.4958299212598425
20
1.2470142519685039
11
0.4875924803149606
21
1.248318937007874
0
LINE
8
BLACK
6
CONTINUOUS
10
0.4875924803149606
20
1.248318937007874
11
0.4796605118110236
21
1.2508961811023622
0
LINE
8
BLACK
6
CONTINUOUS
10
0.4796605118110236
20
1.2508961811023622
11
0.4722294094488189
21
1.2546825196850393
0
LINE
8
BLACK
6
CONTINUOUS
10
0.4722294094488189
20
1.2546825196850393
11
0.4654820866141732
21
1.2595847244094487
0
LINE
8
BLACK
6
CONTINUOUS
10
0.4654820866141732
20
1.2595847244094487
11
0.4595847244094488
21
1.2654820866141732
0
LINE
8
BLACK
6
CONTINUOUS
10
0.4595847244094488
20
1.2654820866141732
11
0.4546825196850394
21
1.2722294094488189
0
LINE
8
BLACK
6
CONTINUOUS
10
0.4546825196850394
20
1.2722294094488189
11
0.4508961811023622
21
1.2796605118110236
0
LINE
8
BLACK
6
CONTINUOUS
10
0.4508961811023622
20
1.2796605118110236
11
0.448318937007874
21
1.2875924803149605
0
LINE
8
BLACK
6
CONTINUOUS
10
0.448318937007874
20
1.2875924803149605
11
0.4470142519685039
21
1.2958299212598425
0
LINE
8
BLACK
6
CONTINUOUS
10
0.4470142519685039
20
1.2958299212598425
11
0.4470142519685039
21
1.3041700787401576
0
LINE
8
BLACK
6
CONTINUOUS
10
0.4470142519685039
20
1.3041700787401576
11
0.448318937007874
21
1.3124075196850393
0
LINE
8
BLACK
6
CONTINUOUS
10
0.448318937007874
20
1.3124075196850393
11
0.4508961811023622
21
1.3203394881889763
0
LINE
8
BLACK
6
CONTINUOUS
10
0.4508961811023622
20
1.3203394881889763
11
0.4546825196850394
21
1.327770590551181
0
LINE
8
BLACK
6
CONTINUOUS
10
0.4546825196850394
20
1.327770590551181
11
0.4561152362204725
21
1.3297426377952755
0
LINE
8
BLACK
6
CONTINUOUS
10
0.4561152362204725
20
1.3297426377952755
11
0.4416888976377953
21
1.3441689763779527
0
LINE
8
BLACK
6
CONTINUOUS
10
0.4416888976377953
20
1.3441689763779527
11
0.4390476771653543
21
1.3407268503937007
0
LINE
8
BLACK
6
CONTINUOUS
10
0.54388468503937
20
1.1297426771653543
11
0.5453174803149606
21
1.127770590551181
0
LINE
8
BLACK
6
CONTINUOUS
10
0.5453174803149606
20
1.127770590551181
11
0.5491038188976378
21
1.1203394881889763
0
LINE
8
BLACK
6
CONTINUOUS
10
0.5491038188976378
20
1.1203394881889763
11
0.5516810629921259
21
1.1124075196850394
0
LINE
8
BLACK
6
CONTINUOUS
10
0.5516810629921259
20
1.1124075196850394
11
0.552985748031496
21
1.1041700787401574
0
LINE
8
BLACK
6
CONTINUOUS
10
0.552985748031496
20
1.1041700787401574
11
0.552985748031496
21
1.0958299212598426
0
LINE
8
BLACK
6
CONTINUOUS
10
0.552985748031496
20
1.0958299212598426
11
0.5516810629921259
21
1.0875924803149606
0
LINE
8
BLACK
6
CONTINUOUS
10
0.5516810629921259
20
1.0875924803149606
11
0.5491038188976378
21
1.0796605118110236
0
LINE
8
BLACK
6
CONTINUOUS
10
0.5491038188976378
20
1.0796605118110236
11
0.5453174803149606
21
1.0722294094488189
0
LINE
8
BLACK
6
CONTINUOUS
10
0.5453174803149606
20
1.0722294094488189
11
0.5438847244094488
21
1.0702574015748032
0
LINE
8
BLACK
6
CONTINUOUS
10
0.5438847244094488
20
1.0702574015748032
11
0.5583110236220472
21
1.0558311023622047
0
LINE
8
BLACK
6
CONTINUOUS
10
0.5583110236220472
20
1.0558311023622047
11
0.5609522834645669
21
1.0592732283464568
0
LINE
8
BLACK
6
CONTINUOUS
10
0.5609522834645669
20
1.0592732283464568
11
0.5657463779527558
21
1.0675768503937009
0
LINE
8
BLACK
6
CONTINUOUS
10
0.5657463779527558
20
1.0675768503937009
11
0.5657466141732284
21
1.0675772834645669
0
LINE
8
BLACK
6
CONTINUOUS
10
0.5657466141732284
20
1.0675772834645669
11
0.5694161811023621
21
1.0764364173228347
0
LINE
8
BLACK
6
CONTINUOUS
10
0.5694161811023621
20
1.0764364173228347
11
0.571898031496063
21
1.0856988582677165
0
LINE
8
BLACK
6
CONTINUOUS
10
0.571898031496063
20
1.0856988582677165
11
0.5731495669291339
21
1.095205433070866
0
LINE
8
BLACK
6
CONTINUOUS
10
0.5731495669291339
20
1.095205433070866
11
0.5731496062992126
21
1.0952057874015748
0
LINE
8
BLACK
6
CONTINUOUS
10
0.5731496062992126
20
1.0952057874015748
11
0.5731496062992126
21
1.1047942125984251
0
LINE
8
BLACK
6
CONTINUOUS
10
0.5731496062992126
20
1.1047942125984251
11
0.5731495669291339
21
1.1047946062992127
0
LINE
8
BLACK
6
CONTINUOUS
10
0.5731495669291339
20
1.1047946062992127
11
0.571898031496063
21
1.1143011811023622
0
LINE
8
BLACK
6
CONTINUOUS
10
0.571898031496063
20
1.1143011811023622
11
0.5694161811023621
21
1.123563622047244
0
LINE
8
BLACK
6
CONTINUOUS
10
0.5694161811023621
20
1.123563622047244
11
0.5657466141732284
21
1.1324227559055118
0
LINE
8
BLACK
6
CONTINUOUS
10
0.5657466141732284
20
1.1324227559055118
11
0.5657463779527558
21
1.1324231889763778
0
LINE
8
BLACK
6
CONTINUOUS
10
0.5657463779527558
20
1.1324231889763778
11
0.5609522834645669
21
1.1407268503937007
0
LINE
8
BLACK
6
CONTINUOUS
10
0.5609522834645669
20
1.1407268503937007
11
0.5609520866141732
21
1.140727125984252
0
LINE
8
BLACK
6
CONTINUOUS
10
0.5609520866141732
20
1.140727125984252
11
0.5583110236220472
21
1.1441689763779528
0
LINE
8
BLACK
6
CONTINUOUS
10
0.5583110236220472
20
1.1441689763779528
11
0.54388468503937
21
1.1297426771653543
0
LINE
8
BLACK
6
CONTINUOUS
10
0.2390476771653543
20
1.3407268503937007
11
0.2342535826771653
21
1.332423188976378
0
LINE
8
BLACK
6
CONTINUOUS
10
0.2342535826771653
20
1.332423188976378
11
0.2342533464566929
21
1.3324227559055117
0
LINE
8
BLACK
6
CONTINUOUS
10
0.2342533464566929
20
1.3324227559055117
11
0.230583779527559
21
1.323563622047244
0
LINE
8
BLACK
6
CONTINUOUS
10
0.230583779527559
20
1.323563622047244
11
0.2281019291338583
21
1.3143011811023622
0
LINE
8
BLACK
6
CONTINUOUS
10
0.2281019291338583
20
1.3143011811023622
11
0.2268503937007874
21
1.3047946062992126
0
LINE
8
BLACK
6
CONTINUOUS
10
0.2268503937007874
20
1.3047946062992126
11
0.2268503937007874
21
1.2952054330708662
0
LINE
8
BLACK
6
CONTINUOUS
10
0.2268503937007874
20
1.2952054330708662
11
0.2281019291338583
21
1.2856988582677165
0
LINE
8
BLACK
6
CONTINUOUS
10
0.2281019291338583
20
1.2856988582677165
11
0.230583779527559
21
1.2764364173228346
0
LINE
8
BLACK
6
CONTINUOUS
10
0.230583779527559
20
1.2764364173228346
11
0.2342533464566929
21
1.2675772834645669
0
LINE
8
BLACK
6
CONTINUOUS
10
0.2342533464566929
20
1.2675772834645669
11
0.2342535826771653
21
1.2675768503937008
0
LINE
8
BLACK
6
CONTINUOUS
10
0.2342535826771653
20
1.2675768503937008
11
0.2390476771653543
21
1.259273188976378
0
LINE
8
BLACK
6
CONTINUOUS
10
0.2390476771653543
20
1.259273188976378
11
0.2390478346456693
21
1.2592729527559055
0
LINE
8
BLACK
6
CONTINUOUS
10
0.2390478346456693
20
1.2592729527559055
11
0.2416888582677165
21
1.2558311417322834
0
LINE
8
BLACK
6
CONTINUOUS
10
0.2416888582677165
20
1.2558311417322834
11
0.241688937007874
21
1.2558311023622046
0
LINE
8
BLACK
6
CONTINUOUS
10
0.241688937007874
20
1.2558311023622046
11
0.2561152362204724
21
1.2702574409448819
0
LINE
8
BLACK
6
CONTINUOUS
10
0.2561152362204724
20
1.2702574409448819
11
0.2546825196850394
21
1.2722294094488189
0
LINE
8
BLACK
6
CONTINUOUS
10
0.2546825196850394
20
1.2722294094488189
11
0.2508961811023622
21
1.2796605118110236
0
LINE
8
BLACK
6
CONTINUOUS
10
0.2508961811023622
20
1.2796605118110236
11
0.248318937007874
21
1.2875924803149605
0
LINE
8
BLACK
6
CONTINUOUS
10
0.248318937007874
20
1.2875924803149605
11
0.2470142519685039
21
1.2958299212598425
0
LINE
8
BLACK
6
CONTINUOUS
10
0.2470142519685039
20
1.2958299212598425
11
0.2470142519685039
21
1.3041700787401576
0
LINE
8
BLACK
6
CONTINUOUS
10
0.2470142519685039
20
1.3041700787401576
11
0.248318937007874
21
1.3124075196850393
0
LINE
8
BLACK
6
CONTINUOUS
10
0.248318937007874
20
1.3124075196850393
11
0.2508961811023622
21
1.3203394881889763
0
LINE
8
BLACK
6
CONTINUOUS
10
0.2508961811023622
20
1.3203394881889763
11
0.2546825196850394
21
1.327770590551181
0
LINE
8
BLACK
6
CONTINUOUS
10
0.2546825196850394
20
1.327770590551181
11
0.2561152362204724
21
1.3297426377952755
0
LINE
8
BLACK
6
CONTINUOUS
10
0.2561152362204724
20
1.3297426377952755
11
0.2416888976377953
21
1.3441689763779527
0
LINE
8
BLACK
6
CONTINUOUS
10
0.2416888976377953
20
1.3441689763779527
11
0.2390476771653543
21
1.3407268503937007
0
LINE
8
BLACK
6
CONTINUOUS
10
0.54388468503937
20
1.3297426771653542
11
0.5453174803149606
21
1.327770590551181
0
LINE
8
BLACK
6
CONTINUOUS
10
0.5453174803149606
20
1.327770590551181
11
0.5491038188976378
21
1.3203394881889763
0
LINE
8
BLACK
6
CONTINUOUS
10
0.5491038188976378
20
1.3203394881889763
11
0.5516810629921259
21
1.3124075196850393
0
LINE
8
BLACK
6
CONTINUOUS
10
0.5516810629921259
20
1.3124075196850393
11
0.552985748031496
21
1.3041700787401576
0
LINE
8
BLACK
6
CONTINUOUS
10
0.552985748031496
20
1.3041700787401576
11
0.552985748031496
21
1.2958299212598425
0
LINE
8
BLACK
6
CONTINUOUS
10
0.552985748031496
20
1.2958299212598425
11
0.5516810629921259
21
1.2875924803149605
0
LINE
8
BLACK
6
CONTINUOUS
10
0.5516810629921259
20
1.2875924803149605
11
0.5491038188976378
21
1.2796605118110236
0
LINE
8
BLACK
6
CONTINUOUS
10
0.5491038188976378
20
1.2796605118110236
11
0.5453174803149606
21
1.2722294094488189
0
LINE
8
BLACK
6
CONTINUOUS
10
0.5453174803149606
20
1.2722294094488189
11
0.5438847244094488
21
1.2702574015748032
0
LINE
8
BLACK
6
CONTINUOUS
10
0.5438847244094488
20
1.2702574015748032
11
0.5583110236220472
21
1.2558311023622046
0
LINE
8
BLACK
6
CONTINUOUS
10
0.5583110236220472
20
1.2558311023622046
11
0.5609522834645669
21
1.2592732283464567
0
LINE
8
BLACK
6
CONTINUOUS
10
0.5609522834645669
20
1.2592732283464567
11
0.5657463779527558
21
1.2675768503937008
0
LINE
8
BLACK
6
CONTINUOUS
10
0.5657463779527558
20
1.2675768503937008
11
0.5657466141732284
21
1.2675772834645669
0
LINE
8
BLACK
6
CONTINUOUS
10
0.5657466141732284
20
1.2675772834645669
11
0.5694161811023621
21
1.2764364173228346
0
LINE
8
BLACK
6
CONTINUOUS
10
0.5694161811023621
20
1.2764364173228346
11
0.571898031496063
21
1.2856988582677165
0
LINE
8
BLACK
6
CONTINUOUS
10
0.571898031496063
20
1.2856988582677165
11
0.5731495669291339
21
1.2952054330708662
0
LINE
8
BLACK
6
CONTINUOUS
10
0.5731495669291339
20
1.2952054330708662
11
0.5731496062992126
21
1.2952057874015748
0
LINE
8
BLACK
6
CONTINUOUS
10
0.5731496062992126
20
1.2952057874015748
11
0.5731496062992126
21
1.3047942125984251
0
LINE
8
BLACK
6
CONTINUOUS
10
0.5731496062992126
20
1.3047942125984251
11
0.5731495669291339
21
1.3047946062992126
0
LINE
8
BLACK
6
CONTINUOUS
10
0.5731495669291339
20
1.3047946062992126
11
0.571898031496063
21
1.3143011811023622
0
LINE
8
BLACK
6
CONTINUOUS
10
0.571898031496063
20
1.3143011811023622
11
0.5694161811023621
21
1.323563622047244
0
LINE
8
BLACK
6
CONTINUOUS
10
0.5694161811023621
20
1.323563622047244
11
0.5657466141732284
21
1.3324227559055117
0
LINE
8
BLACK
6
CONTINUOUS
10
0.5657466141732284
20
1.3324227559055117
11
0.5657463779527558
21
1.332423188976378
0
LINE
8
BLACK
6
CONTINUOUS
10
0.5657463779527558
20
1.332423188976378
11
0.5609522834645669
21
1.3407268503937007
0
LINE
8
BLACK
6
CONTINUOUS
10
0.5609522834645669
20
1.3407268503937007
11
0.5609520866141732
21
1.3407271259842519
0
LINE
8
BLACK
6
CONTINUOUS
10
0.5609520866141732
20
1.3407271259842519
11
0.5583110236220472
21
1.3441689763779527
0
LINE
8
BLACK
6
CONTINUOUS
10
0.5583110236220472
20
1.3441689763779527
11
0.54388468503937
21
1.3297426771653542
0
LINE
8
BLACK
6
CONTINUOUS
10
0.2856988188976378
20
1.3718980708661417
11
0.2764363779527559
21
1.3694162204724409
0
LINE
8
BLACK
6
CONTINUOUS
10
0.2764363779527559
20
1.3694162204724409
11
0.2675772440944882
21
1.3657466535433072
0
LINE
8
BLACK
6
CONTINUOUS
10
0.2675772440944882
20
1.3657466535433072
11
0.267576811023622
21
1.3657464173228346
0
LINE
8
BLACK
6
CONTINUOUS
10
0.267576811023622
20
1.3657464173228346
11
0.2592731496062992
21
1.3609523228346456
0
LINE
8
BLACK
6
CONTINUOUS
10
0.2592731496062992
20
1.3609523228346456
11
0.2558310236220472
21
1.3583111023622048
0
LINE
8
BLACK
6
CONTINUOUS
10
0.2558310236220472
20
1.3583111023622048
11
0.2702573622047244
21
1.3438847637795275
0
LINE
8
BLACK
6
CONTINUOUS
10
0.2702573622047244
20
1.3438847637795275
11
0.2722294094488189
21
1.3453174803149606
0
LINE
8
BLACK
6
CONTINUOUS
10
0.2722294094488189
20
1.3453174803149606
11
0.2796605118110236
21
1.3491038188976379
0
LINE
8
BLACK
6
CONTINUOUS
10
0.2796605118110236
20
1.3491038188976379
11
0.2875924803149606
21
1.3516810629921259
0
LINE
8
BLACK
6
CONTINUOUS
10
0.2875924803149606
20
1.3516810629921259
11
0.2958299212598425
21
1.352985748031496
0
LINE
8
BLACK
6
CONTINUOUS
10
0.2958299212598425
20
1.352985748031496
11
0.3041700787401574
21
1.352985748031496
0
LINE
8
BLACK
6
CONTINUOUS
10
0.3041700787401574
20
1.352985748031496
11
0.3124075196850394
21
1.3516810629921259
0
LINE
8
BLACK
6
CONTINUOUS
10
0.3124075196850394
20
1.3516810629921259
11
0.3203394881889764
21
1.3491038188976379
0
LINE
8
BLACK
6
CONTINUOUS
10
0.3203394881889764
20
1.3491038188976379
11
0.3277705905511811
21
1.3453174803149606
0
LINE
8
BLACK
6
CONTINUOUS
10
0.3277705905511811
20
1.3453174803149606
11
0.3297425590551181
21
1.3438847637795275
0
LINE
8
BLACK
6
CONTINUOUS
10
0.3297425590551181
20
1.3438847637795275
11
0.3441688976377953
21
1.358311062992126
0
LINE
8
BLACK
6
CONTINUOUS
10
0.3441688976377953
20
1.358311062992126
11
0.3441688582677165
21
1.3583111417322835
0
LINE
8
BLACK
6
CONTINUOUS
10
0.3441688582677165
20
1.3583111417322835
11
0.3407270472440945
21
1.3609521653543306
0
LINE
8
BLACK
6
CONTINUOUS
10
0.3407270472440945
20
1.3609521653543306
11
0.3407268110236221
21
1.3609523228346456
0
LINE
8
BLACK
6
CONTINUOUS
10
0.3407268110236221
20
1.3609523228346456
11
0.3324231496062992
21
1.3657464173228346
0
LINE
8
BLACK
6
CONTINUOUS
10
0.3324231496062992
20
1.3657464173228346
11
0.332422716535433
21
1.3657466535433072
0
LINE
8
BLACK
6
CONTINUOUS
10
0.332422716535433
20
1.3657466535433072
11
0.3235635826771653
21
1.3694162204724409
0
LINE
8
BLACK
6
CONTINUOUS
10
0.3235635826771653
20
1.3694162204724409
11
0.3143011417322835
21
1.3718980708661417
0
LINE
8
BLACK
6
CONTINUOUS
10
0.3143011417322835
20
1.3718980708661417
11
0.3047945669291339
21
1.3731496062992126
0
LINE
8
BLACK
6
CONTINUOUS
10
0.3047945669291339
20
1.3731496062992126
11
0.2952053937007874
21
1.3731496062992126
0
LINE
8
BLACK
6
CONTINUOUS
10
0.2952053937007874
20
1.3731496062992126
11
0.2856988188976378
21
1.3718980708661417
0
LINE
8
BLACK
6
CONTINUOUS
10
0.4856988188976378
20
1.3718980708661417
11
0.4764363779527559
21
1.3694162204724409
0
LINE
8
BLACK
6
CONTINUOUS
10
0.4764363779527559
20
1.3694162204724409
11
0.4675772440944882
21
1.3657466535433072
0
LINE
8
BLACK
6
CONTINUOUS
10
0.4675772440944882
20
1.3657466535433072
11
0.467576811023622
21
1.3657464173228346
0
LINE
8
BLACK
6
CONTINUOUS
10
0.467576811023622
20
1.3657464173228346
11
0.4592731496062992
21
1.3609523228346456
0
LINE
8
BLACK
6
CONTINUOUS
10
0.4592731496062992
20
1.3609523228346456
11
0.4558310236220472
21
1.3583111023622048
0
LINE
8
BLACK
6
CONTINUOUS
10
0.4558310236220472
20
1.3583111023622048
11
0.4702573622047244
21
1.3438847637795275
0
LINE
8
BLACK
6
CONTINUOUS
10
0.4702573622047244
20
1.3438847637795275
11
0.4722294094488189
21
1.3453174803149606
0
LINE
8
BLACK
6
CONTINUOUS
10
0.4722294094488189
20
1.3453174803149606
11
0.4796605118110236
21
1.3491038188976379
0
LINE
8
BLACK
6
CONTINUOUS
10
0.4796605118110236
20
1.3491038188976379
11
0.4875924803149606
21
1.3516810629921259
0
LINE
8
BLACK
6
CONTINUOUS
10
0.4875924803149606
20
1.3516810629921259
11
0.4958299212598425
21
1.352985748031496
0
LINE
8
BLACK
6
CONTINUOUS
10
0.4958299212598425
20
1.352985748031496
11
0.5041700787401575
21
1.352985748031496
0
LINE
8
BLACK
6
CONTINUOUS
10
0.5041700787401575
20
1.352985748031496
11
0.5124075196850394
21
1.3516810629921259
0
LINE
8
BLACK
6
CONTINUOUS
10
0.5124075196850394
20
1.3516810629921259
11
0.5203394881889764
21
1.3491038188976379
0
LINE
8
BLACK
6
CONTINUOUS
10
0.5203394881889764
20
1.3491038188976379
11
0.5277705905511811
21
1.3453174803149606
0
LINE
8
BLACK
6
CONTINUOUS
10
0.5277705905511811
20
1.3453174803149606
11
0.5297425590551181
21
1.3438847637795275
0
LINE
8
BLACK
6
CONTINUOUS
10
0.5297425590551181
20
1.3438847637795275
11
0.5441688976377953
21
1.358311062992126
0
LINE
8
BLACK
6
CONTINUOUS
10
0.5441688976377953
20
1.358311062992126
11
0.5441688582677165
21
1.3583111417322835
0
LINE
8
BLACK
6
CONTINUOUS
10
0.5441688582677165
20
1.3583111417322835
11
0.5407270472440945
21
1.3609521653543306
0
LINE
8
BLACK
6
CONTINUOUS
10
0.5407270472440945
20
1.3609521653543306
11
0.5407268110236221
21
1.3609523228346456
0
LINE
8
BLACK
6
CONTINUOUS
10
0.5407268110236221
20
1.3609523228346456
11
0.5324231496062992
21
1.3657464173228346
0
LINE
8
BLACK
6
CONTINUOUS
10
0.5324231496062992
20
1.3657464173228346
11
0.532422716535433
21
1.3657466535433072
0
LINE
8
BLACK
6
CONTINUOUS
10
0.532422716535433
20
1.3657466535433072
11
0.5235635826771653
21
1.3694162204724409
0
LINE
8
BLACK
6
CONTINUOUS
10
0.5235635826771653
20
1.3694162204724409
11
0.5143011417322835
21
1.3718980708661417
0
LINE
8
BLACK
6
CONTINUOUS
10
0.5143011417322835
20
1.3718980708661417
11
0.5047945669291338
21
1.3731496062992126
0
LINE
8
BLACK
6
CONTINUOUS
10
0.5047945669291338
20
1.3731496062992126
11
0.4952053937007874
21
1.3731496062992126
0
LINE
8
BLACK
6
CONTINUOUS
10
0.4952053937007874
20
1.3731496062992126
11
0.4856988188976378
21
1.3718980708661417
0
LINE
8
BLACK
6
CONTINUOUS
10
-0.1731496062992126
20
0.4952054330708661
11
-0.1718980708661417
21
0.4856988582677165
0
LINE
8
BLACK
6
CONTINUOUS
10
-0.1718980708661417
20
0.4856988582677165
11
-0.169416220472441
21
0.4764364173228346
0
LINE
8
BLACK
6
CONTINUOUS
10
-0.169416220472441
20
0.4764364173228346
11
-0.1657466535433071
21
0.4675772834645669
0
LINE
8
BLACK
6
CONTINUOUS
10
-0.1657466535433071
20
0.4675772834645669
11
-0.1657464173228347
21
0.4675768503937008
0
LINE
8
BLACK
6
CONTINUOUS
10
-0.1657464173228347
20
0.4675768503937008
11
-0.1609523228346457
21
0.4592731889763779
0
LINE
8
BLACK
6
CONTINUOUS
10
-0.1609523228346457
20
0.4592731889763779
11
-0.1609521653543307
21
0.4592729527559055
0
LINE
8
BLACK
6
CONTINUOUS
10
-0.1609521653543307
20
0.4592729527559055
11
-0.1583111417322835
21
0.4558311417322835
0
LINE
8
BLACK
6
CONTINUOUS
10
-0.1583111417322835
20
0.4558311417322835
11
-0.158311062992126
21
0.4558311023622047
0
LINE
8
BLACK
6
CONTINUOUS
10
-0.158311062992126
20
0.4558311023622047
11
-0.1438847637795276
21
0.4702574409448819
0
LINE
8
BLACK
6
CONTINUOUS
10
-0.1438847637795276
20
0.4702574409448819
11
-0.1453174803149606
21
0.4722294094488189
0
LINE
8
BLACK
6
CONTINUOUS
10
-0.1453174803149606
20
0.4722294094488189
11
-0.1491038188976378
21
0.4796605118110236
0
LINE
8
BLACK
6
CONTINUOUS
10
-0.1491038188976378
20
0.4796605118110236
11
-0.151681062992126
21
0.4875924803149606
0
LINE
8
BLACK
6
CONTINUOUS
10
-0.151681062992126
20
0.4875924803149606
11
-0.1529857480314961
21
0.4958299212598425
0
LINE
8
BLACK
6
CONTINUOUS
10
-0.1529857480314961
20
0.4958299212598425
11
-0.1529857480314961
21
0.5041700787401575
0
LINE
8
BLACK
6
CONTINUOUS
10
-0.1529857480314961
20
0.5041700787401575
11
-0.151681062992126
21
0.5124075196850394
0
LINE
8
BLACK
6
CONTINUOUS
10
-0.151681062992126
20
0.5124075196850394
11
-0.1491038188976378
21
0.5203394881889764
0
LINE
8
BLACK
6
CONTINUOUS
10
-0.1491038188976378
20
0.5203394881889764
11
-0.1453174803149606
21
0.5277705905511811
0
LINE
8
BLACK
6
CONTINUOUS
10
-0.1453174803149606
20
0.5277705905511811
11
-0.1438847637795276
21
0.5297426377952755
0
LINE
8
BLACK
6
CONTINUOUS
10
-0.1438847637795276
20
0.5297426377952755
11
-0.1583111023622047
21
0.5441689763779527
0
LINE
8
BLACK
6
CONTINUOUS
10
-0.1583111023622047
20
0.5441689763779527
11
-0.1609523228346457
21
0.5407268503937007
0
LINE
8
BLACK
6
CONTINUOUS
10
-0.1609523228346457
20
0.5407268503937007
11
-0.1657464173228347
21
0.532423188976378
0
LINE
8
BLACK
6
CONTINUOUS
10
-0.1657464173228347
20
0.532423188976378
11
-0.1657466535433071
21
0.5324227559055118
0
LINE
8
BLACK
6
CONTINUOUS
10
-0.1657466535433071
20
0.5324227559055118
11
-0.169416220472441
21
0.523563622047244
0
LINE
8
BLACK
6
CONTINUOUS
10
-0.169416220472441
20
0.523563622047244
11
-0.1718980708661417
21
0.5143011811023622
0
LINE
8
BLACK
6
CONTINUOUS
10
-0.1718980708661417
20
0.5143011811023622
11
-0.1731496062992126
21
0.5047946062992126
0
LINE
8
BLACK
6
CONTINUOUS
10
-0.1731496062992126
20
0.5047946062992126
11
-0.1731496062992126
21
0.4952054330708661
0
LINE
8
BLACK
6
CONTINUOUS
10
-0.1731496062992126
20
0.8952054330708661
11
-0.1718980708661417
21
0.8856988582677165
0
LINE
8
BLACK
6
CONTINUOUS
10
-0.1718980708661417
20
0.8856988582677165
11
-0.169416220472441
21
0.8764364173228346
0
LINE
8
BLACK
6
CONTINUOUS
10
-0.169416220472441
20
0.8764364173228346
11
-0.1657466535433071
21
0.8675772834645669
0
LINE
8
BLACK
6
CONTINUOUS
10
-0.1657466535433071
20
0.8675772834645669
11
-0.1657464173228347
21
0.8675768503937008
0
LINE
8
BLACK
6
CONTINUOUS
10
-0.1657464173228347
20
0.8675768503937008
11
-0.1609523228346457
21
0.8592731889763779
0
LINE
8
BLACK
6
CONTINUOUS
10
-0.1609523228346457
20
0.8592731889763779
11
-0.1609521653543307
21
0.8592729527559055
0
LINE
8
BLACK
6
CONTINUOUS
10
-0.1609521653543307
20
0.8592729527559055
11
-0.1583111417322835
21
0.8558311417322835
0
LINE
8
BLACK
6
CONTINUOUS
10
-0.1583111417322835
20
0.8558311417322835
11
-0.158311062992126
21
0.8558311023622047
0
LINE
8
BLACK
6
CONTINUOUS
10
-0.158311062992126
20
0.8558311023622047
11
-0.1438847637795276
21
0.8702574409448819
0
LINE
8
BLACK
6
CONTINUOUS
10
-0.1438847637795276
20
0.8702574409448819
11
-0.1453174803149606
21
0.8722294094488189
0
LINE
8
BLACK
6
CONTINUOUS
10
-0.1453174803149606
20
0.8722294094488189
11
-0.1491038188976378
21
0.8796605118110236
0
LINE
8
BLACK
6
CONTINUOUS
10
-0.1491038188976378
20
0.8796605118110236
11
-0.151681062992126
21
0.8875924803149606
0
LINE
8
BLACK
6
CONTINUOUS
10
-0.151681062992126
20
0.8875924803149606
11
-0.1529857480314961
21
0.8958299212598425
0
LINE
8
BLACK
6
CONTINUOUS
10
-0.1529857480314961
20
0.8958299212598425
11
-0.1529857480314961
21
0.9041700787401574
0
LINE
8
BLACK
6
CONTINUOUS
10
-0.1529857480314961
20
0.9041700787401574
11
-0.151681062992126
21
0.9124075196850393
0
LINE
8
BLACK
6
CONTINUOUS
10
-0.151681062992126
20
0.9124075196850393
11
-0.1491038188976378
21
0.9203394881889764
0
LINE
8
BLACK
6
CONTINUOUS
10
-0.1491038188976378
20
0.9203394881889764
11
-0.1453174803149606
21
0.9277705905511811
0
LINE
8
BLACK
6
CONTINUOUS
10
-0.1453174803149606
20
0.9277705905511811
11
-0.1438847637795276
21
0.9297426377952756
0
LINE
8
BLACK
6
CONTINUOUS
10
-0.1438847637795276
20
0.9297426377952756
11
-0.1583111023622047
21
0.9441689763779527
0
LINE
8
BLACK
6
CONTINUOUS
10
-0.1583111023622047
20
0.9441689763779527
11
-0.1609523228346457
21
0.9407268503937007
0
LINE
8
BLACK
6
CONTINUOUS
10
-0.1609523228346457
20
0.9407268503937007
11
-0.1657464173228347
21
0.9324231889763779
0
LINE
8
BLACK
6
CONTINUOUS
10
-0.1657464173228347
20
0.9324231889763779
11
-0.1657466535433071
21
0.9324227559055118
0
LINE
8
BLACK
6
CONTINUOUS
10
-0.1657466535433071
20
0.9324227559055118
11
-0.169416220472441
21
0.9235636220472441
0
LINE
8
BLACK
6
CONTINUOUS
10
-0.169416220472441
20
0.9235636220472441
11
-0.1718980708661417
21
0.9143011811023621
0
LINE
8
BLACK
6
CONTINUOUS
10
-0.1718980708661417
20
0.9143011811023621
11
-0.1731496062992126
21
0.9047946062992126
0
LINE
8
BLACK
6
CONTINUOUS
10
-0.1731496062992126
20
0.9047946062992126
11
-0.1731496062992126
21
0.8952054330708661
0
CIRCLE
8
BLACK
10
0.85
20
0.25
40
0.0068897637795276
0
CIRCLE
8
BLACK
10
0.75
20
0.25
40
0.0068897637795276
0
CIRCLE
8
BLACK
10
0.85
20
0.35
40
0.0068897637795276
0
CIRCLE
8
BLACK
10
0.75
20
0.35
40
0.0068897637795276
0
CIRCLE
8
BLACK
10
0.85
20
0.45
40
0.0068897637795276
0
CIRCLE
8
BLACK
10
0.75
20
0.45
40
0.0068897637795276
0
CIRCLE
8
BLACK
10
0.85
20
0.5499999999999999
40
0.0068897637795276
0
CIRCLE
8
BLACK
10
0.75
20
0.5499999999999999
40
0.0068897637795276
0
CIRCLE
8
BLACK
10
0.
20
1.2
40
0.0068897637795276
0
CIRCLE
8
BLACK
10
0.7999999999999999
20
0.
40
0.0068897637795276
0
CIRCLE
8
BLACK
10
0.85
20
0.65
40
0.0068897637795276
0
CIRCLE
8
BLACK
10
0.75
20
0.65
40
0.0068897637795276
0
CIRCLE
8
BLACK
10
0.85
20
0.75
40
0.0068897637795276
0
CIRCLE
8
BLACK
10
0.75
20
0.75
40
0.0068897637795276
0
CIRCLE
8
BLACK
10
0.85
20
0.85
40
0.0068897637795276
0
CIRCLE
8
BLACK
10
0.75
20
0.85
40
0.0068897637795276
0
CIRCLE
8
BLACK
10
0.85
20
0.95
40
0.0068897637795276
0
CIRCLE
8
BLACK
10
0.75
20
0.95
40
0.0068897637795276
0
CIRCLE
8
BLACK
10
0.4
20
0.
40
0.0068897637795276
0
CIRCLE
8
BLACK
10
0.3
20
0.1
40
0.0068897637795276
0
CIRCLE
8
BLACK
10
0.3
20
-0.1
40
0.0068897637795276
0
CIRCLE
8
BLACK
10
0.5
20
0.1
40
0.0068897637795276
0
CIRCLE
8
BLACK
10
0.5
20
-0.1
40
0.0068897637795276
0
CIRCLE
8
BLACK
10
0.4
20
0.7
40
0.0068897637795276
0
CIRCLE
8
BLACK
10
0.5
20
0.7
40
0.0068897637795276
0
CIRCLE
8
BLACK
10
0.4
20
0.6
40
0.0068897637795276
0
CIRCLE
8
BLACK
10
0.5
20
0.6
40
0.0068897637795276
0
CIRCLE
8
BLACK
10
0.4
20
0.5
40
0.0068897637795276
0
CIRCLE
8
BLACK
10
0.5
20
0.5
40
0.0068897637795276
0
CIRCLE
8
BLACK
10
0.
20
0.7999999999999999
40
0.0068897637795276
0
CIRCLE
8
BLACK
10
-0.1
20
0.9
40
0.0068897637795276
0
CIRCLE
8
BLACK
10
-0.1
20
0.7
40
0.0068897637795276
0
CIRCLE
8
BLACK
10
0.1
20
0.9
40
0.0068897637795276
0
CIRCLE
8
BLACK
10
0.1
20
0.7
40
0.0068897637795276
0
CIRCLE
8
BLACK
10
0.
20
0.
40
0.0068897637795276
0
CIRCLE
8
BLACK
10
0.7999999999999999
20
1.2
40
0.0068897637795276
0
CIRCLE
8
BLACK
10
0.4
20
1.2
40
0.0068897637795276
0
CIRCLE
8
BLACK
10
0.3
20
1.3
40
0.0068897637795276
0
CIRCLE
8
BLACK
10
0.3
20
1.0999999999999999
40
0.0068897637795276
0
CIRCLE
8
BLACK
10
0.5
20
1.3
40
0.0068897637795276
0
CIRCLE
8
BLACK
10
0.5
20
1.0999999999999999
40
0.0068897637795276
0
CIRCLE
8
BLACK
10
0.
20
0.4
40
0.0068897637795276
0
CIRCLE
8
BLACK
10
-0.1
20
0.5
40
0.0068897637795276
0
CIRCLE
8
BLACK
10
-0.1
20
0.3
40
0.0068897637795276
0
CIRCLE
8
BLACK
10
0.1
20
0.5
40
0.0068897637795276
0
CIRCLE
8
BLACK
10
0.1
20
0.3
40
0.0068897637795276
0
CIRCLE
8
BLACK
10
0.369
20
0.9399999999999999
40
0.0078740157480315
0
CIRCLE
8
BLACK
10
0.21
20
0.82
40
0.0078740157480315
0
CIRCLE
8
BLACK
10
0.305
20
0.9399999999999999
40
0.0078740157480315
0
CIRCLE
8
BLACK
10
0.461
20
0.336
40
0.0078740157480315
0
CIRCLE
8
BLACK
10
0.49
20
0.38
40
0.0078740157480315
0
CIRCLE
8
BLACK
10
0.391
20
0.18
40
0.0078740157480315
0
CIRCLE
8
BLACK
10
0.21
20
0.78
40
0.0078740157480315
0
CIRCLE
8
BLACK
10
0.29
20
0.43
40
0.0078740157480315
0
CIRCLE
8
BLACK
10
0.262
20
0.274
40
0.0078740157480315
0
CIRCLE
8
BLACK
10
0.43
20
0.88
40
0.0078740157480315
0
CIRCLE
8
BLACK
10
0.25
20
0.43
40
0.0078740157480315
0
CIRCLE
8
BLACK
10
0.5499999999999999
20
0.7999999999999999
40
0.0078740157480315
0
CIRCLE
8
BLACK
10
0.36
20
0.195
40
0.0078740157480315
0
CIRCLE
8
BLACK
10
0.59
20
0.47
40
0.0078740157480315
0
CIRCLE
8
BLACK
10
0.609
20
0.205
40
0.0078740157480315
0
CIRCLE
8
BLACK
10
0.49
20
0.42
40
0.0078740157480315
0
CIRCLE
8
BLACK
10
0.47
20
0.88
40
0.0078740157480315
0
CIRCLE
8
BLACK
10
0.21
20
0.43
40
0.0078740157480315
0
CIRCLE
8
WHITE
10
0.369
20
0.9399999999999999
40
0.0068897637795276
0
CIRCLE
8
WHITE
10
0.21
20
0.82
40
0.0068897637795276
0
CIRCLE
8
WHITE
10
0.305
20
0.9399999999999999
40
0.0068897637795276
0
CIRCLE
8
WHITE
10
0.461
20
0.336
40
0.0068897637795276
0
CIRCLE
8
WHITE
10
0.49
20
0.38
40
0.0068897637795276
0
CIRCLE
8
WHITE
10
0.391
20
0.18
40
0.0068897637795276
0
CIRCLE
8
WHITE
10
0.21
20
0.78
40
0.0068897637795276
0
CIRCLE
8
WHITE
10
0.29
20
0.43
40
0.0068897637795276
0
CIRCLE
8
WHITE
10
0.262
20
0.274
40
0.0068897637795276
0
CIRCLE
8
WHITE
10
0.43
20
0.88
40
0.0068897637795276
0
CIRCLE
8
WHITE
10
0.25
20
0.43
40
0.0068897637795276
0
CIRCLE
8
WHITE
10
0.5499999999999999
20
0.7999999999999999
40
0.0068897637795276
0
CIRCLE
8
WHITE
10
0.36
20
0.195
40
0.0068897637795276
0
CIRCLE
8
WHITE
10
0.59
20
0.47
40
0.0068897637795276
0
CIRCLE
8
WHITE
10
0.609
20
0.205
40
0.0068897637795276
0
CIRCLE
8
WHITE
10
0.49
20
0.42
40
0.0068897637795276
0
CIRCLE
8
WHITE
10
0.47
20
0.88
40
0.0068897637795276
0
CIRCLE
8
WHITE
10
0.21
20
0.43
40
0.0068897637795276
0
CIRCLE
8
WHITE
10
0.85
20
0.25
40
0.0068897637795276
0
CIRCLE
8
WHITE
10
0.75
20
0.25
40
0.0068897637795276
0
CIRCLE
8
WHITE
10
0.85
20
0.35
40
0.0068897637795276
0
CIRCLE
8
WHITE
10
0.75
20
0.35
40
0.0068897637795276
0
CIRCLE
8
WHITE
10
0.85
20
0.45
40
0.0068897637795276
0
CIRCLE
8
WHITE
10
0.75
20
0.45
40
0.0068897637795276
0
CIRCLE
8
WHITE
10
0.85
20
0.5499999999999999
40
0.0068897637795276
0
CIRCLE
8
WHITE
10
0.75
20
0.5499999999999999
40
0.0068897637795276
0
CIRCLE
8
WHITE
10
0.
20
1.2
40
0.0068897637795276
0
CIRCLE
8
WHITE
10
0.7999999999999999
20
0.
40
0.0068897637795276
0
CIRCLE
8
WHITE
10
0.85
20
0.65
40
0.0068897637795276
0
CIRCLE
8
WHITE
10
0.75
20
0.65
40
0.0068897637795276
0
CIRCLE
8
WHITE
10
0.85
20
0.75
40
0.0068897637795276
0
CIRCLE
8
WHITE
10
0.75
20
0.75
40
0.0068897637795276
0
CIRCLE
8
WHITE
10
0.85
20
0.85
40
0.0068897637795276
0
CIRCLE
8
WHITE
10
0.75
20
0.85
40
0.0068897637795276
0
CIRCLE
8
WHITE
10
0.85
20
0.95
40
0.0068897637795276
0
CIRCLE
8
WHITE
10
0.75
20
0.95
40
0.0068897637795276
0
CIRCLE
8
WHITE
10
0.4
20
0.
40
0.0068897637795276
0
CIRCLE
8
WHITE
10
0.3
20
0.1
40
0.0068897637795276
0
CIRCLE
8
WHITE
10
0.3
20
-0.1
40
0.0068897637795276
0
CIRCLE
8
WHITE
10
0.5
20
0.1
40
0.0068897637795276
0
CIRCLE
8
WHITE
10
0.5
20
-0.1
40
0.0068897637795276
0
CIRCLE
8
WHITE
10
0.4
20
0.7
40
0.0068897637795276
0
CIRCLE
8
WHITE
10
0.5
20
0.7
40
0.0068897637795276
0
CIRCLE
8
WHITE
10
0.4
20
0.6
40
0.0068897637795276
0
CIRCLE
8
WHITE
10
0.5
20
0.6
40
0.0068897637795276
0
CIRCLE
8
WHITE
10
0.4
20
0.5
40
0.0068897637795276
0
CIRCLE
8
WHITE
10
0.5
20
0.5
40
0.0068897637795276
0
CIRCLE
8
WHITE
10
0.
20
0.7999999999999999
40
0.0068897637795276
0
CIRCLE
8
WHITE
10
-0.1
20
0.9
40
0.0068897637795276
0
CIRCLE
8
WHITE
10
-0.1
20
0.7
40
0.0068897637795276
0
CIRCLE
8
WHITE
10
0.1
20
0.9
40
0.0068897637795276
0
CIRCLE
8
WHITE
10
0.1
20
0.7
40
0.0068897637795276
0
CIRCLE
8
WHITE
10
0.
20
0.
40
0.0068897637795276
0
CIRCLE
8
WHITE
10
0.7999999999999999
20
1.2
40
0.0068897637795276
0
CIRCLE
8
WHITE
10
0.4
20
1.2
40
0.0068897637795276
0
CIRCLE
8
WHITE
10
0.3
20
1.3
40
0.0068897637795276
0
CIRCLE
8
WHITE
10
0.3
20
1.0999999999999999
40
0.0068897637795276
0
CIRCLE
8
WHITE
10
0.5
20
1.3
40
0.0068897637795276
0
CIRCLE
8
WHITE
10
0.5
20
1.0999999999999999
40
0.0068897637795276
0
CIRCLE
8
WHITE
10
0.
20
0.4
40
0.0068897637795276
0
CIRCLE
8
WHITE
10
-0.1
20
0.5
40
0.0068897637795276
0
CIRCLE
8
WHITE
10
-0.1
20
0.3
40
0.0068897637795276
0
CIRCLE
8
WHITE
10
0.1
20
0.5
40
0.0068897637795276
0
CIRCLE
8
WHITE
10
0.1
20
0.3
40
0.0068897637795276
  0
ENDSEC
  0
EOF
